requested_origin,forecast_origin_date,forecast_origin_value,forecast_step,target_date,actual_value,chronos_q0.1_lower,chronos_q0.5_median,chronos_q0.9_upper,random_walk_forecast,history_rows,context_length,mase_scale_training_only,model_id
1997-01-02,1996-12-31,844.2,1,1997-01-03,844.6,835.571533203125,841.9315185546875,847.25830078125,844.2,8081,8081,0.3551076732673267,amazon/chronos-2
1997-01-02,1996-12-31,844.2,2,1997-01-06,842.7,835.2304077148438,842.0245971679688,847.516845703125,844.2,8081,8081,0.3551076732673267,amazon/chronos-2
1997-01-02,1996-12-31,844.2,3,1997-01-07,844.7,835.922607421875,842.54833984375,847.6378784179688,844.2,8081,8081,0.3551076732673267,amazon/chronos-2
1997-01-02,1996-12-31,844.2,4,1997-01-08,844.6,836.974609375,841.388671875,847.8829345703125,844.2,8081,8081,0.3551076732673267,amazon/chronos-2
1997-01-02,1996-12-31,844.2,5,1997-01-09,844.8,835.6490478515625,841.295654296875,847.678466796875,844.2,8081,8081,0.3551076732673267,amazon/chronos-2
1997-01-02,1996-12-31,844.2,6,1997-01-10,846.7,836.2274169921875,841.7625732421875,848.6045532226562,844.2,8081,8081,0.3551076732673267,amazon/chronos-2
1997-01-02,1996-12-31,844.2,7,1997-01-13,846.8,836.5872192382812,842.1052856445312,848.1954956054688,844.2,8081,8081,0.3551076732673267,amazon/chronos-2
1997-01-02,1996-12-31,844.2,8,1997-01-14,847.5,835.93896484375,842.8375244140625,849.02001953125,844.2,8081,8081,0.3551076732673267,amazon/chronos-2
1997-01-02,1996-12-31,844.2,9,1997-01-15,848.3,836.319091796875,843.4758911132812,848.955078125,844.2,8081,8081,0.3551076732673267,amazon/chronos-2
1997-01-02,1996-12-31,844.2,10,1997-01-16,849.1,836.675537109375,843.5641479492188,849.7022705078125,844.2,8081,8081,0.3551076732673267,amazon/chronos-2
1997-01-02,1996-12-31,844.2,11,1997-01-17,849.0,836.3263549804688,843.6015014648438,851.47607421875,844.2,8081,8081,0.3551076732673267,amazon/chronos-2
1997-01-02,1996-12-31,844.2,12,1997-01-20,848.8,836.1502075195312,843.6904907226562,849.7813720703125,844.2,8081,8081,0.3551076732673267,amazon/chronos-2
1997-01-02,1996-12-31,844.2,13,1997-01-21,849.6,835.530029296875,842.3236694335938,849.7432861328125,844.2,8081,8081,0.3551076732673267,amazon/chronos-2
1997-01-02,1996-12-31,844.2,14,1997-01-22,852.1,835.7564697265625,843.3897705078125,849.33837890625,844.2,8081,8081,0.3551076732673267,amazon/chronos-2
1997-01-02,1996-12-31,844.2,15,1997-01-23,853.6,836.5526123046875,844.4996337890625,850.9677734375,844.2,8081,8081,0.3551076732673267,amazon/chronos-2
1997-01-02,1996-12-31,844.2,16,1997-01-24,854.1,835.9735717773438,843.56787109375,851.197265625,844.2,8081,8081,0.3551076732673267,amazon/chronos-2
1997-01-02,1996-12-31,844.2,17,1997-01-27,854.1,837.2424926757812,846.4334106445312,854.6832275390625,844.2,8081,8081,0.3551076732673267,amazon/chronos-2
1997-01-02,1996-12-31,844.2,18,1997-01-28,855.0,837.0693359375,846.4234619140625,854.70556640625,844.2,8081,8081,0.3551076732673267,amazon/chronos-2
1997-01-02,1996-12-31,844.2,19,1997-01-29,857.5,837.217529296875,846.8948974609375,854.6349487304688,844.2,8081,8081,0.3551076732673267,amazon/chronos-2
1997-01-02,1996-12-31,844.2,20,1997-01-30,859.6,838.3892211914062,845.6085205078125,854.981689453125,844.2,8081,8081,0.3551076732673267,amazon/chronos-2
1997-01-02,1996-12-31,844.2,21,1997-01-31,861.3,836.8724365234375,845.5126953125,854.9019775390625,844.2,8081,8081,0.3551076732673267,amazon/chronos-2
1997-01-02,1996-12-31,844.2,22,1997-02-03,864.5,837.1060180664062,845.7139892578125,855.3661499023438,844.2,8081,8081,0.3551076732673267,amazon/chronos-2
1997-01-02,1996-12-31,844.2,23,1997-02-04,866.8,837.9422607421875,846.2449951171875,855.1690063476562,844.2,8081,8081,0.3551076732673267,amazon/chronos-2
1997-01-02,1996-12-31,844.2,24,1997-02-05,868.6,836.949951171875,846.75341796875,855.73486328125,844.2,8081,8081,0.3551076732673267,amazon/chronos-2
1997-01-02,1996-12-31,844.2,25,1997-02-06,869.9,837.748779296875,847.5572509765625,855.650634765625,844.2,8081,8081,0.3551076732673267,amazon/chronos-2
1997-01-02,1996-12-31,844.2,26,1997-02-10,867.8,837.99072265625,847.53515625,856.4381103515625,844.2,8081,8081,0.3551076732673267,amazon/chronos-2
1997-01-02,1996-12-31,844.2,27,1997-02-11,867.8,837.7362670898438,847.5167846679688,858.3421020507812,844.2,8081,8081,0.3551076732673267,amazon/chronos-2
1997-01-02,1996-12-31,844.2,28,1997-02-12,869.3,837.2987060546875,847.533447265625,856.1488037109375,844.2,8081,8081,0.3551076732673267,amazon/chronos-2
1997-01-02,1996-12-31,844.2,29,1997-02-13,868.7,836.4705810546875,845.9996337890625,856.0093383789062,844.2,8081,8081,0.3551076732673267,amazon/chronos-2
1997-01-02,1996-12-31,844.2,30,1997-02-14,874.0,837.08984375,847.0050048828125,855.5540771484375,844.2,8081,8081,0.3551076732673267,amazon/chronos-2
1997-01-02,1996-12-31,844.2,31,1997-02-17,875.0,837.8968505859375,848.1759033203125,857.3257446289062,844.2,8081,8081,0.3551076732673267,amazon/chronos-2
1997-01-02,1996-12-31,844.2,32,1997-02-18,878.8,837.350341796875,847.241943359375,857.3402099609375,844.2,8081,8081,0.3551076732673267,amazon/chronos-2
1997-01-02,1996-12-31,844.2,33,1997-02-19,878.7,838.15234375,849.928466796875,860.7535400390625,844.2,8081,8081,0.3551076732673267,amazon/chronos-2
1997-01-02,1996-12-31,844.2,34,1997-02-20,859.3,838.4252319335938,850.0552978515625,860.944091796875,844.2,8081,8081,0.3551076732673267,amazon/chronos-2
1997-01-02,1996-12-31,844.2,35,1997-02-21,855.5,838.1856689453125,850.5146484375,860.8405151367188,844.2,8081,8081,0.3551076732673267,amazon/chronos-2
1997-01-02,1996-12-31,844.2,36,1997-02-24,856.7,839.4019775390625,849.2705078125,861.3532104492188,844.2,8081,8081,0.3551076732673267,amazon/chronos-2
1997-01-02,1996-12-31,844.2,37,1997-02-25,864.4,838.00341796875,849.2723999023438,861.5579223632812,844.2,8081,8081,0.3551076732673267,amazon/chronos-2
1997-01-02,1996-12-31,844.2,38,1997-02-26,862.4,838.0311889648438,849.4896850585938,861.84375,844.2,8081,8081,0.3551076732673267,amazon/chronos-2
1997-01-02,1996-12-31,844.2,39,1997-02-27,862.4,839.0458984375,850.048095703125,861.8680419921875,844.2,8081,8081,0.3551076732673267,amazon/chronos-2
1997-01-02,1996-12-31,844.2,40,1997-02-28,863.9,837.9803466796875,850.5327758789062,862.4327392578125,844.2,8081,8081,0.3551076732673267,amazon/chronos-2
1997-01-02,1996-12-31,844.2,41,1997-03-03,864.2,839.15869140625,851.4559326171875,862.5428466796875,844.2,8081,8081,0.3551076732673267,amazon/chronos-2
1997-01-02,1996-12-31,844.2,42,1997-03-04,863.6,839.2296142578125,851.4669189453125,863.4105834960938,844.2,8081,8081,0.3551076732673267,amazon/chronos-2
1997-01-02,1996-12-31,844.2,43,1997-03-05,864.5,839.1065673828125,851.4046630859375,864.90478515625,844.2,8081,8081,0.3551076732673267,amazon/chronos-2
1997-01-02,1996-12-31,844.2,44,1997-03-06,867.5,838.5164794921875,851.51025390625,863.05908203125,844.2,8081,8081,0.3551076732673267,amazon/chronos-2
1997-01-02,1996-12-31,844.2,45,1997-03-07,869.0,837.8599853515625,850.1239013671875,863.148193359375,844.2,8081,8081,0.3551076732673267,amazon/chronos-2
1997-01-02,1996-12-31,844.2,46,1997-03-10,869.5,838.71875,851.1842041015625,862.5615234375,844.2,8081,8081,0.3551076732673267,amazon/chronos-2
1997-01-02,1996-12-31,844.2,47,1997-03-11,874.6,839.4400024414062,852.43115234375,864.65234375,844.2,8081,8081,0.3551076732673267,amazon/chronos-2
1997-01-02,1996-12-31,844.2,48,1997-03-12,877.7,839.211669921875,851.682373046875,864.7060546875,844.2,8081,8081,0.3551076732673267,amazon/chronos-2
1997-01-02,1996-12-31,844.2,49,1997-03-13,877.8,839.9779052734375,853.3104248046875,867.0783081054688,844.2,8081,8081,0.3551076732673267,amazon/chronos-2
1997-01-02,1996-12-31,844.2,50,1997-03-14,877.8,840.396484375,853.467529296875,867.4127197265625,844.2,8081,8081,0.3551076732673267,amazon/chronos-2
1997-01-02,1996-12-31,844.2,51,1997-03-17,879.0,839.802001953125,853.865234375,867.2125244140625,844.2,8081,8081,0.3551076732673267,amazon/chronos-2
1997-01-02,1996-12-31,844.2,52,1997-03-18,879.8,841.1087646484375,852.661865234375,867.76513671875,844.2,8081,8081,0.3551076732673267,amazon/chronos-2
1997-01-02,1996-12-31,844.2,53,1997-03-19,882.6,839.7669677734375,852.7655029296875,868.2171630859375,844.2,8081,8081,0.3551076732673267,amazon/chronos-2
1997-01-02,1996-12-31,844.2,54,1997-03-20,884.4,839.861083984375,852.9310302734375,868.2930908203125,844.2,8081,8081,0.3551076732673267,amazon/chronos-2
1997-01-02,1996-12-31,844.2,55,1997-03-21,883.5,840.8326416015625,853.4472045898438,868.3121337890625,844.2,8081,8081,0.3551076732673267,amazon/chronos-2
1997-01-02,1996-12-31,844.2,56,1997-03-24,884.3,839.6381225585938,853.82275390625,868.787841796875,844.2,8081,8081,0.3551076732673267,amazon/chronos-2
1997-01-02,1996-12-31,844.2,57,1997-03-25,887.3,840.9443969726562,854.8037109375,868.7924194335938,844.2,8081,8081,0.3551076732673267,amazon/chronos-2
1997-01-02,1996-12-31,844.2,58,1997-03-26,888.7,841.1298828125,854.8974609375,869.891357421875,844.2,8081,8081,0.3551076732673267,amazon/chronos-2
1997-01-02,1996-12-31,844.2,59,1997-03-27,889.5,841.0867309570312,854.7066650390625,871.0951538085938,844.2,8081,8081,0.3551076732673267,amazon/chronos-2
1997-01-02,1996-12-31,844.2,60,1997-03-28,892.9,840.189697265625,854.80517578125,869.234375,844.2,8081,8081,0.3551076732673267,amazon/chronos-2
1997-07-01,1997-07-01,887.8,1,1997-07-02,888.1,878.3289184570312,884.9449462890625,891.510009765625,887.8,8204,8192,0.3707265634523954,amazon/chronos-2
1997-07-01,1997-07-01,887.8,2,1997-07-03,887.4,877.3382568359375,884.969482421875,891.3575439453125,887.8,8204,8192,0.3707265634523954,amazon/chronos-2
1997-07-01,1997-07-01,887.8,3,1997-07-04,887.2,877.9899291992188,885.24755859375,890.7156982421875,887.8,8204,8192,0.3707265634523954,amazon/chronos-2
1997-07-01,1997-07-01,887.8,4,1997-07-07,887.1,879.1868896484375,883.4848022460938,891.0296020507812,887.8,8204,8192,0.3707265634523954,amazon/chronos-2
1997-07-01,1997-07-01,887.8,5,1997-07-08,887.2,877.344482421875,883.6134033203125,890.56005859375,887.8,8204,8192,0.3707265634523954,amazon/chronos-2
1997-07-01,1997-07-01,887.8,6,1997-07-09,887.7,877.6817016601562,883.3162231445312,891.2940673828125,887.8,8204,8192,0.3707265634523954,amazon/chronos-2
1997-07-01,1997-07-01,887.8,7,1997-07-10,888.0,878.3626708984375,884.0211181640625,890.9935302734375,887.8,8204,8192,0.3707265634523954,amazon/chronos-2
1997-07-01,1997-07-01,887.8,8,1997-07-11,889.0,877.5137939453125,884.859375,891.8175048828125,887.8,8204,8192,0.3707265634523954,amazon/chronos-2
1997-07-01,1997-07-01,887.8,9,1997-07-14,890.0,878.212646484375,886.012451171875,891.8193359375,887.8,8204,8192,0.3707265634523954,amazon/chronos-2
1997-07-01,1997-07-01,887.8,10,1997-07-15,891.4,878.584716796875,885.7005004882812,892.9288330078125,887.8,8204,8192,0.3707265634523954,amazon/chronos-2
1997-07-01,1997-07-01,887.8,11,1997-07-16,890.8,877.4336547851562,885.7025756835938,894.3861083984375,887.8,8204,8192,0.3707265634523954,amazon/chronos-2
1997-07-01,1997-07-01,887.8,12,1997-07-18,892.8,877.1015014648438,885.5823364257812,892.4161376953125,887.8,8204,8192,0.3707265634523954,amazon/chronos-2
1997-07-01,1997-07-01,887.8,13,1997-07-21,894.6,876.2932739257812,883.7382202148438,892.8099365234375,887.8,8204,8192,0.3707265634523954,amazon/chronos-2
1997-07-01,1997-07-01,887.8,14,1997-07-22,893.4,876.0534057617188,884.709228515625,891.215576171875,887.8,8204,8192,0.3707265634523954,amazon/chronos-2
1997-07-01,1997-07-01,887.8,15,1997-07-23,893.5,876.86767578125,886.0758056640625,893.074462890625,887.8,8204,8192,0.3707265634523954,amazon/chronos-2
1997-07-01,1997-07-01,887.8,16,1997-07-24,893.7,876.31982421875,884.53564453125,893.290771484375,887.8,8204,8192,0.3707265634523954,amazon/chronos-2
1997-07-01,1997-07-01,887.8,17,1997-07-25,893.2,875.544189453125,885.4116821289062,895.3114624023438,887.8,8204,8192,0.3707265634523954,amazon/chronos-2
1997-07-01,1997-07-01,887.8,18,1997-07-28,891.4,874.935791015625,885.5404052734375,895.3837890625,887.8,8204,8192,0.3707265634523954,amazon/chronos-2
1997-07-01,1997-07-01,887.8,19,1997-07-29,891.9,875.21728515625,885.9744873046875,894.6883544921875,887.8,8204,8192,0.3707265634523954,amazon/chronos-2
1997-07-01,1997-07-01,887.8,20,1997-07-30,891.7,876.429931640625,884.2191162109375,895.0203247070312,887.8,8204,8192,0.3707265634523954,amazon/chronos-2
1997-07-01,1997-07-01,887.8,21,1997-07-31,892.0,874.51806640625,884.445068359375,895.056396484375,887.8,8204,8192,0.3707265634523954,amazon/chronos-2
1997-07-01,1997-07-01,887.8,22,1997-08-01,890.8,874.8138427734375,884.140869140625,895.5313720703125,887.8,8204,8192,0.3707265634523954,amazon/chronos-2
1997-07-01,1997-07-01,887.8,23,1997-08-04,889.3,875.7998657226562,884.92041015625,895.365234375,887.8,8204,8192,0.3707265634523954,amazon/chronos-2
1997-07-01,1997-07-01,887.8,24,1997-08-05,888.8,874.7061767578125,885.6609497070312,896.0255126953125,887.8,8204,8192,0.3707265634523954,amazon/chronos-2
1997-07-01,1997-07-01,887.8,25,1997-08-06,890.0,875.6817626953125,886.8865966796875,896.2001342773438,887.8,8204,8192,0.3707265634523954,amazon/chronos-2
1997-07-01,1997-07-01,887.8,26,1997-08-07,892.6,875.9208984375,886.6497192382812,897.2636108398438,887.8,8204,8192,0.3707265634523954,amazon/chronos-2
1997-07-01,1997-07-01,887.8,27,1997-08-08,892.8,875.1508178710938,886.5436401367188,898.6932373046875,887.8,8204,8192,0.3707265634523954,amazon/chronos-2
1997-07-01,1997-07-01,887.8,28,1997-08-11,893.8,874.3509521484375,886.314697265625,896.427001953125,887.8,8204,8192,0.3707265634523954,amazon/chronos-2
1997-07-01,1997-07-01,887.8,29,1997-08-12,893.0,873.4615478515625,884.4380493164062,896.729736328125,887.8,8204,8192,0.3707265634523954,amazon/chronos-2
1997-07-01,1997-07-01,887.8,30,1997-08-13,894.4,873.7361450195312,885.6376953125,895.4739379882812,887.8,8204,8192,0.3707265634523954,amazon/chronos-2
1997-07-01,1997-07-01,887.8,31,1997-08-14,894.3,874.8560791015625,887.163330078125,897.83251953125,887.8,8204,8192,0.3707265634523954,amazon/chronos-2
1997-07-01,1997-07-01,887.8,32,1997-08-18,894.6,874.3788452148438,885.839111328125,898.0093994140625,887.8,8204,8192,0.3707265634523954,amazon/chronos-2
1997-07-01,1997-07-01,887.8,33,1997-08-19,897.5,873.9697875976562,887.182861328125,900.5899047851562,887.8,8204,8192,0.3707265634523954,amazon/chronos-2
1997-07-01,1997-07-01,887.8,34,1997-08-20,899.3,873.6478271484375,887.2689208984375,900.6207275390625,887.8,8204,8192,0.3707265634523954,amazon/chronos-2
1997-07-01,1997-07-01,887.8,35,1997-08-21,898.6,873.3931884765625,887.661376953125,899.8079833984375,887.8,8204,8192,0.3707265634523954,amazon/chronos-2
1997-07-01,1997-07-01,887.8,36,1997-08-22,898.5,874.646240234375,885.8701171875,900.2681884765625,887.8,8204,8192,0.3707265634523954,amazon/chronos-2
1997-07-01,1997-07-01,887.8,37,1997-08-25,899.3,872.8543090820312,886.1676025390625,900.3301391601562,887.8,8204,8192,0.3707265634523954,amazon/chronos-2
1997-07-01,1997-07-01,887.8,38,1997-08-26,903.4,872.9390258789062,885.6058349609375,900.5975341796875,887.8,8204,8192,0.3707265634523954,amazon/chronos-2
1997-07-01,1997-07-01,887.8,39,1997-08-27,904.6,874.152099609375,886.659912109375,900.73095703125,887.8,8204,8192,0.3707265634523954,amazon/chronos-2
1997-07-01,1997-07-01,887.8,40,1997-08-28,902.1,872.929931640625,887.3282470703125,901.3931884765625,887.8,8204,8192,0.3707265634523954,amazon/chronos-2
1997-07-01,1997-07-01,887.8,41,1997-08-29,900.8,874.457763671875,888.7001342773438,901.498291015625,887.8,8204,8192,0.3707265634523954,amazon/chronos-2
1997-07-01,1997-07-01,887.8,42,1997-09-01,902.0,874.661865234375,888.5530395507812,902.6162109375,887.8,8204,8192,0.3707265634523954,amazon/chronos-2
1997-07-01,1997-07-01,887.8,43,1997-09-02,904.2,874.1748657226562,888.4146728515625,903.6751708984375,887.8,8204,8192,0.3707265634523954,amazon/chronos-2
1997-07-01,1997-07-01,887.8,44,1997-09-03,904.0,873.0848388671875,888.1027221679688,901.3382568359375,887.8,8204,8192,0.3707265634523954,amazon/chronos-2
1997-07-01,1997-07-01,887.8,45,1997-09-04,904.5,872.107421875,886.2293701171875,901.7985229492188,887.8,8204,8192,0.3707265634523954,amazon/chronos-2
1997-07-01,1997-07-01,887.8,46,1997-09-05,905.6,872.847412109375,887.464111328125,900.5760498046875,887.8,8204,8192,0.3707265634523954,amazon/chronos-2
1997-07-01,1997-07-01,887.8,47,1997-09-08,907.4,873.7989501953125,889.1075439453125,903.129638671875,887.8,8204,8192,0.3707265634523954,amazon/chronos-2
1997-07-01,1997-07-01,887.8,48,1997-09-09,907.9,873.2193603515625,887.7015380859375,902.9661254882812,887.8,8204,8192,0.3707265634523954,amazon/chronos-2
1997-07-01,1997-07-01,887.8,49,1997-09-10,908.4,873.2442626953125,889.1434326171875,906.0820922851562,887.8,8204,8192,0.3707265634523954,amazon/chronos-2
1997-07-01,1997-07-01,887.8,50,1997-09-11,908.7,873.1856689453125,889.2252197265625,906.0528564453125,887.8,8204,8192,0.3707265634523954,amazon/chronos-2
1997-07-01,1997-07-01,887.8,51,1997-09-12,908.4,872.3577270507812,889.4681396484375,905.28759765625,887.8,8204,8192,0.3707265634523954,amazon/chronos-2
1997-07-01,1997-07-01,887.8,52,1997-09-18,908.7,873.693359375,887.7153930664062,905.7421875,887.8,8204,8192,0.3707265634523954,amazon/chronos-2
1997-07-01,1997-07-01,887.8,53,1997-09-19,909.3,871.8289794921875,888.0560913085938,906.0367431640625,887.8,8204,8192,0.3707265634523954,amazon/chronos-2
1997-07-01,1997-07-01,887.8,54,1997-09-22,912.5,871.9692993164062,887.4078369140625,906.296630859375,887.8,8204,8192,0.3707265634523954,amazon/chronos-2
1997-07-01,1997-07-01,887.8,55,1997-09-23,912.6,872.9766845703125,888.4630737304688,906.3756713867188,887.8,8204,8192,0.3707265634523954,amazon/chronos-2
1997-07-01,1997-07-01,887.8,56,1997-09-24,913.8,871.7337036132812,889.0429077148438,907.0733642578125,887.8,8204,8192,0.3707265634523954,amazon/chronos-2
1997-07-01,1997-07-01,887.8,57,1997-09-25,913.7,873.2810668945312,890.4637451171875,907.215576171875,887.8,8204,8192,0.3707265634523954,amazon/chronos-2
1997-07-01,1997-07-01,887.8,58,1997-09-26,914.6,873.562255859375,890.26953125,908.1875,887.8,8204,8192,0.3707265634523954,amazon/chronos-2
1997-07-01,1997-07-01,887.8,59,1997-09-29,914.7,873.0169677734375,889.9105224609375,908.8914794921875,887.8,8204,8192,0.3707265634523954,amazon/chronos-2
1997-07-01,1997-07-01,887.8,60,1997-09-30,914.8,871.6856689453125,889.572509765625,906.6788330078125,887.8,8204,8192,0.3707265634523954,amazon/chronos-2
1998-01-02,1997-12-31,1415.2,1,1998-01-05,1695.8,1349.7626953125,1565.898681640625,1814.571533203125,1415.2,8327,8192,0.6872772039394667,amazon/chronos-2
1998-01-02,1997-12-31,1415.2,2,1998-01-06,1716.3,1320.075927734375,1589.346923828125,1916.325927734375,1415.2,8327,8192,0.6872772039394667,amazon/chronos-2
1998-01-02,1997-12-31,1415.2,3,1998-01-07,1790.0,1252.606689453125,1611.96728515625,2019.032958984375,1415.2,8327,8192,0.6872772039394667,amazon/chronos-2
1998-01-02,1997-12-31,1415.2,4,1998-01-08,1761.0,1207.4453125,1611.064453125,2113.18896484375,1415.2,8327,8192,0.6872772039394667,amazon/chronos-2
1998-01-02,1997-12-31,1415.2,5,1998-01-09,1785.3,1146.5791015625,1599.490966796875,2127.58203125,1415.2,8327,8192,0.6872772039394667,amazon/chronos-2
1998-01-02,1997-12-31,1415.2,6,1998-01-12,1805.3,1134.6365966796875,1569.9910888671875,2111.071044921875,1415.2,8327,8192,0.6872772039394667,amazon/chronos-2
1998-01-02,1997-12-31,1415.2,7,1998-01-13,1742.0,1141.079833984375,1589.76513671875,2163.051025390625,1415.2,8327,8192,0.6872772039394667,amazon/chronos-2
1998-01-02,1997-12-31,1415.2,8,1998-01-14,1755.7,1144.9815673828125,1609.8240966796875,2211.1865234375,1415.2,8327,8192,0.6872772039394667,amazon/chronos-2
1998-01-02,1997-12-31,1415.2,9,1998-01-15,1715.1,1124.821044921875,1635.427001953125,2346.654052734375,1415.2,8327,8192,0.6872772039394667,amazon/chronos-2
1998-01-02,1997-12-31,1415.2,10,1998-01-16,1597.2,1127.6439208984375,1642.61962890625,2330.560302734375,1415.2,8327,8192,0.6872772039394667,amazon/chronos-2
1998-01-02,1997-12-31,1415.2,11,1998-01-19,1621.9,1098.1307373046875,1638.09326171875,2377.812744140625,1415.2,8327,8192,0.6872772039394667,amazon/chronos-2
1998-01-02,1997-12-31,1415.2,12,1998-01-20,1581.1,1053.8056640625,1600.9560546875,2354.266357421875,1415.2,8327,8192,0.6872772039394667,amazon/chronos-2
1998-01-02,1997-12-31,1415.2,13,1998-01-21,1637.2,1025.1563720703125,1578.269287109375,2370.75634765625,1415.2,8327,8192,0.6872772039394667,amazon/chronos-2
1998-01-02,1997-12-31,1415.2,14,1998-01-22,1714.4,1044.482177734375,1607.23193359375,2410.604736328125,1415.2,8327,8192,0.6872772039394667,amazon/chronos-2
1998-01-02,1997-12-31,1415.2,15,1998-01-23,1746.8,1044.5037841796875,1633.18603515625,2467.81787109375,1415.2,8327,8192,0.6872772039394667,amazon/chronos-2
1998-01-02,1997-12-31,1415.2,16,1998-01-26,1749.9,1025.4620361328125,1643.21826171875,2521.702880859375,1415.2,8327,8192,0.6872772039394667,amazon/chronos-2
1998-01-02,1997-12-31,1415.2,17,1998-01-30,1688.8,1097.572265625,1645.37451171875,2614.21923828125,1415.2,8327,8192,0.6872772039394667,amazon/chronos-2
1998-01-02,1997-12-31,1415.2,18,1998-02-02,1572.9,1071.3863525390625,1641.48779296875,2592.722412109375,1415.2,8327,8192,0.6872772039394667,amazon/chronos-2
1998-01-02,1997-12-31,1415.2,19,1998-02-03,1553.1,1051.92529296875,1638.0908203125,2629.9755859375,1415.2,8327,8192,0.6872772039394667,amazon/chronos-2
1998-01-02,1997-12-31,1415.2,20,1998-02-04,1566.9,1036.333984375,1646.669921875,2728.52587890625,1415.2,8327,8192,0.6872772039394667,amazon/chronos-2
1998-01-02,1997-12-31,1415.2,21,1998-02-05,1600.0,1009.846435546875,1641.63818359375,2756.981201171875,1415.2,8327,8192,0.6872772039394667,amazon/chronos-2
1998-01-02,1997-12-31,1415.2,22,1998-02-06,1606.2,1009.3657836914062,1642.273681640625,2799.5576171875,1415.2,8327,8192,0.6872772039394667,amazon/chronos-2
1998-01-02,1997-12-31,1415.2,23,1998-02-09,1574.6,1021.2237548828125,1666.168212890625,2861.23828125,1415.2,8327,8192,0.6872772039394667,amazon/chronos-2
1998-01-02,1997-12-31,1415.2,24,1998-02-10,1553.3,1024.054931640625,1666.409912109375,2863.21533203125,1415.2,8327,8192,0.6872772039394667,amazon/chronos-2
1998-01-02,1997-12-31,1415.2,25,1998-02-11,1592.9,1014.5772705078125,1669.197998046875,2918.31396484375,1415.2,8327,8192,0.6872772039394667,amazon/chronos-2
1998-01-02,1997-12-31,1415.2,26,1998-02-12,1602.9,1016.12255859375,1666.26220703125,2879.248046875,1415.2,8327,8192,0.6872772039394667,amazon/chronos-2
1998-01-02,1997-12-31,1415.2,27,1998-02-13,1625.8,995.492919921875,1650.391357421875,2880.447021484375,1415.2,8327,8192,0.6872772039394667,amazon/chronos-2
1998-01-02,1997-12-31,1415.2,28,1998-02-16,1621.5,975.62744140625,1629.35888671875,2907.7099609375,1415.2,8327,8192,0.6872772039394667,amazon/chronos-2
1998-01-02,1997-12-31,1415.2,29,1998-02-17,1639.4,956.3850708007812,1623.474365234375,3020.77880859375,1415.2,8327,8192,0.6872772039394667,amazon/chronos-2
1998-01-02,1997-12-31,1415.2,30,1998-02-18,1707.3,967.68603515625,1657.35205078125,3025.644775390625,1415.2,8327,8192,0.6872772039394667,amazon/chronos-2
1998-01-02,1997-12-31,1415.2,31,1998-02-19,1704.4,964.1060791015625,1660.404052734375,3058.78076171875,1415.2,8327,8192,0.6872772039394667,amazon/chronos-2
1998-01-02,1997-12-31,1415.2,32,1998-02-20,1696.3,950.499755859375,1655.037353515625,3031.79296875,1415.2,8327,8192,0.6872772039394667,amazon/chronos-2
1998-01-02,1997-12-31,1415.2,33,1998-02-23,1645.2,979.046875,1651.537841796875,3154.35693359375,1415.2,8327,8192,0.6872772039394667,amazon/chronos-2
1998-01-02,1997-12-31,1415.2,34,1998-02-24,1656.2,960.2030029296875,1653.6494140625,3089.78076171875,1415.2,8327,8192,0.6872772039394667,amazon/chronos-2
1998-01-02,1997-12-31,1415.2,35,1998-02-25,1658.3,951.1484375,1653.94873046875,3147.015380859375,1415.2,8327,8192,0.6872772039394667,amazon/chronos-2
1998-01-02,1997-12-31,1415.2,36,1998-02-26,1642.2,951.3775634765625,1675.171142578125,3259.0673828125,1415.2,8327,8192,0.6872772039394667,amazon/chronos-2
1998-01-02,1997-12-31,1415.2,37,1998-02-27,1652.6,929.148681640625,1667.75830078125,3272.84716796875,1415.2,8327,8192,0.6872772039394667,amazon/chronos-2
1998-01-02,1997-12-31,1415.2,38,1998-03-02,1640.1,928.63720703125,1656.2333984375,3313.344970703125,1415.2,8327,8192,0.6872772039394667,amazon/chronos-2
1998-01-02,1997-12-31,1415.2,39,1998-03-03,1570.6,938.774658203125,1671.181884765625,3352.2451171875,1415.2,8327,8192,0.6872772039394667,amazon/chronos-2
1998-01-02,1997-12-31,1415.2,40,1998-03-04,1545.6,937.47216796875,1664.3759765625,3326.926513671875,1415.2,8327,8192,0.6872772039394667,amazon/chronos-2
1998-01-02,1997-12-31,1415.2,41,1998-03-05,1563.7,932.4432373046875,1660.225341796875,3394.54248046875,1415.2,8327,8192,0.6872772039394667,amazon/chronos-2
1998-01-02,1997-12-31,1415.2,42,1998-03-06,1585.6,935.2032470703125,1672.0830078125,3389.28173828125,1415.2,8327,8192,0.6872772039394667,amazon/chronos-2
1998-01-02,1997-12-31,1415.2,43,1998-03-09,1637.6,926.7413940429688,1669.317138671875,3370.697509765625,1415.2,8327,8192,0.6872772039394667,amazon/chronos-2
1998-01-02,1997-12-31,1415.2,44,1998-03-10,1628.5,909.8428344726562,1644.12646484375,3435.307373046875,1415.2,8327,8192,0.6872772039394667,amazon/chronos-2
1998-01-02,1997-12-31,1415.2,45,1998-03-11,1584.9,894.2098388671875,1634.09326171875,3528.895751953125,1415.2,8327,8192,0.6872772039394667,amazon/chronos-2
1998-01-02,1997-12-31,1415.2,46,1998-03-12,1580.9,904.5745849609375,1668.166748046875,3480.781982421875,1415.2,8327,8192,0.6872772039394667,amazon/chronos-2
1998-01-02,1997-12-31,1415.2,47,1998-03-13,1563.3,905.3673095703125,1663.9951171875,3480.5498046875,1415.2,8327,8192,0.6872772039394667,amazon/chronos-2
1998-01-02,1997-12-31,1415.2,48,1998-03-16,1537.7,894.2774658203125,1658.145263671875,3432.6416015625,1415.2,8327,8192,0.6872772039394667,amazon/chronos-2
1998-01-02,1997-12-31,1415.2,49,1998-03-17,1472.4,902.8717651367188,1685.62939453125,3808.879638671875,1415.2,8327,8192,0.6872772039394667,amazon/chronos-2
1998-01-02,1997-12-31,1415.2,50,1998-03-18,1455.4,881.809326171875,1701.887939453125,3799.876953125,1415.2,8327,8192,0.6872772039394667,amazon/chronos-2
1998-01-02,1997-12-31,1415.2,51,1998-03-19,1481.6,873.2737426757812,1693.434814453125,3877.315185546875,1415.2,8327,8192,0.6872772039394667,amazon/chronos-2
1998-01-02,1997-12-31,1415.2,52,1998-03-20,1489.6,872.7750244140625,1711.59423828125,3990.521484375,1415.2,8327,8192,0.6872772039394667,amazon/chronos-2
1998-01-02,1997-12-31,1415.2,53,1998-03-23,1457.0,854.1070556640625,1691.34228515625,3979.273193359375,1415.2,8327,8192,0.6872772039394667,amazon/chronos-2
1998-01-02,1997-12-31,1415.2,54,1998-03-24,1402.3,855.1513671875,1670.7939453125,3998.798583984375,1415.2,8327,8192,0.6872772039394667,amazon/chronos-2
1998-01-02,1997-12-31,1415.2,55,1998-03-25,1400.4,863.9120483398438,1675.1787109375,4052.184814453125,1415.2,8327,8192,0.6872772039394667,amazon/chronos-2
1998-01-02,1997-12-31,1415.2,56,1998-03-26,1379.7,864.8655395507812,1670.60595703125,3968.80810546875,1415.2,8327,8192,0.6872772039394667,amazon/chronos-2
1998-01-02,1997-12-31,1415.2,57,1998-03-27,1387.9,861.0706176757812,1656.388671875,4027.647705078125,1415.2,8327,8192,0.6872772039394667,amazon/chronos-2
1998-01-02,1997-12-31,1415.2,58,1998-03-30,1380.7,861.0542602539062,1671.841552734375,4044.205078125,1415.2,8327,8192,0.6872772039394667,amazon/chronos-2
1998-01-02,1997-12-31,1415.2,59,1998-03-31,1378.8,861.1954956054688,1660.850341796875,3945.5166015625,1415.2,8327,8192,0.6872772039394667,amazon/chronos-2
1998-01-02,1997-12-31,1415.2,60,1998-04-01,1387.0,848.4559936523438,1631.768310546875,3965.54248046875,1415.2,8327,8192,0.6872772039394667,amazon/chronos-2
1998-07-01,1998-07-01,1374.7,1,1998-07-02,1365.4,1339.931396484375,1360.949462890625,1389.69873046875,1374.7,8449,8192,1.0042814867424243,amazon/chronos-2
1998-07-01,1998-07-01,1374.7,2,1998-07-03,1367.6,1334.5650634765625,1360.6776123046875,1388.8575439453125,1374.7,8449,8192,1.0042814867424243,amazon/chronos-2
1998-07-01,1998-07-01,1374.7,3,1998-07-06,1360.5,1334.55859375,1360.20068359375,1386.664794921875,1374.7,8449,8192,1.0042814867424243,amazon/chronos-2
1998-07-01,1998-07-01,1374.7,4,1998-07-07,1346.0,1329.9248046875,1355.34033203125,1385.440185546875,1374.7,8449,8192,1.0042814867424243,amazon/chronos-2
1998-07-01,1998-07-01,1374.7,5,1998-07-08,1347.7,1325.9818115234375,1355.5927734375,1386.04248046875,1374.7,8449,8192,1.0042814867424243,amazon/chronos-2
1998-07-01,1998-07-01,1374.7,6,1998-07-09,1333.4,1319.4080810546875,1351.64013671875,1387.248779296875,1374.7,8449,8192,1.0042814867424243,amazon/chronos-2
1998-07-01,1998-07-01,1374.7,7,1998-07-10,1317.9,1321.8486328125,1352.63671875,1387.52734375,1374.7,8449,8192,1.0042814867424243,amazon/chronos-2
1998-07-01,1998-07-01,1374.7,8,1998-07-13,1311.9,1318.7718505859375,1353.382568359375,1391.05419921875,1374.7,8449,8192,1.0042814867424243,amazon/chronos-2
1998-07-01,1998-07-01,1374.7,9,1998-07-14,1312.7,1319.02392578125,1355.693359375,1393.1787109375,1374.7,8449,8192,1.0042814867424243,amazon/chronos-2
1998-07-01,1998-07-01,1374.7,10,1998-07-15,1294.6,1317.765625,1353.59716796875,1394.361572265625,1374.7,8449,8192,1.0042814867424243,amazon/chronos-2
1998-07-01,1998-07-01,1374.7,11,1998-07-16,1277.6,1313.456787109375,1352.7872314453125,1393.966796875,1374.7,8449,8192,1.0042814867424243,amazon/chronos-2
1998-07-01,1998-07-01,1374.7,12,1998-07-20,1281.8,1308.8516845703125,1350.4737548828125,1393.458740234375,1374.7,8449,8192,1.0042814867424243,amazon/chronos-2
1998-07-01,1998-07-01,1374.7,13,1998-07-21,1286.7,1303.650146484375,1344.355224609375,1393.5823974609375,1374.7,8449,8192,1.0042814867424243,amazon/chronos-2
1998-07-01,1998-07-01,1374.7,14,1998-07-22,1289.7,1304.911865234375,1348.553466796875,1391.6953125,1374.7,8449,8192,1.0042814867424243,amazon/chronos-2
1998-07-01,1998-07-01,1374.7,15,1998-07-23,1291.6,1304.17333984375,1351.8756103515625,1399.5059814453125,1374.7,8449,8192,1.0042814867424243,amazon/chronos-2
1998-07-01,1998-07-01,1374.7,16,1998-07-24,1281.3,1303.595703125,1348.84912109375,1400.7054443359375,1374.7,8449,8192,1.0042814867424243,amazon/chronos-2
1998-07-01,1998-07-01,1374.7,17,1998-07-27,1251.4,1299.4488525390625,1344.04052734375,1398.400146484375,1374.7,8449,8192,1.0042814867424243,amazon/chronos-2
1998-07-01,1998-07-01,1374.7,18,1998-07-28,1218.6,1298.5615234375,1344.51708984375,1398.05029296875,1374.7,8449,8192,1.0042814867424243,amazon/chronos-2
1998-07-01,1998-07-01,1374.7,19,1998-07-29,1222.5,1295.982177734375,1344.241943359375,1396.216796875,1374.7,8449,8192,1.0042814867424243,amazon/chronos-2
1998-07-01,1998-07-01,1374.7,20,1998-07-30,1244.9,1295.680419921875,1340.24560546875,1396.60009765625,1374.7,8449,8192,1.0042814867424243,amazon/chronos-2
1998-07-01,1998-07-01,1374.7,21,1998-07-31,1236.0,1290.905029296875,1340.9609375,1397.347412109375,1374.7,8449,8192,1.0042814867424243,amazon/chronos-2
1998-07-01,1998-07-01,1374.7,22,1998-08-03,1227.4,1286.8748779296875,1337.581298828125,1396.86669921875,1374.7,8449,8192,1.0042814867424243,amazon/chronos-2
1998-07-01,1998-07-01,1374.7,23,1998-08-04,1242.4,1287.843017578125,1337.798828125,1397.03076171875,1374.7,8449,8192,1.0042814867424243,amazon/chronos-2
1998-07-01,1998-07-01,1374.7,24,1998-08-05,1236.8,1286.38232421875,1339.8646240234375,1402.847900390625,1374.7,8449,8192,1.0042814867424243,amazon/chronos-2
1998-07-01,1998-07-01,1374.7,25,1998-08-06,1254.0,1289.466796875,1342.7060546875,1404.338623046875,1374.7,8449,8192,1.0042814867424243,amazon/chronos-2
1998-07-01,1998-07-01,1374.7,26,1998-08-07,1306.7,1287.136474609375,1339.7177734375,1407.828369140625,1374.7,8449,8192,1.0042814867424243,amazon/chronos-2
1998-07-01,1998-07-01,1374.7,27,1998-08-10,1326.1,1284.69384765625,1338.8260498046875,1403.5462646484375,1374.7,8449,8192,1.0042814867424243,amazon/chronos-2
1998-07-01,1998-07-01,1374.7,28,1998-08-11,1347.0,1277.55322265625,1335.384033203125,1402.34814453125,1374.7,8449,8192,1.0042814867424243,amazon/chronos-2
1998-07-01,1998-07-01,1374.7,29,1998-08-12,1334.1,1271.819580078125,1328.6611328125,1401.36474609375,1374.7,8449,8192,1.0042814867424243,amazon/chronos-2
1998-07-01,1998-07-01,1374.7,30,1998-08-13,1333.8,1275.310791015625,1333.08935546875,1396.38427734375,1374.7,8449,8192,1.0042814867424243,amazon/chronos-2
1998-07-01,1998-07-01,1374.7,31,1998-08-14,1336.4,1273.341552734375,1337.529296875,1411.19921875,1374.7,8449,8192,1.0042814867424243,amazon/chronos-2
1998-07-01,1998-07-01,1374.7,32,1998-08-17,1324.2,1274.824462890625,1334.78857421875,1410.6982421875,1374.7,8449,8192,1.0042814867424243,amazon/chronos-2
1998-07-01,1998-07-01,1374.7,33,1998-08-18,1330.2,1267.925048828125,1332.1697998046875,1415.1484375,1374.7,8449,8192,1.0042814867424243,amazon/chronos-2
1998-07-01,1998-07-01,1374.7,34,1998-08-19,1325.1,1268.631591796875,1333.005615234375,1415.3287353515625,1374.7,8449,8192,1.0042814867424243,amazon/chronos-2
1998-07-01,1998-07-01,1374.7,35,1998-08-20,1304.8,1263.177490234375,1332.2685546875,1413.6376953125,1374.7,8449,8192,1.0042814867424243,amazon/chronos-2
1998-07-01,1998-07-01,1374.7,36,1998-08-21,1297.9,1267.1644287109375,1328.530517578125,1416.4267578125,1374.7,8449,8192,1.0042814867424243,amazon/chronos-2
1998-07-01,1998-07-01,1374.7,37,1998-08-24,1300.9,1259.54833984375,1329.671875,1418.758544921875,1374.7,8449,8192,1.0042814867424243,amazon/chronos-2
1998-07-01,1998-07-01,1374.7,38,1998-08-25,1304.5,1254.992431640625,1325.961181640625,1416.61572265625,1374.7,8449,8192,1.0042814867424243,amazon/chronos-2
1998-07-01,1998-07-01,1374.7,39,1998-08-26,1306.0,1254.49658203125,1325.474365234375,1416.002685546875,1374.7,8449,8192,1.0042814867424243,amazon/chronos-2
1998-07-01,1998-07-01,1374.7,40,1998-08-27,1308.5,1253.5771484375,1328.2423095703125,1423.6005859375,1374.7,8449,8192,1.0042814867424243,amazon/chronos-2
1998-07-01,1998-07-01,1374.7,41,1998-08-28,1315.6,1256.3785400390625,1331.934814453125,1425.1634521484375,1374.7,8449,8192,1.0042814867424243,amazon/chronos-2
1998-07-01,1998-07-01,1374.7,42,1998-08-31,1331.8,1253.47216796875,1328.4901123046875,1427.0858154296875,1374.7,8449,8192,1.0042814867424243,amazon/chronos-2
1998-07-01,1998-07-01,1374.7,43,1998-09-01,1351.8,1252.258056640625,1328.227294921875,1423.70654296875,1374.7,8449,8192,1.0042814867424243,amazon/chronos-2
1998-07-01,1998-07-01,1374.7,44,1998-09-02,1355.2,1244.93603515625,1323.875,1421.506103515625,1374.7,8449,8192,1.0042814867424243,amazon/chronos-2
1998-07-01,1998-07-01,1374.7,45,1998-09-03,1343.9,1238.552734375,1316.836181640625,1419.938232421875,1374.7,8449,8192,1.0042814867424243,amazon/chronos-2
1998-07-01,1998-07-01,1374.7,46,1998-09-04,1333.6,1240.059814453125,1321.5989990234375,1413.83740234375,1374.7,8449,8192,1.0042814867424243,amazon/chronos-2
1998-07-01,1998-07-01,1374.7,47,1998-09-07,1331.7,1240.6085205078125,1326.2674560546875,1429.4615478515625,1374.7,8449,8192,1.0042814867424243,amazon/chronos-2
1998-07-01,1998-07-01,1374.7,48,1998-09-08,1340.2,1243.6019287109375,1323.539794921875,1431.6734619140625,1374.7,8449,8192,1.0042814867424243,amazon/chronos-2
1998-07-01,1998-07-01,1374.7,49,1998-09-09,1355.5,1233.176513671875,1319.02099609375,1438.2265625,1374.7,8449,8192,1.0042814867424243,amazon/chronos-2
1998-07-01,1998-07-01,1374.7,50,1998-09-10,1362.1,1233.13623046875,1319.852294921875,1439.358642578125,1374.7,8449,8192,1.0042814867424243,amazon/chronos-2
1998-07-01,1998-07-01,1374.7,51,1998-09-11,1367.3,1224.40380859375,1319.136474609375,1437.34619140625,1374.7,8449,8192,1.0042814867424243,amazon/chronos-2
1998-07-01,1998-07-01,1374.7,52,1998-09-14,1369.7,1229.1563720703125,1315.7333984375,1445.21435546875,1374.7,8449,8192,1.0042814867424243,amazon/chronos-2
1998-07-01,1998-07-01,1374.7,53,1998-09-15,1388.1,1221.22900390625,1317.7625732421875,1443.96630859375,1374.7,8449,8192,1.0042814867424243,amazon/chronos-2
1998-07-01,1998-07-01,1374.7,54,1998-09-16,1390.8,1214.9534912109375,1311.775146484375,1441.327880859375,1374.7,8449,8192,1.0042814867424243,amazon/chronos-2
1998-07-01,1998-07-01,1374.7,55,1998-09-17,1376.6,1215.08056640625,1313.27783203125,1441.707763671875,1374.7,8449,8192,1.0042814867424243,amazon/chronos-2
1998-07-01,1998-07-01,1374.7,56,1998-09-18,1380.6,1212.25341796875,1314.807861328125,1447.92578125,1374.7,8449,8192,1.0042814867424243,amazon/chronos-2
1998-07-01,1998-07-01,1374.7,57,1998-09-21,1388.1,1211.9041748046875,1318.60546875,1452.349853515625,1374.7,8449,8192,1.0042814867424243,amazon/chronos-2
1998-07-01,1998-07-01,1374.7,58,1998-09-22,1390.1,1209.0570068359375,1316.4932861328125,1451.142333984375,1374.7,8449,8192,1.0042814867424243,amazon/chronos-2
1998-07-01,1998-07-01,1374.7,59,1998-09-23,1395.7,1207.85205078125,1316.97216796875,1453.1328125,1374.7,8449,8192,1.0042814867424243,amazon/chronos-2
1998-07-01,1998-07-01,1374.7,60,1998-09-24,1403.9,1201.8671875,1313.02490234375,1456.188720703125,1374.7,8449,8192,1.0042814867424243,amazon/chronos-2
1999-01-02,1998-12-31,1207.8,1,1999-01-04,1195.8,1181.773193359375,1195.29931640625,1212.900634765625,1207.8,8576,8192,1.1099323615160352,amazon/chronos-2
1999-01-02,1998-12-31,1207.8,2,1999-01-05,1189.9,1178.072021484375,1195.383056640625,1213.00537109375,1207.8,8576,8192,1.1099323615160352,amazon/chronos-2
1999-01-02,1998-12-31,1207.8,3,1999-01-06,1167.5,1176.18603515625,1195.1156005859375,1211.786865234375,1207.8,8576,8192,1.1099323615160352,amazon/chronos-2
1999-01-02,1998-12-31,1207.8,4,1999-01-07,1159.2,1173.14794921875,1189.72509765625,1210.89111328125,1207.8,8576,8192,1.1099323615160352,amazon/chronos-2
1999-01-02,1998-12-31,1207.8,5,1999-01-08,1157.2,1168.59619140625,1189.620849609375,1211.121337890625,1207.8,8576,8192,1.1099323615160352,amazon/chronos-2
1999-01-02,1998-12-31,1207.8,6,1999-01-11,1168.2,1162.986572265625,1186.2498779296875,1212.4532470703125,1207.8,8576,8192,1.1099323615160352,amazon/chronos-2
1999-01-02,1998-12-31,1207.8,7,1999-01-12,1173.3,1164.2803955078125,1187.4964599609375,1212.90869140625,1207.8,8576,8192,1.1099323615160352,amazon/chronos-2
1999-01-02,1998-12-31,1207.8,8,1999-01-13,1171.7,1161.2557373046875,1188.603515625,1216.507568359375,1207.8,8576,8192,1.1099323615160352,amazon/chronos-2
1999-01-02,1998-12-31,1207.8,9,1999-01-14,1172.9,1161.1427001953125,1189.81982421875,1216.646728515625,1207.8,8576,8192,1.1099323615160352,amazon/chronos-2
1999-01-02,1998-12-31,1207.8,10,1999-01-15,1184.7,1159.47900390625,1188.14501953125,1218.771484375,1207.8,8576,8192,1.1099323615160352,amazon/chronos-2
1999-01-02,1998-12-31,1207.8,11,1999-01-18,1186.3,1155.9776611328125,1187.309326171875,1218.82861328125,1207.8,8576,8192,1.1099323615160352,amazon/chronos-2
1999-01-02,1998-12-31,1207.8,12,1999-01-19,1179.2,1152.3037109375,1185.734130859375,1217.5137939453125,1207.8,8576,8192,1.1099323615160352,amazon/chronos-2
1999-01-02,1998-12-31,1207.8,13,1999-01-20,1181.6,1149.0035400390625,1181.655517578125,1218.8765869140625,1207.8,8576,8192,1.1099323615160352,amazon/chronos-2
1999-01-02,1998-12-31,1207.8,14,1999-01-21,1173.0,1149.197021484375,1183.99267578125,1216.563720703125,1207.8,8576,8192,1.1099323615160352,amazon/chronos-2
1999-01-02,1998-12-31,1207.8,15,1999-01-22,1174.1,1147.918701171875,1186.25537109375,1221.7484130859375,1207.8,8576,8192,1.1099323615160352,amazon/chronos-2
1999-01-02,1998-12-31,1207.8,16,1999-01-25,1175.5,1147.29931640625,1183.253173828125,1223.11376953125,1207.8,8576,8192,1.1099323615160352,amazon/chronos-2
1999-01-02,1998-12-31,1207.8,17,1999-01-26,1185.6,1148.92919921875,1181.991943359375,1221.072998046875,1207.8,8576,8192,1.1099323615160352,amazon/chronos-2
1999-01-02,1998-12-31,1207.8,18,1999-01-27,1176.1,1148.59521484375,1183.206787109375,1221.5450439453125,1207.8,8576,8192,1.1099323615160352,amazon/chronos-2
1999-01-02,1998-12-31,1207.8,19,1999-01-28,1175.6,1144.732177734375,1182.9871826171875,1220.17578125,1207.8,8576,8192,1.1099323615160352,amazon/chronos-2
1999-01-02,1998-12-31,1207.8,20,1999-01-29,1175.1,1145.014892578125,1178.140380859375,1220.5771484375,1207.8,8576,8192,1.1099323615160352,amazon/chronos-2
1999-01-02,1998-12-31,1207.8,21,1999-02-01,1175.3,1139.6229248046875,1178.3721923828125,1220.975341796875,1207.8,8576,8192,1.1099323615160352,amazon/chronos-2
1999-01-02,1998-12-31,1207.8,22,1999-02-02,1175.2,1135.2900390625,1175.17041015625,1220.505615234375,1207.8,8576,8192,1.1099323615160352,amazon/chronos-2
1999-01-02,1998-12-31,1207.8,23,1999-02-03,1172.3,1135.9481201171875,1175.70703125,1220.577392578125,1207.8,8576,8192,1.1099323615160352,amazon/chronos-2
1999-01-02,1998-12-31,1207.8,24,1999-02-04,1170.7,1134.003662109375,1177.2060546875,1224.63623046875,1207.8,8576,8192,1.1099323615160352,amazon/chronos-2
1999-01-02,1998-12-31,1207.8,25,1999-02-05,1170.3,1135.55859375,1179.246337890625,1225.200439453125,1207.8,8576,8192,1.1099323615160352,amazon/chronos-2
1999-01-02,1998-12-31,1207.8,26,1999-02-08,1170.1,1133.52880859375,1177.05712890625,1228.1148681640625,1207.8,8576,8192,1.1099323615160352,amazon/chronos-2
1999-01-02,1998-12-31,1207.8,27,1999-02-09,1174.0,1131.6318359375,1176.309326171875,1226.6982421875,1207.8,8576,8192,1.1099323615160352,amazon/chronos-2
1999-01-02,1998-12-31,1207.8,28,1999-02-10,1176.2,1126.3585205078125,1173.95654296875,1224.2435302734375,1207.8,8576,8192,1.1099323615160352,amazon/chronos-2
1999-01-02,1998-12-31,1207.8,29,1999-02-11,1178.5,1122.45556640625,1169.76904296875,1225.2396240234375,1207.8,8576,8192,1.1099323615160352,amazon/chronos-2
1999-01-02,1998-12-31,1207.8,30,1999-02-12,1176.3,1122.54833984375,1171.72021484375,1220.87451171875,1207.8,8576,8192,1.1099323615160352,amazon/chronos-2
1999-01-02,1998-12-31,1207.8,31,1999-02-18,1175.4,1121.4254150390625,1174.32373046875,1230.3544921875,1207.8,8576,8192,1.1099323615160352,amazon/chronos-2
1999-01-02,1998-12-31,1207.8,32,1999-02-19,1182.4,1123.4600830078125,1171.9237060546875,1230.0732421875,1207.8,8576,8192,1.1099323615160352,amazon/chronos-2
1999-01-02,1998-12-31,1207.8,33,1999-02-22,1197.3,1118.1395263671875,1171.5384521484375,1235.133056640625,1207.8,8576,8192,1.1099323615160352,amazon/chronos-2
1999-01-02,1998-12-31,1207.8,34,1999-02-23,1217.9,1119.0399169921875,1172.32080078125,1235.271240234375,1207.8,8576,8192,1.1099323615160352,amazon/chronos-2
1999-01-02,1998-12-31,1207.8,35,1999-02-24,1209.8,1111.976318359375,1170.9674072265625,1232.233154296875,1207.8,8576,8192,1.1099323615160352,amazon/chronos-2
1999-01-02,1998-12-31,1207.8,36,1999-02-25,1214.4,1115.3558349609375,1166.004150390625,1233.49072265625,1207.8,8576,8192,1.1099323615160352,amazon/chronos-2
1999-01-02,1998-12-31,1207.8,37,1999-02-26,1221.7,1108.3131103515625,1166.2537841796875,1233.265869140625,1207.8,8576,8192,1.1099323615160352,amazon/chronos-2
1999-01-02,1998-12-31,1207.8,38,1999-03-02,1222.4,1104.9361572265625,1162.9874267578125,1231.6171875,1207.8,8576,8192,1.1099323615160352,amazon/chronos-2
1999-01-02,1998-12-31,1207.8,39,1999-03-03,1224.2,1104.1175537109375,1162.85693359375,1230.763427734375,1207.8,8576,8192,1.1099323615160352,amazon/chronos-2
1999-01-02,1998-12-31,1207.8,40,1999-03-04,1229.7,1102.642822265625,1164.5399169921875,1235.257568359375,1207.8,8576,8192,1.1099323615160352,amazon/chronos-2
1999-01-02,1998-12-31,1207.8,41,1999-03-05,1238.3,1104.5306396484375,1166.82421875,1235.4913330078125,1207.8,8576,8192,1.1099323615160352,amazon/chronos-2
1999-01-02,1998-12-31,1207.8,42,1999-03-08,1242.7,1102.0283203125,1164.346923828125,1238.43701171875,1207.8,8576,8192,1.1099323615160352,amazon/chronos-2
1999-01-02,1998-12-31,1207.8,43,1999-03-09,1242.6,1101.218017578125,1163.89208984375,1235.40771484375,1207.8,8576,8192,1.1099323615160352,amazon/chronos-2
1999-01-02,1998-12-31,1207.8,44,1999-03-10,1236.3,1095.0164794921875,1160.8397216796875,1233.03759765625,1207.8,8576,8192,1.1099323615160352,amazon/chronos-2
1999-01-02,1998-12-31,1207.8,45,1999-03-11,1232.6,1091.298095703125,1156.68359375,1233.672119140625,1207.8,8576,8192,1.1099323615160352,amazon/chronos-2
1999-01-02,1998-12-31,1207.8,46,1999-03-12,1230.3,1089.37939453125,1159.12841796875,1228.638427734375,1207.8,8576,8192,1.1099323615160352,amazon/chronos-2
1999-01-02,1998-12-31,1207.8,47,1999-03-15,1233.6,1090.21826171875,1161.301025390625,1237.72705078125,1207.8,8576,8192,1.1099323615160352,amazon/chronos-2
1999-01-02,1998-12-31,1207.8,48,1999-03-16,1232.6,1090.43212890625,1157.9228515625,1238.604736328125,1207.8,8576,8192,1.1099323615160352,amazon/chronos-2
1999-01-02,1998-12-31,1207.8,49,1999-03-17,1228.7,1089.37646484375,1159.797607421875,1247.312744140625,1207.8,8576,8192,1.1099323615160352,amazon/chronos-2
1999-01-02,1998-12-31,1207.8,50,1999-03-18,1228.2,1086.7564697265625,1159.14501953125,1246.3935546875,1207.8,8576,8192,1.1099323615160352,amazon/chronos-2
1999-01-02,1998-12-31,1207.8,51,1999-03-19,1226.3,1079.5682373046875,1157.5849609375,1243.68994140625,1207.8,8576,8192,1.1099323615160352,amazon/chronos-2
1999-01-02,1998-12-31,1207.8,52,1999-03-22,1220.7,1083.3048095703125,1153.3663330078125,1245.911865234375,1207.8,8576,8192,1.1099323615160352,amazon/chronos-2
1999-01-02,1998-12-31,1207.8,53,1999-03-23,1222.2,1077.9896240234375,1154.395751953125,1244.64404296875,1207.8,8576,8192,1.1099323615160352,amazon/chronos-2
1999-01-02,1998-12-31,1207.8,54,1999-03-24,1225.7,1074.0704345703125,1150.30859375,1242.513427734375,1207.8,8576,8192,1.1099323615160352,amazon/chronos-2
1999-01-02,1998-12-31,1207.8,55,1999-03-25,1223.2,1072.601806640625,1149.827880859375,1241.095703125,1207.8,8576,8192,1.1099323615160352,amazon/chronos-2
1999-01-02,1998-12-31,1207.8,56,1999-03-26,1223.0,1072.414794921875,1152.4195556640625,1246.2249755859375,1207.8,8576,8192,1.1099323615160352,amazon/chronos-2
1999-01-02,1998-12-31,1207.8,57,1999-03-29,1222.9,1071.9102783203125,1154.64306640625,1246.33642578125,1207.8,8576,8192,1.1099323615160352,amazon/chronos-2
1999-01-02,1998-12-31,1207.8,58,1999-03-30,1227.3,1070.607177734375,1152.810302734375,1247.718994140625,1207.8,8576,8192,1.1099323615160352,amazon/chronos-2
1999-01-02,1998-12-31,1207.8,59,1999-03-31,1224.7,1068.295166015625,1152.9619140625,1245.923095703125,1207.8,8576,8192,1.1099323615160352,amazon/chronos-2
1999-01-02,1998-12-31,1207.8,60,1999-04-01,1225.9,1064.8358154296875,1149.833984375,1244.913818359375,1207.8,8576,8192,1.1099323615160352,amazon/chronos-2
1999-07-01,1999-07-01,1158.6,1,1999-07-02,1160.7,1135.9490966796875,1147.7548828125,1162.1904296875,1158.6,8699,8192,1.1497896068061622,amazon/chronos-2
1999-07-01,1999-07-01,1158.6,2,1999-07-05,1166.8,1132.5179443359375,1146.9332275390625,1161.156494140625,1158.6,8699,8192,1.1497896068061622,amazon/chronos-2
1999-07-01,1999-07-01,1158.6,3,1999-07-06,1163.3,1131.9432373046875,1147.588134765625,1160.7159423828125,1158.6,8699,8192,1.1497896068061622,amazon/chronos-2
1999-07-01,1999-07-01,1158.6,4,1999-07-07,1166.2,1130.5731201171875,1142.8482666015625,1159.682373046875,1158.6,8699,8192,1.1497896068061622,amazon/chronos-2
1999-07-01,1999-07-01,1158.6,5,1999-07-08,1171.1,1125.9932861328125,1142.3660888671875,1159.16357421875,1158.6,8699,8192,1.1497896068061622,amazon/chronos-2
1999-07-01,1999-07-01,1158.6,6,1999-07-09,1178.4,1122.02587890625,1139.6646728515625,1159.6539306640625,1158.6,8699,8192,1.1497896068061622,amazon/chronos-2
1999-07-01,1999-07-01,1158.6,7,1999-07-12,1187.5,1123.599365234375,1140.941162109375,1159.74609375,1158.6,8699,8192,1.1497896068061622,amazon/chronos-2
1999-07-01,1999-07-01,1158.6,8,1999-07-13,1186.6,1121.08837890625,1141.6046142578125,1161.6617431640625,1158.6,8699,8192,1.1497896068061622,amazon/chronos-2
1999-07-01,1999-07-01,1158.6,9,1999-07-14,1176.8,1120.90478515625,1142.96240234375,1161.9775390625,1158.6,8699,8192,1.1497896068061622,amazon/chronos-2
1999-07-01,1999-07-01,1158.6,10,1999-07-15,1180.7,1119.84912109375,1141.3486328125,1163.244140625,1158.6,8699,8192,1.1497896068061622,amazon/chronos-2
1999-07-01,1999-07-01,1158.6,11,1999-07-16,1184.2,1116.7821044921875,1140.4423828125,1163.888671875,1158.6,8699,8192,1.1497896068061622,amazon/chronos-2
1999-07-01,1999-07-01,1158.6,12,1999-07-19,1181.7,1114.836181640625,1139.4039306640625,1161.1689453125,1158.6,8699,8192,1.1497896068061622,amazon/chronos-2
1999-07-01,1999-07-01,1158.6,13,1999-07-20,1186.1,1111.552001953125,1135.279052734375,1161.5303955078125,1158.6,8699,8192,1.1497896068061622,amazon/chronos-2
1999-07-01,1999-07-01,1158.6,14,1999-07-21,1192.2,1110.939697265625,1136.482177734375,1159.09912109375,1158.6,8699,8192,1.1497896068061622,amazon/chronos-2
1999-07-01,1999-07-01,1158.6,15,1999-07-22,1197.4,1110.0709228515625,1138.520263671875,1162.978515625,1158.6,8699,8192,1.1497896068061622,amazon/chronos-2
1999-07-01,1999-07-01,1158.6,16,1999-07-23,1206.6,1109.6405029296875,1136.0313720703125,1164.192626953125,1158.6,8699,8192,1.1497896068061622,amazon/chronos-2
1999-07-01,1999-07-01,1158.6,17,1999-07-26,1208.4,1111.2830810546875,1138.126953125,1168.390869140625,1158.6,8699,8192,1.1497896068061622,amazon/chronos-2
1999-07-01,1999-07-01,1158.6,18,1999-07-27,1209.2,1109.7373046875,1137.638427734375,1166.837646484375,1158.6,8699,8192,1.1497896068061622,amazon/chronos-2
1999-07-01,1999-07-01,1158.6,19,1999-07-28,1204.7,1108.0771484375,1138.4825439453125,1166.2794189453125,1158.6,8699,8192,1.1497896068061622,amazon/chronos-2
1999-07-01,1999-07-01,1158.6,20,1999-07-29,1199.2,1108.480712890625,1133.5863037109375,1164.902099609375,1158.6,8699,8192,1.1497896068061622,amazon/chronos-2
1999-07-01,1999-07-01,1158.6,21,1999-07-30,1201.1,1104.0836181640625,1133.48291015625,1164.299560546875,1158.6,8699,8192,1.1497896068061622,amazon/chronos-2
1999-07-01,1999-07-01,1158.6,22,1999-08-02,1206.9,1101.557373046875,1130.57666015625,1163.307373046875,1158.6,8699,8192,1.1497896068061622,amazon/chronos-2
1999-07-01,1999-07-01,1158.6,23,1999-08-03,1204.1,1102.510986328125,1131.7110595703125,1163.367919921875,1158.6,8699,8192,1.1497896068061622,amazon/chronos-2
1999-07-01,1999-07-01,1158.6,24,1999-08-04,1198.4,1100.29638671875,1132.2198486328125,1165.021728515625,1158.6,8699,8192,1.1497896068061622,amazon/chronos-2
1999-07-01,1999-07-01,1158.6,25,1999-08-05,1199.6,1101.886962890625,1134.26123046875,1164.837158203125,1158.6,8699,8192,1.1497896068061622,amazon/chronos-2
1999-07-01,1999-07-01,1158.6,26,1999-08-06,1201.3,1100.79296875,1132.5982666015625,1166.186279296875,1158.6,8699,8192,1.1497896068061622,amazon/chronos-2
1999-07-01,1999-07-01,1158.6,27,1999-08-09,1200.6,1099.031005859375,1131.6466064453125,1165.666015625,1158.6,8699,8192,1.1497896068061622,amazon/chronos-2
1999-07-01,1999-07-01,1158.6,28,1999-08-10,1198.9,1095.907470703125,1130.071044921875,1162.74658203125,1158.6,8699,8192,1.1497896068061622,amazon/chronos-2
1999-07-01,1999-07-01,1158.6,29,1999-08-11,1199.6,1092.6495361328125,1125.936767578125,1162.78564453125,1158.6,8699,8192,1.1497896068061622,amazon/chronos-2
1999-07-01,1999-07-01,1158.6,30,1999-08-12,1200.3,1093.1595458984375,1127.1568603515625,1159.4378662109375,1158.6,8699,8192,1.1497896068061622,amazon/chronos-2
1999-07-01,1999-07-01,1158.6,31,1999-08-13,1205.7,1092.8079833984375,1129.553955078125,1165.143798828125,1158.6,8699,8192,1.1497896068061622,amazon/chronos-2
1999-07-01,1999-07-01,1158.6,32,1999-08-16,1207.7,1093.051513671875,1127.369873046875,1164.760986328125,1158.6,8699,8192,1.1497896068061622,amazon/chronos-2
1999-07-01,1999-07-01,1158.6,33,1999-08-17,1204.6,1092.71484375,1129.287353515625,1170.22705078125,1158.6,8699,8192,1.1497896068061622,amazon/chronos-2
1999-07-01,1999-07-01,1158.6,34,1999-08-18,1203.7,1091.750732421875,1128.3807373046875,1168.16943359375,1158.6,8699,8192,1.1497896068061622,amazon/chronos-2
1999-07-01,1999-07-01,1158.6,35,1999-08-19,1204.9,1088.16552734375,1128.6468505859375,1167.537109375,1158.6,8699,8192,1.1497896068061622,amazon/chronos-2
1999-07-01,1999-07-01,1158.6,36,1999-08-20,1199.4,1089.2310791015625,1123.790771484375,1166.507568359375,1158.6,8699,8192,1.1497896068061622,amazon/chronos-2
1999-07-01,1999-07-01,1158.6,37,1999-08-23,1201.2,1084.826904296875,1124.0816650390625,1166.572509765625,1158.6,8699,8192,1.1497896068061622,amazon/chronos-2
1999-07-01,1999-07-01,1158.6,38,1999-08-24,1197.5,1082.9049072265625,1121.45068359375,1165.573974609375,1158.6,8699,8192,1.1497896068061622,amazon/chronos-2
1999-07-01,1999-07-01,1158.6,39,1999-08-25,1200.0,1082.927001953125,1122.07080078125,1165.4091796875,1158.6,8699,8192,1.1497896068061622,amazon/chronos-2
1999-07-01,1999-07-01,1158.6,40,1999-08-26,1195.0,1081.030517578125,1122.6058349609375,1167.64111328125,1158.6,8699,8192,1.1497896068061622,amazon/chronos-2
1999-07-01,1999-07-01,1158.6,41,1999-08-27,1190.9,1082.6708984375,1124.7225341796875,1167.193603515625,1158.6,8699,8192,1.1497896068061622,amazon/chronos-2
1999-07-01,1999-07-01,1158.6,42,1999-08-30,1189.9,1081.6629638671875,1122.89013671875,1169.4404296875,1158.6,8699,8192,1.1497896068061622,amazon/chronos-2
1999-07-01,1999-07-01,1158.6,43,1999-08-31,1184.9,1080.7274169921875,1121.989501953125,1167.645263671875,1158.6,8699,8192,1.1497896068061622,amazon/chronos-2
1999-07-01,1999-07-01,1158.6,44,1999-09-01,1184.7,1076.49658203125,1119.7587890625,1164.4788818359375,1158.6,8699,8192,1.1497896068061622,amazon/chronos-2
1999-07-01,1999-07-01,1158.6,45,1999-09-02,1182.1,1073.115966796875,1115.7469482421875,1164.396240234375,1158.6,8699,8192,1.1497896068061622,amazon/chronos-2
1999-07-01,1999-07-01,1158.6,46,1999-09-03,1188.1,1072.880615234375,1117.045654296875,1160.299560546875,1158.6,8699,8192,1.1497896068061622,amazon/chronos-2
1999-07-01,1999-07-01,1158.6,47,1999-09-06,1194.3,1072.699462890625,1119.20556640625,1167.867431640625,1158.6,8699,8192,1.1497896068061622,amazon/chronos-2
1999-07-01,1999-07-01,1158.6,48,1999-09-07,1192.6,1074.194580078125,1117.257568359375,1166.427734375,1158.6,8699,8192,1.1497896068061622,amazon/chronos-2
1999-07-01,1999-07-01,1158.6,49,1999-09-08,1193.3,1070.392578125,1116.7384033203125,1170.8052978515625,1158.6,8699,8192,1.1497896068061622,amazon/chronos-2
1999-07-01,1999-07-01,1158.6,50,1999-09-09,1194.4,1070.136474609375,1115.4512939453125,1168.705810546875,1158.6,8699,8192,1.1497896068061622,amazon/chronos-2
1999-07-01,1999-07-01,1158.6,51,1999-09-10,1191.0,1064.2989501953125,1114.972900390625,1167.517333984375,1158.6,8699,8192,1.1497896068061622,amazon/chronos-2
1999-07-01,1999-07-01,1158.6,52,1999-09-13,1191.0,1066.9873046875,1110.6458740234375,1166.9442138671875,1158.6,8699,8192,1.1497896068061622,amazon/chronos-2
1999-07-01,1999-07-01,1158.6,53,1999-09-14,1192.2,1061.8609619140625,1110.99169921875,1167.35986328125,1158.6,8699,8192,1.1497896068061622,amazon/chronos-2
1999-07-01,1999-07-01,1158.6,54,1999-09-15,1190.7,1059.7933349609375,1108.6998291015625,1166.21142578125,1158.6,8699,8192,1.1497896068061622,amazon/chronos-2
1999-07-01,1999-07-01,1158.6,55,1999-09-16,1192.7,1059.209716796875,1108.91845703125,1165.8546142578125,1158.6,8699,8192,1.1497896068061622,amazon/chronos-2
1999-07-01,1999-07-01,1158.6,56,1999-09-17,1194.8,1058.265869140625,1110.28173828125,1169.047607421875,1158.6,8699,8192,1.1497896068061622,amazon/chronos-2
1999-07-01,1999-07-01,1158.6,57,1999-09-20,1204.1,1058.9498291015625,1111.8724365234375,1168.322021484375,1158.6,8699,8192,1.1497896068061622,amazon/chronos-2
1999-07-01,1999-07-01,1158.6,58,1999-09-21,1202.3,1058.011962890625,1110.12841796875,1171.365966796875,1158.6,8699,8192,1.1497896068061622,amazon/chronos-2
1999-07-01,1999-07-01,1158.6,59,1999-09-22,1202.7,1057.377197265625,1109.61865234375,1168.3551025390625,1158.6,8699,8192,1.1497896068061622,amazon/chronos-2
1999-07-01,1999-07-01,1158.6,60,1999-09-27,1207.3,1053.2635498046875,1107.3878173828125,1166.0009765625,1158.6,8699,8192,1.1497896068061622,amazon/chronos-2
2000-01-02,1999-12-30,1145.4,1,2000-01-04,1134.5,1129.4403076171875,1141.5322265625,1154.618896484375,1145.4,8827,8192,1.178208701563562,amazon/chronos-2
2000-01-02,1999-12-30,1145.4,2,2000-01-05,1125.8,1126.522705078125,1140.2425537109375,1153.182861328125,1145.4,8827,8192,1.178208701563562,amazon/chronos-2
2000-01-02,1999-12-30,1145.4,3,2000-01-06,1130.1,1125.6260986328125,1140.8216552734375,1153.0654296875,1145.4,8827,8192,1.178208701563562,amazon/chronos-2
2000-01-02,1999-12-30,1145.4,4,2000-01-07,1139.1,1124.3963623046875,1136.5130615234375,1152.4375,1145.4,8827,8192,1.178208701563562,amazon/chronos-2
2000-01-02,1999-12-30,1145.4,5,2000-01-10,1145.9,1121.0682373046875,1136.6624755859375,1152.1019287109375,1145.4,8827,8192,1.178208701563562,amazon/chronos-2
2000-01-02,1999-12-30,1145.4,6,2000-01-11,1135.3,1118.190185546875,1134.8045654296875,1153.7135009765625,1145.4,8827,8192,1.178208701563562,amazon/chronos-2
2000-01-02,1999-12-30,1145.4,7,2000-01-12,1137.3,1119.5609130859375,1135.7161865234375,1153.4510498046875,1145.4,8827,8192,1.178208701563562,amazon/chronos-2
2000-01-02,1999-12-30,1145.4,8,2000-01-13,1147.0,1117.4078369140625,1136.69091796875,1155.135009765625,1145.4,8827,8192,1.178208701563562,amazon/chronos-2
2000-01-02,1999-12-30,1145.4,9,2000-01-14,1138.5,1117.75244140625,1138.3531494140625,1155.7733154296875,1145.4,8827,8192,1.178208701563562,amazon/chronos-2
2000-01-02,1999-12-30,1145.4,10,2000-01-17,1127.1,1117.5994873046875,1137.1923828125,1157.372314453125,1145.4,8827,8192,1.178208701563562,amazon/chronos-2
2000-01-02,1999-12-30,1145.4,11,2000-01-18,1122.1,1114.8441162109375,1136.751953125,1158.1873779296875,1145.4,8827,8192,1.178208701563562,amazon/chronos-2
2000-01-02,1999-12-30,1145.4,12,2000-01-19,1124.4,1113.0799560546875,1135.6400146484375,1155.54931640625,1145.4,8827,8192,1.178208701563562,amazon/chronos-2
2000-01-02,1999-12-30,1145.4,13,2000-01-20,1128.9,1110.3306884765625,1132.0706787109375,1156.2734375,1145.4,8827,8192,1.178208701563562,amazon/chronos-2
2000-01-02,1999-12-30,1145.4,14,2000-01-21,1132.2,1110.232421875,1133.2890625,1153.51806640625,1145.4,8827,8192,1.178208701563562,amazon/chronos-2
2000-01-02,1999-12-30,1145.4,15,2000-01-24,1127.6,1109.5224609375,1135.257568359375,1156.9193115234375,1145.4,8827,8192,1.178208701563562,amazon/chronos-2
2000-01-02,1999-12-30,1145.4,16,2000-01-25,1126.2,1108.93603515625,1132.6221923828125,1157.6954345703125,1145.4,8827,8192,1.178208701563562,amazon/chronos-2
2000-01-02,1999-12-30,1145.4,17,2000-01-26,1125.9,1110.49853515625,1135.345703125,1161.6724853515625,1145.4,8827,8192,1.178208701563562,amazon/chronos-2
2000-01-02,1999-12-30,1145.4,18,2000-01-27,1126.8,1109.3648681640625,1134.206298828125,1159.6329345703125,1145.4,8827,8192,1.178208701563562,amazon/chronos-2
2000-01-02,1999-12-30,1145.4,19,2000-01-28,1126.1,1107.3592529296875,1134.963623046875,1159.2921142578125,1145.4,8827,8192,1.178208701563562,amazon/chronos-2
2000-01-02,1999-12-30,1145.4,20,2000-01-31,1122.1,1107.2073974609375,1130.453369140625,1157.7364501953125,1145.4,8827,8192,1.178208701563562,amazon/chronos-2
2000-01-02,1999-12-30,1145.4,21,2000-02-01,1125.4,1103.8492431640625,1130.728515625,1158.079833984375,1145.4,8827,8192,1.178208701563562,amazon/chronos-2
2000-01-02,1999-12-30,1145.4,22,2000-02-02,1125.0,1101.470703125,1128.71044921875,1158.3388671875,1145.4,8827,8192,1.178208701563562,amazon/chronos-2
2000-01-02,1999-12-30,1145.4,23,2000-02-03,1131.0,1102.943359375,1129.3951416015625,1157.70068359375,1145.4,8827,8192,1.178208701563562,amazon/chronos-2
2000-01-02,1999-12-30,1145.4,24,2000-02-07,1129.0,1100.8681640625,1130.2060546875,1159.08154296875,1145.4,8827,8192,1.178208701563562,amazon/chronos-2
2000-01-02,1999-12-30,1145.4,25,2000-02-08,1129.0,1102.28857421875,1132.0745849609375,1159.0955810546875,1145.4,8827,8192,1.178208701563562,amazon/chronos-2
2000-01-02,1999-12-30,1145.4,26,2000-02-09,1130.1,1101.87109375,1130.781494140625,1160.624267578125,1145.4,8827,8192,1.178208701563562,amazon/chronos-2
2000-01-02,1999-12-30,1145.4,27,2000-02-10,1125.5,1100.124755859375,1130.029541015625,1160.8271484375,1145.4,8827,8192,1.178208701563562,amazon/chronos-2
2000-01-02,1999-12-30,1145.4,28,2000-02-11,1121.1,1097.763916015625,1128.741943359375,1157.298095703125,1145.4,8827,8192,1.178208701563562,amazon/chronos-2
2000-01-02,1999-12-30,1145.4,29,2000-02-14,1116.8,1094.6103515625,1125.0343017578125,1157.6690673828125,1145.4,8827,8192,1.178208701563562,amazon/chronos-2
2000-01-02,1999-12-30,1145.4,30,2000-02-15,1119.7,1095.4664306640625,1125.9642333984375,1154.51318359375,1145.4,8827,8192,1.178208701563562,amazon/chronos-2
2000-01-02,1999-12-30,1145.4,31,2000-02-16,1127.4,1094.814208984375,1128.0068359375,1158.3590087890625,1145.4,8827,8192,1.178208701563562,amazon/chronos-2
2000-01-02,1999-12-30,1145.4,32,2000-02-17,1125.3,1095.349853515625,1125.8470458984375,1158.5574951171875,1145.4,8827,8192,1.178208701563562,amazon/chronos-2
2000-01-02,1999-12-30,1145.4,33,2000-02-18,1127.8,1094.87353515625,1127.9898681640625,1162.8897705078125,1145.4,8827,8192,1.178208701563562,amazon/chronos-2
2000-01-02,1999-12-30,1145.4,34,2000-02-21,1130.2,1094.773193359375,1126.9913330078125,1160.8153076171875,1145.4,8827,8192,1.178208701563562,amazon/chronos-2
2000-01-02,1999-12-30,1145.4,35,2000-02-22,1131.0,1091.02685546875,1127.204345703125,1160.00244140625,1145.4,8827,8192,1.178208701563562,amazon/chronos-2
2000-01-02,1999-12-30,1145.4,36,2000-02-23,1134.4,1091.489501953125,1122.6470947265625,1158.867431640625,1145.4,8827,8192,1.178208701563562,amazon/chronos-2
2000-01-02,1999-12-30,1145.4,37,2000-02-24,1133.7,1088.05615234375,1122.996826171875,1159.263427734375,1145.4,8827,8192,1.178208701563562,amazon/chronos-2
2000-01-02,1999-12-30,1145.4,38,2000-02-25,1139.1,1086.1851806640625,1121.0233154296875,1158.894287109375,1145.4,8827,8192,1.178208701563562,amazon/chronos-2
2000-01-02,1999-12-30,1145.4,39,2000-02-28,1141.0,1087.20458984375,1121.651123046875,1158.2530517578125,1145.4,8827,8192,1.178208701563562,amazon/chronos-2
2000-01-02,1999-12-30,1145.4,40,2000-02-29,1131.8,1085.0789794921875,1122.3629150390625,1160.087890625,1145.4,8827,8192,1.178208701563562,amazon/chronos-2
2000-01-02,1999-12-30,1145.4,41,2000-03-02,1132.4,1087.934814453125,1124.6888427734375,1159.6563720703125,1145.4,8827,8192,1.178208701563562,amazon/chronos-2
2000-01-02,1999-12-30,1145.4,42,2000-03-03,1122.7,1086.55615234375,1122.900634765625,1161.5263671875,1145.4,8827,8192,1.178208701563562,amazon/chronos-2
2000-01-02,1999-12-30,1145.4,43,2000-03-06,1120.9,1085.381103515625,1121.971435546875,1160.5733642578125,1145.4,8827,8192,1.178208701563562,amazon/chronos-2
2000-01-02,1999-12-30,1145.4,44,2000-03-07,1120.1,1082.522705078125,1120.798583984375,1157.466552734375,1145.4,8827,8192,1.178208701563562,amazon/chronos-2
2000-01-02,1999-12-30,1145.4,45,2000-03-08,1117.4,1079.4307861328125,1117.0712890625,1157.76416015625,1145.4,8827,8192,1.178208701563562,amazon/chronos-2
2000-01-02,1999-12-30,1145.4,46,2000-03-09,1120.1,1081.203369140625,1118.566650390625,1154.641845703125,1145.4,8827,8192,1.178208701563562,amazon/chronos-2
2000-01-02,1999-12-30,1145.4,47,2000-03-10,1120.3,1079.76904296875,1120.4808349609375,1160.751220703125,1145.4,8827,8192,1.178208701563562,amazon/chronos-2
2000-01-02,1999-12-30,1145.4,48,2000-03-13,1119.6,1081.3551025390625,1118.6395263671875,1159.2933349609375,1145.4,8827,8192,1.178208701563562,amazon/chronos-2
2000-01-02,1999-12-30,1145.4,49,2000-03-14,1120.8,1077.6864013671875,1119.291748046875,1162.682373046875,1145.4,8827,8192,1.178208701563562,amazon/chronos-2
2000-01-02,1999-12-30,1145.4,50,2000-03-15,1120.1,1078.287109375,1118.288330078125,1160.75830078125,1145.4,8827,8192,1.178208701563562,amazon/chronos-2
2000-01-02,1999-12-30,1145.4,51,2000-03-16,1118.0,1072.73486328125,1117.87109375,1159.4259033203125,1145.4,8827,8192,1.178208701563562,amazon/chronos-2
2000-01-02,1999-12-30,1145.4,52,2000-03-17,1117.6,1074.3818359375,1113.7593994140625,1159.117919921875,1145.4,8827,8192,1.178208701563562,amazon/chronos-2
2000-01-02,1999-12-30,1145.4,53,2000-03-20,1117.8,1070.3260498046875,1114.3580322265625,1159.658447265625,1145.4,8827,8192,1.178208701563562,amazon/chronos-2
2000-01-02,1999-12-30,1145.4,54,2000-03-21,1118.0,1068.6583251953125,1112.3648681640625,1158.871826171875,1145.4,8827,8192,1.178208701563562,amazon/chronos-2
2000-01-02,1999-12-30,1145.4,55,2000-03-22,1117.8,1068.593017578125,1112.65234375,1158.2335205078125,1145.4,8827,8192,1.178208701563562,amazon/chronos-2
2000-01-02,1999-12-30,1145.4,56,2000-03-23,1114.6,1066.95751953125,1113.45263671875,1160.4287109375,1145.4,8827,8192,1.178208701563562,amazon/chronos-2
2000-01-02,1999-12-30,1145.4,57,2000-03-24,1112.0,1069.2099609375,1115.610595703125,1159.8714599609375,1145.4,8827,8192,1.178208701563562,amazon/chronos-2
2000-01-02,1999-12-30,1145.4,58,2000-03-27,1108.7,1068.3072509765625,1113.853515625,1162.09033203125,1145.4,8827,8192,1.178208701563562,amazon/chronos-2
2000-01-02,1999-12-30,1145.4,59,2000-03-28,1110.2,1067.51318359375,1112.841064453125,1159.860107421875,1145.4,8827,8192,1.178208701563562,amazon/chronos-2
2000-01-02,1999-12-30,1145.4,60,2000-03-29,1111.2,1064.16650390625,1111.4573974609375,1157.312744140625,1145.4,8827,8192,1.178208701563562,amazon/chronos-2
2000-07-01,2000-06-30,1114.8,1,2000-07-03,1115.4,1101.8316650390625,1112.218017578125,1123.162841796875,1114.8,8948,8192,1.200141947021348,amazon/chronos-2
2000-07-01,2000-06-30,1114.8,2,2000-07-04,1113.2,1100.104248046875,1111.743408203125,1122.63525390625,1114.8,8948,8192,1.200141947021348,amazon/chronos-2
2000-07-01,2000-06-30,1114.8,3,2000-07-05,1114.6,1099.8592529296875,1112.40869140625,1122.1666259765625,1114.8,8948,8192,1.200141947021348,amazon/chronos-2
2000-07-01,2000-06-30,1114.8,4,2000-07-06,1116.4,1099.4429931640625,1108.849365234375,1121.525390625,1114.8,8948,8192,1.200141947021348,amazon/chronos-2
2000-07-01,2000-06-30,1114.8,5,2000-07-07,1118.9,1096.7713623046875,1108.912353515625,1121.185546875,1114.8,8948,8192,1.200141947021348,amazon/chronos-2
2000-07-01,2000-06-30,1114.8,6,2000-07-10,1117.0,1094.80517578125,1107.59619140625,1122.42529296875,1114.8,8948,8192,1.200141947021348,amazon/chronos-2
2000-07-01,2000-06-30,1114.8,7,2000-07-11,1118.7,1096.19921875,1108.299560546875,1121.85595703125,1114.8,8948,8192,1.200141947021348,amazon/chronos-2
2000-07-01,2000-06-30,1114.8,8,2000-07-12,1116.3,1093.8970947265625,1109.141845703125,1122.9925537109375,1114.8,8948,8192,1.200141947021348,amazon/chronos-2
2000-07-01,2000-06-30,1114.8,9,2000-07-13,1115.4,1094.7337646484375,1110.619384765625,1123.3099365234375,1114.8,8948,8192,1.200141947021348,amazon/chronos-2
2000-07-01,2000-06-30,1114.8,10,2000-07-14,1114.0,1095.0340576171875,1109.65673828125,1124.7353515625,1114.8,8948,8192,1.200141947021348,amazon/chronos-2
2000-07-01,2000-06-30,1114.8,11,2000-07-18,1112.4,1092.3475341796875,1109.1800537109375,1125.4656982421875,1114.8,8948,8192,1.200141947021348,amazon/chronos-2
2000-07-01,2000-06-30,1114.8,12,2000-07-19,1113.5,1091.373291015625,1108.4287109375,1122.458251953125,1114.8,8948,8192,1.200141947021348,amazon/chronos-2
2000-07-01,2000-06-30,1114.8,13,2000-07-20,1113.3,1089.151123046875,1105.246337890625,1123.1868896484375,1114.8,8948,8192,1.200141947021348,amazon/chronos-2
2000-07-01,2000-06-30,1114.8,14,2000-07-21,1112.1,1088.648193359375,1105.8836669921875,1120.423828125,1114.8,8948,8192,1.200141947021348,amazon/chronos-2
2000-07-01,2000-06-30,1114.8,15,2000-07-24,1112.3,1088.27490234375,1107.67431640625,1123.0888671875,1114.8,8948,8192,1.200141947021348,amazon/chronos-2
2000-07-01,2000-06-30,1114.8,16,2000-07-25,1113.4,1088.25244140625,1105.553955078125,1123.91796875,1114.8,8948,8192,1.200141947021348,amazon/chronos-2
2000-07-01,2000-06-30,1114.8,17,2000-07-26,1114.9,1085.81591796875,1105.8026123046875,1126.686767578125,1114.8,8948,8192,1.200141947021348,amazon/chronos-2
2000-07-01,2000-06-30,1114.8,18,2000-07-27,1115.8,1084.94580078125,1105.28125,1125.2073974609375,1114.8,8948,8192,1.200141947021348,amazon/chronos-2
2000-07-01,2000-06-30,1114.8,19,2000-07-28,1114.5,1084.06201171875,1105.8519287109375,1124.6153564453125,1114.8,8948,8192,1.200141947021348,amazon/chronos-2
2000-07-01,2000-06-30,1114.8,20,2000-07-31,1116.2,1084.4781494140625,1102.312744140625,1123.988037109375,1114.8,8948,8192,1.200141947021348,amazon/chronos-2
2000-07-01,2000-06-30,1114.8,21,2000-08-01,1117.1,1081.797607421875,1102.67431640625,1124.0880126953125,1114.8,8948,8192,1.200141947021348,amazon/chronos-2
2000-07-01,2000-06-30,1114.8,22,2000-08-02,1116.2,1080.2073974609375,1101.146484375,1124.3934326171875,1114.8,8948,8192,1.200141947021348,amazon/chronos-2
2000-07-01,2000-06-30,1114.8,23,2000-08-03,1115.7,1081.5404052734375,1101.9404296875,1123.9215087890625,1114.8,8948,8192,1.200141947021348,amazon/chronos-2
2000-07-01,2000-06-30,1114.8,24,2000-08-04,1114.8,1079.5604248046875,1102.675048828125,1124.835205078125,1114.8,8948,8192,1.200141947021348,amazon/chronos-2
2000-07-01,2000-06-30,1114.8,25,2000-08-07,1115.3,1081.405029296875,1104.6064453125,1124.847900390625,1114.8,8948,8192,1.200141947021348,amazon/chronos-2
2000-07-01,2000-06-30,1114.8,26,2000-08-08,1116.2,1080.783447265625,1103.082275390625,1125.97802734375,1114.8,8948,8192,1.200141947021348,amazon/chronos-2
2000-07-01,2000-06-30,1114.8,27,2000-08-09,1116.9,1078.958984375,1102.377685546875,1126.1490478515625,1114.8,8948,8192,1.200141947021348,amazon/chronos-2
2000-07-01,2000-06-30,1114.8,28,2000-08-10,1114.7,1077.160888671875,1101.38037109375,1122.9566650390625,1114.8,8948,8192,1.200141947021348,amazon/chronos-2
2000-07-01,2000-06-30,1114.8,29,2000-08-11,1114.1,1074.58837890625,1097.977294921875,1123.5689697265625,1114.8,8948,8192,1.200141947021348,amazon/chronos-2
2000-07-01,2000-06-30,1114.8,30,2000-08-14,1114.8,1074.8563232421875,1098.60205078125,1120.16943359375,1114.8,8948,8192,1.200141947021348,amazon/chronos-2
2000-07-01,2000-06-30,1114.8,31,2000-08-16,1114.9,1074.526123046875,1100.5791015625,1123.686279296875,1114.8,8948,8192,1.200141947021348,amazon/chronos-2
2000-07-01,2000-06-30,1114.8,32,2000-08-17,1115.0,1074.83056640625,1098.5484619140625,1124.0374755859375,1114.8,8948,8192,1.200141947021348,amazon/chronos-2
2000-07-01,2000-06-30,1114.8,33,2000-08-18,1114.6,1073.326904296875,1100.20654296875,1129.358154296875,1114.8,8948,8192,1.200141947021348,amazon/chronos-2
2000-07-01,2000-06-30,1114.8,34,2000-08-21,1114.7,1073.033203125,1099.7196044921875,1127.9840087890625,1114.8,8948,8192,1.200141947021348,amazon/chronos-2
2000-07-01,2000-06-30,1114.8,35,2000-08-22,1114.6,1070.896240234375,1100.090087890625,1127.359619140625,1114.8,8948,8192,1.200141947021348,amazon/chronos-2
2000-07-01,2000-06-30,1114.8,36,2000-08-23,1114.3,1071.61865234375,1096.36376953125,1126.86376953125,1114.8,8948,8192,1.200141947021348,amazon/chronos-2
2000-07-01,2000-06-30,1114.8,37,2000-08-24,1114.6,1068.7689208984375,1096.7462158203125,1127.450927734375,1114.8,8948,8192,1.200141947021348,amazon/chronos-2
2000-07-01,2000-06-30,1114.8,38,2000-08-25,1114.2,1066.9007568359375,1094.8126220703125,1126.587890625,1114.8,8948,8192,1.200141947021348,amazon/chronos-2
2000-07-01,2000-06-30,1114.8,39,2000-08-28,1114.2,1067.767333984375,1095.7633056640625,1126.7388916015625,1114.8,8948,8192,1.200141947021348,amazon/chronos-2
2000-07-01,2000-06-30,1114.8,40,2000-08-29,1113.0,1065.5245361328125,1096.0751953125,1127.6475830078125,1114.8,8948,8192,1.200141947021348,amazon/chronos-2
2000-07-01,2000-06-30,1114.8,41,2000-08-30,1111.2,1067.8502197265625,1098.3165283203125,1127.7666015625,1114.8,8948,8192,1.200141947021348,amazon/chronos-2
2000-07-01,2000-06-30,1114.8,42,2000-08-31,1108.8,1066.8836669921875,1096.75732421875,1129.589111328125,1114.8,8948,8192,1.200141947021348,amazon/chronos-2
2000-07-01,2000-06-30,1114.8,43,2000-09-01,1109.4,1065.9698486328125,1095.853759765625,1128.3572998046875,1114.8,8948,8192,1.200141947021348,amazon/chronos-2
2000-07-01,2000-06-30,1114.8,44,2000-09-04,1106.8,1063.6014404296875,1095.271728515625,1126.218994140625,1114.8,8948,8192,1.200141947021348,amazon/chronos-2
2000-07-01,2000-06-30,1114.8,45,2000-09-05,1105.0,1061.2176513671875,1092.043701171875,1127.1312255859375,1114.8,8948,8192,1.200141947021348,amazon/chronos-2
2000-07-01,2000-06-30,1114.8,46,2000-09-06,1104.9,1062.02783203125,1092.6732177734375,1123.2117919921875,1114.8,8948,8192,1.200141947021348,amazon/chronos-2
2000-07-01,2000-06-30,1114.8,47,2000-09-07,1106.1,1060.729736328125,1094.417724609375,1128.78955078125,1114.8,8948,8192,1.200141947021348,amazon/chronos-2
2000-07-01,2000-06-30,1114.8,48,2000-09-08,1109.0,1062.1063232421875,1092.7100830078125,1128.475341796875,1114.8,8948,8192,1.200141947021348,amazon/chronos-2
2000-07-01,2000-06-30,1114.8,49,2000-09-14,1108.9,1060.409912109375,1094.719482421875,1132.5531005859375,1114.8,8948,8192,1.200141947021348,amazon/chronos-2
2000-07-01,2000-06-30,1114.8,50,2000-09-15,1113.5,1060.4222412109375,1094.1259765625,1131.3485107421875,1114.8,8948,8192,1.200141947021348,amazon/chronos-2
2000-07-01,2000-06-30,1114.8,51,2000-09-18,1117.9,1056.7322998046875,1093.8367919921875,1130.5498046875,1114.8,8948,8192,1.200141947021348,amazon/chronos-2
2000-07-01,2000-06-30,1114.8,52,2000-09-19,1130.6,1058.6868896484375,1090.678955078125,1130.7889404296875,1114.8,8948,8192,1.200141947021348,amazon/chronos-2
2000-07-01,2000-06-30,1114.8,53,2000-09-20,1127.7,1055.061767578125,1090.928955078125,1131.4893798828125,1114.8,8948,8192,1.200141947021348,amazon/chronos-2
2000-07-01,2000-06-30,1114.8,54,2000-09-21,1121.0,1054.037841796875,1089.09375,1130.3892822265625,1114.8,8948,8192,1.200141947021348,amazon/chronos-2
2000-07-01,2000-06-30,1114.8,55,2000-09-22,1129.0,1054.6767578125,1090.4422607421875,1131.3919677734375,1114.8,8948,8192,1.200141947021348,amazon/chronos-2
2000-07-01,2000-06-30,1114.8,56,2000-09-25,1132.7,1052.78515625,1090.731201171875,1133.009033203125,1114.8,8948,8192,1.200141947021348,amazon/chronos-2
2000-07-01,2000-06-30,1114.8,57,2000-09-26,1124.7,1055.07177734375,1093.06787109375,1133.2275390625,1114.8,8948,8192,1.200141947021348,amazon/chronos-2
2000-07-01,2000-06-30,1114.8,58,2000-09-27,1121.7,1054.584716796875,1091.6629638671875,1136.0941162109375,1114.8,8948,8192,1.200141947021348,amazon/chronos-2
2000-07-01,2000-06-30,1114.8,59,2000-09-28,1114.6,1054.502197265625,1090.723388671875,1132.8631591796875,1114.8,8948,8192,1.200141947021348,amazon/chronos-2
2000-07-01,2000-06-30,1114.8,60,2000-09-29,1114.7,1050.8878173828125,1089.8182373046875,1131.2021484375,1114.8,8948,8192,1.200141947021348,amazon/chronos-2
2001-01-02,2001-01-02,1259.7,1,2001-01-03,1267.8,1242.25048828125,1262.203369140625,1282.767333984375,1259.7,9072,8192,1.2361338330944773,amazon/chronos-2
2001-01-02,2001-01-02,1259.7,2,2001-01-04,1285.4,1241.209228515625,1262.7708740234375,1285.250732421875,1259.7,9072,8192,1.2361338330944773,amazon/chronos-2
2001-01-02,2001-01-02,1259.7,3,2001-01-05,1249.3,1239.3719482421875,1264.9674072265625,1288.380126953125,1259.7,9072,8192,1.2361338330944773,amazon/chronos-2
2001-01-02,2001-01-02,1259.7,4,2001-01-08,1267.8,1237.8197021484375,1263.351806640625,1292.0511474609375,1259.7,9072,8192,1.2361338330944773,amazon/chronos-2
2001-01-02,2001-01-02,1259.7,5,2001-01-09,1264.6,1235.295654296875,1265.864990234375,1297.1826171875,1259.7,9072,8192,1.2361338330944773,amazon/chronos-2
2001-01-02,2001-01-02,1259.7,6,2001-01-10,1257.9,1233.229736328125,1265.890625,1302.739990234375,1259.7,9072,8192,1.2361338330944773,amazon/chronos-2
2001-01-02,2001-01-02,1259.7,7,2001-01-11,1261.6,1235.100341796875,1268.619873046875,1305.8118896484375,1259.7,9072,8192,1.2361338330944773,amazon/chronos-2
2001-01-02,2001-01-02,1259.7,8,2001-01-12,1276.6,1231.836181640625,1270.8858642578125,1312.298095703125,1259.7,9072,8192,1.2361338330944773,amazon/chronos-2
2001-01-02,2001-01-02,1259.7,9,2001-01-15,1281.2,1236.57373046875,1275.8369140625,1316.664794921875,1259.7,9072,8192,1.2361338330944773,amazon/chronos-2
2001-01-02,2001-01-02,1259.7,10,2001-01-16,1285.9,1234.0068359375,1276.142822265625,1324.6455078125,1259.7,9072,8192,1.2361338330944773,amazon/chronos-2
2001-01-02,2001-01-02,1259.7,11,2001-01-17,1284.4,1231.897216796875,1277.903076171875,1326.073974609375,1259.7,9072,8192,1.2361338330944773,amazon/chronos-2
2001-01-02,2001-01-02,1259.7,12,2001-01-18,1277.2,1229.4674072265625,1277.5504150390625,1326.108154296875,1259.7,9072,8192,1.2361338330944773,amazon/chronos-2
2001-01-02,2001-01-02,1259.7,13,2001-01-19,1286.5,1225.848876953125,1274.541015625,1331.6796875,1259.7,9072,8192,1.2361338330944773,amazon/chronos-2
2001-01-02,2001-01-02,1259.7,14,2001-01-22,1276.7,1228.16845703125,1279.007568359375,1328.677734375,1259.7,9072,8192,1.2361338330944773,amazon/chronos-2
2001-01-02,2001-01-02,1259.7,15,2001-01-26,1270.9,1224.8450927734375,1282.419677734375,1339.937744140625,1259.7,9072,8192,1.2361338330944773,amazon/chronos-2
2001-01-02,2001-01-02,1259.7,16,2001-01-29,1275.3,1227.178466796875,1280.4483642578125,1342.26513671875,1259.7,9072,8192,1.2361338330944773,amazon/chronos-2
2001-01-02,2001-01-02,1259.7,17,2001-01-30,1279.5,1227.892822265625,1282.623779296875,1364.749267578125,1259.7,9072,8192,1.2361338330944773,amazon/chronos-2
2001-01-02,2001-01-02,1259.7,18,2001-01-31,1265.5,1228.971923828125,1282.15185546875,1366.21337890625,1259.7,9072,8192,1.2361338330944773,amazon/chronos-2
2001-01-02,2001-01-02,1259.7,19,2001-02-01,1261.3,1221.972900390625,1283.328125,1368.158447265625,1259.7,9072,8192,1.2361338330944773,amazon/chronos-2
2001-01-02,2001-01-02,1259.7,20,2001-02-02,1259.7,1224.9112548828125,1282.258056640625,1374.22998046875,1259.7,9072,8192,1.2361338330944773,amazon/chronos-2
2001-01-02,2001-01-02,1259.7,21,2001-02-05,1251.9,1219.7919921875,1283.4603271484375,1376.176513671875,1259.7,9072,8192,1.2361338330944773,amazon/chronos-2
2001-01-02,2001-01-02,1259.7,22,2001-02-06,1258.6,1216.413330078125,1281.81591796875,1378.61279296875,1259.7,9072,8192,1.2361338330944773,amazon/chronos-2
2001-01-02,2001-01-02,1259.7,23,2001-02-07,1257.0,1218.18310546875,1284.77001953125,1381.193115234375,1259.7,9072,8192,1.2361338330944773,amazon/chronos-2
2001-01-02,2001-01-02,1259.7,24,2001-02-08,1263.4,1215.88330078125,1286.8572998046875,1390.43798828125,1259.7,9072,8192,1.2361338330944773,amazon/chronos-2
2001-01-02,2001-01-02,1259.7,25,2001-02-09,1268.8,1222.4501953125,1291.511962890625,1394.2978515625,1259.7,9072,8192,1.2361338330944773,amazon/chronos-2
2001-01-02,2001-01-02,1259.7,26,2001-02-12,1261.3,1217.819580078125,1290.8193359375,1396.1796875,1259.7,9072,8192,1.2361338330944773,amazon/chronos-2
2001-01-02,2001-01-02,1259.7,27,2001-02-13,1265.2,1218.9927978515625,1291.804931640625,1399.67431640625,1259.7,9072,8192,1.2361338330944773,amazon/chronos-2
2001-01-02,2001-01-02,1259.7,28,2001-02-14,1256.4,1213.332763671875,1290.9638671875,1399.673095703125,1259.7,9072,8192,1.2361338330944773,amazon/chronos-2
2001-01-02,2001-01-02,1259.7,29,2001-02-15,1252.1,1207.6622314453125,1286.614990234375,1403.24560546875,1259.7,9072,8192,1.2361338330944773,amazon/chronos-2
2001-01-02,2001-01-02,1259.7,30,2001-02-16,1246.9,1206.4844970703125,1290.972412109375,1397.5050048828125,1259.7,9072,8192,1.2361338330944773,amazon/chronos-2
2001-01-02,2001-01-02,1259.7,31,2001-02-19,1242.4,1208.734619140625,1295.73779296875,1408.3634033203125,1259.7,9072,8192,1.2361338330944773,amazon/chronos-2
2001-01-02,2001-01-02,1259.7,32,2001-02-20,1248.0,1216.2203369140625,1293.9649658203125,1414.822265625,1259.7,9072,8192,1.2361338330944773,amazon/chronos-2
2001-01-02,2001-01-02,1259.7,33,2001-02-21,1243.3,1208.843994140625,1291.721923828125,1433.814208984375,1259.7,9072,8192,1.2361338330944773,amazon/chronos-2
2001-01-02,2001-01-02,1259.7,34,2001-02-22,1235.7,1209.60791015625,1291.082275390625,1436.936279296875,1259.7,9072,8192,1.2361338330944773,amazon/chronos-2
2001-01-02,2001-01-02,1259.7,35,2001-02-23,1244.3,1199.515869140625,1291.291015625,1436.9658203125,1259.7,9072,8192,1.2361338330944773,amazon/chronos-2
2001-01-02,2001-01-02,1259.7,36,2001-02-26,1246.6,1206.397216796875,1289.696533203125,1441.77490234375,1259.7,9072,8192,1.2361338330944773,amazon/chronos-2
2001-01-02,2001-01-02,1259.7,37,2001-02-27,1247.8,1199.7410888671875,1291.705322265625,1438.88671875,1259.7,9072,8192,1.2361338330944773,amazon/chronos-2
2001-01-02,2001-01-02,1259.7,38,2001-02-28,1245.7,1194.893798828125,1287.2069091796875,1444.5849609375,1259.7,9072,8192,1.2361338330944773,amazon/chronos-2
2001-01-02,2001-01-02,1259.7,39,2001-03-02,1249.8,1196.655517578125,1291.516845703125,1446.1123046875,1259.7,9072,8192,1.2361338330944773,amazon/chronos-2
2001-01-02,2001-01-02,1259.7,40,2001-03-05,1261.4,1195.831787109375,1293.5927734375,1454.868408203125,1259.7,9072,8192,1.2361338330944773,amazon/chronos-2
2001-01-02,2001-01-02,1259.7,41,2001-03-06,1274.3,1199.728515625,1298.23583984375,1458.380615234375,1259.7,9072,8192,1.2361338330944773,amazon/chronos-2
2001-01-02,2001-01-02,1259.7,42,2001-03-07,1266.3,1196.166748046875,1298.0625,1458.80126953125,1259.7,9072,8192,1.2361338330944773,amazon/chronos-2
2001-01-02,2001-01-02,1259.7,43,2001-03-08,1269.7,1196.548095703125,1298.220703125,1465.616943359375,1259.7,9072,8192,1.2361338330944773,amazon/chronos-2
2001-01-02,2001-01-02,1259.7,44,2001-03-09,1274.7,1191.2462158203125,1297.6158447265625,1468.59326171875,1259.7,9072,8192,1.2361338330944773,amazon/chronos-2
2001-01-02,2001-01-02,1259.7,45,2001-03-12,1267.1,1187.09912109375,1292.9091796875,1471.98681640625,1259.7,9072,8192,1.2361338330944773,amazon/chronos-2
2001-01-02,2001-01-02,1259.7,46,2001-03-13,1278.7,1184.4365234375,1297.5445556640625,1464.377685546875,1259.7,9072,8192,1.2361338330944773,amazon/chronos-2
2001-01-02,2001-01-02,1259.7,47,2001-03-14,1279.3,1190.418212890625,1301.9423828125,1470.91796875,1259.7,9072,8192,1.2361338330944773,amazon/chronos-2
2001-01-02,2001-01-02,1259.7,48,2001-03-15,1275.2,1194.6983642578125,1299.03759765625,1477.9786376953125,1259.7,9072,8192,1.2361338330944773,amazon/chronos-2
2001-01-02,2001-01-02,1259.7,49,2001-03-16,1286.2,1192.322509765625,1301.9893798828125,1510.0352783203125,1259.7,9072,8192,1.2361338330944773,amazon/chronos-2
2001-01-02,2001-01-02,1259.7,50,2001-03-19,1291.6,1190.9112548828125,1299.9512939453125,1509.126953125,1259.7,9072,8192,1.2361338330944773,amazon/chronos-2
2001-01-02,2001-01-02,1259.7,51,2001-03-20,1298.4,1183.0423583984375,1300.225341796875,1510.36767578125,1259.7,9072,8192,1.2361338330944773,amazon/chronos-2
2001-01-02,2001-01-02,1259.7,52,2001-03-21,1294.9,1188.3447265625,1299.2882080078125,1515.205322265625,1259.7,9072,8192,1.2361338330944773,amazon/chronos-2
2001-01-02,2001-01-02,1259.7,53,2001-03-22,1302.9,1184.97216796875,1302.465576171875,1509.965087890625,1259.7,9072,8192,1.2361338330944773,amazon/chronos-2
2001-01-02,2001-01-02,1259.7,54,2001-03-23,1313.8,1180.2073974609375,1294.836669921875,1521.709716796875,1259.7,9072,8192,1.2361338330944773,amazon/chronos-2
2001-01-02,2001-01-02,1259.7,55,2001-03-26,1314.7,1180.985595703125,1300.38720703125,1526.8037109375,1259.7,9072,8192,1.2361338330944773,amazon/chronos-2
2001-01-02,2001-01-02,1259.7,56,2001-03-27,1312.5,1180.559814453125,1302.2452392578125,1529.561767578125,1259.7,9072,8192,1.2361338330944773,amazon/chronos-2
2001-01-02,2001-01-02,1259.7,57,2001-03-28,1307.5,1180.182861328125,1306.62890625,1533.267822265625,1259.7,9072,8192,1.2361338330944773,amazon/chronos-2
2001-01-02,2001-01-02,1259.7,58,2001-03-29,1303.3,1179.070556640625,1306.25146484375,1534.6553955078125,1259.7,9072,8192,1.2361338330944773,amazon/chronos-2
2001-01-02,2001-01-02,1259.7,59,2001-03-30,1314.0,1177.1094970703125,1306.51611328125,1543.137939453125,1259.7,9072,8192,1.2361338330944773,amazon/chronos-2
2001-01-02,2001-01-02,1259.7,60,2001-04-02,1328.0,1173.5052490234375,1304.876708984375,1550.543212890625,1259.7,9072,8192,1.2361338330944773,amazon/chronos-2
2001-07-01,2001-06-29,1302.3,1,2001-07-02,1300.7,1280.80419921875,1295.766845703125,1313.31494140625,1302.3,9193,8192,1.3006277197563099,amazon/chronos-2
2001-07-01,2001-06-29,1302.3,2,2001-07-03,1300.3,1276.379638671875,1295.2099609375,1312.39208984375,1302.3,9193,8192,1.3006277197563099,amazon/chronos-2
2001-07-01,2001-06-29,1302.3,3,2001-07-04,1295.3,1276.47802734375,1296.062744140625,1312.8740234375,1302.3,9193,8192,1.3006277197563099,amazon/chronos-2
2001-07-01,2001-06-29,1302.3,4,2001-07-05,1295.5,1276.121826171875,1292.975341796875,1314.096435546875,1302.3,9193,8192,1.3006277197563099,amazon/chronos-2
2001-07-01,2001-06-29,1302.3,5,2001-07-06,1295.0,1272.464111328125,1294.664306640625,1315.8428955078125,1302.3,9193,8192,1.3006277197563099,amazon/chronos-2
2001-07-01,2001-06-29,1302.3,6,2001-07-09,1295.5,1270.1943359375,1292.6397705078125,1318.529052734375,1302.3,9193,8192,1.3006277197563099,amazon/chronos-2
2001-07-01,2001-06-29,1302.3,7,2001-07-10,1296.6,1272.38671875,1294.87646484375,1319.594970703125,1302.3,9193,8192,1.3006277197563099,amazon/chronos-2
2001-07-01,2001-06-29,1302.3,8,2001-07-11,1297.7,1269.941650390625,1295.6014404296875,1321.822265625,1302.3,9193,8192,1.3006277197563099,amazon/chronos-2
2001-07-01,2001-06-29,1302.3,9,2001-07-12,1307.4,1271.0576171875,1298.7283935546875,1324.08740234375,1302.3,9193,8192,1.3006277197563099,amazon/chronos-2
2001-07-01,2001-06-29,1302.3,10,2001-07-13,1307.2,1270.6580810546875,1298.361083984375,1327.291015625,1302.3,9193,8192,1.3006277197563099,amazon/chronos-2
2001-07-01,2001-06-29,1302.3,11,2001-07-16,1304.0,1267.362060546875,1297.376220703125,1327.789306640625,1302.3,9193,8192,1.3006277197563099,amazon/chronos-2
2001-07-01,2001-06-29,1302.3,12,2001-07-18,1311.6,1264.917236328125,1296.619384765625,1325.3958740234375,1302.3,9193,8192,1.3006277197563099,amazon/chronos-2
2001-07-01,2001-06-29,1302.3,13,2001-07-19,1310.1,1261.962158203125,1292.332275390625,1326.832763671875,1302.3,9193,8192,1.3006277197563099,amazon/chronos-2
2001-07-01,2001-06-29,1302.3,14,2001-07-20,1305.9,1262.8175048828125,1295.720458984375,1324.774169921875,1302.3,9193,8192,1.3006277197563099,amazon/chronos-2
2001-07-01,2001-06-29,1302.3,15,2001-07-23,1303.7,1262.612060546875,1298.769287109375,1331.40087890625,1302.3,9193,8192,1.3006277197563099,amazon/chronos-2
2001-07-01,2001-06-29,1302.3,16,2001-07-24,1308.6,1260.989990234375,1295.5771484375,1332.02294921875,1302.3,9193,8192,1.3006277197563099,amazon/chronos-2
2001-07-01,2001-06-29,1302.3,17,2001-07-25,1312.1,1267.0211181640625,1300.0643310546875,1336.594970703125,1302.3,9193,8192,1.3006277197563099,amazon/chronos-2
2001-07-01,2001-06-29,1302.3,18,2001-07-26,1308.7,1265.1378173828125,1299.6380615234375,1334.5928955078125,1302.3,9193,8192,1.3006277197563099,amazon/chronos-2
2001-07-01,2001-06-29,1302.3,19,2001-07-27,1302.2,1263.5196533203125,1300.47119140625,1334.70556640625,1302.3,9193,8192,1.3006277197563099,amazon/chronos-2
2001-07-01,2001-06-29,1302.3,20,2001-07-30,1301.1,1264.433349609375,1296.9158935546875,1336.1739501953125,1302.3,9193,8192,1.3006277197563099,amazon/chronos-2
2001-07-01,2001-06-29,1302.3,21,2001-07-31,1301.4,1260.091796875,1298.5078125,1337.069580078125,1302.3,9193,8192,1.3006277197563099,amazon/chronos-2
2001-07-01,2001-06-29,1302.3,22,2001-08-01,1302.5,1257.928955078125,1295.6817626953125,1337.79150390625,1302.3,9193,8192,1.3006277197563099,amazon/chronos-2
2001-07-01,2001-06-29,1302.3,23,2001-08-02,1297.7,1260.726318359375,1298.5574951171875,1339.3367919921875,1302.3,9193,8192,1.3006277197563099,amazon/chronos-2
2001-07-01,2001-06-29,1302.3,24,2001-08-03,1291.3,1258.672119140625,1300.0032958984375,1342.9052734375,1302.3,9193,8192,1.3006277197563099,amazon/chronos-2
2001-07-01,2001-06-29,1302.3,25,2001-08-06,1283.8,1260.9189453125,1302.7457275390625,1343.3857421875,1302.3,9193,8192,1.3006277197563099,amazon/chronos-2
2001-07-01,2001-06-29,1302.3,26,2001-08-07,1287.5,1260.529541015625,1302.0225830078125,1346.18408203125,1302.3,9193,8192,1.3006277197563099,amazon/chronos-2
2001-07-01,2001-06-29,1302.3,27,2001-08-08,1288.6,1258.8848876953125,1301.361083984375,1345.71142578125,1302.3,9193,8192,1.3006277197563099,amazon/chronos-2
2001-07-01,2001-06-29,1302.3,28,2001-08-09,1285.7,1255.1175537109375,1299.531982421875,1342.67333984375,1302.3,9193,8192,1.3006277197563099,amazon/chronos-2
2001-07-01,2001-06-29,1302.3,29,2001-08-10,1289.3,1251.456298828125,1295.01953125,1344.03369140625,1302.3,9193,8192,1.3006277197563099,amazon/chronos-2
2001-07-01,2001-06-29,1302.3,30,2001-08-13,1281.2,1254.447998046875,1298.537353515625,1341.267333984375,1302.3,9193,8192,1.3006277197563099,amazon/chronos-2
2001-07-01,2001-06-29,1302.3,31,2001-08-14,1284.8,1254.1031494140625,1302.1455078125,1350.636962890625,1302.3,9193,8192,1.3006277197563099,amazon/chronos-2
2001-07-01,2001-06-29,1302.3,32,2001-08-16,1288.0,1253.700439453125,1299.328369140625,1348.475830078125,1302.3,9193,8192,1.3006277197563099,amazon/chronos-2
2001-07-01,2001-06-29,1302.3,33,2001-08-17,1278.5,1252.6083984375,1300.13720703125,1357.420654296875,1302.3,9193,8192,1.3006277197563099,amazon/chronos-2
2001-07-01,2001-06-29,1302.3,34,2001-08-20,1283.4,1252.642578125,1300.1282958984375,1355.70947265625,1302.3,9193,8192,1.3006277197563099,amazon/chronos-2
2001-07-01,2001-06-29,1302.3,35,2001-08-21,1286.9,1247.68701171875,1300.083740234375,1355.12451171875,1302.3,9193,8192,1.3006277197563099,amazon/chronos-2
2001-07-01,2001-06-29,1302.3,36,2001-08-22,1286.1,1250.28857421875,1296.97314453125,1357.005126953125,1302.3,9193,8192,1.3006277197563099,amazon/chronos-2
2001-07-01,2001-06-29,1302.3,37,2001-08-23,1282.4,1245.7666015625,1299.1904296875,1359.0048828125,1302.3,9193,8192,1.3006277197563099,amazon/chronos-2
2001-07-01,2001-06-29,1302.3,38,2001-08-24,1284.3,1243.897216796875,1296.261474609375,1358.6949462890625,1302.3,9193,8192,1.3006277197563099,amazon/chronos-2
2001-07-01,2001-06-29,1302.3,39,2001-08-27,1282.0,1246.0465087890625,1298.911376953125,1360.220947265625,1302.3,9193,8192,1.3006277197563099,amazon/chronos-2
2001-07-01,2001-06-29,1302.3,40,2001-08-28,1280.7,1244.1630859375,1300.116455078125,1364.476318359375,1302.3,9193,8192,1.3006277197563099,amazon/chronos-2
2001-07-01,2001-06-29,1302.3,41,2001-08-29,1279.4,1247.752685546875,1303.8046875,1365.682861328125,1302.3,9193,8192,1.3006277197563099,amazon/chronos-2
2001-07-01,2001-06-29,1302.3,42,2001-08-30,1281.8,1246.73095703125,1302.65771484375,1369.494384765625,1302.3,9193,8192,1.3006277197563099,amazon/chronos-2
2001-07-01,2001-06-29,1302.3,43,2001-08-31,1283.8,1245.545654296875,1301.60498046875,1367.40087890625,1302.3,9193,8192,1.3006277197563099,amazon/chronos-2
2001-07-01,2001-06-29,1302.3,44,2001-09-03,1282.1,1241.243896484375,1300.2760009765625,1365.347900390625,1302.3,9193,8192,1.3006277197563099,amazon/chronos-2
2001-07-01,2001-06-29,1302.3,45,2001-09-04,1280.1,1237.425537109375,1296.0869140625,1366.8209228515625,1302.3,9193,8192,1.3006277197563099,amazon/chronos-2
2001-07-01,2001-06-29,1302.3,46,2001-09-05,1280.2,1238.438720703125,1299.431884765625,1362.37890625,1302.3,9193,8192,1.3006277197563099,amazon/chronos-2
2001-07-01,2001-06-29,1302.3,47,2001-09-06,1282.8,1239.5867919921875,1302.90478515625,1372.5439453125,1302.3,9193,8192,1.3006277197563099,amazon/chronos-2
2001-07-01,2001-06-29,1302.3,48,2001-09-07,1286.6,1241.64208984375,1300.648193359375,1371.4024658203125,1302.3,9193,8192,1.3006277197563099,amazon/chronos-2
2001-07-01,2001-06-29,1302.3,49,2001-09-10,1287.6,1237.980224609375,1299.066162109375,1377.50048828125,1302.3,9193,8192,1.3006277197563099,amazon/chronos-2
2001-07-01,2001-06-29,1302.3,50,2001-09-11,1288.7,1239.248291015625,1299.4415283203125,1376.5556640625,1302.3,9193,8192,1.3006277197563099,amazon/chronos-2
2001-07-01,2001-06-29,1302.3,51,2001-09-12,1295.2,1232.207763671875,1298.9991455078125,1375.319091796875,1302.3,9193,8192,1.3006277197563099,amazon/chronos-2
2001-07-01,2001-06-29,1302.3,52,2001-09-13,1285.2,1237.06640625,1296.149658203125,1378.134033203125,1302.3,9193,8192,1.3006277197563099,amazon/chronos-2
2001-07-01,2001-06-29,1302.3,53,2001-09-14,1289.4,1231.3095703125,1298.363037109375,1378.999267578125,1302.3,9193,8192,1.3006277197563099,amazon/chronos-2
2001-07-01,2001-06-29,1302.3,54,2001-09-17,1296.7,1229.626953125,1295.10107421875,1377.8834228515625,1302.3,9193,8192,1.3006277197563099,amazon/chronos-2
2001-07-01,2001-06-29,1302.3,55,2001-09-18,1297.5,1231.24951171875,1297.775390625,1378.705078125,1302.3,9193,8192,1.3006277197563099,amazon/chronos-2
2001-07-01,2001-06-29,1302.3,56,2001-09-19,1297.8,1229.695556640625,1298.908935546875,1383.231201171875,1302.3,9193,8192,1.3006277197563099,amazon/chronos-2
2001-07-01,2001-06-29,1302.3,57,2001-09-20,1296.0,1233.126708984375,1302.5123291015625,1383.90087890625,1302.3,9193,8192,1.3006277197563099,amazon/chronos-2
2001-07-01,2001-06-29,1302.3,58,2001-09-21,1298.7,1232.441162109375,1301.46923828125,1387.58544921875,1302.3,9193,8192,1.3006277197563099,amazon/chronos-2
2001-07-01,2001-06-29,1302.3,59,2001-09-24,1298.0,1231.99560546875,1300.592529296875,1384.1029052734375,1302.3,9193,8192,1.3006277197563099,amazon/chronos-2
2001-07-01,2001-06-29,1302.3,60,2001-09-25,1307.2,1226.501953125,1298.77783203125,1382.85009765625,1302.3,9193,8192,1.3006277197563099,amazon/chronos-2
2002-01-02,2002-01-02,1314.6,1,2002-01-03,1320.4,1306.0687255859375,1317.101318359375,1330.143798828125,1314.6,9319,8192,1.3258714316376907,amazon/chronos-2
2002-01-02,2002-01-02,1314.6,2,2002-01-04,1317.2,1302.624755859375,1317.23193359375,1329.755126953125,1314.6,9319,8192,1.3258714316376907,amazon/chronos-2
2002-01-02,2002-01-02,1314.6,3,2002-01-07,1307.7,1303.0357666015625,1318.116943359375,1330.7655029296875,1314.6,9319,8192,1.3258714316376907,amazon/chronos-2
2002-01-02,2002-01-02,1314.6,4,2002-01-08,1302.9,1301.5443115234375,1314.4150390625,1330.732666015625,1314.6,9319,8192,1.3258714316376907,amazon/chronos-2
2002-01-02,2002-01-02,1314.6,5,2002-01-09,1309.5,1298.73193359375,1316.320556640625,1332.87744140625,1314.6,9319,8192,1.3258714316376907,amazon/chronos-2
2002-01-02,2002-01-02,1314.6,6,2002-01-10,1314.3,1295.634521484375,1314.657958984375,1336.414794921875,1314.6,9319,8192,1.3258714316376907,amazon/chronos-2
2002-01-02,2002-01-02,1314.6,7,2002-01-11,1314.2,1298.7435302734375,1317.08642578125,1337.8033447265625,1314.6,9319,8192,1.3258714316376907,amazon/chronos-2
2002-01-02,2002-01-02,1314.6,8,2002-01-14,1311.4,1296.6507568359375,1319.2337646484375,1341.312744140625,1314.6,9319,8192,1.3258714316376907,amazon/chronos-2
2002-01-02,2002-01-02,1314.6,9,2002-01-15,1311.6,1297.48388671875,1321.6279296875,1343.568115234375,1314.6,9319,8192,1.3258714316376907,amazon/chronos-2
2002-01-02,2002-01-02,1314.6,10,2002-01-16,1316.6,1297.81494140625,1321.539794921875,1347.0006103515625,1314.6,9319,8192,1.3258714316376907,amazon/chronos-2
2002-01-02,2002-01-02,1314.6,11,2002-01-17,1317.8,1294.1851806640625,1321.69775390625,1348.05615234375,1314.6,9319,8192,1.3258714316376907,amazon/chronos-2
2002-01-02,2002-01-02,1314.6,12,2002-01-18,1319.9,1292.49755859375,1320.6876220703125,1346.0208740234375,1314.6,9319,8192,1.3258714316376907,amazon/chronos-2
2002-01-02,2002-01-02,1314.6,13,2002-01-21,1320.0,1290.220703125,1316.978759765625,1348.27880859375,1314.6,9319,8192,1.3258714316376907,amazon/chronos-2
2002-01-02,2002-01-02,1314.6,14,2002-01-22,1320.8,1290.6866455078125,1319.924072265625,1345.9903564453125,1314.6,9319,8192,1.3258714316376907,amazon/chronos-2
2002-01-02,2002-01-02,1314.6,15,2002-01-23,1326.6,1289.419189453125,1322.38720703125,1351.622314453125,1314.6,9319,8192,1.3258714316376907,amazon/chronos-2
2002-01-02,2002-01-02,1314.6,16,2002-01-24,1332.3,1288.43212890625,1319.04736328125,1352.4427490234375,1314.6,9319,8192,1.3258714316376907,amazon/chronos-2
2002-01-02,2002-01-02,1314.6,17,2002-01-25,1331.9,1291.00830078125,1322.4256591796875,1359.105712890625,1314.6,9319,8192,1.3258714316376907,amazon/chronos-2
2002-01-02,2002-01-02,1314.6,18,2002-01-28,1328.6,1290.24560546875,1322.64794921875,1357.6671142578125,1314.6,9319,8192,1.3258714316376907,amazon/chronos-2
2002-01-02,2002-01-02,1314.6,19,2002-01-29,1322.3,1288.926513671875,1323.60107421875,1358.3140869140625,1314.6,9319,8192,1.3258714316376907,amazon/chronos-2
2002-01-02,2002-01-02,1314.6,20,2002-01-30,1314.6,1289.877197265625,1320.28515625,1358.364990234375,1314.6,9319,8192,1.3258714316376907,amazon/chronos-2
2002-01-02,2002-01-02,1314.6,21,2002-01-31,1314.8,1286.568359375,1321.7315673828125,1359.939208984375,1314.6,9319,8192,1.3258714316376907,amazon/chronos-2
2002-01-02,2002-01-02,1314.6,22,2002-02-01,1308.5,1283.739013671875,1319.772705078125,1361.076904296875,1314.6,9319,8192,1.3258714316376907,amazon/chronos-2
2002-01-02,2002-01-02,1314.6,23,2002-02-04,1319.6,1287.33251953125,1322.057373046875,1362.34521484375,1314.6,9319,8192,1.3258714316376907,amazon/chronos-2
2002-01-02,2002-01-02,1314.6,24,2002-02-05,1313.4,1285.5789794921875,1323.9500732421875,1366.156982421875,1314.6,9319,8192,1.3258714316376907,amazon/chronos-2
2002-01-02,2002-01-02,1314.6,25,2002-02-06,1314.7,1287.61767578125,1326.326904296875,1367.014404296875,1314.6,9319,8192,1.3258714316376907,amazon/chronos-2
2002-01-02,2002-01-02,1314.6,26,2002-02-07,1317.8,1287.5478515625,1325.607666015625,1370.013671875,1314.6,9319,8192,1.3258714316376907,amazon/chronos-2
2002-01-02,2002-01-02,1314.6,27,2002-02-08,1318.7,1285.52001953125,1325.7431640625,1369.267333984375,1314.6,9319,8192,1.3258714316376907,amazon/chronos-2
2002-01-02,2002-01-02,1314.6,28,2002-02-14,1318.8,1282.4267578125,1323.711181640625,1365.982177734375,1314.6,9319,8192,1.3258714316376907,amazon/chronos-2
2002-01-02,2002-01-02,1314.6,29,2002-02-15,1316.0,1279.5439453125,1319.6163330078125,1367.8524169921875,1314.6,9319,8192,1.3258714316376907,amazon/chronos-2
2002-01-02,2002-01-02,1314.6,30,2002-02-18,1315.5,1282.41796875,1322.95361328125,1364.45703125,1314.6,9319,8192,1.3258714316376907,amazon/chronos-2
2002-01-02,2002-01-02,1314.6,31,2002-02-19,1316.0,1281.328125,1325.878173828125,1373.270751953125,1314.6,9319,8192,1.3258714316376907,amazon/chronos-2
2002-01-02,2002-01-02,1314.6,32,2002-02-20,1319.8,1281.5562744140625,1322.908203125,1371.921875,1314.6,9319,8192,1.3258714316376907,amazon/chronos-2
2002-01-02,2002-01-02,1314.6,33,2002-02-21,1321.2,1280.98779296875,1323.216552734375,1379.08544921875,1314.6,9319,8192,1.3258714316376907,amazon/chronos-2
2002-01-02,2002-01-02,1314.6,34,2002-02-22,1321.1,1281.2578125,1323.3134765625,1377.2413330078125,1314.6,9319,8192,1.3258714316376907,amazon/chronos-2
2002-01-02,2002-01-02,1314.6,35,2002-02-25,1321.8,1277.57666015625,1323.21142578125,1377.465087890625,1314.6,9319,8192,1.3258714316376907,amazon/chronos-2
2002-01-02,2002-01-02,1314.6,36,2002-02-26,1322.9,1279.159423828125,1320.1611328125,1378.53369140625,1314.6,9319,8192,1.3258714316376907,amazon/chronos-2
2002-01-02,2002-01-02,1314.6,37,2002-02-27,1323.9,1275.43212890625,1321.26025390625,1379.7215576171875,1314.6,9319,8192,1.3258714316376907,amazon/chronos-2
2002-01-02,2002-01-02,1314.6,38,2002-02-28,1327.7,1272.3916015625,1318.728759765625,1379.3587646484375,1314.6,9319,8192,1.3258714316376907,amazon/chronos-2
2002-01-02,2002-01-02,1314.6,39,2002-03-04,1326.0,1275.890380859375,1321.533935546875,1381.6212158203125,1314.6,9319,8192,1.3258714316376907,amazon/chronos-2
2002-01-02,2002-01-02,1314.6,40,2002-03-05,1319.5,1274.0791015625,1322.905517578125,1386.1558837890625,1314.6,9319,8192,1.3258714316376907,amazon/chronos-2
2002-01-02,2002-01-02,1314.6,41,2002-03-06,1315.6,1278.38330078125,1326.477294921875,1387.5625,1314.6,9319,8192,1.3258714316376907,amazon/chronos-2
2002-01-02,2002-01-02,1314.6,42,2002-03-07,1315.1,1276.986083984375,1325.0596923828125,1391.849365234375,1314.6,9319,8192,1.3258714316376907,amazon/chronos-2
2002-01-02,2002-01-02,1314.6,43,2002-03-08,1311.1,1275.3709716796875,1325.123291015625,1389.2545166015625,1314.6,9319,8192,1.3258714316376907,amazon/chronos-2
2002-01-02,2002-01-02,1314.6,44,2002-03-11,1310.6,1271.994384765625,1323.281982421875,1387.1549072265625,1314.6,9319,8192,1.3258714316376907,amazon/chronos-2
2002-01-02,2002-01-02,1314.6,45,2002-03-12,1316.6,1268.9921875,1319.162109375,1388.7333984375,1314.6,9319,8192,1.3258714316376907,amazon/chronos-2
2002-01-02,2002-01-02,1314.6,46,2002-03-13,1319.4,1272.6455078125,1322.876708984375,1383.457763671875,1314.6,9319,8192,1.3258714316376907,amazon/chronos-2
2002-01-02,2002-01-02,1314.6,47,2002-03-14,1320.3,1270.7314453125,1325.5830078125,1394.778564453125,1314.6,9319,8192,1.3258714316376907,amazon/chronos-2
2002-01-02,2002-01-02,1314.6,48,2002-03-15,1322.7,1271.924072265625,1322.8226318359375,1394.0081787109375,1314.6,9319,8192,1.3258714316376907,amazon/chronos-2
2002-01-02,2002-01-02,1314.6,49,2002-03-18,1322.4,1268.4879150390625,1322.914306640625,1404.655029296875,1314.6,9319,8192,1.3258714316376907,amazon/chronos-2
2002-01-02,2002-01-02,1314.6,50,2002-03-19,1324.1,1268.914794921875,1322.266845703125,1404.03125,1314.6,9319,8192,1.3258714316376907,amazon/chronos-2
2002-01-02,2002-01-02,1314.6,51,2002-03-20,1327.3,1262.9747314453125,1321.5821533203125,1403.5177001953125,1314.6,9319,8192,1.3258714316376907,amazon/chronos-2
2002-01-02,2002-01-02,1314.6,52,2002-03-21,1326.7,1266.115478515625,1318.941650390625,1405.4736328125,1314.6,9319,8192,1.3258714316376907,amazon/chronos-2
2002-01-02,2002-01-02,1314.6,53,2002-03-22,1326.7,1262.135986328125,1320.7745361328125,1407.352783203125,1314.6,9319,8192,1.3258714316376907,amazon/chronos-2
2002-01-02,2002-01-02,1314.6,54,2002-03-25,1328.4,1259.7808837890625,1318.182373046875,1406.786376953125,1314.6,9319,8192,1.3258714316376907,amazon/chronos-2
2002-01-02,2002-01-02,1314.6,55,2002-03-26,1330.2,1262.549072265625,1321.230712890625,1408.6248779296875,1314.6,9319,8192,1.3258714316376907,amazon/chronos-2
2002-01-02,2002-01-02,1314.6,56,2002-03-27,1331.6,1260.55029296875,1321.9873046875,1413.55859375,1314.6,9319,8192,1.3258714316376907,amazon/chronos-2
2002-01-02,2002-01-02,1314.6,57,2002-03-28,1327.6,1264.7021484375,1325.7269287109375,1415.606689453125,1314.6,9319,8192,1.3258714316376907,amazon/chronos-2
2002-01-02,2002-01-02,1314.6,58,2002-03-29,1327.0,1263.232666015625,1324.2071533203125,1419.162353515625,1314.6,9319,8192,1.3258714316376907,amazon/chronos-2
2002-01-02,2002-01-02,1314.6,59,2002-04-01,1326.4,1262.7041015625,1323.92529296875,1415.4512939453125,1314.6,9319,8192,1.3258714316376907,amazon/chronos-2
2002-01-02,2002-01-02,1314.6,60,2002-04-02,1325.3,1258.67822265625,1322.6337890625,1415.2176513671875,1314.6,9319,8192,1.3258714316376907,amazon/chronos-2
2002-07-01,2002-06-28,1204.8,1,2002-07-02,1201.8,1184.468017578125,1192.630126953125,1202.311767578125,1204.8,9438,8192,1.350796863409982,amazon/chronos-2
2002-07-01,2002-06-28,1204.8,2,2002-07-03,1203.3,1180.1949462890625,1191.35693359375,1201.6326904296875,1204.8,9438,8192,1.350796863409982,amazon/chronos-2
2002-07-01,2002-06-28,1204.8,3,2002-07-04,1205.6,1178.9678955078125,1190.9482421875,1200.6348876953125,1204.8,9438,8192,1.350796863409982,amazon/chronos-2
2002-07-01,2002-06-28,1204.8,4,2002-07-05,1201.1,1177.34326171875,1186.85595703125,1199.8021240234375,1204.8,9438,8192,1.350796863409982,amazon/chronos-2
2002-07-01,2002-06-28,1204.8,5,2002-07-08,1201.7,1173.116455078125,1186.486572265625,1199.23876953125,1204.8,9438,8192,1.350796863409982,amazon/chronos-2
2002-07-01,2002-06-28,1204.8,6,2002-07-09,1195.8,1170.2113037109375,1183.8939208984375,1200.6541748046875,1204.8,9438,8192,1.350796863409982,amazon/chronos-2
2002-07-01,2002-06-28,1204.8,7,2002-07-10,1186.3,1171.699462890625,1185.642578125,1201.0452880859375,1204.8,9438,8192,1.350796863409982,amazon/chronos-2
2002-07-01,2002-06-28,1204.8,8,2002-07-11,1180.9,1168.47607421875,1186.062255859375,1201.818115234375,1204.8,9438,8192,1.350796863409982,amazon/chronos-2
2002-07-01,2002-06-28,1204.8,9,2002-07-12,1178.0,1167.6280517578125,1187.3026123046875,1202.267822265625,1204.8,9438,8192,1.350796863409982,amazon/chronos-2
2002-07-01,2002-06-28,1204.8,10,2002-07-15,1183.3,1167.5440673828125,1186.096435546875,1204.3739013671875,1204.8,9438,8192,1.350796863409982,amazon/chronos-2
2002-07-01,2002-06-28,1204.8,11,2002-07-16,1177.8,1163.7435302734375,1184.76953125,1204.599609375,1204.8,9438,8192,1.350796863409982,amazon/chronos-2
2002-07-01,2002-06-28,1204.8,12,2002-07-18,1173.2,1162.275390625,1183.786865234375,1201.78076171875,1204.8,9438,8192,1.350796863409982,amazon/chronos-2
2002-07-01,2002-06-28,1204.8,13,2002-07-19,1173.3,1159.159423828125,1180.311767578125,1202.580810546875,1204.8,9438,8192,1.350796863409982,amazon/chronos-2
2002-07-01,2002-06-28,1204.8,14,2002-07-22,1171.3,1157.809814453125,1180.71044921875,1200.3836669921875,1204.8,9438,8192,1.350796863409982,amazon/chronos-2
2002-07-01,2002-06-28,1204.8,15,2002-07-23,1166.0,1156.593017578125,1181.7786865234375,1202.2998046875,1204.8,9438,8192,1.350796863409982,amazon/chronos-2
2002-07-01,2002-06-28,1204.8,16,2002-07-24,1171.1,1155.8116455078125,1179.0093994140625,1203.6273193359375,1204.8,9438,8192,1.350796863409982,amazon/chronos-2
2002-07-01,2002-06-28,1204.8,17,2002-07-25,1172.8,1159.395263671875,1180.98095703125,1203.4637451171875,1204.8,9438,8192,1.350796863409982,amazon/chronos-2
2002-07-01,2002-06-28,1204.8,18,2002-07-26,1168.7,1157.4210205078125,1180.071044921875,1202.4110107421875,1204.8,9438,8192,1.350796863409982,amazon/chronos-2
2002-07-01,2002-06-28,1204.8,19,2002-07-29,1180.0,1154.55126953125,1179.708251953125,1201.91162109375,1204.8,9438,8192,1.350796863409982,amazon/chronos-2
2002-07-01,2002-06-28,1204.8,20,2002-07-30,1202.8,1154.2025146484375,1175.3985595703125,1200.4085693359375,1204.8,9438,8192,1.350796863409982,amazon/chronos-2
2002-07-01,2002-06-28,1204.8,21,2002-07-31,1197.0,1150.2806396484375,1175.31787109375,1200.0361328125,1204.8,9438,8192,1.350796863409982,amazon/chronos-2
2002-07-01,2002-06-28,1204.8,22,2002-08-01,1190.5,1147.7755126953125,1172.8477783203125,1200.6737060546875,1204.8,9438,8192,1.350796863409982,amazon/chronos-2
2002-07-01,2002-06-28,1204.8,23,2002-08-02,1182.0,1149.49609375,1174.459228515625,1200.7818603515625,1204.8,9438,8192,1.350796863409982,amazon/chronos-2
2002-07-01,2002-06-28,1204.8,24,2002-08-05,1181.2,1146.574951171875,1174.8385009765625,1201.57080078125,1204.8,9438,8192,1.350796863409982,amazon/chronos-2
2002-07-01,2002-06-28,1204.8,25,2002-08-06,1188.3,1146.765625,1175.98388671875,1201.0916748046875,1204.8,9438,8192,1.350796863409982,amazon/chronos-2
2002-07-01,2002-06-28,1204.8,26,2002-08-07,1208.3,1146.414306640625,1174.726806640625,1203.1845703125,1204.8,9438,8192,1.350796863409982,amazon/chronos-2
2002-07-01,2002-06-28,1204.8,27,2002-08-08,1207.2,1144.001953125,1173.508544921875,1202.6861572265625,1204.8,9438,8192,1.350796863409982,amazon/chronos-2
2002-07-01,2002-06-28,1204.8,28,2002-08-09,1203.5,1141.681640625,1172.2833251953125,1199.936767578125,1204.8,9438,8192,1.350796863409982,amazon/chronos-2
2002-07-01,2002-06-28,1204.8,29,2002-08-12,1207.1,1138.655517578125,1169.01318359375,1200.93896484375,1204.8,9438,8192,1.350796863409982,amazon/chronos-2
2002-07-01,2002-06-28,1204.8,30,2002-08-13,1199.5,1138.97607421875,1170.281005859375,1199.230224609375,1204.8,9438,8192,1.350796863409982,amazon/chronos-2
2002-07-01,2002-06-28,1204.8,31,2002-08-14,1196.6,1137.5654296875,1171.103515625,1202.1068115234375,1204.8,9438,8192,1.350796863409982,amazon/chronos-2
2002-07-01,2002-06-28,1204.8,32,2002-08-16,1189.9,1136.9093017578125,1168.677734375,1202.48193359375,1204.8,9438,8192,1.350796863409982,amazon/chronos-2
2002-07-01,2002-06-28,1204.8,33,2002-08-19,1189.1,1136.478271484375,1169.8878173828125,1203.3348388671875,1204.8,9438,8192,1.350796863409982,amazon/chronos-2
2002-07-01,2002-06-28,1204.8,34,2002-08-20,1192.0,1135.7027587890625,1169.161865234375,1202.44921875,1204.8,9438,8192,1.350796863409982,amazon/chronos-2
2002-07-01,2002-06-28,1204.8,35,2002-08-21,1196.6,1131.284423828125,1168.5784912109375,1202.0069580078125,1204.8,9438,8192,1.350796863409982,amazon/chronos-2
2002-07-01,2002-06-28,1204.8,36,2002-08-22,1192.2,1131.6771240234375,1164.501953125,1200.65380859375,1204.8,9438,8192,1.350796863409982,amazon/chronos-2
2002-07-01,2002-06-28,1204.8,37,2002-08-23,1193.6,1127.9697265625,1164.7646484375,1200.8489990234375,1204.8,9438,8192,1.350796863409982,amazon/chronos-2
2002-07-01,2002-06-28,1204.8,38,2002-08-26,1202.5,1125.51318359375,1162.124755859375,1200.907470703125,1204.8,9438,8192,1.350796863409982,amazon/chronos-2
2002-07-01,2002-06-28,1204.8,39,2002-08-27,1201.1,1126.9674072265625,1163.952392578125,1201.685546875,1204.8,9438,8192,1.350796863409982,amazon/chronos-2
2002-07-01,2002-06-28,1204.8,40,2002-08-28,1201.3,1124.50341796875,1164.7301025390625,1203.126220703125,1204.8,9438,8192,1.350796863409982,amazon/chronos-2
2002-07-01,2002-06-28,1204.8,41,2002-08-29,1197.7,1125.30029296875,1166.282958984375,1202.9166259765625,1204.8,9438,8192,1.350796863409982,amazon/chronos-2
2002-07-01,2002-06-28,1204.8,42,2002-08-30,1204.9,1124.6107177734375,1164.7783203125,1205.33544921875,1204.8,9438,8192,1.350796863409982,amazon/chronos-2
2002-07-01,2002-06-28,1204.8,43,2002-09-02,1200.5,1122.2071533203125,1163.8431396484375,1203.9061279296875,1204.8,9438,8192,1.350796863409982,amazon/chronos-2
2002-07-01,2002-06-28,1204.8,44,2002-09-03,1204.6,1120.15283203125,1162.4375,1202.0084228515625,1204.8,9438,8192,1.350796863409982,amazon/chronos-2
2002-07-01,2002-06-28,1204.8,45,2002-09-04,1199.9,1116.26611328125,1158.878173828125,1202.9976806640625,1204.8,9438,8192,1.350796863409982,amazon/chronos-2
2002-07-01,2002-06-28,1204.8,46,2002-09-05,1195.1,1115.3260498046875,1160.037841796875,1200.55419921875,1204.8,9438,8192,1.350796863409982,amazon/chronos-2
2002-07-01,2002-06-28,1204.8,47,2002-09-06,1193.9,1115.0078125,1160.2457275390625,1206.6700439453125,1204.8,9438,8192,1.350796863409982,amazon/chronos-2
2002-07-01,2002-06-28,1204.8,48,2002-09-09,1194.6,1113.597900390625,1157.5087890625,1203.9681396484375,1204.8,9438,8192,1.350796863409982,amazon/chronos-2
2002-07-01,2002-06-28,1204.8,49,2002-09-10,1196.0,1112.1912841796875,1159.2103271484375,1205.8470458984375,1204.8,9438,8192,1.350796863409982,amazon/chronos-2
2002-07-01,2002-06-28,1204.8,50,2002-09-11,1198.7,1108.4752197265625,1157.945556640625,1204.7431640625,1204.8,9438,8192,1.350796863409982,amazon/chronos-2
2002-07-01,2002-06-28,1204.8,51,2002-09-12,1202.8,1105.6123046875,1157.0416259765625,1203.68505859375,1204.8,9438,8192,1.350796863409982,amazon/chronos-2
2002-07-01,2002-06-28,1204.8,52,2002-09-13,1202.9,1108.132080078125,1153.6134033203125,1202.5263671875,1204.8,9438,8192,1.350796863409982,amazon/chronos-2
2002-07-01,2002-06-28,1204.8,53,2002-09-16,1201.4,1104.1368408203125,1154.292724609375,1202.999267578125,1204.8,9438,8192,1.350796863409982,amazon/chronos-2
2002-07-01,2002-06-28,1204.8,54,2002-09-17,1217.3,1101.77001953125,1151.279296875,1202.47802734375,1204.8,9438,8192,1.350796863409982,amazon/chronos-2
2002-07-01,2002-06-28,1204.8,55,2002-09-18,1219.0,1102.5367431640625,1153.0361328125,1203.3663330078125,1204.8,9438,8192,1.350796863409982,amazon/chronos-2
2002-07-01,2002-06-28,1204.8,56,2002-09-19,1212.8,1100.5517578125,1153.7216796875,1204.606689453125,1204.8,9438,8192,1.350796863409982,amazon/chronos-2
2002-07-01,2002-06-28,1204.8,57,2002-09-23,1210.7,1101.555908203125,1155.5006103515625,1204.5087890625,1204.8,9438,8192,1.350796863409982,amazon/chronos-2
2002-07-01,2002-06-28,1204.8,58,2002-09-24,1221.3,1100.8931884765625,1154.137939453125,1207.904296875,1204.8,9438,8192,1.350796863409982,amazon/chronos-2
2002-07-01,2002-06-28,1204.8,59,2002-09-25,1225.8,1097.895263671875,1152.9722900390625,1204.6741943359375,1204.8,9438,8192,1.350796863409982,amazon/chronos-2
2002-07-01,2002-06-28,1204.8,60,2002-09-26,1224.0,1096.26025390625,1151.76416015625,1203.6226806640625,1204.8,9438,8192,1.350796863409982,amazon/chronos-2
2003-01-02,2003-01-02,1187.8,1,2003-01-03,1190.5,1173.88623046875,1182.5267333984375,1191.7147216796875,1187.8,9564,8192,1.390386907874098,amazon/chronos-2
2003-01-02,2003-01-02,1187.8,2,2003-01-06,1196.1,1170.4530029296875,1181.8389892578125,1192.28125,1187.8,9564,8192,1.390386907874098,amazon/chronos-2
2003-01-02,2003-01-02,1187.8,3,2003-01-07,1191.6,1169.465576171875,1181.5618896484375,1191.574951171875,1187.8,9564,8192,1.390386907874098,amazon/chronos-2
2003-01-02,2003-01-02,1187.8,4,2003-01-08,1187.2,1169.4052734375,1179.028564453125,1192.0982666015625,1187.8,9564,8192,1.390386907874098,amazon/chronos-2
2003-01-02,2003-01-02,1187.8,5,2003-01-09,1188.6,1165.8629150390625,1179.20556640625,1191.864501953125,1187.8,9564,8192,1.390386907874098,amazon/chronos-2
2003-01-02,2003-01-02,1187.8,6,2003-01-10,1179.5,1163.7032470703125,1177.5023193359375,1194.1956787109375,1187.8,9564,8192,1.390386907874098,amazon/chronos-2
2003-01-02,2003-01-02,1187.8,7,2003-01-13,1180.3,1165.2689208984375,1179.42724609375,1194.9920654296875,1187.8,9564,8192,1.390386907874098,amazon/chronos-2
2003-01-02,2003-01-02,1187.8,8,2003-01-14,1177.0,1162.4072265625,1179.835693359375,1196.125244140625,1187.8,9564,8192,1.390386907874098,amazon/chronos-2
2003-01-02,2003-01-02,1187.8,9,2003-01-15,1176.5,1162.1055908203125,1181.392822265625,1196.9462890625,1187.8,9564,8192,1.390386907874098,amazon/chronos-2
2003-01-02,2003-01-02,1187.8,10,2003-01-16,1173.7,1161.83642578125,1180.1912841796875,1198.8798828125,1187.8,9564,8192,1.390386907874098,amazon/chronos-2
2003-01-02,2003-01-02,1187.8,11,2003-01-17,1173.4,1158.59033203125,1179.35693359375,1199.439453125,1187.8,9564,8192,1.390386907874098,amazon/chronos-2
2003-01-02,2003-01-02,1187.8,12,2003-01-20,1173.6,1157.468994140625,1178.771240234375,1197.479248046875,1187.8,9564,8192,1.390386907874098,amazon/chronos-2
2003-01-02,2003-01-02,1187.8,13,2003-01-21,1174.2,1154.8253173828125,1175.544921875,1198.1220703125,1187.8,9564,8192,1.390386907874098,amazon/chronos-2
2003-01-02,2003-01-02,1187.8,14,2003-01-22,1177.2,1153.95263671875,1176.4654541015625,1195.9268798828125,1187.8,9564,8192,1.390386907874098,amazon/chronos-2
2003-01-02,2003-01-02,1187.8,15,2003-01-23,1175.6,1153.2069091796875,1177.890625,1198.74365234375,1187.8,9564,8192,1.390386907874098,amazon/chronos-2
2003-01-02,2003-01-02,1187.8,16,2003-01-24,1178.2,1152.73193359375,1175.60986328125,1200.0078125,1187.8,9564,8192,1.390386907874098,amazon/chronos-2
2003-01-02,2003-01-02,1187.8,17,2003-01-27,1171.9,1155.914794921875,1177.3905029296875,1199.6785888671875,1187.8,9564,8192,1.390386907874098,amazon/chronos-2
2003-01-02,2003-01-02,1187.8,18,2003-01-28,1170.4,1154.6343994140625,1176.892333984375,1199.6361083984375,1187.8,9564,8192,1.390386907874098,amazon/chronos-2
2003-01-02,2003-01-02,1187.8,19,2003-01-29,1170.9,1151.9239501953125,1176.6396484375,1198.324951171875,1187.8,9564,8192,1.390386907874098,amazon/chronos-2
2003-01-02,2003-01-02,1187.8,20,2003-01-30,1170.5,1152.7469482421875,1173.57568359375,1198.5367431640625,1187.8,9564,8192,1.390386907874098,amazon/chronos-2
2003-01-02,2003-01-02,1187.8,21,2003-02-03,1170.9,1149.2994384765625,1173.7725830078125,1198.2440185546875,1187.8,9564,8192,1.390386907874098,amazon/chronos-2
2003-01-02,2003-01-02,1187.8,22,2003-02-04,1177.6,1147.60205078125,1172.0941162109375,1199.26904296875,1187.8,9564,8192,1.390386907874098,amazon/chronos-2
2003-01-02,2003-01-02,1187.8,23,2003-02-05,1179.8,1149.291015625,1173.668212890625,1199.5050048828125,1187.8,9564,8192,1.390386907874098,amazon/chronos-2
2003-01-02,2003-01-02,1187.8,24,2003-02-06,1174.1,1146.5325927734375,1173.9759521484375,1199.99462890625,1187.8,9564,8192,1.390386907874098,amazon/chronos-2
2003-01-02,2003-01-02,1187.8,25,2003-02-07,1177.1,1147.768798828125,1175.633056640625,1200.2625732421875,1187.8,9564,8192,1.390386907874098,amazon/chronos-2
2003-01-02,2003-01-02,1187.8,26,2003-02-10,1179.9,1146.9395751953125,1174.2845458984375,1202.162841796875,1187.8,9564,8192,1.390386907874098,amazon/chronos-2
2003-01-02,2003-01-02,1187.8,27,2003-02-11,1192.8,1145.075439453125,1173.202880859375,1201.984619140625,1187.8,9564,8192,1.390386907874098,amazon/chronos-2
2003-01-02,2003-01-02,1187.8,28,2003-02-12,1207.8,1143.5087890625,1172.7294921875,1199.4722900390625,1187.8,9564,8192,1.390386907874098,amazon/chronos-2
2003-01-02,2003-01-02,1187.8,29,2003-02-13,1202.9,1141.10302734375,1169.7392578125,1200.3369140625,1187.8,9564,8192,1.390386907874098,amazon/chronos-2
2003-01-02,2003-01-02,1187.8,30,2003-02-14,1202.7,1141.4730224609375,1170.779541015625,1197.9266357421875,1187.8,9564,8192,1.390386907874098,amazon/chronos-2
2003-01-02,2003-01-02,1187.8,31,2003-02-17,1201.4,1140.5211181640625,1172.1962890625,1201.7645263671875,1187.8,9564,8192,1.390386907874098,amazon/chronos-2
2003-01-02,2003-01-02,1187.8,32,2003-02-18,1207.2,1140.98388671875,1170.1954345703125,1201.68798828125,1187.8,9564,8192,1.390386907874098,amazon/chronos-2
2003-01-02,2003-01-02,1187.8,33,2003-02-19,1202.4,1142.4326171875,1174.2210693359375,1206.021728515625,1187.8,9564,8192,1.390386907874098,amazon/chronos-2
2003-01-02,2003-01-02,1187.8,34,2003-02-20,1198.4,1142.9273681640625,1173.712890625,1205.3267822265625,1187.8,9564,8192,1.390386907874098,amazon/chronos-2
2003-01-02,2003-01-02,1187.8,35,2003-02-21,1196.4,1138.241943359375,1172.9632568359375,1203.7442626953125,1187.8,9564,8192,1.390386907874098,amazon/chronos-2
2003-01-02,2003-01-02,1187.8,36,2003-02-24,1194.1,1139.657958984375,1170.1607666015625,1204.3709716796875,1187.8,9564,8192,1.390386907874098,amazon/chronos-2
2003-01-02,2003-01-02,1187.8,37,2003-02-25,1192.6,1136.4599609375,1170.6519775390625,1204.2686767578125,1187.8,9564,8192,1.390386907874098,amazon/chronos-2
2003-01-02,2003-01-02,1187.8,38,2003-02-26,1191.1,1134.5230712890625,1168.476318359375,1204.592529296875,1187.8,9564,8192,1.390386907874098,amazon/chronos-2
2003-01-02,2003-01-02,1187.8,39,2003-02-27,1187.7,1136.5654296875,1170.491943359375,1205.4285888671875,1187.8,9564,8192,1.390386907874098,amazon/chronos-2
2003-01-02,2003-01-02,1187.8,40,2003-02-28,1186.8,1134.0220947265625,1170.880615234375,1206.478759765625,1187.8,9564,8192,1.390386907874098,amazon/chronos-2
2003-01-02,2003-01-02,1187.8,41,2003-03-03,1190.3,1136.70751953125,1173.1705322265625,1206.4208984375,1187.8,9564,8192,1.390386907874098,amazon/chronos-2
2003-01-02,2003-01-02,1187.8,42,2003-03-04,1194.3,1135.325927734375,1171.5517578125,1208.2698974609375,1187.8,9564,8192,1.390386907874098,amazon/chronos-2
2003-01-02,2003-01-02,1187.8,43,2003-03-05,1193.2,1134.2052001953125,1170.614990234375,1207.412353515625,1187.8,9564,8192,1.390386907874098,amazon/chronos-2
2003-01-02,2003-01-02,1187.8,44,2003-03-06,1194.9,1131.81005859375,1169.770263671875,1204.8277587890625,1187.8,9564,8192,1.390386907874098,amazon/chronos-2
2003-01-02,2003-01-02,1187.8,45,2003-03-07,1208.1,1128.8291015625,1166.5340576171875,1205.51611328125,1187.8,9564,8192,1.390386907874098,amazon/chronos-2
2003-01-02,2003-01-02,1187.8,46,2003-03-10,1218.0,1129.41796875,1167.617431640625,1203.1441650390625,1187.8,9564,8192,1.390386907874098,amazon/chronos-2
2003-01-02,2003-01-02,1187.8,47,2003-03-11,1229.1,1128.79345703125,1169.0302734375,1208.980224609375,1187.8,9564,8192,1.390386907874098,amazon/chronos-2
2003-01-02,2003-01-02,1187.8,48,2003-03-12,1236.7,1129.083984375,1166.929443359375,1206.406005859375,1187.8,9564,8192,1.390386907874098,amazon/chronos-2
2003-01-02,2003-01-02,1187.8,49,2003-03-13,1237.3,1129.1617431640625,1169.9853515625,1210.699951171875,1187.8,9564,8192,1.390386907874098,amazon/chronos-2
2003-01-02,2003-01-02,1187.8,50,2003-03-14,1247.9,1128.8477783203125,1169.1527099609375,1209.645263671875,1187.8,9564,8192,1.390386907874098,amazon/chronos-2
2003-01-02,2003-01-02,1187.8,51,2003-03-17,1241.0,1123.952392578125,1168.0498046875,1207.84765625,1187.8,9564,8192,1.390386907874098,amazon/chronos-2
2003-01-02,2003-01-02,1187.8,52,2003-03-18,1241.6,1126.326416015625,1165.82177734375,1208.83349609375,1187.8,9564,8192,1.390386907874098,amazon/chronos-2
2003-01-02,2003-01-02,1187.8,53,2003-03-19,1249.6,1123.283935546875,1166.659423828125,1209.1802978515625,1187.8,9564,8192,1.390386907874098,amazon/chronos-2
2003-01-02,2003-01-02,1187.8,54,2003-03-20,1255.6,1121.23583984375,1164.3472900390625,1209.28857421875,1187.8,9564,8192,1.390386907874098,amazon/chronos-2
2003-01-02,2003-01-02,1187.8,55,2003-03-21,1253.8,1122.7088623046875,1166.3067626953125,1210.3997802734375,1187.8,9564,8192,1.390386907874098,amazon/chronos-2
2003-01-02,2003-01-02,1187.8,56,2003-03-24,1249.6,1120.130859375,1166.5069580078125,1211.2454833984375,1187.8,9564,8192,1.390386907874098,amazon/chronos-2
2003-01-02,2003-01-02,1187.8,57,2003-03-25,1251.1,1122.28564453125,1168.720458984375,1211.7412109375,1187.8,9564,8192,1.390386907874098,amazon/chronos-2
2003-01-02,2003-01-02,1187.8,58,2003-03-26,1246.1,1120.8297119140625,1166.9691162109375,1213.870849609375,1187.8,9564,8192,1.390386907874098,amazon/chronos-2
2003-01-02,2003-01-02,1187.8,59,2003-03-27,1244.8,1118.783935546875,1165.6585693359375,1211.701171875,1187.8,9564,8192,1.390386907874098,amazon/chronos-2
2003-01-02,2003-01-02,1187.8,60,2003-03-28,1244.6,1116.86328125,1165.1114501953125,1210.2073974609375,1187.8,9564,8192,1.390386907874098,amazon/chronos-2
2003-07-01,2003-07-01,1194.9,1,2003-07-02,1191.0,1180.7333984375,1191.41015625,1202.4371337890625,1194.9,9687,8192,1.4223384265950856,amazon/chronos-2
2003-07-01,2003-07-01,1194.9,2,2003-07-03,1188.1,1178.62744140625,1191.1607666015625,1202.692626953125,1194.9,9687,8192,1.4223384265950856,amazon/chronos-2
2003-07-01,2003-07-01,1194.9,3,2003-07-04,1185.1,1177.631103515625,1190.8665771484375,1202.57470703125,1194.9,9687,8192,1.4223384265950856,amazon/chronos-2
2003-07-01,2003-07-01,1194.9,4,2003-07-07,1182.3,1177.566650390625,1188.2720947265625,1202.757080078125,1194.9,9687,8192,1.4223384265950856,amazon/chronos-2
2003-07-01,2003-07-01,1194.9,5,2003-07-08,1180.0,1174.028564453125,1188.0625,1202.40234375,1194.9,9687,8192,1.4223384265950856,amazon/chronos-2
2003-07-01,2003-07-01,1194.9,6,2003-07-09,1179.2,1172.17578125,1186.4366455078125,1204.34033203125,1194.9,9687,8192,1.4223384265950856,amazon/chronos-2
2003-07-01,2003-07-01,1194.9,7,2003-07-10,1179.6,1173.5941162109375,1187.8232421875,1204.65283203125,1194.9,9687,8192,1.4223384265950856,amazon/chronos-2
2003-07-01,2003-07-01,1194.9,8,2003-07-11,1178.5,1170.8399658203125,1188.4910888671875,1205.8583984375,1194.9,9687,8192,1.4223384265950856,amazon/chronos-2
2003-07-01,2003-07-01,1194.9,9,2003-07-14,1179.2,1171.06201171875,1190.0712890625,1206.32080078125,1194.9,9687,8192,1.4223384265950856,amazon/chronos-2
2003-07-01,2003-07-01,1194.9,10,2003-07-15,1177.0,1170.5302734375,1188.6170654296875,1207.79736328125,1194.9,9687,8192,1.4223384265950856,amazon/chronos-2
2003-07-01,2003-07-01,1194.9,11,2003-07-16,1175.7,1167.972412109375,1187.6376953125,1208.1396484375,1194.9,9687,8192,1.4223384265950856,amazon/chronos-2
2003-07-01,2003-07-01,1194.9,12,2003-07-18,1178.8,1165.775146484375,1186.6796875,1205.863037109375,1194.9,9687,8192,1.4223384265950856,amazon/chronos-2
2003-07-01,2003-07-01,1194.9,13,2003-07-21,1182.5,1163.271240234375,1183.1497802734375,1206.212890625,1194.9,9687,8192,1.4223384265950856,amazon/chronos-2
2003-07-01,2003-07-01,1194.9,14,2003-07-22,1179.4,1162.569091796875,1184.2550048828125,1203.4888916015625,1194.9,9687,8192,1.4223384265950856,amazon/chronos-2
2003-07-01,2003-07-01,1194.9,15,2003-07-23,1182.0,1162.74658203125,1186.4163818359375,1207.5118408203125,1194.9,9687,8192,1.4223384265950856,amazon/chronos-2
2003-07-01,2003-07-01,1194.9,16,2003-07-24,1181.4,1161.7393798828125,1184.135498046875,1209.6707763671875,1194.9,9687,8192,1.4223384265950856,amazon/chronos-2
2003-07-01,2003-07-01,1194.9,17,2003-07-25,1180.3,1162.76904296875,1185.9219970703125,1214.644775390625,1194.9,9687,8192,1.4223384265950856,amazon/chronos-2
2003-07-01,2003-07-01,1194.9,18,2003-07-28,1181.2,1162.37353515625,1186.10693359375,1215.4129638671875,1194.9,9687,8192,1.4223384265950856,amazon/chronos-2
2003-07-01,2003-07-01,1194.9,19,2003-07-29,1179.3,1159.7813720703125,1185.4901123046875,1214.67431640625,1194.9,9687,8192,1.4223384265950856,amazon/chronos-2
2003-07-01,2003-07-01,1194.9,20,2003-07-30,1179.5,1160.69677734375,1183.1495361328125,1215.512939453125,1194.9,9687,8192,1.4223384265950856,amazon/chronos-2
2003-07-01,2003-07-01,1194.9,21,2003-07-31,1180.0,1157.951904296875,1183.5985107421875,1216.223388671875,1194.9,9687,8192,1.4223384265950856,amazon/chronos-2
2003-07-01,2003-07-01,1194.9,22,2003-08-01,1180.6,1156.177978515625,1182.2825927734375,1217.864013671875,1194.9,9687,8192,1.4223384265950856,amazon/chronos-2
2003-07-01,2003-07-01,1194.9,23,2003-08-04,1180.4,1158.4820556640625,1184.1334228515625,1219.238037109375,1194.9,9687,8192,1.4223384265950856,amazon/chronos-2
2003-07-01,2003-07-01,1194.9,24,2003-08-05,1181.4,1155.4578857421875,1184.6710205078125,1220.8148193359375,1194.9,9687,8192,1.4223384265950856,amazon/chronos-2
2003-07-01,2003-07-01,1194.9,25,2003-08-06,1186.1,1158.0697021484375,1187.120361328125,1222.1185302734375,1194.9,9687,8192,1.4223384265950856,amazon/chronos-2
2003-07-01,2003-07-01,1194.9,26,2003-08-07,1185.9,1156.416015625,1185.5926513671875,1226.1304931640625,1194.9,9687,8192,1.4223384265950856,amazon/chronos-2
2003-07-01,2003-07-01,1194.9,27,2003-08-08,1185.5,1155.06005859375,1184.749755859375,1224.1959228515625,1194.9,9687,8192,1.4223384265950856,amazon/chronos-2
2003-07-01,2003-07-01,1194.9,28,2003-08-11,1181.9,1152.8450927734375,1184.365234375,1223.6990966796875,1194.9,9687,8192,1.4223384265950856,amazon/chronos-2
2003-07-01,2003-07-01,1194.9,29,2003-08-12,1180.2,1150.921142578125,1181.4942626953125,1225.6458740234375,1194.9,9687,8192,1.4223384265950856,amazon/chronos-2
2003-07-01,2003-07-01,1194.9,30,2003-08-13,1178.3,1151.3851318359375,1183.082275390625,1221.9364013671875,1194.9,9687,8192,1.4223384265950856,amazon/chronos-2
2003-07-01,2003-07-01,1194.9,31,2003-08-14,1179.3,1150.13232421875,1185.2213134765625,1230.798583984375,1194.9,9687,8192,1.4223384265950856,amazon/chronos-2
2003-07-01,2003-07-01,1194.9,32,2003-08-18,1178.3,1150.8544921875,1183.0028076171875,1231.30126953125,1194.9,9687,8192,1.4223384265950856,amazon/chronos-2
2003-07-01,2003-07-01,1194.9,33,2003-08-19,1175.9,1147.16845703125,1184.472900390625,1284.237548828125,1194.9,9687,8192,1.4223384265950856,amazon/chronos-2
2003-07-01,2003-07-01,1194.9,34,2003-08-20,1178.6,1146.501220703125,1185.7322998046875,1293.2138671875,1194.9,9687,8192,1.4223384265950856,amazon/chronos-2
2003-07-01,2003-07-01,1194.9,35,2003-08-21,1176.4,1140.774169921875,1184.869873046875,1295.363525390625,1194.9,9687,8192,1.4223384265950856,amazon/chronos-2
2003-07-01,2003-07-01,1194.9,36,2003-08-22,1173.9,1142.83154296875,1183.116455078125,1307.9796142578125,1194.9,9687,8192,1.4223384265950856,amazon/chronos-2
2003-07-01,2003-07-01,1194.9,37,2003-08-25,1170.6,1139.95263671875,1183.930908203125,1317.3427734375,1194.9,9687,8192,1.4223384265950856,amazon/chronos-2
2003-07-01,2003-07-01,1194.9,38,2003-08-26,1170.5,1138.614013671875,1182.8363037109375,1329.6473388671875,1194.9,9687,8192,1.4223384265950856,amazon/chronos-2
2003-07-01,2003-07-01,1194.9,39,2003-08-27,1170.8,1140.536376953125,1185.30517578125,1337.074462890625,1194.9,9687,8192,1.4223384265950856,amazon/chronos-2
2003-07-01,2003-07-01,1194.9,40,2003-08-28,1173.9,1138.0496826171875,1185.8453369140625,1352.306396484375,1194.9,9687,8192,1.4223384265950856,amazon/chronos-2
2003-07-01,2003-07-01,1194.9,41,2003-08-29,1179.9,1140.3499755859375,1188.74560546875,1368.4132080078125,1194.9,9687,8192,1.4223384265950856,amazon/chronos-2
2003-07-01,2003-07-01,1194.9,42,2003-09-01,1178.5,1137.283447265625,1189.80322265625,1376.591064453125,1194.9,9687,8192,1.4223384265950856,amazon/chronos-2
2003-07-01,2003-07-01,1194.9,43,2003-09-02,1175.9,1137.986572265625,1189.6729736328125,1396.18408203125,1194.9,9687,8192,1.4223384265950856,amazon/chronos-2
2003-07-01,2003-07-01,1194.9,44,2003-09-03,1176.7,1132.006591796875,1188.050048828125,1420.138916015625,1194.9,9687,8192,1.4223384265950856,amazon/chronos-2
2003-07-01,2003-07-01,1194.9,45,2003-09-04,1176.1,1129.7161865234375,1185.894775390625,1441.322509765625,1194.9,9687,8192,1.4223384265950856,amazon/chronos-2
2003-07-01,2003-07-01,1194.9,46,2003-09-05,1173.4,1122.4112548828125,1190.822509765625,1445.76708984375,1194.9,9687,8192,1.4223384265950856,amazon/chronos-2
2003-07-01,2003-07-01,1194.9,47,2003-09-08,1171.8,1127.660888671875,1190.9212646484375,1457.2646484375,1194.9,9687,8192,1.4223384265950856,amazon/chronos-2
2003-07-01,2003-07-01,1194.9,48,2003-09-09,1172.8,1128.5224609375,1190.6724853515625,1453.966552734375,1194.9,9687,8192,1.4223384265950856,amazon/chronos-2
2003-07-01,2003-07-01,1194.9,49,2003-09-15,1170.1,1139.689208984375,1199.7421875,1467.5782470703125,1194.9,9687,8192,1.4223384265950856,amazon/chronos-2
2003-07-01,2003-07-01,1194.9,50,2003-09-16,1173.1,1132.802734375,1199.947509765625,1494.834228515625,1194.9,9687,8192,1.4223384265950856,amazon/chronos-2
2003-07-01,2003-07-01,1194.9,51,2003-09-17,1171.4,1127.3465576171875,1200.7005615234375,1505.5198974609375,1194.9,9687,8192,1.4223384265950856,amazon/chronos-2
2003-07-01,2003-07-01,1194.9,52,2003-09-18,1170.6,1131.85009765625,1197.97021484375,1545.5108642578125,1194.9,9687,8192,1.4223384265950856,amazon/chronos-2
2003-07-01,2003-07-01,1194.9,53,2003-09-19,1170.3,1129.013916015625,1203.850830078125,1586.56884765625,1194.9,9687,8192,1.4223384265950856,amazon/chronos-2
2003-07-01,2003-07-01,1194.9,54,2003-09-22,1168.8,1126.73779296875,1197.986083984375,1637.744384765625,1194.9,9687,8192,1.4223384265950856,amazon/chronos-2
2003-07-01,2003-07-01,1194.9,55,2003-09-23,1152.0,1126.2115478515625,1202.99951171875,1649.284423828125,1194.9,9687,8192,1.4223384265950856,amazon/chronos-2
2003-07-01,2003-07-01,1194.9,56,2003-09-24,1151.1,1124.2236328125,1202.91943359375,1667.68798828125,1194.9,9687,8192,1.4223384265950856,amazon/chronos-2
2003-07-01,2003-07-01,1194.9,57,2003-09-25,1152.5,1121.3494873046875,1208.966064453125,1698.986328125,1194.9,9687,8192,1.4223384265950856,amazon/chronos-2
2003-07-01,2003-07-01,1194.9,58,2003-09-26,1151.1,1119.3984375,1212.60546875,1718.150634765625,1194.9,9687,8192,1.4223384265950856,amazon/chronos-2
2003-07-01,2003-07-01,1194.9,59,2003-09-29,1150.8,1119.225830078125,1213.43505859375,1752.624755859375,1194.9,9687,8192,1.4223384265950856,amazon/chronos-2
2003-07-01,2003-07-01,1194.9,60,2003-09-30,1150.2,1116.58837890625,1209.6591796875,1787.711669921875,1194.9,9687,8192,1.4223384265950856,amazon/chronos-2
2004-01-02,2004-01-02,1194.3,1,2004-01-05,1195.5,1181.31640625,1193.2962646484375,1205.3680419921875,1194.3,9812,8192,1.4355284884313524,amazon/chronos-2
2004-01-02,2004-01-02,1194.3,2,2004-01-06,1193.6,1179.40869140625,1192.8519287109375,1205.806396484375,1194.3,9812,8192,1.4355284884313524,amazon/chronos-2
2004-01-02,2004-01-02,1194.3,3,2004-01-07,1187.9,1177.8690185546875,1192.682373046875,1205.37255859375,1194.3,9812,8192,1.4355284884313524,amazon/chronos-2
2004-01-02,2004-01-02,1194.3,4,2004-01-08,1187.4,1177.89306640625,1190.17236328125,1206.3753662109375,1194.3,9812,8192,1.4355284884313524,amazon/chronos-2
2004-01-02,2004-01-02,1194.3,5,2004-01-09,1183.3,1174.6195068359375,1190.1053466796875,1206.055908203125,1194.3,9812,8192,1.4355284884313524,amazon/chronos-2
2004-01-02,2004-01-02,1194.3,6,2004-01-12,1182.9,1172.967041015625,1188.908935546875,1207.6572265625,1194.3,9812,8192,1.4355284884313524,amazon/chronos-2
2004-01-02,2004-01-02,1194.3,7,2004-01-13,1178.5,1174.246826171875,1190.1771240234375,1207.9739990234375,1194.3,9812,8192,1.4355284884313524,amazon/chronos-2
2004-01-02,2004-01-02,1194.3,8,2004-01-14,1179.9,1171.4761962890625,1190.728271484375,1209.3741455078125,1194.3,9812,8192,1.4355284884313524,amazon/chronos-2
2004-01-02,2004-01-02,1194.3,9,2004-01-15,1180.2,1172.1494140625,1192.1607666015625,1209.401123046875,1194.3,9812,8192,1.4355284884313524,amazon/chronos-2
2004-01-02,2004-01-02,1194.3,10,2004-01-16,1187.4,1171.627685546875,1191.1351318359375,1211.46533203125,1194.3,9812,8192,1.4355284884313524,amazon/chronos-2
2004-01-02,2004-01-02,1194.3,11,2004-01-19,1187.1,1169.290283203125,1190.4892578125,1212.24462890625,1194.3,9812,8192,1.4355284884313524,amazon/chronos-2
2004-01-02,2004-01-02,1194.3,12,2004-01-20,1185.7,1167.77294921875,1189.8797607421875,1209.692138671875,1194.3,9812,8192,1.4355284884313524,amazon/chronos-2
2004-01-02,2004-01-02,1194.3,13,2004-01-26,1188.6,1165.4697265625,1186.656494140625,1209.9752197265625,1194.3,9812,8192,1.4355284884313524,amazon/chronos-2
2004-01-02,2004-01-02,1194.3,14,2004-01-27,1181.6,1166.115234375,1188.113037109375,1208.297119140625,1194.3,9812,8192,1.4355284884313524,amazon/chronos-2
2004-01-02,2004-01-02,1194.3,15,2004-01-28,1177.2,1165.6903076171875,1189.9637451171875,1211.9964599609375,1194.3,9812,8192,1.4355284884313524,amazon/chronos-2
2004-01-02,2004-01-02,1194.3,16,2004-01-29,1173.0,1164.97265625,1188.055908203125,1212.7120361328125,1194.3,9812,8192,1.4355284884313524,amazon/chronos-2
2004-01-02,2004-01-02,1194.3,17,2004-01-30,1173.6,1168.666259765625,1192.029052734375,1215.7623291015625,1194.3,9812,8192,1.4355284884313524,amazon/chronos-2
2004-01-02,2004-01-02,1194.3,18,2004-02-02,1174.9,1168.5830078125,1191.7379150390625,1215.3536376953125,1194.3,9812,8192,1.4355284884313524,amazon/chronos-2
2004-01-02,2004-01-02,1194.3,19,2004-02-03,1170.7,1165.7108154296875,1191.533935546875,1214.613037109375,1194.3,9812,8192,1.4355284884313524,amazon/chronos-2
2004-01-02,2004-01-02,1194.3,20,2004-02-04,1166.2,1166.8917236328125,1189.2086181640625,1215.909912109375,1194.3,9812,8192,1.4355284884313524,amazon/chronos-2
2004-01-02,2004-01-02,1194.3,21,2004-02-05,1168.3,1163.98388671875,1189.47119140625,1216.4476318359375,1194.3,9812,8192,1.4355284884313524,amazon/chronos-2
2004-01-02,2004-01-02,1194.3,22,2004-02-06,1167.2,1162.56201171875,1187.8822021484375,1216.5914306640625,1194.3,9812,8192,1.4355284884313524,amazon/chronos-2
2004-01-02,2004-01-02,1194.3,23,2004-02-09,1169.2,1164.231689453125,1189.7293701171875,1217.3990478515625,1194.3,9812,8192,1.4355284884313524,amazon/chronos-2
2004-01-02,2004-01-02,1194.3,24,2004-02-10,1167.4,1161.7296142578125,1190.112548828125,1218.5146484375,1194.3,9812,8192,1.4355284884313524,amazon/chronos-2
2004-01-02,2004-01-02,1194.3,25,2004-02-11,1162.9,1163.33837890625,1192.0462646484375,1218.8272705078125,1194.3,9812,8192,1.4355284884313524,amazon/chronos-2
2004-01-02,2004-01-02,1194.3,26,2004-02-12,1161.0,1162.411376953125,1190.603271484375,1221.0223388671875,1194.3,9812,8192,1.4355284884313524,amazon/chronos-2
2004-01-02,2004-01-02,1194.3,27,2004-02-13,1160.7,1160.779296875,1189.6605224609375,1220.561279296875,1194.3,9812,8192,1.4355284884313524,amazon/chronos-2
2004-01-02,2004-01-02,1194.3,28,2004-02-16,1160.8,1158.7734375,1189.1663818359375,1218.361328125,1194.3,9812,8192,1.4355284884313524,amazon/chronos-2
2004-01-02,2004-01-02,1194.3,29,2004-02-17,1158.5,1156.295654296875,1185.9248046875,1218.65185546875,1194.3,9812,8192,1.4355284884313524,amazon/chronos-2
2004-01-02,2004-01-02,1194.3,30,2004-02-18,1158.2,1157.9658203125,1187.234130859375,1215.67822265625,1194.3,9812,8192,1.4355284884313524,amazon/chronos-2
2004-01-02,2004-01-02,1194.3,31,2004-02-19,1154.6,1157.235595703125,1189.27001953125,1221.185302734375,1194.3,9812,8192,1.4355284884313524,amazon/chronos-2
2004-01-02,2004-01-02,1194.3,32,2004-02-20,1161.7,1157.69775390625,1187.453857421875,1220.6353759765625,1194.3,9812,8192,1.4355284884313524,amazon/chronos-2
2004-01-02,2004-01-02,1194.3,33,2004-02-23,1166.9,1154.7598876953125,1187.94580078125,1224.383544921875,1194.3,9812,8192,1.4355284884313524,amazon/chronos-2
2004-01-02,2004-01-02,1194.3,34,2004-02-24,1182.1,1156.3046875,1187.80859375,1223.8096923828125,1194.3,9812,8192,1.4355284884313524,amazon/chronos-2
2004-01-02,2004-01-02,1194.3,35,2004-02-25,1176.8,1151.8414306640625,1187.306396484375,1222.8499755859375,1194.3,9812,8192,1.4355284884313524,amazon/chronos-2
2004-01-02,2004-01-02,1194.3,36,2004-02-26,1171.1,1153.619384765625,1185.220947265625,1224.0867919921875,1194.3,9812,8192,1.4355284884313524,amazon/chronos-2
2004-01-02,2004-01-02,1194.3,37,2004-02-27,1174.5,1150.860595703125,1185.700927734375,1225.3846435546875,1194.3,9812,8192,1.4355284884313524,amazon/chronos-2
2004-01-02,2004-01-02,1194.3,38,2004-03-02,1176.5,1149.2740478515625,1184.09423828125,1224.92919921875,1194.3,9812,8192,1.4355284884313524,amazon/chronos-2
2004-01-02,2004-01-02,1194.3,39,2004-03-03,1173.4,1151.3114013671875,1186.2432861328125,1226.240478515625,1194.3,9812,8192,1.4355284884313524,amazon/chronos-2
2004-01-02,2004-01-02,1194.3,40,2004-03-04,1178.7,1149.0335693359375,1186.69189453125,1227.4208984375,1194.3,9812,8192,1.4355284884313524,amazon/chronos-2
2004-01-02,2004-01-02,1194.3,41,2004-03-05,1171.9,1151.4119873046875,1189.1893310546875,1228.800537109375,1194.3,9812,8192,1.4355284884313524,amazon/chronos-2
2004-01-02,2004-01-02,1194.3,42,2004-03-08,1174.3,1151.535400390625,1188.7467041015625,1232.79150390625,1194.3,9812,8192,1.4355284884313524,amazon/chronos-2
2004-01-02,2004-01-02,1194.3,43,2004-03-09,1173.4,1151.40966796875,1188.4136962890625,1231.79541015625,1194.3,9812,8192,1.4355284884313524,amazon/chronos-2
2004-01-02,2004-01-02,1194.3,44,2004-03-10,1170.6,1149.52978515625,1188.7611083984375,1230.614990234375,1194.3,9812,8192,1.4355284884313524,amazon/chronos-2
2004-01-02,2004-01-02,1194.3,45,2004-03-11,1172.1,1147.816650390625,1186.356689453125,1231.9444580078125,1194.3,9812,8192,1.4355284884313524,amazon/chronos-2
2004-01-02,2004-01-02,1194.3,46,2004-03-12,1168.6,1149.2955322265625,1188.130126953125,1228.3563232421875,1194.3,9812,8192,1.4355284884313524,amazon/chronos-2
2004-01-02,2004-01-02,1194.3,47,2004-03-15,1175.2,1148.8966064453125,1190.14599609375,1234.8052978515625,1194.3,9812,8192,1.4355284884313524,amazon/chronos-2
2004-01-02,2004-01-02,1194.3,48,2004-03-16,1177.0,1151.2486572265625,1188.614501953125,1234.794189453125,1194.3,9812,8192,1.4355284884313524,amazon/chronos-2
2004-01-02,2004-01-02,1194.3,49,2004-03-17,1171.2,1147.3330078125,1189.9873046875,1240.3936767578125,1194.3,9812,8192,1.4355284884313524,amazon/chronos-2
2004-01-02,2004-01-02,1194.3,50,2004-03-18,1166.2,1148.3988037109375,1189.3857421875,1239.7650146484375,1194.3,9812,8192,1.4355284884313524,amazon/chronos-2
2004-01-02,2004-01-02,1194.3,51,2004-03-19,1159.6,1142.97412109375,1188.697509765625,1238.3272705078125,1194.3,9812,8192,1.4355284884313524,amazon/chronos-2
2004-01-02,2004-01-02,1194.3,52,2004-03-22,1158.6,1145.734375,1186.4676513671875,1239.9097900390625,1194.3,9812,8192,1.4355284884313524,amazon/chronos-2
2004-01-02,2004-01-02,1194.3,53,2004-03-23,1159.5,1142.4803466796875,1186.963134765625,1240.4796142578125,1194.3,9812,8192,1.4355284884313524,amazon/chronos-2
2004-01-02,2004-01-02,1194.3,54,2004-03-24,1157.3,1141.0244140625,1184.8804931640625,1239.1702880859375,1194.3,9812,8192,1.4355284884313524,amazon/chronos-2
2004-01-02,2004-01-02,1194.3,55,2004-03-25,1154.5,1142.455322265625,1186.698486328125,1239.528076171875,1194.3,9812,8192,1.4355284884313524,amazon/chronos-2
2004-01-02,2004-01-02,1194.3,56,2004-03-26,1155.1,1140.21533203125,1186.7965087890625,1240.111328125,1194.3,9812,8192,1.4355284884313524,amazon/chronos-2
2004-01-02,2004-01-02,1194.3,57,2004-03-29,1157.1,1143.20458984375,1189.1265869140625,1240.674560546875,1194.3,9812,8192,1.4355284884313524,amazon/chronos-2
2004-01-02,2004-01-02,1194.3,58,2004-03-30,1155.1,1141.682861328125,1187.69580078125,1243.9603271484375,1194.3,9812,8192,1.4355284884313524,amazon/chronos-2
2004-01-02,2004-01-02,1194.3,59,2004-03-31,1153.6,1140.752685546875,1186.333984375,1240.83837890625,1194.3,9812,8192,1.4355284884313524,amazon/chronos-2
2004-01-02,2004-01-02,1194.3,60,2004-04-01,1150.0,1138.5535888671875,1186.1256103515625,1239.2288818359375,1194.3,9812,8192,1.4355284884313524,amazon/chronos-2
2004-07-01,2004-07-01,1152.5,1,2004-07-02,1153.5,1138.3861083984375,1147.78759765625,1156.71435546875,1152.5,9933,8192,1.4587364075714861,amazon/chronos-2
2004-07-01,2004-07-01,1152.5,2,2004-07-05,1155.8,1136.5218505859375,1147.18017578125,1157.243408203125,1152.5,9933,8192,1.4587364075714861,amazon/chronos-2
2004-07-01,2004-07-01,1152.5,3,2004-07-06,1152.8,1135.0804443359375,1146.69140625,1156.6319580078125,1152.5,9933,8192,1.4587364075714861,amazon/chronos-2
2004-07-01,2004-07-01,1152.5,4,2004-07-07,1154.8,1134.6075439453125,1144.4971923828125,1156.9827880859375,1152.5,9933,8192,1.4587364075714861,amazon/chronos-2
2004-07-01,2004-07-01,1152.5,5,2004-07-08,1153.8,1131.9300537109375,1143.948974609375,1156.6395263671875,1152.5,9933,8192,1.4587364075714861,amazon/chronos-2
2004-07-01,2004-07-01,1152.5,6,2004-07-09,1150.2,1130.7890625,1143.596435546875,1157.950439453125,1152.5,9933,8192,1.4587364075714861,amazon/chronos-2
2004-07-01,2004-07-01,1152.5,7,2004-07-12,1150.7,1131.4041748046875,1144.140380859375,1157.7928466796875,1152.5,9933,8192,1.4587364075714861,amazon/chronos-2
2004-07-01,2004-07-01,1152.5,8,2004-07-13,1147.4,1128.9097900390625,1144.3951416015625,1158.70751953125,1152.5,9933,8192,1.4587364075714861,amazon/chronos-2
2004-07-01,2004-07-01,1152.5,9,2004-07-14,1149.7,1129.173583984375,1145.197998046875,1159.017333984375,1152.5,9933,8192,1.4587364075714861,amazon/chronos-2
2004-07-01,2004-07-01,1152.5,10,2004-07-15,1150.9,1128.434326171875,1144.322021484375,1159.977783203125,1152.5,9933,8192,1.4587364075714861,amazon/chronos-2
2004-07-01,2004-07-01,1152.5,11,2004-07-16,1158.7,1126.9671630859375,1143.72119140625,1161.353759765625,1152.5,9933,8192,1.4587364075714861,amazon/chronos-2
2004-07-01,2004-07-01,1152.5,12,2004-07-19,1166.8,1125.85302734375,1143.623046875,1159.52001953125,1152.5,9933,8192,1.4587364075714861,amazon/chronos-2
2004-07-01,2004-07-01,1152.5,13,2004-07-20,1158.2,1123.94482421875,1141.0263671875,1159.3363037109375,1152.5,9933,8192,1.4587364075714861,amazon/chronos-2
2004-07-01,2004-07-01,1152.5,14,2004-07-21,1162.1,1124.0428466796875,1142.21533203125,1158.5863037109375,1152.5,9933,8192,1.4587364075714861,amazon/chronos-2
2004-07-01,2004-07-01,1152.5,15,2004-07-22,1159.0,1123.3057861328125,1142.9163818359375,1160.4351806640625,1152.5,9933,8192,1.4587364075714861,amazon/chronos-2
2004-07-01,2004-07-01,1152.5,16,2004-07-23,1164.2,1123.2283935546875,1141.7108154296875,1161.459716796875,1152.5,9933,8192,1.4587364075714861,amazon/chronos-2
2004-07-01,2004-07-01,1152.5,17,2004-07-26,1164.6,1124.125244140625,1143.9412841796875,1163.2242431640625,1152.5,9933,8192,1.4587364075714861,amazon/chronos-2
2004-07-01,2004-07-01,1152.5,18,2004-07-27,1162.5,1124.393310546875,1143.49853515625,1163.110107421875,1152.5,9933,8192,1.4587364075714861,amazon/chronos-2
2004-07-01,2004-07-01,1152.5,19,2004-07-28,1163.9,1121.740478515625,1143.10400390625,1162.45068359375,1152.5,9933,8192,1.4587364075714861,amazon/chronos-2
2004-07-01,2004-07-01,1152.5,20,2004-07-29,1168.2,1122.179931640625,1140.958984375,1162.8372802734375,1152.5,9933,8192,1.4587364075714861,amazon/chronos-2
2004-07-01,2004-07-01,1152.5,21,2004-07-30,1168.3,1119.919189453125,1140.8243408203125,1162.7667236328125,1152.5,9933,8192,1.4587364075714861,amazon/chronos-2
2004-07-01,2004-07-01,1152.5,22,2004-08-02,1171.3,1118.8807373046875,1140.043701171875,1163.227783203125,1152.5,9933,8192,1.4587364075714861,amazon/chronos-2
2004-07-01,2004-07-01,1152.5,23,2004-08-03,1166.4,1120.080078125,1141.00146484375,1163.2454833984375,1152.5,9933,8192,1.4587364075714861,amazon/chronos-2
2004-07-01,2004-07-01,1152.5,24,2004-08-04,1163.4,1117.5677490234375,1141.000244140625,1163.5755615234375,1152.5,9933,8192,1.4587364075714861,amazon/chronos-2
2004-07-01,2004-07-01,1152.5,25,2004-08-05,1165.2,1118.958740234375,1142.000732421875,1163.4813232421875,1152.5,9933,8192,1.4587364075714861,amazon/chronos-2
2004-07-01,2004-07-01,1152.5,26,2004-08-06,1164.3,1117.5386962890625,1140.8363037109375,1164.5970458984375,1152.5,9933,8192,1.4587364075714861,amazon/chronos-2
2004-07-01,2004-07-01,1152.5,27,2004-08-09,1165.9,1116.5823974609375,1139.7685546875,1164.655029296875,1152.5,9933,8192,1.4587364075714861,amazon/chronos-2
2004-07-01,2004-07-01,1152.5,28,2004-08-10,1157.0,1115.004638671875,1139.55615234375,1162.613037109375,1152.5,9933,8192,1.4587364075714861,amazon/chronos-2
2004-07-01,2004-07-01,1152.5,29,2004-08-11,1155.7,1112.9420166015625,1137.030517578125,1162.64501953125,1152.5,9933,8192,1.4587364075714861,amazon/chronos-2
2004-07-01,2004-07-01,1152.5,30,2004-08-12,1158.2,1114.071533203125,1138.0137939453125,1161.335693359375,1152.5,9933,8192,1.4587364075714861,amazon/chronos-2
2004-07-01,2004-07-01,1152.5,31,2004-08-13,1158.8,1113.269287109375,1138.9752197265625,1165.2008056640625,1152.5,9933,8192,1.4587364075714861,amazon/chronos-2
2004-07-01,2004-07-01,1152.5,32,2004-08-16,1162.2,1113.904052734375,1137.99755859375,1164.2325439453125,1152.5,9933,8192,1.4587364075714861,amazon/chronos-2
2004-07-01,2004-07-01,1152.5,33,2004-08-17,1157.6,1112.933349609375,1140.616455078125,1170.00537109375,1152.5,9933,8192,1.4587364075714861,amazon/chronos-2
2004-07-01,2004-07-01,1152.5,34,2004-08-18,1157.8,1113.689208984375,1139.9764404296875,1169.623779296875,1152.5,9933,8192,1.4587364075714861,amazon/chronos-2
2004-07-01,2004-07-01,1152.5,35,2004-08-19,1157.7,1109.7281494140625,1139.35302734375,1168.568359375,1152.5,9933,8192,1.4587364075714861,amazon/chronos-2
2004-07-01,2004-07-01,1152.5,36,2004-08-20,1155.9,1111.018310546875,1137.3668212890625,1168.7962646484375,1152.5,9933,8192,1.4587364075714861,amazon/chronos-2
2004-07-01,2004-07-01,1152.5,37,2004-08-23,1154.6,1108.8216552734375,1137.4249267578125,1169.3961181640625,1152.5,9933,8192,1.4587364075714861,amazon/chronos-2
2004-07-01,2004-07-01,1152.5,38,2004-08-24,1152.8,1107.95361328125,1136.5816650390625,1169.3642578125,1152.5,9933,8192,1.4587364075714861,amazon/chronos-2
2004-07-01,2004-07-01,1152.5,39,2004-08-25,1154.7,1109.020751953125,1137.6707763671875,1169.418701171875,1152.5,9933,8192,1.4587364075714861,amazon/chronos-2
2004-07-01,2004-07-01,1152.5,40,2004-08-26,1156.5,1107.0194091796875,1137.7369384765625,1169.724609375,1152.5,9933,8192,1.4587364075714861,amazon/chronos-2
2004-07-01,2004-07-01,1152.5,41,2004-08-27,1155.8,1108.6129150390625,1138.810302734375,1169.907958984375,1152.5,9933,8192,1.4587364075714861,amazon/chronos-2
2004-07-01,2004-07-01,1152.5,42,2004-08-30,1152.3,1107.3837890625,1137.8035888671875,1171.510498046875,1152.5,9933,8192,1.4587364075714861,amazon/chronos-2
2004-07-01,2004-07-01,1152.5,43,2004-08-31,1153.8,1106.5966796875,1136.73583984375,1170.62451171875,1152.5,9933,8192,1.4587364075714861,amazon/chronos-2
2004-07-01,2004-07-01,1152.5,44,2004-09-01,1153.7,1105.393798828125,1136.6895751953125,1168.9490966796875,1152.5,9933,8192,1.4587364075714861,amazon/chronos-2
2004-07-01,2004-07-01,1152.5,45,2004-09-02,1151.2,1103.456787109375,1134.475830078125,1169.175537109375,1152.5,9933,8192,1.4587364075714861,amazon/chronos-2
2004-07-01,2004-07-01,1152.5,46,2004-09-03,1151.5,1104.1263427734375,1135.4432373046875,1167.294677734375,1152.5,9933,8192,1.4587364075714861,amazon/chronos-2
2004-07-01,2004-07-01,1152.5,47,2004-09-06,1148.8,1103.59521484375,1136.175537109375,1172.3050537109375,1152.5,9933,8192,1.4587364075714861,amazon/chronos-2
2004-07-01,2004-07-01,1152.5,48,2004-09-07,1152.8,1104.016845703125,1135.013671875,1170.506103515625,1152.5,9933,8192,1.4587364075714861,amazon/chronos-2
2004-07-01,2004-07-01,1152.5,49,2004-09-08,1152.1,1102.682373046875,1136.806640625,1175.184326171875,1152.5,9933,8192,1.4587364075714861,amazon/chronos-2
2004-07-01,2004-07-01,1152.5,50,2004-09-09,1149.3,1101.98291015625,1135.9276123046875,1174.6973876953125,1152.5,9933,8192,1.4587364075714861,amazon/chronos-2
2004-07-01,2004-07-01,1152.5,51,2004-09-10,1146.7,1098.638671875,1135.245849609375,1173.7490234375,1152.5,9933,8192,1.4587364075714861,amazon/chronos-2
2004-07-01,2004-07-01,1152.5,52,2004-09-13,1145.9,1100.7020263671875,1133.50830078125,1174.299560546875,1152.5,9933,8192,1.4587364075714861,amazon/chronos-2
2004-07-01,2004-07-01,1152.5,53,2004-09-14,1145.0,1098.26513671875,1133.5767822265625,1175.045166015625,1152.5,9933,8192,1.4587364075714861,amazon/chronos-2
2004-07-01,2004-07-01,1152.5,54,2004-09-15,1145.4,1097.285400390625,1132.625,1174.691162109375,1152.5,9933,8192,1.4587364075714861,amazon/chronos-2
2004-07-01,2004-07-01,1152.5,55,2004-09-16,1144.4,1098.3446044921875,1133.8123779296875,1174.735107421875,1152.5,9933,8192,1.4587364075714861,amazon/chronos-2
2004-07-01,2004-07-01,1152.5,56,2004-09-17,1146.3,1096.5009765625,1133.774658203125,1175.03564453125,1152.5,9933,8192,1.4587364075714861,amazon/chronos-2
2004-07-01,2004-07-01,1152.5,57,2004-09-20,1145.4,1098.163818359375,1134.8795166015625,1175.302490234375,1152.5,9933,8192,1.4587364075714861,amazon/chronos-2
2004-07-01,2004-07-01,1152.5,58,2004-09-21,1147.1,1096.7427978515625,1133.92138671875,1177.5142822265625,1152.5,9933,8192,1.4587364075714861,amazon/chronos-2
2004-07-01,2004-07-01,1152.5,59,2004-09-22,1145.9,1095.2125244140625,1132.631591796875,1175.4876708984375,1152.5,9933,8192,1.4587364075714861,amazon/chronos-2
2004-07-01,2004-07-01,1152.5,60,2004-09-23,1144.8,1094.2457275390625,1132.66552734375,1174.311279296875,1152.5,9933,8192,1.4587364075714861,amazon/chronos-2
2005-01-02,2004-12-31,1043.8,1,2005-01-03,1035.6,1033.134033203125,1039.665771484375,1045.2274169921875,1043.8,10061,8192,1.4774821073558646,amazon/chronos-2
2005-01-02,2004-12-31,1043.8,2,2005-01-04,1037.1,1031.1807861328125,1039.0830078125,1046.4173583984375,1043.8,10061,8192,1.4774821073558646,amazon/chronos-2
2005-01-02,2004-12-31,1043.8,3,2005-01-05,1038.8,1029.8907470703125,1038.1397705078125,1046.4444580078125,1043.8,10061,8192,1.4774821073558646,amazon/chronos-2
2005-01-02,2004-12-31,1043.8,4,2005-01-06,1047.3,1027.820556640625,1037.3779296875,1045.078125,1043.8,10061,8192,1.4774821073558646,amazon/chronos-2
2005-01-02,2004-12-31,1043.8,5,2005-01-07,1048.0,1026.6165771484375,1036.0863037109375,1045.583251953125,1043.8,10061,8192,1.4774821073558646,amazon/chronos-2
2005-01-02,2004-12-31,1043.8,6,2005-01-10,1052.9,1025.7176513671875,1037.012939453125,1047.296875,1043.8,10061,8192,1.4774821073558646,amazon/chronos-2
2005-01-02,2004-12-31,1043.8,7,2005-01-11,1053.2,1025.370361328125,1036.87353515625,1047.697265625,1043.8,10061,8192,1.4774821073558646,amazon/chronos-2
2005-01-02,2004-12-31,1043.8,8,2005-01-12,1045.2,1023.9124145507812,1036.736328125,1048.577392578125,1043.8,10061,8192,1.4774821073558646,amazon/chronos-2
2005-01-02,2004-12-31,1043.8,9,2005-01-13,1041.2,1022.6954345703125,1035.78759765625,1049.1094970703125,1043.8,10061,8192,1.4774821073558646,amazon/chronos-2
2005-01-02,2004-12-31,1043.8,10,2005-01-14,1036.5,1021.3616943359375,1036.2039794921875,1049.5189208984375,1043.8,10061,8192,1.4774821073558646,amazon/chronos-2
2005-01-02,2004-12-31,1043.8,11,2005-01-17,1038.3,1020.3539428710938,1034.8375244140625,1050.8455810546875,1043.8,10061,8192,1.4774821073558646,amazon/chronos-2
2005-01-02,2004-12-31,1043.8,12,2005-01-18,1035.8,1020.0095825195312,1035.3148193359375,1050.390625,1043.8,10061,8192,1.4774821073558646,amazon/chronos-2
2005-01-02,2004-12-31,1043.8,13,2005-01-19,1036.9,1018.2102661132812,1034.196044921875,1050.303466796875,1043.8,10061,8192,1.4774821073558646,amazon/chronos-2
2005-01-02,2004-12-31,1043.8,14,2005-01-20,1033.4,1017.912353515625,1034.7208251953125,1051.4755859375,1043.8,10061,8192,1.4774821073558646,amazon/chronos-2
2005-01-02,2004-12-31,1043.8,15,2005-01-21,1032.1,1016.7874145507812,1033.881103515625,1052.5843505859375,1043.8,10061,8192,1.4774821073558646,amazon/chronos-2
2005-01-02,2004-12-31,1043.8,16,2005-01-24,1037.5,1016.0184936523438,1033.95361328125,1052.8909912109375,1043.8,10061,8192,1.4774821073558646,amazon/chronos-2
2005-01-02,2004-12-31,1043.8,17,2005-01-25,1033.8,1016.8584594726562,1035.0546875,1051.697509765625,1043.8,10061,8192,1.4774821073558646,amazon/chronos-2
2005-01-02,2004-12-31,1043.8,18,2005-01-26,1031.4,1014.1654052734375,1034.1072998046875,1052.20361328125,1043.8,10061,8192,1.4774821073558646,amazon/chronos-2
2005-01-02,2004-12-31,1043.8,19,2005-01-27,1033.4,1013.696044921875,1033.169921875,1052.08740234375,1043.8,10061,8192,1.4774821073558646,amazon/chronos-2
2005-01-02,2004-12-31,1043.8,20,2005-01-28,1028.1,1013.035400390625,1032.67724609375,1050.405029296875,1043.8,10061,8192,1.4774821073558646,amazon/chronos-2
2005-01-02,2004-12-31,1043.8,21,2005-01-31,1026.4,1011.9344482421875,1031.45751953125,1051.154541015625,1043.8,10061,8192,1.4774821073558646,amazon/chronos-2
2005-01-02,2004-12-31,1043.8,22,2005-02-01,1026.4,1010.8303833007812,1031.9736328125,1052.08154296875,1043.8,10061,8192,1.4774821073558646,amazon/chronos-2
2005-01-02,2004-12-31,1043.8,23,2005-02-02,1027.5,1011.2213134765625,1032.1973876953125,1052.80029296875,1043.8,10061,8192,1.4774821073558646,amazon/chronos-2
2005-01-02,2004-12-31,1043.8,24,2005-02-03,1027.1,1009.9764404296875,1031.962158203125,1053.263671875,1043.8,10061,8192,1.4774821073558646,amazon/chronos-2
2005-01-02,2004-12-31,1043.8,25,2005-02-04,1027.9,1008.9754028320312,1030.7889404296875,1053.632568359375,1043.8,10061,8192,1.4774821073558646,amazon/chronos-2
2005-01-02,2004-12-31,1043.8,26,2005-02-07,1026.7,1007.8203125,1031.36474609375,1054.810302734375,1043.8,10061,8192,1.4774821073558646,amazon/chronos-2
2005-01-02,2004-12-31,1043.8,27,2005-02-11,1026.5,1006.3974609375,1029.560546875,1055.279296875,1043.8,10061,8192,1.4774821073558646,amazon/chronos-2
2005-01-02,2004-12-31,1043.8,28,2005-02-14,1035.2,1005.8035278320312,1029.833251953125,1054.1884765625,1043.8,10061,8192,1.4774821073558646,amazon/chronos-2
2005-01-02,2004-12-31,1043.8,29,2005-02-15,1026.7,1004.254150390625,1029.215576171875,1054.5736083984375,1043.8,10061,8192,1.4774821073558646,amazon/chronos-2
2005-01-02,2004-12-31,1043.8,30,2005-02-16,1026.7,1003.5462646484375,1029.8074951171875,1055.08935546875,1043.8,10061,8192,1.4774821073558646,amazon/chronos-2
2005-01-02,2004-12-31,1043.8,31,2005-02-17,1025.9,1003.878173828125,1029.0068359375,1059.8291015625,1043.8,10061,8192,1.4774821073558646,amazon/chronos-2
2005-01-02,2004-12-31,1043.8,32,2005-02-18,1025.8,1003.8759765625,1029.0186767578125,1056.8651123046875,1043.8,10061,8192,1.4774821073558646,amazon/chronos-2
2005-01-02,2004-12-31,1043.8,33,2005-02-21,1025.2,1002.2195434570312,1030.163818359375,1057.6787109375,1043.8,10061,8192,1.4774821073558646,amazon/chronos-2
2005-01-02,2004-12-31,1043.8,34,2005-02-22,1023.9,998.49853515625,1029.2166748046875,1057.8525390625,1043.8,10061,8192,1.4774821073558646,amazon/chronos-2
2005-01-02,2004-12-31,1043.8,35,2005-02-23,1015.3,999.211181640625,1028.602783203125,1058.15185546875,1043.8,10061,8192,1.4774821073558646,amazon/chronos-2
2005-01-02,2004-12-31,1043.8,36,2005-02-24,1002.2,999.9319458007812,1028.524169921875,1057.08349609375,1043.8,10061,8192,1.4774821073558646,amazon/chronos-2
2005-01-02,2004-12-31,1043.8,37,2005-02-25,1004.2,998.7704467773438,1027.6015625,1058.09912109375,1043.8,10061,8192,1.4774821073558646,amazon/chronos-2
2005-01-02,2004-12-31,1043.8,38,2005-02-28,1008.1,997.6866455078125,1027.846435546875,1058.4073486328125,1043.8,10061,8192,1.4774821073558646,amazon/chronos-2
2005-01-02,2004-12-31,1043.8,39,2005-03-02,1004.8,997.7137451171875,1027.9957275390625,1059.142822265625,1043.8,10061,8192,1.4774821073558646,amazon/chronos-2
2005-01-02,2004-12-31,1043.8,40,2005-03-03,1006.8,997.2521362304688,1027.9058837890625,1059.2022705078125,1043.8,10061,8192,1.4774821073558646,amazon/chronos-2
2005-01-02,2004-12-31,1043.8,41,2005-03-04,1006.7,995.7271728515625,1026.509033203125,1059.451904296875,1043.8,10061,8192,1.4774821073558646,amazon/chronos-2
2005-01-02,2004-12-31,1043.8,42,2005-03-07,1007.8,994.7733764648438,1026.8997802734375,1061.137451171875,1043.8,10061,8192,1.4774821073558646,amazon/chronos-2
2005-01-02,2004-12-31,1043.8,43,2005-03-08,1004.7,992.778564453125,1025.0987548828125,1059.923828125,1043.8,10061,8192,1.4774821073558646,amazon/chronos-2
2005-01-02,2004-12-31,1043.8,44,2005-03-09,1004.3,992.0367431640625,1024.845703125,1058.781005859375,1043.8,10061,8192,1.4774821073558646,amazon/chronos-2
2005-01-02,2004-12-31,1043.8,45,2005-03-10,1002.1,990.197998046875,1023.77978515625,1058.865478515625,1043.8,10061,8192,1.4774821073558646,amazon/chronos-2
2005-01-02,2004-12-31,1043.8,46,2005-03-11,998.4,989.61865234375,1024.720947265625,1059.066162109375,1043.8,10061,8192,1.4774821073558646,amazon/chronos-2
2005-01-02,2004-12-31,1043.8,47,2005-03-14,1000.7,989.9959716796875,1023.5297241210938,1063.204345703125,1043.8,10061,8192,1.4774821073558646,amazon/chronos-2
2005-01-02,2004-12-31,1043.8,48,2005-03-15,999.9,990.9176025390625,1023.780517578125,1060.404052734375,1043.8,10061,8192,1.4774821073558646,amazon/chronos-2
2005-01-02,2004-12-31,1043.8,49,2005-03-16,1003.2,990.8702392578125,1025.48583984375,1062.108642578125,1043.8,10061,8192,1.4774821073558646,amazon/chronos-2
2005-01-02,2004-12-31,1043.8,50,2005-03-17,1003.7,985.9822998046875,1024.5860595703125,1062.697998046875,1043.8,10061,8192,1.4774821073558646,amazon/chronos-2
2005-01-02,2004-12-31,1043.8,51,2005-03-18,1002.6,986.8090209960938,1023.954345703125,1062.93701171875,1043.8,10061,8192,1.4774821073558646,amazon/chronos-2
2005-01-02,2004-12-31,1043.8,52,2005-03-21,1002.9,988.809326171875,1024.022216796875,1062.3990478515625,1043.8,10061,8192,1.4774821073558646,amazon/chronos-2
2005-01-02,2004-12-31,1043.8,53,2005-03-22,1007.4,986.5907592773438,1022.6282348632812,1063.1759033203125,1043.8,10061,8192,1.4774821073558646,amazon/chronos-2
2005-01-02,2004-12-31,1043.8,54,2005-03-23,1012.2,985.8778076171875,1023.0588989257812,1063.267333984375,1043.8,10061,8192,1.4774821073558646,amazon/chronos-2
2005-01-02,2004-12-31,1043.8,55,2005-03-24,1011.5,984.9673461914062,1022.7930297851562,1063.67236328125,1043.8,10061,8192,1.4774821073558646,amazon/chronos-2
2005-01-02,2004-12-31,1043.8,56,2005-03-25,1012.4,985.1240234375,1022.8150024414062,1063.8369140625,1043.8,10061,8192,1.4774821073558646,amazon/chronos-2
2005-01-02,2004-12-31,1043.8,57,2005-03-28,1013.1,983.5436401367188,1021.6744384765625,1064.540283203125,1043.8,10061,8192,1.4774821073558646,amazon/chronos-2
2005-01-02,2004-12-31,1043.8,58,2005-03-29,1016.3,982.7937622070312,1022.4595947265625,1067.391357421875,1043.8,10061,8192,1.4774821073558646,amazon/chronos-2
2005-01-02,2004-12-31,1043.8,59,2005-03-30,1019.0,981.0474243164062,1021.1928100585938,1065.5738525390625,1043.8,10061,8192,1.4774821073558646,amazon/chronos-2
2005-01-02,2004-12-31,1043.8,60,2005-03-31,1024.3,980.5433349609375,1021.0059204101562,1065.173828125,1043.8,10061,8192,1.4774821073558646,amazon/chronos-2
2005-07-01,2005-07-01,1028.8,1,2005-07-04,1030.3,1024.815185546875,1034.5120849609375,1044.44677734375,1028.8,10184,8192,1.4924550721791219,amazon/chronos-2
2005-07-01,2005-07-01,1028.8,2,2005-07-05,1040.0,1023.5543212890625,1034.8355712890625,1047.27001953125,1028.8,10184,8192,1.4924550721791219,amazon/chronos-2
2005-07-01,2005-07-01,1028.8,3,2005-07-06,1045.0,1022.2608642578125,1034.54541015625,1049.4342041015625,1028.8,10184,8192,1.4924550721791219,amazon/chronos-2
2005-07-01,2005-07-01,1028.8,4,2005-07-07,1050.4,1020.9547119140625,1035.0697021484375,1049.926025390625,1028.8,10184,8192,1.4924550721791219,amazon/chronos-2
2005-07-01,2005-07-01,1028.8,5,2005-07-08,1052.5,1020.3192138671875,1034.427978515625,1052.11181640625,1028.8,10184,8192,1.4924550721791219,amazon/chronos-2
2005-07-01,2005-07-01,1028.8,6,2005-07-11,1053.8,1019.8642578125,1035.99658203125,1054.9984130859375,1028.8,10184,8192,1.4924550721791219,amazon/chronos-2
2005-07-01,2005-07-01,1028.8,7,2005-07-12,1045.6,1019.2791748046875,1036.119873046875,1056.3641357421875,1028.8,10184,8192,1.4924550721791219,amazon/chronos-2
2005-07-01,2005-07-01,1028.8,8,2005-07-13,1039.9,1018.1895751953125,1036.0421142578125,1057.7767333984375,1028.8,10184,8192,1.4924550721791219,amazon/chronos-2
2005-07-01,2005-07-01,1028.8,9,2005-07-14,1037.7,1017.6058959960938,1035.7457275390625,1059.5078125,1028.8,10184,8192,1.4924550721791219,amazon/chronos-2
2005-07-01,2005-07-01,1028.8,10,2005-07-15,1037.5,1016.0692138671875,1036.32861328125,1061.439453125,1028.8,10184,8192,1.4924550721791219,amazon/chronos-2
2005-07-01,2005-07-01,1028.8,11,2005-07-18,1037.7,1015.58935546875,1034.9493408203125,1062.2008056640625,1028.8,10184,8192,1.4924550721791219,amazon/chronos-2
2005-07-01,2005-07-01,1028.8,12,2005-07-19,1037.8,1014.5454711914062,1035.60888671875,1061.7259521484375,1028.8,10184,8192,1.4924550721791219,amazon/chronos-2
2005-07-01,2005-07-01,1028.8,13,2005-07-20,1038.2,1012.5811767578125,1034.6151123046875,1061.50146484375,1028.8,10184,8192,1.4924550721791219,amazon/chronos-2
2005-07-01,2005-07-01,1028.8,14,2005-07-21,1042.4,1012.068603515625,1035.399169921875,1062.306396484375,1028.8,10184,8192,1.4924550721791219,amazon/chronos-2
2005-07-01,2005-07-01,1028.8,15,2005-07-22,1036.6,1011.922607421875,1035.264404296875,1066.8258056640625,1028.8,10184,8192,1.4924550721791219,amazon/chronos-2
2005-07-01,2005-07-01,1028.8,16,2005-07-25,1022.8,1011.6422729492188,1035.5201416015625,1065.5703125,1028.8,10184,8192,1.4924550721791219,amazon/chronos-2
2005-07-01,2005-07-01,1028.8,17,2005-07-26,1023.7,1014.8732299804688,1037.5887451171875,1068.3905029296875,1028.8,10184,8192,1.4924550721791219,amazon/chronos-2
2005-07-01,2005-07-01,1028.8,18,2005-07-27,1026.1,1011.8922119140625,1036.63623046875,1069.701171875,1028.8,10184,8192,1.4924550721791219,amazon/chronos-2
2005-07-01,2005-07-01,1028.8,19,2005-07-28,1031.2,1011.3330688476562,1035.927490234375,1070.359375,1028.8,10184,8192,1.4924550721791219,amazon/chronos-2
2005-07-01,2005-07-01,1028.8,20,2005-07-29,1028.3,1011.732666015625,1036.0814208984375,1070.11083984375,1028.8,10184,8192,1.4924550721791219,amazon/chronos-2
2005-07-01,2005-07-01,1028.8,21,2005-08-01,1025.7,1010.5482788085938,1035.069580078125,1071.17041015625,1028.8,10184,8192,1.4924550721791219,amazon/chronos-2
2005-07-01,2005-07-01,1028.8,22,2005-08-02,1026.7,1009.6768188476562,1035.626953125,1072.0518798828125,1028.8,10184,8192,1.4924550721791219,amazon/chronos-2
2005-07-01,2005-07-01,1028.8,23,2005-08-03,1021.5,1009.1290283203125,1035.6505126953125,1072.55712890625,1028.8,10184,8192,1.4924550721791219,amazon/chronos-2
2005-07-01,2005-07-01,1028.8,24,2005-08-04,1018.1,1008.3482055664062,1035.356201171875,1073.495361328125,1028.8,10184,8192,1.4924550721791219,amazon/chronos-2
2005-07-01,2005-07-01,1028.8,25,2005-08-05,1011.9,1007.569580078125,1034.2657470703125,1074.109130859375,1028.8,10184,8192,1.4924550721791219,amazon/chronos-2
2005-07-01,2005-07-01,1028.8,26,2005-08-08,1013.9,1006.3602905273438,1034.97705078125,1076.6483154296875,1028.8,10184,8192,1.4924550721791219,amazon/chronos-2
2005-07-01,2005-07-01,1028.8,27,2005-08-09,1017.8,1005.13818359375,1033.2335205078125,1075.4786376953125,1028.8,10184,8192,1.4924550721791219,amazon/chronos-2
2005-07-01,2005-07-01,1028.8,28,2005-08-10,1014.6,1004.196044921875,1033.506103515625,1074.536376953125,1028.8,10184,8192,1.4924550721791219,amazon/chronos-2
2005-07-01,2005-07-01,1028.8,29,2005-08-11,1014.9,1002.792236328125,1032.907958984375,1074.477294921875,1028.8,10184,8192,1.4924550721791219,amazon/chronos-2
2005-07-01,2005-07-01,1028.8,30,2005-08-12,1014.4,1001.9547729492188,1033.6383056640625,1073.98876953125,1028.8,10184,8192,1.4924550721791219,amazon/chronos-2
2005-07-01,2005-07-01,1028.8,31,2005-08-16,1014.2,1002.1968994140625,1032.9578857421875,1079.048095703125,1028.8,10184,8192,1.4924550721791219,amazon/chronos-2
2005-07-01,2005-07-01,1028.8,32,2005-08-17,1016.4,1002.8402099609375,1033.205810546875,1077.45166015625,1028.8,10184,8192,1.4924550721791219,amazon/chronos-2
2005-07-01,2005-07-01,1028.8,33,2005-08-18,1019.2,1003.6943359375,1036.1883544921875,1082.141357421875,1028.8,10184,8192,1.4924550721791219,amazon/chronos-2
2005-07-01,2005-07-01,1028.8,34,2005-08-19,1018.6,999.4412231445312,1035.065185546875,1082.9632568359375,1028.8,10184,8192,1.4924550721791219,amazon/chronos-2
2005-07-01,2005-07-01,1028.8,35,2005-08-22,1022.7,999.502685546875,1034.386962890625,1083.69921875,1028.8,10184,8192,1.4924550721791219,amazon/chronos-2
2005-07-01,2005-07-01,1028.8,36,2005-08-23,1025.4,1001.3682861328125,1034.55810546875,1083.8807373046875,1028.8,10184,8192,1.4924550721791219,amazon/chronos-2
2005-07-01,2005-07-01,1028.8,37,2005-08-24,1026.1,999.4338989257812,1033.18359375,1084.898193359375,1028.8,10184,8192,1.4924550721791219,amazon/chronos-2
2005-07-01,2005-07-01,1028.8,38,2005-08-25,1027.7,998.85302734375,1033.6502685546875,1084.952880859375,1028.8,10184,8192,1.4924550721791219,amazon/chronos-2
2005-07-01,2005-07-01,1028.8,39,2005-08-26,1026.6,998.067626953125,1033.7391357421875,1085.2222900390625,1028.8,10184,8192,1.4924550721791219,amazon/chronos-2
2005-07-01,2005-07-01,1028.8,40,2005-08-29,1028.4,998.094482421875,1033.5751953125,1085.7718505859375,1028.8,10184,8192,1.4924550721791219,amazon/chronos-2
2005-07-01,2005-07-01,1028.8,41,2005-08-30,1030.0,996.9480590820312,1032.22802734375,1086.45263671875,1028.8,10184,8192,1.4924550721791219,amazon/chronos-2
2005-07-01,2005-07-01,1028.8,42,2005-08-31,1031.0,995.8310546875,1033.077880859375,1088.8466796875,1028.8,10184,8192,1.4924550721791219,amazon/chronos-2
2005-07-01,2005-07-01,1028.8,43,2005-09-01,1037.6,994.4043579101562,1031.52099609375,1087.31298828125,1028.8,10184,8192,1.4924550721791219,amazon/chronos-2
2005-07-01,2005-07-01,1028.8,44,2005-09-02,1035.7,993.5191040039062,1031.484130859375,1087.102294921875,1028.8,10184,8192,1.4924550721791219,amazon/chronos-2
2005-07-01,2005-07-01,1028.8,45,2005-09-05,1029.4,991.8660278320312,1030.673583984375,1086.8685302734375,1028.8,10184,8192,1.4924550721791219,amazon/chronos-2
2005-07-01,2005-07-01,1028.8,46,2005-09-06,1024.4,990.5943603515625,1031.5638427734375,1085.6478271484375,1028.8,10184,8192,1.4924550721791219,amazon/chronos-2
2005-07-01,2005-07-01,1028.8,47,2005-09-07,1024.3,991.445068359375,1030.5587158203125,1089.490478515625,1028.8,10184,8192,1.4924550721791219,amazon/chronos-2
2005-07-01,2005-07-01,1028.8,48,2005-09-08,1024.4,992.8349609375,1030.812255859375,1088.3812255859375,1028.8,10184,8192,1.4924550721791219,amazon/chronos-2
2005-07-01,2005-07-01,1028.8,49,2005-09-09,1025.7,995.01611328125,1033.7623291015625,1087.665283203125,1028.8,10184,8192,1.4924550721791219,amazon/chronos-2
2005-07-01,2005-07-01,1028.8,50,2005-09-12,1027.3,990.8956298828125,1032.9918212890625,1089.31884765625,1028.8,10184,8192,1.4924550721791219,amazon/chronos-2
2005-07-01,2005-07-01,1028.8,51,2005-09-13,1024.4,989.9668579101562,1032.421142578125,1089.6500244140625,1028.8,10184,8192,1.4924550721791219,amazon/chronos-2
2005-07-01,2005-07-01,1028.8,52,2005-09-14,1026.7,992.1385498046875,1032.7147216796875,1089.9576416015625,1028.8,10184,8192,1.4924550721791219,amazon/chronos-2
2005-07-01,2005-07-01,1028.8,53,2005-09-15,1024.6,990.0725708007812,1030.827880859375,1090.41455078125,1028.8,10184,8192,1.4924550721791219,amazon/chronos-2
2005-07-01,2005-07-01,1028.8,54,2005-09-16,1024.9,990.528564453125,1031.655517578125,1090.516845703125,1028.8,10184,8192,1.4924550721791219,amazon/chronos-2
2005-07-01,2005-07-01,1028.8,55,2005-09-20,1026.3,989.51806640625,1031.5250244140625,1090.256591796875,1028.8,10184,8192,1.4924550721791219,amazon/chronos-2
2005-07-01,2005-07-01,1028.8,56,2005-09-21,1028.8,989.6543579101562,1031.5421142578125,1090.7216796875,1028.8,10184,8192,1.4924550721791219,amazon/chronos-2
2005-07-01,2005-07-01,1028.8,57,2005-09-22,1030.4,988.405029296875,1030.2523193359375,1091.3983154296875,1028.8,10184,8192,1.4924550721791219,amazon/chronos-2
2005-07-01,2005-07-01,1028.8,58,2005-09-23,1027.2,987.3637084960938,1031.089111328125,1093.2650146484375,1028.8,10184,8192,1.4924550721791219,amazon/chronos-2
2005-07-01,2005-07-01,1028.8,59,2005-09-26,1028.9,985.7793579101562,1029.5291748046875,1091.217529296875,1028.8,10184,8192,1.4924550721791219,amazon/chronos-2
2005-07-01,2005-07-01,1028.8,60,2005-09-27,1035.2,985.0526733398438,1029.3070068359375,1091.0196533203125,1028.8,10184,8192,1.4924550721791219,amazon/chronos-2
2006-01-02,2006-01-02,1013.0,1,2006-01-03,1008.9,1003.225830078125,1009.94189453125,1014.3330688476562,1013.0,10312,8192,1.5054863737755795,amazon/chronos-2
2006-01-02,2006-01-02,1013.0,2,2006-01-04,1005.6,1000.9515380859375,1010.2523193359375,1017.410400390625,1013.0,10312,8192,1.5054863737755795,amazon/chronos-2
2006-01-02,2006-01-02,1013.0,3,2006-01-05,999.4,999.7936401367188,1009.4556884765625,1019.1250610351562,1013.0,10312,8192,1.5054863737755795,amazon/chronos-2
2006-01-02,2006-01-02,1013.0,4,2006-01-06,994.4,997.2843627929688,1009.78662109375,1019.0816040039062,1013.0,10312,8192,1.5054863737755795,amazon/chronos-2
2006-01-02,2006-01-02,1013.0,5,2006-01-09,992.5,996.8057861328125,1008.6626586914062,1022.4556884765625,1013.0,10312,8192,1.5054863737755795,amazon/chronos-2
2006-01-02,2006-01-02,1013.0,6,2006-01-10,978.4,996.19140625,1010.3738403320312,1024.9417724609375,1013.0,10312,8192,1.5054863737755795,amazon/chronos-2
2006-01-02,2006-01-02,1013.0,7,2006-01-11,981.7,994.5995483398438,1010.31298828125,1026.5738525390625,1013.0,10312,8192,1.5054863737755795,amazon/chronos-2
2006-01-02,2006-01-02,1013.0,8,2006-01-12,984.4,993.0816040039062,1009.8662719726562,1028.6185302734375,1013.0,10312,8192,1.5054863737755795,amazon/chronos-2
2006-01-02,2006-01-02,1013.0,9,2006-01-13,976.3,990.5993041992188,1009.15478515625,1031.921875,1013.0,10312,8192,1.5054863737755795,amazon/chronos-2
2006-01-02,2006-01-02,1013.0,10,2006-01-16,982.7,989.563232421875,1009.637939453125,1035.3262939453125,1013.0,10312,8192,1.5054863737755795,amazon/chronos-2
2006-01-02,2006-01-02,1013.0,11,2006-01-17,982.8,987.9570922851562,1007.9547119140625,1037.8883056640625,1013.0,10312,8192,1.5054863737755795,amazon/chronos-2
2006-01-02,2006-01-02,1013.0,12,2006-01-18,988.2,987.220703125,1008.1805419921875,1042.233642578125,1013.0,10312,8192,1.5054863737755795,amazon/chronos-2
2006-01-02,2006-01-02,1013.0,13,2006-01-19,992.0,985.1318969726562,1007.9947509765625,1047.9779052734375,1013.0,10312,8192,1.5054863737755795,amazon/chronos-2
2006-01-02,2006-01-02,1013.0,14,2006-01-20,986.1,982.0553588867188,1007.7813110351562,1052.4979248046875,1013.0,10312,8192,1.5054863737755795,amazon/chronos-2
2006-01-02,2006-01-02,1013.0,15,2006-01-23,986.8,981.6312255859375,1007.6958618164062,1057.6324462890625,1013.0,10312,8192,1.5054863737755795,amazon/chronos-2
2006-01-02,2006-01-02,1013.0,16,2006-01-24,980.9,981.3132934570312,1007.2244262695312,1060.85400390625,1013.0,10312,8192,1.5054863737755795,amazon/chronos-2
2006-01-02,2006-01-02,1013.0,17,2006-01-25,977.5,981.45361328125,1008.5701904296875,1047.48388671875,1013.0,10312,8192,1.5054863737755795,amazon/chronos-2
2006-01-02,2006-01-02,1013.0,18,2006-01-26,977.2,976.9642333984375,1007.908935546875,1050.4573974609375,1013.0,10312,8192,1.5054863737755795,amazon/chronos-2
2006-01-02,2006-01-02,1013.0,19,2006-01-27,967.8,978.6673583984375,1008.1694946289062,1051.1260986328125,1013.0,10312,8192,1.5054863737755795,amazon/chronos-2
2006-01-02,2006-01-02,1013.0,20,2006-01-31,971.0,979.5597534179688,1008.1927490234375,1052.552001953125,1013.0,10312,8192,1.5054863737755795,amazon/chronos-2
2006-01-02,2006-01-02,1013.0,21,2006-02-01,968.6,979.0645751953125,1007.308837890625,1056.1922607421875,1013.0,10312,8192,1.5054863737755795,amazon/chronos-2
2006-01-02,2006-01-02,1013.0,22,2006-02-02,961.1,978.0381469726562,1008.0741577148438,1054.33251953125,1013.0,10312,8192,1.5054863737755795,amazon/chronos-2
2006-01-02,2006-01-02,1013.0,23,2006-02-03,969.7,977.3726806640625,1007.955078125,1058.3201904296875,1013.0,10312,8192,1.5054863737755795,amazon/chronos-2
2006-01-02,2006-01-02,1013.0,24,2006-02-06,970.6,976.3353271484375,1007.2855834960938,1061.908935546875,1013.0,10312,8192,1.5054863737755795,amazon/chronos-2
2006-01-02,2006-01-02,1013.0,25,2006-02-07,966.5,974.1945190429688,1006.615478515625,1069.45654296875,1013.0,10312,8192,1.5054863737755795,amazon/chronos-2
2006-01-02,2006-01-02,1013.0,26,2006-02-08,967.8,973.1825561523438,1007.1912231445312,1069.5712890625,1013.0,10312,8192,1.5054863737755795,amazon/chronos-2
2006-01-02,2006-01-02,1013.0,27,2006-02-09,970.0,971.826171875,1005.8602294921875,1067.3582763671875,1013.0,10312,8192,1.5054863737755795,amazon/chronos-2
2006-01-02,2006-01-02,1013.0,28,2006-02-10,971.2,972.3778076171875,1005.1735229492188,1071.648193359375,1013.0,10312,8192,1.5054863737755795,amazon/chronos-2
2006-01-02,2006-01-02,1013.0,29,2006-02-13,970.6,971.2984619140625,1004.958251953125,1076.969482421875,1013.0,10312,8192,1.5054863737755795,amazon/chronos-2
2006-01-02,2006-01-02,1013.0,30,2006-02-14,974.5,969.1339721679688,1004.5830078125,1078.6014404296875,1013.0,10312,8192,1.5054863737755795,amazon/chronos-2
2006-01-02,2006-01-02,1013.0,31,2006-02-15,973.9,968.884033203125,1004.238037109375,1082.1605224609375,1013.0,10312,8192,1.5054863737755795,amazon/chronos-2
2006-01-02,2006-01-02,1013.0,32,2006-02-16,973.6,971.2295532226562,1004.10009765625,1088.23193359375,1013.0,10312,8192,1.5054863737755795,amazon/chronos-2
2006-01-02,2006-01-02,1013.0,33,2006-02-17,976.4,969.577392578125,1007.5765380859375,1070.3236083984375,1013.0,10312,8192,1.5054863737755795,amazon/chronos-2
2006-01-02,2006-01-02,1013.0,34,2006-02-20,974.1,967.3231201171875,1006.1343994140625,1075.72607421875,1013.0,10312,8192,1.5054863737755795,amazon/chronos-2
2006-01-02,2006-01-02,1013.0,35,2006-02-21,968.0,967.0585327148438,1006.2678833007812,1075.123046875,1013.0,10312,8192,1.5054863737755795,amazon/chronos-2
2006-01-02,2006-01-02,1013.0,36,2006-02-22,968.2,966.8582153320312,1006.0203247070312,1078.5543212890625,1013.0,10312,8192,1.5054863737755795,amazon/chronos-2
2006-01-02,2006-01-02,1013.0,37,2006-02-23,973.3,967.4830322265625,1004.573486328125,1083.09033203125,1013.0,10312,8192,1.5054863737755795,amazon/chronos-2
2006-01-02,2006-01-02,1013.0,38,2006-02-24,972.6,966.9912109375,1005.3547973632812,1083.9384765625,1013.0,10312,8192,1.5054863737755795,amazon/chronos-2
2006-01-02,2006-01-02,1013.0,39,2006-02-27,964.7,966.6876220703125,1005.0227661132812,1084.933349609375,1013.0,10312,8192,1.5054863737755795,amazon/chronos-2
2006-01-02,2006-01-02,1013.0,40,2006-02-28,969.0,965.9633178710938,1004.015869140625,1086.013916015625,1013.0,10312,8192,1.5054863737755795,amazon/chronos-2
2006-01-02,2006-01-02,1013.0,41,2006-03-02,970.6,963.2642822265625,1003.1400756835938,1091.382568359375,1013.0,10312,8192,1.5054863737755795,amazon/chronos-2
2006-01-02,2006-01-02,1013.0,42,2006-03-03,969.8,962.435546875,1003.9025268554688,1089.864990234375,1013.0,10312,8192,1.5054863737755795,amazon/chronos-2
2006-01-02,2006-01-02,1013.0,43,2006-03-06,969.0,961.1153564453125,1002.4967651367188,1086.018310546875,1013.0,10312,8192,1.5054863737755795,amazon/chronos-2
2006-01-02,2006-01-02,1013.0,44,2006-03-07,973.3,962.2813720703125,1001.584228515625,1088.7530517578125,1013.0,10312,8192,1.5054863737755795,amazon/chronos-2
2006-01-02,2006-01-02,1013.0,45,2006-03-08,976.7,961.6249389648438,1001.554931640625,1093.5322265625,1013.0,10312,8192,1.5054863737755795,amazon/chronos-2
2006-01-02,2006-01-02,1013.0,46,2006-03-09,980.2,959.9881591796875,1001.783203125,1093.78271484375,1013.0,10312,8192,1.5054863737755795,amazon/chronos-2
2006-01-02,2006-01-02,1013.0,47,2006-03-10,981.2,960.263427734375,1001.3840942382812,1095.82177734375,1013.0,10312,8192,1.5054863737755795,amazon/chronos-2
2006-01-02,2006-01-02,1013.0,48,2006-03-13,982.6,963.4046630859375,1001.723876953125,1102.1748046875,1013.0,10312,8192,1.5054863737755795,amazon/chronos-2
2006-01-02,2006-01-02,1013.0,49,2006-03-14,981.6,958.2824096679688,1003.661376953125,1081.527099609375,1013.0,10312,8192,1.5054863737755795,amazon/chronos-2
2006-01-02,2006-01-02,1013.0,50,2006-03-15,977.5,956.56103515625,1001.8273315429688,1086.4456787109375,1013.0,10312,8192,1.5054863737755795,amazon/chronos-2
2006-01-02,2006-01-02,1013.0,51,2006-03-16,974.7,957.2149047851562,1002.3660278320312,1085.7772216796875,1013.0,10312,8192,1.5054863737755795,amazon/chronos-2
2006-01-02,2006-01-02,1013.0,52,2006-03-17,974.4,956.5369873046875,1002.4717407226562,1090.9320068359375,1013.0,10312,8192,1.5054863737755795,amazon/chronos-2
2006-01-02,2006-01-02,1013.0,53,2006-03-20,971.9,957.0266723632812,1000.1775512695312,1095.9412841796875,1013.0,10312,8192,1.5054863737755795,amazon/chronos-2
2006-01-02,2006-01-02,1013.0,54,2006-03-21,969.1,958.1280517578125,1001.239013671875,1098.4622802734375,1013.0,10312,8192,1.5054863737755795,amazon/chronos-2
2006-01-02,2006-01-02,1013.0,55,2006-03-22,967.3,957.950927734375,1000.945556640625,1098.2576904296875,1013.0,10312,8192,1.5054863737755795,amazon/chronos-2
2006-01-02,2006-01-02,1013.0,56,2006-03-23,971.5,957.2789306640625,999.7990112304688,1098.6849365234375,1013.0,10312,8192,1.5054863737755795,amazon/chronos-2
2006-01-02,2006-01-02,1013.0,57,2006-03-24,973.7,954.2229614257812,999.1328735351562,1103.45263671875,1013.0,10312,8192,1.5054863737755795,amazon/chronos-2
2006-01-02,2006-01-02,1013.0,58,2006-03-27,980.8,953.6705932617188,1000.08935546875,1101.216064453125,1013.0,10312,8192,1.5054863737755795,amazon/chronos-2
2006-01-02,2006-01-02,1013.0,59,2006-03-28,976.3,952.3683471679688,998.96142578125,1096.87255859375,1013.0,10312,8192,1.5054863737755795,amazon/chronos-2
2006-01-02,2006-01-02,1013.0,60,2006-03-29,975.8,954.2634887695312,998.211669921875,1099.615478515625,1013.0,10312,8192,1.5054863737755795,amazon/chronos-2
2006-07-01,2006-06-30,960.3,1,2006-07-03,952.6,953.3466186523438,960.299560546875,966.5169067382812,960.3,10435,8192,1.5257973931378186,amazon/chronos-2
2006-07-01,2006-06-30,960.3,2,2006-07-04,944.7,952.7128295898438,960.1773681640625,967.38720703125,960.3,10435,8192,1.5257973931378186,amazon/chronos-2
2006-07-01,2006-06-30,960.3,3,2006-07-05,942.2,951.7618408203125,959.6013793945312,967.5183715820312,960.3,10435,8192,1.5257973931378186,amazon/chronos-2
2006-07-01,2006-06-30,960.3,4,2006-07-06,945.9,950.3057250976562,959.161865234375,966.58935546875,960.3,10435,8192,1.5257973931378186,amazon/chronos-2
2006-07-01,2006-06-30,960.3,5,2006-07-07,949.7,950.2756958007812,958.6973876953125,967.2971801757812,960.3,10435,8192,1.5257973931378186,amazon/chronos-2
2006-07-01,2006-06-30,960.3,6,2006-07-10,946.3,949.7390747070312,958.89892578125,967.7161865234375,960.3,10435,8192,1.5257973931378186,amazon/chronos-2
2006-07-01,2006-06-30,960.3,7,2006-07-11,942.5,949.2654418945312,958.140625,967.080810546875,960.3,10435,8192,1.5257973931378186,amazon/chronos-2
2006-07-01,2006-06-30,960.3,8,2006-07-12,945.0,948.715087890625,958.212158203125,967.530517578125,960.3,10435,8192,1.5257973931378186,amazon/chronos-2
2006-07-01,2006-06-30,960.3,9,2006-07-13,948.8,947.5374755859375,957.5990600585938,967.5452880859375,960.3,10435,8192,1.5257973931378186,amazon/chronos-2
2006-07-01,2006-06-30,960.3,10,2006-07-14,950.1,946.7199096679688,957.5809326171875,967.8698120117188,960.3,10435,8192,1.5257973931378186,amazon/chronos-2
2006-07-01,2006-06-30,960.3,11,2006-07-18,952.9,945.641357421875,956.402099609375,967.9451904296875,960.3,10435,8192,1.5257973931378186,amazon/chronos-2
2006-07-01,2006-06-30,960.3,12,2006-07-19,957.4,945.5341796875,956.5367431640625,967.3404541015625,960.3,10435,8192,1.5257973931378186,amazon/chronos-2
2006-07-01,2006-06-30,960.3,13,2006-07-20,958.4,945.1170043945312,956.4955444335938,967.5285034179688,960.3,10435,8192,1.5257973931378186,amazon/chronos-2
2006-07-01,2006-06-30,960.3,14,2006-07-21,951.3,945.0742797851562,956.0846557617188,968.2302856445312,960.3,10435,8192,1.5257973931378186,amazon/chronos-2
2006-07-01,2006-06-30,960.3,15,2006-07-24,952.7,944.2377319335938,955.8220825195312,968.0106201171875,960.3,10435,8192,1.5257973931378186,amazon/chronos-2
2006-07-01,2006-06-30,960.3,16,2006-07-25,951.2,944.220947265625,956.1190795898438,968.7909545898438,960.3,10435,8192,1.5257973931378186,amazon/chronos-2
2006-07-01,2006-06-30,960.3,17,2006-07-26,952.4,941.9445190429688,956.8944091796875,972.124755859375,960.3,10435,8192,1.5257973931378186,amazon/chronos-2
2006-07-01,2006-06-30,960.3,18,2006-07-27,953.9,940.3504028320312,956.6131591796875,972.1531982421875,960.3,10435,8192,1.5257973931378186,amazon/chronos-2
2006-07-01,2006-06-30,960.3,19,2006-07-28,951.9,940.841796875,956.7869262695312,973.1931762695312,960.3,10435,8192,1.5257973931378186,amazon/chronos-2
2006-07-01,2006-06-30,960.3,20,2006-07-31,953.1,940.7625732421875,956.9991455078125,972.3695068359375,960.3,10435,8192,1.5257973931378186,amazon/chronos-2
2006-07-01,2006-06-30,960.3,21,2006-08-01,954.5,940.568115234375,956.3884887695312,973.5172729492188,960.3,10435,8192,1.5257973931378186,amazon/chronos-2
2006-07-01,2006-06-30,960.3,22,2006-08-02,956.4,939.9205322265625,956.5137329101562,973.4486694335938,960.3,10435,8192,1.5257973931378186,amazon/chronos-2
2006-07-01,2006-06-30,960.3,23,2006-08-03,959.4,939.6708984375,955.9129638671875,973.1555786132812,960.3,10435,8192,1.5257973931378186,amazon/chronos-2
2006-07-01,2006-06-30,960.3,24,2006-08-04,966.3,939.3599853515625,955.9886474609375,973.4404296875,960.3,10435,8192,1.5257973931378186,amazon/chronos-2
2006-07-01,2006-06-30,960.3,25,2006-08-07,964.4,938.5184326171875,955.51904296875,973.693603515625,960.3,10435,8192,1.5257973931378186,amazon/chronos-2
2006-07-01,2006-06-30,960.3,26,2006-08-08,961.5,938.1082763671875,956.0907592773438,974.8988037109375,960.3,10435,8192,1.5257973931378186,amazon/chronos-2
2006-07-01,2006-06-30,960.3,27,2006-08-09,963.9,937.2097778320312,954.9138793945312,974.9088134765625,960.3,10435,8192,1.5257973931378186,amazon/chronos-2
2006-07-01,2006-06-30,960.3,28,2006-08-10,963.7,937.0923461914062,954.9790649414062,973.5924682617188,960.3,10435,8192,1.5257973931378186,amazon/chronos-2
2006-07-01,2006-06-30,960.3,29,2006-08-11,958.0,935.7960815429688,954.57568359375,973.7335205078125,960.3,10435,8192,1.5257973931378186,amazon/chronos-2
2006-07-01,2006-06-30,960.3,30,2006-08-14,959.2,935.9454956054688,954.6228637695312,974.1639404296875,960.3,10435,8192,1.5257973931378186,amazon/chronos-2
2006-07-01,2006-06-30,960.3,31,2006-08-16,965.2,935.8087768554688,954.169921875,976.166015625,960.3,10435,8192,1.5257973931378186,amazon/chronos-2
2006-07-01,2006-06-30,960.3,32,2006-08-17,964.8,936.478515625,954.7854614257812,975.4064331054688,960.3,10435,8192,1.5257973931378186,amazon/chronos-2
2006-07-01,2006-06-30,960.3,33,2006-08-18,961.7,934.4982299804688,955.01171875,978.8155517578125,960.3,10435,8192,1.5257973931378186,amazon/chronos-2
2006-07-01,2006-06-30,960.3,34,2006-08-21,961.7,932.918212890625,954.7440795898438,979.2960815429688,960.3,10435,8192,1.5257973931378186,amazon/chronos-2
2006-07-01,2006-06-30,960.3,35,2006-08-22,957.2,932.686767578125,955.1602783203125,980.7518310546875,960.3,10435,8192,1.5257973931378186,amazon/chronos-2
2006-07-01,2006-06-30,960.3,36,2006-08-23,956.9,933.1381225585938,955.0313720703125,979.828125,960.3,10435,8192,1.5257973931378186,amazon/chronos-2
2006-07-01,2006-06-30,960.3,37,2006-08-24,956.6,931.9102783203125,954.1651611328125,980.904541015625,960.3,10435,8192,1.5257973931378186,amazon/chronos-2
2006-07-01,2006-06-30,960.3,38,2006-08-25,958.2,932.1714477539062,954.5960083007812,981.234375,960.3,10435,8192,1.5257973931378186,amazon/chronos-2
2006-07-01,2006-06-30,960.3,39,2006-08-28,960.7,932.0664672851562,954.7039794921875,981.4904174804688,960.3,10435,8192,1.5257973931378186,amazon/chronos-2
2006-07-01,2006-06-30,960.3,40,2006-08-29,964.2,931.859130859375,954.6403198242188,981.8573608398438,960.3,10435,8192,1.5257973931378186,amazon/chronos-2
2006-07-01,2006-06-30,960.3,41,2006-08-30,961.7,931.1763305664062,954.537109375,982.4794921875,960.3,10435,8192,1.5257973931378186,amazon/chronos-2
2006-07-01,2006-06-30,960.3,42,2006-08-31,959.6,930.8238525390625,955.5768432617188,984.7677612304688,960.3,10435,8192,1.5257973931378186,amazon/chronos-2
2006-07-01,2006-06-30,960.3,43,2006-09-01,961.5,929.8571166992188,954.6055908203125,985.2024536132812,960.3,10435,8192,1.5257973931378186,amazon/chronos-2
2006-07-01,2006-06-30,960.3,44,2006-09-04,961.1,929.9292602539062,954.871337890625,983.6072998046875,960.3,10435,8192,1.5257973931378186,amazon/chronos-2
2006-07-01,2006-06-30,960.3,45,2006-09-05,958.3,928.6458129882812,954.4268188476562,983.974609375,960.3,10435,8192,1.5257973931378186,amazon/chronos-2
2006-07-01,2006-06-30,960.3,46,2006-09-06,956.2,928.1864013671875,954.9573974609375,984.2938842773438,960.3,10435,8192,1.5257973931378186,amazon/chronos-2
2006-07-01,2006-06-30,960.3,47,2006-09-07,956.9,928.6675415039062,954.0906982421875,988.0660400390625,960.3,10435,8192,1.5257973931378186,amazon/chronos-2
2006-07-01,2006-06-30,960.3,48,2006-09-08,956.8,929.1631469726562,954.673828125,985.9114990234375,960.3,10435,8192,1.5257973931378186,amazon/chronos-2
2006-07-01,2006-06-30,960.3,49,2006-09-11,955.2,929.604248046875,954.9873657226562,993.8751220703125,960.3,10435,8192,1.5257973931378186,amazon/chronos-2
2006-07-01,2006-06-30,960.3,50,2006-09-12,957.0,928.257080078125,954.8113403320312,996.7958984375,960.3,10435,8192,1.5257973931378186,amazon/chronos-2
2006-07-01,2006-06-30,960.3,51,2006-09-13,959.1,925.982666015625,955.8125,1000.1671752929688,960.3,10435,8192,1.5257973931378186,amazon/chronos-2
2006-07-01,2006-06-30,960.3,52,2006-09-14,959.8,926.5726318359375,955.4492797851562,1001.3627319335938,960.3,10435,8192,1.5257973931378186,amazon/chronos-2
2006-07-01,2006-06-30,960.3,53,2006-09-15,956.4,924.8434448242188,954.6461181640625,1003.9500732421875,960.3,10435,8192,1.5257973931378186,amazon/chronos-2
2006-07-01,2006-06-30,960.3,54,2006-09-18,956.8,925.7486572265625,955.6373291015625,1004.6627197265625,960.3,10435,8192,1.5257973931378186,amazon/chronos-2
2006-07-01,2006-06-30,960.3,55,2006-09-19,958.0,925.412841796875,955.9420166015625,1004.8116455078125,960.3,10435,8192,1.5257973931378186,amazon/chronos-2
2006-07-01,2006-06-30,960.3,56,2006-09-20,954.3,925.4668579101562,955.555908203125,1005.69091796875,960.3,10435,8192,1.5257973931378186,amazon/chronos-2
2006-07-01,2006-06-30,960.3,57,2006-09-21,952.1,924.1148071289062,955.520751953125,1007.94140625,960.3,10435,8192,1.5257973931378186,amazon/chronos-2
2006-07-01,2006-06-30,960.3,58,2006-09-22,945.7,924.2981567382812,957.0906982421875,1012.2301635742188,960.3,10435,8192,1.5257973931378186,amazon/chronos-2
2006-07-01,2006-06-30,960.3,59,2006-09-25,944.2,922.601806640625,955.7880249023438,1013.2191772460938,960.3,10435,8192,1.5257973931378186,amazon/chronos-2
2006-07-01,2006-06-30,960.3,60,2006-09-26,944.8,922.4619140625,956.436279296875,1014.9063110351562,960.3,10435,8192,1.5257973931378186,amazon/chronos-2
2007-01-02,2007-01-02,929.6,1,2007-01-03,926.0,925.8060302734375,932.2650756835938,938.2305297851562,929.6,10560,8192,1.5350004735296903,amazon/chronos-2
2007-01-02,2007-01-02,929.6,2,2007-01-04,926.1,925.46435546875,932.0054321289062,938.2113037109375,929.6,10560,8192,1.5350004735296903,amazon/chronos-2
2007-01-02,2007-01-02,929.6,3,2007-01-05,931.2,924.182373046875,932.2276000976562,938.3255004882812,929.6,10560,8192,1.5350004735296903,amazon/chronos-2
2007-01-02,2007-01-02,929.6,4,2007-01-08,932.6,922.5226440429688,931.7584228515625,939.5599975585938,929.6,10560,8192,1.5350004735296903,amazon/chronos-2
2007-01-02,2007-01-02,929.6,5,2007-01-09,937.3,922.1234130859375,931.0095825195312,940.0260009765625,929.6,10560,8192,1.5350004735296903,amazon/chronos-2
2007-01-02,2007-01-02,929.6,6,2007-01-10,937.0,921.1828002929688,930.8016357421875,939.66943359375,929.6,10560,8192,1.5350004735296903,amazon/chronos-2
2007-01-02,2007-01-02,929.6,7,2007-01-11,939.8,921.0220336914062,930.376953125,940.0189819335938,929.6,10560,8192,1.5350004735296903,amazon/chronos-2
2007-01-02,2007-01-02,929.6,8,2007-01-12,938.9,919.8908081054688,929.9632568359375,940.0108642578125,929.6,10560,8192,1.5350004735296903,amazon/chronos-2
2007-01-02,2007-01-02,929.6,9,2007-01-15,940.5,918.8931884765625,930.1639404296875,940.53955078125,929.6,10560,8192,1.5350004735296903,amazon/chronos-2
2007-01-02,2007-01-02,929.6,10,2007-01-16,938.1,918.2786865234375,930.3164672851562,941.3760375976562,929.6,10560,8192,1.5350004735296903,amazon/chronos-2
2007-01-02,2007-01-02,929.6,11,2007-01-17,936.5,917.385986328125,929.8550415039062,941.2784423828125,929.6,10560,8192,1.5350004735296903,amazon/chronos-2
2007-01-02,2007-01-02,929.6,12,2007-01-18,937.1,917.498046875,929.771240234375,941.1983642578125,929.6,10560,8192,1.5350004735296903,amazon/chronos-2
2007-01-02,2007-01-02,929.6,13,2007-01-19,936.7,916.3330078125,929.4452514648438,941.5447998046875,929.6,10560,8192,1.5350004735296903,amazon/chronos-2
2007-01-02,2007-01-02,929.6,14,2007-01-22,937.6,916.083251953125,929.2756958007812,942.129638671875,929.6,10560,8192,1.5350004735296903,amazon/chronos-2
2007-01-02,2007-01-02,929.6,15,2007-01-23,938.7,915.7609252929688,929.3812255859375,942.9563598632812,929.6,10560,8192,1.5350004735296903,amazon/chronos-2
2007-01-02,2007-01-02,929.6,16,2007-01-24,941.1,915.1898193359375,929.4622802734375,943.411865234375,929.6,10560,8192,1.5350004735296903,amazon/chronos-2
2007-01-02,2007-01-02,929.6,17,2007-01-25,937.5,914.6281127929688,930.7195434570312,946.1752319335938,929.6,10560,8192,1.5350004735296903,amazon/chronos-2
2007-01-02,2007-01-02,929.6,18,2007-01-26,936.3,913.5028686523438,929.8255004882812,945.6075439453125,929.6,10560,8192,1.5350004735296903,amazon/chronos-2
2007-01-02,2007-01-02,929.6,19,2007-01-29,940.0,912.4837646484375,929.8684692382812,945.9542236328125,929.6,10560,8192,1.5350004735296903,amazon/chronos-2
2007-01-02,2007-01-02,929.6,20,2007-01-30,940.4,911.978271484375,929.1046142578125,944.9236450195312,929.6,10560,8192,1.5350004735296903,amazon/chronos-2
2007-01-02,2007-01-02,929.6,21,2007-01-31,940.9,910.8173828125,928.2716064453125,945.9889526367188,929.6,10560,8192,1.5350004735296903,amazon/chronos-2
2007-01-02,2007-01-02,929.6,22,2007-02-01,942.0,910.526123046875,928.046630859375,945.2645263671875,929.6,10560,8192,1.5350004735296903,amazon/chronos-2
2007-01-02,2007-01-02,929.6,23,2007-02-02,938.1,910.7925415039062,928.0594482421875,945.3857421875,929.6,10560,8192,1.5350004735296903,amazon/chronos-2
2007-01-02,2007-01-02,929.6,24,2007-02-05,938.1,910.056640625,927.6309204101562,945.3558349609375,929.6,10560,8192,1.5350004735296903,amazon/chronos-2
2007-01-02,2007-01-02,929.6,25,2007-02-06,936.6,909.3517456054688,927.7691040039062,945.264404296875,929.6,10560,8192,1.5350004735296903,amazon/chronos-2
2007-01-02,2007-01-02,929.6,26,2007-02-07,933.0,908.6947021484375,927.6495361328125,946.38330078125,929.6,10560,8192,1.5350004735296903,amazon/chronos-2
2007-01-02,2007-01-02,929.6,27,2007-02-08,932.2,907.3545532226562,926.684814453125,946.1011352539062,929.6,10560,8192,1.5350004735296903,amazon/chronos-2
2007-01-02,2007-01-02,929.6,28,2007-02-09,935.0,907.6035766601562,926.8359985351562,945.4268798828125,929.6,10560,8192,1.5350004735296903,amazon/chronos-2
2007-01-02,2007-01-02,929.6,29,2007-02-12,934.5,905.9580078125,926.4916381835938,945.4243774414062,929.6,10560,8192,1.5350004735296903,amazon/chronos-2
2007-01-02,2007-01-02,929.6,30,2007-02-13,936.6,904.603759765625,926.13525390625,945.5775756835938,929.6,10560,8192,1.5350004735296903,amazon/chronos-2
2007-01-02,2007-01-02,929.6,31,2007-02-14,937.8,906.2071533203125,926.2692260742188,946.8701171875,929.6,10560,8192,1.5350004735296903,amazon/chronos-2
2007-01-02,2007-01-02,929.6,32,2007-02-15,938.1,906.228759765625,926.5635986328125,945.88671875,929.6,10560,8192,1.5350004735296903,amazon/chronos-2
2007-01-02,2007-01-02,929.6,33,2007-02-16,934.7,906.6844482421875,927.51904296875,949.0665283203125,929.6,10560,8192,1.5350004735296903,amazon/chronos-2
2007-01-02,2007-01-02,929.6,34,2007-02-20,935.9,905.683837890625,926.3139038085938,948.8721313476562,929.6,10560,8192,1.5350004735296903,amazon/chronos-2
2007-01-02,2007-01-02,929.6,35,2007-02-21,938.3,903.9415283203125,926.662841796875,949.6445922851562,929.6,10560,8192,1.5350004735296903,amazon/chronos-2
2007-01-02,2007-01-02,929.6,36,2007-02-22,938.8,904.5029296875,926.077880859375,948.5104370117188,929.6,10560,8192,1.5350004735296903,amazon/chronos-2
2007-01-02,2007-01-02,929.6,37,2007-02-23,939.5,902.9448852539062,925.659912109375,949.93359375,929.6,10560,8192,1.5350004735296903,amazon/chronos-2
2007-01-02,2007-01-02,929.6,38,2007-02-26,938.6,903.1318359375,925.6318969726562,949.8388061523438,929.6,10560,8192,1.5350004735296903,amazon/chronos-2
2007-01-02,2007-01-02,929.6,39,2007-02-27,937.3,902.680908203125,925.40673828125,949.7411499023438,929.6,10560,8192,1.5350004735296903,amazon/chronos-2
2007-01-02,2007-01-02,929.6,40,2007-02-28,938.3,902.9241943359375,925.4893798828125,949.9217529296875,929.6,10560,8192,1.5350004735296903,amazon/chronos-2
2007-01-02,2007-01-02,929.6,41,2007-03-02,940.9,902.058349609375,925.646240234375,949.86962890625,929.6,10560,8192,1.5350004735296903,amazon/chronos-2
2007-01-02,2007-01-02,929.6,42,2007-03-05,942.2,901.2977905273438,925.338134765625,951.5117797851562,929.6,10560,8192,1.5350004735296903,amazon/chronos-2
2007-01-02,2007-01-02,929.6,43,2007-03-06,950.0,899.3370361328125,924.1639404296875,951.310302734375,929.6,10560,8192,1.5350004735296903,amazon/chronos-2
2007-01-02,2007-01-02,929.6,44,2007-03-07,948.0,899.4932861328125,924.396728515625,950.1685791015625,929.6,10560,8192,1.5350004735296903,amazon/chronos-2
2007-01-02,2007-01-02,929.6,45,2007-03-08,947.0,897.4369506835938,923.838134765625,950.04052734375,929.6,10560,8192,1.5350004735296903,amazon/chronos-2
2007-01-02,2007-01-02,929.6,46,2007-03-09,948.2,896.22509765625,923.5012817382812,949.984375,929.6,10560,8192,1.5350004735296903,amazon/chronos-2
2007-01-02,2007-01-02,929.6,47,2007-03-12,946.6,896.1508178710938,922.6713256835938,951.7444458007812,929.6,10560,8192,1.5350004735296903,amazon/chronos-2
2007-01-02,2007-01-02,929.6,48,2007-03-13,944.2,896.7107543945312,922.7095336914062,949.3603515625,929.6,10560,8192,1.5350004735296903,amazon/chronos-2
2007-01-02,2007-01-02,929.6,49,2007-03-14,944.8,898.0523071289062,922.313720703125,949.7157592773438,929.6,10560,8192,1.5350004735296903,amazon/chronos-2
2007-01-02,2007-01-02,929.6,50,2007-03-15,947.2,897.4898071289062,921.6115112304688,950.36962890625,929.6,10560,8192,1.5350004735296903,amazon/chronos-2
2007-01-02,2007-01-02,929.6,51,2007-03-16,944.6,895.1661987304688,921.6220092773438,950.8427734375,929.6,10560,8192,1.5350004735296903,amazon/chronos-2
2007-01-02,2007-01-02,929.6,52,2007-03-19,945.0,895.7559204101562,920.4266357421875,949.512451171875,929.6,10560,8192,1.5350004735296903,amazon/chronos-2
2007-01-02,2007-01-02,929.6,53,2007-03-20,943.3,893.3602294921875,920.1832275390625,950.4874267578125,929.6,10560,8192,1.5350004735296903,amazon/chronos-2
2007-01-02,2007-01-02,929.6,54,2007-03-21,942.6,894.14697265625,920.35888671875,950.7344360351562,929.6,10560,8192,1.5350004735296903,amazon/chronos-2
2007-01-02,2007-01-02,929.6,55,2007-03-22,937.8,893.0475463867188,919.8360595703125,949.8833618164062,929.6,10560,8192,1.5350004735296903,amazon/chronos-2
2007-01-02,2007-01-02,929.6,56,2007-03-23,937.1,892.9418334960938,919.984619140625,950.7632446289062,929.6,10560,8192,1.5350004735296903,amazon/chronos-2
2007-01-02,2007-01-02,929.6,57,2007-03-26,938.5,893.7821655273438,920.6517333984375,950.2885131835938,929.6,10560,8192,1.5350004735296903,amazon/chronos-2
2007-01-02,2007-01-02,929.6,58,2007-03-27,938.6,892.0714111328125,919.8296508789062,952.054931640625,929.6,10560,8192,1.5350004735296903,amazon/chronos-2
2007-01-02,2007-01-02,929.6,59,2007-03-28,940.6,890.1469116210938,918.8895263671875,952.1590576171875,929.6,10560,8192,1.5350004735296903,amazon/chronos-2
2007-01-02,2007-01-02,929.6,60,2007-03-29,940.9,890.2261352539062,919.0671997070312,950.6787719726562,929.6,10560,8192,1.5350004735296903,amazon/chronos-2
2007-07-01,2007-06-29,926.8,1,2007-07-02,925.7,921.3402099609375,925.8866577148438,930.0472412109375,926.8,10683,8192,1.534756599887661,amazon/chronos-2
2007-07-01,2007-06-29,926.8,2,2007-07-03,922.7,921.148193359375,925.3735961914062,929.9415893554688,926.8,10683,8192,1.534756599887661,amazon/chronos-2
2007-07-01,2007-06-29,926.8,3,2007-07-04,918.2,920.1025390625,925.445068359375,929.903564453125,926.8,10683,8192,1.534756599887661,amazon/chronos-2
2007-07-01,2007-06-29,926.8,4,2007-07-05,919.9,918.9027709960938,924.724853515625,929.2953491210938,926.8,10683,8192,1.534756599887661,amazon/chronos-2
2007-07-01,2007-06-29,926.8,5,2007-07-06,921.1,919.350830078125,924.589111328125,929.8101806640625,926.8,10683,8192,1.534756599887661,amazon/chronos-2
2007-07-01,2007-06-29,926.8,6,2007-07-09,921.2,918.2020874023438,923.8845825195312,929.1598510742188,926.8,10683,8192,1.534756599887661,amazon/chronos-2
2007-07-01,2007-06-29,926.8,7,2007-07-10,920.4,917.963134765625,923.213134765625,928.7996215820312,926.8,10683,8192,1.534756599887661,amazon/chronos-2
2007-07-01,2007-06-29,926.8,8,2007-07-11,920.1,917.1204833984375,922.9667358398438,928.6633911132812,926.8,10683,8192,1.534756599887661,amazon/chronos-2
2007-07-01,2007-06-29,926.8,9,2007-07-12,920.1,916.48583984375,923.0775756835938,928.9702758789062,926.8,10683,8192,1.534756599887661,amazon/chronos-2
2007-07-01,2007-06-29,926.8,10,2007-07-13,918.0,916.0989379882812,922.861083984375,929.3577880859375,926.8,10683,8192,1.534756599887661,amazon/chronos-2
2007-07-01,2007-06-29,926.8,11,2007-07-16,916.3,915.80078125,922.7360229492188,928.8436889648438,926.8,10683,8192,1.534756599887661,amazon/chronos-2
2007-07-01,2007-06-29,926.8,12,2007-07-18,917.4,915.760986328125,922.6216430664062,929.3341674804688,926.8,10683,8192,1.534756599887661,amazon/chronos-2
2007-07-01,2007-06-29,926.8,13,2007-07-19,917.2,915.4898071289062,922.5305786132812,929.369384765625,926.8,10683,8192,1.534756599887661,amazon/chronos-2
2007-07-01,2007-06-29,926.8,14,2007-07-20,916.0,915.1015625,922.1814575195312,929.278076171875,926.8,10683,8192,1.534756599887661,amazon/chronos-2
2007-07-01,2007-06-29,926.8,15,2007-07-23,915.7,914.3988647460938,921.8788452148438,929.0635986328125,926.8,10683,8192,1.534756599887661,amazon/chronos-2
2007-07-01,2007-06-29,926.8,16,2007-07-24,915.5,914.8057250976562,922.2967529296875,929.8032836914062,926.8,10683,8192,1.534756599887661,amazon/chronos-2
2007-07-01,2007-06-29,926.8,17,2007-07-25,914.4,914.4111328125,923.179443359375,931.3173828125,926.8,10683,8192,1.534756599887661,amazon/chronos-2
2007-07-01,2007-06-29,926.8,18,2007-07-26,913.8,913.4613647460938,922.4047241210938,930.79345703125,926.8,10683,8192,1.534756599887661,amazon/chronos-2
2007-07-01,2007-06-29,926.8,19,2007-07-27,917.5,913.0287475585938,922.5940551757812,931.3113403320312,926.8,10683,8192,1.534756599887661,amazon/chronos-2
2007-07-01,2007-06-29,926.8,20,2007-07-30,921.5,912.2193603515625,921.9752807617188,930.0186157226562,926.8,10683,8192,1.534756599887661,amazon/chronos-2
2007-07-01,2007-06-29,926.8,21,2007-07-31,923.2,911.8602905273438,921.1807861328125,930.6513061523438,926.8,10683,8192,1.534756599887661,amazon/chronos-2
2007-07-01,2007-06-29,926.8,22,2007-08-01,920.3,911.34521484375,920.8359985351562,929.933349609375,926.8,10683,8192,1.534756599887661,amazon/chronos-2
2007-07-01,2007-06-29,926.8,23,2007-08-02,922.5,911.3886108398438,920.3145751953125,929.507080078125,926.8,10683,8192,1.534756599887661,amazon/chronos-2
2007-07-01,2007-06-29,926.8,24,2007-08-03,923.9,910.5654296875,920.0254516601562,929.3882446289062,926.8,10683,8192,1.534756599887661,amazon/chronos-2
2007-07-01,2007-06-29,926.8,25,2007-08-06,923.0,909.8759155273438,920.0415649414062,929.2976684570312,926.8,10683,8192,1.534756599887661,amazon/chronos-2
2007-07-01,2007-06-29,926.8,26,2007-08-07,924.4,909.6705322265625,919.893310546875,929.6942749023438,926.8,10683,8192,1.534756599887661,amazon/chronos-2
2007-07-01,2007-06-29,926.8,27,2007-08-08,922.6,909.1522216796875,919.6595458984375,929.081787109375,926.8,10683,8192,1.534756599887661,amazon/chronos-2
2007-07-01,2007-06-29,926.8,28,2007-08-09,923.8,909.1971435546875,919.3562622070312,929.0586547851562,926.8,10683,8192,1.534756599887661,amazon/chronos-2
2007-07-01,2007-06-29,926.8,29,2007-08-10,922.4,908.42431640625,919.0103759765625,929.0096435546875,926.8,10683,8192,1.534756599887661,amazon/chronos-2
2007-07-01,2007-06-29,926.8,30,2007-08-13,929.7,908.7515258789062,918.7544555664062,928.705078125,926.8,10683,8192,1.534756599887661,amazon/chronos-2
2007-07-01,2007-06-29,926.8,31,2007-08-14,929.1,908.0450439453125,918.4952392578125,928.64794921875,926.8,10683,8192,1.534756599887661,amazon/chronos-2
2007-07-01,2007-06-29,926.8,32,2007-08-16,931.5,908.1546630859375,918.7645263671875,928.8786010742188,926.8,10683,8192,1.534756599887661,amazon/chronos-2
2007-07-01,2007-06-29,926.8,33,2007-08-17,942.9,906.6753540039062,918.8617553710938,930.5410766601562,926.8,10683,8192,1.534756599887661,amazon/chronos-2
2007-07-01,2007-06-29,926.8,34,2007-08-20,949.7,905.8262329101562,917.7080688476562,929.797607421875,926.8,10683,8192,1.534756599887661,amazon/chronos-2
2007-07-01,2007-06-29,926.8,35,2007-08-21,944.6,904.9962768554688,917.9883422851562,930.3853759765625,926.8,10683,8192,1.534756599887661,amazon/chronos-2
2007-07-01,2007-06-29,926.8,36,2007-08-22,944.6,904.7263793945312,917.351806640625,929.2908935546875,926.8,10683,8192,1.534756599887661,amazon/chronos-2
2007-07-01,2007-06-29,926.8,37,2007-08-23,945.0,904.0462036132812,916.885498046875,930.2879028320312,926.8,10683,8192,1.534756599887661,amazon/chronos-2
2007-07-01,2007-06-29,926.8,38,2007-08-24,940.1,903.9557495117188,916.6468505859375,929.4696655273438,926.8,10683,8192,1.534756599887661,amazon/chronos-2
2007-07-01,2007-06-29,926.8,39,2007-08-27,942.0,904.3342895507812,916.6505737304688,929.3925170898438,926.8,10683,8192,1.534756599887661,amazon/chronos-2
2007-07-01,2007-06-29,926.8,40,2007-08-28,938.1,903.3944091796875,916.15478515625,929.2454833984375,926.8,10683,8192,1.534756599887661,amazon/chronos-2
2007-07-01,2007-06-29,926.8,41,2007-08-29,940.3,902.731201171875,916.3486938476562,928.9599609375,926.8,10683,8192,1.534756599887661,amazon/chronos-2
2007-07-01,2007-06-29,926.8,42,2007-08-30,943.2,902.19921875,915.948486328125,928.967529296875,926.8,10683,8192,1.534756599887661,amazon/chronos-2
2007-07-01,2007-06-29,926.8,43,2007-08-31,939.9,901.3933715820312,915.3604736328125,928.58154296875,926.8,10683,8192,1.534756599887661,amazon/chronos-2
2007-07-01,2007-06-29,926.8,44,2007-09-03,939.0,901.830078125,915.3912353515625,928.5921630859375,926.8,10683,8192,1.534756599887661,amazon/chronos-2
2007-07-01,2007-06-29,926.8,45,2007-09-04,938.1,900.6058349609375,914.9411010742188,928.32177734375,926.8,10683,8192,1.534756599887661,amazon/chronos-2
2007-07-01,2007-06-29,926.8,46,2007-09-05,937.6,899.9436645507812,914.2952270507812,927.6734008789062,926.8,10683,8192,1.534756599887661,amazon/chronos-2
2007-07-01,2007-06-29,926.8,47,2007-09-06,937.6,900.4443359375,914.3794555664062,927.7701416015625,926.8,10683,8192,1.534756599887661,amazon/chronos-2
2007-07-01,2007-06-29,926.8,48,2007-09-07,939.3,899.9617919921875,914.2030029296875,927.4835815429688,926.8,10683,8192,1.534756599887661,amazon/chronos-2
2007-07-01,2007-06-29,926.8,49,2007-09-10,937.8,898.913330078125,913.4303588867188,928.4253540039062,926.8,10683,8192,1.534756599887661,amazon/chronos-2
2007-07-01,2007-06-29,926.8,50,2007-09-11,940.1,897.9567260742188,912.0862426757812,927.79248046875,926.8,10683,8192,1.534756599887661,amazon/chronos-2
2007-07-01,2007-06-29,926.8,51,2007-09-12,937.4,896.423828125,911.9343872070312,927.6014404296875,926.8,10683,8192,1.534756599887661,amazon/chronos-2
2007-07-01,2007-06-29,926.8,52,2007-09-13,933.4,896.6160888671875,911.18115234375,926.6401977539062,926.8,10683,8192,1.534756599887661,amazon/chronos-2
2007-07-01,2007-06-29,926.8,53,2007-09-14,930.4,895.4118041992188,911.022705078125,927.9114379882812,926.8,10683,8192,1.534756599887661,amazon/chronos-2
2007-07-01,2007-06-29,926.8,54,2007-09-17,930.4,895.7574462890625,911.0352783203125,927.4601440429688,926.8,10683,8192,1.534756599887661,amazon/chronos-2
2007-07-01,2007-06-29,926.8,55,2007-09-18,928.4,895.2919921875,910.5549926757812,927.1121826171875,926.8,10683,8192,1.534756599887661,amazon/chronos-2
2007-07-01,2007-06-29,926.8,56,2007-09-19,929.8,895.48193359375,910.6581420898438,927.513671875,926.8,10683,8192,1.534756599887661,amazon/chronos-2
2007-07-01,2007-06-29,926.8,57,2007-09-20,926.2,894.6788330078125,911.0211181640625,927.1051025390625,926.8,10683,8192,1.534756599887661,amazon/chronos-2
2007-07-01,2007-06-29,926.8,58,2007-09-21,923.7,893.9744262695312,910.2322387695312,927.1289672851562,926.8,10683,8192,1.534756599887661,amazon/chronos-2
2007-07-01,2007-06-29,926.8,59,2007-09-27,921.0,892.9169311523438,909.796630859375,927.1333618164062,926.8,10683,8192,1.534756599887661,amazon/chronos-2
2007-07-01,2007-06-29,926.8,60,2007-09-28,920.7,893.6135864257812,909.9766235351562,926.9004516601562,926.8,10683,8192,1.534756599887661,amazon/chronos-2
2008-01-02,2008-01-02,938.2,1,2008-01-03,934.5,931.7318725585938,937.626220703125,942.530029296875,938.2,10807,8192,1.5431306681473256,amazon/chronos-2
2008-01-02,2008-01-02,938.2,2,2008-01-04,938.9,931.5778198242188,937.5006103515625,942.5381469726562,938.2,10807,8192,1.5431306681473256,amazon/chronos-2
2008-01-02,2008-01-02,938.2,3,2008-01-07,937.3,929.8289184570312,937.54345703125,943.5978393554688,938.2,10807,8192,1.5431306681473256,amazon/chronos-2
2008-01-02,2008-01-02,938.2,4,2008-01-08,941.7,928.1829223632812,937.2850341796875,944.6489868164062,938.2,10807,8192,1.5431306681473256,amazon/chronos-2
2008-01-02,2008-01-02,938.2,5,2008-01-09,939.2,927.8179931640625,936.636474609375,945.39453125,938.2,10807,8192,1.5431306681473256,amazon/chronos-2
2008-01-02,2008-01-02,938.2,6,2008-01-10,939.8,926.974609375,936.4703369140625,945.292724609375,938.2,10807,8192,1.5431306681473256,amazon/chronos-2
2008-01-02,2008-01-02,938.2,7,2008-01-11,935.6,926.705810546875,936.06640625,945.7081909179688,938.2,10807,8192,1.5431306681473256,amazon/chronos-2
2008-01-02,2008-01-02,938.2,8,2008-01-14,936.2,925.497802734375,935.5435791015625,945.5892944335938,938.2,10807,8192,1.5431306681473256,amazon/chronos-2
2008-01-02,2008-01-02,938.2,9,2008-01-15,937.1,924.6243896484375,935.7495727539062,945.8294677734375,938.2,10807,8192,1.5431306681473256,amazon/chronos-2
2008-01-02,2008-01-02,938.2,10,2008-01-16,935.1,923.8619384765625,935.87353515625,946.5553588867188,938.2,10807,8192,1.5431306681473256,amazon/chronos-2
2008-01-02,2008-01-02,938.2,11,2008-01-17,938.6,923.155517578125,935.3013916015625,946.2429809570312,938.2,10807,8192,1.5431306681473256,amazon/chronos-2
2008-01-02,2008-01-02,938.2,12,2008-01-18,945.0,923.1049194335938,935.3165283203125,946.4324951171875,938.2,10807,8192,1.5431306681473256,amazon/chronos-2
2008-01-02,2008-01-02,938.2,13,2008-01-21,947.7,921.954833984375,934.8981323242188,946.610595703125,938.2,10807,8192,1.5431306681473256,amazon/chronos-2
2008-01-02,2008-01-02,938.2,14,2008-01-22,946.9,920.9417114257812,934.7884521484375,947.179931640625,938.2,10807,8192,1.5431306681473256,amazon/chronos-2
2008-01-02,2008-01-02,938.2,15,2008-01-23,954.3,921.239990234375,934.8140869140625,947.6578369140625,938.2,10807,8192,1.5431306681473256,amazon/chronos-2
2008-01-02,2008-01-02,938.2,16,2008-01-24,951.0,921.243408203125,935.224609375,948.2357788085938,938.2,10807,8192,1.5431306681473256,amazon/chronos-2
2008-01-02,2008-01-02,938.2,17,2008-01-25,949.6,920.3307495117188,935.53076171875,950.48828125,938.2,10807,8192,1.5431306681473256,amazon/chronos-2
2008-01-02,2008-01-02,938.2,18,2008-01-28,946.6,919.7686157226562,934.8882446289062,950.3108520507812,938.2,10807,8192,1.5431306681473256,amazon/chronos-2
2008-01-02,2008-01-02,938.2,19,2008-01-29,948.6,918.7800903320312,935.1707763671875,951.4810180664062,938.2,10807,8192,1.5431306681473256,amazon/chronos-2
2008-01-02,2008-01-02,938.2,20,2008-01-30,946.7,918.7844848632812,934.718505859375,950.316650390625,938.2,10807,8192,1.5431306681473256,amazon/chronos-2
2008-01-02,2008-01-02,938.2,21,2008-01-31,943.9,917.7777099609375,934.2367553710938,951.176025390625,938.2,10807,8192,1.5431306681473256,amazon/chronos-2
2008-01-02,2008-01-02,938.2,22,2008-02-01,945.5,917.7459716796875,934.1544799804688,950.9049682617188,938.2,10807,8192,1.5431306681473256,amazon/chronos-2
2008-01-02,2008-01-02,938.2,23,2008-02-04,943.4,917.7968139648438,934.1021118164062,950.9068603515625,938.2,10807,8192,1.5431306681473256,amazon/chronos-2
2008-01-02,2008-01-02,938.2,24,2008-02-05,942.0,917.1371459960938,933.6897583007812,951.0464477539062,938.2,10807,8192,1.5431306681473256,amazon/chronos-2
2008-01-02,2008-01-02,938.2,25,2008-02-11,942.1,916.496826171875,933.7481689453125,950.7271728515625,938.2,10807,8192,1.5431306681473256,amazon/chronos-2
2008-01-02,2008-01-02,938.2,26,2008-02-12,945.5,915.664794921875,933.4855346679688,951.8496704101562,938.2,10807,8192,1.5431306681473256,amazon/chronos-2
2008-01-02,2008-01-02,938.2,27,2008-02-13,945.4,914.6447143554688,932.7620849609375,951.8645629882812,938.2,10807,8192,1.5431306681473256,amazon/chronos-2
2008-01-02,2008-01-02,938.2,28,2008-02-14,944.6,915.1536254882812,933.324951171875,951.4286499023438,938.2,10807,8192,1.5431306681473256,amazon/chronos-2
2008-01-02,2008-01-02,938.2,29,2008-02-15,944.6,913.5332641601562,932.8284912109375,951.2542114257812,938.2,10807,8192,1.5431306681473256,amazon/chronos-2
2008-01-02,2008-01-02,938.2,30,2008-02-18,946.2,911.937255859375,932.635009765625,951.519775390625,938.2,10807,8192,1.5431306681473256,amazon/chronos-2
2008-01-02,2008-01-02,938.2,31,2008-02-19,945.2,913.7889404296875,932.9161376953125,953.35400390625,938.2,10807,8192,1.5431306681473256,amazon/chronos-2
2008-01-02,2008-01-02,938.2,32,2008-02-20,944.3,913.7381591796875,932.913818359375,951.953125,938.2,10807,8192,1.5431306681473256,amazon/chronos-2
2008-01-02,2008-01-02,938.2,33,2008-02-21,944.6,913.4561157226562,932.9172973632812,954.3828125,938.2,10807,8192,1.5431306681473256,amazon/chronos-2
2008-01-02,2008-01-02,938.2,34,2008-02-22,947.0,912.7316284179688,931.6287841796875,954.5263671875,938.2,10807,8192,1.5431306681473256,amazon/chronos-2
2008-01-02,2008-01-02,938.2,35,2008-02-25,949.0,911.029296875,932.0155639648438,955.2495727539062,938.2,10807,8192,1.5431306681473256,amazon/chronos-2
2008-01-02,2008-01-02,938.2,36,2008-02-26,947.4,911.99267578125,931.5529174804688,954.1056518554688,938.2,10807,8192,1.5431306681473256,amazon/chronos-2
2008-01-02,2008-01-02,938.2,37,2008-02-27,946.8,910.2415771484375,931.3292236328125,955.1930541992188,938.2,10807,8192,1.5431306681473256,amazon/chronos-2
2008-01-02,2008-01-02,938.2,38,2008-02-28,943.6,910.9575805664062,931.409912109375,955.290771484375,938.2,10807,8192,1.5431306681473256,amazon/chronos-2
2008-01-02,2008-01-02,938.2,39,2008-02-29,937.3,910.3854370117188,931.2684936523438,954.748779296875,938.2,10807,8192,1.5431306681473256,amazon/chronos-2
2008-01-02,2008-01-02,938.2,40,2008-03-03,937.8,910.69775390625,931.3779907226562,955.3876342773438,938.2,10807,8192,1.5431306681473256,amazon/chronos-2
2008-01-02,2008-01-02,938.2,41,2008-03-04,945.3,910.3204956054688,931.8345336914062,955.1029052734375,938.2,10807,8192,1.5431306681473256,amazon/chronos-2
2008-01-02,2008-01-02,938.2,42,2008-03-05,946.9,909.6942138671875,931.3058471679688,956.2921142578125,938.2,10807,8192,1.5431306681473256,amazon/chronos-2
2008-01-02,2008-01-02,938.2,43,2008-03-06,947.2,908.3568725585938,930.8423461914062,956.4843139648438,938.2,10807,8192,1.5431306681473256,amazon/chronos-2
2008-01-02,2008-01-02,938.2,44,2008-03-07,949.3,909.0374755859375,931.4727172851562,955.5703735351562,938.2,10807,8192,1.5431306681473256,amazon/chronos-2
2008-01-02,2008-01-02,938.2,45,2008-03-10,957.3,907.5523681640625,931.1458740234375,955.5997314453125,938.2,10807,8192,1.5431306681473256,amazon/chronos-2
2008-01-02,2008-01-02,938.2,46,2008-03-11,959.3,906.828369140625,930.9661254882812,955.8642578125,938.2,10807,8192,1.5431306681473256,amazon/chronos-2
2008-01-02,2008-01-02,938.2,47,2008-03-12,973.8,907.1307373046875,930.6834716796875,957.1870727539062,938.2,10807,8192,1.5431306681473256,amazon/chronos-2
2008-01-02,2008-01-02,938.2,48,2008-03-13,967.0,907.5960083007812,930.7294311523438,955.6140747070312,938.2,10807,8192,1.5431306681473256,amazon/chronos-2
2008-01-02,2008-01-02,938.2,49,2008-03-14,980.5,908.2855834960938,930.5099487304688,957.31787109375,938.2,10807,8192,1.5431306681473256,amazon/chronos-2
2008-01-02,2008-01-02,938.2,50,2008-03-17,988.3,907.7507934570312,929.5585327148438,958.2160034179688,938.2,10807,8192,1.5431306681473256,amazon/chronos-2
2008-01-02,2008-01-02,938.2,51,2008-03-18,1021.7,905.7112426757812,930.1295166015625,959.4283447265625,938.2,10807,8192,1.5431306681473256,amazon/chronos-2
2008-01-02,2008-01-02,938.2,52,2008-03-19,1019.8,906.7723388671875,929.6437377929688,957.983154296875,938.2,10807,8192,1.5431306681473256,amazon/chronos-2
2008-01-02,2008-01-02,938.2,53,2008-03-20,1009.2,904.8024291992188,929.4797973632812,958.8831176757812,938.2,10807,8192,1.5431306681473256,amazon/chronos-2
2008-01-02,2008-01-02,938.2,54,2008-03-21,1013.9,906.0762329101562,929.6753540039062,959.2686767578125,938.2,10807,8192,1.5431306681473256,amazon/chronos-2
2008-01-02,2008-01-02,938.2,55,2008-03-24,1004.9,904.6160888671875,929.0220336914062,957.9928588867188,938.2,10807,8192,1.5431306681473256,amazon/chronos-2
2008-01-02,2008-01-02,938.2,56,2008-03-25,1000.2,904.8056030273438,929.1729736328125,959.157958984375,938.2,10807,8192,1.5431306681473256,amazon/chronos-2
2008-01-02,2008-01-02,938.2,57,2008-03-26,985.3,905.2955322265625,929.8692016601562,958.391357421875,938.2,10807,8192,1.5431306681473256,amazon/chronos-2
2008-01-02,2008-01-02,938.2,58,2008-03-27,984.6,904.06201171875,928.8063354492188,959.7633666992188,938.2,10807,8192,1.5431306681473256,amazon/chronos-2
2008-01-02,2008-01-02,938.2,59,2008-03-28,993.0,902.2206420898438,928.2608642578125,959.7516479492188,938.2,10807,8192,1.5431306681473256,amazon/chronos-2
2008-01-02,2008-01-02,938.2,60,2008-03-31,991.7,902.5745239257812,928.4454956054688,958.5667114257812,938.2,10807,8192,1.5431306681473256,amazon/chronos-2
2008-07-01,2008-07-01,1043.9,1,2008-07-02,1045.7,1036.607177734375,1044.1014404296875,1049.354248046875,1043.9,10928,8192,1.572414203349501,amazon/chronos-2
2008-07-01,2008-07-01,1043.9,2,2008-07-03,1047.1,1035.5130615234375,1044.2032470703125,1051.705810546875,1043.9,10928,8192,1.572414203349501,amazon/chronos-2
2008-07-01,2008-07-01,1043.9,3,2008-07-04,1037.6,1032.5517578125,1043.770263671875,1054.364501953125,1043.9,10928,8192,1.572414203349501,amazon/chronos-2
2008-07-01,2008-07-01,1043.9,4,2008-07-07,1047.6,1030.459228515625,1043.98486328125,1055.5018310546875,1043.9,10928,8192,1.572414203349501,amazon/chronos-2
2008-07-01,2008-07-01,1043.9,5,2008-07-08,1041.0,1029.1453857421875,1043.307861328125,1057.765380859375,1043.9,10928,8192,1.572414203349501,amazon/chronos-2
2008-07-01,2008-07-01,1043.9,6,2008-07-09,1031.7,1028.2412109375,1044.2935791015625,1060.03173828125,1043.9,10928,8192,1.572414203349501,amazon/chronos-2
2008-07-01,2008-07-01,1043.9,7,2008-07-10,1014.7,1026.980224609375,1044.412841796875,1061.732421875,1043.9,10928,8192,1.572414203349501,amazon/chronos-2
2008-07-01,2008-07-01,1043.9,8,2008-07-11,1000.2,1025.4283447265625,1044.2744140625,1063.3084716796875,1043.9,10928,8192,1.572414203349501,amazon/chronos-2
2008-07-01,2008-07-01,1043.9,9,2008-07-14,1002.0,1023.9853515625,1043.7587890625,1064.725830078125,1043.9,10928,8192,1.572414203349501,amazon/chronos-2
2008-07-01,2008-07-01,1043.9,10,2008-07-15,1003.7,1022.57861328125,1044.666015625,1067.11279296875,1043.9,10928,8192,1.572414203349501,amazon/chronos-2
2008-07-01,2008-07-01,1043.9,11,2008-07-16,1006.3,1021.41455078125,1043.3046875,1068.230224609375,1043.9,10928,8192,1.572414203349501,amazon/chronos-2
2008-07-01,2008-07-01,1043.9,12,2008-07-17,1007.6,1020.5494995117188,1043.94580078125,1067.615234375,1043.9,10928,8192,1.572414203349501,amazon/chronos-2
2008-07-01,2008-07-01,1043.9,13,2008-07-18,1009.9,1018.1431274414062,1043.16552734375,1068.2220458984375,1043.9,10928,8192,1.572414203349501,amazon/chronos-2
2008-07-01,2008-07-01,1043.9,14,2008-07-21,1012.6,1015.552001953125,1043.8135986328125,1070.2947998046875,1043.9,10928,8192,1.572414203349501,amazon/chronos-2
2008-07-01,2008-07-01,1043.9,15,2008-07-22,1015.8,1017.2837524414062,1043.943359375,1073.2763671875,1043.9,10928,8192,1.572414203349501,amazon/chronos-2
2008-07-01,2008-07-01,1043.9,16,2008-07-23,1017.5,1017.3895263671875,1044.1160888671875,1072.800048828125,1043.9,10928,8192,1.572414203349501,amazon/chronos-2
2008-07-01,2008-07-01,1043.9,17,2008-07-24,1013.4,1019.9935302734375,1045.8394775390625,1073.708984375,1043.9,10928,8192,1.572414203349501,amazon/chronos-2
2008-07-01,2008-07-01,1043.9,18,2008-07-25,1008.9,1015.85009765625,1044.94140625,1074.9273681640625,1043.9,10928,8192,1.572414203349501,amazon/chronos-2
2008-07-01,2008-07-01,1043.9,19,2008-07-28,1007.8,1015.6145629882812,1045.0264892578125,1076.9149169921875,1043.9,10928,8192,1.572414203349501,amazon/chronos-2
2008-07-01,2008-07-01,1043.9,20,2008-07-29,1006.2,1017.08447265625,1045.63037109375,1077.7684326171875,1043.9,10928,8192,1.572414203349501,amazon/chronos-2
2008-07-01,2008-07-01,1043.9,21,2008-07-30,1010.0,1015.311767578125,1045.109375,1078.953369140625,1043.9,10928,8192,1.572414203349501,amazon/chronos-2
2008-07-01,2008-07-01,1043.9,22,2008-07-31,1008.5,1014.3968505859375,1045.25830078125,1079.8748779296875,1043.9,10928,8192,1.572414203349501,amazon/chronos-2
2008-07-01,2008-07-01,1043.9,23,2008-08-01,1011.5,1013.4583740234375,1045.77392578125,1081.1728515625,1043.9,10928,8192,1.572414203349501,amazon/chronos-2
2008-07-01,2008-07-01,1043.9,24,2008-08-04,1013.8,1012.7537841796875,1045.617919921875,1082.4754638671875,1043.9,10928,8192,1.572414203349501,amazon/chronos-2
2008-07-01,2008-07-01,1043.9,25,2008-08-05,1016.9,1010.8468017578125,1044.952392578125,1083.843505859375,1043.9,10928,8192,1.572414203349501,amazon/chronos-2
2008-07-01,2008-07-01,1043.9,26,2008-08-06,1017.3,1010.0213623046875,1045.98291015625,1086.024658203125,1043.9,10928,8192,1.572414203349501,amazon/chronos-2
2008-07-01,2008-07-01,1043.9,27,2008-08-07,1016.5,1008.0789794921875,1044.8233642578125,1086.6719970703125,1043.9,10928,8192,1.572414203349501,amazon/chronos-2
2008-07-01,2008-07-01,1043.9,28,2008-08-08,1015.6,1008.1151733398438,1045.173095703125,1085.81201171875,1043.9,10928,8192,1.572414203349501,amazon/chronos-2
2008-07-01,2008-07-01,1043.9,29,2008-08-11,1023.3,1006.6267700195312,1044.477294921875,1086.2047119140625,1043.9,10928,8192,1.572414203349501,amazon/chronos-2
2008-07-01,2008-07-01,1043.9,30,2008-08-12,1033.6,1003.9605102539062,1045.253662109375,1086.66064453125,1043.9,10928,8192,1.572414203349501,amazon/chronos-2
2008-07-01,2008-07-01,1043.9,31,2008-08-13,1033.4,1006.6061401367188,1044.90673828125,1089.9276123046875,1043.9,10928,8192,1.572414203349501,amazon/chronos-2
2008-07-01,2008-07-01,1043.9,32,2008-08-14,1037.8,1008.448974609375,1045.490966796875,1089.082763671875,1043.9,10928,8192,1.572414203349501,amazon/chronos-2
2008-07-01,2008-07-01,1043.9,33,2008-08-18,1038.5,1005.2591552734375,1045.1129150390625,1094.9761962890625,1043.9,10928,8192,1.572414203349501,amazon/chronos-2
2008-07-01,2008-07-01,1043.9,34,2008-08-19,1043.8,1004.3466796875,1044.69775390625,1095.7313232421875,1043.9,10928,8192,1.572414203349501,amazon/chronos-2
2008-07-01,2008-07-01,1043.9,35,2008-08-20,1047.5,1002.8344116210938,1045.1363525390625,1097.074951171875,1043.9,10928,8192,1.572414203349501,amazon/chronos-2
2008-07-01,2008-07-01,1043.9,36,2008-08-21,1049.1,1003.9420166015625,1045.82373046875,1098.275146484375,1043.9,10928,8192,1.572414203349501,amazon/chronos-2
2008-07-01,2008-07-01,1043.9,37,2008-08-22,1051.5,1002.919677734375,1043.9478759765625,1097.7628173828125,1043.9,10928,8192,1.572414203349501,amazon/chronos-2
2008-07-01,2008-07-01,1043.9,38,2008-08-25,1054.5,1003.5870361328125,1044.5849609375,1098.12353515625,1043.9,10928,8192,1.572414203349501,amazon/chronos-2
2008-07-01,2008-07-01,1043.9,39,2008-08-26,1073.2,1002.829833984375,1045.0059814453125,1098.3375244140625,1043.9,10928,8192,1.572414203349501,amazon/chronos-2
2008-07-01,2008-07-01,1043.9,40,2008-08-27,1086.1,1002.4297485351562,1044.8052978515625,1099.052978515625,1043.9,10928,8192,1.572414203349501,amazon/chronos-2
2008-07-01,2008-07-01,1043.9,41,2008-08-28,1085.1,999.4074096679688,1043.5885009765625,1100.0181884765625,1043.9,10928,8192,1.572414203349501,amazon/chronos-2
2008-07-01,2008-07-01,1043.9,42,2008-08-29,1081.8,998.7344970703125,1044.6968994140625,1101.236083984375,1043.9,10928,8192,1.572414203349501,amazon/chronos-2
2008-07-01,2008-07-01,1043.9,43,2008-09-01,1087.0,996.31494140625,1043.51025390625,1101.5357666015625,1043.9,10928,8192,1.572414203349501,amazon/chronos-2
2008-07-01,2008-07-01,1043.9,44,2008-09-02,1108.1,996.9033203125,1043.46923828125,1101.0118408203125,1043.9,10928,8192,1.572414203349501,amazon/chronos-2
2008-07-01,2008-07-01,1043.9,45,2008-09-03,1117.7,995.7254638671875,1042.3428955078125,1101.3870849609375,1043.9,10928,8192,1.572414203349501,amazon/chronos-2
2008-07-01,2008-07-01,1043.9,46,2008-09-04,1151.6,995.0474243164062,1042.6517333984375,1101.4764404296875,1043.9,10928,8192,1.572414203349501,amazon/chronos-2
2008-07-01,2008-07-01,1043.9,47,2008-09-05,1135.7,996.029541015625,1042.851806640625,1103.5384521484375,1043.9,10928,8192,1.572414203349501,amazon/chronos-2
2008-07-01,2008-07-01,1043.9,48,2008-09-08,1126.5,996.0003662109375,1043.8245849609375,1103.7613525390625,1043.9,10928,8192,1.572414203349501,amazon/chronos-2
2008-07-01,2008-07-01,1043.9,49,2008-09-09,1092.6,994.6600952148438,1043.5699462890625,1107.5418701171875,1043.9,10928,8192,1.572414203349501,amazon/chronos-2
2008-07-01,2008-07-01,1043.9,50,2008-09-10,1101.0,994.5989990234375,1043.5889892578125,1107.96630859375,1043.9,10928,8192,1.572414203349501,amazon/chronos-2
2008-07-01,2008-07-01,1043.9,51,2008-09-11,1089.7,994.176025390625,1044.2330322265625,1109.12158203125,1043.9,10928,8192,1.572414203349501,amazon/chronos-2
2008-07-01,2008-07-01,1043.9,52,2008-09-12,1106.0,995.136962890625,1044.462646484375,1110.6341552734375,1043.9,10928,8192,1.572414203349501,amazon/chronos-2
2008-07-01,2008-07-01,1043.9,53,2008-09-16,1108.7,993.6832885742188,1042.824462890625,1109.7730712890625,1043.9,10928,8192,1.572414203349501,amazon/chronos-2
2008-07-01,2008-07-01,1043.9,54,2008-09-17,1150.7,994.7453002929688,1043.7369384765625,1111.0294189453125,1043.9,10928,8192,1.572414203349501,amazon/chronos-2
2008-07-01,2008-07-01,1043.9,55,2008-09-18,1134.2,993.9752197265625,1043.61572265625,1111.0147705078125,1043.9,10928,8192,1.572414203349501,amazon/chronos-2
2008-07-01,2008-07-01,1043.9,56,2008-09-19,1146.7,993.7041015625,1043.6259765625,1111.7371826171875,1043.9,10928,8192,1.572414203349501,amazon/chronos-2
2008-07-01,2008-07-01,1043.9,57,2008-09-22,1135.5,991.333251953125,1043.118896484375,1113.600830078125,1043.9,10928,8192,1.572414203349501,amazon/chronos-2
2008-07-01,2008-07-01,1043.9,58,2008-09-23,1135.6,990.8471069335938,1044.129638671875,1115.2376708984375,1043.9,10928,8192,1.572414203349501,amazon/chronos-2
2008-07-01,2008-07-01,1043.9,59,2008-09-24,1150.6,988.120361328125,1043.1639404296875,1115.8270263671875,1043.9,10928,8192,1.572414203349501,amazon/chronos-2
2008-07-01,2008-07-01,1043.9,60,2008-09-25,1153.9,988.7860717773438,1043.576416015625,1116.7952880859375,1043.9,10928,8192,1.572414203349501,amazon/chronos-2
2009-01-02,2009-01-02,1257.5,1,2009-01-05,1320.2,1208.863525390625,1227.578369140625,1246.3365478515625,1257.5,11056,8192,1.757989145183175,amazon/chronos-2
2009-01-02,2009-01-02,1257.5,2,2009-01-06,1307.3,1196.436279296875,1226.968994140625,1258.91259765625,1257.5,11056,8192,1.757989145183175,amazon/chronos-2
2009-01-02,2009-01-02,1257.5,3,2009-01-07,1312.2,1183.832763671875,1225.2086181640625,1267.898193359375,1257.5,11056,8192,1.757989145183175,amazon/chronos-2
2009-01-02,2009-01-02,1257.5,4,2009-01-08,1292.1,1180.3507080078125,1223.6312255859375,1276.19873046875,1257.5,11056,8192,1.757989145183175,amazon/chronos-2
2009-01-02,2009-01-02,1257.5,5,2009-01-09,1321.0,1171.6832275390625,1223.7333984375,1283.93212890625,1257.5,11056,8192,1.757989145183175,amazon/chronos-2
2009-01-02,2009-01-02,1257.5,6,2009-01-12,1329.3,1163.3094482421875,1220.210693359375,1288.73291015625,1257.5,11056,8192,1.757989145183175,amazon/chronos-2
2009-01-02,2009-01-02,1257.5,7,2009-01-13,1360.3,1157.000732421875,1219.813720703125,1291.29931640625,1257.5,11056,8192,1.757989145183175,amazon/chronos-2
2009-01-02,2009-01-02,1257.5,8,2009-01-14,1362.4,1152.5330810546875,1219.484619140625,1296.83984375,1257.5,11056,8192,1.757989145183175,amazon/chronos-2
2009-01-02,2009-01-02,1257.5,9,2009-01-15,1344.6,1140.503662109375,1218.11474609375,1303.417724609375,1257.5,11056,8192,1.757989145183175,amazon/chronos-2
2009-01-02,2009-01-02,1257.5,10,2009-01-16,1372.6,1135.9730224609375,1216.6400146484375,1305.960205078125,1257.5,11056,8192,1.757989145183175,amazon/chronos-2
2009-01-02,2009-01-02,1257.5,11,2009-01-19,1372.0,1121.9755859375,1212.2633056640625,1306.8226318359375,1257.5,11056,8192,1.757989145183175,amazon/chronos-2
2009-01-02,2009-01-02,1257.5,12,2009-01-20,1359.9,1119.0875244140625,1210.0067138671875,1306.96484375,1257.5,11056,8192,1.757989145183175,amazon/chronos-2
2009-01-02,2009-01-02,1257.5,13,2009-01-21,1375.6,1107.874267578125,1206.1470947265625,1310.404052734375,1257.5,11056,8192,1.757989145183175,amazon/chronos-2
2009-01-02,2009-01-02,1257.5,14,2009-01-22,1374.5,1106.144287109375,1205.5372314453125,1316.8392333984375,1257.5,11056,8192,1.757989145183175,amazon/chronos-2
2009-01-02,2009-01-02,1257.5,15,2009-01-23,1371.8,1094.622314453125,1203.690185546875,1314.169921875,1257.5,11056,8192,1.757989145183175,amazon/chronos-2
2009-01-02,2009-01-02,1257.5,16,2009-01-28,1391.0,1091.5126953125,1203.7523193359375,1316.291748046875,1257.5,11056,8192,1.757989145183175,amazon/chronos-2
2009-01-02,2009-01-02,1257.5,17,2009-01-29,1383.1,1105.2437744140625,1197.875,1333.36865234375,1257.5,11056,8192,1.757989145183175,amazon/chronos-2
2009-01-02,2009-01-02,1257.5,18,2009-01-30,1368.5,1099.2291259765625,1196.665771484375,1333.676513671875,1257.5,11056,8192,1.757989145183175,amazon/chronos-2
2009-01-02,2009-01-02,1257.5,19,2009-02-02,1382.5,1095.66845703125,1194.9864501953125,1332.0084228515625,1257.5,11056,8192,1.757989145183175,amazon/chronos-2
2009-01-02,2009-01-02,1257.5,20,2009-02-03,1392.1,1093.625,1192.3575439453125,1342.929443359375,1257.5,11056,8192,1.757989145183175,amazon/chronos-2
2009-01-02,2009-01-02,1257.5,21,2009-02-04,1390.5,1084.9637451171875,1189.02734375,1336.1656494140625,1257.5,11056,8192,1.757989145183175,amazon/chronos-2
2009-01-02,2009-01-02,1257.5,22,2009-02-05,1376.2,1080.9705810546875,1187.770751953125,1343.1258544921875,1257.5,11056,8192,1.757989145183175,amazon/chronos-2
2009-01-02,2009-01-02,1257.5,23,2009-02-06,1382.7,1076.968994140625,1186.36083984375,1344.5653076171875,1257.5,11056,8192,1.757989145183175,amazon/chronos-2
2009-01-02,2009-01-02,1257.5,24,2009-02-09,1379.1,1072.9630126953125,1186.960205078125,1344.938720703125,1257.5,11056,8192,1.757989145183175,amazon/chronos-2
2009-01-02,2009-01-02,1257.5,25,2009-02-10,1376.2,1068.31640625,1184.7864990234375,1350.904052734375,1257.5,11056,8192,1.757989145183175,amazon/chronos-2
2009-01-02,2009-01-02,1257.5,26,2009-02-11,1387.0,1064.0921630859375,1182.91845703125,1350.46337890625,1257.5,11056,8192,1.757989145183175,amazon/chronos-2
2009-01-02,2009-01-02,1257.5,27,2009-02-12,1397.7,1056.4830322265625,1180.1357421875,1350.805419921875,1257.5,11056,8192,1.757989145183175,amazon/chronos-2
2009-01-02,2009-01-02,1257.5,28,2009-02-13,1394.8,1056.5654296875,1179.008056640625,1353.2568359375,1257.5,11056,8192,1.757989145183175,amazon/chronos-2
2009-01-02,2009-01-02,1257.5,29,2009-02-16,1402.2,1050.81982421875,1175.21044921875,1354.892578125,1257.5,11056,8192,1.757989145183175,amazon/chronos-2
2009-01-02,2009-01-02,1257.5,30,2009-02-17,1411.4,1053.416015625,1172.709228515625,1358.4462890625,1257.5,11056,8192,1.757989145183175,amazon/chronos-2
2009-01-02,2009-01-02,1257.5,31,2009-02-18,1444.6,1043.721435546875,1172.886962890625,1353.4681396484375,1257.5,11056,8192,1.757989145183175,amazon/chronos-2
2009-01-02,2009-01-02,1257.5,32,2009-02-19,1465.7,1045.248046875,1175.73779296875,1359.806884765625,1257.5,11056,8192,1.757989145183175,amazon/chronos-2
2009-01-02,2009-01-02,1257.5,33,2009-02-20,1474.0,1044.2305908203125,1171.227783203125,1377.826416015625,1257.5,11056,8192,1.757989145183175,amazon/chronos-2
2009-01-02,2009-01-02,1257.5,34,2009-02-23,1500.5,1041.5831298828125,1171.291748046875,1378.0401611328125,1257.5,11056,8192,1.757989145183175,amazon/chronos-2
2009-01-02,2009-01-02,1257.5,35,2009-02-24,1496.6,1040.1412353515625,1170.701416015625,1371.672607421875,1257.5,11056,8192,1.757989145183175,amazon/chronos-2
2009-01-02,2009-01-02,1257.5,36,2009-02-25,1510.8,1040.51318359375,1166.2662353515625,1376.9658203125,1257.5,11056,8192,1.757989145183175,amazon/chronos-2
2009-01-02,2009-01-02,1257.5,37,2009-02-26,1508.2,1035.39599609375,1164.334716796875,1374.349853515625,1257.5,11056,8192,1.757989145183175,amazon/chronos-2
2009-01-02,2009-01-02,1257.5,38,2009-02-27,1516.4,1032.295654296875,1162.7552490234375,1379.169921875,1257.5,11056,8192,1.757989145183175,amazon/chronos-2
2009-01-02,2009-01-02,1257.5,39,2009-03-02,1525.2,1030.7962646484375,1161.627197265625,1380.764892578125,1257.5,11056,8192,1.757989145183175,amazon/chronos-2
2009-01-02,2009-01-02,1257.5,40,2009-03-03,1573.6,1029.0887451171875,1164.0531005859375,1375.962890625,1257.5,11056,8192,1.757989145183175,amazon/chronos-2
2009-01-02,2009-01-02,1257.5,41,2009-03-04,1570.4,1026.2528076171875,1162.3828125,1382.3463134765625,1257.5,11056,8192,1.757989145183175,amazon/chronos-2
2009-01-02,2009-01-02,1257.5,42,2009-03-05,1559.5,1022.6544799804688,1160.047607421875,1382.4859619140625,1257.5,11056,8192,1.757989145183175,amazon/chronos-2
2009-01-02,2009-01-02,1257.5,43,2009-03-06,1545.3,1016.3951416015625,1158.4239501953125,1382.375244140625,1257.5,11056,8192,1.757989145183175,amazon/chronos-2
2009-01-02,2009-01-02,1257.5,44,2009-03-09,1567.7,1017.6617431640625,1157.4453125,1386.451416015625,1257.5,11056,8192,1.757989145183175,amazon/chronos-2
2009-01-02,2009-01-02,1257.5,45,2009-03-10,1548.8,1016.51806640625,1155.511962890625,1389.33056640625,1257.5,11056,8192,1.757989145183175,amazon/chronos-2
2009-01-02,2009-01-02,1257.5,46,2009-03-11,1529.5,1016.870361328125,1153.6898193359375,1389.953125,1257.5,11056,8192,1.757989145183175,amazon/chronos-2
2009-01-02,2009-01-02,1257.5,47,2009-03-12,1480.0,1012.7177124023438,1153.744384765625,1383.607421875,1257.5,11056,8192,1.757989145183175,amazon/chronos-2
2009-01-02,2009-01-02,1257.5,48,2009-03-13,1487.4,1014.54296875,1156.5469970703125,1391.236328125,1257.5,11056,8192,1.757989145183175,amazon/chronos-2
2009-01-02,2009-01-02,1257.5,49,2009-03-16,1482.4,1020.433349609375,1167.9862060546875,1418.015625,1257.5,11056,8192,1.757989145183175,amazon/chronos-2
2009-01-02,2009-01-02,1257.5,50,2009-03-17,1458.0,1017.7886352539062,1168.095458984375,1419.78125,1257.5,11056,8192,1.757989145183175,amazon/chronos-2
2009-01-02,2009-01-02,1257.5,51,2009-03-18,1416.7,1018.1820068359375,1167.4810791015625,1410.37060546875,1257.5,11056,8192,1.757989145183175,amazon/chronos-2
2009-01-02,2009-01-02,1257.5,52,2009-03-19,1415.4,1020.3604125976562,1165.1141357421875,1415.28466796875,1257.5,11056,8192,1.757989145183175,amazon/chronos-2
2009-01-02,2009-01-02,1257.5,53,2009-03-20,1391.4,1015.9942626953125,1162.926513671875,1416.2327880859375,1257.5,11056,8192,1.757989145183175,amazon/chronos-2
2009-01-02,2009-01-02,1257.5,54,2009-03-23,1399.3,1012.3775634765625,1160.50048828125,1421.09912109375,1257.5,11056,8192,1.757989145183175,amazon/chronos-2
2009-01-02,2009-01-02,1257.5,55,2009-03-24,1396.3,1009.7431030273438,1159.78955078125,1426.01513671875,1257.5,11056,8192,1.757989145183175,amazon/chronos-2
2009-01-02,2009-01-02,1257.5,56,2009-03-25,1382.1,1010.8822631835938,1164.772705078125,1420.7998046875,1257.5,11056,8192,1.757989145183175,amazon/chronos-2
2009-01-02,2009-01-02,1257.5,57,2009-03-26,1384.8,1008.5035400390625,1163.203369140625,1425.952392578125,1257.5,11056,8192,1.757989145183175,amazon/chronos-2
2009-01-02,2009-01-02,1257.5,58,2009-03-27,1343.7,1004.67626953125,1160.4921875,1426.7393798828125,1257.5,11056,8192,1.757989145183175,amazon/chronos-2
2009-01-02,2009-01-02,1257.5,59,2009-03-30,1328.9,1001.2078247070312,1160.43115234375,1426.3140869140625,1257.5,11056,8192,1.757989145183175,amazon/chronos-2
2009-01-02,2009-01-02,1257.5,60,2009-03-31,1377.1,1004.1728515625,1159.11181640625,1428.7369384765625,1257.5,11056,8192,1.757989145183175,amazon/chronos-2
2009-07-01,2009-07-01,1277.9,1,2009-07-02,1269.1,1259.5968017578125,1271.473876953125,1285.27783203125,1277.9,11180,8192,1.8786089990160122,amazon/chronos-2
2009-07-01,2009-07-01,1277.9,2,2009-07-03,1263.5,1256.0985107421875,1271.0655517578125,1288.30810546875,1277.9,11180,8192,1.8786089990160122,amazon/chronos-2
2009-07-01,2009-07-01,1277.9,3,2009-07-06,1272.2,1252.4822998046875,1270.3087158203125,1289.83984375,1277.9,11180,8192,1.8786089990160122,amazon/chronos-2
2009-07-01,2009-07-01,1277.9,4,2009-07-07,1267.0,1250.4066162109375,1268.8837890625,1293.1480712890625,1277.9,11180,8192,1.8786089990160122,amazon/chronos-2
2009-07-01,2009-07-01,1277.9,5,2009-07-08,1268.6,1246.28955078125,1269.1177978515625,1296.5045166015625,1277.9,11180,8192,1.8786089990160122,amazon/chronos-2
2009-07-01,2009-07-01,1277.9,6,2009-07-09,1278.8,1244.281005859375,1268.71875,1300.777099609375,1277.9,11180,8192,1.8786089990160122,amazon/chronos-2
2009-07-01,2009-07-01,1277.9,7,2009-07-10,1278.9,1244.1422119140625,1270.4276123046875,1303.6982421875,1277.9,11180,8192,1.8786089990160122,amazon/chronos-2
2009-07-01,2009-07-01,1277.9,8,2009-07-13,1277.7,1240.010986328125,1270.78271484375,1307.6458740234375,1277.9,11180,8192,1.8786089990160122,amazon/chronos-2
2009-07-01,2009-07-01,1277.9,9,2009-07-14,1291.4,1240.086669921875,1273.1478271484375,1311.17578125,1277.9,11180,8192,1.8786089990160122,amazon/chronos-2
2009-07-01,2009-07-01,1277.9,10,2009-07-15,1295.7,1238.3375244140625,1272.7979736328125,1316.7906494140625,1277.9,11180,8192,1.8786089990160122,amazon/chronos-2
2009-07-01,2009-07-01,1277.9,11,2009-07-16,1282.6,1237.18408203125,1272.6092529296875,1317.4268798828125,1277.9,11180,8192,1.8786089990160122,amazon/chronos-2
2009-07-01,2009-07-01,1277.9,12,2009-07-17,1266.7,1232.8135986328125,1272.05810546875,1318.86865234375,1277.9,11180,8192,1.8786089990160122,amazon/chronos-2
2009-07-01,2009-07-01,1277.9,13,2009-07-20,1261.2,1228.83154296875,1269.181884765625,1321.218994140625,1277.9,11180,8192,1.8786089990160122,amazon/chronos-2
2009-07-01,2009-07-01,1277.9,14,2009-07-21,1252.5,1225.403564453125,1271.07080078125,1320.7607421875,1277.9,11180,8192,1.8786089990160122,amazon/chronos-2
2009-07-01,2009-07-01,1277.9,15,2009-07-22,1250.0,1225.77294921875,1273.3978271484375,1326.732177734375,1277.9,11180,8192,1.8786089990160122,amazon/chronos-2
2009-07-01,2009-07-01,1277.9,16,2009-07-23,1251.0,1225.076416015625,1271.0809326171875,1330.62841796875,1277.9,11180,8192,1.8786089990160122,amazon/chronos-2
2009-07-01,2009-07-01,1277.9,17,2009-07-24,1250.6,1235.8253173828125,1275.5806884765625,1338.0684814453125,1277.9,11180,8192,1.8786089990160122,amazon/chronos-2
2009-07-01,2009-07-01,1277.9,18,2009-07-27,1247.5,1232.779052734375,1274.785888671875,1342.0037841796875,1277.9,11180,8192,1.8786089990160122,amazon/chronos-2
2009-07-01,2009-07-01,1277.9,19,2009-07-28,1246.4,1227.1953125,1274.1846923828125,1343.6265869140625,1277.9,11180,8192,1.8786089990160122,amazon/chronos-2
2009-07-01,2009-07-01,1277.9,20,2009-07-29,1241.9,1230.689697265625,1273.3641357421875,1350.354248046875,1277.9,11180,8192,1.8786089990160122,amazon/chronos-2
2009-07-01,2009-07-01,1277.9,21,2009-07-30,1239.5,1225.688720703125,1274.248046875,1353.5045166015625,1277.9,11180,8192,1.8786089990160122,amazon/chronos-2
2009-07-01,2009-07-01,1277.9,22,2009-07-31,1240.5,1223.6143798828125,1272.6798095703125,1355.966796875,1277.9,11180,8192,1.8786089990160122,amazon/chronos-2
2009-07-01,2009-07-01,1277.9,23,2009-08-03,1230.7,1222.8656005859375,1274.199951171875,1357.572021484375,1277.9,11180,8192,1.8786089990160122,amazon/chronos-2
2009-07-01,2009-07-01,1277.9,24,2009-08-04,1222.3,1221.1973876953125,1275.2567138671875,1360.8590087890625,1277.9,11180,8192,1.8786089990160122,amazon/chronos-2
2009-07-01,2009-07-01,1277.9,25,2009-08-05,1218.7,1219.7469482421875,1277.3021240234375,1364.93408203125,1277.9,11180,8192,1.8786089990160122,amazon/chronos-2
2009-07-01,2009-07-01,1277.9,26,2009-08-06,1220.9,1217.9432373046875,1276.9949951171875,1366.084716796875,1277.9,11180,8192,1.8786089990160122,amazon/chronos-2
2009-07-01,2009-07-01,1277.9,27,2009-08-07,1222.8,1214.9071044921875,1276.208251953125,1369.91357421875,1277.9,11180,8192,1.8786089990160122,amazon/chronos-2
2009-07-01,2009-07-01,1277.9,28,2009-08-10,1226.3,1212.5706787109375,1275.4263916015625,1373.2388916015625,1277.9,11180,8192,1.8786089990160122,amazon/chronos-2
2009-07-01,2009-07-01,1277.9,29,2009-08-11,1223.6,1209.619140625,1272.64501953125,1376.535888671875,1277.9,11180,8192,1.8786089990160122,amazon/chronos-2
2009-07-01,2009-07-01,1277.9,30,2009-08-12,1237.7,1203.572265625,1273.761962890625,1375.6234130859375,1277.9,11180,8192,1.8786089990160122,amazon/chronos-2
2009-07-01,2009-07-01,1277.9,31,2009-08-13,1248.1,1207.9755859375,1276.4324951171875,1376.84033203125,1277.9,11180,8192,1.8786089990160122,amazon/chronos-2
2009-07-01,2009-07-01,1277.9,32,2009-08-14,1237.1,1210.1859130859375,1274.035400390625,1381.57568359375,1277.9,11180,8192,1.8786089990160122,amazon/chronos-2
2009-07-01,2009-07-01,1277.9,33,2009-08-17,1235.0,1210.9456787109375,1279.3280029296875,1398.5186767578125,1277.9,11180,8192,1.8786089990160122,amazon/chronos-2
2009-07-01,2009-07-01,1277.9,34,2009-08-18,1249.2,1204.3304443359375,1276.6876220703125,1398.003662109375,1277.9,11180,8192,1.8786089990160122,amazon/chronos-2
2009-07-01,2009-07-01,1277.9,35,2009-08-19,1256.7,1202.228515625,1277.030517578125,1398.3701171875,1277.9,11180,8192,1.8786089990160122,amazon/chronos-2
2009-07-01,2009-07-01,1277.9,36,2009-08-20,1250.5,1205.78955078125,1276.03955078125,1407.0325927734375,1277.9,11180,8192,1.8786089990160122,amazon/chronos-2
2009-07-01,2009-07-01,1277.9,37,2009-08-21,1247.8,1203.7490234375,1277.6917724609375,1404.134765625,1277.9,11180,8192,1.8786089990160122,amazon/chronos-2
2009-07-01,2009-07-01,1277.9,38,2009-08-24,1248.2,1201.357177734375,1273.7821044921875,1409.560302734375,1277.9,11180,8192,1.8786089990160122,amazon/chronos-2
2009-07-01,2009-07-01,1277.9,39,2009-08-25,1242.1,1199.699951171875,1275.4951171875,1411.25341796875,1277.9,11180,8192,1.8786089990160122,amazon/chronos-2
2009-07-01,2009-07-01,1277.9,40,2009-08-26,1246.7,1198.83349609375,1276.4564208984375,1412.1265869140625,1277.9,11180,8192,1.8786089990160122,amazon/chronos-2
2009-07-01,2009-07-01,1277.9,41,2009-08-27,1248.1,1195.886474609375,1278.761474609375,1415.888427734375,1277.9,11180,8192,1.8786089990160122,amazon/chronos-2
2009-07-01,2009-07-01,1277.9,42,2009-08-28,1248.9,1195.29638671875,1278.7843017578125,1416.864501953125,1277.9,11180,8192,1.8786089990160122,amazon/chronos-2
2009-07-01,2009-07-01,1277.9,43,2009-08-31,1244.9,1190.75927734375,1277.9583740234375,1422.5186767578125,1277.9,11180,8192,1.8786089990160122,amazon/chronos-2
2009-07-01,2009-07-01,1277.9,44,2009-09-01,1246.9,1190.746826171875,1277.0576171875,1429.2720947265625,1277.9,11180,8192,1.8786089990160122,amazon/chronos-2
2009-07-01,2009-07-01,1277.9,45,2009-09-02,1245.8,1189.932373046875,1275.5513916015625,1434.30419921875,1277.9,11180,8192,1.8786089990160122,amazon/chronos-2
2009-07-01,2009-07-01,1277.9,46,2009-09-03,1249.8,1182.1700439453125,1276.87890625,1430.9521484375,1277.9,11180,8192,1.8786089990160122,amazon/chronos-2
2009-07-01,2009-07-01,1277.9,47,2009-09-04,1246.9,1187.674072265625,1277.81298828125,1427.489013671875,1277.9,11180,8192,1.8786089990160122,amazon/chronos-2
2009-07-01,2009-07-01,1277.9,48,2009-09-07,1243.8,1188.047119140625,1275.801025390625,1433.605712890625,1277.9,11180,8192,1.8786089990160122,amazon/chronos-2
2009-07-01,2009-07-01,1277.9,49,2009-09-08,1235.0,1187.015380859375,1281.8275146484375,1465.5599365234375,1277.9,11180,8192,1.8786089990160122,amazon/chronos-2
2009-07-01,2009-07-01,1277.9,50,2009-09-09,1232.1,1184.7864990234375,1278.5406494140625,1459.8125,1277.9,11180,8192,1.8786089990160122,amazon/chronos-2
2009-07-01,2009-07-01,1277.9,51,2009-09-10,1225.9,1182.150634765625,1280.033447265625,1459.701171875,1277.9,11180,8192,1.8786089990160122,amazon/chronos-2
2009-07-01,2009-07-01,1277.9,52,2009-09-11,1225.9,1184.4923095703125,1278.662841796875,1468.84521484375,1277.9,11180,8192,1.8786089990160122,amazon/chronos-2
2009-07-01,2009-07-01,1277.9,53,2009-09-14,1222.1,1182.4154052734375,1281.126953125,1467.0343017578125,1277.9,11180,8192,1.8786089990160122,amazon/chronos-2
2009-07-01,2009-07-01,1277.9,54,2009-09-15,1224.8,1182.1202392578125,1275.44873046875,1475.42041015625,1277.9,11180,8192,1.8786089990160122,amazon/chronos-2
2009-07-01,2009-07-01,1277.9,55,2009-09-16,1220.6,1180.998046875,1276.8133544921875,1480.78076171875,1277.9,11180,8192,1.8786089990160122,amazon/chronos-2
2009-07-01,2009-07-01,1277.9,56,2009-09-17,1211.6,1180.8594970703125,1277.845947265625,1475.3740234375,1277.9,11180,8192,1.8786089990160122,amazon/chronos-2
2009-07-01,2009-07-01,1277.9,57,2009-09-18,1206.1,1175.483154296875,1280.640625,1481.759521484375,1277.9,11180,8192,1.8786089990160122,amazon/chronos-2
2009-07-01,2009-07-01,1277.9,58,2009-09-21,1208.0,1174.9326171875,1280.3172607421875,1483.724365234375,1277.9,11180,8192,1.8786089990160122,amazon/chronos-2
2009-07-01,2009-07-01,1277.9,59,2009-09-22,1205.8,1170.4351806640625,1280.14111328125,1487.069091796875,1277.9,11180,8192,1.8786089990160122,amazon/chronos-2
2009-07-01,2009-07-01,1277.9,60,2009-09-23,1204.1,1170.88037109375,1277.697265625,1498.08447265625,1277.9,11180,8192,1.8786089990160122,amazon/chronos-2
2010-01-02,2009-12-31,1167.6,1,2010-01-04,1167.6,1155.3040771484375,1163.723876953125,1171.586181640625,1167.6,11309,8192,1.9104766536964979,amazon/chronos-2
2010-01-02,2009-12-31,1167.6,2,2010-01-05,1156.2,1153.2266845703125,1163.1788330078125,1173.190185546875,1167.6,11309,8192,1.9104766536964979,amazon/chronos-2
2010-01-02,2009-12-31,1167.6,3,2010-01-06,1144.3,1151.14111328125,1162.6295166015625,1174.2545166015625,1167.6,11309,8192,1.9104766536964979,amazon/chronos-2
2010-01-02,2009-12-31,1167.6,4,2010-01-07,1138.2,1149.1632080078125,1161.421875,1174.5733642578125,1167.6,11309,8192,1.9104766536964979,amazon/chronos-2
2010-01-02,2009-12-31,1167.6,5,2010-01-08,1133.2,1146.8751220703125,1160.6016845703125,1176.032958984375,1167.6,11309,8192,1.9104766536964979,amazon/chronos-2
2010-01-02,2009-12-31,1167.6,6,2010-01-11,1132.9,1145.503662109375,1160.84326171875,1177.6455078125,1167.6,11309,8192,1.9104766536964979,amazon/chronos-2
2010-01-02,2009-12-31,1167.6,7,2010-01-12,1119.8,1144.547119140625,1160.653564453125,1178.18115234375,1167.6,11309,8192,1.9104766536964979,amazon/chronos-2
2010-01-02,2009-12-31,1167.6,8,2010-01-13,1124.2,1142.637939453125,1160.783447265625,1179.880615234375,1167.6,11309,8192,1.9104766536964979,amazon/chronos-2
2010-01-02,2009-12-31,1167.6,9,2010-01-14,1126.4,1142.119140625,1160.793212890625,1180.789306640625,1167.6,11309,8192,1.9104766536964979,amazon/chronos-2
2010-01-02,2009-12-31,1167.6,10,2010-01-15,1122.1,1140.5152587890625,1160.7724609375,1183.0380859375,1167.6,11309,8192,1.9104766536964979,amazon/chronos-2
2010-01-02,2009-12-31,1167.6,11,2010-01-18,1123.2,1139.646484375,1159.766357421875,1183.61181640625,1167.6,11309,8192,1.9104766536964979,amazon/chronos-2
2010-01-02,2009-12-31,1167.6,12,2010-01-19,1126.9,1138.0704345703125,1159.949462890625,1183.305908203125,1167.6,11309,8192,1.9104766536964979,amazon/chronos-2
2010-01-02,2009-12-31,1167.6,13,2010-01-20,1124.3,1135.6517333984375,1158.4119873046875,1183.2628173828125,1167.6,11309,8192,1.9104766536964979,amazon/chronos-2
2010-01-02,2009-12-31,1167.6,14,2010-01-21,1132.3,1134.8648681640625,1159.1114501953125,1183.10107421875,1167.6,11309,8192,1.9104766536964979,amazon/chronos-2
2010-01-02,2009-12-31,1167.6,15,2010-01-22,1138.5,1133.3785400390625,1158.85888671875,1187.936279296875,1167.6,11309,8192,1.9104766536964979,amazon/chronos-2
2010-01-02,2009-12-31,1167.6,16,2010-01-25,1150.1,1133.0435791015625,1158.5633544921875,1187.573486328125,1167.6,11309,8192,1.9104766536964979,amazon/chronos-2
2010-01-02,2009-12-31,1167.6,17,2010-01-26,1149.1,1136.0118408203125,1160.0113525390625,1188.8824462890625,1167.6,11309,8192,1.9104766536964979,amazon/chronos-2
2010-01-02,2009-12-31,1167.6,18,2010-01-27,1151.2,1133.93408203125,1159.168701171875,1190.0550537109375,1167.6,11309,8192,1.9104766536964979,amazon/chronos-2
2010-01-02,2009-12-31,1167.6,19,2010-01-28,1159.4,1131.728515625,1158.69580078125,1190.7713623046875,1167.6,11309,8192,1.9104766536964979,amazon/chronos-2
2010-01-02,2009-12-31,1167.6,20,2010-01-29,1156.5,1132.2825927734375,1157.7498779296875,1191.44677734375,1167.6,11309,8192,1.9104766536964979,amazon/chronos-2
2010-01-02,2009-12-31,1167.6,21,2010-02-01,1157.9,1129.79541015625,1157.0419921875,1192.5096435546875,1167.6,11309,8192,1.9104766536964979,amazon/chronos-2
2010-01-02,2009-12-31,1167.6,22,2010-02-02,1167.8,1128.68212890625,1156.744384765625,1192.5318603515625,1167.6,11309,8192,1.9104766536964979,amazon/chronos-2
2010-01-02,2009-12-31,1167.6,23,2010-02-03,1160.1,1127.5968017578125,1156.74658203125,1192.990478515625,1167.6,11309,8192,1.9104766536964979,amazon/chronos-2
2010-01-02,2009-12-31,1167.6,24,2010-02-04,1152.2,1126.30224609375,1156.593505859375,1194.03076171875,1167.6,11309,8192,1.9104766536964979,amazon/chronos-2
2010-01-02,2009-12-31,1167.6,25,2010-02-05,1153.3,1125.6114501953125,1156.072265625,1194.749755859375,1167.6,11309,8192,1.9104766536964979,amazon/chronos-2
2010-01-02,2009-12-31,1167.6,26,2010-02-08,1171.0,1123.773681640625,1155.8580322265625,1197.68505859375,1167.6,11309,8192,1.9104766536964979,amazon/chronos-2
2010-01-02,2009-12-31,1167.6,27,2010-02-09,1172.6,1122.16259765625,1154.576416015625,1196.448486328125,1167.6,11309,8192,1.9104766536964979,amazon/chronos-2
2010-01-02,2009-12-31,1167.6,28,2010-02-10,1166.6,1120.354248046875,1154.211181640625,1195.88623046875,1167.6,11309,8192,1.9104766536964979,amazon/chronos-2
2010-01-02,2009-12-31,1167.6,29,2010-02-11,1157.9,1118.081787109375,1152.670166015625,1195.8651123046875,1167.6,11309,8192,1.9104766536964979,amazon/chronos-2
2010-01-02,2009-12-31,1167.6,30,2010-02-12,1157.1,1115.7113037109375,1153.380126953125,1196.041015625,1167.6,11309,8192,1.9104766536964979,amazon/chronos-2
2010-01-02,2009-12-31,1167.6,31,2010-02-16,1154.9,1116.697998046875,1153.237548828125,1200.197509765625,1167.6,11309,8192,1.9104766536964979,amazon/chronos-2
2010-01-02,2009-12-31,1167.6,32,2010-02-17,1152.9,1116.8917236328125,1152.4365234375,1199.359130859375,1167.6,11309,8192,1.9104766536964979,amazon/chronos-2
2010-01-02,2009-12-31,1167.6,33,2010-02-18,1142.7,1115.80126953125,1153.3133544921875,1202.2012939453125,1167.6,11309,8192,1.9104766536964979,amazon/chronos-2
2010-01-02,2009-12-31,1167.6,34,2010-02-19,1147.5,1110.9114990234375,1151.944580078125,1203.267822265625,1167.6,11309,8192,1.9104766536964979,amazon/chronos-2
2010-01-02,2009-12-31,1167.6,35,2010-02-22,1157.8,1110.698486328125,1151.64501953125,1203.72021484375,1167.6,11309,8192,1.9104766536964979,amazon/chronos-2
2010-01-02,2009-12-31,1167.6,36,2010-02-23,1149.3,1112.8975830078125,1151.007568359375,1204.95068359375,1167.6,11309,8192,1.9104766536964979,amazon/chronos-2
2010-01-02,2009-12-31,1167.6,37,2010-02-24,1148.5,1110.868896484375,1150.50439453125,1205.390869140625,1167.6,11309,8192,1.9104766536964979,amazon/chronos-2
2010-01-02,2009-12-31,1167.6,38,2010-02-25,1156.1,1110.008056640625,1150.0047607421875,1204.771484375,1167.6,11309,8192,1.9104766536964979,amazon/chronos-2
2010-01-02,2009-12-31,1167.6,39,2010-02-26,1158.4,1108.7418212890625,1150.014404296875,1204.4501953125,1167.6,11309,8192,1.9104766536964979,amazon/chronos-2
2010-01-02,2009-12-31,1167.6,40,2010-03-02,1160.2,1107.94970703125,1150.026611328125,1205.28466796875,1167.6,11309,8192,1.9104766536964979,amazon/chronos-2
2010-01-02,2009-12-31,1167.6,41,2010-03-03,1152.7,1107.062255859375,1149.5140380859375,1205.7889404296875,1167.6,11309,8192,1.9104766536964979,amazon/chronos-2
2010-01-02,2009-12-31,1167.6,42,2010-03-04,1146.6,1105.587158203125,1149.8125,1207.743896484375,1167.6,11309,8192,1.9104766536964979,amazon/chronos-2
2010-01-02,2009-12-31,1167.6,43,2010-03-05,1143.8,1103.5494384765625,1148.54736328125,1206.78955078125,1167.6,11309,8192,1.9104766536964979,amazon/chronos-2
2010-01-02,2009-12-31,1167.6,44,2010-03-08,1141.9,1102.901611328125,1148.139404296875,1206.9793701171875,1167.6,11309,8192,1.9104766536964979,amazon/chronos-2
2010-01-02,2009-12-31,1167.6,45,2010-03-09,1133.7,1101.2774658203125,1146.64599609375,1206.794677734375,1167.6,11309,8192,1.9104766536964979,amazon/chronos-2
2010-01-02,2009-12-31,1167.6,46,2010-03-10,1134.5,1098.580322265625,1147.60302734375,1206.200927734375,1167.6,11309,8192,1.9104766536964979,amazon/chronos-2
2010-01-02,2009-12-31,1167.6,47,2010-03-11,1132.7,1100.691162109375,1147.0924072265625,1209.28759765625,1167.6,11309,8192,1.9104766536964979,amazon/chronos-2
2010-01-02,2009-12-31,1167.6,48,2010-03-12,1131.0,1102.15771484375,1146.5997314453125,1209.3603515625,1167.6,11309,8192,1.9104766536964979,amazon/chronos-2
2010-01-02,2009-12-31,1167.6,49,2010-03-15,1131.1,1099.7655029296875,1147.94482421875,1214.726806640625,1167.6,11309,8192,1.9104766536964979,amazon/chronos-2
2010-01-02,2009-12-31,1167.6,50,2010-03-16,1133.9,1096.3756103515625,1146.767822265625,1215.298583984375,1167.6,11309,8192,1.9104766536964979,amazon/chronos-2
2010-01-02,2009-12-31,1167.6,51,2010-03-17,1133.7,1095.03173828125,1146.7657470703125,1215.6474609375,1167.6,11309,8192,1.9104766536964979,amazon/chronos-2
2010-01-02,2009-12-31,1167.6,52,2010-03-18,1129.5,1096.6456298828125,1146.2939453125,1217.5107421875,1167.6,11309,8192,1.9104766536964979,amazon/chronos-2
2010-01-02,2009-12-31,1167.6,53,2010-03-19,1131.3,1095.0487060546875,1144.888671875,1216.8548583984375,1167.6,11309,8192,1.9104766536964979,amazon/chronos-2
2010-01-02,2009-12-31,1167.6,54,2010-03-22,1132.9,1094.6893310546875,1144.7861328125,1216.531005859375,1167.6,11309,8192,1.9104766536964979,amazon/chronos-2
2010-01-02,2009-12-31,1167.6,55,2010-03-23,1136.5,1093.0814208984375,1144.3414306640625,1215.69921875,1167.6,11309,8192,1.9104766536964979,amazon/chronos-2
2010-01-02,2009-12-31,1167.6,56,2010-03-24,1134.3,1092.4766845703125,1144.6715087890625,1216.6285400390625,1167.6,11309,8192,1.9104766536964979,amazon/chronos-2
2010-01-02,2009-12-31,1167.6,57,2010-03-25,1135.5,1090.4185791015625,1143.89501953125,1217.7127685546875,1167.6,11309,8192,1.9104766536964979,amazon/chronos-2
2010-01-02,2009-12-31,1167.6,58,2010-03-26,1141.2,1089.355224609375,1144.555419921875,1219.369873046875,1167.6,11309,8192,1.9104766536964979,amazon/chronos-2
2010-01-02,2009-12-31,1167.6,59,2010-03-29,1141.7,1086.827392578125,1143.5205078125,1218.661865234375,1167.6,11309,8192,1.9104766536964979,amazon/chronos-2
2010-01-02,2009-12-31,1167.6,60,2010-03-30,1138.6,1086.950439453125,1142.9552001953125,1219.791259765625,1167.6,11309,8192,1.9104766536964979,amazon/chronos-2
2010-07-01,2010-07-01,1230.1,1,2010-07-02,1231.2,1208.80810546875,1230.0655517578125,1263.1641845703125,1230.1,11433,8192,1.9679469909027292,amazon/chronos-2
2010-07-01,2010-07-01,1230.1,2,2010-07-05,1221.2,1202.8089599609375,1229.2086181640625,1273.272705078125,1230.1,11433,8192,1.9679469909027292,amazon/chronos-2
2010-07-01,2010-07-01,1230.1,3,2010-07-06,1223.6,1192.052978515625,1228.87939453125,1282.228515625,1230.1,11433,8192,1.9679469909027292,amazon/chronos-2
2010-07-01,2010-07-01,1230.1,4,2010-07-07,1228.6,1190.510986328125,1229.1326904296875,1292.8978271484375,1230.1,11433,8192,1.9679469909027292,amazon/chronos-2
2010-07-01,2010-07-01,1230.1,5,2010-07-08,1221.8,1184.6136474609375,1229.841064453125,1300.0072021484375,1230.1,11433,8192,1.9679469909027292,amazon/chronos-2
2010-07-01,2010-07-01,1230.1,6,2010-07-09,1211.2,1179.328369140625,1229.151611328125,1307.77587890625,1230.1,11433,8192,1.9679469909027292,amazon/chronos-2
2010-07-01,2010-07-01,1230.1,7,2010-07-12,1198.8,1175.68505859375,1229.799560546875,1312.50634765625,1230.1,11433,8192,1.9679469909027292,amazon/chronos-2
2010-07-01,2010-07-01,1230.1,8,2010-07-13,1197.5,1171.13330078125,1228.907470703125,1317.2408447265625,1230.1,11433,8192,1.9679469909027292,amazon/chronos-2
2010-07-01,2010-07-01,1230.1,9,2010-07-14,1204.6,1163.3428955078125,1230.697509765625,1326.417724609375,1230.1,11433,8192,1.9679469909027292,amazon/chronos-2
2010-07-01,2010-07-01,1230.1,10,2010-07-15,1199.2,1161.0225830078125,1230.3358154296875,1330.19482421875,1230.1,11433,8192,1.9679469909027292,amazon/chronos-2
2010-07-01,2010-07-01,1230.1,11,2010-07-16,1204.7,1151.888427734375,1229.706787109375,1334.942626953125,1230.1,11433,8192,1.9679469909027292,amazon/chronos-2
2010-07-01,2010-07-01,1230.1,12,2010-07-19,1201.1,1150.576416015625,1228.116943359375,1347.7841796875,1230.1,11433,8192,1.9679469909027292,amazon/chronos-2
2010-07-01,2010-07-01,1230.1,13,2010-07-20,1215.9,1145.0218505859375,1225.45458984375,1354.583984375,1230.1,11433,8192,1.9679469909027292,amazon/chronos-2
2010-07-01,2010-07-01,1230.1,14,2010-07-21,1211.8,1138.3260498046875,1225.403564453125,1351.654541015625,1230.1,11433,8192,1.9679469909027292,amazon/chronos-2
2010-07-01,2010-07-01,1230.1,15,2010-07-22,1203.6,1136.3037109375,1224.940185546875,1350.6951904296875,1230.1,11433,8192,1.9679469909027292,amazon/chronos-2
2010-07-01,2010-07-01,1230.1,16,2010-07-23,1206.9,1130.0589599609375,1223.1019287109375,1353.887939453125,1230.1,11433,8192,1.9679469909027292,amazon/chronos-2
2010-07-01,2010-07-01,1230.1,17,2010-07-26,1197.2,1156.2320556640625,1226.241455078125,1348.899169921875,1230.1,11433,8192,1.9679469909027292,amazon/chronos-2
2010-07-01,2010-07-01,1230.1,18,2010-07-27,1194.4,1150.138427734375,1223.0533447265625,1349.755859375,1230.1,11433,8192,1.9679469909027292,amazon/chronos-2
2010-07-01,2010-07-01,1230.1,19,2010-07-28,1183.6,1144.3463134765625,1223.8792724609375,1354.0709228515625,1230.1,11433,8192,1.9679469909027292,amazon/chronos-2
2010-07-01,2010-07-01,1230.1,20,2010-07-29,1186.5,1144.23974609375,1223.6739501953125,1364.666748046875,1230.1,11433,8192,1.9679469909027292,amazon/chronos-2
2010-07-01,2010-07-01,1230.1,21,2010-07-30,1187.2,1137.76171875,1224.1015625,1363.804443359375,1230.1,11433,8192,1.9679469909027292,amazon/chronos-2
2010-07-01,2010-07-01,1230.1,22,2010-08-02,1185.0,1136.6695556640625,1221.48583984375,1371.88720703125,1230.1,11433,8192,1.9679469909027292,amazon/chronos-2
2010-07-01,2010-07-01,1230.1,23,2010-08-03,1173.4,1132.8819580078125,1222.952392578125,1377.8818359375,1230.1,11433,8192,1.9679469909027292,amazon/chronos-2
2010-07-01,2010-07-01,1230.1,24,2010-08-04,1168.7,1128.121826171875,1222.022705078125,1376.8348388671875,1230.1,11433,8192,1.9679469909027292,amazon/chronos-2
2010-07-01,2010-07-01,1230.1,25,2010-08-05,1169.5,1122.93310546875,1223.538330078125,1384.3533935546875,1230.1,11433,8192,1.9679469909027292,amazon/chronos-2
2010-07-01,2010-07-01,1230.1,26,2010-08-06,1168.2,1123.485107421875,1223.433837890625,1384.9249267578125,1230.1,11433,8192,1.9679469909027292,amazon/chronos-2
2010-07-01,2010-07-01,1230.1,27,2010-08-09,1165.7,1113.2489013671875,1222.228271484375,1388.3177490234375,1230.1,11433,8192,1.9679469909027292,amazon/chronos-2
2010-07-01,2010-07-01,1230.1,28,2010-08-10,1159.1,1111.9959716796875,1219.66796875,1396.734130859375,1230.1,11433,8192,1.9679469909027292,amazon/chronos-2
2010-07-01,2010-07-01,1230.1,29,2010-08-11,1167.2,1109.3055419921875,1217.5057373046875,1398.5777587890625,1230.1,11433,8192,1.9679469909027292,amazon/chronos-2
2010-07-01,2010-07-01,1230.1,30,2010-08-12,1177.3,1110.65478515625,1216.7169189453125,1393.5975341796875,1230.1,11433,8192,1.9679469909027292,amazon/chronos-2
2010-07-01,2010-07-01,1230.1,31,2010-08-13,1193.6,1104.667236328125,1215.2808837890625,1390.773681640625,1230.1,11433,8192,1.9679469909027292,amazon/chronos-2
2010-07-01,2010-07-01,1230.1,32,2010-08-16,1186.7,1099.2781982421875,1217.09912109375,1398.16552734375,1230.1,11433,8192,1.9679469909027292,amazon/chronos-2
2010-07-01,2010-07-01,1230.1,33,2010-08-17,1193.2,1113.715576171875,1219.9525146484375,1407.611572265625,1230.1,11433,8192,1.9679469909027292,amazon/chronos-2
2010-07-01,2010-07-01,1230.1,34,2010-08-18,1178.7,1111.82275390625,1219.8167724609375,1407.0767822265625,1230.1,11433,8192,1.9679469909027292,amazon/chronos-2
2010-07-01,2010-07-01,1230.1,35,2010-08-19,1173.9,1108.331298828125,1219.8043212890625,1406.479248046875,1230.1,11433,8192,1.9679469909027292,amazon/chronos-2
2010-07-01,2010-07-01,1230.1,36,2010-08-20,1173.3,1110.433837890625,1220.501220703125,1414.7437744140625,1230.1,11433,8192,1.9679469909027292,amazon/chronos-2
2010-07-01,2010-07-01,1230.1,37,2010-08-23,1179.9,1102.0438232421875,1218.263916015625,1416.60595703125,1230.1,11433,8192,1.9679469909027292,amazon/chronos-2
2010-07-01,2010-07-01,1230.1,38,2010-08-24,1181.8,1102.6156005859375,1217.6148681640625,1423.9423828125,1230.1,11433,8192,1.9679469909027292,amazon/chronos-2
2010-07-01,2010-07-01,1230.1,39,2010-08-25,1189.0,1100.16748046875,1218.7501220703125,1429.999755859375,1230.1,11433,8192,1.9679469909027292,amazon/chronos-2
2010-07-01,2010-07-01,1230.1,40,2010-08-26,1195.4,1093.4544677734375,1218.0096435546875,1429.2052001953125,1230.1,11433,8192,1.9679469909027292,amazon/chronos-2
2010-07-01,2010-07-01,1230.1,41,2010-08-27,1194.4,1090.47216796875,1218.134521484375,1432.745849609375,1230.1,11433,8192,1.9679469909027292,amazon/chronos-2
2010-07-01,2010-07-01,1230.1,42,2010-08-30,1195.2,1090.4970703125,1217.8084716796875,1434.79150390625,1230.1,11433,8192,1.9679469909027292,amazon/chronos-2
2010-07-01,2010-07-01,1230.1,43,2010-08-31,1189.1,1082.6689453125,1217.5140380859375,1436.467041015625,1230.1,11433,8192,1.9679469909027292,amazon/chronos-2
2010-07-01,2010-07-01,1230.1,44,2010-09-01,1196.8,1081.1981201171875,1214.80029296875,1442.643310546875,1230.1,11433,8192,1.9679469909027292,amazon/chronos-2
2010-07-01,2010-07-01,1230.1,45,2010-09-02,1190.6,1081.897216796875,1212.695556640625,1445.6083984375,1230.1,11433,8192,1.9679469909027292,amazon/chronos-2
2010-07-01,2010-07-01,1230.1,46,2010-09-03,1181.0,1086.6680908203125,1212.2445068359375,1437.50439453125,1230.1,11433,8192,1.9679469909027292,amazon/chronos-2
2010-07-01,2010-07-01,1230.1,47,2010-09-06,1177.8,1081.409912109375,1211.8055419921875,1436.041748046875,1230.1,11433,8192,1.9679469909027292,amazon/chronos-2
2010-07-01,2010-07-01,1230.1,48,2010-09-07,1171.2,1075.7052001953125,1214.62255859375,1443.966064453125,1230.1,11433,8192,1.9679469909027292,amazon/chronos-2
2010-07-01,2010-07-01,1230.1,49,2010-09-08,1176.4,1080.8223876953125,1214.499267578125,1453.8017578125,1230.1,11433,8192,1.9679469909027292,amazon/chronos-2
2010-07-01,2010-07-01,1230.1,50,2010-09-09,1176.2,1079.5501708984375,1216.096435546875,1454.128173828125,1230.1,11433,8192,1.9679469909027292,amazon/chronos-2
2010-07-01,2010-07-01,1230.1,51,2010-09-10,1169.1,1078.1640625,1214.4630126953125,1445.88232421875,1230.1,11433,8192,1.9679469909027292,amazon/chronos-2
2010-07-01,2010-07-01,1230.1,52,2010-09-13,1166.4,1079.68212890625,1214.0941162109375,1453.50244140625,1230.1,11433,8192,1.9679469909027292,amazon/chronos-2
2010-07-01,2010-07-01,1230.1,53,2010-09-14,1161.4,1073.96533203125,1211.6566162109375,1455.33154296875,1230.1,11433,8192,1.9679469909027292,amazon/chronos-2
2010-07-01,2010-07-01,1230.1,54,2010-09-15,1161.4,1075.411376953125,1210.9376220703125,1462.4664306640625,1230.1,11433,8192,1.9679469909027292,amazon/chronos-2
2010-07-01,2010-07-01,1230.1,55,2010-09-16,1160.8,1072.528564453125,1210.480224609375,1466.93212890625,1230.1,11433,8192,1.9679469909027292,amazon/chronos-2
2010-07-01,2010-07-01,1230.1,56,2010-09-17,1163.2,1068.2427978515625,1212.203125,1465.7904052734375,1230.1,11433,8192,1.9679469909027292,amazon/chronos-2
2010-07-01,2010-07-01,1230.1,57,2010-09-20,1163.1,1067.495849609375,1211.279541015625,1464.061279296875,1230.1,11433,8192,1.9679469909027292,amazon/chronos-2
2010-07-01,2010-07-01,1230.1,58,2010-09-24,1162.1,1068.108154296875,1210.4591064453125,1466.73291015625,1230.1,11433,8192,1.9679469909027292,amazon/chronos-2
2010-07-01,2010-07-01,1230.1,59,2010-09-27,1156.4,1062.9261474609375,1210.9149169921875,1463.959228515625,1230.1,11433,8192,1.9679469909027292,amazon/chronos-2
2010-07-01,2010-07-01,1230.1,60,2010-09-28,1148.8,1062.8203125,1208.6556396484375,1467.337646484375,1230.1,11433,8192,1.9679469909027292,amazon/chronos-2
2011-01-02,2010-12-31,1138.9,1,2011-01-03,1138.9,1127.2310791015625,1134.577880859375,1140.781494140625,1138.9,11561,8192,2.0050839100346023,amazon/chronos-2
2011-01-02,2010-12-31,1138.9,2,2011-01-04,1127.5,1124.853515625,1134.2916259765625,1143.9884033203125,1138.9,11561,8192,2.0050839100346023,amazon/chronos-2
2011-01-02,2010-12-31,1138.9,3,2011-01-05,1122.3,1121.725830078125,1133.8231201171875,1145.999267578125,1138.9,11561,8192,2.0050839100346023,amazon/chronos-2
2011-01-02,2010-12-31,1138.9,4,2011-01-06,1125.0,1119.3863525390625,1133.214111328125,1146.5860595703125,1138.9,11561,8192,2.0050839100346023,amazon/chronos-2
2011-01-02,2010-12-31,1138.9,5,2011-01-07,1123.1,1117.0191650390625,1132.1612548828125,1148.2864990234375,1138.9,11561,8192,2.0050839100346023,amazon/chronos-2
2011-01-02,2010-12-31,1138.9,6,2011-01-10,1122.1,1115.479736328125,1132.459716796875,1149.740966796875,1138.9,11561,8192,2.0050839100346023,amazon/chronos-2
2011-01-02,2010-12-31,1138.9,7,2011-01-11,1120.6,1114.5897216796875,1132.5672607421875,1151.0584716796875,1138.9,11561,8192,2.0050839100346023,amazon/chronos-2
2011-01-02,2010-12-31,1138.9,8,2011-01-12,1126.2,1112.19921875,1131.860107421875,1152.094970703125,1138.9,11561,8192,2.0050839100346023,amazon/chronos-2
2011-01-02,2010-12-31,1138.9,9,2011-01-13,1120.0,1110.7996826171875,1131.115234375,1152.9786376953125,1138.9,11561,8192,2.0050839100346023,amazon/chronos-2
2011-01-02,2010-12-31,1138.9,10,2011-01-14,1112.2,1109.1260986328125,1131.5992431640625,1155.24755859375,1138.9,11561,8192,2.0050839100346023,amazon/chronos-2
2011-01-02,2010-12-31,1138.9,11,2011-01-17,1114.7,1107.6458740234375,1130.095947265625,1155.7310791015625,1138.9,11561,8192,2.0050839100346023,amazon/chronos-2
2011-01-02,2010-12-31,1138.9,12,2011-01-18,1114.7,1106.3143310546875,1130.365478515625,1154.9581298828125,1138.9,11561,8192,2.0050839100346023,amazon/chronos-2
2011-01-02,2010-12-31,1138.9,13,2011-01-19,1116.8,1103.828125,1129.351806640625,1155.29833984375,1138.9,11561,8192,2.0050839100346023,amazon/chronos-2
2011-01-02,2010-12-31,1138.9,14,2011-01-20,1112.5,1102.259521484375,1129.9737548828125,1156.3790283203125,1138.9,11561,8192,2.0050839100346023,amazon/chronos-2
2011-01-02,2010-12-31,1138.9,15,2011-01-21,1118.2,1102.31591796875,1129.711669921875,1160.0843505859375,1138.9,11561,8192,2.0050839100346023,amazon/chronos-2
2011-01-02,2010-12-31,1138.9,16,2011-01-24,1122.0,1101.87744140625,1129.51708984375,1159.505615234375,1138.9,11561,8192,2.0050839100346023,amazon/chronos-2
2011-01-02,2010-12-31,1138.9,17,2011-01-25,1120.3,1105.825927734375,1131.8477783203125,1160.5321044921875,1138.9,11561,8192,2.0050839100346023,amazon/chronos-2
2011-01-02,2010-12-31,1138.9,18,2011-01-26,1117.6,1101.663330078125,1130.6851806640625,1161.3179931640625,1138.9,11561,8192,2.0050839100346023,amazon/chronos-2
2011-01-02,2010-12-31,1138.9,19,2011-01-27,1118.2,1100.478271484375,1130.369384765625,1162.5601806640625,1138.9,11561,8192,2.0050839100346023,amazon/chronos-2
2011-01-02,2010-12-31,1138.9,20,2011-01-28,1114.3,1101.0267333984375,1130.11962890625,1163.6407470703125,1138.9,11561,8192,2.0050839100346023,amazon/chronos-2
2011-01-02,2010-12-31,1138.9,21,2011-01-31,1114.3,1098.6578369140625,1129.1531982421875,1164.3853759765625,1138.9,11561,8192,2.0050839100346023,amazon/chronos-2
2011-01-02,2010-12-31,1138.9,22,2011-02-01,1122.7,1097.4384765625,1128.9354248046875,1164.3240966796875,1138.9,11561,8192,2.0050839100346023,amazon/chronos-2
2011-01-02,2010-12-31,1138.9,23,2011-02-07,1116.7,1096.6561279296875,1129.3389892578125,1165.64453125,1138.9,11561,8192,2.0050839100346023,amazon/chronos-2
2011-01-02,2010-12-31,1138.9,24,2011-02-08,1107.0,1095.173583984375,1128.73095703125,1166.427734375,1138.9,11561,8192,2.0050839100346023,amazon/chronos-2
2011-01-02,2010-12-31,1138.9,25,2011-02-09,1104.4,1093.0296630859375,1127.8643798828125,1167.611083984375,1138.9,11561,8192,2.0050839100346023,amazon/chronos-2
2011-01-02,2010-12-31,1138.9,26,2011-02-10,1104.8,1091.7369384765625,1128.379638671875,1168.5341796875,1138.9,11561,8192,2.0050839100346023,amazon/chronos-2
2011-01-02,2010-12-31,1138.9,27,2011-02-11,1112.9,1088.9263916015625,1126.8699951171875,1169.3897705078125,1138.9,11561,8192,2.0050839100346023,amazon/chronos-2
2011-01-02,2010-12-31,1138.9,28,2011-02-14,1120.7,1088.8829345703125,1126.83642578125,1168.7822265625,1138.9,11561,8192,2.0050839100346023,amazon/chronos-2
2011-01-02,2010-12-31,1138.9,29,2011-02-15,1123.9,1087.1036376953125,1125.8536376953125,1168.71826171875,1138.9,11561,8192,2.0050839100346023,amazon/chronos-2
2011-01-02,2010-12-31,1138.9,30,2011-02-16,1122.5,1084.54248046875,1126.2486572265625,1168.9456787109375,1138.9,11561,8192,2.0050839100346023,amazon/chronos-2
2011-01-02,2010-12-31,1138.9,31,2011-02-17,1120.7,1086.6812744140625,1125.8922119140625,1171.817626953125,1138.9,11561,8192,2.0050839100346023,amazon/chronos-2
2011-01-02,2010-12-31,1138.9,32,2011-02-18,1116.2,1087.7156982421875,1125.622314453125,1171.109375,1138.9,11561,8192,2.0050839100346023,amazon/chronos-2
2011-01-02,2010-12-31,1138.9,33,2011-02-21,1113.0,1089.27783203125,1127.2158203125,1173.01171875,1138.9,11561,8192,2.0050839100346023,amazon/chronos-2
2011-01-02,2010-12-31,1138.9,34,2011-02-22,1116.4,1085.86865234375,1126.149658203125,1173.854248046875,1138.9,11561,8192,2.0050839100346023,amazon/chronos-2
2011-01-02,2010-12-31,1138.9,35,2011-02-23,1125.9,1084.955078125,1126.2462158203125,1174.947021484375,1138.9,11561,8192,2.0050839100346023,amazon/chronos-2
2011-01-02,2010-12-31,1138.9,36,2011-02-24,1125.8,1085.330322265625,1126.462158203125,1176.731201171875,1138.9,11561,8192,2.0050839100346023,amazon/chronos-2
2011-01-02,2010-12-31,1138.9,37,2011-02-25,1126.9,1084.14697265625,1125.090576171875,1176.35302734375,1138.9,11561,8192,2.0050839100346023,amazon/chronos-2
2011-01-02,2010-12-31,1138.9,38,2011-02-28,1127.9,1083.533447265625,1125.0284423828125,1176.26318359375,1138.9,11561,8192,2.0050839100346023,amazon/chronos-2
2011-01-02,2010-12-31,1138.9,39,2011-03-02,1128.8,1082.5394287109375,1125.237060546875,1176.918212890625,1138.9,11561,8192,2.0050839100346023,amazon/chronos-2
2011-01-02,2010-12-31,1138.9,40,2011-03-03,1128.4,1081.4813232421875,1124.8731689453125,1177.2083740234375,1138.9,11561,8192,2.0050839100346023,amazon/chronos-2
2011-01-02,2010-12-31,1138.9,41,2011-03-04,1122.6,1078.240966796875,1123.8487548828125,1178.9886474609375,1138.9,11561,8192,2.0050839100346023,amazon/chronos-2
2011-01-02,2010-12-31,1138.9,42,2011-03-07,1116.2,1077.3531494140625,1124.513671875,1178.571533203125,1138.9,11561,8192,2.0050839100346023,amazon/chronos-2
2011-01-02,2010-12-31,1138.9,43,2011-03-08,1117.9,1074.37451171875,1123.142822265625,1179.53271484375,1138.9,11561,8192,2.0050839100346023,amazon/chronos-2
2011-01-02,2010-12-31,1138.9,44,2011-03-09,1117.4,1074.908447265625,1122.8734130859375,1179.174072265625,1138.9,11561,8192,2.0050839100346023,amazon/chronos-2
2011-01-02,2010-12-31,1138.9,45,2011-03-10,1115.2,1073.2860107421875,1121.4544677734375,1178.9261474609375,1138.9,11561,8192,2.0050839100346023,amazon/chronos-2
2011-01-02,2010-12-31,1138.9,46,2011-03-11,1118.4,1071.0947265625,1122.156982421875,1178.9454345703125,1138.9,11561,8192,2.0050839100346023,amazon/chronos-2
2011-01-02,2010-12-31,1138.9,47,2011-03-14,1124.5,1072.967529296875,1121.420166015625,1180.85693359375,1138.9,11561,8192,2.0050839100346023,amazon/chronos-2
2011-01-02,2010-12-31,1138.9,48,2011-03-15,1129.8,1072.890625,1121.533203125,1180.9066162109375,1138.9,11561,8192,2.0050839100346023,amazon/chronos-2
2011-01-02,2010-12-31,1138.9,49,2011-03-16,1131.3,1073.591552734375,1123.3704833984375,1186.1943359375,1138.9,11561,8192,2.0050839100346023,amazon/chronos-2
2011-01-02,2010-12-31,1138.9,50,2011-03-17,1132.8,1072.52197265625,1122.9803466796875,1186.5916748046875,1138.9,11561,8192,2.0050839100346023,amazon/chronos-2
2011-01-02,2010-12-31,1138.9,51,2011-03-18,1137.6,1071.9677734375,1123.212890625,1186.8646240234375,1138.9,11561,8192,2.0050839100346023,amazon/chronos-2
2011-01-02,2010-12-31,1138.9,52,2011-03-21,1128.3,1072.2098388671875,1123.2178955078125,1189.238037109375,1138.9,11561,8192,2.0050839100346023,amazon/chronos-2
2011-01-02,2010-12-31,1138.9,53,2011-03-22,1125.9,1070.4324951171875,1121.396484375,1186.8905029296875,1138.9,11561,8192,2.0050839100346023,amazon/chronos-2
2011-01-02,2010-12-31,1138.9,54,2011-03-23,1121.7,1071.0828857421875,1122.0081787109375,1188.50244140625,1138.9,11561,8192,2.0050839100346023,amazon/chronos-2
2011-01-02,2010-12-31,1138.9,55,2011-03-24,1123.7,1070.56689453125,1121.994140625,1188.1019287109375,1138.9,11561,8192,2.0050839100346023,amazon/chronos-2
2011-01-02,2010-12-31,1138.9,56,2011-03-25,1122.8,1068.720703125,1121.3046875,1188.61962890625,1138.9,11561,8192,2.0050839100346023,amazon/chronos-2
2011-01-02,2010-12-31,1138.9,57,2011-03-28,1114.5,1065.2763671875,1120.39990234375,1190.9403076171875,1138.9,11561,8192,2.0050839100346023,amazon/chronos-2
2011-01-02,2010-12-31,1138.9,58,2011-03-29,1114.2,1064.7208251953125,1121.496826171875,1190.3157958984375,1138.9,11561,8192,2.0050839100346023,amazon/chronos-2
2011-01-02,2010-12-31,1138.9,59,2011-03-30,1114.6,1061.1226806640625,1119.7252197265625,1191.019775390625,1138.9,11561,8192,2.0050839100346023,amazon/chronos-2
2011-01-02,2010-12-31,1138.9,60,2011-03-31,1107.2,1062.1295166015625,1119.555908203125,1191.6527099609375,1138.9,11561,8192,2.0050839100346023,amazon/chronos-2
2011-07-01,2011-07-01,1070.1,1,2011-07-04,1066.4,1058.9560546875,1066.323486328125,1072.736572265625,1070.1,11684,8192,2.0241693058289822,amazon/chronos-2
2011-07-01,2011-07-01,1070.1,2,2011-07-05,1063.8,1055.89697265625,1065.427978515625,1074.2598876953125,1070.1,11684,8192,2.0241693058289822,amazon/chronos-2
2011-07-01,2011-07-01,1070.1,3,2011-07-06,1065.6,1055.0791015625,1065.650634765625,1075.6171875,1070.1,11684,8192,2.0241693058289822,amazon/chronos-2
2011-07-01,2011-07-01,1070.1,4,2011-07-07,1064.9,1052.841796875,1065.41650390625,1075.846435546875,1070.1,11684,8192,2.0241693058289822,amazon/chronos-2
2011-07-01,2011-07-01,1070.1,5,2011-07-08,1064.3,1052.0638427734375,1064.6011962890625,1078.0146484375,1070.1,11684,8192,2.0241693058289822,amazon/chronos-2
2011-07-01,2011-07-01,1070.1,6,2011-07-11,1058.4,1051.03271484375,1064.8907470703125,1078.819091796875,1070.1,11684,8192,2.0241693058289822,amazon/chronos-2
2011-07-01,2011-07-01,1070.1,7,2011-07-12,1059.7,1050.157958984375,1064.4140625,1079.180908203125,1070.1,11684,8192,2.0241693058289822,amazon/chronos-2
2011-07-01,2011-07-01,1070.1,8,2011-07-13,1066.2,1048.5135498046875,1063.7088623046875,1079.7369384765625,1070.1,11684,8192,2.0241693058289822,amazon/chronos-2
2011-07-01,2011-07-01,1070.1,9,2011-07-14,1063.2,1047.5679931640625,1063.50341796875,1080.81591796875,1070.1,11684,8192,2.0241693058289822,amazon/chronos-2
2011-07-01,2011-07-01,1070.1,10,2011-07-15,1056.7,1046.79345703125,1064.4820556640625,1083.113037109375,1070.1,11684,8192,2.0241693058289822,amazon/chronos-2
2011-07-01,2011-07-01,1070.1,11,2011-07-18,1057.3,1045.7833251953125,1063.339599609375,1083.5325927734375,1070.1,11684,8192,2.0241693058289822,amazon/chronos-2
2011-07-01,2011-07-01,1070.1,12,2011-07-19,1061.2,1045.3740234375,1063.59375,1082.62890625,1070.1,11684,8192,2.0241693058289822,amazon/chronos-2
2011-07-01,2011-07-01,1070.1,13,2011-07-20,1059.7,1043.3336181640625,1063.1767578125,1083.3599853515625,1070.1,11684,8192,2.0241693058289822,amazon/chronos-2
2011-07-01,2011-07-01,1070.1,14,2011-07-21,1055.3,1042.9990234375,1063.6820068359375,1084.5994873046875,1070.1,11684,8192,2.0241693058289822,amazon/chronos-2
2011-07-01,2011-07-01,1070.1,15,2011-07-22,1055.3,1042.472412109375,1062.835205078125,1087.6033935546875,1070.1,11684,8192,2.0241693058289822,amazon/chronos-2
2011-07-01,2011-07-01,1070.1,16,2011-07-25,1051.2,1042.46337890625,1063.111572265625,1085.6949462890625,1070.1,11684,8192,2.0241693058289822,amazon/chronos-2
2011-07-01,2011-07-01,1070.1,17,2011-07-26,1054.5,1042.6209716796875,1064.07080078125,1088.9576416015625,1070.1,11684,8192,2.0241693058289822,amazon/chronos-2
2011-07-01,2011-07-01,1070.1,18,2011-07-27,1052.9,1040.4747314453125,1063.4678955078125,1089.3060302734375,1070.1,11684,8192,2.0241693058289822,amazon/chronos-2
2011-07-01,2011-07-01,1070.1,19,2011-07-28,1050.2,1039.7176513671875,1063.765869140625,1090.669921875,1070.1,11684,8192,2.0241693058289822,amazon/chronos-2
2011-07-01,2011-07-01,1070.1,20,2011-07-29,1052.6,1040.139892578125,1063.5386962890625,1090.22119140625,1070.1,11684,8192,2.0241693058289822,amazon/chronos-2
2011-07-01,2011-07-01,1070.1,21,2011-08-01,1053.1,1037.6212158203125,1061.9862060546875,1091.748779296875,1070.1,11684,8192,2.0241693058289822,amazon/chronos-2
2011-07-01,2011-07-01,1070.1,22,2011-08-02,1049.5,1037.8232421875,1062.63916015625,1091.5689697265625,1070.1,11684,8192,2.0241693058289822,amazon/chronos-2
2011-07-01,2011-07-01,1070.1,23,2011-08-03,1051.3,1036.9791259765625,1062.442138671875,1091.96826171875,1070.1,11684,8192,2.0241693058289822,amazon/chronos-2
2011-07-01,2011-07-01,1070.1,24,2011-08-04,1058.6,1036.0955810546875,1061.5953369140625,1092.0142822265625,1070.1,11684,8192,2.0241693058289822,amazon/chronos-2
2011-07-01,2011-07-01,1070.1,25,2011-08-05,1058.5,1034.64306640625,1061.0787353515625,1092.8040771484375,1070.1,11684,8192,2.0241693058289822,amazon/chronos-2
2011-07-01,2011-07-01,1070.1,26,2011-08-08,1069.4,1033.7724609375,1062.0093994140625,1095.829345703125,1070.1,11684,8192,2.0241693058289822,amazon/chronos-2
2011-07-01,2011-07-01,1070.1,27,2011-08-09,1073.5,1031.6197509765625,1060.359375,1094.67724609375,1070.1,11684,8192,2.0241693058289822,amazon/chronos-2
2011-07-01,2011-07-01,1070.1,28,2011-08-10,1092.2,1032.0711669921875,1060.9796142578125,1093.8248291015625,1070.1,11684,8192,2.0241693058289822,amazon/chronos-2
2011-07-01,2011-07-01,1070.1,29,2011-08-11,1080.4,1029.7904052734375,1059.955322265625,1094.2130126953125,1070.1,11684,8192,2.0241693058289822,amazon/chronos-2
2011-07-01,2011-07-01,1070.1,30,2011-08-12,1085.7,1028.726806640625,1060.272705078125,1094.995361328125,1070.1,11684,8192,2.0241693058289822,amazon/chronos-2
2011-07-01,2011-07-01,1070.1,31,2011-08-16,1078.7,1029.6285400390625,1059.599853515625,1097.5430908203125,1070.1,11684,8192,2.0241693058289822,amazon/chronos-2
2011-07-01,2011-07-01,1070.1,32,2011-08-17,1070.0,1030.7779541015625,1060.23486328125,1095.6851806640625,1070.1,11684,8192,2.0241693058289822,amazon/chronos-2
2011-07-01,2011-07-01,1070.1,33,2011-08-18,1072.7,1029.33447265625,1059.5291748046875,1097.333740234375,1070.1,11684,8192,2.0241693058289822,amazon/chronos-2
2011-07-01,2011-07-01,1070.1,34,2011-08-19,1072.3,1028.6307373046875,1058.866943359375,1098.1124267578125,1070.1,11684,8192,2.0241693058289822,amazon/chronos-2
2011-07-01,2011-07-01,1070.1,35,2011-08-22,1082.9,1026.67919921875,1059.7830810546875,1099.5902099609375,1070.1,11684,8192,2.0241693058289822,amazon/chronos-2
2011-07-01,2011-07-01,1070.1,36,2011-08-23,1083.4,1026.8653564453125,1059.080322265625,1099.1541748046875,1070.1,11684,8192,2.0241693058289822,amazon/chronos-2
2011-07-01,2011-07-01,1070.1,37,2011-08-24,1081.0,1024.870361328125,1057.73779296875,1100.170166015625,1070.1,11684,8192,2.0241693058289822,amazon/chronos-2
2011-07-01,2011-07-01,1070.1,38,2011-08-25,1079.0,1026.0018310546875,1058.496826171875,1099.68017578125,1070.1,11684,8192,2.0241693058289822,amazon/chronos-2
2011-07-01,2011-07-01,1070.1,39,2011-08-26,1085.3,1024.75,1058.1221923828125,1099.38525390625,1070.1,11684,8192,2.0241693058289822,amazon/chronos-2
2011-07-01,2011-07-01,1070.1,40,2011-08-29,1084.5,1023.548828125,1057.41455078125,1099.6268310546875,1070.1,11684,8192,2.0241693058289822,amazon/chronos-2
2011-07-01,2011-07-01,1070.1,41,2011-08-30,1076.0,1022.2528686523438,1057.078857421875,1100.6856689453125,1070.1,11684,8192,2.0241693058289822,amazon/chronos-2
2011-07-01,2011-07-01,1070.1,42,2011-08-31,1071.7,1021.5236206054688,1057.5340576171875,1103.34619140625,1070.1,11684,8192,2.0241693058289822,amazon/chronos-2
2011-07-01,2011-07-01,1070.1,43,2011-09-01,1070.4,1018.6007690429688,1055.966064453125,1102.122314453125,1070.1,11684,8192,2.0241693058289822,amazon/chronos-2
2011-07-01,2011-07-01,1070.1,44,2011-09-02,1063.0,1019.78076171875,1056.842529296875,1101.5594482421875,1070.1,11684,8192,2.0241693058289822,amazon/chronos-2
2011-07-01,2011-07-01,1070.1,45,2011-09-05,1062.7,1018.3150634765625,1056.2020263671875,1101.748291015625,1070.1,11684,8192,2.0241693058289822,amazon/chronos-2
2011-07-01,2011-07-01,1070.1,46,2011-09-06,1068.3,1018.164794921875,1055.765625,1102.8680419921875,1070.1,11684,8192,2.0241693058289822,amazon/chronos-2
2011-07-01,2011-07-01,1070.1,47,2011-09-07,1071.8,1017.104248046875,1055.032958984375,1103.9788818359375,1070.1,11684,8192,2.0241693058289822,amazon/chronos-2
2011-07-01,2011-07-01,1070.1,48,2011-09-08,1071.7,1019.1790771484375,1056.4326171875,1102.9417724609375,1070.1,11684,8192,2.0241693058289822,amazon/chronos-2
2011-07-01,2011-07-01,1070.1,49,2011-09-09,1072.8,1016.9187622070312,1055.96435546875,1105.4144287109375,1070.1,11684,8192,2.0241693058289822,amazon/chronos-2
2011-07-01,2011-07-01,1070.1,50,2011-09-14,1076.0,1016.0858154296875,1054.606201171875,1105.7159423828125,1070.1,11684,8192,2.0241693058289822,amazon/chronos-2
2011-07-01,2011-07-01,1070.1,51,2011-09-15,1100.4,1015.864990234375,1055.666015625,1106.75,1070.1,11684,8192,2.0241693058289822,amazon/chronos-2
2011-07-01,2011-07-01,1070.1,52,2011-09-16,1108.1,1014.98974609375,1054.4918212890625,1106.237548828125,1070.1,11684,8192,2.0241693058289822,amazon/chronos-2
2011-07-01,2011-07-01,1070.1,53,2011-09-19,1106.9,1013.6268310546875,1053.5909423828125,1107.7008056640625,1070.1,11684,8192,2.0241693058289822,amazon/chronos-2
2011-07-01,2011-07-01,1070.1,54,2011-09-20,1122.3,1015.0155639648438,1054.507568359375,1106.933349609375,1070.1,11684,8192,2.0241693058289822,amazon/chronos-2
2011-07-01,2011-07-01,1070.1,55,2011-09-21,1150.6,1013.4613037109375,1053.444091796875,1105.272705078125,1070.1,11684,8192,2.0241693058289822,amazon/chronos-2
2011-07-01,2011-07-01,1070.1,56,2011-09-22,1147.2,1011.8444213867188,1052.6859130859375,1106.0400390625,1070.1,11684,8192,2.0241693058289822,amazon/chronos-2
2011-07-01,2011-07-01,1070.1,57,2011-09-23,1177.5,1009.6771240234375,1052.438720703125,1107.3009033203125,1070.1,11684,8192,2.0241693058289822,amazon/chronos-2
2011-07-01,2011-07-01,1070.1,58,2011-09-26,1186.0,1009.3189086914062,1052.877685546875,1110.06494140625,1070.1,11684,8192,2.0241693058289822,amazon/chronos-2
2011-07-01,2011-07-01,1070.1,59,2011-09-27,1184.6,1007.0157470703125,1051.61865234375,1108.88134765625,1070.1,11684,8192,2.0241693058289822,amazon/chronos-2
2011-07-01,2011-07-01,1070.1,60,2011-09-28,1179.7,1008.1719970703125,1052.376220703125,1109.003173828125,1070.1,11684,8192,2.0241693058289822,amazon/chronos-2
2012-01-02,2012-01-02,1153.3,1,2012-01-03,1155.5,1141.3056640625,1148.536865234375,1155.4468994140625,1153.3,11811,8192,2.06743183742591,amazon/chronos-2
2012-01-02,2012-01-02,1153.3,2,2012-01-04,1150.9,1139.1015625,1148.410400390625,1159.110107421875,1153.3,11811,8192,2.06743183742591,amazon/chronos-2
2012-01-02,2012-01-02,1153.3,3,2012-01-05,1147.4,1134.4068603515625,1147.71142578125,1161.7965087890625,1153.3,11811,8192,2.06743183742591,amazon/chronos-2
2012-01-02,2012-01-02,1153.3,4,2012-01-06,1150.3,1131.898193359375,1147.199462890625,1163.403564453125,1153.3,11811,8192,2.06743183742591,amazon/chronos-2
2012-01-02,2012-01-02,1153.3,5,2012-01-09,1158.4,1129.28759765625,1146.3714599609375,1166.0860595703125,1153.3,11811,8192,2.06743183742591,amazon/chronos-2
2012-01-02,2012-01-02,1153.3,6,2012-01-10,1164.3,1127.74560546875,1146.906494140625,1168.1297607421875,1153.3,11811,8192,2.06743183742591,amazon/chronos-2
2012-01-02,2012-01-02,1153.3,7,2012-01-11,1156.2,1125.92529296875,1146.8214111328125,1169.9957275390625,1153.3,11811,8192,2.06743183742591,amazon/chronos-2
2012-01-02,2012-01-02,1153.3,8,2012-01-12,1159.4,1123.343505859375,1146.00732421875,1171.2589111328125,1153.3,11811,8192,2.06743183742591,amazon/chronos-2
2012-01-02,2012-01-02,1153.3,9,2012-01-13,1158.8,1121.2596435546875,1145.4163818359375,1172.939697265625,1153.3,11811,8192,2.06743183742591,amazon/chronos-2
2012-01-02,2012-01-02,1153.3,10,2012-01-16,1150.6,1119.52490234375,1146.0576171875,1174.420654296875,1153.3,11811,8192,2.06743183742591,amazon/chronos-2
2012-01-02,2012-01-02,1153.3,11,2012-01-17,1154.0,1116.9725341796875,1144.263916015625,1175.28173828125,1153.3,11811,8192,2.06743183742591,amazon/chronos-2
2012-01-02,2012-01-02,1153.3,12,2012-01-18,1147.0,1115.95068359375,1144.195068359375,1175.391357421875,1153.3,11811,8192,2.06743183742591,amazon/chronos-2
2012-01-02,2012-01-02,1153.3,13,2012-01-19,1143.1,1113.59375,1143.0185546875,1176.0496826171875,1153.3,11811,8192,2.06743183742591,amazon/chronos-2
2012-01-02,2012-01-02,1153.3,14,2012-01-20,1136.4,1110.7098388671875,1143.71435546875,1177.8492431640625,1153.3,11811,8192,2.06743183742591,amazon/chronos-2
2012-01-02,2012-01-02,1153.3,15,2012-01-25,1134.7,1111.7078857421875,1143.5928955078125,1179.7152099609375,1153.3,11811,8192,2.06743183742591,amazon/chronos-2
2012-01-02,2012-01-02,1153.3,16,2012-01-26,1126.3,1111.7293701171875,1143.0194091796875,1179.8602294921875,1153.3,11811,8192,2.06743183742591,amazon/chronos-2
2012-01-02,2012-01-02,1153.3,17,2012-01-27,1121.6,1116.41845703125,1143.259521484375,1180.21826171875,1153.3,11811,8192,2.06743183742591,amazon/chronos-2
2012-01-02,2012-01-02,1153.3,18,2012-01-30,1123.8,1111.1331787109375,1141.7060546875,1181.85107421875,1153.3,11811,8192,2.06743183742591,amazon/chronos-2
2012-01-02,2012-01-02,1153.3,19,2012-01-31,1125.0,1109.4638671875,1141.3807373046875,1183.533935546875,1153.3,11811,8192,2.06743183742591,amazon/chronos-2
2012-01-02,2012-01-02,1153.3,20,2012-02-01,1125.8,1109.961669921875,1141.263671875,1185.930419921875,1153.3,11811,8192,2.06743183742591,amazon/chronos-2
2012-01-02,2012-01-02,1153.3,21,2012-02-02,1126.4,1107.8651123046875,1140.639892578125,1186.439208984375,1153.3,11811,8192,2.06743183742591,amazon/chronos-2
2012-01-02,2012-01-02,1153.3,22,2012-02-03,1118.5,1106.2646484375,1140.2052001953125,1187.3013916015625,1153.3,11811,8192,2.06743183742591,amazon/chronos-2
2012-01-02,2012-01-02,1153.3,23,2012-02-06,1118.9,1104.58056640625,1140.248291015625,1188.0291748046875,1153.3,11811,8192,2.06743183742591,amazon/chronos-2
2012-01-02,2012-01-02,1153.3,24,2012-02-07,1119.9,1102.95068359375,1139.4022216796875,1188.779541015625,1153.3,11811,8192,2.06743183742591,amazon/chronos-2
2012-01-02,2012-01-02,1153.3,25,2012-02-08,1121.5,1100.305419921875,1138.572021484375,1190.807373046875,1153.3,11811,8192,2.06743183742591,amazon/chronos-2
2012-01-02,2012-01-02,1153.3,26,2012-02-09,1116.7,1098.80517578125,1139.2735595703125,1190.5101318359375,1153.3,11811,8192,2.06743183742591,amazon/chronos-2
2012-01-02,2012-01-02,1153.3,27,2012-02-10,1118.1,1095.8319091796875,1137.9638671875,1191.56298828125,1153.3,11811,8192,2.06743183742591,amazon/chronos-2
2012-01-02,2012-01-02,1153.3,28,2012-02-13,1121.2,1096.0848388671875,1137.724609375,1193.0289306640625,1153.3,11811,8192,2.06743183742591,amazon/chronos-2
2012-01-02,2012-01-02,1153.3,29,2012-02-14,1123.2,1094.3648681640625,1136.6319580078125,1193.407958984375,1153.3,11811,8192,2.06743183742591,amazon/chronos-2
2012-01-02,2012-01-02,1153.3,30,2012-02-15,1123.6,1090.567138671875,1136.9666748046875,1194.24072265625,1153.3,11811,8192,2.06743183742591,amazon/chronos-2
2012-01-02,2012-01-02,1153.3,31,2012-02-16,1123.1,1092.926513671875,1136.51171875,1194.66552734375,1153.3,11811,8192,2.06743183742591,amazon/chronos-2
2012-01-02,2012-01-02,1153.3,32,2012-02-17,1127.8,1092.348876953125,1136.336181640625,1195.7437744140625,1153.3,11811,8192,2.06743183742591,amazon/chronos-2
2012-01-02,2012-01-02,1153.3,33,2012-02-20,1124.4,1095.8143310546875,1138.4053955078125,1199.9869384765625,1153.3,11811,8192,2.06743183742591,amazon/chronos-2
2012-01-02,2012-01-02,1153.3,34,2012-02-21,1122.7,1093.5908203125,1136.8636474609375,1200.2376708984375,1153.3,11811,8192,2.06743183742591,amazon/chronos-2
2012-01-02,2012-01-02,1153.3,35,2012-02-22,1124.3,1091.110595703125,1137.015625,1201.3916015625,1153.3,11811,8192,2.06743183742591,amazon/chronos-2
2012-01-02,2012-01-02,1153.3,36,2012-02-23,1126.3,1091.988037109375,1137.13134765625,1204.941162109375,1153.3,11811,8192,2.06743183742591,amazon/chronos-2
2012-01-02,2012-01-02,1153.3,37,2012-02-24,1128.3,1090.5621337890625,1135.9949951171875,1202.1688232421875,1153.3,11811,8192,2.06743183742591,amazon/chronos-2
2012-01-02,2012-01-02,1153.3,38,2012-02-27,1124.7,1090.491455078125,1135.739990234375,1204.612548828125,1153.3,11811,8192,2.06743183742591,amazon/chronos-2
2012-01-02,2012-01-02,1153.3,39,2012-02-28,1128.4,1088.552734375,1135.62646484375,1204.8062744140625,1153.3,11811,8192,2.06743183742591,amazon/chronos-2
2012-01-02,2012-01-02,1153.3,40,2012-02-29,1126.5,1087.2044677734375,1135.016845703125,1205.004638671875,1153.3,11811,8192,2.06743183742591,amazon/chronos-2
2012-01-02,2012-01-02,1153.3,41,2012-03-02,1120.1,1083.969482421875,1133.94140625,1207.302001953125,1153.3,11811,8192,2.06743183742591,amazon/chronos-2
2012-01-02,2012-01-02,1153.3,42,2012-03-05,1114.5,1082.960205078125,1134.8851318359375,1205.3958740234375,1153.3,11811,8192,2.06743183742591,amazon/chronos-2
2012-01-02,2012-01-02,1153.3,43,2012-03-06,1118.4,1079.40234375,1133.332763671875,1206.04541015625,1153.3,11811,8192,2.06743183742591,amazon/chronos-2
2012-01-02,2012-01-02,1153.3,44,2012-03-07,1120.3,1080.13916015625,1132.9200439453125,1208.1959228515625,1153.3,11811,8192,2.06743183742591,amazon/chronos-2
2012-01-02,2012-01-02,1153.3,45,2012-03-08,1126.4,1078.62646484375,1131.419189453125,1208.2666015625,1153.3,11811,8192,2.06743183742591,amazon/chronos-2
2012-01-02,2012-01-02,1153.3,46,2012-03-09,1119.8,1076.4749755859375,1131.224853515625,1208.473388671875,1153.3,11811,8192,2.06743183742591,amazon/chronos-2
2012-01-02,2012-01-02,1153.3,47,2012-03-12,1116.1,1076.256591796875,1130.51513671875,1207.100341796875,1153.3,11811,8192,2.06743183742591,amazon/chronos-2
2012-01-02,2012-01-02,1153.3,48,2012-03-13,1122.1,1076.098388671875,1131.433837890625,1209.343505859375,1153.3,11811,8192,2.06743183742591,amazon/chronos-2
2012-01-02,2012-01-02,1153.3,49,2012-03-14,1121.5,1077.51806640625,1132.984375,1214.9984130859375,1153.3,11811,8192,2.06743183742591,amazon/chronos-2
2012-01-02,2012-01-02,1153.3,50,2012-03-15,1123.8,1075.8189697265625,1132.5347900390625,1214.6424560546875,1153.3,11811,8192,2.06743183742591,amazon/chronos-2
2012-01-02,2012-01-02,1153.3,51,2012-03-16,1129.1,1075.4051513671875,1132.7452392578125,1214.495849609375,1153.3,11811,8192,2.06743183742591,amazon/chronos-2
2012-01-02,2012-01-02,1153.3,52,2012-03-19,1124.4,1076.635498046875,1132.926513671875,1219.186767578125,1153.3,11811,8192,2.06743183742591,amazon/chronos-2
2012-01-02,2012-01-02,1153.3,53,2012-03-20,1123.0,1072.1505126953125,1130.662841796875,1214.63916015625,1153.3,11811,8192,2.06743183742591,amazon/chronos-2
2012-01-02,2012-01-02,1153.3,54,2012-03-21,1123.1,1073.6612548828125,1131.454833984375,1218.324951171875,1153.3,11811,8192,2.06743183742591,amazon/chronos-2
2012-01-02,2012-01-02,1153.3,55,2012-03-22,1127.4,1072.551513671875,1130.7177734375,1218.625,1153.3,11811,8192,2.06743183742591,amazon/chronos-2
2012-01-02,2012-01-02,1153.3,56,2012-03-23,1130.3,1071.65234375,1130.3466796875,1217.6683349609375,1153.3,11811,8192,2.06743183742591,amazon/chronos-2
2012-01-02,2012-01-02,1153.3,57,2012-03-26,1133.8,1068.3758544921875,1128.8837890625,1219.1923828125,1153.3,11811,8192,2.06743183742591,amazon/chronos-2
2012-01-02,2012-01-02,1153.3,58,2012-03-27,1138.1,1068.45458984375,1129.6724853515625,1216.724609375,1153.3,11811,8192,2.06743183742591,amazon/chronos-2
2012-01-02,2012-01-02,1153.3,59,2012-03-28,1136.8,1064.574951171875,1128.1898193359375,1217.35546875,1153.3,11811,8192,2.06743183742591,amazon/chronos-2
2012-01-02,2012-01-02,1153.3,60,2012-03-29,1137.2,1065.63720703125,1128.00927734375,1220.120849609375,1153.3,11811,8192,2.06743183742591,amazon/chronos-2
2012-07-01,2012-06-29,1153.8,1,2012-07-02,1151.9,1146.7655029296875,1153.1925048828125,1159.65087890625,1153.8,11933,8192,2.0820541401273887,amazon/chronos-2
2012-07-01,2012-06-29,1153.8,2,2012-07-03,1143.7,1145.2894287109375,1152.834716796875,1160.9190673828125,1153.8,11933,8192,2.0820541401273887,amazon/chronos-2
2012-07-01,2012-06-29,1153.8,3,2012-07-04,1141.6,1143.870361328125,1152.415283203125,1161.325927734375,1153.8,11933,8192,2.0820541401273887,amazon/chronos-2
2012-07-01,2012-06-29,1153.8,4,2012-07-05,1135.3,1141.7811279296875,1151.7596435546875,1161.24169921875,1153.8,11933,8192,2.0820541401273887,amazon/chronos-2
2012-07-01,2012-06-29,1153.8,5,2012-07-06,1136.5,1140.651611328125,1150.774658203125,1162.10107421875,1153.8,11933,8192,2.0820541401273887,amazon/chronos-2
2012-07-01,2012-06-29,1153.8,6,2012-07-09,1138.4,1139.820068359375,1151.4931640625,1163.391845703125,1153.8,11933,8192,2.0820541401273887,amazon/chronos-2
2012-07-01,2012-06-29,1153.8,7,2012-07-10,1142.4,1139.029052734375,1151.32080078125,1163.9827880859375,1153.8,11933,8192,2.0820541401273887,amazon/chronos-2
2012-07-01,2012-06-29,1153.8,8,2012-07-11,1143.1,1136.98779296875,1150.77294921875,1164.67529296875,1153.8,11933,8192,2.0820541401273887,amazon/chronos-2
2012-07-01,2012-06-29,1153.8,9,2012-07-12,1144.1,1136.2392578125,1150.17626953125,1165.2467041015625,1153.8,11933,8192,2.0820541401273887,amazon/chronos-2
2012-07-01,2012-06-29,1153.8,10,2012-07-13,1145.8,1134.8519287109375,1150.6295166015625,1167.0643310546875,1153.8,11933,8192,2.0820541401273887,amazon/chronos-2
2012-07-01,2012-06-29,1153.8,11,2012-07-16,1151.4,1134.1998291015625,1149.268310546875,1168.029541015625,1153.8,11933,8192,2.0820541401273887,amazon/chronos-2
2012-07-01,2012-06-29,1153.8,12,2012-07-17,1147.6,1132.8812255859375,1149.6053466796875,1166.7860107421875,1153.8,11933,8192,2.0820541401273887,amazon/chronos-2
2012-07-01,2012-06-29,1153.8,13,2012-07-18,1143.5,1130.6400146484375,1148.37255859375,1166.6083984375,1153.8,11933,8192,2.0820541401273887,amazon/chronos-2
2012-07-01,2012-06-29,1153.8,14,2012-07-19,1140.2,1131.0843505859375,1149.102294921875,1167.3367919921875,1153.8,11933,8192,2.0820541401273887,amazon/chronos-2
2012-07-01,2012-06-29,1153.8,15,2012-07-20,1138.6,1129.755615234375,1148.88671875,1170.538330078125,1153.8,11933,8192,2.0820541401273887,amazon/chronos-2
2012-07-01,2012-06-29,1153.8,16,2012-07-23,1140.7,1129.5947265625,1149.211669921875,1170.05908203125,1153.8,11933,8192,2.0820541401273887,amazon/chronos-2
2012-07-01,2012-06-29,1153.8,17,2012-07-24,1146.9,1132.2701416015625,1150.7596435546875,1171.29931640625,1153.8,11933,8192,2.0820541401273887,amazon/chronos-2
2012-07-01,2012-06-29,1153.8,18,2012-07-25,1148.1,1131.1702880859375,1150.1922607421875,1172.06884765625,1153.8,11933,8192,2.0820541401273887,amazon/chronos-2
2012-07-01,2012-06-29,1153.8,19,2012-07-26,1150.9,1129.083251953125,1149.9066162109375,1172.604736328125,1153.8,11933,8192,2.0820541401273887,amazon/chronos-2
2012-07-01,2012-06-29,1153.8,20,2012-07-27,1147.2,1128.7979736328125,1149.435302734375,1173.100341796875,1153.8,11933,8192,2.0820541401273887,amazon/chronos-2
2012-07-01,2012-06-29,1153.8,21,2012-07-30,1139.9,1127.27490234375,1148.62744140625,1174.0869140625,1153.8,11933,8192,2.0820541401273887,amazon/chronos-2
2012-07-01,2012-06-29,1153.8,22,2012-07-31,1136.2,1126.576416015625,1149.1248779296875,1174.3658447265625,1153.8,11933,8192,2.0820541401273887,amazon/chronos-2
2012-07-01,2012-06-29,1153.8,23,2012-08-01,1133.2,1125.8643798828125,1149.1116943359375,1175.282958984375,1153.8,11933,8192,2.0820541401273887,amazon/chronos-2
2012-07-01,2012-06-29,1153.8,24,2012-08-02,1127.6,1124.240234375,1148.550537109375,1175.8211669921875,1153.8,11933,8192,2.0820541401273887,amazon/chronos-2
2012-07-01,2012-06-29,1153.8,25,2012-08-03,1130.4,1123.8177490234375,1147.913818359375,1176.634033203125,1153.8,11933,8192,2.0820541401273887,amazon/chronos-2
2012-07-01,2012-06-29,1153.8,26,2012-08-06,1135.6,1122.539306640625,1148.59716796875,1178.3935546875,1153.8,11933,8192,2.0820541401273887,amazon/chronos-2
2012-07-01,2012-06-29,1153.8,27,2012-08-07,1126.5,1121.4932861328125,1147.083984375,1178.532958984375,1153.8,11933,8192,2.0820541401273887,amazon/chronos-2
2012-07-01,2012-06-29,1153.8,28,2012-08-08,1127.3,1120.15869140625,1147.2991943359375,1177.550537109375,1153.8,11933,8192,2.0820541401273887,amazon/chronos-2
2012-07-01,2012-06-29,1153.8,29,2012-08-09,1128.0,1118.299560546875,1146.51171875,1177.6556396484375,1153.8,11933,8192,2.0820541401273887,amazon/chronos-2
2012-07-01,2012-06-29,1153.8,30,2012-08-10,1126.2,1117.50537109375,1147.1468505859375,1177.4063720703125,1153.8,11933,8192,2.0820541401273887,amazon/chronos-2
2012-07-01,2012-06-29,1153.8,31,2012-08-13,1128.1,1117.99951171875,1147.0137939453125,1181.28515625,1153.8,11933,8192,2.0820541401273887,amazon/chronos-2
2012-07-01,2012-06-29,1153.8,32,2012-08-14,1131.2,1118.4656982421875,1146.9769287109375,1180.5078125,1153.8,11933,8192,2.0820541401273887,amazon/chronos-2
2012-07-01,2012-06-29,1153.8,33,2012-08-16,1129.3,1120.18310546875,1149.350341796875,1184.0537109375,1153.8,11933,8192,2.0820541401273887,amazon/chronos-2
2012-07-01,2012-06-29,1153.8,34,2012-08-17,1133.1,1117.00390625,1148.2235107421875,1184.7620849609375,1153.8,11933,8192,2.0820541401273887,amazon/chronos-2
2012-07-01,2012-06-29,1153.8,35,2012-08-20,1133.3,1115.973388671875,1148.126220703125,1185.52685546875,1153.8,11933,8192,2.0820541401273887,amazon/chronos-2
2012-07-01,2012-06-29,1153.8,36,2012-08-21,1135.5,1117.2401123046875,1147.788330078125,1186.237548828125,1153.8,11933,8192,2.0820541401273887,amazon/chronos-2
2012-07-01,2012-06-29,1153.8,37,2012-08-22,1132.5,1115.6392822265625,1147.3861083984375,1186.9287109375,1153.8,11933,8192,2.0820541401273887,amazon/chronos-2
2012-07-01,2012-06-29,1153.8,38,2012-08-23,1133.5,1114.482666015625,1147.381103515625,1186.583984375,1153.8,11933,8192,2.0820541401273887,amazon/chronos-2
2012-07-01,2012-06-29,1153.8,39,2012-08-24,1130.8,1113.7054443359375,1147.5615234375,1187.2962646484375,1153.8,11933,8192,2.0820541401273887,amazon/chronos-2
2012-07-01,2012-06-29,1153.8,40,2012-08-27,1133.7,1112.4111328125,1146.9613037109375,1187.6641845703125,1153.8,11933,8192,2.0820541401273887,amazon/chronos-2
2012-07-01,2012-06-29,1153.8,41,2012-08-28,1135.6,1111.3427734375,1146.276611328125,1188.9422607421875,1153.8,11933,8192,2.0820541401273887,amazon/chronos-2
2012-07-01,2012-06-29,1153.8,42,2012-08-29,1137.2,1110.2808837890625,1146.938720703125,1189.24853515625,1153.8,11933,8192,2.0820541401273887,amazon/chronos-2
2012-07-01,2012-06-29,1153.8,43,2012-08-30,1134.0,1108.5384521484375,1145.506591796875,1189.4766845703125,1153.8,11933,8192,2.0820541401273887,amazon/chronos-2
2012-07-01,2012-06-29,1153.8,44,2012-08-31,1134.6,1107.8714599609375,1145.403076171875,1189.0064697265625,1153.8,11933,8192,2.0820541401273887,amazon/chronos-2
2012-07-01,2012-06-29,1153.8,45,2012-09-03,1134.4,1106.5435791015625,1144.65869140625,1188.9881591796875,1153.8,11933,8192,2.0820541401273887,amazon/chronos-2
2012-07-01,2012-06-29,1153.8,46,2012-09-04,1131.8,1104.926025390625,1145.2310791015625,1188.04150390625,1153.8,11933,8192,2.0820541401273887,amazon/chronos-2
2012-07-01,2012-06-29,1153.8,47,2012-09-05,1131.8,1106.45947265625,1144.819091796875,1191.2762451171875,1153.8,11933,8192,2.0820541401273887,amazon/chronos-2
2012-07-01,2012-06-29,1153.8,48,2012-09-06,1135.0,1107.4808349609375,1144.587646484375,1190.9158935546875,1153.8,11933,8192,2.0820541401273887,amazon/chronos-2
2012-07-01,2012-06-29,1153.8,49,2012-09-07,1134.6,1109.4200439453125,1146.8580322265625,1193.179931640625,1153.8,11933,8192,2.0820541401273887,amazon/chronos-2
2012-07-01,2012-06-29,1153.8,50,2012-09-10,1130.5,1105.350341796875,1145.41455078125,1194.1878662109375,1153.8,11933,8192,2.0820541401273887,amazon/chronos-2
2012-07-01,2012-06-29,1153.8,51,2012-09-11,1128.6,1104.961181640625,1145.4322509765625,1195.1962890625,1153.8,11933,8192,2.0820541401273887,amazon/chronos-2
2012-07-01,2012-06-29,1153.8,52,2012-09-12,1129.3,1105.8818359375,1145.284423828125,1196.1553955078125,1153.8,11933,8192,2.0820541401273887,amazon/chronos-2
2012-07-01,2012-06-29,1153.8,53,2012-09-13,1126.2,1104.771484375,1144.5198974609375,1195.852783203125,1153.8,11933,8192,2.0820541401273887,amazon/chronos-2
2012-07-01,2012-06-29,1153.8,54,2012-09-14,1127.8,1104.42138671875,1145.0029296875,1196.497314453125,1153.8,11933,8192,2.0820541401273887,amazon/chronos-2
2012-07-01,2012-06-29,1153.8,55,2012-09-17,1120.4,1103.5745849609375,1145.15478515625,1197.070068359375,1153.8,11933,8192,2.0820541401273887,amazon/chronos-2
2012-07-01,2012-06-29,1153.8,56,2012-09-18,1115.0,1102.158935546875,1144.68408203125,1197.560302734375,1153.8,11933,8192,2.0820541401273887,amazon/chronos-2
2012-07-01,2012-06-29,1153.8,57,2012-09-19,1117.7,1100.3526611328125,1143.8876953125,1199.5531005859375,1153.8,11933,8192,2.0820541401273887,amazon/chronos-2
2012-07-01,2012-06-29,1153.8,58,2012-09-20,1117.1,1099.613525390625,1144.8592529296875,1199.313720703125,1153.8,11933,8192,2.0820541401273887,amazon/chronos-2
2012-07-01,2012-06-29,1153.8,59,2012-09-21,1118.2,1097.7236328125,1143.71142578125,1200.006103515625,1153.8,11933,8192,2.0820541401273887,amazon/chronos-2
2012-07-01,2012-06-29,1153.8,60,2012-09-24,1119.4,1097.696533203125,1143.5819091796875,1200.548828125,1153.8,11933,8192,2.0820541401273887,amazon/chronos-2
2013-01-02,2013-01-02,1071.1,1,2013-01-03,1064.7,1065.4014892578125,1069.74072265625,1073.8505859375,1071.1,12060,8192,2.0831884899245376,amazon/chronos-2
2013-01-02,2013-01-02,1071.1,2,2013-01-04,1063.8,1064.62353515625,1069.201904296875,1074.041015625,1071.1,12060,8192,2.0831884899245376,amazon/chronos-2
2013-01-02,2013-01-02,1071.1,3,2013-01-07,1064.1,1063.704345703125,1068.5120849609375,1073.6787109375,1071.1,12060,8192,2.0831884899245376,amazon/chronos-2
2013-01-02,2013-01-02,1071.1,4,2013-01-08,1063.4,1061.7919921875,1067.7218017578125,1072.4111328125,1071.1,12060,8192,2.0831884899245376,amazon/chronos-2
2013-01-02,2013-01-02,1071.1,5,2013-01-09,1063.2,1061.5958251953125,1066.822998046875,1072.834228515625,1071.1,12060,8192,2.0831884899245376,amazon/chronos-2
2013-01-02,2013-01-02,1071.1,6,2013-01-10,1062.1,1060.3236083984375,1066.6663818359375,1072.67431640625,1071.1,12060,8192,2.0831884899245376,amazon/chronos-2
2013-01-02,2013-01-02,1071.1,7,2013-01-11,1061.0,1059.7109375,1065.7039794921875,1071.96484375,1071.1,12060,8192,2.0831884899245376,amazon/chronos-2
2013-01-02,2013-01-02,1071.1,8,2013-01-14,1056.5,1058.563720703125,1065.01513671875,1071.95654296875,1071.1,12060,8192,2.0831884899245376,amazon/chronos-2
2013-01-02,2013-01-02,1071.1,9,2013-01-15,1056.1,1057.5322265625,1064.5399169921875,1071.94189453125,1071.1,12060,8192,2.0831884899245376,amazon/chronos-2
2013-01-02,2013-01-02,1071.1,10,2013-01-16,1055.4,1056.3470458984375,1064.465087890625,1072.1734619140625,1071.1,12060,8192,2.0831884899245376,amazon/chronos-2
2013-01-02,2013-01-02,1071.1,11,2013-01-17,1058.9,1055.6202392578125,1063.5401611328125,1072.210205078125,1071.1,12060,8192,2.0831884899245376,amazon/chronos-2
2013-01-02,2013-01-02,1071.1,12,2013-01-18,1058.2,1055.2635498046875,1063.091064453125,1071.367431640625,1071.1,12060,8192,2.0831884899245376,amazon/chronos-2
2013-01-02,2013-01-02,1071.1,13,2013-01-21,1056.1,1053.7969970703125,1062.439697265625,1071.2762451171875,1071.1,12060,8192,2.0831884899245376,amazon/chronos-2
2013-01-02,2013-01-02,1071.1,14,2013-01-22,1060.0,1053.40966796875,1062.110107421875,1071.0093994140625,1071.1,12060,8192,2.0831884899245376,amazon/chronos-2
2013-01-02,2013-01-02,1071.1,15,2013-01-23,1064.4,1052.3433837890625,1061.2608642578125,1071.66259765625,1071.1,12060,8192,2.0831884899245376,amazon/chronos-2
2013-01-02,2013-01-02,1071.1,16,2013-01-24,1065.4,1051.8194580078125,1061.3538818359375,1072.2178955078125,1071.1,12060,8192,2.0831884899245376,amazon/chronos-2
2013-01-02,2013-01-02,1071.1,17,2013-01-25,1068.4,1052.1378173828125,1062.332275390625,1074.2474365234375,1071.1,12060,8192,2.0831884899245376,amazon/chronos-2
2013-01-02,2013-01-02,1071.1,18,2013-01-28,1071.8,1050.4249267578125,1061.40771484375,1073.79638671875,1071.1,12060,8192,2.0831884899245376,amazon/chronos-2
2013-01-02,2013-01-02,1071.1,19,2013-01-29,1082.5,1050.6446533203125,1061.5469970703125,1074.063232421875,1071.1,12060,8192,2.0831884899245376,amazon/chronos-2
2013-01-02,2013-01-02,1071.1,20,2013-01-30,1088.0,1049.26611328125,1060.5750732421875,1073.0426025390625,1071.1,12060,8192,2.0831884899245376,amazon/chronos-2
2013-01-02,2013-01-02,1071.1,21,2013-01-31,1082.7,1048.98046875,1059.8306884765625,1074.5948486328125,1071.1,12060,8192,2.0831884899245376,amazon/chronos-2
2013-01-02,2013-01-02,1071.1,22,2013-02-01,1088.9,1048.082763671875,1059.5272216796875,1074.254638671875,1071.1,12060,8192,2.0831884899245376,amazon/chronos-2
2013-01-02,2013-01-02,1071.1,23,2013-02-04,1092.9,1047.9146728515625,1059.1533203125,1074.0015869140625,1071.1,12060,8192,2.0831884899245376,amazon/chronos-2
2013-01-02,2013-01-02,1071.1,24,2013-02-05,1089.0,1046.5811767578125,1058.1451416015625,1073.6998291015625,1071.1,12060,8192,2.0831884899245376,amazon/chronos-2
2013-01-02,2013-01-02,1071.1,25,2013-02-06,1086.8,1045.975341796875,1058.1961669921875,1074.2794189453125,1071.1,12060,8192,2.0831884899245376,amazon/chronos-2
2013-01-02,2013-01-02,1071.1,26,2013-02-07,1088.8,1044.78076171875,1058.4296875,1075.36279296875,1071.1,12060,8192,2.0831884899245376,amazon/chronos-2
2013-01-02,2013-01-02,1071.1,27,2013-02-08,1089.3,1044.042724609375,1057.2479248046875,1075.65380859375,1071.1,12060,8192,2.0831884899245376,amazon/chronos-2
2013-01-02,2013-01-02,1071.1,28,2013-02-12,1093.8,1043.570556640625,1056.617919921875,1074.128173828125,1071.1,12060,8192,2.0831884899245376,amazon/chronos-2
2013-01-02,2013-01-02,1071.1,29,2013-02-13,1094.2,1041.885009765625,1056.23583984375,1074.458984375,1071.1,12060,8192,2.0831884899245376,amazon/chronos-2
2013-01-02,2013-01-02,1071.1,30,2013-02-14,1086.4,1041.70361328125,1055.801025390625,1074.149169921875,1071.1,12060,8192,2.0831884899245376,amazon/chronos-2
2013-01-02,2013-01-02,1071.1,31,2013-02-15,1084.7,1041.4766845703125,1055.6490478515625,1077.444091796875,1071.1,12060,8192,2.0831884899245376,amazon/chronos-2
2013-01-02,2013-01-02,1071.1,32,2013-02-18,1079.0,1041.040283203125,1055.4923095703125,1075.100830078125,1071.1,12060,8192,2.0831884899245376,amazon/chronos-2
2013-01-02,2013-01-02,1071.1,33,2013-02-19,1082.6,1039.1588134765625,1054.812255859375,1078.5792236328125,1071.1,12060,8192,2.0831884899245376,amazon/chronos-2
2013-01-02,2013-01-02,1071.1,34,2013-02-20,1081.4,1038.271728515625,1053.634033203125,1078.6951904296875,1071.1,12060,8192,2.0831884899245376,amazon/chronos-2
2013-01-02,2013-01-02,1071.1,35,2013-02-21,1077.8,1036.6246337890625,1053.508056640625,1079.2508544921875,1071.1,12060,8192,2.0831884899245376,amazon/chronos-2
2013-01-02,2013-01-02,1071.1,36,2013-02-22,1084.1,1035.977294921875,1052.5582275390625,1078.72021484375,1071.1,12060,8192,2.0831884899245376,amazon/chronos-2
2013-01-02,2013-01-02,1071.1,37,2013-02-25,1086.4,1034.821533203125,1051.8448486328125,1081.409912109375,1071.1,12060,8192,2.0831884899245376,amazon/chronos-2
2013-01-02,2013-01-02,1071.1,38,2013-02-26,1087.4,1034.8603515625,1051.7965087890625,1080.8458251953125,1071.1,12060,8192,2.0831884899245376,amazon/chronos-2
2013-01-02,2013-01-02,1071.1,39,2013-02-27,1088.0,1034.408203125,1051.530517578125,1080.289306640625,1071.1,12060,8192,2.0831884899245376,amazon/chronos-2
2013-01-02,2013-01-02,1071.1,40,2013-02-28,1085.4,1033.2325439453125,1050.48291015625,1079.77783203125,1071.1,12060,8192,2.0831884899245376,amazon/chronos-2
2013-01-02,2013-01-02,1071.1,41,2013-03-04,1081.9,1032.3507080078125,1050.6171875,1080.7322998046875,1071.1,12060,8192,2.0831884899245376,amazon/chronos-2
2013-01-02,2013-01-02,1071.1,42,2013-03-05,1091.4,1031.1025390625,1050.0257568359375,1083.9656982421875,1071.1,12060,8192,2.0831884899245376,amazon/chronos-2
2013-01-02,2013-01-02,1071.1,43,2013-03-06,1087.0,1029.2314453125,1048.9295654296875,1085.1600341796875,1071.1,12060,8192,2.0831884899245376,amazon/chronos-2
2013-01-02,2013-01-02,1071.1,44,2013-03-07,1083.6,1028.5509033203125,1048.6578369140625,1085.111572265625,1071.1,12060,8192,2.0831884899245376,amazon/chronos-2
2013-01-02,2013-01-02,1071.1,45,2013-03-08,1086.4,1026.8817138671875,1048.5615234375,1086.9979248046875,1071.1,12060,8192,2.0831884899245376,amazon/chronos-2
2013-01-02,2013-01-02,1071.1,46,2013-03-11,1090.3,1027.441650390625,1048.1998291015625,1088.790283203125,1071.1,12060,8192,2.0831884899245376,amazon/chronos-2
2013-01-02,2013-01-02,1071.1,47,2013-03-12,1098.3,1025.757080078125,1047.977294921875,1091.9190673828125,1071.1,12060,8192,2.0831884899245376,amazon/chronos-2
2013-01-02,2013-01-02,1071.1,48,2013-03-13,1095.0,1026.116943359375,1047.8660888671875,1089.0513916015625,1071.1,12060,8192,2.0831884899245376,amazon/chronos-2
2013-01-02,2013-01-02,1071.1,49,2013-03-14,1097.5,1026.302490234375,1047.39794921875,1095.6351318359375,1071.1,12060,8192,2.0831884899245376,amazon/chronos-2
2013-01-02,2013-01-02,1071.1,50,2013-03-15,1105.0,1026.4119873046875,1047.062744140625,1098.9600830078125,1071.1,12060,8192,2.0831884899245376,amazon/chronos-2
2013-01-02,2013-01-02,1071.1,51,2013-03-18,1109.9,1022.80712890625,1046.5716552734375,1101.8192138671875,1071.1,12060,8192,2.0831884899245376,amazon/chronos-2
2013-01-02,2013-01-02,1071.1,52,2013-03-19,1114.8,1023.6386108398438,1046.081787109375,1101.771484375,1071.1,12060,8192,2.0831884899245376,amazon/chronos-2
2013-01-02,2013-01-02,1071.1,53,2013-03-20,1110.2,1020.652099609375,1045.3087158203125,1106.59814453125,1071.1,12060,8192,2.0831884899245376,amazon/chronos-2
2013-01-02,2013-01-02,1071.1,54,2013-03-21,1117.5,1021.7589721679688,1045.612548828125,1106.203369140625,1071.1,12060,8192,2.0831884899245376,amazon/chronos-2
2013-01-02,2013-01-02,1071.1,55,2013-03-22,1116.2,1020.5919189453125,1045.0986328125,1106.6798095703125,1071.1,12060,8192,2.0831884899245376,amazon/chronos-2
2013-01-02,2013-01-02,1071.1,56,2013-03-25,1117.2,1019.5911865234375,1044.303466796875,1111.1331787109375,1071.1,12060,8192,2.0831884899245376,amazon/chronos-2
2013-01-02,2013-01-02,1071.1,57,2013-03-26,1112.5,1019.9102783203125,1044.8033447265625,1115.9534912109375,1071.1,12060,8192,2.0831884899245376,amazon/chronos-2
2013-01-02,2013-01-02,1071.1,58,2013-03-27,1107.9,1018.16162109375,1043.7987060546875,1119.123291015625,1071.1,12060,8192,2.0831884899245376,amazon/chronos-2
2013-01-02,2013-01-02,1071.1,59,2013-03-28,1109.2,1015.9683837890625,1043.226806640625,1121.28662109375,1071.1,12060,8192,2.0831884899245376,amazon/chronos-2
2013-01-02,2013-01-02,1071.1,60,2013-03-29,1112.1,1014.3190307617188,1043.0325927734375,1124.6668701171875,1071.1,12060,8192,2.0831884899245376,amazon/chronos-2
2013-07-01,2013-07-01,1145.3,1,2013-07-02,1136.9,1134.71630859375,1142.704833984375,1149.3427734375,1145.3,12183,8192,2.102296010507306,amazon/chronos-2
2013-07-01,2013-07-01,1145.3,2,2013-07-03,1132.9,1132.19873046875,1142.5653076171875,1153.0853271484375,1145.3,12183,8192,2.102296010507306,amazon/chronos-2
2013-07-01,2013-07-01,1145.3,3,2013-07-04,1140.6,1128.433837890625,1142.258544921875,1155.8331298828125,1145.3,12183,8192,2.102296010507306,amazon/chronos-2
2013-07-01,2013-07-01,1145.3,4,2013-07-05,1140.2,1126.3863525390625,1141.8853759765625,1157.1739501953125,1145.3,12183,8192,2.102296010507306,amazon/chronos-2
2013-07-01,2013-07-01,1145.3,5,2013-07-08,1141.7,1124.113037109375,1141.173583984375,1159.081298828125,1145.3,12183,8192,2.102296010507306,amazon/chronos-2
2013-07-01,2013-07-01,1145.3,6,2013-07-09,1151.4,1122.607421875,1141.4150390625,1160.482177734375,1145.3,12183,8192,2.102296010507306,amazon/chronos-2
2013-07-01,2013-07-01,1145.3,7,2013-07-10,1144.7,1120.9388427734375,1141.19091796875,1161.820068359375,1145.3,12183,8192,2.102296010507306,amazon/chronos-2
2013-07-01,2013-07-01,1145.3,8,2013-07-11,1138.8,1118.7645263671875,1140.386474609375,1162.6099853515625,1145.3,12183,8192,2.102296010507306,amazon/chronos-2
2013-07-01,2013-07-01,1145.3,9,2013-07-12,1124.9,1116.7283935546875,1139.48486328125,1163.815185546875,1145.3,12183,8192,2.102296010507306,amazon/chronos-2
2013-07-01,2013-07-01,1145.3,10,2013-07-15,1122.3,1114.9449462890625,1140.0023193359375,1165.2664794921875,1145.3,12183,8192,2.102296010507306,amazon/chronos-2
2013-07-01,2013-07-01,1145.3,11,2013-07-16,1122.6,1112.419677734375,1138.1300048828125,1166.0777587890625,1145.3,12183,8192,2.102296010507306,amazon/chronos-2
2013-07-01,2013-07-01,1145.3,12,2013-07-17,1119.0,1111.545166015625,1137.93310546875,1164.781494140625,1145.3,12183,8192,2.102296010507306,amazon/chronos-2
2013-07-01,2013-07-01,1145.3,13,2013-07-18,1118.1,1109.7611083984375,1137.33642578125,1165.10009765625,1145.3,12183,8192,2.102296010507306,amazon/chronos-2
2013-07-01,2013-07-01,1145.3,14,2013-07-19,1122.3,1107.1220703125,1137.34521484375,1165.68798828125,1145.3,12183,8192,2.102296010507306,amazon/chronos-2
2013-07-01,2013-07-01,1145.3,15,2013-07-22,1123.5,1107.8529052734375,1136.740966796875,1168.228515625,1145.3,12183,8192,2.102296010507306,amazon/chronos-2
2013-07-01,2013-07-01,1145.3,16,2013-07-23,1118.5,1107.6282958984375,1136.6112060546875,1167.5037841796875,1145.3,12183,8192,2.102296010507306,amazon/chronos-2
2013-07-01,2013-07-01,1145.3,17,2013-07-24,1116.5,1111.4361572265625,1137.2845458984375,1172.7613525390625,1145.3,12183,8192,2.102296010507306,amazon/chronos-2
2013-07-01,2013-07-01,1145.3,18,2013-07-25,1114.1,1106.8275146484375,1136.2286376953125,1174.532470703125,1145.3,12183,8192,2.102296010507306,amazon/chronos-2
2013-07-01,2013-07-01,1145.3,19,2013-07-26,1117.3,1105.474853515625,1136.0032958984375,1175.68408203125,1145.3,12183,8192,2.102296010507306,amazon/chronos-2
2013-07-01,2013-07-01,1145.3,20,2013-07-29,1111.7,1105.49560546875,1135.8775634765625,1177.174560546875,1145.3,12183,8192,2.102296010507306,amazon/chronos-2
2013-07-01,2013-07-01,1145.3,21,2013-07-30,1109.4,1103.86181640625,1134.68701171875,1177.517333984375,1145.3,12183,8192,2.102296010507306,amazon/chronos-2
2013-07-01,2013-07-01,1145.3,22,2013-07-31,1113.6,1103.3199462890625,1134.7259521484375,1177.60693359375,1145.3,12183,8192,2.102296010507306,amazon/chronos-2
2013-07-01,2013-07-01,1145.3,23,2013-08-01,1119.6,1102.0830078125,1134.7554931640625,1177.889892578125,1145.3,12183,8192,2.102296010507306,amazon/chronos-2
2013-07-01,2013-07-01,1145.3,24,2013-08-02,1121.4,1100.8370361328125,1134.1873779296875,1178.6510009765625,1145.3,12183,8192,2.102296010507306,amazon/chronos-2
2013-07-01,2013-07-01,1145.3,25,2013-08-05,1125.4,1098.23583984375,1132.9483642578125,1179.929931640625,1145.3,12183,8192,2.102296010507306,amazon/chronos-2
2013-07-01,2013-07-01,1145.3,26,2013-08-06,1116.3,1096.9581298828125,1133.7593994140625,1180.4573974609375,1145.3,12183,8192,2.102296010507306,amazon/chronos-2
2013-07-01,2013-07-01,1145.3,27,2013-08-07,1114.2,1094.2843017578125,1132.22119140625,1180.7882080078125,1145.3,12183,8192,2.102296010507306,amazon/chronos-2
2013-07-01,2013-07-01,1145.3,28,2013-08-08,1117.3,1094.16259765625,1131.6220703125,1180.388427734375,1145.3,12183,8192,2.102296010507306,amazon/chronos-2
2013-07-01,2013-07-01,1145.3,29,2013-08-09,1113.6,1092.177001953125,1130.50341796875,1180.3592529296875,1145.3,12183,8192,2.102296010507306,amazon/chronos-2
2013-07-01,2013-07-01,1145.3,30,2013-08-12,1111.8,1091.560546875,1130.4219970703125,1181.02197265625,1145.3,12183,8192,2.102296010507306,amazon/chronos-2
2013-07-01,2013-07-01,1145.3,31,2013-08-13,1113.0,1091.0299072265625,1130.102783203125,1182.4832763671875,1145.3,12183,8192,2.102296010507306,amazon/chronos-2
2013-07-01,2013-07-01,1145.3,32,2013-08-14,1116.5,1091.583740234375,1130.7757568359375,1182.2696533203125,1145.3,12183,8192,2.102296010507306,amazon/chronos-2
2013-07-01,2013-07-01,1145.3,33,2013-08-16,1119.5,1088.4091796875,1129.1260986328125,1187.0472412109375,1145.3,12183,8192,2.102296010507306,amazon/chronos-2
2013-07-01,2013-07-01,1145.3,34,2013-08-19,1115.0,1087.7139892578125,1129.144287109375,1187.605712890625,1145.3,12183,8192,2.102296010507306,amazon/chronos-2
2013-07-01,2013-07-01,1145.3,35,2013-08-20,1113.7,1086.9619140625,1129.3350830078125,1187.634521484375,1145.3,12183,8192,2.102296010507306,amazon/chronos-2
2013-07-01,2013-07-01,1145.3,36,2013-08-21,1121.9,1086.8359375,1128.703125,1189.3077392578125,1145.3,12183,8192,2.102296010507306,amazon/chronos-2
2013-07-01,2013-07-01,1145.3,37,2013-08-22,1118.1,1083.8480224609375,1126.862060546875,1187.758544921875,1145.3,12183,8192,2.102296010507306,amazon/chronos-2
2013-07-01,2013-07-01,1145.3,38,2013-08-23,1124.3,1086.0501708984375,1127.471923828125,1188.658935546875,1145.3,12183,8192,2.102296010507306,amazon/chronos-2
2013-07-01,2013-07-01,1145.3,39,2013-08-26,1118.2,1085.0970458984375,1127.14453125,1188.1275634765625,1145.3,12183,8192,2.102296010507306,amazon/chronos-2
2013-07-01,2013-07-01,1145.3,40,2013-08-27,1113.0,1083.4840087890625,1126.4259033203125,1188.5224609375,1145.3,12183,8192,2.102296010507306,amazon/chronos-2
2013-07-01,2013-07-01,1145.3,41,2013-08-28,1115.8,1081.38818359375,1125.723876953125,1190.3377685546875,1145.3,12183,8192,2.102296010507306,amazon/chronos-2
2013-07-01,2013-07-01,1145.3,42,2013-08-29,1117.0,1080.4747314453125,1126.148193359375,1190.1717529296875,1145.3,12183,8192,2.102296010507306,amazon/chronos-2
2013-07-01,2013-07-01,1145.3,43,2013-08-30,1110.9,1077.2181396484375,1124.412841796875,1190.709228515625,1145.3,12183,8192,2.102296010507306,amazon/chronos-2
2013-07-01,2013-07-01,1145.3,44,2013-09-02,1109.6,1077.814208984375,1124.7967529296875,1191.3612060546875,1145.3,12183,8192,2.102296010507306,amazon/chronos-2
2013-07-01,2013-07-01,1145.3,45,2013-09-03,1104.1,1076.9339599609375,1123.9794921875,1190.8770751953125,1145.3,12183,8192,2.102296010507306,amazon/chronos-2
2013-07-01,2013-07-01,1145.3,46,2013-09-04,1095.9,1075.980224609375,1123.3604736328125,1191.4422607421875,1145.3,12183,8192,2.102296010507306,amazon/chronos-2
2013-07-01,2013-07-01,1145.3,47,2013-09-05,1099.8,1074.8553466796875,1122.9302978515625,1191.1519775390625,1145.3,12183,8192,2.102296010507306,amazon/chronos-2
2013-07-01,2013-07-01,1145.3,48,2013-09-06,1093.8,1075.6036376953125,1124.729736328125,1192.1435546875,1145.3,12183,8192,2.102296010507306,amazon/chronos-2
2013-07-01,2013-07-01,1145.3,49,2013-09-09,1095.4,1074.718017578125,1124.576904296875,1197.3905029296875,1145.3,12183,8192,2.102296010507306,amazon/chronos-2
2013-07-01,2013-07-01,1145.3,50,2013-09-10,1088.2,1074.0147705078125,1123.9971923828125,1196.7178955078125,1145.3,12183,8192,2.102296010507306,amazon/chronos-2
2013-07-01,2013-07-01,1145.3,51,2013-09-11,1084.9,1074.830322265625,1125.2979736328125,1196.8828125,1145.3,12183,8192,2.102296010507306,amazon/chronos-2
2013-07-01,2013-07-01,1145.3,52,2013-09-12,1087.1,1073.94775390625,1123.443603515625,1198.3243408203125,1145.3,12183,8192,2.102296010507306,amazon/chronos-2
2013-07-01,2013-07-01,1145.3,53,2013-09-13,1083.2,1070.5367431640625,1121.793701171875,1196.6531982421875,1145.3,12183,8192,2.102296010507306,amazon/chronos-2
2013-07-01,2013-07-01,1145.3,54,2013-09-16,1085.3,1072.875,1122.4632568359375,1197.3975830078125,1145.3,12183,8192,2.102296010507306,amazon/chronos-2
2013-07-01,2013-07-01,1145.3,55,2013-09-17,1082.2,1072.116943359375,1121.9139404296875,1196.701904296875,1145.3,12183,8192,2.102296010507306,amazon/chronos-2
2013-07-01,2013-07-01,1145.3,56,2013-09-23,1085.2,1071.171630859375,1121.3447265625,1196.7607421875,1145.3,12183,8192,2.102296010507306,amazon/chronos-2
2013-07-01,2013-07-01,1145.3,57,2013-09-24,1075.9,1068.3905029296875,1120.4656982421875,1198.56640625,1145.3,12183,8192,2.102296010507306,amazon/chronos-2
2013-07-01,2013-07-01,1145.3,58,2013-09-25,1074.9,1068.28125,1120.9022216796875,1198.436767578125,1145.3,12183,8192,2.102296010507306,amazon/chronos-2
2013-07-01,2013-07-01,1145.3,59,2013-09-26,1076.8,1065.0980224609375,1119.68603515625,1199.120849609375,1145.3,12183,8192,2.102296010507306,amazon/chronos-2
2013-07-01,2013-07-01,1145.3,60,2013-09-27,1074.4,1066.1212158203125,1120.2037353515625,1200.3294677734375,1145.3,12183,8192,2.102296010507306,amazon/chronos-2
2014-01-02,2014-01-02,1055.3,1,2014-01-03,1050.4,1052.2667236328125,1057.052001953125,1061.7379150390625,1055.3,12308,8192,2.111218818558544,amazon/chronos-2
2014-01-02,2014-01-02,1055.3,2,2014-01-06,1054.1,1051.906982421875,1056.62548828125,1061.6544189453125,1055.3,12308,8192,2.111218818558544,amazon/chronos-2
2014-01-02,2014-01-02,1055.3,3,2014-01-07,1062.2,1050.628173828125,1056.760498046875,1062.1611328125,1055.3,12308,8192,2.111218818558544,amazon/chronos-2
2014-01-02,2014-01-02,1055.3,4,2014-01-08,1067.9,1048.5052490234375,1055.976318359375,1062.5645751953125,1055.3,12308,8192,2.111218818558544,amazon/chronos-2
2014-01-02,2014-01-02,1055.3,5,2014-01-09,1066.0,1048.452392578125,1055.411865234375,1062.9466552734375,1055.3,12308,8192,2.111218818558544,amazon/chronos-2
2014-01-02,2014-01-02,1055.3,6,2014-01-10,1064.8,1047.1807861328125,1054.8680419921875,1062.447021484375,1055.3,12308,8192,2.111218818558544,amazon/chronos-2
2014-01-02,2014-01-02,1055.3,7,2014-01-13,1062.8,1046.9681396484375,1054.4324951171875,1062.578857421875,1055.3,12308,8192,2.111218818558544,amazon/chronos-2
2014-01-02,2014-01-02,1055.3,8,2014-01-14,1056.5,1045.85693359375,1053.943115234375,1062.60205078125,1055.3,12308,8192,2.111218818558544,amazon/chronos-2
2014-01-02,2014-01-02,1055.3,9,2014-01-15,1058.4,1045.1029052734375,1054.093017578125,1063.0823974609375,1055.3,12308,8192,2.111218818558544,amazon/chronos-2
2014-01-02,2014-01-02,1055.3,10,2014-01-16,1062.5,1044.3555908203125,1054.1337890625,1063.7841796875,1055.3,12308,8192,2.111218818558544,amazon/chronos-2
2014-01-02,2014-01-02,1055.3,11,2014-01-17,1064.2,1043.6258544921875,1053.5557861328125,1063.68017578125,1055.3,12308,8192,2.111218818558544,amazon/chronos-2
2014-01-02,2014-01-02,1055.3,12,2014-01-20,1061.0,1043.312744140625,1053.0875244140625,1063.25439453125,1055.3,12308,8192,2.111218818558544,amazon/chronos-2
2014-01-02,2014-01-02,1055.3,13,2014-01-21,1063.9,1042.08251953125,1052.7041015625,1063.339599609375,1055.3,12308,8192,2.111218818558544,amazon/chronos-2
2014-01-02,2014-01-02,1055.3,14,2014-01-22,1064.2,1041.976806640625,1052.494384765625,1063.298583984375,1055.3,12308,8192,2.111218818558544,amazon/chronos-2
2014-01-02,2014-01-02,1055.3,15,2014-01-23,1068.4,1041.1324462890625,1052.165771484375,1064.17138671875,1055.3,12308,8192,2.111218818558544,amazon/chronos-2
2014-01-02,2014-01-02,1055.3,16,2014-01-24,1071.9,1040.835205078125,1052.2288818359375,1064.270263671875,1055.3,12308,8192,2.111218818558544,amazon/chronos-2
2014-01-02,2014-01-02,1055.3,17,2014-01-27,1077.2,1040.6844482421875,1053.3292236328125,1067.662841796875,1055.3,12308,8192,2.111218818558544,amazon/chronos-2
2014-01-02,2014-01-02,1055.3,18,2014-01-28,1084.1,1039.9779052734375,1052.627685546875,1067.1295166015625,1055.3,12308,8192,2.111218818558544,amazon/chronos-2
2014-01-02,2014-01-02,1055.3,19,2014-01-29,1079.2,1039.043701171875,1052.510498046875,1067.1168212890625,1055.3,12308,8192,2.111218818558544,amazon/chronos-2
2014-01-02,2014-01-02,1055.3,20,2014-02-03,1071.1,1038.3167724609375,1051.819091796875,1066.5692138671875,1055.3,12308,8192,2.111218818558544,amazon/chronos-2
2014-01-02,2014-01-02,1055.3,21,2014-02-04,1082.2,1037.6199951171875,1051.392333984375,1068.01416015625,1055.3,12308,8192,2.111218818558544,amazon/chronos-2
2014-01-02,2014-01-02,1055.3,22,2014-02-05,1086.1,1037.2862548828125,1051.22119140625,1067.571533203125,1055.3,12308,8192,2.111218818558544,amazon/chronos-2
2014-01-02,2014-01-02,1055.3,23,2014-02-06,1079.5,1037.7471923828125,1051.34228515625,1067.6785888671875,1055.3,12308,8192,2.111218818558544,amazon/chronos-2
2014-01-02,2014-01-02,1055.3,24,2014-02-07,1076.4,1036.60107421875,1050.4827880859375,1067.633544921875,1055.3,12308,8192,2.111218818558544,amazon/chronos-2
2014-01-02,2014-01-02,1055.3,25,2014-02-10,1075.1,1036.119384765625,1050.716552734375,1067.7496337890625,1055.3,12308,8192,2.111218818558544,amazon/chronos-2
2014-01-02,2014-01-02,1055.3,26,2014-02-11,1071.9,1035.2164306640625,1050.4989013671875,1068.874267578125,1055.3,12308,8192,2.111218818558544,amazon/chronos-2
2014-01-02,2014-01-02,1055.3,27,2014-02-12,1072.0,1034.124267578125,1049.6422119140625,1069.0325927734375,1055.3,12308,8192,2.111218818558544,amazon/chronos-2
2014-01-02,2014-01-02,1055.3,28,2014-02-13,1064.7,1034.0615234375,1049.752685546875,1067.97216796875,1055.3,12308,8192,2.111218818558544,amazon/chronos-2
2014-01-02,2014-01-02,1055.3,29,2014-02-14,1063.9,1032.520751953125,1049.3597412109375,1068.0631103515625,1055.3,12308,8192,2.111218818558544,amazon/chronos-2
2014-01-02,2014-01-02,1055.3,30,2014-02-17,1061.9,1031.3665771484375,1049.3458251953125,1067.78857421875,1055.3,12308,8192,2.111218818558544,amazon/chronos-2
2014-01-02,2014-01-02,1055.3,31,2014-02-18,1060.5,1032.3267822265625,1049.0435791015625,1070.43408203125,1055.3,12308,8192,2.111218818558544,amazon/chronos-2
2014-01-02,2014-01-02,1055.3,32,2014-02-19,1064.1,1032.4468994140625,1049.1519775390625,1068.7266845703125,1055.3,12308,8192,2.111218818558544,amazon/chronos-2
2014-01-02,2014-01-02,1055.3,33,2014-02-20,1067.1,1031.8333740234375,1049.1937255859375,1071.6199951171875,1055.3,12308,8192,2.111218818558544,amazon/chronos-2
2014-01-02,2014-01-02,1055.3,34,2014-02-21,1071.9,1031.2838134765625,1048.362060546875,1071.914306640625,1055.3,12308,8192,2.111218818558544,amazon/chronos-2
2014-01-02,2014-01-02,1055.3,35,2014-02-24,1073.1,1029.658447265625,1048.327880859375,1071.9478759765625,1055.3,12308,8192,2.111218818558544,amazon/chronos-2
2014-01-02,2014-01-02,1055.3,36,2014-02-25,1076.3,1030.0570068359375,1047.5810546875,1071.138671875,1055.3,12308,8192,2.111218818558544,amazon/chronos-2
2014-01-02,2014-01-02,1055.3,37,2014-02-26,1070.6,1028.279296875,1047.3294677734375,1072.546142578125,1055.3,12308,8192,2.111218818558544,amazon/chronos-2
2014-01-02,2014-01-02,1055.3,38,2014-02-27,1069.9,1028.7198486328125,1047.2890625,1072.440673828125,1055.3,12308,8192,2.111218818558544,amazon/chronos-2
2014-01-02,2014-01-02,1055.3,39,2014-02-28,1067.7,1028.18017578125,1047.07861328125,1071.9859619140625,1055.3,12308,8192,2.111218818558544,amazon/chronos-2
2014-01-02,2014-01-02,1055.3,40,2014-03-03,1066.2,1027.653564453125,1046.7120361328125,1072.5985107421875,1055.3,12308,8192,2.111218818558544,amazon/chronos-2
2014-01-02,2014-01-02,1055.3,41,2014-03-04,1071.9,1027.822509765625,1047.108642578125,1072.44482421875,1055.3,12308,8192,2.111218818558544,amazon/chronos-2
2014-01-02,2014-01-02,1055.3,42,2014-03-05,1072.0,1026.673583984375,1046.303955078125,1074.1875,1055.3,12308,8192,2.111218818558544,amazon/chronos-2
2014-01-02,2014-01-02,1055.3,43,2014-03-06,1070.6,1025.06494140625,1045.5372314453125,1074.5230712890625,1055.3,12308,8192,2.111218818558544,amazon/chronos-2
2014-01-02,2014-01-02,1055.3,44,2014-03-07,1067.4,1024.8427734375,1045.7393798828125,1072.57373046875,1055.3,12308,8192,2.111218818558544,amazon/chronos-2
2014-01-02,2014-01-02,1055.3,45,2014-03-10,1062.6,1023.7373657226562,1045.58447265625,1072.64208984375,1055.3,12308,8192,2.111218818558544,amazon/chronos-2
2014-01-02,2014-01-02,1055.3,46,2014-03-11,1065.9,1023.6939086914062,1045.695068359375,1072.963134765625,1055.3,12308,8192,2.111218818558544,amazon/chronos-2
2014-01-02,2014-01-02,1055.3,47,2014-03-12,1064.8,1023.3241577148438,1045.2945556640625,1075.6500244140625,1055.3,12308,8192,2.111218818558544,amazon/chronos-2
2014-01-02,2014-01-02,1055.3,48,2014-03-13,1069.2,1024.013916015625,1045.452880859375,1073.2535400390625,1055.3,12308,8192,2.111218818558544,amazon/chronos-2
2014-01-02,2014-01-02,1055.3,49,2014-03-14,1067.4,1025.380615234375,1045.408447265625,1073.8179931640625,1055.3,12308,8192,2.111218818558544,amazon/chronos-2
2014-01-02,2014-01-02,1055.3,50,2014-03-17,1072.0,1025.09521484375,1044.844482421875,1074.736572265625,1055.3,12308,8192,2.111218818558544,amazon/chronos-2
2014-01-02,2014-01-02,1055.3,51,2014-03-18,1069.9,1022.8853149414062,1044.6781005859375,1074.872314453125,1055.3,12308,8192,2.111218818558544,amazon/chronos-2
2014-01-02,2014-01-02,1055.3,52,2014-03-19,1067.9,1023.938720703125,1043.9566650390625,1073.7249755859375,1055.3,12308,8192,2.111218818558544,amazon/chronos-2
2014-01-02,2014-01-02,1055.3,53,2014-03-20,1070.7,1021.5123901367188,1043.9912109375,1075.06396484375,1055.3,12308,8192,2.111218818558544,amazon/chronos-2
2014-01-02,2014-01-02,1055.3,54,2014-03-21,1075.3,1022.3926391601562,1044.1287841796875,1075.4278564453125,1055.3,12308,8192,2.111218818558544,amazon/chronos-2
2014-01-02,2014-01-02,1055.3,55,2014-03-24,1080.3,1021.1207885742188,1043.42626953125,1074.26806640625,1055.3,12308,8192,2.111218818558544,amazon/chronos-2
2014-01-02,2014-01-02,1055.3,56,2014-03-25,1079.7,1020.4620971679688,1043.1962890625,1075.4761962890625,1055.3,12308,8192,2.111218818558544,amazon/chronos-2
2014-01-02,2014-01-02,1055.3,57,2014-03-26,1078.2,1021.1723022460938,1043.6666259765625,1075.113525390625,1055.3,12308,8192,2.111218818558544,amazon/chronos-2
2014-01-02,2014-01-02,1055.3,58,2014-03-27,1075.0,1019.7626953125,1042.725830078125,1077.2928466796875,1055.3,12308,8192,2.111218818558544,amazon/chronos-2
2014-01-02,2014-01-02,1055.3,59,2014-03-28,1072.8,1018.19775390625,1042.08740234375,1077.8280029296875,1055.3,12308,8192,2.111218818558544,amazon/chronos-2
2014-01-02,2014-01-02,1055.3,60,2014-03-31,1068.8,1017.883056640625,1042.260498046875,1075.669921875,1055.3,12308,8192,2.111218818558544,amazon/chronos-2
2014-07-01,2014-07-01,1012.1,1,2014-07-02,1011.8,1006.734619140625,1012.671142578125,1018.1268920898438,1012.1,12429,8192,2.117297232056646,amazon/chronos-2
2014-07-01,2014-07-01,1012.1,2,2014-07-03,1009.8,1006.23388671875,1013.1011962890625,1020.0382080078125,1012.1,12429,8192,2.117297232056646,amazon/chronos-2
2014-07-01,2014-07-01,1012.1,3,2014-07-04,1009.6,1004.8391723632812,1011.9702758789062,1020.7077026367188,1012.1,12429,8192,2.117297232056646,amazon/chronos-2
2014-07-01,2014-07-01,1012.1,4,2014-07-07,1008.9,1003.9320068359375,1011.7029418945312,1020.5628051757812,1012.1,12429,8192,2.117297232056646,amazon/chronos-2
2014-07-01,2014-07-01,1012.1,5,2014-07-08,1009.9,1001.958740234375,1011.306884765625,1019.9407348632812,1012.1,12429,8192,2.117297232056646,amazon/chronos-2
2014-07-01,2014-07-01,1012.1,6,2014-07-09,1011.2,1001.1099853515625,1010.827392578125,1019.7337646484375,1012.1,12429,8192,2.117297232056646,amazon/chronos-2
2014-07-01,2014-07-01,1012.1,7,2014-07-10,1012.2,1000.9004516601562,1011.0331420898438,1021.2664794921875,1012.1,12429,8192,2.117297232056646,amazon/chronos-2
2014-07-01,2014-07-01,1012.1,8,2014-07-11,1011.9,999.4713134765625,1010.2156982421875,1021.4970092773438,1012.1,12429,8192,2.117297232056646,amazon/chronos-2
2014-07-01,2014-07-01,1012.1,9,2014-07-14,1018.0,999.3057861328125,1010.3775024414062,1022.3429565429688,1012.1,12429,8192,2.117297232056646,amazon/chronos-2
2014-07-01,2014-07-01,1012.1,10,2014-07-15,1018.5,997.4703369140625,1009.2679443359375,1022.3735961914062,1012.1,12429,8192,2.117297232056646,amazon/chronos-2
2014-07-01,2014-07-01,1012.1,11,2014-07-16,1023.7,996.9918823242188,1009.5392456054688,1023.1638793945312,1012.1,12429,8192,2.117297232056646,amazon/chronos-2
2014-07-01,2014-07-01,1012.1,12,2014-07-17,1032.7,996.6859741210938,1009.3505859375,1023.0286254882812,1012.1,12429,8192,2.117297232056646,amazon/chronos-2
2014-07-01,2014-07-01,1012.1,13,2014-07-18,1029.6,995.9595336914062,1009.1316528320312,1023.1084594726562,1012.1,12429,8192,2.117297232056646,amazon/chronos-2
2014-07-01,2014-07-01,1012.1,14,2014-07-21,1031.9,995.5420532226562,1008.8038940429688,1023.5142822265625,1012.1,12429,8192,2.117297232056646,amazon/chronos-2
2014-07-01,2014-07-01,1012.1,15,2014-07-22,1027.5,993.5271606445312,1008.8042602539062,1025.227783203125,1012.1,12429,8192,2.117297232056646,amazon/chronos-2
2014-07-01,2014-07-01,1012.1,16,2014-07-23,1024.6,994.7466430664062,1008.9292602539062,1025.339599609375,1012.1,12429,8192,2.117297232056646,amazon/chronos-2
2014-07-01,2014-07-01,1012.1,17,2014-07-24,1022.8,995.1487426757812,1008.7330322265625,1028.4725341796875,1012.1,12429,8192,2.117297232056646,amazon/chronos-2
2014-07-01,2014-07-01,1012.1,18,2014-07-25,1028.0,995.6766357421875,1009.4721069335938,1028.5709228515625,1012.1,12429,8192,2.117297232056646,amazon/chronos-2
2014-07-01,2014-07-01,1012.1,19,2014-07-28,1029.4,992.808349609375,1008.9378051757812,1028.4493408203125,1012.1,12429,8192,2.117297232056646,amazon/chronos-2
2014-07-01,2014-07-01,1012.1,20,2014-07-29,1025.2,992.93505859375,1008.6849975585938,1030.42431640625,1012.1,12429,8192,2.117297232056646,amazon/chronos-2
2014-07-01,2014-07-01,1012.1,21,2014-07-30,1024.7,991.9354858398438,1009.0933837890625,1030.4637451171875,1012.1,12429,8192,2.117297232056646,amazon/chronos-2
2014-07-01,2014-07-01,1012.1,22,2014-07-31,1024.3,991.1273193359375,1008.3779296875,1030.97021484375,1012.1,12429,8192,2.117297232056646,amazon/chronos-2
2014-07-01,2014-07-01,1012.1,23,2014-08-01,1026.2,990.3834838867188,1008.0786743164062,1032.730712890625,1012.1,12429,8192,2.117297232056646,amazon/chronos-2
2014-07-01,2014-07-01,1012.1,24,2014-08-04,1033.7,989.6824340820312,1007.52490234375,1032.8917236328125,1012.1,12429,8192,2.117297232056646,amazon/chronos-2
2014-07-01,2014-07-01,1012.1,25,2014-08-05,1031.7,989.29931640625,1007.9159545898438,1032.922119140625,1012.1,12429,8192,2.117297232056646,amazon/chronos-2
2014-07-01,2014-07-01,1012.1,26,2014-08-06,1030.8,988.3165283203125,1007.3025512695312,1034.48291015625,1012.1,12429,8192,2.117297232056646,amazon/chronos-2
2014-07-01,2014-07-01,1012.1,27,2014-08-07,1034.3,988.3700561523438,1007.9775390625,1035.7005615234375,1012.1,12429,8192,2.117297232056646,amazon/chronos-2
2014-07-01,2014-07-01,1012.1,28,2014-08-08,1034.4,987.9624633789062,1007.8274536132812,1035.215576171875,1012.1,12429,8192,2.117297232056646,amazon/chronos-2
2014-07-01,2014-07-01,1012.1,29,2014-08-11,1037.4,987.3931274414062,1007.544677734375,1035.1534423828125,1012.1,12429,8192,2.117297232056646,amazon/chronos-2
2014-07-01,2014-07-01,1012.1,30,2014-08-12,1030.6,986.9874267578125,1007.3817749023438,1036.57666015625,1012.1,12429,8192,2.117297232056646,amazon/chronos-2
2014-07-01,2014-07-01,1012.1,31,2014-08-13,1028.3,985.4613647460938,1007.675048828125,1038.907958984375,1012.1,12429,8192,2.117297232056646,amazon/chronos-2
2014-07-01,2014-07-01,1012.1,32,2014-08-14,1028.1,987.4984741210938,1008.2837524414062,1037.97705078125,1012.1,12429,8192,2.117297232056646,amazon/chronos-2
2014-07-01,2014-07-01,1012.1,33,2014-08-18,1024.9,988.3294067382812,1007.7228393554688,1040.9822998046875,1012.1,12429,8192,2.117297232056646,amazon/chronos-2
2014-07-01,2014-07-01,1012.1,34,2014-08-19,1017.7,987.85302734375,1008.5446166992188,1041.0986328125,1012.1,12429,8192,2.117297232056646,amazon/chronos-2
2014-07-01,2014-07-01,1012.1,35,2014-08-20,1018.0,985.8655395507812,1008.4351196289062,1041.6824951171875,1012.1,12429,8192,2.117297232056646,amazon/chronos-2
2014-07-01,2014-07-01,1012.1,36,2014-08-21,1020.9,986.1038208007812,1008.3839111328125,1043.807861328125,1012.1,12429,8192,2.117297232056646,amazon/chronos-2
2014-07-01,2014-07-01,1012.1,37,2014-08-22,1023.9,986.3078002929688,1008.6777954101562,1044.521728515625,1012.1,12429,8192,2.117297232056646,amazon/chronos-2
2014-07-01,2014-07-01,1012.1,38,2014-08-25,1019.5,985.0717163085938,1008.4182739257812,1045.7567138671875,1012.1,12429,8192,2.117297232056646,amazon/chronos-2
2014-07-01,2014-07-01,1012.1,39,2014-08-26,1020.6,984.3619384765625,1008.2554931640625,1046.2301025390625,1012.1,12429,8192,2.117297232056646,amazon/chronos-2
2014-07-01,2014-07-01,1012.1,40,2014-08-27,1018.0,983.7748413085938,1007.6885375976562,1048.245849609375,1012.1,12429,8192,2.117297232056646,amazon/chronos-2
2014-07-01,2014-07-01,1012.1,41,2014-08-28,1014.6,983.2488403320312,1008.1178588867188,1046.7041015625,1012.1,12429,8192,2.117297232056646,amazon/chronos-2
2014-07-01,2014-07-01,1012.1,42,2014-08-29,1013.6,982.5423583984375,1007.8818969726562,1050.114990234375,1012.1,12429,8192,2.117297232056646,amazon/chronos-2
2014-07-01,2014-07-01,1012.1,43,2014-09-01,1014.9,981.9957275390625,1008.9826049804688,1052.8082275390625,1012.1,12429,8192,2.117297232056646,amazon/chronos-2
2014-07-01,2014-07-01,1012.1,44,2014-09-02,1014.3,982.4187622070312,1008.7577514648438,1051.7877197265625,1012.1,12429,8192,2.117297232056646,amazon/chronos-2
2014-07-01,2014-07-01,1012.1,45,2014-09-03,1015.6,982.721923828125,1008.2777099609375,1052.1953125,1012.1,12429,8192,2.117297232056646,amazon/chronos-2
2014-07-01,2014-07-01,1012.1,46,2014-09-04,1018.9,980.9478149414062,1008.3713989257812,1054.7716064453125,1012.1,12429,8192,2.117297232056646,amazon/chronos-2
2014-07-01,2014-07-01,1012.1,47,2014-09-05,1018.0,979.8131103515625,1009.1809692382812,1058.0087890625,1012.1,12429,8192,2.117297232056646,amazon/chronos-2
2014-07-01,2014-07-01,1012.1,48,2014-09-11,1024.6,980.6561279296875,1009.7115478515625,1055.7911376953125,1012.1,12429,8192,2.117297232056646,amazon/chronos-2
2014-07-01,2014-07-01,1012.1,49,2014-09-12,1034.4,981.10107421875,1008.7015380859375,1058.6329345703125,1012.1,12429,8192,2.117297232056646,amazon/chronos-2
2014-07-01,2014-07-01,1012.1,50,2014-09-15,1038.0,978.9168701171875,1009.775634765625,1060.0233154296875,1012.1,12429,8192,2.117297232056646,amazon/chronos-2
2014-07-01,2014-07-01,1012.1,51,2014-09-16,1038.9,979.758056640625,1009.1870727539062,1060.748291015625,1012.1,12429,8192,2.117297232056646,amazon/chronos-2
2014-07-01,2014-07-01,1012.1,52,2014-09-17,1035.2,978.8170166015625,1009.684814453125,1061.6185302734375,1012.1,12429,8192,2.117297232056646,amazon/chronos-2
2014-07-01,2014-07-01,1012.1,53,2014-09-18,1033.9,978.8267822265625,1009.8840942382812,1064.0841064453125,1012.1,12429,8192,2.117297232056646,amazon/chronos-2
2014-07-01,2014-07-01,1012.1,54,2014-09-19,1041.5,976.9404907226562,1010.0365600585938,1064.4000244140625,1012.1,12429,8192,2.117297232056646,amazon/chronos-2
2014-07-01,2014-07-01,1012.1,55,2014-09-22,1044.9,977.9485473632812,1009.99365234375,1064.952880859375,1012.1,12429,8192,2.117297232056646,amazon/chronos-2
2014-07-01,2014-07-01,1012.1,56,2014-09-23,1040.7,977.6431274414062,1009.2657470703125,1065.9234619140625,1012.1,12429,8192,2.117297232056646,amazon/chronos-2
2014-07-01,2014-07-01,1012.1,57,2014-09-24,1042.1,976.4080810546875,1009.7041015625,1065.000244140625,1012.1,12429,8192,2.117297232056646,amazon/chronos-2
2014-07-01,2014-07-01,1012.1,58,2014-09-25,1039.8,975.9100952148438,1009.513671875,1069.703369140625,1012.1,12429,8192,2.117297232056646,amazon/chronos-2
2014-07-01,2014-07-01,1012.1,59,2014-09-26,1042.6,974.7326049804688,1011.26416015625,1071.5318603515625,1012.1,12429,8192,2.117297232056646,amazon/chronos-2
2014-07-01,2014-07-01,1012.1,60,2014-09-29,1042.7,976.6299438476562,1010.8696899414062,1069.7288818359375,1012.1,12429,8192,2.117297232056646,amazon/chronos-2
2015-01-02,2015-01-02,1099.2,1,2015-01-05,1102.6,1089.12548828125,1096.068359375,1100.957763671875,1099.2,12554,8192,2.13406118059428,amazon/chronos-2
2015-01-02,2015-01-02,1099.2,2,2015-01-06,1108.7,1086.5830078125,1095.4403076171875,1102.913818359375,1099.2,12554,8192,2.13406118059428,amazon/chronos-2
2015-01-02,2015-01-02,1099.2,3,2015-01-07,1103.9,1084.142578125,1094.7724609375,1104.414306640625,1099.2,12554,8192,2.13406118059428,amazon/chronos-2
2015-01-02,2015-01-02,1099.2,4,2015-01-08,1099.7,1081.5928955078125,1094.548828125,1104.39599609375,1099.2,12554,8192,2.13406118059428,amazon/chronos-2
2015-01-02,2015-01-02,1099.2,5,2015-01-09,1098.5,1080.61865234375,1093.7987060546875,1106.1624755859375,1099.2,12554,8192,2.13406118059428,amazon/chronos-2
2015-01-02,2015-01-02,1099.2,6,2015-01-12,1092.2,1078.90869140625,1093.5648193359375,1106.866455078125,1099.2,12554,8192,2.13406118059428,amazon/chronos-2
2015-01-02,2015-01-02,1099.2,7,2015-01-13,1083.0,1077.4122314453125,1092.526123046875,1106.984375,1099.2,12554,8192,2.13406118059428,amazon/chronos-2
2015-01-02,2015-01-02,1099.2,8,2015-01-14,1081.5,1075.6871337890625,1091.95751953125,1107.342529296875,1099.2,12554,8192,2.13406118059428,amazon/chronos-2
2015-01-02,2015-01-02,1099.2,9,2015-01-15,1079.9,1073.9576416015625,1090.9344482421875,1107.5499267578125,1099.2,12554,8192,2.13406118059428,amazon/chronos-2
2015-01-02,2015-01-02,1099.2,10,2015-01-16,1084.1,1072.3675537109375,1090.9332275390625,1108.7625732421875,1099.2,12554,8192,2.13406118059428,amazon/chronos-2
2015-01-02,2015-01-02,1099.2,11,2015-01-19,1077.3,1070.55029296875,1089.423828125,1108.7559814453125,1099.2,12554,8192,2.13406118059428,amazon/chronos-2
2015-01-02,2015-01-02,1099.2,12,2015-01-20,1079.8,1070.194091796875,1089.199951171875,1107.169677734375,1099.2,12554,8192,2.13406118059428,amazon/chronos-2
2015-01-02,2015-01-02,1099.2,13,2015-01-21,1084.4,1067.98681640625,1088.536376953125,1107.425048828125,1099.2,12554,8192,2.13406118059428,amazon/chronos-2
2015-01-02,2015-01-02,1099.2,14,2015-01-22,1086.8,1066.725341796875,1088.489013671875,1108.3629150390625,1099.2,12554,8192,2.13406118059428,amazon/chronos-2
2015-01-02,2015-01-02,1099.2,15,2015-01-23,1085.3,1066.398193359375,1087.5572509765625,1110.84228515625,1099.2,12554,8192,2.13406118059428,amazon/chronos-2
2015-01-02,2015-01-02,1099.2,16,2015-01-26,1084.1,1066.2650146484375,1087.88037109375,1108.8265380859375,1099.2,12554,8192,2.13406118059428,amazon/chronos-2
2015-01-02,2015-01-02,1099.2,17,2015-01-27,1079.3,1064.746826171875,1085.1455078125,1109.9678955078125,1099.2,12554,8192,2.13406118059428,amazon/chronos-2
2015-01-02,2015-01-02,1099.2,18,2015-01-28,1082.1,1062.5498046875,1084.3736572265625,1110.421630859375,1099.2,12554,8192,2.13406118059428,amazon/chronos-2
2015-01-02,2015-01-02,1099.2,19,2015-01-29,1082.9,1060.96630859375,1084.2501220703125,1111.48681640625,1099.2,12554,8192,2.13406118059428,amazon/chronos-2
2015-01-02,2015-01-02,1099.2,20,2015-01-30,1090.8,1060.6802978515625,1083.237060546875,1110.1820068359375,1099.2,12554,8192,2.13406118059428,amazon/chronos-2
2015-01-02,2015-01-02,1099.2,21,2015-02-02,1095.9,1058.45654296875,1081.9974365234375,1110.8521728515625,1099.2,12554,8192,2.13406118059428,amazon/chronos-2
2015-01-02,2015-01-02,1099.2,22,2015-02-03,1101.2,1058.349609375,1081.9404296875,1110.4189453125,1099.2,12554,8192,2.13406118059428,amazon/chronos-2
2015-01-02,2015-01-02,1099.2,23,2015-02-04,1098.3,1057.288818359375,1081.383544921875,1109.92431640625,1099.2,12554,8192,2.13406118059428,amazon/chronos-2
2015-01-02,2015-01-02,1099.2,24,2015-02-05,1089.2,1056.025390625,1080.5162353515625,1110.01611328125,1099.2,12554,8192,2.13406118059428,amazon/chronos-2
2015-01-02,2015-01-02,1099.2,25,2015-02-06,1089.2,1055.24755859375,1080.1842041015625,1110.0164794921875,1099.2,12554,8192,2.13406118059428,amazon/chronos-2
2015-01-02,2015-01-02,1099.2,26,2015-02-09,1088.3,1054.059814453125,1079.947998046875,1112.3096923828125,1099.2,12554,8192,2.13406118059428,amazon/chronos-2
2015-01-02,2015-01-02,1099.2,27,2015-02-10,1097.0,1051.310302734375,1078.212158203125,1111.1514892578125,1099.2,12554,8192,2.13406118059428,amazon/chronos-2
2015-01-02,2015-01-02,1099.2,28,2015-02-11,1090.8,1051.5238037109375,1078.4759521484375,1109.911865234375,1099.2,12554,8192,2.13406118059428,amazon/chronos-2
2015-01-02,2015-01-02,1099.2,29,2015-02-12,1096.9,1049.7471923828125,1078.0916748046875,1109.7208251953125,1099.2,12554,8192,2.13406118059428,amazon/chronos-2
2015-01-02,2015-01-02,1099.2,30,2015-02-13,1107.5,1049.826416015625,1077.46923828125,1110.058349609375,1099.2,12554,8192,2.13406118059428,amazon/chronos-2
2015-01-02,2015-01-02,1099.2,31,2015-02-16,1098.4,1047.8504638671875,1076.4600830078125,1112.8197021484375,1099.2,12554,8192,2.13406118059428,amazon/chronos-2
2015-01-02,2015-01-02,1099.2,32,2015-02-17,1098.7,1049.7802734375,1077.5687255859375,1110.4259033203125,1099.2,12554,8192,2.13406118059428,amazon/chronos-2
2015-01-02,2015-01-02,1099.2,33,2015-02-23,1101.3,1048.630859375,1076.7626953125,1112.8941650390625,1099.2,12554,8192,2.13406118059428,amazon/chronos-2
2015-01-02,2015-01-02,1099.2,34,2015-02-24,1109.8,1047.25,1075.3197021484375,1112.8099365234375,1099.2,12554,8192,2.13406118059428,amazon/chronos-2
2015-01-02,2015-01-02,1099.2,35,2015-02-25,1108.6,1045.54931640625,1075.5543212890625,1114.1116943359375,1099.2,12554,8192,2.13406118059428,amazon/chronos-2
2015-01-02,2015-01-02,1099.2,36,2015-02-26,1102.5,1045.1236572265625,1074.3658447265625,1112.096923828125,1099.2,12554,8192,2.13406118059428,amazon/chronos-2
2015-01-02,2015-01-02,1099.2,37,2015-02-27,1099.2,1043.3955078125,1073.6116943359375,1112.223388671875,1099.2,12554,8192,2.13406118059428,amazon/chronos-2
2015-01-02,2015-01-02,1099.2,38,2015-03-02,1099.5,1043.912109375,1073.333984375,1111.46826171875,1099.2,12554,8192,2.13406118059428,amazon/chronos-2
2015-01-02,2015-01-02,1099.2,39,2015-03-03,1102.5,1042.43115234375,1072.6700439453125,1110.2919921875,1099.2,12554,8192,2.13406118059428,amazon/chronos-2
2015-01-02,2015-01-02,1099.2,40,2015-03-04,1100.0,1041.0191650390625,1072.091552734375,1111.127685546875,1099.2,12554,8192,2.13406118059428,amazon/chronos-2
2015-01-02,2015-01-02,1099.2,41,2015-03-05,1096.5,1040.7203369140625,1072.0379638671875,1111.0244140625,1099.2,12554,8192,2.13406118059428,amazon/chronos-2
2015-01-02,2015-01-02,1099.2,42,2015-03-06,1100.1,1039.3709716796875,1071.3260498046875,1113.7110595703125,1099.2,12554,8192,2.13406118059428,amazon/chronos-2
2015-01-02,2015-01-02,1099.2,43,2015-03-09,1099.5,1037.0888671875,1069.9224853515625,1111.9727783203125,1099.2,12554,8192,2.13406118059428,amazon/chronos-2
2015-01-02,2015-01-02,1099.2,44,2015-03-10,1110.3,1037.084716796875,1070.2030029296875,1111.188720703125,1099.2,12554,8192,2.13406118059428,amazon/chronos-2
2015-01-02,2015-01-02,1099.2,45,2015-03-11,1119.5,1036.9224853515625,1070.8433837890625,1110.6158447265625,1099.2,12554,8192,2.13406118059428,amazon/chronos-2
2015-01-02,2015-01-02,1099.2,46,2015-03-12,1126.6,1035.8935546875,1069.639892578125,1110.9298095703125,1099.2,12554,8192,2.13406118059428,amazon/chronos-2
2015-01-02,2015-01-02,1099.2,47,2015-03-13,1130.9,1034.70947265625,1069.13330078125,1113.4901123046875,1099.2,12554,8192,2.13406118059428,amazon/chronos-2
2015-01-02,2015-01-02,1099.2,48,2015-03-16,1125.6,1036.4478759765625,1070.2889404296875,1111.273681640625,1099.2,12554,8192,2.13406118059428,amazon/chronos-2
2015-01-02,2015-01-02,1099.2,49,2015-03-17,1133.9,1036.8797607421875,1070.0189208984375,1113.0794677734375,1099.2,12554,8192,2.13406118059428,amazon/chronos-2
2015-01-02,2015-01-02,1099.2,50,2015-03-18,1130.1,1035.0946044921875,1068.12255859375,1112.851806640625,1099.2,12554,8192,2.13406118059428,amazon/chronos-2
2015-01-02,2015-01-02,1099.2,51,2015-03-19,1126.6,1034.436767578125,1067.7154541015625,1114.505615234375,1099.2,12554,8192,2.13406118059428,amazon/chronos-2
2015-01-02,2015-01-02,1099.2,52,2015-03-20,1114.0,1033.21435546875,1067.1715087890625,1111.789306640625,1099.2,12554,8192,2.13406118059428,amazon/chronos-2
2015-01-02,2015-01-02,1099.2,53,2015-03-23,1121.7,1032.69775390625,1066.9017333984375,1112.7833251953125,1099.2,12554,8192,2.13406118059428,amazon/chronos-2
2015-01-02,2015-01-02,1099.2,54,2015-03-24,1115.9,1032.266845703125,1066.466064453125,1111.6971435546875,1099.2,12554,8192,2.13406118059428,amazon/chronos-2
2015-01-02,2015-01-02,1099.2,55,2015-03-25,1107.1,1031.8956298828125,1066.0477294921875,1110.400146484375,1099.2,12554,8192,2.13406118059428,amazon/chronos-2
2015-01-02,2015-01-02,1099.2,56,2015-03-26,1102.7,1030.8699951171875,1065.8109130859375,1111.595703125,1099.2,12554,8192,2.13406118059428,amazon/chronos-2
2015-01-02,2015-01-02,1099.2,57,2015-03-27,1104.2,1029.5306396484375,1065.618896484375,1111.5638427734375,1099.2,12554,8192,2.13406118059428,amazon/chronos-2
2015-01-02,2015-01-02,1099.2,58,2015-03-30,1104.3,1028.6898193359375,1064.7626953125,1114.5142822265625,1099.2,12554,8192,2.13406118059428,amazon/chronos-2
2015-01-02,2015-01-02,1099.2,59,2015-03-31,1105.0,1026.90625,1063.7628173828125,1113.005126953125,1099.2,12554,8192,2.13406118059428,amazon/chronos-2
2015-01-02,2015-01-02,1099.2,60,2015-04-01,1109.4,1027.4542236328125,1064.1552734375,1112.347900390625,1099.2,12554,8192,2.13406118059428,amazon/chronos-2
2015-07-01,2015-07-01,1118.3,1,2015-07-02,1118.5,1109.5784912109375,1117.5179443359375,1124.4093017578125,1118.3,12676,8192,2.1540015779092703,amazon/chronos-2
2015-07-01,2015-07-01,1118.3,2,2015-07-03,1123.2,1107.207763671875,1116.9736328125,1126.2078857421875,1118.3,12676,8192,2.1540015779092703,amazon/chronos-2
2015-07-01,2015-07-01,1118.3,3,2015-07-06,1120.1,1105.5845947265625,1116.57568359375,1128.2130126953125,1118.3,12676,8192,2.1540015779092703,amazon/chronos-2
2015-07-01,2015-07-01,1118.3,4,2015-07-07,1126.3,1103.400634765625,1116.5948486328125,1128.6898193359375,1118.3,12676,8192,2.1540015779092703,amazon/chronos-2
2015-07-01,2015-07-01,1118.3,5,2015-07-08,1129.6,1102.762939453125,1116.1312255859375,1130.379638671875,1118.3,12676,8192,2.1540015779092703,amazon/chronos-2
2015-07-01,2015-07-01,1118.3,6,2015-07-09,1135.7,1101.6011962890625,1116.3995361328125,1131.878173828125,1118.3,12676,8192,2.1540015779092703,amazon/chronos-2
2015-07-01,2015-07-01,1118.3,7,2015-07-10,1136.2,1100.47802734375,1116.07421875,1132.6907958984375,1118.3,12676,8192,2.1540015779092703,amazon/chronos-2
2015-07-01,2015-07-01,1118.3,8,2015-07-13,1130.0,1099.1357421875,1115.73095703125,1133.70166015625,1118.3,12676,8192,2.1540015779092703,amazon/chronos-2
2015-07-01,2015-07-01,1118.3,9,2015-07-14,1131.5,1098.1553955078125,1115.0712890625,1134.4578857421875,1118.3,12676,8192,2.1540015779092703,amazon/chronos-2
2015-07-01,2015-07-01,1118.3,10,2015-07-15,1139.4,1096.9200439453125,1115.6484375,1136.484375,1118.3,12676,8192,2.1540015779092703,amazon/chronos-2
2015-07-01,2015-07-01,1118.3,11,2015-07-16,1141.5,1095.9033203125,1114.5731201171875,1136.9293212890625,1118.3,12676,8192,2.1540015779092703,amazon/chronos-2
2015-07-01,2015-07-01,1118.3,12,2015-07-17,1148.4,1095.18310546875,1114.759521484375,1136.1063232421875,1118.3,12676,8192,2.1540015779092703,amazon/chronos-2
2015-07-01,2015-07-01,1118.3,13,2015-07-20,1146.3,1093.31201171875,1114.2203369140625,1136.4915771484375,1118.3,12676,8192,2.1540015779092703,amazon/chronos-2
2015-07-01,2015-07-01,1118.3,14,2015-07-21,1151.9,1091.909423828125,1114.4949951171875,1137.3804931640625,1118.3,12676,8192,2.1540015779092703,amazon/chronos-2
2015-07-01,2015-07-01,1118.3,15,2015-07-22,1158.4,1092.1463623046875,1113.892333984375,1139.9556884765625,1118.3,12676,8192,2.1540015779092703,amazon/chronos-2
2015-07-01,2015-07-01,1118.3,16,2015-07-23,1152.6,1092.3123779296875,1114.0897216796875,1138.6407470703125,1118.3,12676,8192,2.1540015779092703,amazon/chronos-2
2015-07-01,2015-07-01,1118.3,17,2015-07-24,1162.3,1093.6805419921875,1113.954345703125,1141.6669921875,1118.3,12676,8192,2.1540015779092703,amazon/chronos-2
2015-07-01,2015-07-01,1118.3,18,2015-07-27,1164.6,1091.1240234375,1113.4403076171875,1142.7911376953125,1118.3,12676,8192,2.1540015779092703,amazon/chronos-2
2015-07-01,2015-07-01,1118.3,19,2015-07-28,1168.9,1090.281982421875,1113.6142578125,1144.13427734375,1118.3,12676,8192,2.1540015779092703,amazon/chronos-2
2015-07-01,2015-07-01,1118.3,20,2015-07-29,1166.2,1091.28515625,1113.898681640625,1144.384521484375,1118.3,12676,8192,2.1540015779092703,amazon/chronos-2
2015-07-01,2015-07-01,1118.3,21,2015-07-30,1157.9,1088.8426513671875,1112.552734375,1145.183349609375,1118.3,12676,8192,2.1540015779092703,amazon/chronos-2
2015-07-01,2015-07-01,1118.3,22,2015-07-31,1166.3,1089.1793212890625,1113.122802734375,1145.68017578125,1118.3,12676,8192,2.1540015779092703,amazon/chronos-2
2015-07-01,2015-07-01,1118.3,23,2015-08-03,1169.4,1088.109130859375,1112.95556640625,1145.751220703125,1118.3,12676,8192,2.1540015779092703,amazon/chronos-2
2015-07-01,2015-07-01,1118.3,24,2015-08-04,1165.2,1087.481201171875,1112.457275390625,1146.654296875,1118.3,12676,8192,2.1540015779092703,amazon/chronos-2
2015-07-01,2015-07-01,1118.3,25,2015-08-05,1169.3,1086.349365234375,1111.8258056640625,1147.5545654296875,1118.3,12676,8192,2.1540015779092703,amazon/chronos-2
2015-07-01,2015-07-01,1118.3,26,2015-08-06,1172.1,1085.2977294921875,1112.5396728515625,1149.940673828125,1118.3,12676,8192,2.1540015779092703,amazon/chronos-2
2015-07-01,2015-07-01,1118.3,27,2015-08-07,1170.2,1083.7149658203125,1111.2445068359375,1149.481689453125,1118.3,12676,8192,2.1540015779092703,amazon/chronos-2
2015-07-01,2015-07-01,1118.3,28,2015-08-10,1164.3,1083.7181396484375,1111.72021484375,1149.1539306640625,1118.3,12676,8192,2.1540015779092703,amazon/chronos-2
2015-07-01,2015-07-01,1118.3,29,2015-08-11,1165.3,1081.6160888671875,1110.6495361328125,1149.169921875,1118.3,12676,8192,2.1540015779092703,amazon/chronos-2
2015-07-01,2015-07-01,1118.3,30,2015-08-12,1170.4,1080.6060791015625,1110.5860595703125,1149.3924560546875,1118.3,12676,8192,2.1540015779092703,amazon/chronos-2
2015-07-01,2015-07-01,1118.3,31,2015-08-13,1190.3,1081.027587890625,1110.109130859375,1151.263671875,1118.3,12676,8192,2.1540015779092703,amazon/chronos-2
2015-07-01,2015-07-01,1118.3,32,2015-08-17,1174.2,1082.7667236328125,1111.007080078125,1150.0341796875,1118.3,12676,8192,2.1540015779092703,amazon/chronos-2
2015-07-01,2015-07-01,1118.3,33,2015-08-18,1182.2,1081.8206787109375,1110.0947265625,1153.6585693359375,1118.3,12676,8192,2.1540015779092703,amazon/chronos-2
2015-07-01,2015-07-01,1118.3,34,2015-08-19,1184.7,1081.3961181640625,1109.84033203125,1153.837890625,1118.3,12676,8192,2.1540015779092703,amazon/chronos-2
2015-07-01,2015-07-01,1118.3,35,2015-08-20,1185.1,1078.7843017578125,1110.4449462890625,1154.829345703125,1118.3,12676,8192,2.1540015779092703,amazon/chronos-2
2015-07-01,2015-07-01,1118.3,36,2015-08-21,1185.1,1079.35693359375,1109.7147216796875,1155.3284912109375,1118.3,12676,8192,2.1540015779092703,amazon/chronos-2
2015-07-01,2015-07-01,1118.3,37,2015-08-24,1192.0,1077.18701171875,1108.3336181640625,1155.3087158203125,1118.3,12676,8192,2.1540015779092703,amazon/chronos-2
2015-07-01,2015-07-01,1118.3,38,2015-08-25,1198.1,1078.4520263671875,1108.847412109375,1155.2952880859375,1118.3,12676,8192,2.1540015779092703,amazon/chronos-2
2015-07-01,2015-07-01,1118.3,39,2015-08-26,1194.6,1077.0386962890625,1108.51953125,1154.96435546875,1118.3,12676,8192,2.1540015779092703,amazon/chronos-2
2015-07-01,2015-07-01,1118.3,40,2015-08-27,1188.9,1075.982177734375,1107.8568115234375,1155.357666015625,1118.3,12676,8192,2.1540015779092703,amazon/chronos-2
2015-07-01,2015-07-01,1118.3,41,2015-08-28,1184.3,1075.3385009765625,1107.49658203125,1156.27880859375,1118.3,12676,8192,2.1540015779092703,amazon/chronos-2
2015-07-01,2015-07-01,1118.3,42,2015-08-31,1176.3,1074.4737548828125,1107.7947998046875,1158.4061279296875,1118.3,12676,8192,2.1540015779092703,amazon/chronos-2
2015-07-01,2015-07-01,1118.3,43,2015-09-01,1183.0,1072.042724609375,1106.57958984375,1158.2022705078125,1118.3,12676,8192,2.1540015779092703,amazon/chronos-2
2015-07-01,2015-07-01,1118.3,44,2015-09-02,1175.6,1072.2333984375,1107.283447265625,1158.421875,1118.3,12676,8192,2.1540015779092703,amazon/chronos-2
2015-07-01,2015-07-01,1118.3,45,2015-09-03,1178.0,1071.3043212890625,1106.9215087890625,1158.476806640625,1118.3,12676,8192,2.1540015779092703,amazon/chronos-2
2015-07-01,2015-07-01,1118.3,46,2015-09-04,1187.6,1071.5216064453125,1106.350830078125,1158.994384765625,1118.3,12676,8192,2.1540015779092703,amazon/chronos-2
2015-07-01,2015-07-01,1118.3,47,2015-09-07,1191.0,1069.8485107421875,1105.9342041015625,1159.4261474609375,1118.3,12676,8192,2.1540015779092703,amazon/chronos-2
2015-07-01,2015-07-01,1118.3,48,2015-09-08,1202.0,1072.0574951171875,1107.3853759765625,1158.7076416015625,1118.3,12676,8192,2.1540015779092703,amazon/chronos-2
2015-07-01,2015-07-01,1118.3,49,2015-09-09,1203.1,1072.2896728515625,1106.7001953125,1161.4708251953125,1118.3,12676,8192,2.1540015779092703,amazon/chronos-2
2015-07-01,2015-07-01,1118.3,50,2015-09-10,1192.0,1071.7484130859375,1105.827392578125,1160.9984130859375,1118.3,12676,8192,2.1540015779092703,amazon/chronos-2
2015-07-01,2015-07-01,1118.3,51,2015-09-11,1195.8,1070.758544921875,1106.501953125,1162.015625,1118.3,12676,8192,2.1540015779092703,amazon/chronos-2
2015-07-01,2015-07-01,1118.3,52,2015-09-14,1183.8,1071.1005859375,1105.4407958984375,1162.489990234375,1118.3,12676,8192,2.1540015779092703,amazon/chronos-2
2015-07-01,2015-07-01,1118.3,53,2015-09-15,1181.0,1068.885498046875,1104.13623046875,1162.6431884765625,1118.3,12676,8192,2.1540015779092703,amazon/chronos-2
2015-07-01,2015-07-01,1118.3,54,2015-09-16,1182.4,1070.45947265625,1104.7646484375,1162.760009765625,1118.3,12676,8192,2.1540015779092703,amazon/chronos-2
2015-07-01,2015-07-01,1118.3,55,2015-09-17,1179.4,1067.9908447265625,1104.11279296875,1162.8958740234375,1118.3,12676,8192,2.1540015779092703,amazon/chronos-2
2015-07-01,2015-07-01,1118.3,56,2015-09-18,1169.7,1067.2119140625,1103.9449462890625,1163.1463623046875,1118.3,12676,8192,2.1540015779092703,amazon/chronos-2
2015-07-01,2015-07-01,1118.3,57,2015-09-21,1166.7,1066.2406005859375,1103.62060546875,1164.3739013671875,1118.3,12676,8192,2.1540015779092703,amazon/chronos-2
2015-07-01,2015-07-01,1118.3,58,2015-09-22,1173.0,1065.5050048828125,1103.6156005859375,1165.99169921875,1118.3,12676,8192,2.1540015779092703,amazon/chronos-2
2015-07-01,2015-07-01,1118.3,59,2015-09-23,1177.2,1063.365966796875,1102.680908203125,1165.9666748046875,1118.3,12676,8192,2.1540015779092703,amazon/chronos-2
2015-07-01,2015-07-01,1118.3,60,2015-09-24,1187.5,1063.3526611328125,1103.3428955078125,1166.93408203125,1118.3,12676,8192,2.1540015779092703,amazon/chronos-2
2016-01-02,2015-12-31,1172.0,1,2016-01-04,1172.0,1163.21142578125,1169.685546875,1175.7896728515625,1172.0,12802,8192,2.1844754316069057,amazon/chronos-2
2016-01-02,2015-12-31,1172.0,2,2016-01-05,1184.3,1161.295166015625,1169.513671875,1178.6171875,1172.0,12802,8192,2.1844754316069057,amazon/chronos-2
2016-01-02,2015-12-31,1172.0,3,2016-01-06,1187.7,1158.3717041015625,1168.96875,1181.301513671875,1172.0,12802,8192,2.1844754316069057,amazon/chronos-2
2016-01-02,2015-12-31,1172.0,4,2016-01-07,1193.9,1156.017578125,1169.2247314453125,1182.3521728515625,1172.0,12802,8192,2.1844754316069057,amazon/chronos-2
2016-01-02,2015-12-31,1172.0,5,2016-01-08,1199.7,1154.957763671875,1168.8792724609375,1185.4366455078125,1172.0,12802,8192,2.1844754316069057,amazon/chronos-2
2016-01-02,2015-12-31,1172.0,6,2016-01-11,1196.2,1153.9014892578125,1169.7152099609375,1188.032958984375,1172.0,12802,8192,2.1844754316069057,amazon/chronos-2
2016-01-02,2015-12-31,1172.0,7,2016-01-12,1208.6,1152.866455078125,1169.9205322265625,1189.88671875,1172.0,12802,8192,2.1844754316069057,amazon/chronos-2
2016-01-02,2015-12-31,1172.0,8,2016-01-13,1208.5,1151.166748046875,1169.65576171875,1191.65478515625,1172.0,12802,8192,2.1844754316069057,amazon/chronos-2
2016-01-02,2015-12-31,1172.0,9,2016-01-14,1206.4,1150.2213134765625,1169.42431640625,1193.654541015625,1172.0,12802,8192,2.1844754316069057,amazon/chronos-2
2016-01-02,2015-12-31,1172.0,10,2016-01-15,1212.7,1148.715087890625,1170.4036865234375,1196.8623046875,1172.0,12802,8192,2.1844754316069057,amazon/chronos-2
2016-01-02,2015-12-31,1172.0,11,2016-01-18,1211.0,1147.961181640625,1169.8095703125,1198.8502197265625,1172.0,12802,8192,2.1844754316069057,amazon/chronos-2
2016-01-02,2015-12-31,1172.0,12,2016-01-19,1212.5,1147.00830078125,1170.370849609375,1200.4381103515625,1172.0,12802,8192,2.1844754316069057,amazon/chronos-2
2016-01-02,2015-12-31,1172.0,13,2016-01-20,1209.9,1145.1607666015625,1169.9854736328125,1202.34814453125,1172.0,12802,8192,2.1844754316069057,amazon/chronos-2
2016-01-02,2015-12-31,1172.0,14,2016-01-21,1211.6,1142.9759521484375,1170.539794921875,1204.510009765625,1172.0,12802,8192,2.1844754316069057,amazon/chronos-2
2016-01-02,2015-12-31,1172.0,15,2016-01-22,1209.9,1143.7720947265625,1170.9046630859375,1206.8638916015625,1172.0,12802,8192,2.1844754316069057,amazon/chronos-2
2016-01-02,2015-12-31,1172.0,16,2016-01-25,1203.2,1144.14306640625,1170.882080078125,1207.170654296875,1172.0,12802,8192,2.1844754316069057,amazon/chronos-2
2016-01-02,2015-12-31,1172.0,17,2016-01-26,1194.4,1145.7955322265625,1171.528564453125,1218.450927734375,1172.0,12802,8192,2.1844754316069057,amazon/chronos-2
2016-01-02,2015-12-31,1172.0,18,2016-01-27,1201.4,1141.687255859375,1170.978271484375,1222.1905517578125,1172.0,12802,8192,2.1844754316069057,amazon/chronos-2
2016-01-02,2015-12-31,1172.0,19,2016-01-28,1201.0,1140.5980224609375,1171.69677734375,1226.442138671875,1172.0,12802,8192,2.1844754316069057,amazon/chronos-2
2016-01-02,2015-12-31,1172.0,20,2016-01-29,1208.4,1142.1314697265625,1172.8138427734375,1230.4989013671875,1172.0,12802,8192,2.1844754316069057,amazon/chronos-2
2016-01-02,2015-12-31,1172.0,21,2016-02-01,1206.2,1139.617431640625,1171.9547119140625,1234.760986328125,1172.0,12802,8192,2.1844754316069057,amazon/chronos-2
2016-01-02,2015-12-31,1172.0,22,2016-02-02,1204.5,1139.189208984375,1172.9520263671875,1237.2099609375,1172.0,12802,8192,2.1844754316069057,amazon/chronos-2
2016-01-02,2015-12-31,1172.0,23,2016-02-03,1203.1,1138.215087890625,1173.51904296875,1240.0177001953125,1172.0,12802,8192,2.1844754316069057,amazon/chronos-2
2016-01-02,2015-12-31,1172.0,24,2016-02-04,1216.7,1137.7569580078125,1173.795654296875,1242.081787109375,1172.0,12802,8192,2.1844754316069057,amazon/chronos-2
2016-01-02,2015-12-31,1172.0,25,2016-02-05,1202.7,1136.4053955078125,1173.7042236328125,1247.732421875,1172.0,12802,8192,2.1844754316069057,amazon/chronos-2
2016-01-02,2015-12-31,1172.0,26,2016-02-11,1195.1,1135.16845703125,1175.675537109375,1250.383056640625,1172.0,12802,8192,2.1844754316069057,amazon/chronos-2
2016-01-02,2015-12-31,1172.0,27,2016-02-12,1197.0,1133.9461669921875,1176.3541259765625,1256.6209716796875,1172.0,12802,8192,2.1844754316069057,amazon/chronos-2
2016-01-02,2015-12-31,1172.0,28,2016-02-15,1206.5,1133.7861328125,1176.625,1265.875244140625,1172.0,12802,8192,2.1844754316069057,amazon/chronos-2
2016-01-02,2015-12-31,1172.0,29,2016-02-16,1209.9,1131.92041015625,1175.97412109375,1270.999755859375,1172.0,12802,8192,2.1844754316069057,amazon/chronos-2
2016-01-02,2015-12-31,1172.0,30,2016-02-17,1216.6,1130.4256591796875,1176.9224853515625,1272.5235595703125,1172.0,12802,8192,2.1844754316069057,amazon/chronos-2
2016-01-02,2015-12-31,1172.0,31,2016-02-18,1224.8,1130.7796630859375,1177.3306884765625,1275.1187744140625,1172.0,12802,8192,2.1844754316069057,amazon/chronos-2
2016-01-02,2015-12-31,1172.0,32,2016-02-19,1225.7,1130.3922119140625,1178.6436767578125,1277.80126953125,1172.0,12802,8192,2.1844754316069057,amazon/chronos-2
2016-01-02,2015-12-31,1172.0,33,2016-02-22,1233.9,1132.9208984375,1182.2576904296875,1295.589111328125,1172.0,12802,8192,2.1844754316069057,amazon/chronos-2
2016-01-02,2015-12-31,1172.0,34,2016-02-23,1233.2,1133.59912109375,1183.2298583984375,1297.462646484375,1172.0,12802,8192,2.1844754316069057,amazon/chronos-2
2016-01-02,2015-12-31,1172.0,35,2016-02-24,1230.1,1129.49560546875,1184.176513671875,1301.101806640625,1172.0,12802,8192,2.1844754316069057,amazon/chronos-2
2016-01-02,2015-12-31,1172.0,36,2016-02-25,1234.8,1131.248046875,1184.1036376953125,1310.27294921875,1172.0,12802,8192,2.1844754316069057,amazon/chronos-2
2016-01-02,2015-12-31,1172.0,37,2016-02-26,1236.1,1128.560791015625,1183.792724609375,1311.6123046875,1172.0,12802,8192,2.1844754316069057,amazon/chronos-2
2016-01-02,2015-12-31,1172.0,38,2016-02-29,1235.4,1130.7613525390625,1184.783447265625,1317.9700927734375,1172.0,12802,8192,2.1844754316069057,amazon/chronos-2
2016-01-02,2015-12-31,1172.0,39,2016-03-02,1240.9,1128.2586669921875,1185.357421875,1324.27685546875,1172.0,12802,8192,2.1844754316069057,amazon/chronos-2
2016-01-02,2015-12-31,1172.0,40,2016-03-03,1232.7,1127.8570556640625,1186.34765625,1323.8551025390625,1172.0,12802,8192,2.1844754316069057,amazon/chronos-2
2016-01-02,2015-12-31,1172.0,41,2016-03-04,1218.9,1125.521240234375,1186.8038330078125,1330.6705322265625,1172.0,12802,8192,2.1844754316069057,amazon/chronos-2
2016-01-02,2015-12-31,1172.0,42,2016-03-07,1208.5,1125.046630859375,1187.7322998046875,1334.025146484375,1172.0,12802,8192,2.1844754316069057,amazon/chronos-2
2016-01-02,2015-12-31,1172.0,43,2016-03-08,1200.7,1120.63818359375,1188.677001953125,1339.9249267578125,1172.0,12802,8192,2.1844754316069057,amazon/chronos-2
2016-01-02,2015-12-31,1172.0,44,2016-03-09,1205.2,1122.145263671875,1188.8636474609375,1351.597412109375,1172.0,12802,8192,2.1844754316069057,amazon/chronos-2
2016-01-02,2015-12-31,1172.0,45,2016-03-10,1214.5,1122.10693359375,1188.6455078125,1357.536376953125,1172.0,12802,8192,2.1844754316069057,amazon/chronos-2
2016-01-02,2015-12-31,1172.0,46,2016-03-11,1208.8,1122.8558349609375,1189.1600341796875,1352.286865234375,1172.0,12802,8192,2.1844754316069057,amazon/chronos-2
2016-01-02,2015-12-31,1172.0,47,2016-03-14,1200.1,1120.5111083984375,1188.9007568359375,1357.48583984375,1172.0,12802,8192,2.1844754316069057,amazon/chronos-2
2016-01-02,2015-12-31,1172.0,48,2016-03-15,1186.5,1119.3846435546875,1191.396240234375,1357.6053466796875,1172.0,12802,8192,2.1844754316069057,amazon/chronos-2
2016-01-02,2015-12-31,1172.0,49,2016-03-16,1189.2,1121.0174560546875,1196.9632568359375,1389.6005859375,1172.0,12802,8192,2.1844754316069057,amazon/chronos-2
2016-01-02,2015-12-31,1172.0,50,2016-03-17,1192.7,1121.188720703125,1198.922607421875,1388.0430908203125,1172.0,12802,8192,2.1844754316069057,amazon/chronos-2
2016-01-02,2015-12-31,1172.0,51,2016-03-18,1174.5,1122.4981689453125,1199.2021484375,1387.2044677734375,1172.0,12802,8192,2.1844754316069057,amazon/chronos-2
2016-01-02,2015-12-31,1172.0,52,2016-03-21,1161.3,1123.2012939453125,1199.5335693359375,1395.5787353515625,1172.0,12802,8192,2.1844754316069057,amazon/chronos-2
2016-01-02,2015-12-31,1172.0,53,2016-03-22,1165.3,1118.8681640625,1198.95556640625,1399.9051513671875,1172.0,12802,8192,2.1844754316069057,amazon/chronos-2
2016-01-02,2015-12-31,1172.0,54,2016-03-23,1159.5,1121.5169677734375,1199.4305419921875,1409.71337890625,1172.0,12802,8192,2.1844754316069057,amazon/chronos-2
2016-01-02,2015-12-31,1172.0,55,2016-03-24,1158.8,1120.988037109375,1199.102294921875,1415.035400390625,1172.0,12802,8192,2.1844754316069057,amazon/chronos-2
2016-01-02,2015-12-31,1172.0,56,2016-03-25,1167.1,1120.7435302734375,1200.505126953125,1409.718017578125,1172.0,12802,8192,2.1844754316069057,amazon/chronos-2
2016-01-02,2015-12-31,1172.0,57,2016-03-28,1169.4,1118.069580078125,1201.141845703125,1412.45166015625,1172.0,12802,8192,2.1844754316069057,amazon/chronos-2
2016-01-02,2015-12-31,1172.0,58,2016-03-29,1169.6,1120.35546875,1202.0130615234375,1415.8367919921875,1172.0,12802,8192,2.1844754316069057,amazon/chronos-2
2016-01-02,2015-12-31,1172.0,59,2016-03-30,1163.0,1114.4451904296875,1202.46240234375,1417.350341796875,1172.0,12802,8192,2.1844754316069057,amazon/chronos-2
2016-01-02,2015-12-31,1172.0,60,2016-03-31,1153.5,1117.826904296875,1201.7076416015625,1424.19287109375,1172.0,12802,8192,2.1844754316069057,amazon/chronos-2
2016-07-01,2016-07-01,1152.6,1,2016-07-04,1147.5,1137.0162353515625,1146.9580078125,1156.9925537109375,1152.6,12924,8192,2.2191186257061055,amazon/chronos-2
2016-07-01,2016-07-01,1152.6,2,2016-07-05,1148.1,1131.6009521484375,1146.9774169921875,1162.5643310546875,1152.6,12924,8192,2.2191186257061055,amazon/chronos-2
2016-07-01,2016-07-01,1152.6,3,2016-07-06,1153.0,1129.710693359375,1147.6331787109375,1167.60888671875,1152.6,12924,8192,2.2191186257061055,amazon/chronos-2
2016-07-01,2016-07-01,1152.6,4,2016-07-07,1165.8,1128.160888671875,1148.1114501953125,1169.0709228515625,1152.6,12924,8192,2.2191186257061055,amazon/chronos-2
2016-07-01,2016-07-01,1152.6,5,2016-07-08,1156.6,1125.167236328125,1147.041259765625,1172.5858154296875,1152.6,12924,8192,2.2191186257061055,amazon/chronos-2
2016-07-01,2016-07-01,1152.6,6,2016-07-11,1159.2,1123.966796875,1147.7857666015625,1174.3687744140625,1152.6,12924,8192,2.2191186257061055,amazon/chronos-2
2016-07-01,2016-07-01,1152.6,7,2016-07-12,1147.8,1122.267333984375,1147.885498046875,1176.379150390625,1152.6,12924,8192,2.2191186257061055,amazon/chronos-2
2016-07-01,2016-07-01,1152.6,8,2016-07-13,1149.3,1120.6741943359375,1147.58251953125,1177.9052734375,1152.6,12924,8192,2.2191186257061055,amazon/chronos-2
2016-07-01,2016-07-01,1152.6,9,2016-07-14,1145.7,1118.0069580078125,1147.2674560546875,1180.4830322265625,1152.6,12924,8192,2.2191186257061055,amazon/chronos-2
2016-07-01,2016-07-01,1152.6,10,2016-07-15,1141.8,1117.190185546875,1148.5126953125,1182.614990234375,1152.6,12924,8192,2.2191186257061055,amazon/chronos-2
2016-07-01,2016-07-01,1152.6,11,2016-07-18,1132.7,1113.6453857421875,1146.9830322265625,1183.5416259765625,1152.6,12924,8192,2.2191186257061055,amazon/chronos-2
2016-07-01,2016-07-01,1152.6,12,2016-07-19,1136.3,1114.24169921875,1147.150634765625,1183.272216796875,1152.6,12924,8192,2.2191186257061055,amazon/chronos-2
2016-07-01,2016-07-01,1152.6,13,2016-07-20,1138.4,1111.8641357421875,1146.17041015625,1183.894287109375,1152.6,12924,8192,2.2191186257061055,amazon/chronos-2
2016-07-01,2016-07-01,1152.6,14,2016-07-21,1140.8,1111.5736083984375,1146.940673828125,1186.22216796875,1152.6,12924,8192,2.2191186257061055,amazon/chronos-2
2016-07-01,2016-07-01,1152.6,15,2016-07-22,1140.2,1111.1973876953125,1146.8216552734375,1187.781005859375,1152.6,12924,8192,2.2191186257061055,amazon/chronos-2
2016-07-01,2016-07-01,1152.6,16,2016-07-25,1135.0,1110.6800537109375,1147.157470703125,1187.660400390625,1152.6,12924,8192,2.2191186257061055,amazon/chronos-2
2016-07-01,2016-07-01,1152.6,17,2016-07-26,1136.9,1113.4810791015625,1146.066650390625,1190.6407470703125,1152.6,12924,8192,2.2191186257061055,amazon/chronos-2
2016-07-01,2016-07-01,1152.6,18,2016-07-27,1138.4,1111.843017578125,1145.7530517578125,1192.2318115234375,1152.6,12924,8192,2.2191186257061055,amazon/chronos-2
2016-07-01,2016-07-01,1152.6,19,2016-07-28,1134.1,1109.49072265625,1146.6328125,1193.958984375,1152.6,12924,8192,2.2191186257061055,amazon/chronos-2
2016-07-01,2016-07-01,1152.6,20,2016-07-29,1125.7,1109.598388671875,1145.9071044921875,1195.4173583984375,1152.6,12924,8192,2.2191186257061055,amazon/chronos-2
2016-07-01,2016-07-01,1152.6,21,2016-08-01,1122.4,1106.196533203125,1144.32080078125,1195.9307861328125,1152.6,12924,8192,2.2191186257061055,amazon/chronos-2
2016-07-01,2016-07-01,1152.6,22,2016-08-02,1111.0,1107.7945556640625,1145.3480224609375,1196.4893798828125,1152.6,12924,8192,2.2191186257061055,amazon/chronos-2
2016-07-01,2016-07-01,1152.6,23,2016-08-03,1108.9,1105.7662353515625,1144.884033203125,1196.60546875,1152.6,12924,8192,2.2191186257061055,amazon/chronos-2
2016-07-01,2016-07-01,1152.6,24,2016-08-04,1114.0,1104.3150634765625,1144.5408935546875,1197.8717041015625,1152.6,12924,8192,2.2191186257061055,amazon/chronos-2
2016-07-01,2016-07-01,1152.6,25,2016-08-05,1113.8,1101.9256591796875,1144.1290283203125,1199.96142578125,1152.6,12924,8192,2.2191186257061055,amazon/chronos-2
2016-07-01,2016-07-01,1152.6,26,2016-08-08,1111.3,1101.064697265625,1144.5223388671875,1200.9112548828125,1152.6,12924,8192,2.2191186257061055,amazon/chronos-2
2016-07-01,2016-07-01,1152.6,27,2016-08-09,1112.7,1098.4296875,1143.40673828125,1201.501953125,1152.6,12924,8192,2.2191186257061055,amazon/chronos-2
2016-07-01,2016-07-01,1152.6,28,2016-08-10,1107.2,1099.375244140625,1144.171630859375,1202.01171875,1152.6,12924,8192,2.2191186257061055,amazon/chronos-2
2016-07-01,2016-07-01,1152.6,29,2016-08-11,1096.1,1098.2298583984375,1143.9384765625,1202.1434326171875,1152.6,12924,8192,2.2191186257061055,amazon/chronos-2
2016-07-01,2016-07-01,1152.6,30,2016-08-12,1098.6,1097.5498046875,1143.55126953125,1203.2083740234375,1152.6,12924,8192,2.2191186257061055,amazon/chronos-2
2016-07-01,2016-07-01,1152.6,31,2016-08-16,1101.1,1096.37109375,1142.8974609375,1203.2109375,1152.6,12924,8192,2.2191186257061055,amazon/chronos-2
2016-07-01,2016-07-01,1152.6,32,2016-08-17,1095.0,1096.1734619140625,1144.586181640625,1203.6864013671875,1152.6,12924,8192,2.2191186257061055,amazon/chronos-2
2016-07-01,2016-07-01,1152.6,33,2016-08-18,1102.3,1095.01416015625,1142.7373046875,1207.4830322265625,1152.6,12924,8192,2.2191186257061055,amazon/chronos-2
2016-07-01,2016-07-01,1152.6,34,2016-08-19,1106.4,1093.5020751953125,1142.4180908203125,1207.374267578125,1152.6,12924,8192,2.2191186257061055,amazon/chronos-2
2016-07-01,2016-07-01,1152.6,35,2016-08-22,1115.2,1094.4913330078125,1143.717529296875,1208.279541015625,1152.6,12924,8192,2.2191186257061055,amazon/chronos-2
2016-07-01,2016-07-01,1152.6,36,2016-08-23,1125.3,1093.3812255859375,1142.5234375,1210.0867919921875,1152.6,12924,8192,2.2191186257061055,amazon/chronos-2
2016-07-01,2016-07-01,1152.6,37,2016-08-24,1117.4,1090.271484375,1140.952880859375,1209.220947265625,1152.6,12924,8192,2.2191186257061055,amazon/chronos-2
2016-07-01,2016-07-01,1152.6,38,2016-08-25,1121.6,1091.2022705078125,1141.7205810546875,1209.749755859375,1152.6,12924,8192,2.2191186257061055,amazon/chronos-2
2016-07-01,2016-07-01,1152.6,39,2016-08-26,1119.0,1090.3377685546875,1141.171630859375,1209.87841796875,1152.6,12924,8192,2.2191186257061055,amazon/chronos-2
2016-07-01,2016-07-01,1152.6,40,2016-08-29,1113.9,1089.7269287109375,1141.4100341796875,1210.4412841796875,1152.6,12924,8192,2.2191186257061055,amazon/chronos-2
2016-07-01,2016-07-01,1152.6,41,2016-08-30,1125.2,1087.5428466796875,1140.7232666015625,1212.607177734375,1152.6,12924,8192,2.2191186257061055,amazon/chronos-2
2016-07-01,2016-07-01,1152.6,42,2016-08-31,1118.5,1088.32958984375,1140.8233642578125,1211.86083984375,1152.6,12924,8192,2.2191186257061055,amazon/chronos-2
2016-07-01,2016-07-01,1152.6,43,2016-09-01,1117.4,1085.04541015625,1140.185302734375,1212.963134765625,1152.6,12924,8192,2.2191186257061055,amazon/chronos-2
2016-07-01,2016-07-01,1152.6,44,2016-09-02,1119.3,1086.302001953125,1141.0748291015625,1213.954833984375,1152.6,12924,8192,2.2191186257061055,amazon/chronos-2
2016-07-01,2016-07-01,1152.6,45,2016-09-05,1117.6,1084.960205078125,1141.2406005859375,1213.969970703125,1152.6,12924,8192,2.2191186257061055,amazon/chronos-2
2016-07-01,2016-07-01,1152.6,46,2016-09-06,1108.2,1086.0975341796875,1140.2755126953125,1214.6322021484375,1152.6,12924,8192,2.2191186257061055,amazon/chronos-2
2016-07-01,2016-07-01,1152.6,47,2016-09-07,1105.0,1084.2353515625,1139.767822265625,1213.5555419921875,1152.6,12924,8192,2.2191186257061055,amazon/chronos-2
2016-07-01,2016-07-01,1152.6,48,2016-09-08,1093.2,1083.4984130859375,1141.746337890625,1215.1263427734375,1152.6,12924,8192,2.2191186257061055,amazon/chronos-2
2016-07-01,2016-07-01,1152.6,49,2016-09-09,1093.2,1083.6981201171875,1140.501220703125,1220.5054931640625,1152.6,12924,8192,2.2191186257061055,amazon/chronos-2
2016-07-01,2016-07-01,1152.6,50,2016-09-12,1099.5,1082.2900390625,1139.9248046875,1220.280517578125,1152.6,12924,8192,2.2191186257061055,amazon/chronos-2
2016-07-01,2016-07-01,1152.6,51,2016-09-13,1110.6,1083.47412109375,1140.9559326171875,1221.161376953125,1152.6,12924,8192,2.2191186257061055,amazon/chronos-2
2016-07-01,2016-07-01,1152.6,52,2016-09-19,1112.3,1082.049072265625,1139.84033203125,1223.7847900390625,1152.6,12924,8192,2.2191186257061055,amazon/chronos-2
2016-07-01,2016-07-01,1152.6,53,2016-09-20,1120.0,1080.281494140625,1138.563720703125,1222.18994140625,1152.6,12924,8192,2.2191186257061055,amazon/chronos-2
2016-07-01,2016-07-01,1152.6,54,2016-09-21,1119.5,1080.99755859375,1139.390869140625,1223.651123046875,1152.6,12924,8192,2.2191186257061055,amazon/chronos-2
2016-07-01,2016-07-01,1152.6,55,2016-09-22,1116.8,1080.6732177734375,1139.0343017578125,1224.36572265625,1152.6,12924,8192,2.2191186257061055,amazon/chronos-2
2016-07-01,2016-07-01,1152.6,56,2016-09-23,1103.1,1080.202392578125,1139.567626953125,1224.514892578125,1152.6,12924,8192,2.2191186257061055,amazon/chronos-2
2016-07-01,2016-07-01,1152.6,57,2016-09-26,1104.2,1078.3431396484375,1138.795654296875,1227.5517578125,1152.6,12924,8192,2.2191186257061055,amazon/chronos-2
2016-07-01,2016-07-01,1152.6,58,2016-09-27,1106.9,1078.7196044921875,1138.9119873046875,1226.9371337890625,1152.6,12924,8192,2.2191186257061055,amazon/chronos-2
2016-07-01,2016-07-01,1152.6,59,2016-09-28,1103.5,1075.186767578125,1138.794677734375,1228.9598388671875,1152.6,12924,8192,2.2191186257061055,amazon/chronos-2
2016-07-01,2016-07-01,1152.6,60,2016-09-29,1095.7,1077.022216796875,1139.5875244140625,1231.488525390625,1152.6,12924,8192,2.2191186257061055,amazon/chronos-2
2017-01-02,2017-01-02,1208.5,1,2017-01-03,1207.8,1197.0687255859375,1208.6494140625,1217.6373291015625,1208.5,13050,8192,2.244506858763123,amazon/chronos-2
2017-01-02,2017-01-02,1208.5,2,2017-01-04,1206.2,1196.65869140625,1208.701904296875,1219.6708984375,1208.5,13050,8192,2.244506858763123,amazon/chronos-2
2017-01-02,2017-01-02,1208.5,3,2017-01-05,1206.7,1193.285888671875,1208.57666015625,1222.239990234375,1208.5,13050,8192,2.244506858763123,amazon/chronos-2
2017-01-02,2017-01-02,1208.5,4,2017-01-06,1191.6,1191.7315673828125,1208.4019775390625,1223.50927734375,1208.5,13050,8192,2.244506858763123,amazon/chronos-2
2017-01-02,2017-01-02,1208.5,5,2017-01-09,1189.1,1190.146728515625,1208.2276611328125,1225.9100341796875,1208.5,13050,8192,2.244506858763123,amazon/chronos-2
2017-01-02,2017-01-02,1208.5,6,2017-01-10,1205.5,1189.299072265625,1209.06201171875,1228.1168212890625,1208.5,13050,8192,2.244506858763123,amazon/chronos-2
2017-01-02,2017-01-02,1208.5,7,2017-01-11,1198.7,1188.5809326171875,1209.5521240234375,1230.375,1208.5,13050,8192,2.244506858763123,amazon/chronos-2
2017-01-02,2017-01-02,1208.5,8,2017-01-12,1196.4,1186.454833984375,1209.3995361328125,1232.1593017578125,1208.5,13050,8192,2.244506858763123,amazon/chronos-2
2017-01-02,2017-01-02,1208.5,9,2017-01-13,1182.8,1185.919677734375,1209.6632080078125,1233.6776123046875,1208.5,13050,8192,2.244506858763123,amazon/chronos-2
2017-01-02,2017-01-02,1208.5,10,2017-01-16,1177.7,1184.63232421875,1210.2879638671875,1236.166748046875,1208.5,13050,8192,2.244506858763123,amazon/chronos-2
2017-01-02,2017-01-02,1208.5,11,2017-01-17,1180.5,1183.53466796875,1209.50732421875,1236.7767333984375,1208.5,13050,8192,2.244506858763123,amazon/chronos-2
2017-01-02,2017-01-02,1208.5,12,2017-01-18,1180.9,1182.5238037109375,1210.009033203125,1236.9674072265625,1208.5,13050,8192,2.244506858763123,amazon/chronos-2
2017-01-02,2017-01-02,1208.5,13,2017-01-19,1165.6,1180.3111572265625,1209.0067138671875,1237.3359375,1208.5,13050,8192,2.244506858763123,amazon/chronos-2
2017-01-02,2017-01-02,1208.5,14,2017-01-20,1177.1,1178.951904296875,1210.1961669921875,1237.68994140625,1208.5,13050,8192,2.244506858763123,amazon/chronos-2
2017-01-02,2017-01-02,1208.5,15,2017-01-23,1172.5,1179.5628662109375,1210.8814697265625,1242.06982421875,1208.5,13050,8192,2.244506858763123,amazon/chronos-2
2017-01-02,2017-01-02,1208.5,16,2017-01-24,1166.7,1179.6497802734375,1210.563232421875,1242.8017578125,1208.5,13050,8192,2.244506858763123,amazon/chronos-2
2017-01-02,2017-01-02,1208.5,17,2017-01-25,1163.6,1180.187744140625,1209.309326171875,1242.130126953125,1208.5,13050,8192,2.244506858763123,amazon/chronos-2
2017-01-02,2017-01-02,1208.5,18,2017-01-26,1166.2,1177.09521484375,1208.509521484375,1243.5323486328125,1208.5,13050,8192,2.244506858763123,amazon/chronos-2
2017-01-02,2017-01-02,1208.5,19,2017-01-31,1157.8,1174.8779296875,1208.4173583984375,1245.629150390625,1208.5,13050,8192,2.244506858763123,amazon/chronos-2
2017-01-02,2017-01-02,1208.5,20,2017-02-01,1165.5,1176.49365234375,1208.536376953125,1247.3304443359375,1208.5,13050,8192,2.244506858763123,amazon/chronos-2
2017-01-02,2017-01-02,1208.5,21,2017-02-02,1155.2,1174.280517578125,1208.481689453125,1248.6358642578125,1208.5,13050,8192,2.244506858763123,amazon/chronos-2
2017-01-02,2017-01-02,1208.5,22,2017-02-03,1149.2,1173.150634765625,1208.2374267578125,1249.0394287109375,1208.5,13050,8192,2.244506858763123,amazon/chronos-2
2017-01-02,2017-01-02,1208.5,23,2017-02-06,1146.8,1172.4183349609375,1208.91552734375,1250.6192626953125,1208.5,13050,8192,2.244506858763123,amazon/chronos-2
2017-01-02,2017-01-02,1208.5,24,2017-02-07,1137.7,1170.9659423828125,1208.5963134765625,1251.8974609375,1208.5,13050,8192,2.244506858763123,amazon/chronos-2
2017-01-02,2017-01-02,1208.5,25,2017-02-08,1142.1,1169.3150634765625,1208.473388671875,1253.6859130859375,1208.5,13050,8192,2.244506858763123,amazon/chronos-2
2017-01-02,2017-01-02,1208.5,26,2017-02-09,1145.4,1168.59619140625,1209.146240234375,1254.582275390625,1208.5,13050,8192,2.244506858763123,amazon/chronos-2
2017-01-02,2017-01-02,1208.5,27,2017-02-10,1145.7,1165.98681640625,1208.38037109375,1255.441650390625,1208.5,13050,8192,2.244506858763123,amazon/chronos-2
2017-01-02,2017-01-02,1208.5,28,2017-02-13,1151.4,1166.5958251953125,1208.5975341796875,1256.3341064453125,1208.5,13050,8192,2.244506858763123,amazon/chronos-2
2017-01-02,2017-01-02,1208.5,29,2017-02-14,1151.9,1165.063232421875,1207.66748046875,1256.0858154296875,1208.5,13050,8192,2.244506858763123,amazon/chronos-2
2017-01-02,2017-01-02,1208.5,30,2017-02-15,1144.5,1162.4437255859375,1208.2996826171875,1254.71923828125,1208.5,13050,8192,2.244506858763123,amazon/chronos-2
2017-01-02,2017-01-02,1208.5,31,2017-02-16,1141.6,1164.576904296875,1208.626953125,1258.69921875,1208.5,13050,8192,2.244506858763123,amazon/chronos-2
2017-01-02,2017-01-02,1208.5,32,2017-02-17,1138.9,1164.8427734375,1208.251708984375,1259.4210205078125,1208.5,13050,8192,2.244506858763123,amazon/chronos-2
2017-01-02,2017-01-02,1208.5,33,2017-02-20,1145.3,1162.026611328125,1208.0242919921875,1263.3984375,1208.5,13050,8192,2.244506858763123,amazon/chronos-2
2017-01-02,2017-01-02,1208.5,34,2017-02-21,1147.6,1160.34326171875,1206.38427734375,1262.398681640625,1208.5,13050,8192,2.244506858763123,amazon/chronos-2
2017-01-02,2017-01-02,1208.5,35,2017-02-22,1146.8,1159.2037353515625,1206.402587890625,1263.7591552734375,1208.5,13050,8192,2.244506858763123,amazon/chronos-2
2017-01-02,2017-01-02,1208.5,36,2017-02-23,1140.9,1159.7171630859375,1206.440185546875,1265.9288330078125,1208.5,13050,8192,2.244506858763123,amazon/chronos-2
2017-01-02,2017-01-02,1208.5,37,2017-02-24,1138.8,1159.870849609375,1206.5511474609375,1263.768798828125,1208.5,13050,8192,2.244506858763123,amazon/chronos-2
2017-01-02,2017-01-02,1208.5,38,2017-02-27,1131.0,1159.079833984375,1205.8463134765625,1265.423095703125,1208.5,13050,8192,2.244506858763123,amazon/chronos-2
2017-01-02,2017-01-02,1208.5,39,2017-02-28,1132.1,1158.28955078125,1206.3355712890625,1266.186279296875,1208.5,13050,8192,2.244506858763123,amazon/chronos-2
2017-01-02,2017-01-02,1208.5,40,2017-03-02,1132.3,1156.974609375,1205.8046875,1267.30322265625,1208.5,13050,8192,2.244506858763123,amazon/chronos-2
2017-01-02,2017-01-02,1208.5,41,2017-03-03,1142.0,1154.0697021484375,1205.5247802734375,1269.7093505859375,1208.5,13050,8192,2.244506858763123,amazon/chronos-2
2017-01-02,2017-01-02,1208.5,42,2017-03-06,1152.7,1153.9266357421875,1206.34619140625,1269.0433349609375,1208.5,13050,8192,2.244506858763123,amazon/chronos-2
2017-01-02,2017-01-02,1208.5,43,2017-03-07,1156.1,1150.5882568359375,1205.3193359375,1269.92529296875,1208.5,13050,8192,2.244506858763123,amazon/chronos-2
2017-01-02,2017-01-02,1208.5,44,2017-03-08,1151.2,1151.529296875,1204.970703125,1271.15673828125,1208.5,13050,8192,2.244506858763123,amazon/chronos-2
2017-01-02,2017-01-02,1208.5,45,2017-03-09,1146.6,1150.791748046875,1203.8992919921875,1270.9072265625,1208.5,13050,8192,2.244506858763123,amazon/chronos-2
2017-01-02,2017-01-02,1208.5,46,2017-03-10,1156.1,1148.6778564453125,1204.6080322265625,1269.356689453125,1208.5,13050,8192,2.244506858763123,amazon/chronos-2
2017-01-02,2017-01-02,1208.5,47,2017-03-13,1158.2,1149.9237060546875,1204.216064453125,1271.3807373046875,1208.5,13050,8192,2.244506858763123,amazon/chronos-2
2017-01-02,2017-01-02,1208.5,48,2017-03-14,1147.7,1149.495849609375,1204.2305908203125,1272.556884765625,1208.5,13050,8192,2.244506858763123,amazon/chronos-2
2017-01-02,2017-01-02,1208.5,49,2017-03-15,1147.3,1146.95263671875,1206.033203125,1280.4708251953125,1208.5,13050,8192,2.244506858763123,amazon/chronos-2
2017-01-02,2017-01-02,1208.5,50,2017-03-16,1146.3,1146.046142578125,1204.6279296875,1277.7357177734375,1208.5,13050,8192,2.244506858763123,amazon/chronos-2
2017-01-02,2017-01-02,1208.5,51,2017-03-17,1131.7,1147.2513427734375,1204.70361328125,1278.0003662109375,1208.5,13050,8192,2.244506858763123,amazon/chronos-2
2017-01-02,2017-01-02,1208.5,52,2017-03-20,1131.4,1147.7208251953125,1204.84619140625,1280.6851806640625,1208.5,13050,8192,2.244506858763123,amazon/chronos-2
2017-01-02,2017-01-02,1208.5,53,2017-03-21,1124.5,1145.947021484375,1204.361572265625,1276.732666015625,1208.5,13050,8192,2.244506858763123,amazon/chronos-2
2017-01-02,2017-01-02,1208.5,54,2017-03-22,1117.5,1147.17431640625,1204.093994140625,1279.4925537109375,1208.5,13050,8192,2.244506858763123,amazon/chronos-2
2017-01-02,2017-01-02,1208.5,55,2017-03-23,1123.8,1146.4110107421875,1204.3170166015625,1280.6129150390625,1208.5,13050,8192,2.244506858763123,amazon/chronos-2
2017-01-02,2017-01-02,1208.5,56,2017-03-24,1120.0,1145.88671875,1203.725341796875,1280.549072265625,1208.5,13050,8192,2.244506858763123,amazon/chronos-2
2017-01-02,2017-01-02,1208.5,57,2017-03-27,1122.7,1142.687744140625,1203.5428466796875,1283.44921875,1208.5,13050,8192,2.244506858763123,amazon/chronos-2
2017-01-02,2017-01-02,1208.5,58,2017-03-28,1114.2,1142.8291015625,1204.45654296875,1282.0411376953125,1208.5,13050,8192,2.244506858763123,amazon/chronos-2
2017-01-02,2017-01-02,1208.5,59,2017-03-29,1112.5,1139.6571044921875,1203.48974609375,1282.765625,1208.5,13050,8192,2.244506858763123,amazon/chronos-2
2017-01-02,2017-01-02,1208.5,60,2017-03-30,1114.0,1140.481201171875,1202.7828369140625,1284.5869140625,1208.5,13050,8192,2.244506858763123,amazon/chronos-2
2017-07-01,2017-06-30,1139.6,1,2017-07-03,1144.0,1133.2598876953125,1141.4407958984375,1149.6431884765625,1139.6,13171,8192,2.2656089597570235,amazon/chronos-2
2017-07-01,2017-06-30,1139.6,2,2017-07-04,1145.0,1131.270751953125,1141.0028076171875,1151.35009765625,1139.6,13171,8192,2.2656089597570235,amazon/chronos-2
2017-07-01,2017-06-30,1139.6,3,2017-07-05,1149.3,1130.1182861328125,1141.11669921875,1153.51416015625,1139.6,13171,8192,2.2656089597570235,amazon/chronos-2
2017-07-01,2017-06-30,1139.6,4,2017-07-06,1149.3,1128.195068359375,1141.52490234375,1154.151123046875,1139.6,13171,8192,2.2656089597570235,amazon/chronos-2
2017-07-01,2017-06-30,1139.6,5,2017-07-07,1153.5,1127.818359375,1141.2030029296875,1156.78955078125,1139.6,13171,8192,2.2656089597570235,amazon/chronos-2
2017-07-01,2017-06-30,1139.6,6,2017-07-10,1155.8,1127.008056640625,1141.897705078125,1158.8232421875,1139.6,13171,8192,2.2656089597570235,amazon/chronos-2
2017-07-01,2017-06-30,1139.6,7,2017-07-11,1149.9,1125.7037353515625,1141.441650390625,1159.8316650390625,1139.6,13171,8192,2.2656089597570235,amazon/chronos-2
2017-07-01,2017-06-30,1139.6,8,2017-07-12,1150.1,1124.416259765625,1141.098876953125,1161.263916015625,1139.6,13171,8192,2.2656089597570235,amazon/chronos-2
2017-07-01,2017-06-30,1139.6,9,2017-07-13,1145.6,1123.9169921875,1140.71875,1162.7978515625,1139.6,13171,8192,2.2656089597570235,amazon/chronos-2
2017-07-01,2017-06-30,1139.6,10,2017-07-14,1137.5,1122.48046875,1141.719482421875,1165.772705078125,1139.6,13171,8192,2.2656089597570235,amazon/chronos-2
2017-07-01,2017-06-30,1139.6,11,2017-07-17,1136.0,1121.788818359375,1140.9437255859375,1166.756103515625,1139.6,13171,8192,2.2656089597570235,amazon/chronos-2
2017-07-01,2017-06-30,1139.6,12,2017-07-18,1128.2,1120.904541015625,1141.3905029296875,1167.0706787109375,1139.6,13171,8192,2.2656089597570235,amazon/chronos-2
2017-07-01,2017-06-30,1139.6,13,2017-07-19,1126.3,1119.0191650390625,1141.259521484375,1168.5894775390625,1139.6,13171,8192,2.2656089597570235,amazon/chronos-2
2017-07-01,2017-06-30,1139.6,14,2017-07-20,1121.8,1117.1739501953125,1141.685546875,1170.1234130859375,1139.6,13171,8192,2.2656089597570235,amazon/chronos-2
2017-07-01,2017-06-30,1139.6,15,2017-07-21,1124.9,1117.54833984375,1141.156005859375,1172.708251953125,1139.6,13171,8192,2.2656089597570235,amazon/chronos-2
2017-07-01,2017-06-30,1139.6,16,2017-07-24,1121.2,1117.7799072265625,1141.3201904296875,1171.4072265625,1139.6,13171,8192,2.2656089597570235,amazon/chronos-2
2017-07-01,2017-06-30,1139.6,17,2017-07-25,1116.1,1120.200439453125,1142.9654541015625,1179.1385498046875,1139.6,13171,8192,2.2656089597570235,amazon/chronos-2
2017-07-01,2017-06-30,1139.6,18,2017-07-26,1116.1,1117.5560302734375,1142.591064453125,1181.7764892578125,1139.6,13171,8192,2.2656089597570235,amazon/chronos-2
2017-07-01,2017-06-30,1139.6,19,2017-07-27,1120.3,1116.01318359375,1143.2431640625,1184.38037109375,1139.6,13171,8192,2.2656089597570235,amazon/chronos-2
2017-07-01,2017-06-30,1139.6,20,2017-07-28,1112.5,1117.43017578125,1144.102294921875,1186.09716796875,1139.6,13171,8192,2.2656089597570235,amazon/chronos-2
2017-07-01,2017-06-30,1139.6,21,2017-07-31,1119.1,1114.9664306640625,1142.7337646484375,1188.4459228515625,1139.6,13171,8192,2.2656089597570235,amazon/chronos-2
2017-07-01,2017-06-30,1139.6,22,2017-08-01,1121.9,1115.21240234375,1143.6339111328125,1189.4140625,1139.6,13171,8192,2.2656089597570235,amazon/chronos-2
2017-07-01,2017-06-30,1139.6,23,2017-08-02,1118.0,1113.9793701171875,1143.544189453125,1189.6339111328125,1139.6,13171,8192,2.2656089597570235,amazon/chronos-2
2017-07-01,2017-06-30,1139.6,24,2017-08-03,1123.2,1113.349609375,1143.0576171875,1190.7489013671875,1139.6,13171,8192,2.2656089597570235,amazon/chronos-2
2017-07-01,2017-06-30,1139.6,25,2017-08-04,1127.6,1112.0787353515625,1142.612548828125,1192.5528564453125,1139.6,13171,8192,2.2656089597570235,amazon/chronos-2
2017-07-01,2017-06-30,1139.6,26,2017-08-07,1125.4,1111.386962890625,1143.8974609375,1195.8760986328125,1139.6,13171,8192,2.2656089597570235,amazon/chronos-2
2017-07-01,2017-06-30,1139.6,27,2017-08-08,1127.3,1109.8349609375,1143.3212890625,1197.1180419921875,1139.6,13171,8192,2.2656089597570235,amazon/chronos-2
2017-07-01,2017-06-30,1139.6,28,2017-08-09,1125.4,1109.9365234375,1143.919677734375,1198.6356201171875,1139.6,13171,8192,2.2656089597570235,amazon/chronos-2
2017-07-01,2017-06-30,1139.6,29,2017-08-10,1134.7,1108.1253662109375,1143.250732421875,1199.7498779296875,1139.6,13171,8192,2.2656089597570235,amazon/chronos-2
2017-07-01,2017-06-30,1139.6,30,2017-08-11,1141.1,1107.194091796875,1143.3990478515625,1200.357177734375,1139.6,13171,8192,2.2656089597570235,amazon/chronos-2
2017-07-01,2017-06-30,1139.6,31,2017-08-14,1146.3,1107.342529296875,1143.0556640625,1200.8021240234375,1139.6,13171,8192,2.2656089597570235,amazon/chronos-2
2017-07-01,2017-06-30,1139.6,32,2017-08-16,1138.2,1108.896240234375,1143.94140625,1202.427490234375,1139.6,13171,8192,2.2656089597570235,amazon/chronos-2
2017-07-01,2017-06-30,1139.6,33,2017-08-17,1139.6,1107.216552734375,1144.936767578125,1208.1717529296875,1139.6,13171,8192,2.2656089597570235,amazon/chronos-2
2017-07-01,2017-06-30,1139.6,34,2017-08-18,1135.9,1107.2708740234375,1144.8228759765625,1209.0103759765625,1139.6,13171,8192,2.2656089597570235,amazon/chronos-2
2017-07-01,2017-06-30,1139.6,35,2017-08-21,1142.0,1104.6954345703125,1145.96533203125,1210.914306640625,1139.6,13171,8192,2.2656089597570235,amazon/chronos-2
2017-07-01,2017-06-30,1139.6,36,2017-08-22,1138.3,1105.7403564453125,1145.521484375,1213.846923828125,1139.6,13171,8192,2.2656089597570235,amazon/chronos-2
2017-07-01,2017-06-30,1139.6,37,2017-08-23,1135.6,1103.9786376953125,1144.3587646484375,1214.76220703125,1139.6,13171,8192,2.2656089597570235,amazon/chronos-2
2017-07-01,2017-06-30,1139.6,38,2017-08-24,1130.9,1105.1075439453125,1145.291015625,1216.2481689453125,1139.6,13171,8192,2.2656089597570235,amazon/chronos-2
2017-07-01,2017-06-30,1139.6,39,2017-08-25,1127.3,1102.9005126953125,1144.9248046875,1217.166259765625,1139.6,13171,8192,2.2656089597570235,amazon/chronos-2
2017-07-01,2017-06-30,1139.6,40,2017-08-28,1129.2,1102.4525146484375,1145.078857421875,1216.91943359375,1139.6,13171,8192,2.2656089597570235,amazon/chronos-2
2017-07-01,2017-06-30,1139.6,41,2017-08-29,1120.4,1100.8326416015625,1144.72216796875,1220.7061767578125,1139.6,13171,8192,2.2656089597570235,amazon/chronos-2
2017-07-01,2017-06-30,1139.6,42,2017-08-30,1126.2,1100.6041259765625,1145.5750732421875,1221.19482421875,1139.6,13171,8192,2.2656089597570235,amazon/chronos-2
2017-07-01,2017-06-30,1139.6,43,2017-08-31,1122.8,1098.4239501953125,1145.1903076171875,1222.35986328125,1139.6,13171,8192,2.2656089597570235,amazon/chronos-2
2017-07-01,2017-06-30,1139.6,44,2017-09-01,1125.8,1098.90087890625,1146.27587890625,1225.3509521484375,1139.6,13171,8192,2.2656089597570235,amazon/chronos-2
2017-07-01,2017-06-30,1139.6,45,2017-09-04,1122.7,1098.16845703125,1145.9345703125,1226.1177978515625,1139.6,13171,8192,2.2656089597570235,amazon/chronos-2
2017-07-01,2017-06-30,1139.6,46,2017-09-05,1131.5,1098.6046142578125,1145.4898681640625,1226.3616943359375,1139.6,13171,8192,2.2656089597570235,amazon/chronos-2
2017-07-01,2017-06-30,1139.6,47,2017-09-06,1131.3,1096.32177734375,1145.1744384765625,1225.19482421875,1139.6,13171,8192,2.2656089597570235,amazon/chronos-2
2017-07-01,2017-06-30,1139.6,48,2017-09-07,1133.7,1097.5548095703125,1147.180419921875,1229.215087890625,1139.6,13171,8192,2.2656089597570235,amazon/chronos-2
2017-07-01,2017-06-30,1139.6,49,2017-09-08,1129.6,1097.78076171875,1147.7232666015625,1233.2841796875,1139.6,13171,8192,2.2656089597570235,amazon/chronos-2
2017-07-01,2017-06-30,1139.6,50,2017-09-11,1126.8,1097.796875,1147.455322265625,1232.305419921875,1139.6,13171,8192,2.2656089597570235,amazon/chronos-2
2017-07-01,2017-06-30,1139.6,51,2017-09-12,1129.5,1098.874755859375,1148.9708251953125,1233.898193359375,1139.6,13171,8192,2.2656089597570235,amazon/chronos-2
2017-07-01,2017-06-30,1139.6,52,2017-09-13,1129.8,1097.9407958984375,1147.9775390625,1237.955810546875,1139.6,13171,8192,2.2656089597570235,amazon/chronos-2
2017-07-01,2017-06-30,1139.6,53,2017-09-14,1127.5,1095.058349609375,1147.151123046875,1238.616943359375,1139.6,13171,8192,2.2656089597570235,amazon/chronos-2
2017-07-01,2017-06-30,1139.6,54,2017-09-15,1132.5,1096.604736328125,1148.076416015625,1239.958984375,1139.6,13171,8192,2.2656089597570235,amazon/chronos-2
2017-07-01,2017-06-30,1139.6,55,2017-09-18,1133.5,1095.1065673828125,1147.0848388671875,1240.611083984375,1139.6,13171,8192,2.2656089597570235,amazon/chronos-2
2017-07-01,2017-06-30,1139.6,56,2017-09-19,1127.9,1095.6212158203125,1147.6502685546875,1239.412353515625,1139.6,13171,8192,2.2656089597570235,amazon/chronos-2
2017-07-01,2017-06-30,1139.6,57,2017-09-20,1130.0,1092.9368896484375,1146.8299560546875,1243.3116455078125,1139.6,13171,8192,2.2656089597570235,amazon/chronos-2
2017-07-01,2017-06-30,1139.6,58,2017-09-21,1129.1,1093.330810546875,1147.6337890625,1242.1004638671875,1139.6,13171,8192,2.2656089597570235,amazon/chronos-2
2017-07-01,2017-06-30,1139.6,59,2017-09-22,1132.8,1090.646484375,1147.4696044921875,1243.376708984375,1139.6,13171,8192,2.2656089597570235,amazon/chronos-2
2017-07-01,2017-06-30,1139.6,60,2017-09-25,1136.3,1091.8800048828125,1148.525634765625,1246.4808349609375,1139.6,13171,8192,2.2656089597570235,amazon/chronos-2
2018-01-02,2018-01-02,1071.4,1,2018-01-03,1064.3,1065.8900146484375,1070.24072265625,1074.659423828125,1071.4,13294,8192,2.2767223350635675,amazon/chronos-2
2018-01-02,2018-01-02,1071.4,2,2018-01-04,1065.4,1064.127197265625,1070.258056640625,1075.02001953125,1071.4,13294,8192,2.2767223350635675,amazon/chronos-2
2018-01-02,2018-01-02,1071.4,3,2018-01-05,1065.5,1061.75146484375,1068.3240966796875,1075.3795166015625,1071.4,13294,8192,2.2767223350635675,amazon/chronos-2
2018-01-02,2018-01-02,1071.4,4,2018-01-08,1062.1,1059.6072998046875,1067.49853515625,1076.5184326171875,1071.4,13294,8192,2.2767223350635675,amazon/chronos-2
2018-01-02,2018-01-02,1071.4,5,2018-01-09,1065.2,1058.1624755859375,1067.04052734375,1076.24609375,1071.4,13294,8192,2.2767223350635675,amazon/chronos-2
2018-01-02,2018-01-02,1071.4,6,2018-01-10,1067.1,1057.6759033203125,1066.9522705078125,1076.318115234375,1071.4,13294,8192,2.2767223350635675,amazon/chronos-2
2018-01-02,2018-01-02,1071.4,7,2018-01-11,1070.7,1056.3768310546875,1066.4832763671875,1077.4554443359375,1071.4,13294,8192,2.2767223350635675,amazon/chronos-2
2018-01-02,2018-01-02,1071.4,8,2018-01-12,1071.2,1055.5357666015625,1066.502685546875,1078.136474609375,1071.4,13294,8192,2.2767223350635675,amazon/chronos-2
2018-01-02,2018-01-02,1071.4,9,2018-01-15,1064.7,1054.803466796875,1066.096923828125,1077.53466796875,1071.4,13294,8192,2.2767223350635675,amazon/chronos-2
2018-01-02,2018-01-02,1071.4,10,2018-01-16,1061.3,1053.52685546875,1065.0743408203125,1077.8079833984375,1071.4,13294,8192,2.2767223350635675,amazon/chronos-2
2018-01-02,2018-01-02,1071.4,11,2018-01-17,1064.0,1051.778564453125,1064.6412353515625,1078.649169921875,1071.4,13294,8192,2.2767223350635675,amazon/chronos-2
2018-01-02,2018-01-02,1071.4,12,2018-01-18,1065.8,1051.4014892578125,1064.71044921875,1077.8011474609375,1071.4,13294,8192,2.2767223350635675,amazon/chronos-2
2018-01-02,2018-01-02,1071.4,13,2018-01-19,1069.4,1050.39404296875,1064.7291259765625,1078.5615234375,1071.4,13294,8192,2.2767223350635675,amazon/chronos-2
2018-01-02,2018-01-02,1071.4,14,2018-01-22,1067.3,1050.20361328125,1064.6527099609375,1079.226318359375,1071.4,13294,8192,2.2767223350635675,amazon/chronos-2
2018-01-02,2018-01-02,1071.4,15,2018-01-23,1068.9,1048.5050048828125,1064.155517578125,1080.5928955078125,1071.4,13294,8192,2.2767223350635675,amazon/chronos-2
2018-01-02,2018-01-02,1071.4,16,2018-01-24,1069.7,1048.622802734375,1064.427734375,1080.1309814453125,1071.4,13294,8192,2.2767223350635675,amazon/chronos-2
2018-01-02,2018-01-02,1071.4,17,2018-01-25,1070.6,1049.9781494140625,1064.4425048828125,1080.603271484375,1071.4,13294,8192,2.2767223350635675,amazon/chronos-2
2018-01-02,2018-01-02,1071.4,18,2018-01-26,1061.7,1049.525146484375,1064.522216796875,1080.8851318359375,1071.4,13294,8192,2.2767223350635675,amazon/chronos-2
2018-01-02,2018-01-02,1071.4,19,2018-01-29,1064.8,1046.2685546875,1063.0863037109375,1079.549072265625,1071.4,13294,8192,2.2767223350635675,amazon/chronos-2
2018-01-02,2018-01-02,1071.4,20,2018-01-30,1064.8,1046.451171875,1062.4945068359375,1079.430419921875,1071.4,13294,8192,2.2767223350635675,amazon/chronos-2
2018-01-02,2018-01-02,1071.4,21,2018-01-31,1071.5,1043.8516845703125,1062.1070556640625,1080.390380859375,1071.4,13294,8192,2.2767223350635675,amazon/chronos-2
2018-01-02,2018-01-02,1071.4,22,2018-02-01,1071.0,1043.6142578125,1061.81787109375,1080.836669921875,1071.4,13294,8192,2.2767223350635675,amazon/chronos-2
2018-01-02,2018-01-02,1071.4,23,2018-02-02,1071.1,1042.1280517578125,1061.1513671875,1081.0225830078125,1071.4,13294,8192,2.2767223350635675,amazon/chronos-2
2018-01-02,2018-01-02,1071.4,24,2018-02-05,1076.7,1041.2974853515625,1060.7193603515625,1081.8887939453125,1071.4,13294,8192,2.2767223350635675,amazon/chronos-2
2018-01-02,2018-01-02,1071.4,25,2018-02-06,1089.8,1040.7220458984375,1060.654296875,1080.9893798828125,1071.4,13294,8192,2.2767223350635675,amazon/chronos-2
2018-01-02,2018-01-02,1071.4,26,2018-02-07,1094.3,1039.4349365234375,1059.684326171875,1081.866943359375,1071.4,13294,8192,2.2767223350635675,amazon/chronos-2
2018-01-02,2018-01-02,1071.4,27,2018-02-08,1083.3,1038.325927734375,1059.9163818359375,1083.2169189453125,1071.4,13294,8192,2.2767223350635675,amazon/chronos-2
2018-01-02,2018-01-02,1071.4,28,2018-02-09,1087.8,1038.0390625,1059.588134765625,1081.681396484375,1071.4,13294,8192,2.2767223350635675,amazon/chronos-2
2018-01-02,2018-01-02,1071.4,29,2018-02-12,1092.7,1037.81005859375,1060.0194091796875,1081.698486328125,1071.4,13294,8192,2.2767223350635675,amazon/chronos-2
2018-01-02,2018-01-02,1071.4,30,2018-02-13,1083.4,1037.2015380859375,1059.94140625,1082.52587890625,1071.4,13294,8192,2.2767223350635675,amazon/chronos-2
2018-01-02,2018-01-02,1071.4,31,2018-02-14,1082.8,1035.3079833984375,1058.9859619140625,1084.1961669921875,1071.4,13294,8192,2.2767223350635675,amazon/chronos-2
2018-01-02,2018-01-02,1071.4,32,2018-02-19,1079.9,1036.549560546875,1059.176513671875,1082.203857421875,1071.4,13294,8192,2.2767223350635675,amazon/chronos-2
2018-01-02,2018-01-02,1071.4,33,2018-02-20,1068.0,1038.8857421875,1059.9791259765625,1083.9703369140625,1071.4,13294,8192,2.2767223350635675,amazon/chronos-2
2018-01-02,2018-01-02,1071.4,34,2018-02-21,1070.3,1037.499267578125,1060.3759765625,1084.549072265625,1071.4,13294,8192,2.2767223350635675,amazon/chronos-2
2018-01-02,2018-01-02,1071.4,35,2018-02-22,1075.3,1034.669921875,1058.891845703125,1083.707763671875,1071.4,13294,8192,2.2767223350635675,amazon/chronos-2
2018-01-02,2018-01-02,1071.4,36,2018-02-23,1082.9,1033.5675048828125,1058.824462890625,1083.697509765625,1071.4,13294,8192,2.2767223350635675,amazon/chronos-2
2018-01-02,2018-01-02,1071.4,37,2018-02-26,1078.5,1033.8494873046875,1058.95654296875,1084.540771484375,1071.4,13294,8192,2.2767223350635675,amazon/chronos-2
2018-01-02,2018-01-02,1071.4,38,2018-02-27,1073.7,1032.9747314453125,1058.4693603515625,1084.9630126953125,1071.4,13294,8192,2.2767223350635675,amazon/chronos-2
2018-01-02,2018-01-02,1071.4,39,2018-02-28,1071.0,1032.1041259765625,1057.952392578125,1084.7672119140625,1071.4,13294,8192,2.2767223350635675,amazon/chronos-2
2018-01-02,2018-01-02,1071.4,40,2018-03-02,1081.9,1031.3404541015625,1057.513671875,1086.11376953125,1071.4,13294,8192,2.2767223350635675,amazon/chronos-2
2018-01-02,2018-01-02,1071.4,41,2018-03-05,1081.3,1030.417236328125,1057.5330810546875,1084.7784423828125,1071.4,13294,8192,2.2767223350635675,amazon/chronos-2
2018-01-02,2018-01-02,1071.4,42,2018-03-06,1080.5,1029.4556884765625,1056.6231689453125,1086.011962890625,1071.4,13294,8192,2.2767223350635675,amazon/chronos-2
2018-01-02,2018-01-02,1071.4,43,2018-03-07,1075.4,1028.5948486328125,1057.1527099609375,1087.6878662109375,1071.4,13294,8192,2.2767223350635675,amazon/chronos-2
2018-01-02,2018-01-02,1071.4,44,2018-03-08,1068.7,1028.7757568359375,1056.72412109375,1085.79931640625,1071.4,13294,8192,2.2767223350635675,amazon/chronos-2
2018-01-02,2018-01-02,1071.4,45,2018-03-09,1068.4,1029.2572021484375,1057.5518798828125,1085.63232421875,1071.4,13294,8192,2.2767223350635675,amazon/chronos-2
2018-01-02,2018-01-02,1071.4,46,2018-03-12,1069.2,1027.3887939453125,1056.987060546875,1086.63427734375,1071.4,13294,8192,2.2767223350635675,amazon/chronos-2
2018-01-02,2018-01-02,1071.4,47,2018-03-13,1064.3,1026.0975341796875,1056.5838623046875,1088.81103515625,1071.4,13294,8192,2.2767223350635675,amazon/chronos-2
2018-01-02,2018-01-02,1071.4,48,2018-03-14,1065.8,1026.4635009765625,1056.9268798828125,1086.228515625,1071.4,13294,8192,2.2767223350635675,amazon/chronos-2
2018-01-02,2018-01-02,1071.4,49,2018-03-15,1065.8,1028.82861328125,1057.1168212890625,1087.5906982421875,1071.4,13294,8192,2.2767223350635675,amazon/chronos-2
2018-01-02,2018-01-02,1071.4,50,2018-03-16,1065.8,1027.9561767578125,1057.9720458984375,1088.6904296875,1071.4,13294,8192,2.2767223350635675,amazon/chronos-2
2018-01-02,2018-01-02,1071.4,51,2018-03-19,1069.6,1026.1715087890625,1056.342529296875,1088.253173828125,1071.4,13294,8192,2.2767223350635675,amazon/chronos-2
2018-01-02,2018-01-02,1071.4,52,2018-03-20,1071.2,1025.1263427734375,1056.9930419921875,1087.86279296875,1071.4,13294,8192,2.2767223350635675,amazon/chronos-2
2018-01-02,2018-01-02,1071.4,53,2018-03-21,1071.0,1025.208984375,1057.076904296875,1088.9755859375,1071.4,13294,8192,2.2767223350635675,amazon/chronos-2
2018-01-02,2018-01-02,1071.4,54,2018-03-22,1071.4,1023.9496459960938,1056.4698486328125,1089.2647705078125,1071.4,13294,8192,2.2767223350635675,amazon/chronos-2
2018-01-02,2018-01-02,1071.4,55,2018-03-23,1069.2,1023.267333984375,1055.8604736328125,1088.418212890625,1071.4,13294,8192,2.2767223350635675,amazon/chronos-2
2018-01-02,2018-01-02,1071.4,56,2018-03-26,1080.8,1023.1618041992188,1055.45458984375,1090.0479736328125,1071.4,13294,8192,2.2767223350635675,amazon/chronos-2
2018-01-02,2018-01-02,1071.4,57,2018-03-27,1081.2,1021.3523559570312,1055.607666015625,1089.1295166015625,1071.4,13294,8192,2.2767223350635675,amazon/chronos-2
2018-01-02,2018-01-02,1071.4,58,2018-03-28,1072.2,1020.9069213867188,1054.6175537109375,1090.641845703125,1071.4,13294,8192,2.2767223350635675,amazon/chronos-2
2018-01-02,2018-01-02,1071.4,59,2018-03-29,1069.4,1019.3193969726562,1055.2694091796875,1092.607666015625,1071.4,13294,8192,2.2767223350635675,amazon/chronos-2
2018-01-02,2018-01-02,1071.4,60,2018-03-30,1066.5,1020.25146484375,1054.9923095703125,1090.5321044921875,1071.4,13294,8192,2.2767223350635675,amazon/chronos-2
2018-07-01,2018-06-29,1121.7,1,2018-07-02,1117.2,1115.8634033203125,1124.07177734375,1130.06640625,1121.7,13414,8192,2.2880764929545965,amazon/chronos-2
2018-07-01,2018-06-29,1121.7,2,2018-07-03,1117.4,1112.78369140625,1124.0318603515625,1133.22705078125,1121.7,13414,8192,2.2880764929545965,amazon/chronos-2
2018-07-01,2018-06-29,1121.7,3,2018-07-04,1121.1,1110.1597900390625,1124.021484375,1136.8260498046875,1121.7,13414,8192,2.2880764929545965,amazon/chronos-2
2018-07-01,2018-06-29,1121.7,4,2018-07-05,1115.3,1108.2689208984375,1124.7327880859375,1138.2689208984375,1121.7,13414,8192,2.2880764929545965,amazon/chronos-2
2018-07-01,2018-06-29,1121.7,5,2018-07-06,1118.4,1107.611572265625,1124.852783203125,1141.393310546875,1121.7,13414,8192,2.2880764929545965,amazon/chronos-2
2018-07-01,2018-06-29,1121.7,6,2018-07-09,1117.8,1106.2447509765625,1125.2161865234375,1143.31298828125,1121.7,13414,8192,2.2880764929545965,amazon/chronos-2
2018-07-01,2018-06-29,1121.7,7,2018-07-10,1112.3,1104.3709716796875,1124.3720703125,1144.677734375,1121.7,13414,8192,2.2880764929545965,amazon/chronos-2
2018-07-01,2018-06-29,1121.7,8,2018-07-11,1113.8,1103.1065673828125,1124.603271484375,1146.1121826171875,1121.7,13414,8192,2.2880764929545965,amazon/chronos-2
2018-07-01,2018-06-29,1121.7,9,2018-07-12,1120.8,1101.0001220703125,1123.906005859375,1147.4158935546875,1121.7,13414,8192,2.2880764929545965,amazon/chronos-2
2018-07-01,2018-06-29,1121.7,10,2018-07-13,1127.8,1100.19287109375,1124.7008056640625,1150.3004150390625,1121.7,13414,8192,2.2880764929545965,amazon/chronos-2
2018-07-01,2018-06-29,1121.7,11,2018-07-16,1123.4,1097.668701171875,1123.3958740234375,1150.873779296875,1121.7,13414,8192,2.2880764929545965,amazon/chronos-2
2018-07-01,2018-06-29,1121.7,12,2018-07-17,1128.7,1097.9979248046875,1123.6868896484375,1150.038330078125,1121.7,13414,8192,2.2880764929545965,amazon/chronos-2
2018-07-01,2018-06-29,1121.7,13,2018-07-18,1125.2,1095.8040771484375,1122.9912109375,1150.77490234375,1121.7,13414,8192,2.2880764929545965,amazon/chronos-2
2018-07-01,2018-06-29,1121.7,14,2018-07-19,1128.9,1094.06787109375,1123.3956298828125,1151.999755859375,1121.7,13414,8192,2.2880764929545965,amazon/chronos-2
2018-07-01,2018-06-29,1121.7,15,2018-07-20,1131.2,1093.6873779296875,1122.61083984375,1154.130859375,1121.7,13414,8192,2.2880764929545965,amazon/chronos-2
2018-07-01,2018-06-29,1121.7,16,2018-07-23,1134.8,1091.6065673828125,1122.4879150390625,1152.9110107421875,1121.7,13414,8192,2.2880764929545965,amazon/chronos-2
2018-07-01,2018-06-29,1121.7,17,2018-07-24,1128.5,1097.2957763671875,1123.2628173828125,1156.5093994140625,1121.7,13414,8192,2.2880764929545965,amazon/chronos-2
2018-07-01,2018-06-29,1121.7,18,2018-07-25,1135.2,1095.5679931640625,1122.915283203125,1157.619384765625,1121.7,13414,8192,2.2880764929545965,amazon/chronos-2
2018-07-01,2018-06-29,1121.7,19,2018-07-26,1127.5,1092.4332275390625,1122.99658203125,1159.0040283203125,1121.7,13414,8192,2.2880764929545965,amazon/chronos-2
2018-07-01,2018-06-29,1121.7,20,2018-07-27,1119.6,1092.3199462890625,1122.646728515625,1159.05322265625,1121.7,13414,8192,2.2880764929545965,amazon/chronos-2
2018-07-01,2018-06-29,1121.7,21,2018-07-30,1120.0,1090.8170166015625,1121.498779296875,1159.46533203125,1121.7,13414,8192,2.2880764929545965,amazon/chronos-2
2018-07-01,2018-06-29,1121.7,22,2018-07-31,1116.7,1091.0968017578125,1121.5755615234375,1159.4625244140625,1121.7,13414,8192,2.2880764929545965,amazon/chronos-2
2018-07-01,2018-06-29,1121.7,23,2018-08-01,1117.9,1089.578857421875,1120.827880859375,1158.974853515625,1121.7,13414,8192,2.2880764929545965,amazon/chronos-2
2018-07-01,2018-06-29,1121.7,24,2018-08-02,1119.3,1088.723876953125,1120.588134765625,1159.8155517578125,1121.7,13414,8192,2.2880764929545965,amazon/chronos-2
2018-07-01,2018-06-29,1121.7,25,2018-08-03,1122.6,1086.9912109375,1120.1019287109375,1160.4376220703125,1121.7,13414,8192,2.2880764929545965,amazon/chronos-2
2018-07-01,2018-06-29,1121.7,26,2018-08-06,1128.1,1086.3817138671875,1120.163330078125,1163.4801025390625,1121.7,13414,8192,2.2880764929545965,amazon/chronos-2
2018-07-01,2018-06-29,1121.7,27,2018-08-07,1123.5,1083.0638427734375,1118.732177734375,1162.075439453125,1121.7,13414,8192,2.2880764929545965,amazon/chronos-2
2018-07-01,2018-06-29,1121.7,28,2018-08-08,1125.7,1084.3131103515625,1119.3974609375,1161.5362548828125,1121.7,13414,8192,2.2880764929545965,amazon/chronos-2
2018-07-01,2018-06-29,1121.7,29,2018-08-09,1118.8,1082.9111328125,1118.936767578125,1161.3175048828125,1121.7,13414,8192,2.2880764929545965,amazon/chronos-2
2018-07-01,2018-06-29,1121.7,30,2018-08-10,1117.9,1081.9765625,1118.17578125,1161.7806396484375,1121.7,13414,8192,2.2880764929545965,amazon/chronos-2
2018-07-01,2018-06-29,1121.7,31,2018-08-13,1126.3,1080.1497802734375,1117.4345703125,1163.613037109375,1121.7,13414,8192,2.2880764929545965,amazon/chronos-2
2018-07-01,2018-06-29,1121.7,32,2018-08-14,1133.7,1079.9173583984375,1118.5103759765625,1162.36962890625,1121.7,13414,8192,2.2880764929545965,amazon/chronos-2
2018-07-01,2018-06-29,1121.7,33,2018-08-16,1132.1,1080.4517822265625,1117.7401123046875,1165.9722900390625,1121.7,13414,8192,2.2880764929545965,amazon/chronos-2
2018-07-01,2018-06-29,1121.7,34,2018-08-17,1130.7,1079.2601318359375,1116.552490234375,1165.2139892578125,1121.7,13414,8192,2.2880764929545965,amazon/chronos-2
2018-07-01,2018-06-29,1121.7,35,2018-08-20,1125.6,1079.3507080078125,1116.3291015625,1165.83447265625,1121.7,13414,8192,2.2880764929545965,amazon/chronos-2
2018-07-01,2018-06-29,1121.7,36,2018-08-21,1121.7,1077.9803466796875,1115.5509033203125,1164.792724609375,1121.7,13414,8192,2.2880764929545965,amazon/chronos-2
2018-07-01,2018-06-29,1121.7,37,2018-08-22,1118.2,1076.64111328125,1114.6043701171875,1165.486328125,1121.7,13414,8192,2.2880764929545965,amazon/chronos-2
2018-07-01,2018-06-29,1121.7,38,2018-08-23,1118.7,1078.269775390625,1114.688232421875,1164.3563232421875,1121.7,13414,8192,2.2880764929545965,amazon/chronos-2
2018-07-01,2018-06-29,1121.7,39,2018-08-24,1120.8,1075.824462890625,1113.6121826171875,1163.4854736328125,1121.7,13414,8192,2.2880764929545965,amazon/chronos-2
2018-07-01,2018-06-29,1121.7,40,2018-08-27,1121.8,1075.5882568359375,1113.7685546875,1164.284912109375,1121.7,13414,8192,2.2880764929545965,amazon/chronos-2
2018-07-01,2018-06-29,1121.7,41,2018-08-28,1114.3,1073.5245361328125,1113.4232177734375,1164.61669921875,1121.7,13414,8192,2.2880764929545965,amazon/chronos-2
2018-07-01,2018-06-29,1121.7,42,2018-08-29,1110.0,1073.1212158203125,1112.9619140625,1167.2928466796875,1121.7,13414,8192,2.2880764929545965,amazon/chronos-2
2018-07-01,2018-06-29,1121.7,43,2018-08-30,1108.8,1070.2354736328125,1111.9044189453125,1165.765869140625,1121.7,13414,8192,2.2880764929545965,amazon/chronos-2
2018-07-01,2018-06-29,1121.7,44,2018-08-31,1108.8,1071.8258056640625,1112.5648193359375,1165.8265380859375,1121.7,13414,8192,2.2880764929545965,amazon/chronos-2
2018-07-01,2018-06-29,1121.7,45,2018-09-03,1113.3,1071.7696533203125,1112.7095947265625,1164.8868408203125,1121.7,13414,8192,2.2880764929545965,amazon/chronos-2
2018-07-01,2018-06-29,1121.7,46,2018-09-04,1113.5,1070.5928955078125,1111.677001953125,1165.515625,1121.7,13414,8192,2.2880764929545965,amazon/chronos-2
2018-07-01,2018-06-29,1121.7,47,2018-09-05,1114.2,1068.50830078125,1110.933837890625,1166.1732177734375,1121.7,13414,8192,2.2880764929545965,amazon/chronos-2
2018-07-01,2018-06-29,1121.7,48,2018-09-06,1117.6,1068.3826904296875,1111.7301025390625,1164.224609375,1121.7,13414,8192,2.2880764929545965,amazon/chronos-2
2018-07-01,2018-06-29,1121.7,49,2018-09-07,1121.2,1069.58447265625,1112.4091796875,1169.4984130859375,1121.7,13414,8192,2.2880764929545965,amazon/chronos-2
2018-07-01,2018-06-29,1121.7,50,2018-09-10,1123.1,1068.2122802734375,1110.647216796875,1168.59912109375,1121.7,13414,8192,2.2880764929545965,amazon/chronos-2
2018-07-01,2018-06-29,1121.7,51,2018-09-11,1128.1,1067.92138671875,1109.913330078125,1169.9183349609375,1121.7,13414,8192,2.2880764929545965,amazon/chronos-2
2018-07-01,2018-06-29,1121.7,52,2018-09-12,1126.8,1066.872802734375,1109.6983642578125,1168.265625,1121.7,13414,8192,2.2880764929545965,amazon/chronos-2
2018-07-01,2018-06-29,1121.7,53,2018-09-13,1127.3,1065.629638671875,1109.0137939453125,1170.2774658203125,1121.7,13414,8192,2.2880764929545965,amazon/chronos-2
2018-07-01,2018-06-29,1121.7,54,2018-09-14,1121.2,1066.3450927734375,1108.83251953125,1168.2821044921875,1121.7,13414,8192,2.2880764929545965,amazon/chronos-2
2018-07-01,2018-06-29,1121.7,55,2018-09-17,1119.2,1064.9327392578125,1107.9564208984375,1167.0430908203125,1121.7,13414,8192,2.2880764929545965,amazon/chronos-2
2018-07-01,2018-06-29,1121.7,56,2018-09-18,1126.2,1065.171630859375,1108.271484375,1167.6446533203125,1121.7,13414,8192,2.2880764929545965,amazon/chronos-2
2018-07-01,2018-06-29,1121.7,57,2018-09-19,1126.3,1062.9649658203125,1107.728759765625,1167.67236328125,1121.7,13414,8192,2.2880764929545965,amazon/chronos-2
2018-07-01,2018-06-29,1121.7,58,2018-09-20,1123.0,1063.125,1106.8277587890625,1170.014892578125,1121.7,13414,8192,2.2880764929545965,amazon/chronos-2
2018-07-01,2018-06-29,1121.7,59,2018-09-21,1119.9,1059.5423583984375,1106.087646484375,1168.8284912109375,1121.7,13414,8192,2.2880764929545965,amazon/chronos-2
2018-07-01,2018-06-29,1121.7,60,2018-09-27,1116.6,1062.4757080078125,1106.4664306640625,1168.38720703125,1121.7,13414,8192,2.2880764929545965,amazon/chronos-2
2019-01-02,2019-01-02,1118.1,1,2019-01-03,1119.0,1112.081298828125,1118.235595703125,1122.9407958984375,1118.1,13539,8192,2.2992443492391788,amazon/chronos-2
2019-01-02,2019-01-02,1118.1,2,2019-01-04,1127.5,1110.223388671875,1117.812255859375,1124.15234375,1118.1,13539,8192,2.2992443492391788,amazon/chronos-2
2019-01-02,2019-01-02,1118.1,3,2019-01-07,1125.2,1108.837646484375,1117.81201171875,1125.4744873046875,1118.1,13539,8192,2.2992443492391788,amazon/chronos-2
2019-01-02,2019-01-02,1118.1,4,2019-01-08,1118.0,1106.7608642578125,1117.569091796875,1125.623779296875,1118.1,13539,8192,2.2992443492391788,amazon/chronos-2
2019-01-02,2019-01-02,1118.1,5,2019-01-09,1121.7,1106.1258544921875,1117.0738525390625,1127.5244140625,1118.1,13539,8192,2.2992443492391788,amazon/chronos-2
2019-01-02,2019-01-02,1118.1,6,2019-01-10,1121.6,1105.044189453125,1116.9906005859375,1128.37890625,1118.1,13539,8192,2.2992443492391788,amazon/chronos-2
2019-01-02,2019-01-02,1118.1,7,2019-01-11,1118.9,1104.3929443359375,1116.7415771484375,1128.857421875,1118.1,13539,8192,2.2992443492391788,amazon/chronos-2
2019-01-02,2019-01-02,1118.1,8,2019-01-14,1117.6,1102.8829345703125,1116.335205078125,1129.4415283203125,1118.1,13539,8192,2.2992443492391788,amazon/chronos-2
2019-01-02,2019-01-02,1118.1,9,2019-01-15,1121.4,1101.8189697265625,1116.1845703125,1130.240234375,1118.1,13539,8192,2.2992443492391788,amazon/chronos-2
2019-01-02,2019-01-02,1118.1,10,2019-01-16,1120.1,1100.8646240234375,1116.7000732421875,1132.0106201171875,1118.1,13539,8192,2.2992443492391788,amazon/chronos-2
2019-01-02,2019-01-02,1118.1,11,2019-01-17,1122.0,1099.9576416015625,1115.916015625,1132.9608154296875,1118.1,13539,8192,2.2992443492391788,amazon/chronos-2
2019-01-02,2019-01-02,1118.1,12,2019-01-18,1121.4,1099.773681640625,1116.119384765625,1131.853759765625,1118.1,13539,8192,2.2992443492391788,amazon/chronos-2
2019-01-02,2019-01-02,1118.1,13,2019-01-21,1121.3,1097.9620361328125,1115.8636474609375,1132.8565673828125,1118.1,13539,8192,2.2992443492391788,amazon/chronos-2
2019-01-02,2019-01-02,1118.1,14,2019-01-22,1126.5,1096.9708251953125,1116.2530517578125,1134.1595458984375,1118.1,13539,8192,2.2992443492391788,amazon/chronos-2
2019-01-02,2019-01-02,1118.1,15,2019-01-23,1130.2,1097.1165771484375,1115.69091796875,1136.98193359375,1118.1,13539,8192,2.2992443492391788,amazon/chronos-2
2019-01-02,2019-01-02,1118.1,16,2019-01-24,1128.2,1096.84716796875,1115.8250732421875,1135.378662109375,1118.1,13539,8192,2.2992443492391788,amazon/chronos-2
2019-01-02,2019-01-02,1118.1,17,2019-01-25,1128.0,1097.8277587890625,1116.025146484375,1137.295166015625,1118.1,13539,8192,2.2992443492391788,amazon/chronos-2
2019-01-02,2019-01-02,1118.1,18,2019-01-28,1125.1,1096.4102783203125,1115.9283447265625,1138.388671875,1118.1,13539,8192,2.2992443492391788,amazon/chronos-2
2019-01-02,2019-01-02,1118.1,19,2019-01-29,1116.9,1095.2589111328125,1116.4735107421875,1140.3675537109375,1118.1,13539,8192,2.2992443492391788,amazon/chronos-2
2019-01-02,2019-01-02,1118.1,20,2019-01-30,1118.1,1095.488525390625,1116.376953125,1139.8463134765625,1118.1,13539,8192,2.2992443492391788,amazon/chronos-2
2019-01-02,2019-01-02,1118.1,21,2019-01-31,1117.2,1093.7364501953125,1115.5748291015625,1141.5477294921875,1118.1,13539,8192,2.2992443492391788,amazon/chronos-2
2019-01-02,2019-01-02,1118.1,22,2019-02-01,1111.6,1093.80517578125,1115.765380859375,1141.9031982421875,1118.1,13539,8192,2.2992443492391788,amazon/chronos-2
2019-01-02,2019-01-02,1118.1,23,2019-02-07,1116.8,1093.5040283203125,1116.11279296875,1142.589599609375,1118.1,13539,8192,2.2992443492391788,amazon/chronos-2
2019-01-02,2019-01-02,1118.1,24,2019-02-08,1123.4,1092.4490966796875,1115.44140625,1142.905517578125,1118.1,13539,8192,2.2992443492391788,amazon/chronos-2
2019-01-02,2019-01-02,1118.1,25,2019-02-11,1124.5,1091.17236328125,1115.409912109375,1143.82080078125,1118.1,13539,8192,2.2992443492391788,amazon/chronos-2
2019-01-02,2019-01-02,1118.1,26,2019-02-12,1124.5,1090.797607421875,1116.10888671875,1147.06640625,1118.1,13539,8192,2.2992443492391788,amazon/chronos-2
2019-01-02,2019-01-02,1118.1,27,2019-02-13,1124.6,1088.6141357421875,1115.06640625,1146.708740234375,1118.1,13539,8192,2.2992443492391788,amazon/chronos-2
2019-01-02,2019-01-02,1118.1,28,2019-02-14,1121.7,1089.441162109375,1115.826171875,1146.1649169921875,1118.1,13539,8192,2.2992443492391788,amazon/chronos-2
2019-01-02,2019-01-02,1118.1,29,2019-02-15,1125.0,1087.5628662109375,1115.26416015625,1146.884521484375,1118.1,13539,8192,2.2992443492391788,amazon/chronos-2
2019-01-02,2019-01-02,1118.1,30,2019-02-18,1127.7,1087.4537353515625,1115.332275390625,1148.2264404296875,1118.1,13539,8192,2.2992443492391788,amazon/chronos-2
2019-01-02,2019-01-02,1118.1,31,2019-02-19,1124.7,1087.0474853515625,1114.91943359375,1150.063232421875,1118.1,13539,8192,2.2992443492391788,amazon/chronos-2
2019-01-02,2019-01-02,1118.1,32,2019-02-20,1127.5,1088.5439453125,1115.7578125,1148.5753173828125,1118.1,13539,8192,2.2992443492391788,amazon/chronos-2
2019-01-02,2019-01-02,1118.1,33,2019-02-21,1122.6,1088.320068359375,1115.8536376953125,1152.179443359375,1118.1,13539,8192,2.2992443492391788,amazon/chronos-2
2019-01-02,2019-01-02,1118.1,34,2019-02-22,1124.4,1087.9434814453125,1115.161865234375,1152.941650390625,1118.1,13539,8192,2.2992443492391788,amazon/chronos-2
2019-01-02,2019-01-02,1118.1,35,2019-02-25,1125.7,1086.0218505859375,1116.092041015625,1154.837646484375,1118.1,13539,8192,2.2992443492391788,amazon/chronos-2
2019-01-02,2019-01-02,1118.1,36,2019-02-26,1120.8,1086.2342529296875,1115.7474365234375,1154.6251220703125,1118.1,13539,8192,2.2992443492391788,amazon/chronos-2
2019-01-02,2019-01-02,1118.1,37,2019-02-27,1118.3,1084.7159423828125,1115.013427734375,1155.6231689453125,1118.1,13539,8192,2.2992443492391788,amazon/chronos-2
2019-01-02,2019-01-02,1118.1,38,2019-02-28,1117.8,1085.93408203125,1115.5142822265625,1155.837646484375,1118.1,13539,8192,2.2992443492391788,amazon/chronos-2
2019-01-02,2019-01-02,1118.1,39,2019-03-04,1119.9,1084.6810302734375,1115.3348388671875,1155.6204833984375,1118.1,13539,8192,2.2992443492391788,amazon/chronos-2
2019-01-02,2019-01-02,1118.1,40,2019-03-05,1125.0,1083.9957275390625,1115.0712890625,1156.3560791015625,1118.1,13539,8192,2.2992443492391788,amazon/chronos-2
2019-01-02,2019-01-02,1118.1,41,2019-03-06,1125.8,1083.223388671875,1115.3013916015625,1157.336669921875,1118.1,13539,8192,2.2992443492391788,amazon/chronos-2
2019-01-02,2019-01-02,1118.1,42,2019-03-07,1127.8,1082.7816162109375,1115.5821533203125,1160.65283203125,1118.1,13539,8192,2.2992443492391788,amazon/chronos-2
2019-01-02,2019-01-02,1118.1,43,2019-03-08,1128.3,1080.5130615234375,1114.80810546875,1159.7181396484375,1118.1,13539,8192,2.2992443492391788,amazon/chronos-2
2019-01-02,2019-01-02,1118.1,44,2019-03-11,1134.0,1081.1737060546875,1115.513916015625,1159.7406005859375,1118.1,13539,8192,2.2992443492391788,amazon/chronos-2
2019-01-02,2019-01-02,1118.1,45,2019-03-12,1134.5,1080.43212890625,1115.5303955078125,1160.2099609375,1118.1,13539,8192,2.2992443492391788,amazon/chronos-2
2019-01-02,2019-01-02,1118.1,46,2019-03-13,1128.7,1080.4901123046875,1115.208251953125,1161.2474365234375,1118.1,13539,8192,2.2992443492391788,amazon/chronos-2
2019-01-02,2019-01-02,1118.1,47,2019-03-14,1131.5,1079.1141357421875,1114.7393798828125,1162.026611328125,1118.1,13539,8192,2.2992443492391788,amazon/chronos-2
2019-01-02,2019-01-02,1118.1,48,2019-03-15,1132.7,1080.23388671875,1116.3592529296875,1161.69873046875,1118.1,13539,8192,2.2992443492391788,amazon/chronos-2
2019-01-02,2019-01-02,1118.1,49,2019-03-18,1136.1,1080.1072998046875,1115.420654296875,1164.1171875,1118.1,13539,8192,2.2992443492391788,amazon/chronos-2
2019-01-02,2019-01-02,1118.1,50,2019-03-19,1133.7,1079.3316650390625,1114.279052734375,1164.3812255859375,1118.1,13539,8192,2.2992443492391788,amazon/chronos-2
2019-01-02,2019-01-02,1118.1,51,2019-03-20,1130.9,1079.60498046875,1115.2359619140625,1166.25732421875,1118.1,13539,8192,2.2992443492391788,amazon/chronos-2
2019-01-02,2019-01-02,1118.1,52,2019-03-21,1130.4,1078.60498046875,1114.8026123046875,1166.623046875,1118.1,13539,8192,2.2992443492391788,amazon/chronos-2
2019-01-02,2019-01-02,1118.1,53,2019-03-22,1125.8,1077.39013671875,1114.3148193359375,1168.64990234375,1118.1,13539,8192,2.2992443492391788,amazon/chronos-2
2019-01-02,2019-01-02,1118.1,54,2019-03-25,1129.8,1078.347412109375,1115.03955078125,1168.2197265625,1118.1,13539,8192,2.2992443492391788,amazon/chronos-2
2019-01-02,2019-01-02,1118.1,55,2019-03-26,1134.9,1077.14306640625,1114.3580322265625,1168.02978515625,1118.1,13539,8192,2.2992443492391788,amazon/chronos-2
2019-01-02,2019-01-02,1118.1,56,2019-03-27,1132.1,1076.8553466796875,1114.379150390625,1168.30908203125,1118.1,13539,8192,2.2992443492391788,amazon/chronos-2
2019-01-02,2019-01-02,1118.1,57,2019-03-28,1134.7,1075.19140625,1114.4305419921875,1169.5751953125,1118.1,13539,8192,2.2992443492391788,amazon/chronos-2
2019-01-02,2019-01-02,1118.1,58,2019-03-29,1137.8,1074.9862060546875,1114.6868896484375,1172.212158203125,1118.1,13539,8192,2.2992443492391788,amazon/chronos-2
2019-01-02,2019-01-02,1118.1,59,2019-04-01,1136.1,1073.002685546875,1114.1595458984375,1171.8052978515625,1118.1,13539,8192,2.2992443492391788,amazon/chronos-2
2019-01-02,2019-01-02,1118.1,60,2019-04-02,1132.7,1073.9886474609375,1115.1619873046875,1172.608642578125,1118.1,13539,8192,2.2992443492391788,amazon/chronos-2
2019-07-01,2019-07-01,1156.4,1,2019-07-02,1155.4,1150.6373291015625,1157.0589599609375,1162.27734375,1156.4,13660,8192,2.303995168021085,amazon/chronos-2
2019-07-01,2019-07-01,1156.4,2,2019-07-03,1164.8,1148.5203857421875,1156.6790771484375,1163.7164306640625,1156.4,13660,8192,2.303995168021085,amazon/chronos-2
2019-07-01,2019-07-01,1156.4,3,2019-07-04,1170.4,1146.720947265625,1156.7144775390625,1165.124267578125,1156.4,13660,8192,2.303995168021085,amazon/chronos-2
2019-07-01,2019-07-01,1156.4,4,2019-07-05,1169.2,1144.4508056640625,1156.716796875,1165.8380126953125,1156.4,13660,8192,2.303995168021085,amazon/chronos-2
2019-07-01,2019-07-01,1156.4,5,2019-07-08,1170.4,1143.4527587890625,1155.493896484375,1167.318359375,1156.4,13660,8192,2.303995168021085,amazon/chronos-2
2019-07-01,2019-07-01,1156.4,6,2019-07-09,1178.5,1142.1473388671875,1155.772705078125,1168.5584716796875,1156.4,13660,8192,2.303995168021085,amazon/chronos-2
2019-07-01,2019-07-01,1156.4,7,2019-07-10,1179.9,1141.2569580078125,1155.60400390625,1169.3021240234375,1156.4,13660,8192,2.303995168021085,amazon/chronos-2
2019-07-01,2019-07-01,1156.4,8,2019-07-11,1181.4,1139.288818359375,1154.6322021484375,1169.5994873046875,1156.4,13660,8192,2.303995168021085,amazon/chronos-2
2019-07-01,2019-07-01,1156.4,9,2019-07-12,1173.8,1138.3033447265625,1154.1610107421875,1170.20703125,1156.4,13660,8192,2.303995168021085,amazon/chronos-2
2019-07-01,2019-07-01,1156.4,10,2019-07-15,1177.3,1136.9447021484375,1154.9598388671875,1172.1051025390625,1156.4,13660,8192,2.303995168021085,amazon/chronos-2
2019-07-01,2019-07-01,1156.4,11,2019-07-16,1179.2,1136.111083984375,1154.2259521484375,1173.062744140625,1156.4,13660,8192,2.303995168021085,amazon/chronos-2
2019-07-01,2019-07-01,1156.4,12,2019-07-17,1178.5,1135.6737060546875,1154.288818359375,1172.32861328125,1156.4,13660,8192,2.303995168021085,amazon/chronos-2
2019-07-01,2019-07-01,1156.4,13,2019-07-18,1180.4,1133.088134765625,1153.5845947265625,1173.1866455078125,1156.4,13660,8192,2.303995168021085,amazon/chronos-2
2019-07-01,2019-07-01,1156.4,14,2019-07-19,1179.5,1132.4271240234375,1154.375,1174.3431396484375,1156.4,13660,8192,2.303995168021085,amazon/chronos-2
2019-07-01,2019-07-01,1156.4,15,2019-07-22,1173.4,1132.572509765625,1153.6480712890625,1177.8148193359375,1156.4,13660,8192,2.303995168021085,amazon/chronos-2
2019-07-01,2019-07-01,1156.4,16,2019-07-23,1177.6,1132.2022705078125,1153.996337890625,1175.7921142578125,1156.4,13660,8192,2.303995168021085,amazon/chronos-2
2019-07-01,2019-07-01,1156.4,17,2019-07-24,1178.4,1132.85009765625,1154.6240234375,1178.1575927734375,1156.4,13660,8192,2.303995168021085,amazon/chronos-2
2019-07-01,2019-07-01,1156.4,18,2019-07-25,1178.2,1130.4100341796875,1154.318359375,1178.62890625,1156.4,13660,8192,2.303995168021085,amazon/chronos-2
2019-07-01,2019-07-01,1156.4,19,2019-07-26,1179.8,1129.7220458984375,1154.463134765625,1180.3243408203125,1156.4,13660,8192,2.303995168021085,amazon/chronos-2
2019-07-01,2019-07-01,1156.4,20,2019-07-29,1184.2,1129.82275390625,1153.8045654296875,1179.13037109375,1156.4,13660,8192,2.303995168021085,amazon/chronos-2
2019-07-01,2019-07-01,1156.4,21,2019-07-30,1183.4,1127.3739013671875,1152.3438720703125,1180.1141357421875,1156.4,13660,8192,2.303995168021085,amazon/chronos-2
2019-07-01,2019-07-01,1156.4,22,2019-07-31,1182.0,1127.13720703125,1152.8021240234375,1180.39453125,1156.4,13660,8192,2.303995168021085,amazon/chronos-2
2019-07-01,2019-07-01,1156.4,23,2019-08-01,1181.9,1126.491943359375,1152.900146484375,1180.8876953125,1156.4,13660,8192,2.303995168021085,amazon/chronos-2
2019-07-01,2019-07-01,1156.4,24,2019-08-02,1188.5,1125.6146240234375,1152.0592041015625,1181.0145263671875,1156.4,13660,8192,2.303995168021085,amazon/chronos-2
2019-07-01,2019-07-01,1156.4,25,2019-08-05,1194.8,1124.5789794921875,1151.736328125,1181.5543212890625,1156.4,13660,8192,2.303995168021085,amazon/chronos-2
2019-07-01,2019-07-01,1156.4,26,2019-08-06,1211.8,1123.5447998046875,1152.4970703125,1184.427001953125,1156.4,13660,8192,2.303995168021085,amazon/chronos-2
2019-07-01,2019-07-01,1156.4,27,2019-08-07,1214.3,1121.804443359375,1151.3565673828125,1183.7669677734375,1156.4,13660,8192,2.303995168021085,amazon/chronos-2
2019-07-01,2019-07-01,1156.4,28,2019-08-08,1214.5,1121.897216796875,1151.6888427734375,1183.06103515625,1156.4,13660,8192,2.303995168021085,amazon/chronos-2
2019-07-01,2019-07-01,1156.4,29,2019-08-09,1211.3,1119.6483154296875,1150.9503173828125,1183.5897216796875,1156.4,13660,8192,2.303995168021085,amazon/chronos-2
2019-07-01,2019-07-01,1156.4,30,2019-08-12,1209.7,1118.7266845703125,1151.4925537109375,1184.064453125,1156.4,13660,8192,2.303995168021085,amazon/chronos-2
2019-07-01,2019-07-01,1156.4,31,2019-08-13,1215.6,1119.54443359375,1150.80810546875,1187.4197998046875,1156.4,13660,8192,2.303995168021085,amazon/chronos-2
2019-07-01,2019-07-01,1156.4,32,2019-08-14,1218.9,1121.4708251953125,1151.96435546875,1185.359619140625,1156.4,13660,8192,2.303995168021085,amazon/chronos-2
2019-07-01,2019-07-01,1156.4,33,2019-08-16,1211.7,1119.9796142578125,1151.579345703125,1190.4556884765625,1156.4,13660,8192,2.303995168021085,amazon/chronos-2
2019-07-01,2019-07-01,1156.4,34,2019-08-19,1213.3,1119.81787109375,1151.5447998046875,1190.9757080078125,1156.4,13660,8192,2.303995168021085,amazon/chronos-2
2019-07-01,2019-07-01,1156.4,35,2019-08-20,1210.7,1117.4669189453125,1151.86279296875,1192.1497802734375,1156.4,13660,8192,2.303995168021085,amazon/chronos-2
2019-07-01,2019-07-01,1156.4,36,2019-08-21,1210.2,1117.728271484375,1150.945556640625,1191.1453857421875,1156.4,13660,8192,2.303995168021085,amazon/chronos-2
2019-07-01,2019-07-01,1156.4,37,2019-08-22,1204.0,1115.9832763671875,1149.9786376953125,1191.5692138671875,1156.4,13660,8192,2.303995168021085,amazon/chronos-2
2019-07-01,2019-07-01,1156.4,38,2019-08-23,1205.1,1116.8167724609375,1150.4183349609375,1191.5931396484375,1156.4,13660,8192,2.303995168021085,amazon/chronos-2
2019-07-01,2019-07-01,1156.4,39,2019-08-26,1212.2,1115.669677734375,1150.2801513671875,1191.3653564453125,1156.4,13660,8192,2.303995168021085,amazon/chronos-2
2019-07-01,2019-07-01,1156.4,40,2019-08-27,1218.2,1114.682861328125,1149.6622314453125,1192.084716796875,1156.4,13660,8192,2.303995168021085,amazon/chronos-2
2019-07-01,2019-07-01,1156.4,41,2019-08-28,1213.1,1114.1004638671875,1149.473388671875,1192.7177734375,1156.4,13660,8192,2.303995168021085,amazon/chronos-2
2019-07-01,2019-07-01,1156.4,42,2019-08-29,1213.5,1113.3076171875,1149.8292236328125,1195.440185546875,1156.4,13660,8192,2.303995168021085,amazon/chronos-2
2019-07-01,2019-07-01,1156.4,43,2019-08-30,1215.2,1111.07666015625,1148.7857666015625,1194.25634765625,1156.4,13660,8192,2.303995168021085,amazon/chronos-2
2019-07-01,2019-07-01,1156.4,44,2019-09-02,1209.6,1111.39990234375,1149.373046875,1194.1900634765625,1156.4,13660,8192,2.303995168021085,amazon/chronos-2
2019-07-01,2019-07-01,1156.4,45,2019-09-03,1211.9,1110.125244140625,1148.92333984375,1194.436767578125,1156.4,13660,8192,2.303995168021085,amazon/chronos-2
2019-07-01,2019-07-01,1156.4,46,2019-09-04,1215.2,1111.0750732421875,1148.8758544921875,1194.481689453125,1156.4,13660,8192,2.303995168021085,amazon/chronos-2
2019-07-01,2019-07-01,1156.4,47,2019-09-05,1209.7,1109.7239990234375,1148.3631591796875,1196.758056640625,1156.4,13660,8192,2.303995168021085,amazon/chronos-2
2019-07-01,2019-07-01,1156.4,48,2019-09-06,1199.6,1112.863525390625,1150.0462646484375,1195.267822265625,1156.4,13660,8192,2.303995168021085,amazon/chronos-2
2019-07-01,2019-07-01,1156.4,49,2019-09-09,1196.9,1111.0706787109375,1149.73486328125,1198.6728515625,1156.4,13660,8192,2.303995168021085,amazon/chronos-2
2019-07-01,2019-07-01,1156.4,50,2019-09-10,1192.4,1110.739013671875,1148.977294921875,1198.730224609375,1156.4,13660,8192,2.303995168021085,amazon/chronos-2
2019-07-01,2019-07-01,1156.4,51,2019-09-11,1191.9,1109.7894287109375,1149.53173828125,1199.927978515625,1156.4,13660,8192,2.303995168021085,amazon/chronos-2
2019-07-01,2019-07-01,1156.4,52,2019-09-16,1191.4,1109.9610595703125,1148.4925537109375,1198.8759765625,1156.4,13660,8192,2.303995168021085,amazon/chronos-2
2019-07-01,2019-07-01,1156.4,53,2019-09-17,1184.0,1108.354736328125,1147.5904541015625,1199.4776611328125,1156.4,13660,8192,2.303995168021085,amazon/chronos-2
2019-07-01,2019-07-01,1156.4,54,2019-09-18,1188.3,1109.8433837890625,1148.2808837890625,1199.435546875,1156.4,13660,8192,2.303995168021085,amazon/chronos-2
2019-07-01,2019-07-01,1156.4,55,2019-09-19,1190.5,1108.25634765625,1148.086181640625,1198.74755859375,1156.4,13660,8192,2.303995168021085,amazon/chronos-2
2019-07-01,2019-07-01,1156.4,56,2019-09-20,1195.1,1107.0892333984375,1147.6319580078125,1200.012939453125,1156.4,13660,8192,2.303995168021085,amazon/chronos-2
2019-07-01,2019-07-01,1156.4,57,2019-09-23,1191.1,1106.22900390625,1147.654296875,1200.9267578125,1156.4,13660,8192,2.303995168021085,amazon/chronos-2
2019-07-01,2019-07-01,1156.4,58,2019-09-24,1193.1,1105.895751953125,1148.0865478515625,1203.9674072265625,1156.4,13660,8192,2.303995168021085,amazon/chronos-2
2019-07-01,2019-07-01,1156.4,59,2019-09-25,1194.0,1103.7381591796875,1147.3138427734375,1203.061279296875,1156.4,13660,8192,2.303995168021085,amazon/chronos-2
2019-07-01,2019-07-01,1156.4,60,2019-09-26,1198.3,1104.0760498046875,1147.8392333984375,1203.378662109375,1156.4,13660,8192,2.303995168021085,amazon/chronos-2
2020-01-02,2020-01-02,1157.8,1,2020-01-03,1156.9,1150.75048828125,1156.6519775390625,1161.293701171875,1157.8,13786,8192,2.3137083786724704,amazon/chronos-2
2020-01-02,2020-01-02,1157.8,2,2020-01-06,1162.7,1148.2818603515625,1155.8902587890625,1162.5054931640625,1157.8,13786,8192,2.3137083786724704,amazon/chronos-2
2020-01-02,2020-01-02,1157.8,3,2020-01-07,1169.6,1146.650390625,1155.5230712890625,1163.7313232421875,1157.8,13786,8192,2.3137083786724704,amazon/chronos-2
2020-01-02,2020-01-02,1157.8,4,2020-01-08,1165.3,1144.4010009765625,1155.280517578125,1163.8843994140625,1157.8,13786,8192,2.3137083786724704,amazon/chronos-2
2020-01-02,2020-01-02,1157.8,5,2020-01-09,1174.1,1144.09619140625,1154.8402099609375,1165.372314453125,1157.8,13786,8192,2.3137083786724704,amazon/chronos-2
2020-01-02,2020-01-02,1157.8,6,2020-01-10,1160.0,1142.7877197265625,1154.951904296875,1166.353515625,1157.8,13786,8192,2.3137083786724704,amazon/chronos-2
2020-01-02,2020-01-02,1157.8,7,2020-01-13,1161.1,1141.6903076171875,1154.595703125,1167.0672607421875,1157.8,13786,8192,2.3137083786724704,amazon/chronos-2
2020-01-02,2020-01-02,1157.8,8,2020-01-14,1155.7,1140.177490234375,1154.0477294921875,1167.720458984375,1157.8,13786,8192,2.3137083786724704,amazon/chronos-2
2020-01-02,2020-01-02,1157.8,9,2020-01-15,1153.1,1139.0999755859375,1153.345458984375,1168.153076171875,1157.8,13786,8192,2.3137083786724704,amazon/chronos-2
2020-01-02,2020-01-02,1157.8,10,2020-01-16,1158.8,1137.7928466796875,1153.8582763671875,1169.552978515625,1157.8,13786,8192,2.3137083786724704,amazon/chronos-2
2020-01-02,2020-01-02,1157.8,11,2020-01-17,1159.6,1136.935302734375,1152.959228515625,1170.1224365234375,1157.8,13786,8192,2.3137083786724704,amazon/chronos-2
2020-01-02,2020-01-02,1157.8,12,2020-01-20,1158.8,1136.571044921875,1153.0184326171875,1169.2879638671875,1157.8,13786,8192,2.3137083786724704,amazon/chronos-2
2020-01-02,2020-01-02,1157.8,13,2020-01-21,1158.8,1134.64111328125,1152.6591796875,1169.9586181640625,1157.8,13786,8192,2.3137083786724704,amazon/chronos-2
2020-01-02,2020-01-02,1157.8,14,2020-01-22,1164.7,1133.8885498046875,1153.1331787109375,1170.8961181640625,1157.8,13786,8192,2.3137083786724704,amazon/chronos-2
2020-01-02,2020-01-02,1157.8,15,2020-01-23,1165.1,1133.7269287109375,1152.3414306640625,1173.8828125,1157.8,13786,8192,2.3137083786724704,amazon/chronos-2
2020-01-02,2020-01-02,1157.8,16,2020-01-28,1167.2,1133.487060546875,1152.6885986328125,1172.277587890625,1157.8,13786,8192,2.3137083786724704,amazon/chronos-2
2020-01-02,2020-01-02,1157.8,17,2020-01-29,1176.7,1134.063720703125,1152.6116943359375,1171.36962890625,1157.8,13786,8192,2.3137083786724704,amazon/chronos-2
2020-01-02,2020-01-02,1157.8,18,2020-01-30,1176.0,1131.3382568359375,1152.0811767578125,1171.73388671875,1157.8,13786,8192,2.3137083786724704,amazon/chronos-2
2020-01-02,2020-01-02,1157.8,19,2020-01-31,1183.5,1130.9757080078125,1152.08984375,1172.7115478515625,1157.8,13786,8192,2.3137083786724704,amazon/chronos-2
2020-01-02,2020-01-02,1157.8,20,2020-02-03,1187.8,1131.182861328125,1152.1268310546875,1171.9830322265625,1157.8,13786,8192,2.3137083786724704,amazon/chronos-2
2020-01-02,2020-01-02,1157.8,21,2020-02-04,1196.0,1129.2679443359375,1150.669189453125,1173.09326171875,1157.8,13786,8192,2.3137083786724704,amazon/chronos-2
2020-01-02,2020-01-02,1157.8,22,2020-02-05,1189.4,1129.1787109375,1151.070068359375,1173.2850341796875,1157.8,13786,8192,2.3137083786724704,amazon/chronos-2
2020-01-02,2020-01-02,1157.8,23,2020-02-06,1188.5,1128.210205078125,1150.826416015625,1173.6597900390625,1157.8,13786,8192,2.3137083786724704,amazon/chronos-2
2020-01-02,2020-01-02,1157.8,24,2020-02-07,1181.4,1127.27685546875,1150.2164306640625,1173.79833984375,1157.8,13786,8192,2.3137083786724704,amazon/chronos-2
2020-01-02,2020-01-02,1157.8,25,2020-02-10,1187.2,1126.1546630859375,1149.576904296875,1173.88037109375,1157.8,13786,8192,2.3137083786724704,amazon/chronos-2
2020-01-02,2020-01-02,1157.8,26,2020-02-11,1189.8,1125.1265869140625,1150.4249267578125,1175.9091796875,1157.8,13786,8192,2.3137083786724704,amazon/chronos-2
2020-01-02,2020-01-02,1157.8,27,2020-02-12,1184.1,1123.8658447265625,1149.3360595703125,1175.5833740234375,1157.8,13786,8192,2.3137083786724704,amazon/chronos-2
2020-01-02,2020-01-02,1157.8,28,2020-02-13,1179.8,1123.9560546875,1149.4130859375,1174.631591796875,1157.8,13786,8192,2.3137083786724704,amazon/chronos-2
2020-01-02,2020-01-02,1157.8,29,2020-02-14,1181.5,1121.74658203125,1148.5751953125,1175.1375732421875,1157.8,13786,8192,2.3137083786724704,amazon/chronos-2
2020-01-02,2020-01-02,1157.8,30,2020-02-17,1183.5,1120.2779541015625,1149.2083740234375,1175.87060546875,1157.8,13786,8192,2.3137083786724704,amazon/chronos-2
2020-01-02,2020-01-02,1157.8,31,2020-02-18,1182.2,1121.5438232421875,1148.2208251953125,1178.5799560546875,1157.8,13786,8192,2.3137083786724704,amazon/chronos-2
2020-01-02,2020-01-02,1157.8,32,2020-02-19,1188.1,1122.20849609375,1148.7266845703125,1176.406494140625,1157.8,13786,8192,2.3137083786724704,amazon/chronos-2
2020-01-02,2020-01-02,1157.8,33,2020-02-20,1190.8,1122.22265625,1147.47314453125,1176.7532958984375,1157.8,13786,8192,2.3137083786724704,amazon/chronos-2
2020-01-02,2020-01-02,1157.8,34,2020-02-21,1197.0,1120.6171875,1147.0081787109375,1177.255126953125,1157.8,13786,8192,2.3137083786724704,amazon/chronos-2
2020-01-02,2020-01-02,1157.8,35,2020-02-24,1205.6,1118.7999267578125,1147.189453125,1177.9747314453125,1157.8,13786,8192,2.3137083786724704,amazon/chronos-2
2020-01-02,2020-01-02,1157.8,36,2020-02-25,1217.7,1118.8399658203125,1146.2164306640625,1176.714111328125,1157.8,13786,8192,2.3137083786724704,amazon/chronos-2
2020-01-02,2020-01-02,1157.8,37,2020-02-26,1212.7,1117.100341796875,1145.0234375,1177.0623779296875,1157.8,13786,8192,2.3137083786724704,amazon/chronos-2
2020-01-02,2020-01-02,1157.8,38,2020-02-27,1216.8,1117.7913818359375,1145.3974609375,1177.0379638671875,1157.8,13786,8192,2.3137083786724704,amazon/chronos-2
2020-01-02,2020-01-02,1157.8,39,2020-02-28,1215.9,1116.926513671875,1145.1912841796875,1176.8194580078125,1157.8,13786,8192,2.3137083786724704,amazon/chronos-2
2020-01-02,2020-01-02,1157.8,40,2020-03-02,1215.3,1116.093017578125,1144.5318603515625,1177.000732421875,1157.8,13786,8192,2.3137083786724704,amazon/chronos-2
2020-01-02,2020-01-02,1157.8,41,2020-03-03,1200.3,1115.2503662109375,1144.1944580078125,1176.970703125,1157.8,13786,8192,2.3137083786724704,amazon/chronos-2
2020-01-02,2020-01-02,1157.8,42,2020-03-04,1191.4,1114.52880859375,1144.471435546875,1179.585205078125,1157.8,13786,8192,2.3137083786724704,amazon/chronos-2
2020-01-02,2020-01-02,1157.8,43,2020-03-05,1186.4,1112.4462890625,1143.4061279296875,1178.1856689453125,1157.8,13786,8192,2.3137083786724704,amazon/chronos-2
2020-01-02,2020-01-02,1157.8,44,2020-03-06,1185.0,1112.93359375,1143.823974609375,1177.38232421875,1157.8,13786,8192,2.3137083786724704,amazon/chronos-2
2020-01-02,2020-01-02,1157.8,45,2020-03-09,1191.4,1111.054443359375,1143.2088623046875,1177.675048828125,1157.8,13786,8192,2.3137083786724704,amazon/chronos-2
2020-01-02,2020-01-02,1157.8,46,2020-03-10,1201.4,1111.37548828125,1143.0294189453125,1178.15087890625,1157.8,13786,8192,2.3137083786724704,amazon/chronos-2
2020-01-02,2020-01-02,1157.8,47,2020-03-11,1196.7,1110.136474609375,1142.19140625,1180.51220703125,1157.8,13786,8192,2.3137083786724704,amazon/chronos-2
2020-01-02,2020-01-02,1157.8,48,2020-03-12,1192.8,1112.115966796875,1143.3612060546875,1178.3575439453125,1157.8,13786,8192,2.3137083786724704,amazon/chronos-2
2020-01-02,2020-01-02,1157.8,49,2020-03-13,1202.0,1110.850341796875,1141.185546875,1178.8489990234375,1157.8,13786,8192,2.3137083786724704,amazon/chronos-2
2020-01-02,2020-01-02,1157.8,50,2020-03-16,1222.2,1110.2772216796875,1139.993408203125,1178.6064453125,1157.8,13786,8192,2.3137083786724704,amazon/chronos-2
2020-01-02,2020-01-02,1157.8,51,2020-03-17,1219.6,1108.1751708984375,1140.2418212890625,1179.4840087890625,1157.8,13786,8192,2.3137083786724704,amazon/chronos-2
2020-01-02,2020-01-02,1157.8,52,2020-03-18,1241.2,1108.50390625,1139.137939453125,1177.572265625,1157.8,13786,8192,2.3137083786724704,amazon/chronos-2
2020-01-02,2020-01-02,1157.8,53,2020-03-19,1237.8,1106.777099609375,1138.56787109375,1177.9088134765625,1157.8,13786,8192,2.3137083786724704,amazon/chronos-2
2020-01-02,2020-01-02,1157.8,54,2020-03-20,1280.1,1108.0845947265625,1138.73583984375,1178.0347900390625,1157.8,13786,8192,2.3137083786724704,amazon/chronos-2
2020-01-02,2020-01-02,1157.8,55,2020-03-23,1254.1,1106.1368408203125,1138.0347900390625,1176.8848876953125,1157.8,13786,8192,2.3137083786724704,amazon/chronos-2
2020-01-02,2020-01-02,1157.8,56,2020-03-24,1274.6,1105.50927734375,1137.7276611328125,1177.7906494140625,1157.8,13786,8192,2.3137083786724704,amazon/chronos-2
2020-01-02,2020-01-02,1157.8,57,2020-03-25,1256.0,1104.7030029296875,1137.585693359375,1177.703857421875,1157.8,13786,8192,2.3137083786724704,amazon/chronos-2
2020-01-02,2020-01-02,1157.8,58,2020-03-26,1230.7,1104.01708984375,1137.3651123046875,1180.984375,1157.8,13786,8192,2.3137083786724704,amazon/chronos-2
2020-01-02,2020-01-02,1157.8,59,2020-03-27,1227.9,1101.4742431640625,1136.3123779296875,1178.8841552734375,1157.8,13786,8192,2.3137083786724704,amazon/chronos-2
2020-01-02,2020-01-02,1157.8,60,2020-03-30,1212.4,1101.88037109375,1136.5537109375,1178.492431640625,1157.8,13786,8192,2.3137083786724704,amazon/chronos-2
2020-07-01,2020-07-01,1198.5,1,2020-07-02,1201.6,1195.0986328125,1202.123291015625,1207.77880859375,1198.5,13909,8192,2.3478120506183493,amazon/chronos-2
2020-07-01,2020-07-01,1198.5,2,2020-07-03,1201.0,1193.08740234375,1201.8475341796875,1209.969970703125,1198.5,13909,8192,2.3478120506183493,amazon/chronos-2
2020-07-01,2020-07-01,1198.5,3,2020-07-06,1200.4,1190.926513671875,1201.249267578125,1211.4686279296875,1198.5,13909,8192,2.3478120506183493,amazon/chronos-2
2020-07-01,2020-07-01,1198.5,4,2020-07-07,1196.8,1188.75732421875,1201.160400390625,1211.970703125,1198.5,13909,8192,2.3478120506183493,amazon/chronos-2
2020-07-01,2020-07-01,1198.5,5,2020-07-08,1192.9,1187.5443115234375,1200.398681640625,1213.865478515625,1198.5,13909,8192,2.3478120506183493,amazon/chronos-2
2020-07-01,2020-07-01,1198.5,6,2020-07-09,1195.8,1186.52197265625,1201.007568359375,1215.6915283203125,1198.5,13909,8192,2.3478120506183493,amazon/chronos-2
2020-07-01,2020-07-01,1198.5,7,2020-07-10,1194.5,1185.479736328125,1200.9693603515625,1216.8121337890625,1198.5,13909,8192,2.3478120506183493,amazon/chronos-2
2020-07-01,2020-07-01,1198.5,8,2020-07-13,1202.4,1183.9405517578125,1200.6849365234375,1218.0235595703125,1198.5,13909,8192,2.3478120506183493,amazon/chronos-2
2020-07-01,2020-07-01,1198.5,9,2020-07-14,1200.3,1183.0074462890625,1200.0543212890625,1219.22705078125,1198.5,13909,8192,2.3478120506183493,amazon/chronos-2
2020-07-01,2020-07-01,1198.5,10,2020-07-15,1206.4,1181.8331298828125,1201.044677734375,1222.110107421875,1198.5,13909,8192,2.3478120506183493,amazon/chronos-2
2020-07-01,2020-07-01,1198.5,11,2020-07-16,1200.7,1180.9244384765625,1200.0980224609375,1222.54296875,1198.5,13909,8192,2.3478120506183493,amazon/chronos-2
2020-07-01,2020-07-01,1198.5,12,2020-07-17,1204.1,1179.815673828125,1200.4649658203125,1222.48046875,1198.5,13909,8192,2.3478120506183493,amazon/chronos-2
2020-07-01,2020-07-01,1198.5,13,2020-07-20,1205.7,1178.0216064453125,1200.14208984375,1223.2587890625,1198.5,13909,8192,2.3478120506183493,amazon/chronos-2
2020-07-01,2020-07-01,1198.5,14,2020-07-21,1203.7,1176.49755859375,1200.6766357421875,1224.25341796875,1198.5,13909,8192,2.3478120506183493,amazon/chronos-2
2020-07-01,2020-07-01,1198.5,15,2020-07-22,1198.1,1176.951904296875,1200.6119384765625,1227.8369140625,1198.5,13909,8192,2.3478120506183493,amazon/chronos-2
2020-07-01,2020-07-01,1198.5,16,2020-07-23,1193.7,1177.0184326171875,1200.501708984375,1227.227294921875,1198.5,13909,8192,2.3478120506183493,amazon/chronos-2
2020-07-01,2020-07-01,1198.5,17,2020-07-24,1198.5,1179.7230224609375,1202.220947265625,1229.22509765625,1198.5,13909,8192,2.3478120506183493,amazon/chronos-2
2020-07-01,2020-07-01,1198.5,18,2020-07-27,1201.3,1176.166748046875,1201.8138427734375,1230.8104248046875,1198.5,13909,8192,2.3478120506183493,amazon/chronos-2
2020-07-01,2020-07-01,1198.5,19,2020-07-28,1196.6,1176.132568359375,1201.7120361328125,1232.146728515625,1198.5,13909,8192,2.3478120506183493,amazon/chronos-2
2020-07-01,2020-07-01,1198.5,20,2020-07-29,1195.1,1177.125732421875,1201.9732666015625,1233.0089111328125,1198.5,13909,8192,2.3478120506183493,amazon/chronos-2
2020-07-01,2020-07-01,1198.5,21,2020-07-30,1195.2,1175.1292724609375,1201.2535400390625,1234.4954833984375,1198.5,13909,8192,2.3478120506183493,amazon/chronos-2
2020-07-01,2020-07-01,1198.5,22,2020-07-31,1191.4,1174.4185791015625,1201.494384765625,1235.06982421875,1198.5,13909,8192,2.3478120506183493,amazon/chronos-2
2020-07-01,2020-07-01,1198.5,23,2020-08-03,1189.1,1173.5618896484375,1201.628662109375,1235.8292236328125,1198.5,13909,8192,2.3478120506183493,amazon/chronos-2
2020-07-01,2020-07-01,1198.5,24,2020-08-04,1193.7,1172.897216796875,1201.411376953125,1236.5570068359375,1198.5,13909,8192,2.3478120506183493,amazon/chronos-2
2020-07-01,2020-07-01,1198.5,25,2020-08-05,1193.5,1171.7464599609375,1200.7003173828125,1237.9154052734375,1198.5,13909,8192,2.3478120506183493,amazon/chronos-2
2020-07-01,2020-07-01,1198.5,26,2020-08-06,1190.3,1170.446533203125,1201.451904296875,1239.5240478515625,1198.5,13909,8192,2.3478120506183493,amazon/chronos-2
2020-07-01,2020-07-01,1198.5,27,2020-08-07,1184.3,1169.157958984375,1200.540283203125,1239.8367919921875,1198.5,13909,8192,2.3478120506183493,amazon/chronos-2
2020-07-01,2020-07-01,1198.5,28,2020-08-10,1185.9,1168.449951171875,1200.45458984375,1239.497802734375,1198.5,13909,8192,2.3478120506183493,amazon/chronos-2
2020-07-01,2020-07-01,1198.5,29,2020-08-11,1186.7,1166.8460693359375,1199.9151611328125,1239.7291259765625,1198.5,13909,8192,2.3478120506183493,amazon/chronos-2
2020-07-01,2020-07-01,1198.5,30,2020-08-12,1184.9,1165.4110107421875,1200.492431640625,1239.2073974609375,1198.5,13909,8192,2.3478120506183493,amazon/chronos-2
2020-07-01,2020-07-01,1198.5,31,2020-08-13,1186.0,1166.8350830078125,1200.355224609375,1242.773193359375,1198.5,13909,8192,2.3478120506183493,amazon/chronos-2
2020-07-01,2020-07-01,1198.5,32,2020-08-14,1183.6,1168.4180908203125,1200.478271484375,1241.9766845703125,1198.5,13909,8192,2.3478120506183493,amazon/chronos-2
2020-07-01,2020-07-01,1198.5,33,2020-08-18,1185.8,1168.2213134765625,1201.074951171875,1244.421142578125,1198.5,13909,8192,2.3478120506183493,amazon/chronos-2
2020-07-01,2020-07-01,1198.5,34,2020-08-19,1185.1,1165.8785400390625,1200.687744140625,1245.5006103515625,1198.5,13909,8192,2.3478120506183493,amazon/chronos-2
2020-07-01,2020-07-01,1198.5,35,2020-08-20,1182.3,1164.892578125,1200.946044921875,1246.3260498046875,1198.5,13909,8192,2.3478120506183493,amazon/chronos-2
2020-07-01,2020-07-01,1198.5,36,2020-08-21,1186.3,1166.2696533203125,1201.46728515625,1247.7147216796875,1198.5,13909,8192,2.3478120506183493,amazon/chronos-2
2020-07-01,2020-07-01,1198.5,37,2020-08-24,1185.3,1164.8524169921875,1200.408447265625,1248.0489501953125,1198.5,13909,8192,2.3478120506183493,amazon/chronos-2
2020-07-01,2020-07-01,1198.5,38,2020-08-25,1190.0,1165.1849365234375,1201.030517578125,1248.886474609375,1198.5,13909,8192,2.3478120506183493,amazon/chronos-2
2020-07-01,2020-07-01,1198.5,39,2020-08-26,1186.3,1164.2767333984375,1201.1529541015625,1249.0936279296875,1198.5,13909,8192,2.3478120506183493,amazon/chronos-2
2020-07-01,2020-07-01,1198.5,40,2020-08-27,1187.0,1163.62841796875,1200.885986328125,1249.54150390625,1198.5,13909,8192,2.3478120506183493,amazon/chronos-2
2020-07-01,2020-07-01,1198.5,41,2020-08-28,1185.7,1161.9881591796875,1200.17822265625,1251.3961181640625,1198.5,13909,8192,2.3478120506183493,amazon/chronos-2
2020-07-01,2020-07-01,1198.5,42,2020-08-31,1185.1,1161.076171875,1201.070556640625,1251.7491455078125,1198.5,13909,8192,2.3478120506183493,amazon/chronos-2
2020-07-01,2020-07-01,1198.5,43,2020-09-01,1183.3,1159.5068359375,1200.2572021484375,1252.609375,1198.5,13909,8192,2.3478120506183493,amazon/chronos-2
2020-07-01,2020-07-01,1198.5,44,2020-09-02,1184.6,1159.349365234375,1200.1337890625,1252.872314453125,1198.5,13909,8192,2.3478120506183493,amazon/chronos-2
2020-07-01,2020-07-01,1198.5,45,2020-09-03,1186.2,1158.2054443359375,1199.4849853515625,1253.0391845703125,1198.5,13909,8192,2.3478120506183493,amazon/chronos-2
2020-07-01,2020-07-01,1198.5,46,2020-09-04,1187.5,1156.644287109375,1200.188720703125,1251.927490234375,1198.5,13909,8192,2.3478120506183493,amazon/chronos-2
2020-07-01,2020-07-01,1198.5,47,2020-09-07,1190.2,1158.2841796875,1199.6082763671875,1253.904052734375,1198.5,13909,8192,2.3478120506183493,amazon/chronos-2
2020-07-01,2020-07-01,1198.5,48,2020-09-08,1187.2,1160.255126953125,1199.6900634765625,1254.2462158203125,1198.5,13909,8192,2.3478120506183493,amazon/chronos-2
2020-07-01,2020-07-01,1198.5,49,2020-09-09,1187.9,1158.673095703125,1201.182861328125,1258.57373046875,1198.5,13909,8192,2.3478120506183493,amazon/chronos-2
2020-07-01,2020-07-01,1198.5,50,2020-09-10,1189.6,1158.868896484375,1200.9794921875,1258.5465087890625,1198.5,13909,8192,2.3478120506183493,amazon/chronos-2
2020-07-01,2020-07-01,1198.5,51,2020-09-11,1185.3,1157.586669921875,1201.4404296875,1259.222900390625,1198.5,13909,8192,2.3478120506183493,amazon/chronos-2
2020-07-01,2020-07-01,1198.5,52,2020-09-14,1188.3,1158.6666259765625,1201.818115234375,1261.388427734375,1198.5,13909,8192,2.3478120506183493,amazon/chronos-2
2020-07-01,2020-07-01,1198.5,53,2020-09-15,1184.2,1157.348876953125,1200.359375,1259.7471923828125,1198.5,13909,8192,2.3478120506183493,amazon/chronos-2
2020-07-01,2020-07-01,1198.5,54,2020-09-16,1180.5,1158.3516845703125,1201.161376953125,1261.5557861328125,1198.5,13909,8192,2.3478120506183493,amazon/chronos-2
2020-07-01,2020-07-01,1198.5,55,2020-09-17,1177.8,1157.3587646484375,1201.222900390625,1261.6473388671875,1198.5,13909,8192,2.3478120506183493,amazon/chronos-2
2020-07-01,2020-07-01,1198.5,56,2020-09-18,1175.4,1156.36083984375,1200.9237060546875,1262.005859375,1198.5,13909,8192,2.3478120506183493,amazon/chronos-2
2020-07-01,2020-07-01,1198.5,57,2020-09-21,1163.6,1154.618896484375,1200.34716796875,1264.1160888671875,1198.5,13909,8192,2.3478120506183493,amazon/chronos-2
2020-07-01,2020-07-01,1198.5,58,2020-09-22,1160.6,1154.2021484375,1201.4476318359375,1263.72021484375,1198.5,13909,8192,2.3478120506183493,amazon/chronos-2
2020-07-01,2020-07-01,1198.5,59,2020-09-23,1163.9,1152.025390625,1200.6488037109375,1264.529541015625,1198.5,13909,8192,2.3478120506183493,amazon/chronos-2
2020-07-01,2020-07-01,1198.5,60,2020-09-24,1164.4,1152.803466796875,1200.810791015625,1265.5361328125,1198.5,13909,8192,2.3478120506183493,amazon/chronos-2
2021-01-02,2020-12-31,1088.0,1,2021-01-04,1088.0,1079.792236328125,1085.2352294921875,1089.5989990234375,1088.0,14034,8192,2.3543269436328655,amazon/chronos-2
2021-01-02,2020-12-31,1088.0,2,2021-01-05,1083.1,1078.1029052734375,1085.7943115234375,1092.7838134765625,1088.0,14034,8192,2.3543269436328655,amazon/chronos-2
2021-01-02,2020-12-31,1088.0,3,2021-01-06,1086.1,1075.822998046875,1084.7760009765625,1093.98388671875,1088.0,14034,8192,2.3543269436328655,amazon/chronos-2
2021-01-02,2020-12-31,1088.0,4,2021-01-07,1086.8,1074.4266357421875,1084.2410888671875,1095.7867431640625,1088.0,14034,8192,2.3543269436328655,amazon/chronos-2
2021-01-02,2020-12-31,1088.0,5,2021-01-08,1087.7,1071.870849609375,1084.02294921875,1094.962158203125,1088.0,14034,8192,2.3543269436328655,amazon/chronos-2
2021-01-02,2020-12-31,1088.0,6,2021-01-11,1094.4,1071.316650390625,1084.25634765625,1095.7470703125,1088.0,14034,8192,2.3543269436328655,amazon/chronos-2
2021-01-02,2020-12-31,1088.0,7,2021-01-12,1097.8,1069.840087890625,1083.545654296875,1097.5423583984375,1088.0,14034,8192,2.3543269436328655,amazon/chronos-2
2021-01-02,2020-12-31,1088.0,8,2021-01-13,1099.9,1068.45849609375,1083.3121337890625,1098.611572265625,1088.0,14034,8192,2.3543269436328655,amazon/chronos-2
2021-01-02,2020-12-31,1088.0,9,2021-01-14,1095.0,1067.36962890625,1082.7359619140625,1097.690185546875,1088.0,14034,8192,2.3543269436328655,amazon/chronos-2
2021-01-02,2020-12-31,1088.0,10,2021-01-15,1100.3,1065.523681640625,1081.7816162109375,1098.3450927734375,1088.0,14034,8192,2.3543269436328655,amazon/chronos-2
2021-01-02,2020-12-31,1088.0,11,2021-01-18,1097.9,1064.59912109375,1081.99072265625,1099.5789794921875,1088.0,14034,8192,2.3543269436328655,amazon/chronos-2
2021-01-02,2020-12-31,1088.0,12,2021-01-19,1104.4,1064.3409423828125,1081.8026123046875,1098.857421875,1088.0,14034,8192,2.3543269436328655,amazon/chronos-2
2021-01-02,2020-12-31,1088.0,13,2021-01-20,1102.1,1063.208251953125,1081.678466796875,1098.79736328125,1088.0,14034,8192,2.3543269436328655,amazon/chronos-2
2021-01-02,2020-12-31,1088.0,14,2021-01-21,1100.0,1061.3699951171875,1081.3052978515625,1100.360595703125,1088.0,14034,8192,2.3543269436328655,amazon/chronos-2
2021-01-02,2020-12-31,1088.0,15,2021-01-22,1099.2,1059.7164306640625,1080.789306640625,1102.0638427734375,1088.0,14034,8192,2.3543269436328655,amazon/chronos-2
2021-01-02,2020-12-31,1088.0,16,2021-01-25,1102.3,1058.982177734375,1081.167236328125,1101.2882080078125,1088.0,14034,8192,2.3543269436328655,amazon/chronos-2
2021-01-02,2020-12-31,1088.0,17,2021-01-26,1103.2,1063.84716796875,1080.84619140625,1101.4591064453125,1088.0,14034,8192,2.3543269436328655,amazon/chronos-2
2021-01-02,2020-12-31,1088.0,18,2021-01-27,1103.0,1064.0186767578125,1082.0262451171875,1101.322998046875,1088.0,14034,8192,2.3543269436328655,amazon/chronos-2
2021-01-02,2020-12-31,1088.0,19,2021-01-28,1104.0,1060.179931640625,1080.98486328125,1100.853271484375,1088.0,14034,8192,2.3543269436328655,amazon/chronos-2
2021-01-02,2020-12-31,1088.0,20,2021-01-29,1114.6,1061.1761474609375,1081.2261962890625,1101.94140625,1088.0,14034,8192,2.3543269436328655,amazon/chronos-2
2021-01-02,2020-12-31,1088.0,21,2021-02-01,1117.2,1059.3802490234375,1081.2803955078125,1102.3291015625,1088.0,14034,8192,2.3543269436328655,amazon/chronos-2
2021-01-02,2020-12-31,1088.0,22,2021-02-02,1118.0,1058.9891357421875,1080.6734619140625,1102.8359375,1088.0,14034,8192,2.3543269436328655,amazon/chronos-2
2021-01-02,2020-12-31,1088.0,23,2021-02-03,1116.6,1057.454345703125,1080.1771240234375,1103.9373779296875,1088.0,14034,8192,2.3543269436328655,amazon/chronos-2
2021-01-02,2020-12-31,1088.0,24,2021-02-04,1114.0,1056.4278564453125,1079.235595703125,1105.061279296875,1088.0,14034,8192,2.3543269436328655,amazon/chronos-2
2021-01-02,2020-12-31,1088.0,25,2021-02-05,1116.7,1055.588623046875,1079.0638427734375,1103.2269287109375,1088.0,14034,8192,2.3543269436328655,amazon/chronos-2
2021-01-02,2020-12-31,1088.0,26,2021-02-08,1124.0,1054.22900390625,1078.067626953125,1104.1451416015625,1088.0,14034,8192,2.3543269436328655,amazon/chronos-2
2021-01-02,2020-12-31,1088.0,27,2021-02-09,1119.1,1053.949462890625,1078.82080078125,1105.5361328125,1088.0,14034,8192,2.3543269436328655,amazon/chronos-2
2021-01-02,2020-12-31,1088.0,28,2021-02-10,1116.0,1053.6888427734375,1078.4747314453125,1104.5498046875,1088.0,14034,8192,2.3543269436328655,amazon/chronos-2
2021-01-02,2020-12-31,1088.0,29,2021-02-15,1110.1,1053.03955078125,1078.2330322265625,1104.0196533203125,1088.0,14034,8192,2.3543269436328655,amazon/chronos-2
2021-01-02,2020-12-31,1088.0,30,2021-02-16,1103.1,1051.407470703125,1077.8087158203125,1105.384033203125,1088.0,14034,8192,2.3543269436328655,amazon/chronos-2
2021-01-02,2020-12-31,1088.0,31,2021-02-17,1099.7,1049.787841796875,1077.89697265625,1107.9859619140625,1088.0,14034,8192,2.3543269436328655,amazon/chronos-2
2021-01-02,2020-12-31,1088.0,32,2021-02-18,1107.7,1049.8646240234375,1078.520263671875,1106.572265625,1088.0,14034,8192,2.3543269436328655,amazon/chronos-2
2021-01-02,2020-12-31,1088.0,33,2021-02-19,1105.7,1052.192138671875,1076.8548583984375,1107.2149658203125,1088.0,14034,8192,2.3543269436328655,amazon/chronos-2
2021-01-02,2020-12-31,1088.0,34,2021-02-22,1107.1,1051.4197998046875,1078.1700439453125,1107.363037109375,1088.0,14034,8192,2.3543269436328655,amazon/chronos-2
2021-01-02,2020-12-31,1088.0,35,2021-02-23,1106.5,1049.9866943359375,1076.8267822265625,1106.6060791015625,1088.0,14034,8192,2.3543269436328655,amazon/chronos-2
2021-01-02,2020-12-31,1088.0,36,2021-02-24,1110.8,1049.4376220703125,1077.401123046875,1107.2838134765625,1088.0,14034,8192,2.3543269436328655,amazon/chronos-2
2021-01-02,2020-12-31,1088.0,37,2021-02-25,1110.2,1049.362548828125,1077.3143310546875,1107.491943359375,1088.0,14034,8192,2.3543269436328655,amazon/chronos-2
2021-01-02,2020-12-31,1088.0,38,2021-02-26,1108.4,1048.03369140625,1076.8472900390625,1107.733642578125,1088.0,14034,8192,2.3543269436328655,amazon/chronos-2
2021-01-02,2020-12-31,1088.0,39,2021-03-02,1121.8,1047.82421875,1076.412841796875,1108.08251953125,1088.0,14034,8192,2.3543269436328655,amazon/chronos-2
2021-01-02,2020-12-31,1088.0,40,2021-03-03,1121.3,1047.2667236328125,1075.6395263671875,1109.83056640625,1088.0,14034,8192,2.3543269436328655,amazon/chronos-2
2021-01-02,2020-12-31,1088.0,41,2021-03-04,1122.9,1045.7620849609375,1076.0546875,1107.929931640625,1088.0,14034,8192,2.3543269436328655,amazon/chronos-2
2021-01-02,2020-12-31,1088.0,42,2021-03-05,1126.2,1045.0986328125,1074.8143310546875,1108.9193115234375,1088.0,14034,8192,2.3543269436328655,amazon/chronos-2
2021-01-02,2020-12-31,1088.0,43,2021-03-08,1129.4,1044.3428955078125,1075.7655029296875,1110.4102783203125,1088.0,14034,8192,2.3543269436328655,amazon/chronos-2
2021-01-02,2020-12-31,1088.0,44,2021-03-09,1131.3,1045.0987548828125,1075.269775390625,1108.908203125,1088.0,14034,8192,2.3543269436328655,amazon/chronos-2
2021-01-02,2020-12-31,1088.0,45,2021-03-10,1141.1,1044.8629150390625,1074.896240234375,1108.3603515625,1088.0,14034,8192,2.3543269436328655,amazon/chronos-2
2021-01-02,2020-12-31,1088.0,46,2021-03-11,1140.7,1042.4002685546875,1074.277099609375,1109.3427734375,1088.0,14034,8192,2.3543269436328655,amazon/chronos-2
2021-01-02,2020-12-31,1088.0,47,2021-03-12,1137.3,1041.3289794921875,1074.83740234375,1111.9091796875,1088.0,14034,8192,2.3543269436328655,amazon/chronos-2
2021-01-02,2020-12-31,1088.0,48,2021-03-15,1130.7,1040.8621826171875,1075.0205078125,1110.7435302734375,1088.0,14034,8192,2.3543269436328655,amazon/chronos-2
2021-01-02,2020-12-31,1088.0,49,2021-03-16,1135.9,1048.3858642578125,1076.6876220703125,1119.763427734375,1088.0,14034,8192,2.3543269436328655,amazon/chronos-2
2021-01-02,2020-12-31,1088.0,50,2021-03-17,1132.5,1046.640380859375,1077.861328125,1120.287109375,1088.0,14034,8192,2.3543269436328655,amazon/chronos-2
2021-01-02,2020-12-31,1088.0,51,2021-03-18,1131.8,1044.2135009765625,1076.83837890625,1121.14111328125,1088.0,14034,8192,2.3543269436328655,amazon/chronos-2
2021-01-02,2020-12-31,1088.0,52,2021-03-19,1123.7,1043.621337890625,1077.7030029296875,1124.796142578125,1088.0,14034,8192,2.3543269436328655,amazon/chronos-2
2021-01-02,2020-12-31,1088.0,53,2021-03-22,1131.8,1043.1390380859375,1077.68505859375,1126.04443359375,1088.0,14034,8192,2.3543269436328655,amazon/chronos-2
2021-01-02,2020-12-31,1088.0,54,2021-03-23,1131.3,1043.169921875,1078.6983642578125,1128.9542236328125,1088.0,14034,8192,2.3543269436328655,amazon/chronos-2
2021-01-02,2020-12-31,1088.0,55,2021-03-24,1128.0,1042.554443359375,1078.509765625,1130.920166015625,1088.0,14034,8192,2.3543269436328655,amazon/chronos-2
2021-01-02,2020-12-31,1088.0,56,2021-03-25,1133.5,1042.470947265625,1078.802001953125,1135.142578125,1088.0,14034,8192,2.3543269436328655,amazon/chronos-2
2021-01-02,2020-12-31,1088.0,57,2021-03-26,1134.2,1040.5701904296875,1080.3466796875,1135.843017578125,1088.0,14034,8192,2.3543269436328655,amazon/chronos-2
2021-01-02,2020-12-31,1088.0,58,2021-03-29,1131.8,1041.37939453125,1081.012451171875,1143.204833984375,1088.0,14034,8192,2.3543269436328655,amazon/chronos-2
2021-01-02,2020-12-31,1088.0,59,2021-03-30,1131.7,1038.802734375,1083.8944091796875,1148.674072265625,1088.0,14034,8192,2.3543269436328655,amazon/chronos-2
2021-01-02,2020-12-31,1088.0,60,2021-03-31,1133.5,1038.316650390625,1084.242431640625,1152.971923828125,1088.0,14034,8192,2.3543269436328655,amazon/chronos-2
2021-07-01,2021-07-01,1129.5,1,2021-07-02,1132.2,1121.2684326171875,1127.348876953125,1132.439453125,1129.5,14158,8192,2.363040898495444,amazon/chronos-2
2021-07-01,2021-07-01,1129.5,2,2021-07-05,1134.5,1119.2584228515625,1127.2078857421875,1133.732177734375,1129.5,14158,8192,2.363040898495444,amazon/chronos-2
2021-07-01,2021-07-01,1129.5,3,2021-07-06,1130.3,1117.593017578125,1127.545654296875,1135.4493408203125,1129.5,14158,8192,2.363040898495444,amazon/chronos-2
2021-07-01,2021-07-01,1129.5,4,2021-07-07,1131.8,1115.9017333984375,1127.2855224609375,1136.527099609375,1129.5,14158,8192,2.363040898495444,amazon/chronos-2
2021-07-01,2021-07-01,1129.5,5,2021-07-08,1137.6,1114.9346923828125,1126.8787841796875,1138.546630859375,1129.5,14158,8192,2.363040898495444,amazon/chronos-2
2021-07-01,2021-07-01,1129.5,6,2021-07-09,1143.4,1114.2947998046875,1126.93359375,1139.435302734375,1129.5,14158,8192,2.363040898495444,amazon/chronos-2
2021-07-01,2021-07-01,1129.5,7,2021-07-12,1148.3,1113.736328125,1127.0164794921875,1140.3975830078125,1129.5,14158,8192,2.363040898495444,amazon/chronos-2
2021-07-01,2021-07-01,1129.5,8,2021-07-13,1146.4,1112.617431640625,1126.9859619140625,1141.3009033203125,1129.5,14158,8192,2.363040898495444,amazon/chronos-2
2021-07-01,2021-07-01,1129.5,9,2021-07-14,1145.1,1111.9405517578125,1127.2337646484375,1142.235107421875,1129.5,14158,8192,2.363040898495444,amazon/chronos-2
2021-07-01,2021-07-01,1129.5,10,2021-07-15,1150.3,1111.1126708984375,1127.79833984375,1144.2314453125,1129.5,14158,8192,2.363040898495444,amazon/chronos-2
2021-07-01,2021-07-01,1129.5,11,2021-07-16,1143.7,1110.29541015625,1127.2730712890625,1145.0277099609375,1129.5,14158,8192,2.363040898495444,amazon/chronos-2
2021-07-01,2021-07-01,1129.5,12,2021-07-19,1141.1,1110.257080078125,1127.597412109375,1144.26123046875,1129.5,14158,8192,2.363040898495444,amazon/chronos-2
2021-07-01,2021-07-01,1129.5,13,2021-07-20,1145.7,1108.65673828125,1127.432373046875,1145.0662841796875,1129.5,14158,8192,2.363040898495444,amazon/chronos-2
2021-07-01,2021-07-01,1129.5,14,2021-07-21,1151.0,1107.7239990234375,1128.11181640625,1146.4444580078125,1129.5,14158,8192,2.363040898495444,amazon/chronos-2
2021-07-01,2021-07-01,1129.5,15,2021-07-22,1150.6,1108.4552001953125,1127.85888671875,1149.653564453125,1129.5,14158,8192,2.363040898495444,amazon/chronos-2
2021-07-01,2021-07-01,1129.5,16,2021-07-23,1151.0,1108.7308349609375,1128.3543701171875,1148.2349853515625,1129.5,14158,8192,2.363040898495444,amazon/chronos-2
2021-07-01,2021-07-01,1129.5,17,2021-07-26,1149.5,1110.12158203125,1128.79052734375,1150.5994873046875,1129.5,14158,8192,2.363040898495444,amazon/chronos-2
2021-07-01,2021-07-01,1129.5,18,2021-07-27,1153.2,1108.710693359375,1128.389404296875,1151.5567626953125,1129.5,14158,8192,2.363040898495444,amazon/chronos-2
2021-07-01,2021-07-01,1129.5,19,2021-07-28,1150.2,1106.7584228515625,1128.4736328125,1153.139404296875,1129.5,14158,8192,2.363040898495444,amazon/chronos-2
2021-07-01,2021-07-01,1129.5,20,2021-07-29,1154.8,1106.7384033203125,1127.7596435546875,1152.12255859375,1129.5,14158,8192,2.363040898495444,amazon/chronos-2
2021-07-01,2021-07-01,1129.5,21,2021-07-30,1147.4,1104.7144775390625,1127.0634765625,1153.2498779296875,1129.5,14158,8192,2.363040898495444,amazon/chronos-2
2021-07-01,2021-07-01,1129.5,22,2021-08-02,1147.5,1105.2772216796875,1127.2164306640625,1153.260498046875,1129.5,14158,8192,2.363040898495444,amazon/chronos-2
2021-07-01,2021-07-01,1129.5,23,2021-08-03,1151.5,1104.527587890625,1127.2286376953125,1153.7275390625,1129.5,14158,8192,2.363040898495444,amazon/chronos-2
2021-07-01,2021-07-01,1129.5,24,2021-08-04,1150.7,1104.063232421875,1127.0804443359375,1154.4061279296875,1129.5,14158,8192,2.363040898495444,amazon/chronos-2
2021-07-01,2021-07-01,1129.5,25,2021-08-05,1145.8,1103.298828125,1127.15576171875,1154.9163818359375,1129.5,14158,8192,2.363040898495444,amazon/chronos-2
2021-07-01,2021-07-01,1129.5,26,2021-08-06,1143.5,1102.6953125,1127.3489990234375,1157.703857421875,1129.5,14158,8192,2.363040898495444,amazon/chronos-2
2021-07-01,2021-07-01,1129.5,27,2021-08-09,1142.3,1100.6673583984375,1126.4859619140625,1157.460205078125,1129.5,14158,8192,2.363040898495444,amazon/chronos-2
2021-07-01,2021-07-01,1129.5,28,2021-08-10,1145.0,1101.4827880859375,1127.2403564453125,1156.324951171875,1129.5,14158,8192,2.363040898495444,amazon/chronos-2
2021-07-01,2021-07-01,1129.5,29,2021-08-11,1148.5,1100.1220703125,1127.1761474609375,1156.8690185546875,1129.5,14158,8192,2.363040898495444,amazon/chronos-2
2021-07-01,2021-07-01,1129.5,30,2021-08-12,1155.0,1100.3057861328125,1127.3411865234375,1157.681884765625,1129.5,14158,8192,2.363040898495444,amazon/chronos-2
2021-07-01,2021-07-01,1129.5,31,2021-08-13,1158.9,1099.9390869140625,1127.142822265625,1160.2406005859375,1129.5,14158,8192,2.363040898495444,amazon/chronos-2
2021-07-01,2021-07-01,1129.5,32,2021-08-17,1167.8,1101.1575927734375,1127.8985595703125,1158.660888671875,1129.5,14158,8192,2.363040898495444,amazon/chronos-2
2021-07-01,2021-07-01,1129.5,33,2021-08-18,1174.9,1101.1622314453125,1127.359375,1159.821533203125,1129.5,14158,8192,2.363040898495444,amazon/chronos-2
2021-07-01,2021-07-01,1129.5,34,2021-08-19,1172.7,1100.3028564453125,1126.4141845703125,1160.281982421875,1129.5,14158,8192,2.363040898495444,amazon/chronos-2
2021-07-01,2021-07-01,1129.5,35,2021-08-20,1174.5,1097.8980712890625,1126.8504638671875,1161.983154296875,1129.5,14158,8192,2.363040898495444,amazon/chronos-2
2021-07-01,2021-07-01,1129.5,36,2021-08-23,1176.7,1097.998291015625,1126.0751953125,1160.6590576171875,1129.5,14158,8192,2.363040898495444,amazon/chronos-2
2021-07-01,2021-07-01,1129.5,37,2021-08-24,1174.0,1096.2720947265625,1125.69287109375,1161.65673828125,1129.5,14158,8192,2.363040898495444,amazon/chronos-2
2021-07-01,2021-07-01,1129.5,38,2021-08-25,1168.0,1097.7552490234375,1126.104736328125,1161.5521240234375,1129.5,14158,8192,2.363040898495444,amazon/chronos-2
2021-07-01,2021-07-01,1129.5,39,2021-08-26,1166.5,1096.520751953125,1125.8792724609375,1161.390380859375,1129.5,14158,8192,2.363040898495444,amazon/chronos-2
2021-07-01,2021-07-01,1129.5,40,2021-08-27,1168.1,1096.32080078125,1126.148681640625,1162.733154296875,1129.5,14158,8192,2.363040898495444,amazon/chronos-2
2021-07-01,2021-07-01,1129.5,41,2021-08-30,1170.8,1095.8570556640625,1126.36328125,1163.4429931640625,1129.5,14158,8192,2.363040898495444,amazon/chronos-2
2021-07-01,2021-07-01,1129.5,42,2021-08-31,1164.4,1095.172607421875,1126.1290283203125,1166.348388671875,1129.5,14158,8192,2.363040898495444,amazon/chronos-2
2021-07-01,2021-07-01,1129.5,43,2021-09-01,1162.8,1092.814208984375,1125.12451171875,1165.019775390625,1129.5,14158,8192,2.363040898495444,amazon/chronos-2
2021-07-01,2021-07-01,1129.5,44,2021-09-02,1157.5,1093.47900390625,1125.84228515625,1164.348876953125,1129.5,14158,8192,2.363040898495444,amazon/chronos-2
2021-07-01,2021-07-01,1129.5,45,2021-09-03,1159.7,1093.1480712890625,1126.38232421875,1164.46240234375,1129.5,14158,8192,2.363040898495444,amazon/chronos-2
2021-07-01,2021-07-01,1129.5,46,2021-09-06,1156.4,1093.62255859375,1126.08642578125,1165.0855712890625,1129.5,14158,8192,2.363040898495444,amazon/chronos-2
2021-07-01,2021-07-01,1129.5,47,2021-09-07,1157.3,1092.3204345703125,1125.8489990234375,1167.054443359375,1129.5,14158,8192,2.363040898495444,amazon/chronos-2
2021-07-01,2021-07-01,1129.5,48,2021-09-08,1157.9,1093.691650390625,1126.966552734375,1165.8040771484375,1129.5,14158,8192,2.363040898495444,amazon/chronos-2
2021-07-01,2021-07-01,1129.5,49,2021-09-09,1164.5,1093.3935546875,1126.8538818359375,1168.1024169921875,1129.5,14158,8192,2.363040898495444,amazon/chronos-2
2021-07-01,2021-07-01,1129.5,50,2021-09-10,1170.1,1092.3212890625,1125.3092041015625,1167.6416015625,1129.5,14158,8192,2.363040898495444,amazon/chronos-2
2021-07-01,2021-07-01,1129.5,51,2021-09-13,1170.4,1091.8238525390625,1125.6915283203125,1169.167724609375,1129.5,14158,8192,2.363040898495444,amazon/chronos-2
2021-07-01,2021-07-01,1129.5,52,2021-09-14,1174.3,1090.901123046875,1125.1688232421875,1167.714111328125,1129.5,14158,8192,2.363040898495444,amazon/chronos-2
2021-07-01,2021-07-01,1129.5,53,2021-09-15,1172.2,1090.4830322265625,1124.868408203125,1168.8333740234375,1129.5,14158,8192,2.363040898495444,amazon/chronos-2
2021-07-01,2021-07-01,1129.5,54,2021-09-16,1171.7,1091.538330078125,1125.094482421875,1168.02490234375,1129.5,14158,8192,2.363040898495444,amazon/chronos-2
2021-07-01,2021-07-01,1129.5,55,2021-09-17,1169.1,1090.2867431640625,1124.7642822265625,1167.2939453125,1129.5,14158,8192,2.363040898495444,amazon/chronos-2
2021-07-01,2021-07-01,1129.5,56,2021-09-23,1177.6,1089.933837890625,1125.07080078125,1168.70263671875,1129.5,14158,8192,2.363040898495444,amazon/chronos-2
2021-07-01,2021-07-01,1129.5,57,2021-09-24,1181.7,1088.828125,1125.1964111328125,1169.340087890625,1129.5,14158,8192,2.363040898495444,amazon/chronos-2
2021-07-01,2021-07-01,1129.5,58,2021-09-27,1175.3,1088.616943359375,1124.9676513671875,1172.2625732421875,1129.5,14158,8192,2.363040898495444,amazon/chronos-2
2021-07-01,2021-07-01,1129.5,59,2021-09-28,1175.9,1086.708984375,1124.2625732421875,1170.8450927734375,1129.5,14158,8192,2.363040898495444,amazon/chronos-2
2021-07-01,2021-07-01,1129.5,60,2021-09-29,1182.0,1087.3876953125,1125.0123291015625,1170.5914306640625,1129.5,14158,8192,2.363040898495444,amazon/chronos-2
2022-01-02,2021-12-31,1185.5,1,2022-01-03,1185.5,1180.9490966796875,1186.830078125,1192.122314453125,1185.5,14283,8192,2.370450217056435,amazon/chronos-2
2022-01-02,2021-12-31,1185.5,2,2022-01-04,1190.8,1180.1578369140625,1186.527587890625,1192.6270751953125,1185.5,14283,8192,2.370450217056435,amazon/chronos-2
2022-01-02,2021-12-31,1185.5,3,2022-01-05,1194.3,1179.0927734375,1186.338134765625,1193.1395263671875,1185.5,14283,8192,2.370450217056435,amazon/chronos-2
2022-01-02,2021-12-31,1185.5,4,2022-01-06,1198.2,1177.33251953125,1186.055419921875,1192.9140625,1185.5,14283,8192,2.370450217056435,amazon/chronos-2
2022-01-02,2021-12-31,1185.5,5,2022-01-07,1199.6,1176.7958984375,1185.2918701171875,1193.8250732421875,1185.5,14283,8192,2.370450217056435,amazon/chronos-2
2022-01-02,2021-12-31,1185.5,6,2022-01-10,1202.4,1176.350341796875,1185.828369140625,1194.392578125,1185.5,14283,8192,2.370450217056435,amazon/chronos-2
2022-01-02,2021-12-31,1185.5,7,2022-01-11,1200.0,1175.962890625,1185.8465576171875,1195.156005859375,1185.5,14283,8192,2.370450217056435,amazon/chronos-2
2022-01-02,2021-12-31,1185.5,8,2022-01-12,1195.2,1174.62939453125,1185.4444580078125,1195.7371826171875,1185.5,14283,8192,2.370450217056435,amazon/chronos-2
2022-01-02,2021-12-31,1185.5,9,2022-01-13,1189.9,1174.3626708984375,1184.91455078125,1195.9139404296875,1185.5,14283,8192,2.370450217056435,amazon/chronos-2
2022-01-02,2021-12-31,1185.5,10,2022-01-14,1188.2,1173.26171875,1185.4874267578125,1197.000244140625,1185.5,14283,8192,2.370450217056435,amazon/chronos-2
2022-01-02,2021-12-31,1185.5,11,2022-01-17,1187.6,1172.9593505859375,1184.3026123046875,1198.2509765625,1185.5,14283,8192,2.370450217056435,amazon/chronos-2
2022-01-02,2021-12-31,1185.5,12,2022-01-18,1192.3,1172.249267578125,1184.806640625,1196.928955078125,1185.5,14283,8192,2.370450217056435,amazon/chronos-2
2022-01-02,2021-12-31,1185.5,13,2022-01-19,1188.9,1170.41845703125,1184.3338623046875,1197.5465087890625,1185.5,14283,8192,2.370450217056435,amazon/chronos-2
2022-01-02,2021-12-31,1185.5,14,2022-01-20,1191.8,1170.1304931640625,1184.514404296875,1197.911376953125,1185.5,14283,8192,2.370450217056435,amazon/chronos-2
2022-01-02,2021-12-31,1185.5,15,2022-01-21,1190.4,1170.016357421875,1184.3184814453125,1200.4537353515625,1185.5,14283,8192,2.370450217056435,amazon/chronos-2
2022-01-02,2021-12-31,1185.5,16,2022-01-24,1193.6,1170.0286865234375,1184.6444091796875,1199.7825927734375,1185.5,14283,8192,2.370450217056435,amazon/chronos-2
2022-01-02,2021-12-31,1185.5,17,2022-01-25,1194.2,1170.2796630859375,1186.5738525390625,1202.5076904296875,1185.5,14283,8192,2.370450217056435,amazon/chronos-2
2022-01-02,2021-12-31,1185.5,18,2022-01-26,1197.8,1168.72119140625,1185.9649658203125,1202.740966796875,1185.5,14283,8192,2.370450217056435,amazon/chronos-2
2022-01-02,2021-12-31,1185.5,19,2022-01-27,1197.0,1167.8681640625,1185.8331298828125,1203.51220703125,1185.5,14283,8192,2.370450217056435,amazon/chronos-2
2022-01-02,2021-12-31,1185.5,20,2022-01-28,1202.4,1167.7255859375,1185.8951416015625,1203.6251220703125,1185.5,14283,8192,2.370450217056435,amazon/chronos-2
2022-01-02,2021-12-31,1185.5,21,2022-02-03,1205.7,1166.8966064453125,1185.3551025390625,1204.70947265625,1185.5,14283,8192,2.370450217056435,amazon/chronos-2
2022-01-02,2021-12-31,1185.5,22,2022-02-04,1205.4,1166.3187255859375,1185.672607421875,1204.8511962890625,1185.5,14283,8192,2.370450217056435,amazon/chronos-2
2022-01-02,2021-12-31,1185.5,23,2022-02-07,1199.5,1165.91943359375,1185.7335205078125,1205.750732421875,1185.5,14283,8192,2.370450217056435,amazon/chronos-2
2022-01-02,2021-12-31,1185.5,24,2022-02-08,1199.4,1165.05126953125,1185.421630859375,1206.23974609375,1185.5,14283,8192,2.370450217056435,amazon/chronos-2
2022-01-02,2021-12-31,1185.5,25,2022-02-09,1197.8,1164.4193115234375,1184.7113037109375,1206.5523681640625,1185.5,14283,8192,2.370450217056435,amazon/chronos-2
2022-01-02,2021-12-31,1185.5,26,2022-02-10,1196.0,1163.53125,1185.49609375,1208.435302734375,1185.5,14283,8192,2.370450217056435,amazon/chronos-2
2022-01-02,2021-12-31,1185.5,27,2022-02-11,1196.0,1162.61572265625,1184.30615234375,1208.70654296875,1185.5,14283,8192,2.370450217056435,amazon/chronos-2
2022-01-02,2021-12-31,1185.5,28,2022-02-14,1199.6,1162.1854248046875,1184.74072265625,1207.643310546875,1185.5,14283,8192,2.370450217056435,amazon/chronos-2
2022-01-02,2021-12-31,1185.5,29,2022-02-15,1198.3,1160.628662109375,1184.4002685546875,1208.0218505859375,1185.5,14283,8192,2.370450217056435,amazon/chronos-2
2022-01-02,2021-12-31,1185.5,30,2022-02-16,1198.5,1159.619140625,1184.550048828125,1207.8521728515625,1185.5,14283,8192,2.370450217056435,amazon/chronos-2
2022-01-02,2021-12-31,1185.5,31,2022-02-17,1196.9,1160.5577392578125,1184.37646484375,1210.756591796875,1185.5,14283,8192,2.370450217056435,amazon/chronos-2
2022-01-02,2021-12-31,1185.5,32,2022-02-18,1197.1,1161.0465087890625,1184.4615478515625,1209.682373046875,1185.5,14283,8192,2.370450217056435,amazon/chronos-2
2022-01-02,2021-12-31,1185.5,33,2022-02-21,1196.4,1161.663330078125,1185.65576171875,1213.3795166015625,1185.5,14283,8192,2.370450217056435,amazon/chronos-2
2022-01-02,2021-12-31,1185.5,34,2022-02-22,1194.6,1158.4119873046875,1184.935791015625,1213.8818359375,1185.5,14283,8192,2.370450217056435,amazon/chronos-2
2022-01-02,2021-12-31,1185.5,35,2022-02-23,1194.7,1158.4500732421875,1185.0714111328125,1214.838134765625,1185.5,14283,8192,2.370450217056435,amazon/chronos-2
2022-01-02,2021-12-31,1185.5,36,2022-02-24,1192.1,1159.1806640625,1185.2999267578125,1215.2264404296875,1185.5,14283,8192,2.370450217056435,amazon/chronos-2
2022-01-02,2021-12-31,1185.5,37,2022-02-25,1199.4,1157.8382568359375,1184.4627685546875,1216.0399169921875,1185.5,14283,8192,2.370450217056435,amazon/chronos-2
2022-01-02,2021-12-31,1185.5,38,2022-02-28,1202.7,1157.5430908203125,1184.802490234375,1215.8614501953125,1185.5,14283,8192,2.370450217056435,amazon/chronos-2
2022-01-02,2021-12-31,1185.5,39,2022-03-02,1205.6,1156.76806640625,1184.8243408203125,1216.436279296875,1185.5,14283,8192,2.370450217056435,amazon/chronos-2
2022-01-02,2021-12-31,1185.5,40,2022-03-03,1205.0,1156.01123046875,1184.3685302734375,1216.7222900390625,1185.5,14283,8192,2.370450217056435,amazon/chronos-2
2022-01-02,2021-12-31,1185.5,41,2022-03-04,1203.6,1154.9407958984375,1183.5062255859375,1217.3621826171875,1185.5,14283,8192,2.370450217056435,amazon/chronos-2
2022-01-02,2021-12-31,1185.5,42,2022-03-07,1211.5,1154.054931640625,1184.3994140625,1218.4208984375,1185.5,14283,8192,2.370450217056435,amazon/chronos-2
2022-01-02,2021-12-31,1185.5,43,2022-03-08,1225.4,1152.8194580078125,1183.4217529296875,1218.8697509765625,1185.5,14283,8192,2.370450217056435,amazon/chronos-2
2022-01-02,2021-12-31,1185.5,44,2022-03-10,1234.5,1152.6873779296875,1183.6510009765625,1218.393310546875,1185.5,14283,8192,2.370450217056435,amazon/chronos-2
2022-01-02,2021-12-31,1185.5,45,2022-03-11,1228.7,1151.2177734375,1183.0469970703125,1218.6993408203125,1185.5,14283,8192,2.370450217056435,amazon/chronos-2
2022-01-02,2021-12-31,1185.5,46,2022-03-14,1232.4,1150.1282958984375,1183.5162353515625,1218.1160888671875,1185.5,14283,8192,2.370450217056435,amazon/chronos-2
2022-01-02,2021-12-31,1185.5,47,2022-03-15,1238.6,1151.75439453125,1183.303955078125,1220.653564453125,1185.5,14283,8192,2.370450217056435,amazon/chronos-2
2022-01-02,2021-12-31,1185.5,48,2022-03-16,1241.7,1153.1724853515625,1183.4464111328125,1219.810791015625,1185.5,14283,8192,2.370450217056435,amazon/chronos-2
2022-01-02,2021-12-31,1185.5,49,2022-03-17,1240.4,1152.56298828125,1184.368408203125,1222.8616943359375,1185.5,14283,8192,2.370450217056435,amazon/chronos-2
2022-01-02,2021-12-31,1185.5,50,2022-03-18,1220.6,1151.109619140625,1183.936279296875,1223.560546875,1185.5,14283,8192,2.370450217056435,amazon/chronos-2
2022-01-02,2021-12-31,1185.5,51,2022-03-21,1211.1,1149.7142333984375,1183.9739990234375,1223.9906005859375,1185.5,14283,8192,2.370450217056435,amazon/chronos-2
2022-01-02,2021-12-31,1185.5,52,2022-03-22,1213.7,1150.0416259765625,1184.1805419921875,1224.4949951171875,1185.5,14283,8192,2.370450217056435,amazon/chronos-2
2022-01-02,2021-12-31,1185.5,53,2022-03-23,1221.4,1148.9537353515625,1182.9068603515625,1224.4324951171875,1185.5,14283,8192,2.370450217056435,amazon/chronos-2
2022-01-02,2021-12-31,1185.5,54,2022-03-24,1212.7,1149.5821533203125,1183.8603515625,1225.11572265625,1185.5,14283,8192,2.370450217056435,amazon/chronos-2
2022-01-02,2021-12-31,1185.5,55,2022-03-25,1219.4,1148.8944091796875,1183.8675537109375,1225.5682373046875,1185.5,14283,8192,2.370450217056435,amazon/chronos-2
2022-01-02,2021-12-31,1185.5,56,2022-03-28,1218.3,1147.600341796875,1183.216064453125,1226.1483154296875,1185.5,14283,8192,2.370450217056435,amazon/chronos-2
2022-01-02,2021-12-31,1185.5,57,2022-03-29,1225.7,1146.396240234375,1182.5694580078125,1227.565185546875,1185.5,14283,8192,2.370450217056435,amazon/chronos-2
2022-01-02,2021-12-31,1185.5,58,2022-03-30,1220.5,1146.2330322265625,1183.9539794921875,1228.81396484375,1185.5,14283,8192,2.370450217056435,amazon/chronos-2
2022-01-02,2021-12-31,1185.5,59,2022-03-31,1210.8,1144.5081787109375,1183.070556640625,1229.5360107421875,1185.5,14283,8192,2.370450217056435,amazon/chronos-2
2022-01-02,2021-12-31,1185.5,60,2022-04-01,1210.7,1144.9771728515625,1183.5518798828125,1229.974609375,1185.5,14283,8192,2.370450217056435,amazon/chronos-2
2022-07-01,2022-07-01,1299.8,1,2022-07-04,1294.2,1288.5306396484375,1300.8536376953125,1312.1697998046875,1299.8,14405,8192,2.3887718689252986,amazon/chronos-2
2022-07-01,2022-07-01,1299.8,2,2022-07-05,1297.9,1287.793701171875,1300.7784423828125,1314.15380859375,1299.8,14405,8192,2.3887718689252986,amazon/chronos-2
2022-07-01,2022-07-01,1299.8,3,2022-07-06,1298.0,1283.8857421875,1300.3148193359375,1315.8526611328125,1299.8,14405,8192,2.3887718689252986,amazon/chronos-2
2022-07-01,2022-07-01,1299.8,4,2022-07-07,1307.4,1282.61962890625,1299.373779296875,1317.71435546875,1299.8,14405,8192,2.3887718689252986,amazon/chronos-2
2022-07-01,2022-07-01,1299.8,5,2022-07-08,1302.7,1280.4266357421875,1299.326171875,1319.7373046875,1299.8,14405,8192,2.3887718689252986,amazon/chronos-2
2022-07-01,2022-07-01,1299.8,6,2022-07-11,1299.3,1279.256103515625,1299.5321044921875,1321.9052734375,1299.8,14405,8192,2.3887718689252986,amazon/chronos-2
2022-07-01,2022-07-01,1299.8,7,2022-07-12,1300.6,1279.0625,1300.3785400390625,1324.1319580078125,1299.8,14405,8192,2.3887718689252986,amazon/chronos-2
2022-07-01,2022-07-01,1299.8,8,2022-07-13,1312.9,1276.712158203125,1300.4881591796875,1325.9356689453125,1299.8,14405,8192,2.3887718689252986,amazon/chronos-2
2022-07-01,2022-07-01,1299.8,9,2022-07-14,1305.9,1277.002685546875,1301.437255859375,1327.5693359375,1299.8,14405,8192,2.3887718689252986,amazon/chronos-2
2022-07-01,2022-07-01,1299.8,10,2022-07-15,1310.0,1276.01123046875,1301.78515625,1330.2239990234375,1299.8,14405,8192,2.3887718689252986,amazon/chronos-2
2022-07-01,2022-07-01,1299.8,11,2022-07-18,1323.7,1275.750732421875,1301.39501953125,1331.1434326171875,1299.8,14405,8192,2.3887718689252986,amazon/chronos-2
2022-07-01,2022-07-01,1299.8,12,2022-07-19,1317.8,1272.96435546875,1301.405029296875,1331.6854248046875,1299.8,14405,8192,2.3887718689252986,amazon/chronos-2
2022-07-01,2022-07-01,1299.8,13,2022-07-20,1314.9,1270.6192626953125,1299.845458984375,1332.1383056640625,1299.8,14405,8192,2.3887718689252986,amazon/chronos-2
2022-07-01,2022-07-01,1299.8,14,2022-07-21,1308.6,1269.57373046875,1301.064453125,1331.4635009765625,1299.8,14405,8192,2.3887718689252986,amazon/chronos-2
2022-07-01,2022-07-01,1299.8,15,2022-07-22,1312.1,1270.1229248046875,1302.2569580078125,1335.587646484375,1299.8,14405,8192,2.3887718689252986,amazon/chronos-2
2022-07-01,2022-07-01,1299.8,16,2022-07-25,1311.7,1270.34619140625,1301.4339599609375,1336.5921630859375,1299.8,14405,8192,2.3887718689252986,amazon/chronos-2
2022-07-01,2022-07-01,1299.8,17,2022-07-26,1311.0,1271.0145263671875,1300.7587890625,1336.7955322265625,1299.8,14405,8192,2.3887718689252986,amazon/chronos-2
2022-07-01,2022-07-01,1299.8,18,2022-07-27,1310.0,1269.524169921875,1300.3519287109375,1338.5150146484375,1299.8,14405,8192,2.3887718689252986,amazon/chronos-2
2022-07-01,2022-07-01,1299.8,19,2022-07-28,1312.8,1265.8514404296875,1299.983154296875,1339.5301513671875,1299.8,14405,8192,2.3887718689252986,amazon/chronos-2
2022-07-01,2022-07-01,1299.8,20,2022-07-29,1304.0,1268.16064453125,1299.4085693359375,1341.694580078125,1299.8,14405,8192,2.3887718689252986,amazon/chronos-2
2022-07-01,2022-07-01,1299.8,21,2022-08-01,1298.6,1265.441162109375,1299.71240234375,1342.6343994140625,1299.8,14405,8192,2.3887718689252986,amazon/chronos-2
2022-07-01,2022-07-01,1299.8,22,2022-08-02,1306.4,1264.6824951171875,1299.1588134765625,1343.26953125,1299.8,14405,8192,2.3887718689252986,amazon/chronos-2
2022-07-01,2022-07-01,1299.8,23,2022-08-03,1307.2,1264.141357421875,1299.9691162109375,1344.44091796875,1299.8,14405,8192,2.3887718689252986,amazon/chronos-2
2022-07-01,2022-07-01,1299.8,24,2022-08-04,1310.5,1262.8870849609375,1299.9805908203125,1345.717529296875,1299.8,14405,8192,2.3887718689252986,amazon/chronos-2
2022-07-01,2022-07-01,1299.8,25,2022-08-05,1309.7,1262.403564453125,1300.778564453125,1347.48486328125,1299.8,14405,8192,2.3887718689252986,amazon/chronos-2
2022-07-01,2022-07-01,1299.8,26,2022-08-08,1299.3,1261.717041015625,1301.2257080078125,1348.756591796875,1299.8,14405,8192,2.3887718689252986,amazon/chronos-2
2022-07-01,2022-07-01,1299.8,27,2022-08-09,1304.8,1260.0665283203125,1300.761962890625,1349.579833984375,1299.8,14405,8192,2.3887718689252986,amazon/chronos-2
2022-07-01,2022-07-01,1299.8,28,2022-08-10,1305.1,1258.9002685546875,1300.543212890625,1351.2216796875,1299.8,14405,8192,2.3887718689252986,amazon/chronos-2
2022-07-01,2022-07-01,1299.8,29,2022-08-11,1309.1,1257.4190673828125,1299.1177978515625,1351.1375732421875,1299.8,14405,8192,2.3887718689252986,amazon/chronos-2
2022-07-01,2022-07-01,1299.8,30,2022-08-12,1302.5,1255.0211181640625,1300.10888671875,1349.7135009765625,1299.8,14405,8192,2.3887718689252986,amazon/chronos-2
2022-07-01,2022-07-01,1299.8,31,2022-08-16,1303.1,1257.7615966796875,1301.2982177734375,1352.657470703125,1299.8,14405,8192,2.3887718689252986,amazon/chronos-2
2022-07-01,2022-07-01,1299.8,32,2022-08-17,1309.6,1259.1875,1300.2757568359375,1353.4293212890625,1299.8,14405,8192,2.3887718689252986,amazon/chronos-2
2022-07-01,2022-07-01,1299.8,33,2022-08-18,1309.8,1257.791259765625,1301.09814453125,1356.873291015625,1299.8,14405,8192,2.3887718689252986,amazon/chronos-2
2022-07-01,2022-07-01,1299.8,34,2022-08-19,1317.3,1255.707763671875,1299.95166015625,1357.4498291015625,1299.8,14405,8192,2.3887718689252986,amazon/chronos-2
2022-07-01,2022-07-01,1299.8,35,2022-08-22,1326.7,1253.9656982421875,1300.1976318359375,1358.64794921875,1299.8,14405,8192,2.3887718689252986,amazon/chronos-2
2022-07-01,2022-07-01,1299.8,36,2022-08-23,1338.2,1256.0196533203125,1299.9853515625,1361.419677734375,1299.8,14405,8192,2.3887718689252986,amazon/chronos-2
2022-07-01,2022-07-01,1299.8,37,2022-08-24,1341.8,1255.2088623046875,1300.5374755859375,1359.586181640625,1299.8,14405,8192,2.3887718689252986,amazon/chronos-2
2022-07-01,2022-07-01,1299.8,38,2022-08-25,1341.4,1254.48095703125,1299.3321533203125,1361.515625,1299.8,14405,8192,2.3887718689252986,amazon/chronos-2
2022-07-01,2022-07-01,1299.8,39,2022-08-26,1336.9,1254.2545166015625,1300.554443359375,1362.4541015625,1299.8,14405,8192,2.3887718689252986,amazon/chronos-2
2022-07-01,2022-07-01,1299.8,40,2022-08-29,1332.5,1253.4918212890625,1300.60400390625,1363.84716796875,1299.8,14405,8192,2.3887718689252986,amazon/chronos-2
2022-07-01,2022-07-01,1299.8,41,2022-08-30,1347.7,1252.62841796875,1301.734375,1366.181884765625,1299.8,14405,8192,2.3887718689252986,amazon/chronos-2
2022-07-01,2022-07-01,1299.8,42,2022-08-31,1347.5,1252.45068359375,1302.3365478515625,1366.089111328125,1299.8,14405,8192,2.3887718689252986,amazon/chronos-2
2022-07-01,2022-07-01,1299.8,43,2022-09-01,1345.1,1250.20654296875,1302.010498046875,1367.3316650390625,1299.8,14405,8192,2.3887718689252986,amazon/chronos-2
2022-07-01,2022-07-01,1299.8,44,2022-09-02,1351.4,1250.1607666015625,1301.7203369140625,1369.9423828125,1299.8,14405,8192,2.3887718689252986,amazon/chronos-2
2022-07-01,2022-07-01,1299.8,45,2022-09-05,1356.5,1249.3284912109375,1300.5101318359375,1370.0751953125,1299.8,14405,8192,2.3887718689252986,amazon/chronos-2
2022-07-01,2022-07-01,1299.8,46,2022-09-06,1369.7,1246.4320068359375,1301.250244140625,1367.800048828125,1299.8,14405,8192,2.3887718689252986,amazon/chronos-2
2022-07-01,2022-07-01,1299.8,47,2022-09-07,1370.3,1249.6632080078125,1302.1600341796875,1369.6346435546875,1299.8,14405,8192,2.3887718689252986,amazon/chronos-2
2022-07-01,2022-07-01,1299.8,48,2022-09-08,1385.3,1251.7879638671875,1301.085205078125,1370.7867431640625,1299.8,14405,8192,2.3887718689252986,amazon/chronos-2
2022-07-01,2022-07-01,1299.8,49,2022-09-13,1381.2,1246.8408203125,1301.282470703125,1375.583251953125,1299.8,14405,8192,2.3887718689252986,amazon/chronos-2
2022-07-01,2022-07-01,1299.8,50,2022-09-14,1374.8,1245.8172607421875,1299.2816162109375,1373.7991943359375,1299.8,14405,8192,2.3887718689252986,amazon/chronos-2
2022-07-01,2022-07-01,1299.8,51,2022-09-15,1391.7,1245.116455078125,1299.9630126953125,1374.884765625,1299.8,14405,8192,2.3887718689252986,amazon/chronos-2
2022-07-01,2022-07-01,1299.8,52,2022-09-16,1394.2,1246.9853515625,1299.720947265625,1378.081298828125,1299.8,14405,8192,2.3887718689252986,amazon/chronos-2
2022-07-01,2022-07-01,1299.8,53,2022-09-19,1394.2,1247.2755126953125,1300.785400390625,1375.3564453125,1299.8,14405,8192,2.3887718689252986,amazon/chronos-2
2022-07-01,2022-07-01,1299.8,54,2022-09-20,1390.1,1246.447998046875,1298.7589111328125,1377.663818359375,1299.8,14405,8192,2.3887718689252986,amazon/chronos-2
2022-07-01,2022-07-01,1299.8,55,2022-09-21,1389.1,1245.872802734375,1299.797119140625,1378.59228515625,1299.8,14405,8192,2.3887718689252986,amazon/chronos-2
2022-07-01,2022-07-01,1299.8,56,2022-09-22,1393.6,1245.2110595703125,1299.74951171875,1378.8336181640625,1299.8,14405,8192,2.3887718689252986,amazon/chronos-2
2022-07-01,2022-07-01,1299.8,57,2022-09-23,1408.0,1243.8189697265625,1300.98779296875,1381.8675537109375,1299.8,14405,8192,2.3887718689252986,amazon/chronos-2
2022-07-01,2022-07-01,1299.8,58,2022-09-26,1408.4,1243.3883056640625,1301.302001953125,1380.43994140625,1299.8,14405,8192,2.3887718689252986,amazon/chronos-2
2022-07-01,2022-07-01,1299.8,59,2022-09-27,1429.7,1241.288818359375,1300.9732666015625,1381.562744140625,1299.8,14405,8192,2.3887718689252986,amazon/chronos-2
2022-07-01,2022-07-01,1299.8,60,2022-09-28,1427.2,1240.920654296875,1300.1514892578125,1384.757080078125,1299.8,14405,8192,2.3887718689252986,amazon/chronos-2
2023-01-02,2023-01-02,1267.3,1,2023-01-03,1268.9,1257.5888671875,1268.001953125,1277.4520263671875,1267.3,14531,8192,2.42539366827254,amazon/chronos-2
2023-01-02,2023-01-02,1267.3,2,2023-01-04,1272.1,1254.30712890625,1268.1544189453125,1281.5509033203125,1267.3,14531,8192,2.42539366827254,amazon/chronos-2
2023-01-02,2023-01-02,1267.3,3,2023-01-05,1274.7,1251.994384765625,1267.877197265625,1284.602783203125,1267.3,14531,8192,2.42539366827254,amazon/chronos-2
2023-01-02,2023-01-02,1267.3,4,2023-01-06,1270.3,1249.865966796875,1267.8570556640625,1285.8133544921875,1267.3,14531,8192,2.42539366827254,amazon/chronos-2
2023-01-02,2023-01-02,1267.3,5,2023-01-09,1267.2,1248.36474609375,1267.661376953125,1289.3216552734375,1267.3,14531,8192,2.42539366827254,amazon/chronos-2
2023-01-02,2023-01-02,1267.3,6,2023-01-10,1246.8,1246.9417724609375,1268.4189453125,1292.3316650390625,1267.3,14531,8192,2.42539366827254,amazon/chronos-2
2023-01-02,2023-01-02,1267.3,7,2023-01-11,1240.8,1245.861083984375,1268.622802734375,1294.2181396484375,1267.3,14531,8192,2.42539366827254,amazon/chronos-2
2023-01-02,2023-01-02,1267.3,8,2023-01-12,1245.3,1244.086181640625,1268.9803466796875,1296.7119140625,1267.3,14531,8192,2.42539366827254,amazon/chronos-2
2023-01-02,2023-01-02,1267.3,9,2023-01-13,1244.6,1243.24755859375,1269.0855712890625,1298.7232666015625,1267.3,14531,8192,2.42539366827254,amazon/chronos-2
2023-01-02,2023-01-02,1267.3,10,2023-01-16,1240.6,1242.083740234375,1269.9959716796875,1302.8907470703125,1267.3,14531,8192,2.42539366827254,amazon/chronos-2
2023-01-02,2023-01-02,1267.3,11,2023-01-17,1234.0,1240.78515625,1269.630126953125,1302.9566650390625,1267.3,14531,8192,2.42539366827254,amazon/chronos-2
2023-01-02,2023-01-02,1267.3,12,2023-01-18,1238.5,1239.3646240234375,1269.50048828125,1304.7415771484375,1267.3,14531,8192,2.42539366827254,amazon/chronos-2
2023-01-02,2023-01-02,1267.3,13,2023-01-19,1239.8,1237.60888671875,1268.971435546875,1306.195068359375,1267.3,14531,8192,2.42539366827254,amazon/chronos-2
2023-01-02,2023-01-02,1267.3,14,2023-01-20,1236.0,1235.1004638671875,1269.9771728515625,1308.1632080078125,1267.3,14531,8192,2.42539366827254,amazon/chronos-2
2023-01-02,2023-01-02,1267.3,15,2023-01-25,1234.4,1235.75927734375,1270.192138671875,1310.8448486328125,1267.3,14531,8192,2.42539366827254,amazon/chronos-2
2023-01-02,2023-01-02,1267.3,16,2023-01-26,1233.4,1235.719970703125,1269.430908203125,1311.406982421875,1267.3,14531,8192,2.42539366827254,amazon/chronos-2
2023-01-02,2023-01-02,1267.3,17,2023-01-27,1231.4,1240.4544677734375,1270.1324462890625,1313.013671875,1267.3,14531,8192,2.42539366827254,amazon/chronos-2
2023-01-02,2023-01-02,1267.3,18,2023-01-30,1230.2,1235.455810546875,1269.524169921875,1316.041015625,1267.3,14531,8192,2.42539366827254,amazon/chronos-2
2023-01-02,2023-01-02,1267.3,19,2023-01-31,1228.7,1235.0865478515625,1269.42626953125,1318.2379150390625,1267.3,14531,8192,2.42539366827254,amazon/chronos-2
2023-01-02,2023-01-02,1267.3,20,2023-02-01,1230.8,1236.5147705078125,1269.5931396484375,1320.8604736328125,1267.3,14531,8192,2.42539366827254,amazon/chronos-2
2023-01-02,2023-01-02,1267.3,21,2023-02-02,1231.4,1233.868408203125,1268.954833984375,1325.2608642578125,1267.3,14531,8192,2.42539366827254,amazon/chronos-2
2023-01-02,2023-01-02,1267.3,22,2023-02-03,1219.3,1233.0284423828125,1269.60400390625,1326.6055908203125,1267.3,14531,8192,2.42539366827254,amazon/chronos-2
2023-01-02,2023-01-02,1267.3,23,2023-02-06,1227.2,1231.8897705078125,1269.822998046875,1327.3958740234375,1267.3,14531,8192,2.42539366827254,amazon/chronos-2
2023-01-02,2023-01-02,1267.3,24,2023-02-07,1247.5,1230.823974609375,1269.8348388671875,1328.92236328125,1267.3,14531,8192,2.42539366827254,amazon/chronos-2
2023-01-02,2023-01-02,1267.3,25,2023-02-08,1256.0,1229.504638671875,1269.897216796875,1332.153076171875,1267.3,14531,8192,2.42539366827254,amazon/chronos-2
2023-01-02,2023-01-02,1267.3,26,2023-02-09,1257.1,1228.4735107421875,1271.3126220703125,1335.52099609375,1267.3,14531,8192,2.42539366827254,amazon/chronos-2
2023-01-02,2023-01-02,1267.3,27,2023-02-10,1263.1,1226.9232177734375,1271.328369140625,1339.7698974609375,1267.3,14531,8192,2.42539366827254,amazon/chronos-2
2023-01-02,2023-01-02,1267.3,28,2023-02-13,1264.3,1226.67919921875,1271.400390625,1344.8900146484375,1267.3,14531,8192,2.42539366827254,amazon/chronos-2
2023-01-02,2023-01-02,1267.3,29,2023-02-14,1274.6,1224.876708984375,1270.5850830078125,1348.756591796875,1267.3,14531,8192,2.42539366827254,amazon/chronos-2
2023-01-02,2023-01-02,1267.3,30,2023-02-15,1269.9,1221.52978515625,1271.86279296875,1350.2728271484375,1267.3,14531,8192,2.42539366827254,amazon/chronos-2
2023-01-02,2023-01-02,1267.3,31,2023-02-16,1279.3,1223.3807373046875,1271.6392822265625,1349.144287109375,1267.3,14531,8192,2.42539366827254,amazon/chronos-2
2023-01-02,2023-01-02,1267.3,32,2023-02-17,1283.7,1224.414794921875,1271.39306640625,1353.1253662109375,1267.3,14531,8192,2.42539366827254,amazon/chronos-2
2023-01-02,2023-01-02,1267.3,33,2023-02-20,1297.7,1227.65234375,1275.025146484375,1359.953369140625,1267.3,14531,8192,2.42539366827254,amazon/chronos-2
2023-01-02,2023-01-02,1267.3,34,2023-02-21,1295.8,1225.630859375,1274.444580078125,1361.2099609375,1267.3,14531,8192,2.42539366827254,amazon/chronos-2
2023-01-02,2023-01-02,1267.3,35,2023-02-22,1295.8,1223.162353515625,1275.487060546875,1363.6304931640625,1267.3,14531,8192,2.42539366827254,amazon/chronos-2
2023-01-02,2023-01-02,1267.3,36,2023-02-23,1303.8,1225.080322265625,1275.19482421875,1369.523681640625,1267.3,14531,8192,2.42539366827254,amazon/chronos-2
2023-01-02,2023-01-02,1267.3,37,2023-02-24,1299.6,1223.0128173828125,1274.563720703125,1369.24609375,1267.3,14531,8192,2.42539366827254,amazon/chronos-2
2023-01-02,2023-01-02,1267.3,38,2023-02-27,1300.5,1223.9696044921875,1275.6458740234375,1374.606689453125,1267.3,14531,8192,2.42539366827254,amazon/chronos-2
2023-01-02,2023-01-02,1267.3,39,2023-02-28,1317.4,1222.9339599609375,1276.3421630859375,1378.40283203125,1267.3,14531,8192,2.42539366827254,amazon/chronos-2
2023-01-02,2023-01-02,1267.3,40,2023-03-02,1319.2,1222.4833984375,1276.469970703125,1378.37744140625,1267.3,14531,8192,2.42539366827254,amazon/chronos-2
2023-01-02,2023-01-02,1267.3,41,2023-03-03,1310.4,1220.1417236328125,1276.677734375,1384.00732421875,1267.3,14531,8192,2.42539366827254,amazon/chronos-2
2023-01-02,2023-01-02,1267.3,42,2023-03-06,1304.8,1219.716064453125,1277.591064453125,1385.1119384765625,1267.3,14531,8192,2.42539366827254,amazon/chronos-2
2023-01-02,2023-01-02,1267.3,43,2023-03-07,1296.7,1216.935791015625,1277.8333740234375,1388.97021484375,1267.3,14531,8192,2.42539366827254,amazon/chronos-2
2023-01-02,2023-01-02,1267.3,44,2023-03-08,1299.1,1217.2384033203125,1277.5574951171875,1397.03515625,1267.3,14531,8192,2.42539366827254,amazon/chronos-2
2023-01-02,2023-01-02,1267.3,45,2023-03-09,1319.5,1215.8876953125,1276.123779296875,1400.1466064453125,1267.3,14531,8192,2.42539366827254,amazon/chronos-2
2023-01-02,2023-01-02,1267.3,46,2023-03-10,1319.7,1215.677978515625,1277.49072265625,1399.9541015625,1267.3,14531,8192,2.42539366827254,amazon/chronos-2
2023-01-02,2023-01-02,1267.3,47,2023-03-13,1325.7,1214.7523193359375,1277.0716552734375,1396.2469482421875,1267.3,14531,8192,2.42539366827254,amazon/chronos-2
2023-01-02,2023-01-02,1267.3,48,2023-03-14,1307.3,1214.397216796875,1277.5284423828125,1399.894287109375,1267.3,14531,8192,2.42539366827254,amazon/chronos-2
2023-01-02,2023-01-02,1267.3,49,2023-03-15,1304.9,1212.680908203125,1278.4442138671875,1397.383056640625,1267.3,14531,8192,2.42539366827254,amazon/chronos-2
2023-01-02,2023-01-02,1267.3,50,2023-03-16,1302.0,1212.947998046875,1278.6732177734375,1395.8302001953125,1267.3,14531,8192,2.42539366827254,amazon/chronos-2
2023-01-02,2023-01-02,1267.3,51,2023-03-17,1312.1,1213.6971435546875,1280.1220703125,1395.753662109375,1267.3,14531,8192,2.42539366827254,amazon/chronos-2
2023-01-02,2023-01-02,1267.3,52,2023-03-20,1303.6,1214.805908203125,1279.1429443359375,1402.065673828125,1267.3,14531,8192,2.42539366827254,amazon/chronos-2
2023-01-02,2023-01-02,1267.3,53,2023-03-21,1308.4,1211.833251953125,1278.705078125,1400.1551513671875,1267.3,14531,8192,2.42539366827254,amazon/chronos-2
2023-01-02,2023-01-02,1267.3,54,2023-03-22,1307.8,1213.8233642578125,1279.364013671875,1406.4071044921875,1267.3,14531,8192,2.42539366827254,amazon/chronos-2
2023-01-02,2023-01-02,1267.3,55,2023-03-23,1307.1,1213.7735595703125,1279.4849853515625,1409.97119140625,1267.3,14531,8192,2.42539366827254,amazon/chronos-2
2023-01-02,2023-01-02,1267.3,56,2023-03-24,1287.2,1213.2369384765625,1279.7041015625,1408.0589599609375,1267.3,14531,8192,2.42539366827254,amazon/chronos-2
2023-01-02,2023-01-02,1267.3,57,2023-03-27,1289.7,1210.734619140625,1280.3541259765625,1411.4466552734375,1267.3,14531,8192,2.42539366827254,amazon/chronos-2
2023-01-02,2023-01-02,1267.3,58,2023-03-28,1300.3,1210.5927734375,1280.321044921875,1411.68798828125,1267.3,14531,8192,2.42539366827254,amazon/chronos-2
2023-01-02,2023-01-02,1267.3,59,2023-03-29,1297.4,1207.7581787109375,1280.22265625,1413.763671875,1267.3,14531,8192,2.42539366827254,amazon/chronos-2
2023-01-02,2023-01-02,1267.3,60,2023-03-30,1299.3,1208.264892578125,1279.6339111328125,1420.9970703125,1267.3,14531,8192,2.42539366827254,amazon/chronos-2
2023-07-01,2023-06-30,1312.8,1,2023-07-03,1319.4,1302.109130859375,1314.33349609375,1325.666015625,1312.8,14653,8192,2.4509602784602786,amazon/chronos-2
2023-07-01,2023-06-30,1312.8,2,2023-07-04,1310.0,1301.6573486328125,1314.1309814453125,1326.880859375,1312.8,14653,8192,2.4509602784602786,amazon/chronos-2
2023-07-01,2023-06-30,1312.8,3,2023-07-05,1301.7,1298.630859375,1313.5682373046875,1327.873779296875,1312.8,14653,8192,2.4509602784602786,amazon/chronos-2
2023-07-01,2023-06-30,1312.8,4,2023-07-06,1300.8,1297.114501953125,1312.68017578125,1328.7274169921875,1312.8,14653,8192,2.4509602784602786,amazon/chronos-2
2023-07-01,2023-06-30,1312.8,5,2023-07-07,1303.8,1295.577392578125,1312.6396484375,1330.67626953125,1312.8,14653,8192,2.4509602784602786,amazon/chronos-2
2023-07-01,2023-06-30,1312.8,6,2023-07-10,1307.3,1294.1385498046875,1312.8419189453125,1332.636474609375,1312.8,14653,8192,2.4509602784602786,amazon/chronos-2
2023-07-01,2023-06-30,1312.8,7,2023-07-11,1303.8,1293.485595703125,1312.9195556640625,1333.7755126953125,1312.8,14653,8192,2.4509602784602786,amazon/chronos-2
2023-07-01,2023-06-30,1312.8,8,2023-07-12,1295.0,1291.3697509765625,1313.1734619140625,1335.5650634765625,1312.8,14653,8192,2.4509602784602786,amazon/chronos-2
2023-07-01,2023-06-30,1312.8,9,2023-07-13,1291.4,1291.3428955078125,1313.79541015625,1336.5751953125,1312.8,14653,8192,2.4509602784602786,amazon/chronos-2
2023-07-01,2023-06-30,1312.8,10,2023-07-14,1276.2,1290.09228515625,1313.681396484375,1339.19189453125,1312.8,14653,8192,2.4509602784602786,amazon/chronos-2
2023-07-01,2023-06-30,1312.8,11,2023-07-17,1265.8,1289.20458984375,1313.3016357421875,1339.3184814453125,1312.8,14653,8192,2.4509602784602786,amazon/chronos-2
2023-07-01,2023-06-30,1312.8,12,2023-07-18,1266.1,1287.0712890625,1313.0880126953125,1339.569091796875,1312.8,14653,8192,2.4509602784602786,amazon/chronos-2
2023-07-01,2023-06-30,1312.8,13,2023-07-19,1261.6,1284.8653564453125,1311.7130126953125,1340.5653076171875,1312.8,14653,8192,2.4509602784602786,amazon/chronos-2
2023-07-01,2023-06-30,1312.8,14,2023-07-20,1265.4,1283.9967041015625,1312.609130859375,1339.7001953125,1312.8,14653,8192,2.4509602784602786,amazon/chronos-2
2023-07-01,2023-06-30,1312.8,15,2023-07-21,1265.8,1283.764892578125,1313.3775634765625,1344.2384033203125,1312.8,14653,8192,2.4509602784602786,amazon/chronos-2
2023-07-01,2023-06-30,1312.8,16,2023-07-24,1281.7,1283.42626953125,1312.507080078125,1344.889892578125,1312.8,14653,8192,2.4509602784602786,amazon/chronos-2
2023-07-01,2023-06-30,1312.8,17,2023-07-25,1283.8,1283.902099609375,1314.7069091796875,1349.0108642578125,1312.8,14653,8192,2.4509602784602786,amazon/chronos-2
2023-07-01,2023-06-30,1312.8,18,2023-07-26,1280.7,1281.8115234375,1313.7064208984375,1349.34912109375,1312.8,14653,8192,2.4509602784602786,amazon/chronos-2
2023-07-01,2023-06-30,1312.8,19,2023-07-27,1278.7,1278.7440185546875,1313.1708984375,1350.031005859375,1312.8,14653,8192,2.4509602784602786,amazon/chronos-2
2023-07-01,2023-06-30,1312.8,20,2023-07-28,1273.4,1280.402587890625,1312.4295654296875,1351.46337890625,1312.8,14653,8192,2.4509602784602786,amazon/chronos-2
2023-07-01,2023-06-30,1312.8,21,2023-07-31,1280.0,1277.9598388671875,1312.7393798828125,1353.204345703125,1312.8,14653,8192,2.4509602784602786,amazon/chronos-2
2023-07-01,2023-06-30,1312.8,22,2023-08-01,1273.8,1276.7337646484375,1312.087646484375,1353.4896240234375,1312.8,14653,8192,2.4509602784602786,amazon/chronos-2
2023-07-01,2023-06-30,1312.8,23,2023-08-02,1280.7,1275.6781005859375,1312.0718994140625,1353.927734375,1312.8,14653,8192,2.4509602784602786,amazon/chronos-2
2023-07-01,2023-06-30,1312.8,24,2023-08-03,1293.0,1274.659423828125,1312.529296875,1355.4981689453125,1312.8,14653,8192,2.4509602784602786,amazon/chronos-2
2023-07-01,2023-06-30,1312.8,25,2023-08-04,1298.8,1274.8021240234375,1313.232666015625,1356.6903076171875,1312.8,14653,8192,2.4509602784602786,amazon/chronos-2
2023-07-01,2023-06-30,1312.8,26,2023-08-07,1303.9,1273.71533203125,1313.3062744140625,1358.7525634765625,1312.8,14653,8192,2.4509602784602786,amazon/chronos-2
2023-07-01,2023-06-30,1312.8,27,2023-08-08,1304.1,1272.1646728515625,1312.8717041015625,1358.5260009765625,1312.8,14653,8192,2.4509602784602786,amazon/chronos-2
2023-07-01,2023-06-30,1312.8,28,2023-08-09,1312.6,1270.7830810546875,1312.474365234375,1358.83642578125,1312.8,14653,8192,2.4509602784602786,amazon/chronos-2
2023-07-01,2023-06-30,1312.8,29,2023-08-10,1318.3,1268.8961181640625,1311.1744384765625,1359.5069580078125,1312.8,14653,8192,2.4509602784602786,amazon/chronos-2
2023-07-01,2023-06-30,1312.8,30,2023-08-11,1317.3,1266.4066162109375,1311.812255859375,1357.558349609375,1312.8,14653,8192,2.4509602784602786,amazon/chronos-2
2023-07-01,2023-06-30,1312.8,31,2023-08-14,1321.1,1267.8369140625,1312.0013427734375,1361.274169921875,1312.8,14653,8192,2.4509602784602786,amazon/chronos-2
2023-07-01,2023-06-30,1312.8,32,2023-08-16,1331.3,1268.656494140625,1310.9244384765625,1361.64111328125,1312.8,14653,8192,2.4509602784602786,amazon/chronos-2
2023-07-01,2023-06-30,1312.8,33,2023-08-17,1338.3,1272.0968017578125,1314.7481689453125,1366.201416015625,1312.8,14653,8192,2.4509602784602786,amazon/chronos-2
2023-07-01,2023-06-30,1312.8,34,2023-08-18,1341.6,1268.1148681640625,1313.3466796875,1366.65966796875,1312.8,14653,8192,2.4509602784602786,amazon/chronos-2
2023-07-01,2023-06-30,1312.8,35,2023-08-21,1336.9,1266.1583251953125,1313.2818603515625,1367.3797607421875,1312.8,14653,8192,2.4509602784602786,amazon/chronos-2
2023-07-01,2023-06-30,1312.8,36,2023-08-22,1341.5,1268.704345703125,1312.7298583984375,1369.2236328125,1312.8,14653,8192,2.4509602784602786,amazon/chronos-2
2023-07-01,2023-06-30,1312.8,37,2023-08-23,1338.7,1267.2515869140625,1313.53857421875,1369.0777587890625,1312.8,14653,8192,2.4509602784602786,amazon/chronos-2
2023-07-01,2023-06-30,1312.8,38,2023-08-24,1338.0,1266.4329833984375,1312.515380859375,1370.179931640625,1312.8,14653,8192,2.4509602784602786,amazon/chronos-2
2023-07-01,2023-06-30,1312.8,39,2023-08-25,1324.0,1265.23291015625,1312.761474609375,1370.2640380859375,1312.8,14653,8192,2.4509602784602786,amazon/chronos-2
2023-07-01,2023-06-30,1312.8,40,2023-08-28,1326.6,1264.3553466796875,1312.99462890625,1371.6749267578125,1312.8,14653,8192,2.4509602784602786,amazon/chronos-2
2023-07-01,2023-06-30,1312.8,41,2023-08-29,1322.5,1263.8509521484375,1313.850830078125,1373.4757080078125,1312.8,14653,8192,2.4509602784602786,amazon/chronos-2
2023-07-01,2023-06-30,1312.8,42,2023-08-30,1322.0,1263.123779296875,1314.0445556640625,1374.20556640625,1312.8,14653,8192,2.4509602784602786,amazon/chronos-2
2023-07-01,2023-06-30,1312.8,43,2023-08-31,1321.4,1260.771484375,1313.445556640625,1374.7440185546875,1312.8,14653,8192,2.4509602784602786,amazon/chronos-2
2023-07-01,2023-06-30,1312.8,44,2023-09-01,1322.3,1260.064453125,1312.82861328125,1375.0399169921875,1312.8,14653,8192,2.4509602784602786,amazon/chronos-2
2023-07-01,2023-06-30,1312.8,45,2023-09-04,1319.2,1259.1494140625,1311.9481201171875,1375.927001953125,1312.8,14653,8192,2.4509602784602786,amazon/chronos-2
2023-07-01,2023-06-30,1312.8,46,2023-09-05,1319.3,1256.0362548828125,1312.822021484375,1373.493408203125,1312.8,14653,8192,2.4509602784602786,amazon/chronos-2
2023-07-01,2023-06-30,1312.8,47,2023-09-06,1324.3,1258.2904052734375,1312.5299072265625,1376.083251953125,1312.8,14653,8192,2.4509602784602786,amazon/chronos-2
2023-07-01,2023-06-30,1312.8,48,2023-09-07,1332.6,1260.4716796875,1311.7098388671875,1377.1805419921875,1312.8,14653,8192,2.4509602784602786,amazon/chronos-2
2023-07-01,2023-06-30,1312.8,49,2023-09-08,1334.7,1262.345703125,1317.9334716796875,1384.761474609375,1312.8,14653,8192,2.4509602784602786,amazon/chronos-2
2023-07-01,2023-06-30,1312.8,50,2023-09-11,1333.4,1260.792724609375,1316.5657958984375,1383.796630859375,1312.8,14653,8192,2.4509602784602786,amazon/chronos-2
2023-07-01,2023-06-30,1312.8,51,2023-09-12,1332.4,1259.3560791015625,1316.8177490234375,1384.71044921875,1312.8,14653,8192,2.4509602784602786,amazon/chronos-2
2023-07-01,2023-06-30,1312.8,52,2023-09-13,1326.1,1261.6123046875,1316.423583984375,1387.2183837890625,1312.8,14653,8192,2.4509602784602786,amazon/chronos-2
2023-07-01,2023-06-30,1312.8,53,2023-09-14,1327.8,1260.9775390625,1317.3482666015625,1385.0648193359375,1312.8,14653,8192,2.4509602784602786,amazon/chronos-2
2023-07-01,2023-06-30,1312.8,54,2023-09-15,1326.1,1260.4619140625,1316.194580078125,1387.5252685546875,1312.8,14653,8192,2.4509602784602786,amazon/chronos-2
2023-07-01,2023-06-30,1312.8,55,2023-09-18,1327.6,1259.38525390625,1316.527099609375,1387.427490234375,1312.8,14653,8192,2.4509602784602786,amazon/chronos-2
2023-07-01,2023-06-30,1312.8,56,2023-09-19,1326.0,1258.6734619140625,1316.7247314453125,1388.82763671875,1312.8,14653,8192,2.4509602784602786,amazon/chronos-2
2023-07-01,2023-06-30,1312.8,57,2023-09-20,1323.7,1257.726318359375,1317.9371337890625,1391.3134765625,1312.8,14653,8192,2.4509602784602786,amazon/chronos-2
2023-07-01,2023-06-30,1312.8,58,2023-09-21,1329.3,1257.0908203125,1318.2216796875,1391.213623046875,1312.8,14653,8192,2.4509602784602786,amazon/chronos-2
2023-07-01,2023-06-30,1312.8,59,2023-09-22,1339.1,1254.523193359375,1317.6451416015625,1392.26318359375,1312.8,14653,8192,2.4509602784602786,amazon/chronos-2
2023-07-01,2023-06-30,1312.8,60,2023-09-25,1337.6,1254.2626953125,1316.95751953125,1393.1998291015625,1312.8,14653,8192,2.4509602784602786,amazon/chronos-2
2024-01-02,2024-01-02,1289.4,1,2024-01-03,1299.3,1278.3780517578125,1289.1646728515625,1298.0645751953125,1289.4,14777,8192,2.475654439631836,amazon/chronos-2
2024-01-02,2024-01-02,1289.4,2,2024-01-04,1308.8,1275.924560546875,1288.869384765625,1300.8170166015625,1289.4,14777,8192,2.475654439631836,amazon/chronos-2
2024-01-02,2024-01-02,1289.4,3,2024-01-05,1310.2,1272.8482666015625,1288.2698974609375,1302.6890869140625,1289.4,14777,8192,2.475654439631836,amazon/chronos-2
2024-01-02,2024-01-02,1289.4,4,2024-01-08,1313.7,1271.263671875,1287.697021484375,1303.4251708984375,1289.4,14777,8192,2.475654439631836,amazon/chronos-2
2024-01-02,2024-01-02,1289.4,5,2024-01-09,1314.8,1269.4268798828125,1287.5716552734375,1305.4697265625,1289.4,14777,8192,2.475654439631836,amazon/chronos-2
2024-01-02,2024-01-02,1289.4,6,2024-01-10,1312.1,1268.0013427734375,1287.7322998046875,1307.347412109375,1289.4,14777,8192,2.475654439631836,amazon/chronos-2
2024-01-02,2024-01-02,1289.4,7,2024-01-11,1320.1,1267.479736328125,1288.1708984375,1309.063232421875,1289.4,14777,8192,2.475654439631836,amazon/chronos-2
2024-01-02,2024-01-02,1289.4,8,2024-01-12,1316.0,1265.392333984375,1288.172607421875,1310.6253662109375,1289.4,14777,8192,2.475654439631836,amazon/chronos-2
2024-01-02,2024-01-02,1289.4,9,2024-01-15,1314.1,1264.7447509765625,1288.3409423828125,1312.0963134765625,1289.4,14777,8192,2.475654439631836,amazon/chronos-2
2024-01-02,2024-01-02,1289.4,10,2024-01-16,1319.3,1263.87646484375,1288.7952880859375,1315.2279052734375,1289.4,14777,8192,2.475654439631836,amazon/chronos-2
2024-01-02,2024-01-02,1289.4,11,2024-01-17,1329.0,1262.3524169921875,1288.3250732421875,1315.0125732421875,1289.4,14777,8192,2.475654439631836,amazon/chronos-2
2024-01-02,2024-01-02,1289.4,12,2024-01-18,1343.2,1261.1654052734375,1288.39697265625,1315.759033203125,1289.4,14777,8192,2.475654439631836,amazon/chronos-2
2024-01-02,2024-01-02,1289.4,13,2024-01-19,1342.4,1259.3782958984375,1287.761962890625,1316.6790771484375,1289.4,14777,8192,2.475654439631836,amazon/chronos-2
2024-01-02,2024-01-02,1289.4,14,2024-01-22,1336.5,1257.7333984375,1288.436767578125,1316.11181640625,1289.4,14777,8192,2.475654439631836,amazon/chronos-2
2024-01-02,2024-01-02,1289.4,15,2024-01-23,1334.7,1257.910888671875,1288.65673828125,1320.3822021484375,1289.4,14777,8192,2.475654439631836,amazon/chronos-2
2024-01-02,2024-01-02,1289.4,16,2024-01-24,1336.0,1257.7081298828125,1287.8768310546875,1320.3489990234375,1289.4,14777,8192,2.475654439631836,amazon/chronos-2
2024-01-02,2024-01-02,1289.4,17,2024-01-25,1339.1,1260.283447265625,1289.60009765625,1320.26953125,1289.4,14777,8192,2.475654439631836,amazon/chronos-2
2024-01-02,2024-01-02,1289.4,18,2024-01-26,1335.7,1256.0228271484375,1288.566162109375,1321.270263671875,1289.4,14777,8192,2.475654439631836,amazon/chronos-2
2024-01-02,2024-01-02,1289.4,19,2024-01-29,1336.6,1254.9827880859375,1288.336669921875,1322.7158203125,1289.4,14777,8192,2.475654439631836,amazon/chronos-2
2024-01-02,2024-01-02,1289.4,20,2024-01-30,1336.9,1256.9805908203125,1288.2269287109375,1323.8790283203125,1289.4,14777,8192,2.475654439631836,amazon/chronos-2
2024-01-02,2024-01-02,1289.4,21,2024-01-31,1330.6,1254.7335205078125,1288.6043701171875,1326.2369384765625,1289.4,14777,8192,2.475654439631836,amazon/chronos-2
2024-01-02,2024-01-02,1289.4,22,2024-02-01,1333.5,1253.62158203125,1288.2781982421875,1326.999267578125,1289.4,14777,8192,2.475654439631836,amazon/chronos-2
2024-01-02,2024-01-02,1289.4,23,2024-02-02,1332.5,1253.1300048828125,1289.0592041015625,1328.602294921875,1289.4,14777,8192,2.475654439631836,amazon/chronos-2
2024-01-02,2024-01-02,1289.4,24,2024-02-05,1325.1,1252.191162109375,1289.256103515625,1329.911376953125,1289.4,14777,8192,2.475654439631836,amazon/chronos-2
2024-01-02,2024-01-02,1289.4,25,2024-02-06,1334.6,1250.9193115234375,1289.5887451171875,1331.7666015625,1289.4,14777,8192,2.475654439631836,amazon/chronos-2
2024-01-02,2024-01-02,1289.4,26,2024-02-07,1329.6,1250.287841796875,1290.0816650390625,1333.6973876953125,1289.4,14777,8192,2.475654439631836,amazon/chronos-2
2024-01-02,2024-01-02,1289.4,27,2024-02-08,1325.3,1247.7882080078125,1289.4688720703125,1333.818603515625,1289.4,14777,8192,2.475654439631836,amazon/chronos-2
2024-01-02,2024-01-02,1289.4,28,2024-02-13,1327.2,1247.5965576171875,1289.1688232421875,1334.356689453125,1289.4,14777,8192,2.475654439631836,amazon/chronos-2
2024-01-02,2024-01-02,1289.4,29,2024-02-14,1328.4,1246.193359375,1288.4742431640625,1335.1859130859375,1289.4,14777,8192,2.475654439631836,amazon/chronos-2
2024-01-02,2024-01-02,1289.4,30,2024-02-15,1336.9,1243.86474609375,1289.163330078125,1334.0860595703125,1289.4,14777,8192,2.475654439631836,amazon/chronos-2
2024-01-02,2024-01-02,1289.4,31,2024-02-16,1333.2,1245.52880859375,1289.0146484375,1337.280029296875,1289.4,14777,8192,2.475654439631836,amazon/chronos-2
2024-01-02,2024-01-02,1289.4,32,2024-02-19,1333.0,1246.68701171875,1288.3153076171875,1337.5086669921875,1289.4,14777,8192,2.475654439631836,amazon/chronos-2
2024-01-02,2024-01-02,1289.4,33,2024-02-20,1333.8,1247.3863525390625,1291.1383056640625,1340.9078369140625,1289.4,14777,8192,2.475654439631836,amazon/chronos-2
2024-01-02,2024-01-02,1289.4,34,2024-02-21,1337.9,1245.25537109375,1290.385498046875,1341.467529296875,1289.4,14777,8192,2.475654439631836,amazon/chronos-2
2024-01-02,2024-01-02,1289.4,35,2024-02-22,1335.0,1243.827392578125,1290.27294921875,1342.118408203125,1289.4,14777,8192,2.475654439631836,amazon/chronos-2
2024-01-02,2024-01-02,1289.4,36,2024-02-23,1331.0,1245.4488525390625,1290.38525390625,1343.878173828125,1289.4,14777,8192,2.475654439631836,amazon/chronos-2
2024-01-02,2024-01-02,1289.4,37,2024-02-26,1329.3,1244.5906982421875,1290.41357421875,1343.67529296875,1289.4,14777,8192,2.475654439631836,amazon/chronos-2
2024-01-02,2024-01-02,1289.4,38,2024-02-27,1331.4,1244.291259765625,1289.96533203125,1344.985595703125,1289.4,14777,8192,2.475654439631836,amazon/chronos-2
2024-01-02,2024-01-02,1289.4,39,2024-02-28,1331.3,1243.63427734375,1290.789794921875,1346.1065673828125,1289.4,14777,8192,2.475654439631836,amazon/chronos-2
2024-01-02,2024-01-02,1289.4,40,2024-02-29,1334.0,1242.9180908203125,1290.95458984375,1347.0498046875,1289.4,14777,8192,2.475654439631836,amazon/chronos-2
2024-01-02,2024-01-02,1289.4,41,2024-03-04,1334.1,1240.861572265625,1291.2052001953125,1349.332275390625,1289.4,14777,8192,2.475654439631836,amazon/chronos-2
2024-01-02,2024-01-02,1289.4,42,2024-03-05,1330.1,1240.5689697265625,1291.702392578125,1349.9442138671875,1289.4,14777,8192,2.475654439631836,amazon/chronos-2
2024-01-02,2024-01-02,1289.4,43,2024-03-06,1333.2,1237.911376953125,1291.17236328125,1350.3858642578125,1289.4,14777,8192,2.475654439631836,amazon/chronos-2
2024-01-02,2024-01-02,1289.4,44,2024-03-07,1335.7,1238.2769775390625,1290.7880859375,1351.0789794921875,1289.4,14777,8192,2.475654439631836,amazon/chronos-2
2024-01-02,2024-01-02,1289.4,45,2024-03-08,1329.6,1237.6044921875,1290.014404296875,1351.8341064453125,1289.4,14777,8192,2.475654439631836,amazon/chronos-2
2024-01-02,2024-01-02,1289.4,46,2024-03-11,1323.1,1235.1943359375,1290.9588623046875,1350.0382080078125,1289.4,14777,8192,2.475654439631836,amazon/chronos-2
2024-01-02,2024-01-02,1289.4,47,2024-03-12,1314.4,1237.375244140625,1290.74267578125,1352.5662841796875,1289.4,14777,8192,2.475654439631836,amazon/chronos-2
2024-01-02,2024-01-02,1289.4,48,2024-03-13,1311.1,1239.027587890625,1290.16845703125,1353.4287109375,1289.4,14777,8192,2.475654439631836,amazon/chronos-2
2024-01-02,2024-01-02,1289.4,49,2024-03-14,1312.8,1236.259765625,1292.7515869140625,1359.684814453125,1289.4,14777,8192,2.475654439631836,amazon/chronos-2
2024-01-02,2024-01-02,1289.4,50,2024-03-15,1316.9,1234.8111572265625,1292.008544921875,1358.62548828125,1289.4,14777,8192,2.475654439631836,amazon/chronos-2
2024-01-02,2024-01-02,1289.4,51,2024-03-18,1328.4,1235.061279296875,1292.013427734375,1358.4111328125,1289.4,14777,8192,2.475654439631836,amazon/chronos-2
2024-01-02,2024-01-02,1289.4,52,2024-03-19,1333.0,1236.175537109375,1292.0545654296875,1361.038330078125,1289.4,14777,8192,2.475654439631836,amazon/chronos-2
2024-01-02,2024-01-02,1289.4,53,2024-03-20,1338.5,1234.3221435546875,1291.8197021484375,1358.464599609375,1289.4,14777,8192,2.475654439631836,amazon/chronos-2
2024-01-02,2024-01-02,1289.4,54,2024-03-21,1338.7,1235.4664306640625,1291.4644775390625,1361.0146484375,1289.4,14777,8192,2.475654439631836,amazon/chronos-2
2024-01-02,2024-01-02,1289.4,55,2024-03-22,1326.3,1234.9317626953125,1292.217041015625,1362.219970703125,1289.4,14777,8192,2.475654439631836,amazon/chronos-2
2024-01-02,2024-01-02,1289.4,56,2024-03-25,1336.1,1234.6943359375,1292.1220703125,1362.3350830078125,1289.4,14777,8192,2.475654439631836,amazon/chronos-2
2024-01-02,2024-01-02,1289.4,57,2024-03-26,1340.7,1232.064697265625,1292.5704345703125,1365.1429443359375,1289.4,14777,8192,2.475654439631836,amazon/chronos-2
2024-01-02,2024-01-02,1289.4,58,2024-03-27,1338.6,1232.105712890625,1293.333740234375,1364.3612060546875,1289.4,14777,8192,2.475654439631836,amazon/chronos-2
2024-01-02,2024-01-02,1289.4,59,2024-03-28,1345.8,1228.9122314453125,1292.601806640625,1365.333984375,1289.4,14777,8192,2.475654439631836,amazon/chronos-2
2024-01-02,2024-01-02,1289.4,60,2024-03-29,1346.8,1230.1893310546875,1292.1944580078125,1366.218017578125,1289.4,14777,8192,2.475654439631836,amazon/chronos-2
2024-07-01,2024-07-01,1382.4,1,2024-07-02,1380.8,1373.33349609375,1384.9578857421875,1396.9830322265625,1382.4,14898,8192,2.4925065449419352,amazon/chronos-2
2024-07-01,2024-07-01,1382.4,2,2024-07-03,1387.4,1371.685546875,1384.676025390625,1397.52978515625,1382.4,14898,8192,2.4925065449419352,amazon/chronos-2
2024-07-01,2024-07-01,1382.4,3,2024-07-04,1389.4,1369.526611328125,1384.4171142578125,1397.6959228515625,1382.4,14898,8192,2.4925065449419352,amazon/chronos-2
2024-07-01,2024-07-01,1382.4,4,2024-07-05,1381.9,1368.50341796875,1383.01904296875,1398.6348876953125,1382.4,14898,8192,2.4925065449419352,amazon/chronos-2
2024-07-01,2024-07-01,1382.4,5,2024-07-08,1379.0,1366.412109375,1383.3812255859375,1400.6898193359375,1382.4,14898,8192,2.4925065449419352,amazon/chronos-2
2024-07-01,2024-07-01,1382.4,6,2024-07-09,1379.4,1365.1343994140625,1382.8544921875,1402.627197265625,1382.4,14898,8192,2.4925065449419352,amazon/chronos-2
2024-07-01,2024-07-01,1382.4,7,2024-07-10,1383.4,1365.19970703125,1383.522216796875,1403.70068359375,1382.4,14898,8192,2.4925065449419352,amazon/chronos-2
2024-07-01,2024-07-01,1382.4,8,2024-07-11,1385.6,1362.6214599609375,1383.8333740234375,1405.426513671875,1382.4,14898,8192,2.4925065449419352,amazon/chronos-2
2024-07-01,2024-07-01,1382.4,9,2024-07-12,1380.1,1363.261474609375,1385.32275390625,1406.409423828125,1382.4,14898,8192,2.4925065449419352,amazon/chronos-2
2024-07-01,2024-07-01,1382.4,10,2024-07-15,1376.3,1362.8736572265625,1385.36328125,1409.7147216796875,1382.4,14898,8192,2.4925065449419352,amazon/chronos-2
2024-07-01,2024-07-01,1382.4,11,2024-07-16,1381.9,1361.86376953125,1385.271728515625,1409.93359375,1382.4,14898,8192,2.4925065449419352,amazon/chronos-2
2024-07-01,2024-07-01,1382.4,12,2024-07-17,1386.0,1360.1158447265625,1385.080322265625,1409.8619384765625,1382.4,14898,8192,2.4925065449419352,amazon/chronos-2
2024-07-01,2024-07-01,1382.4,13,2024-07-18,1381.5,1358.1624755859375,1383.5093994140625,1411.6009521484375,1382.4,14898,8192,2.4925065449419352,amazon/chronos-2
2024-07-01,2024-07-01,1382.4,14,2024-07-19,1379.9,1358.3060302734375,1384.7318115234375,1409.855712890625,1382.4,14898,8192,2.4925065449419352,amazon/chronos-2
2024-07-01,2024-07-01,1382.4,15,2024-07-22,1386.6,1356.9248046875,1385.862548828125,1414.3427734375,1382.4,14898,8192,2.4925065449419352,amazon/chronos-2
2024-07-01,2024-07-01,1382.4,16,2024-07-23,1388.6,1357.427490234375,1384.5594482421875,1415.1025390625,1382.4,14898,8192,2.4925065449419352,amazon/chronos-2
2024-07-01,2024-07-01,1382.4,17,2024-07-24,1385.1,1355.05078125,1383.62890625,1413.653564453125,1382.4,14898,8192,2.4925065449419352,amazon/chronos-2
2024-07-01,2024-07-01,1382.4,18,2024-07-25,1385.1,1355.4639892578125,1383.4659423828125,1414.5233154296875,1382.4,14898,8192,2.4925065449419352,amazon/chronos-2
2024-07-01,2024-07-01,1382.4,19,2024-07-26,1385.4,1350.513671875,1383.040283203125,1414.524169921875,1382.4,14898,8192,2.4925065449419352,amazon/chronos-2
2024-07-01,2024-07-01,1382.4,20,2024-07-29,1385.4,1352.128173828125,1382.1270751953125,1416.6324462890625,1382.4,14898,8192,2.4925065449419352,amazon/chronos-2
2024-07-01,2024-07-01,1382.4,21,2024-07-30,1382.0,1349.857177734375,1383.166015625,1419.3079833984375,1382.4,14898,8192,2.4925065449419352,amazon/chronos-2
2024-07-01,2024-07-01,1382.4,22,2024-07-31,1384.6,1349.3193359375,1382.927734375,1420.879638671875,1382.4,14898,8192,2.4925065449419352,amazon/chronos-2
2024-07-01,2024-07-01,1382.4,23,2024-08-01,1380.1,1349.169189453125,1383.8265380859375,1421.89794921875,1382.4,14898,8192,2.4925065449419352,amazon/chronos-2
2024-07-01,2024-07-01,1382.4,24,2024-08-02,1365.9,1347.242919921875,1384.188232421875,1423.7567138671875,1382.4,14898,8192,2.4925065449419352,amazon/chronos-2
2024-07-01,2024-07-01,1382.4,25,2024-08-05,1372.8,1347.4300537109375,1385.7030029296875,1424.9072265625,1382.4,14898,8192,2.4925065449419352,amazon/chronos-2
2024-07-01,2024-07-01,1382.4,26,2024-08-06,1360.6,1346.806396484375,1385.3631591796875,1426.910888671875,1382.4,14898,8192,2.4925065449419352,amazon/chronos-2
2024-07-01,2024-07-01,1382.4,27,2024-08-07,1372.2,1346.086669921875,1384.901611328125,1427.206787109375,1382.4,14898,8192,2.4925065449419352,amazon/chronos-2
2024-07-01,2024-07-01,1382.4,28,2024-08-08,1376.4,1343.67333984375,1384.51123046875,1427.0172119140625,1382.4,14898,8192,2.4925065449419352,amazon/chronos-2
2024-07-01,2024-07-01,1382.4,29,2024-08-09,1377.7,1341.543701171875,1382.6881103515625,1428.279052734375,1382.4,14898,8192,2.4925065449419352,amazon/chronos-2
2024-07-01,2024-07-01,1382.4,30,2024-08-12,1369.4,1340.3446044921875,1384.1546630859375,1425.8604736328125,1382.4,14898,8192,2.4925065449419352,amazon/chronos-2
2024-07-01,2024-07-01,1382.4,31,2024-08-13,1367.7,1340.926513671875,1385.5146484375,1430.34423828125,1382.4,14898,8192,2.4925065449419352,amazon/chronos-2
2024-07-01,2024-07-01,1382.4,32,2024-08-14,1370.3,1342.01513671875,1383.85302734375,1431.4661865234375,1382.4,14898,8192,2.4925065449419352,amazon/chronos-2
2024-07-01,2024-07-01,1382.4,33,2024-08-16,1361.4,1341.954833984375,1384.615478515625,1434.118408203125,1382.4,14898,8192,2.4925065449419352,amazon/chronos-2
2024-07-01,2024-07-01,1382.4,34,2024-08-19,1360.1,1339.802978515625,1384.0467529296875,1434.962646484375,1382.4,14898,8192,2.4925065449419352,amazon/chronos-2
2024-07-01,2024-07-01,1382.4,35,2024-08-20,1337.8,1335.656005859375,1383.6123046875,1434.34716796875,1382.4,14898,8192,2.4925065449419352,amazon/chronos-2
2024-07-01,2024-07-01,1382.4,36,2024-08-21,1332.0,1338.4124755859375,1382.453125,1436.7337646484375,1382.4,14898,8192,2.4925065449419352,amazon/chronos-2
2024-07-01,2024-07-01,1382.4,37,2024-08-22,1332.4,1335.7938232421875,1383.7486572265625,1437.0675048828125,1382.4,14898,8192,2.4925065449419352,amazon/chronos-2
2024-07-01,2024-07-01,1382.4,38,2024-08-23,1335.9,1335.172119140625,1382.59765625,1438.7171630859375,1382.4,14898,8192,2.4925065449419352,amazon/chronos-2
2024-07-01,2024-07-01,1382.4,39,2024-08-26,1340.1,1334.9407958984375,1383.64306640625,1439.177734375,1382.4,14898,8192,2.4925065449419352,amazon/chronos-2
2024-07-01,2024-07-01,1382.4,40,2024-08-27,1323.9,1333.5633544921875,1384.056884765625,1440.75,1382.4,14898,8192,2.4925065449419352,amazon/chronos-2
2024-07-01,2024-07-01,1382.4,41,2024-08-28,1330.4,1333.040283203125,1385.5992431640625,1442.5880126953125,1382.4,14898,8192,2.4925065449419352,amazon/chronos-2
2024-07-01,2024-07-01,1382.4,42,2024-08-29,1334.7,1332.4609375,1385.257080078125,1442.559814453125,1382.4,14898,8192,2.4925065449419352,amazon/chronos-2
2024-07-01,2024-07-01,1382.4,43,2024-08-30,1335.3,1330.0357666015625,1384.2529296875,1443.2608642578125,1382.4,14898,8192,2.4925065449419352,amazon/chronos-2
2024-07-01,2024-07-01,1382.4,44,2024-09-02,1334.8,1329.13427734375,1383.877685546875,1443.35107421875,1382.4,14898,8192,2.4925065449419352,amazon/chronos-2
2024-07-01,2024-07-01,1382.4,45,2024-09-03,1338.8,1327.6793212890625,1382.226318359375,1444.142578125,1382.4,14898,8192,2.4925065449419352,amazon/chronos-2
2024-07-01,2024-07-01,1382.4,46,2024-09-04,1341.0,1325.7137451171875,1383.76171875,1440.794189453125,1382.4,14898,8192,2.4925065449419352,amazon/chronos-2
2024-07-01,2024-07-01,1382.4,47,2024-09-05,1342.0,1328.042724609375,1384.962890625,1444.6893310546875,1382.4,14898,8192,2.4925065449419352,amazon/chronos-2
2024-07-01,2024-07-01,1382.4,48,2024-09-06,1335.8,1329.8853759765625,1383.1705322265625,1446.6531982421875,1382.4,14898,8192,2.4925065449419352,amazon/chronos-2
2024-07-01,2024-07-01,1382.4,49,2024-09-09,1330.4,1325.10791015625,1383.1253662109375,1447.342041015625,1382.4,14898,8192,2.4925065449419352,amazon/chronos-2
2024-07-01,2024-07-01,1382.4,50,2024-09-10,1339.5,1324.8804931640625,1381.780517578125,1447.14599609375,1382.4,14898,8192,2.4925065449419352,amazon/chronos-2
2024-07-01,2024-07-01,1382.4,51,2024-09-11,1344.3,1321.33203125,1381.496826171875,1446.48046875,1382.4,14898,8192,2.4925065449419352,amazon/chronos-2
2024-07-01,2024-07-01,1382.4,52,2024-09-12,1340.3,1322.60791015625,1380.5487060546875,1448.2081298828125,1382.4,14898,8192,2.4925065449419352,amazon/chronos-2
2024-07-01,2024-07-01,1382.4,53,2024-09-13,1339.6,1322.5347900390625,1382.1182861328125,1447.052001953125,1382.4,14898,8192,2.4925065449419352,amazon/chronos-2
2024-07-01,2024-07-01,1382.4,54,2024-09-19,1331.0,1321.442138671875,1379.6146240234375,1449.25830078125,1382.4,14898,8192,2.4925065449419352,amazon/chronos-2
2024-07-01,2024-07-01,1382.4,55,2024-09-20,1331.8,1321.141357421875,1380.92822265625,1449.7745361328125,1382.4,14898,8192,2.4925065449419352,amazon/chronos-2
2024-07-01,2024-07-01,1382.4,56,2024-09-23,1329.9,1319.8271484375,1381.2177734375,1450.85888671875,1382.4,14898,8192,2.4925065449419352,amazon/chronos-2
2024-07-01,2024-07-01,1382.4,57,2024-09-24,1335.5,1318.4169921875,1383.107421875,1452.2015380859375,1382.4,14898,8192,2.4925065449419352,amazon/chronos-2
2024-07-01,2024-07-01,1382.4,58,2024-09-25,1334.3,1318.707275390625,1382.865234375,1451.552490234375,1382.4,14898,8192,2.4925065449419352,amazon/chronos-2
2024-07-01,2024-07-01,1382.4,59,2024-09-26,1328.4,1315.0880126953125,1381.640869140625,1452.705810546875,1382.4,14898,8192,2.4925065449419352,amazon/chronos-2
2024-07-01,2024-07-01,1382.4,60,2024-09-27,1329.7,1315.115478515625,1380.933837890625,1452.94189453125,1382.4,14898,8192,2.4925065449419352,amazon/chronos-2
2025-01-02,2025-01-02,1470.0,1,2025-01-03,1468.3,1456.60791015625,1470.36181640625,1485.8179931640625,1470.0,15022,8192,2.511608414885826,amazon/chronos-2
2025-01-02,2025-01-02,1470.0,2,2025-01-06,1466.8,1455.6593017578125,1471.0179443359375,1486.5589599609375,1470.0,15022,8192,2.511608414885826,amazon/chronos-2
2025-01-02,2025-01-02,1470.0,3,2025-01-07,1470.8,1454.5830078125,1471.5767822265625,1488.0592041015625,1470.0,15022,8192,2.511608414885826,amazon/chronos-2
2025-01-02,2025-01-02,1470.0,4,2025-01-08,1455.4,1452.697265625,1470.64013671875,1489.898193359375,1470.0,15022,8192,2.511608414885826,amazon/chronos-2
2025-01-02,2025-01-02,1470.0,5,2025-01-09,1453.2,1451.5416259765625,1472.1395263671875,1493.1781005859375,1470.0,15022,8192,2.511608414885826,amazon/chronos-2
2025-01-02,2025-01-02,1470.0,6,2025-01-10,1458.2,1450.6241455078125,1472.4864501953125,1497.332763671875,1470.0,15022,8192,2.511608414885826,amazon/chronos-2
2025-01-02,2025-01-02,1470.0,7,2025-01-13,1460.7,1451.0067138671875,1473.34765625,1498.7286376953125,1470.0,15022,8192,2.511608414885826,amazon/chronos-2
2025-01-02,2025-01-02,1470.0,8,2025-01-14,1471.3,1448.856201171875,1475.22216796875,1502.9664306640625,1470.0,15022,8192,2.511608414885826,amazon/chronos-2
2025-01-02,2025-01-02,1470.0,9,2025-01-15,1463.3,1450.3310546875,1477.242431640625,1504.9599609375,1470.0,15022,8192,2.511608414885826,amazon/chronos-2
2025-01-02,2025-01-02,1470.0,10,2025-01-16,1460.2,1449.796875,1477.855224609375,1509.0672607421875,1470.0,15022,8192,2.511608414885826,amazon/chronos-2
2025-01-02,2025-01-02,1470.0,11,2025-01-17,1454.7,1448.4276123046875,1478.5010986328125,1510.552001953125,1470.0,15022,8192,2.511608414885826,amazon/chronos-2
2025-01-02,2025-01-02,1470.0,12,2025-01-20,1455.8,1446.791748046875,1478.114013671875,1511.10205078125,1470.0,15022,8192,2.511608414885826,amazon/chronos-2
2025-01-02,2025-01-02,1470.0,13,2025-01-21,1453.0,1444.5069580078125,1476.2891845703125,1513.741943359375,1470.0,15022,8192,2.511608414885826,amazon/chronos-2
2025-01-02,2025-01-02,1470.0,14,2025-01-22,1437.9,1445.836181640625,1478.8583984375,1512.1473388671875,1470.0,15022,8192,2.511608414885826,amazon/chronos-2
2025-01-02,2025-01-02,1470.0,15,2025-01-23,1434.3,1444.5826416015625,1481.16748046875,1518.824951171875,1470.0,15022,8192,2.511608414885826,amazon/chronos-2
2025-01-02,2025-01-02,1470.0,16,2025-01-24,1437.1,1445.76123046875,1481.0965576171875,1522.154541015625,1470.0,15022,8192,2.511608414885826,amazon/chronos-2
2025-01-02,2025-01-02,1470.0,17,2025-01-31,1433.3,1442.0013427734375,1478.589599609375,1527.050537109375,1470.0,15022,8192,2.511608414885826,amazon/chronos-2
2025-01-02,2025-01-02,1470.0,18,2025-02-03,1453.0,1443.568115234375,1479.6956787109375,1528.1756591796875,1470.0,15022,8192,2.511608414885826,amazon/chronos-2
2025-01-02,2025-01-02,1470.0,19,2025-02-04,1469.2,1438.52880859375,1479.5052490234375,1529.096435546875,1470.0,15022,8192,2.511608414885826,amazon/chronos-2
2025-01-02,2025-01-02,1470.0,20,2025-02-05,1460.8,1439.6470947265625,1478.6724853515625,1532.621337890625,1470.0,15022,8192,2.511608414885826,amazon/chronos-2
2025-01-02,2025-01-02,1470.0,21,2025-02-06,1450.0,1437.267822265625,1479.8924560546875,1534.8450927734375,1470.0,15022,8192,2.511608414885826,amazon/chronos-2
2025-01-02,2025-01-02,1470.0,22,2025-02-07,1447.1,1435.9736328125,1479.6912841796875,1536.6357421875,1470.0,15022,8192,2.511608414885826,amazon/chronos-2
2025-01-02,2025-01-02,1470.0,23,2025-02-10,1447.4,1437.062744140625,1480.912109375,1537.4892578125,1470.0,15022,8192,2.511608414885826,amazon/chronos-2
2025-01-02,2025-01-02,1470.0,24,2025-02-11,1453.4,1435.275634765625,1482.5107421875,1542.834716796875,1470.0,15022,8192,2.511608414885826,amazon/chronos-2
2025-01-02,2025-01-02,1470.0,25,2025-02-12,1453.5,1437.3389892578125,1484.406005859375,1544.5003662109375,1470.0,15022,8192,2.511608414885826,amazon/chronos-2
2025-01-02,2025-01-02,1470.0,26,2025-02-13,1452.6,1436.0211181640625,1484.4180908203125,1546.920166015625,1470.0,15022,8192,2.511608414885826,amazon/chronos-2
2025-01-02,2025-01-02,1470.0,27,2025-02-14,1450.5,1435.7275390625,1484.76611328125,1548.2520751953125,1470.0,15022,8192,2.511608414885826,amazon/chronos-2
2025-01-02,2025-01-02,1470.0,28,2025-02-17,1443.3,1432.602783203125,1484.210693359375,1548.877685546875,1470.0,15022,8192,2.511608414885826,amazon/chronos-2
2025-01-02,2025-01-02,1470.0,29,2025-02-18,1441.1,1429.8626708984375,1481.813232421875,1550.41943359375,1470.0,15022,8192,2.511608414885826,amazon/chronos-2
2025-01-02,2025-01-02,1470.0,30,2025-02-19,1443.9,1430.4498291015625,1484.8131103515625,1547.11181640625,1470.0,15022,8192,2.511608414885826,amazon/chronos-2
2025-01-02,2025-01-02,1470.0,31,2025-02-20,1440.6,1431.098876953125,1486.793212890625,1553.166015625,1470.0,15022,8192,2.511608414885826,amazon/chronos-2
2025-01-02,2025-01-02,1470.0,32,2025-02-21,1439.4,1434.906005859375,1486.211181640625,1556.483154296875,1470.0,15022,8192,2.511608414885826,amazon/chronos-2
2025-01-02,2025-01-02,1470.0,33,2025-02-24,1434.1,1428.5225830078125,1480.676513671875,1557.4970703125,1470.0,15022,8192,2.511608414885826,amazon/chronos-2
2025-01-02,2025-01-02,1470.0,34,2025-02-25,1429.2,1429.037841796875,1480.8828125,1559.0140380859375,1470.0,15022,8192,2.511608414885826,amazon/chronos-2
2025-01-02,2025-01-02,1470.0,35,2025-02-26,1430.7,1423.507568359375,1481.381591796875,1559.96630859375,1470.0,15022,8192,2.511608414885826,amazon/chronos-2
2025-01-02,2025-01-02,1470.0,36,2025-02-27,1431.8,1427.3037109375,1480.936279296875,1563.988525390625,1470.0,15022,8192,2.511608414885826,amazon/chronos-2
2025-01-02,2025-01-02,1470.0,37,2025-02-28,1439.6,1424.24853515625,1482.62109375,1563.1865234375,1470.0,15022,8192,2.511608414885826,amazon/chronos-2
2025-01-02,2025-01-02,1470.0,38,2025-03-04,1458.7,1422.09423828125,1480.9591064453125,1565.92822265625,1470.0,15022,8192,2.511608414885826,amazon/chronos-2
2025-01-02,2025-01-02,1470.0,39,2025-03-05,1459.6,1423.188720703125,1483.0440673828125,1566.744873046875,1470.0,15022,8192,2.511608414885826,amazon/chronos-2
2025-01-02,2025-01-02,1470.0,40,2025-03-06,1456.0,1422.315185546875,1484.397705078125,1572.4658203125,1470.0,15022,8192,2.511608414885826,amazon/chronos-2
2025-01-02,2025-01-02,1470.0,41,2025-03-07,1441.6,1425.1077880859375,1487.0843505859375,1575.095703125,1470.0,15022,8192,2.511608414885826,amazon/chronos-2
2025-01-02,2025-01-02,1470.0,42,2025-03-10,1446.3,1423.831787109375,1487.18359375,1576.00439453125,1470.0,15022,8192,2.511608414885826,amazon/chronos-2
2025-01-02,2025-01-02,1470.0,43,2025-03-11,1451.5,1424.635986328125,1487.2520751953125,1578.2227783203125,1470.0,15022,8192,2.511608414885826,amazon/chronos-2
2025-01-02,2025-01-02,1470.0,44,2025-03-12,1457.9,1420.18505859375,1487.003662109375,1580.9229736328125,1470.0,15022,8192,2.511608414885826,amazon/chronos-2
2025-01-02,2025-01-02,1470.0,45,2025-03-13,1452.0,1417.3896484375,1483.973876953125,1581.404541015625,1470.0,15022,8192,2.511608414885826,amazon/chronos-2
2025-01-02,2025-01-02,1470.0,46,2025-03-14,1451.9,1415.8956298828125,1486.375732421875,1575.9920654296875,1470.0,15022,8192,2.511608414885826,amazon/chronos-2
2025-01-02,2025-01-02,1470.0,47,2025-03-17,1454.8,1418.692626953125,1488.260986328125,1580.267578125,1470.0,15022,8192,2.511608414885826,amazon/chronos-2
2025-01-02,2025-01-02,1470.0,48,2025-03-18,1448.0,1423.192626953125,1487.023681640625,1583.4449462890625,1470.0,15022,8192,2.511608414885826,amazon/chronos-2
2025-01-02,2025-01-02,1470.0,49,2025-03-19,1447.1,1419.594482421875,1482.97021484375,1579.2822265625,1470.0,15022,8192,2.511608414885826,amazon/chronos-2
2025-01-02,2025-01-02,1470.0,50,2025-03-20,1452.3,1418.3785400390625,1482.4288330078125,1580.2562255859375,1470.0,15022,8192,2.511608414885826,amazon/chronos-2
2025-01-02,2025-01-02,1470.0,51,2025-03-21,1459.2,1413.07470703125,1482.970703125,1580.864990234375,1470.0,15022,8192,2.511608414885826,amazon/chronos-2
2025-01-02,2025-01-02,1470.0,52,2025-03-24,1466.9,1417.8829345703125,1482.5777587890625,1583.4263916015625,1470.0,15022,8192,2.511608414885826,amazon/chronos-2
2025-01-02,2025-01-02,1470.0,53,2025-03-25,1466.9,1415.0673828125,1485.2515869140625,1582.306640625,1470.0,15022,8192,2.511608414885826,amazon/chronos-2
2025-01-02,2025-01-02,1470.0,54,2025-03-26,1469.6,1413.0211181640625,1482.730712890625,1586.693359375,1470.0,15022,8192,2.511608414885826,amazon/chronos-2
2025-01-02,2025-01-02,1470.0,55,2025-03-27,1465.3,1414.186767578125,1485.2010498046875,1587.2476806640625,1470.0,15022,8192,2.511608414885826,amazon/chronos-2
2025-01-02,2025-01-02,1470.0,56,2025-03-28,1466.8,1412.791015625,1485.6170654296875,1592.0107421875,1470.0,15022,8192,2.511608414885826,amazon/chronos-2
2025-01-02,2025-01-02,1470.0,57,2025-03-31,1466.5,1414.6494140625,1488.5340576171875,1594.75439453125,1470.0,15022,8192,2.511608414885826,amazon/chronos-2
2025-01-02,2025-01-02,1470.0,58,2025-04-01,1470.6,1413.6783447265625,1488.506103515625,1595.244140625,1470.0,15022,8192,2.511608414885826,amazon/chronos-2
2025-01-02,2025-01-02,1470.0,59,2025-04-02,1471.7,1413.754638671875,1488.3770751953125,1598.806640625,1470.0,15022,8192,2.511608414885826,amazon/chronos-2
2025-01-02,2025-01-02,1470.0,60,2025-04-03,1467.8,1409.1697998046875,1487.056396484375,1600.0111083984375,1470.0,15022,8192,2.511608414885826,amazon/chronos-2
2025-07-01,2025-07-01,1353.6,1,2025-07-02,1352.6,1339.973388671875,1352.01220703125,1362.689208984375,1353.6,15140,8192,2.5409386353127683,amazon/chronos-2
2025-07-01,2025-07-01,1353.6,2,2025-07-03,1359.4,1338.5064697265625,1351.725830078125,1364.7509765625,1353.6,15140,8192,2.5409386353127683,amazon/chronos-2
2025-07-01,2025-07-01,1353.6,3,2025-07-04,1358.1,1335.5133056640625,1351.2694091796875,1365.5880126953125,1353.6,15140,8192,2.5409386353127683,amazon/chronos-2
2025-07-01,2025-07-01,1353.6,4,2025-07-07,1364.2,1334.785400390625,1350.3621826171875,1366.444091796875,1353.6,15140,8192,2.5409386353127683,amazon/chronos-2
2025-07-01,2025-07-01,1353.6,5,2025-07-08,1366.6,1332.763916015625,1350.5201416015625,1368.597412109375,1353.6,15140,8192,2.5409386353127683,amazon/chronos-2
2025-07-01,2025-07-01,1353.6,6,2025-07-09,1368.0,1331.232177734375,1350.12158203125,1370.304931640625,1353.6,15140,8192,2.5409386353127683,amazon/chronos-2
2025-07-01,2025-07-01,1353.6,7,2025-07-10,1373.8,1331.0509033203125,1351.029541015625,1371.78857421875,1353.6,15140,8192,2.5409386353127683,amazon/chronos-2
2025-07-01,2025-07-01,1353.6,8,2025-07-11,1373.0,1328.9752197265625,1351.2852783203125,1373.767822265625,1353.6,15140,8192,2.5409386353127683,amazon/chronos-2
2025-07-01,2025-07-01,1353.6,9,2025-07-14,1374.7,1328.3673095703125,1352.078857421875,1374.929931640625,1353.6,15140,8192,2.5409386353127683,amazon/chronos-2
2025-07-01,2025-07-01,1353.6,10,2025-07-15,1378.5,1327.792724609375,1352.1279296875,1378.90234375,1353.6,15140,8192,2.5409386353127683,amazon/chronos-2
2025-07-01,2025-07-01,1353.6,11,2025-07-16,1382.7,1326.41943359375,1351.9730224609375,1378.30126953125,1353.6,15140,8192,2.5409386353127683,amazon/chronos-2
2025-07-01,2025-07-01,1353.6,12,2025-07-17,1387.1,1325.06201171875,1351.9798583984375,1379.2608642578125,1353.6,15140,8192,2.5409386353127683,amazon/chronos-2
2025-07-01,2025-07-01,1353.6,13,2025-07-18,1390.8,1323.285400390625,1350.937744140625,1380.78125,1353.6,15140,8192,2.5409386353127683,amazon/chronos-2
2025-07-01,2025-07-01,1353.6,14,2025-07-21,1391.9,1322.0546875,1352.35595703125,1380.2857666015625,1353.6,15140,8192,2.5409386353127683,amazon/chronos-2
2025-07-01,2025-07-01,1353.6,15,2025-07-22,1391.1,1321.82470703125,1352.7303466796875,1384.30224609375,1353.6,15140,8192,2.5409386353127683,amazon/chronos-2
2025-07-01,2025-07-01,1353.6,16,2025-07-23,1386.3,1320.993896484375,1351.2083740234375,1385.080810546875,1353.6,15140,8192,2.5409386353127683,amazon/chronos-2
2025-07-01,2025-07-01,1353.6,17,2025-07-24,1379.1,1323.4649658203125,1353.7548828125,1385.636474609375,1353.6,15140,8192,2.5409386353127683,amazon/chronos-2
2025-07-01,2025-07-01,1353.6,18,2025-07-25,1368.7,1320.0806884765625,1352.808349609375,1386.71826171875,1353.6,15140,8192,2.5409386353127683,amazon/chronos-2
2025-07-01,2025-07-01,1353.6,19,2025-07-28,1376.0,1318.7197265625,1352.791015625,1387.765380859375,1353.6,15140,8192,2.5409386353127683,amazon/chronos-2
2025-07-01,2025-07-01,1353.6,20,2025-07-29,1379.6,1320.755859375,1352.049560546875,1389.1942138671875,1353.6,15140,8192,2.5409386353127683,amazon/chronos-2
2025-07-01,2025-07-01,1353.6,21,2025-07-30,1391.4,1318.064697265625,1352.51025390625,1391.46044921875,1353.6,15140,8192,2.5409386353127683,amazon/chronos-2
2025-07-01,2025-07-01,1353.6,22,2025-07-31,1382.9,1316.4559326171875,1351.63720703125,1392.2420654296875,1353.6,15140,8192,2.5409386353127683,amazon/chronos-2
2025-07-01,2025-07-01,1353.6,23,2025-08-01,1390.4,1316.1199951171875,1352.5885009765625,1393.706787109375,1353.6,15140,8192,2.5409386353127683,amazon/chronos-2
2025-07-01,2025-07-01,1353.6,24,2025-08-04,1399.3,1315.021728515625,1353.140869140625,1395.46533203125,1353.6,15140,8192,2.5409386353127683,amazon/chronos-2
2025-07-01,2025-07-01,1353.6,25,2025-08-05,1384.9,1314.635986328125,1354.281005859375,1397.3653564453125,1353.6,15140,8192,2.5409386353127683,amazon/chronos-2
2025-07-01,2025-07-01,1353.6,26,2025-08-06,1386.7,1314.1634521484375,1354.5384521484375,1400.075439453125,1353.6,15140,8192,2.5409386353127683,amazon/chronos-2
2025-07-01,2025-07-01,1353.6,27,2025-08-07,1389.5,1312.08349609375,1354.363525390625,1400.441162109375,1353.6,15140,8192,2.5409386353127683,amazon/chronos-2
2025-07-01,2025-07-01,1353.6,28,2025-08-08,1384.2,1311.371337890625,1354.0985107421875,1401.2418212890625,1353.6,15140,8192,2.5409386353127683,amazon/chronos-2
2025-07-01,2025-07-01,1353.6,29,2025-08-11,1386.0,1310.083984375,1353.080322265625,1402.8494873046875,1353.6,15140,8192,2.5409386353127683,amazon/chronos-2
2025-07-01,2025-07-01,1353.6,30,2025-08-12,1388.3,1308.0762939453125,1354.6885986328125,1402.427734375,1353.6,15140,8192,2.5409386353127683,amazon/chronos-2
2025-07-01,2025-07-01,1353.6,31,2025-08-13,1390.2,1309.888916015625,1355.331787109375,1405.2802734375,1353.6,15140,8192,2.5409386353127683,amazon/chronos-2
2025-07-01,2025-07-01,1353.6,32,2025-08-14,1383.8,1310.0003662109375,1353.61962890625,1406.322021484375,1353.6,15140,8192,2.5409386353127683,amazon/chronos-2
2025-07-01,2025-07-01,1353.6,33,2025-08-18,1382.2,1310.1900634765625,1354.680908203125,1404.075927734375,1353.6,15140,8192,2.5409386353127683,amazon/chronos-2
2025-07-01,2025-07-01,1353.6,34,2025-08-19,1385.3,1305.557861328125,1353.2542724609375,1404.431396484375,1353.6,15140,8192,2.5409386353127683,amazon/chronos-2
2025-07-01,2025-07-01,1353.6,35,2025-08-20,1389.4,1305.455078125,1353.236328125,1404.65576171875,1353.6,15140,8192,2.5409386353127683,amazon/chronos-2
2025-07-01,2025-07-01,1353.6,36,2025-08-21,1397.5,1307.669921875,1352.7576904296875,1406.79931640625,1353.6,15140,8192,2.5409386353127683,amazon/chronos-2
2025-07-01,2025-07-01,1353.6,37,2025-08-22,1398.1,1306.6693115234375,1353.7786865234375,1407.5264892578125,1353.6,15140,8192,2.5409386353127683,amazon/chronos-2
2025-07-01,2025-07-01,1353.6,38,2025-08-25,1395.6,1305.3978271484375,1352.3392333984375,1408.11376953125,1353.6,15140,8192,2.5409386353127683,amazon/chronos-2
2025-07-01,2025-07-01,1353.6,39,2025-08-26,1386.3,1305.369873046875,1353.569091796875,1409.468017578125,1353.6,15140,8192,2.5409386353127683,amazon/chronos-2
2025-07-01,2025-07-01,1353.6,40,2025-08-27,1391.2,1305.054931640625,1354.46875,1410.887939453125,1353.6,15140,8192,2.5409386353127683,amazon/chronos-2
2025-07-01,2025-07-01,1353.6,41,2025-08-28,1395.7,1304.064208984375,1355.7103271484375,1413.5821533203125,1353.6,15140,8192,2.5409386353127683,amazon/chronos-2
2025-07-01,2025-07-01,1353.6,42,2025-08-29,1388.6,1303.8712158203125,1355.7578125,1414.1824951171875,1353.6,15140,8192,2.5409386353127683,amazon/chronos-2
2025-07-01,2025-07-01,1353.6,43,2025-09-01,1387.7,1300.7479248046875,1355.3099365234375,1414.6251220703125,1353.6,15140,8192,2.5409386353127683,amazon/chronos-2
2025-07-01,2025-07-01,1353.6,44,2025-09-02,1392.4,1300.9541015625,1354.783447265625,1415.57421875,1353.6,15140,8192,2.5409386353127683,amazon/chronos-2
2025-07-01,2025-07-01,1353.6,45,2025-09-03,1392.2,1300.2900390625,1354.013427734375,1416.92041015625,1353.6,15140,8192,2.5409386353127683,amazon/chronos-2
2025-07-01,2025-07-01,1353.6,46,2025-09-04,1393.8,1297.4324951171875,1355.1590576171875,1414.890380859375,1353.6,15140,8192,2.5409386353127683,amazon/chronos-2
2025-07-01,2025-07-01,1353.6,47,2025-09-05,1392.7,1299.458740234375,1354.995361328125,1416.825439453125,1353.6,15140,8192,2.5409386353127683,amazon/chronos-2
2025-07-01,2025-07-01,1353.6,48,2025-09-08,1391.8,1300.717529296875,1353.429443359375,1418.67919921875,1353.6,15140,8192,2.5409386353127683,amazon/chronos-2
2025-07-01,2025-07-01,1353.6,49,2025-09-09,1390.4,1296.9490966796875,1356.6285400390625,1424.924560546875,1353.6,15140,8192,2.5409386353127683,amazon/chronos-2
2025-07-01,2025-07-01,1353.6,50,2025-09-10,1386.6,1294.6005859375,1355.410400390625,1423.9188232421875,1353.6,15140,8192,2.5409386353127683,amazon/chronos-2
2025-07-01,2025-07-01,1353.6,51,2025-09-11,1387.6,1295.6297607421875,1355.5294189453125,1423.87109375,1353.6,15140,8192,2.5409386353127683,amazon/chronos-2
2025-07-01,2025-07-01,1353.6,52,2025-09-12,1389.4,1296.9642333984375,1355.190673828125,1427.0224609375,1353.6,15140,8192,2.5409386353127683,amazon/chronos-2
2025-07-01,2025-07-01,1353.6,53,2025-09-15,1388.7,1297.580810546875,1356.0615234375,1425.08056640625,1353.6,15140,8192,2.5409386353127683,amazon/chronos-2
2025-07-01,2025-07-01,1353.6,54,2025-09-16,1389.5,1296.8155517578125,1354.5537109375,1427.381103515625,1353.6,15140,8192,2.5409386353127683,amazon/chronos-2
2025-07-01,2025-07-01,1353.6,55,2025-09-17,1382.3,1297.0682373046875,1356.16796875,1428.7247314453125,1353.6,15140,8192,2.5409386353127683,amazon/chronos-2
2025-07-01,2025-07-01,1353.6,56,2025-09-18,1380.0,1296.210693359375,1356.4267578125,1429.1639404296875,1353.6,15140,8192,2.5409386353127683,amazon/chronos-2
2025-07-01,2025-07-01,1353.6,57,2025-09-19,1384.6,1293.8538818359375,1357.818359375,1432.501953125,1353.6,15140,8192,2.5409386353127683,amazon/chronos-2
2025-07-01,2025-07-01,1353.6,58,2025-09-22,1393.6,1294.2685546875,1358.1849365234375,1431.9964599609375,1353.6,15140,8192,2.5409386353127683,amazon/chronos-2
2025-07-01,2025-07-01,1353.6,59,2025-09-23,1394.0,1290.285888671875,1357.7264404296875,1433.149169921875,1353.6,15140,8192,2.5409386353127683,amazon/chronos-2
2025-07-01,2025-07-01,1353.6,60,2025-09-24,1393.8,1291.61669921875,1357.1805419921875,1434.245849609375,1353.6,15140,8192,2.5409386353127683,amazon/chronos-2
