date,value,stat_code,item_code,item_name,unit_name,series_code,notes,weekday,exclusion_reason
1964-05-09,255.77,731Y001,1,원/미국달러(매매기준율),원,731Y001,USD/KRW (KRW per USD),Saturday,weekend_observation
1964-05-16,255.77,731Y001,1,원/미국달러(매매기준율),원,731Y001,USD/KRW (KRW per USD),Saturday,weekend_observation
1964-05-23,255.77,731Y001,1,원/미국달러(매매기준율),원,731Y001,USD/KRW (KRW per USD),Saturday,weekend_observation
1964-05-30,255.77,731Y001,1,원/미국달러(매매기준율),원,731Y001,USD/KRW (KRW per USD),Saturday,weekend_observation
1964-06-13,255.77,731Y001,1,원/미국달러(매매기준율),원,731Y001,USD/KRW (KRW per USD),Saturday,weekend_observation
1964-06-20,255.77,731Y001,1,원/미국달러(매매기준율),원,731Y001,USD/KRW (KRW per USD),Saturday,weekend_observation
1964-06-27,255.77,731Y001,1,원/미국달러(매매기준율),원,731Y001,USD/KRW (KRW per USD),Saturday,weekend_observation
1964-07-04,255.77,731Y001,1,원/미국달러(매매기준율),원,731Y001,USD/KRW (KRW per USD),Saturday,weekend_observation
1964-07-11,255.77,731Y001,1,원/미국달러(매매기준율),원,731Y001,USD/KRW (KRW per USD),Saturday,weekend_observation
1964-07-18,255.77,731Y001,1,원/미국달러(매매기준율),원,731Y001,USD/KRW (KRW per USD),Saturday,weekend_observation
1964-07-25,255.77,731Y001,1,원/미국달러(매매기준율),원,731Y001,USD/KRW (KRW per USD),Saturday,weekend_observation
1964-08-01,255.77,731Y001,1,원/미국달러(매매기준율),원,731Y001,USD/KRW (KRW per USD),Saturday,weekend_observation
1964-08-22,255.77,731Y001,1,원/미국달러(매매기준율),원,731Y001,USD/KRW (KRW per USD),Saturday,weekend_observation
1964-08-29,255.77,731Y001,1,원/미국달러(매매기준율),원,731Y001,USD/KRW (KRW per USD),Saturday,weekend_observation
1964-09-05,255.77,731Y001,1,원/미국달러(매매기준율),원,731Y001,USD/KRW (KRW per USD),Saturday,weekend_observation
1964-09-12,255.77,731Y001,1,원/미국달러(매매기준율),원,731Y001,USD/KRW (KRW per USD),Saturday,weekend_observation
1964-09-19,255.77,731Y001,1,원/미국달러(매매기준율),원,731Y001,USD/KRW (KRW per USD),Saturday,weekend_observation
1964-09-26,255.77,731Y001,1,원/미국달러(매매기준율),원,731Y001,USD/KRW (KRW per USD),Saturday,weekend_observation
1964-10-31,255.77,731Y001,1,원/미국달러(매매기준율),원,731Y001,USD/KRW (KRW per USD),Saturday,weekend_observation
1964-11-07,255.77,731Y001,1,원/미국달러(매매기준율),원,731Y001,USD/KRW (KRW per USD),Saturday,weekend_observation
1964-11-14,255.77,731Y001,1,원/미국달러(매매기준율),원,731Y001,USD/KRW (KRW per USD),Saturday,weekend_observation
1964-11-21,255.77,731Y001,1,원/미국달러(매매기준율),원,731Y001,USD/KRW (KRW per USD),Saturday,weekend_observation
1964-11-28,255.77,731Y001,1,원/미국달러(매매기준율),원,731Y001,USD/KRW (KRW per USD),Saturday,weekend_observation
1964-12-05,255.77,731Y001,1,원/미국달러(매매기준율),원,731Y001,USD/KRW (KRW per USD),Saturday,weekend_observation
1964-12-19,255.77,731Y001,1,원/미국달러(매매기준율),원,731Y001,USD/KRW (KRW per USD),Saturday,weekend_observation
1964-12-26,255.77,731Y001,1,원/미국달러(매매기준율),원,731Y001,USD/KRW (KRW per USD),Saturday,weekend_observation
1965-01-09,255.77,731Y001,1,원/미국달러(매매기준율),원,731Y001,USD/KRW (KRW per USD),Saturday,weekend_observation
1965-01-16,255.77,731Y001,1,원/미국달러(매매기준율),원,731Y001,USD/KRW (KRW per USD),Saturday,weekend_observation
1965-01-23,255.77,731Y001,1,원/미국달러(매매기준율),원,731Y001,USD/KRW (KRW per USD),Saturday,weekend_observation
1965-01-30,255.77,731Y001,1,원/미국달러(매매기준율),원,731Y001,USD/KRW (KRW per USD),Saturday,weekend_observation
1965-02-06,255.77,731Y001,1,원/미국달러(매매기준율),원,731Y001,USD/KRW (KRW per USD),Saturday,weekend_observation
1965-02-20,255.77,731Y001,1,원/미국달러(매매기준율),원,731Y001,USD/KRW (KRW per USD),Saturday,weekend_observation
1965-02-27,255.77,731Y001,1,원/미국달러(매매기준율),원,731Y001,USD/KRW (KRW per USD),Saturday,weekend_observation
1965-03-06,255.76,731Y001,1,원/미국달러(매매기준율),원,731Y001,USD/KRW (KRW per USD),Saturday,weekend_observation
1965-03-13,255.77,731Y001,1,원/미국달러(매매기준율),원,731Y001,USD/KRW (KRW per USD),Saturday,weekend_observation
1965-03-20,255.77,731Y001,1,원/미국달러(매매기준율),원,731Y001,USD/KRW (KRW per USD),Saturday,weekend_observation
1965-03-27,266.2,731Y001,1,원/미국달러(매매기준율),원,731Y001,USD/KRW (KRW per USD),Saturday,weekend_observation
1965-04-03,263.21,731Y001,1,원/미국달러(매매기준율),원,731Y001,USD/KRW (KRW per USD),Saturday,weekend_observation
1965-04-10,260.62,731Y001,1,원/미국달러(매매기준율),원,731Y001,USD/KRW (KRW per USD),Saturday,weekend_observation
1965-04-17,259.02,731Y001,1,원/미국달러(매매기준율),원,731Y001,USD/KRW (KRW per USD),Saturday,weekend_observation
1965-04-24,256.73,731Y001,1,원/미국달러(매매기준율),원,731Y001,USD/KRW (KRW per USD),Saturday,weekend_observation
1965-05-01,256.43,731Y001,1,원/미국달러(매매기준율),원,731Y001,USD/KRW (KRW per USD),Saturday,weekend_observation
1965-05-08,263.21,731Y001,1,원/미국달러(매매기준율),원,731Y001,USD/KRW (KRW per USD),Saturday,weekend_observation
1965-05-15,266.0,731Y001,1,원/미국달러(매매기준율),원,731Y001,USD/KRW (KRW per USD),Saturday,weekend_observation
1965-05-22,267.79,731Y001,1,원/미국달러(매매기준율),원,731Y001,USD/KRW (KRW per USD),Saturday,weekend_observation
1965-05-29,272.58,731Y001,1,원/미국달러(매매기준율),원,731Y001,USD/KRW (KRW per USD),Saturday,weekend_observation
1965-06-05,267.69,731Y001,1,원/미국달러(매매기준율),원,731Y001,USD/KRW (KRW per USD),Saturday,weekend_observation
1965-06-12,266.3,731Y001,1,원/미국달러(매매기준율),원,731Y001,USD/KRW (KRW per USD),Saturday,weekend_observation
1965-06-19,267.2,731Y001,1,원/미국달러(매매기준율),원,731Y001,USD/KRW (KRW per USD),Saturday,weekend_observation
1965-06-26,271.38,731Y001,1,원/미국달러(매매기준율),원,731Y001,USD/KRW (KRW per USD),Saturday,weekend_observation
1965-07-03,271.38,731Y001,1,원/미국달러(매매기준율),원,731Y001,USD/KRW (KRW per USD),Saturday,weekend_observation
1965-07-10,271.38,731Y001,1,원/미국달러(매매기준율),원,731Y001,USD/KRW (KRW per USD),Saturday,weekend_observation
1965-07-24,272.18,731Y001,1,원/미국달러(매매기준율),원,731Y001,USD/KRW (KRW per USD),Saturday,weekend_observation
1965-07-31,271.58,731Y001,1,원/미국달러(매매기준율),원,731Y001,USD/KRW (KRW per USD),Saturday,weekend_observation
1965-08-07,271.88,731Y001,1,원/미국달러(매매기준율),원,731Y001,USD/KRW (KRW per USD),Saturday,weekend_observation
1965-08-14,272.88,731Y001,1,원/미국달러(매매기준율),원,731Y001,USD/KRW (KRW per USD),Saturday,weekend_observation
1965-08-21,272.38,731Y001,1,원/미국달러(매매기준율),원,731Y001,USD/KRW (KRW per USD),Saturday,weekend_observation
1965-08-28,272.18,731Y001,1,원/미국달러(매매기준율),원,731Y001,USD/KRW (KRW per USD),Saturday,weekend_observation
1965-09-04,272.18,731Y001,1,원/미국달러(매매기준율),원,731Y001,USD/KRW (KRW per USD),Saturday,weekend_observation
1965-09-11,272.08,731Y001,1,원/미국달러(매매기준율),원,731Y001,USD/KRW (KRW per USD),Saturday,weekend_observation
1965-09-18,272.08,731Y001,1,원/미국달러(매매기준율),원,731Y001,USD/KRW (KRW per USD),Saturday,weekend_observation
1965-09-25,272.08,731Y001,1,원/미국달러(매매기준율),원,731Y001,USD/KRW (KRW per USD),Saturday,weekend_observation
1965-10-02,271.98,731Y001,1,원/미국달러(매매기준율),원,731Y001,USD/KRW (KRW per USD),Saturday,weekend_observation
1965-10-16,271.98,731Y001,1,원/미국달러(매매기준율),원,731Y001,USD/KRW (KRW per USD),Saturday,weekend_observation
1965-10-23,271.98,731Y001,1,원/미국달러(매매기준율),원,731Y001,USD/KRW (KRW per USD),Saturday,weekend_observation
1965-10-30,271.78,731Y001,1,원/미국달러(매매기준율),원,731Y001,USD/KRW (KRW per USD),Saturday,weekend_observation
1965-11-06,271.78,731Y001,1,원/미국달러(매매기준율),원,731Y001,USD/KRW (KRW per USD),Saturday,weekend_observation
1965-11-13,271.78,731Y001,1,원/미국달러(매매기준율),원,731Y001,USD/KRW (KRW per USD),Saturday,weekend_observation
1965-11-20,271.78,731Y001,1,원/미국달러(매매기준율),원,731Y001,USD/KRW (KRW per USD),Saturday,weekend_observation
1965-11-27,271.78,731Y001,1,원/미국달러(매매기준율),원,731Y001,USD/KRW (KRW per USD),Saturday,weekend_observation
1965-12-04,271.78,731Y001,1,원/미국달러(매매기준율),원,731Y001,USD/KRW (KRW per USD),Saturday,weekend_observation
1965-12-11,271.78,731Y001,1,원/미국달러(매매기준율),원,731Y001,USD/KRW (KRW per USD),Saturday,weekend_observation
1965-12-18,271.78,731Y001,1,원/미국달러(매매기준율),원,731Y001,USD/KRW (KRW per USD),Saturday,weekend_observation
1966-01-08,271.78,731Y001,1,원/미국달러(매매기준율),원,731Y001,USD/KRW (KRW per USD),Saturday,weekend_observation
1966-01-15,271.78,731Y001,1,원/미국달러(매매기준율),원,731Y001,USD/KRW (KRW per USD),Saturday,weekend_observation
1966-01-22,271.78,731Y001,1,원/미국달러(매매기준율),원,731Y001,USD/KRW (KRW per USD),Saturday,weekend_observation
1966-01-29,271.78,731Y001,1,원/미국달러(매매기준율),원,731Y001,USD/KRW (KRW per USD),Saturday,weekend_observation
1966-02-05,271.68,731Y001,1,원/미국달러(매매기준율),원,731Y001,USD/KRW (KRW per USD),Saturday,weekend_observation
1966-02-12,271.68,731Y001,1,원/미국달러(매매기준율),원,731Y001,USD/KRW (KRW per USD),Saturday,weekend_observation
1966-02-19,271.68,731Y001,1,원/미국달러(매매기준율),원,731Y001,USD/KRW (KRW per USD),Saturday,weekend_observation
1966-02-26,271.68,731Y001,1,원/미국달러(매매기준율),원,731Y001,USD/KRW (KRW per USD),Saturday,weekend_observation
1966-03-05,271.78,731Y001,1,원/미국달러(매매기준율),원,731Y001,USD/KRW (KRW per USD),Saturday,weekend_observation
1966-03-06,271.78,731Y001,1,원/미국달러(매매기준율),원,731Y001,USD/KRW (KRW per USD),Sunday,weekend_observation
1966-03-12,271.78,731Y001,1,원/미국달러(매매기준율),원,731Y001,USD/KRW (KRW per USD),Saturday,weekend_observation
1966-03-19,261.78,731Y001,1,원/미국달러(매매기준율),원,731Y001,USD/KRW (KRW per USD),Saturday,weekend_observation
1966-03-26,271.68,731Y001,1,원/미국달러(매매기준율),원,731Y001,USD/KRW (KRW per USD),Saturday,weekend_observation
1966-04-02,271.68,731Y001,1,원/미국달러(매매기준율),원,731Y001,USD/KRW (KRW per USD),Saturday,weekend_observation
1966-04-09,271.38,731Y001,1,원/미국달러(매매기준율),원,731Y001,USD/KRW (KRW per USD),Saturday,weekend_observation
1966-04-16,271.38,731Y001,1,원/미국달러(매매기준율),원,731Y001,USD/KRW (KRW per USD),Saturday,weekend_observation
1966-04-23,271.18,731Y001,1,원/미국달러(매매기준율),원,731Y001,USD/KRW (KRW per USD),Saturday,weekend_observation
1966-04-30,271.18,731Y001,1,원/미국달러(매매기준율),원,731Y001,USD/KRW (KRW per USD),Saturday,weekend_observation
1966-05-07,271.18,731Y001,1,원/미국달러(매매기준율),원,731Y001,USD/KRW (KRW per USD),Saturday,weekend_observation
1966-05-14,271.18,731Y001,1,원/미국달러(매매기준율),원,731Y001,USD/KRW (KRW per USD),Saturday,weekend_observation
1966-05-21,271.18,731Y001,1,원/미국달러(매매기준율),원,731Y001,USD/KRW (KRW per USD),Saturday,weekend_observation
1966-05-28,271.18,731Y001,1,원/미국달러(매매기준율),원,731Y001,USD/KRW (KRW per USD),Saturday,weekend_observation
1966-06-04,271.18,731Y001,1,원/미국달러(매매기준율),원,731Y001,USD/KRW (KRW per USD),Saturday,weekend_observation
1966-06-11,271.18,731Y001,1,원/미국달러(매매기준율),원,731Y001,USD/KRW (KRW per USD),Saturday,weekend_observation
1966-06-18,271.18,731Y001,1,원/미국달러(매매기준율),원,731Y001,USD/KRW (KRW per USD),Saturday,weekend_observation
1966-06-25,271.18,731Y001,1,원/미국달러(매매기준율),원,731Y001,USD/KRW (KRW per USD),Saturday,weekend_observation
1966-07-02,271.18,731Y001,1,원/미국달러(매매기준율),원,731Y001,USD/KRW (KRW per USD),Saturday,weekend_observation
1966-07-09,271.18,731Y001,1,원/미국달러(매매기준율),원,731Y001,USD/KRW (KRW per USD),Saturday,weekend_observation
1966-07-16,271.18,731Y001,1,원/미국달러(매매기준율),원,731Y001,USD/KRW (KRW per USD),Saturday,weekend_observation
1966-07-23,271.18,731Y001,1,원/미국달러(매매기준율),원,731Y001,USD/KRW (KRW per USD),Saturday,weekend_observation
1966-07-30,271.18,731Y001,1,원/미국달러(매매기준율),원,731Y001,USD/KRW (KRW per USD),Saturday,weekend_observation
1966-08-06,271.18,731Y001,1,원/미국달러(매매기준율),원,731Y001,USD/KRW (KRW per USD),Saturday,weekend_observation
1966-08-13,271.18,731Y001,1,원/미국달러(매매기준율),원,731Y001,USD/KRW (KRW per USD),Saturday,weekend_observation
1966-08-20,271.18,731Y001,1,원/미국달러(매매기준율),원,731Y001,USD/KRW (KRW per USD),Saturday,weekend_observation
1966-08-27,271.18,731Y001,1,원/미국달러(매매기준율),원,731Y001,USD/KRW (KRW per USD),Saturday,weekend_observation
1966-09-03,271.18,731Y001,1,원/미국달러(매매기준율),원,731Y001,USD/KRW (KRW per USD),Saturday,weekend_observation
1966-09-10,271.18,731Y001,1,원/미국달러(매매기준율),원,731Y001,USD/KRW (KRW per USD),Saturday,weekend_observation
1966-09-17,271.18,731Y001,1,원/미국달러(매매기준율),원,731Y001,USD/KRW (KRW per USD),Saturday,weekend_observation
1966-09-24,271.18,731Y001,1,원/미국달러(매매기준율),원,731Y001,USD/KRW (KRW per USD),Saturday,weekend_observation
1966-10-08,271.18,731Y001,1,원/미국달러(매매기준율),원,731Y001,USD/KRW (KRW per USD),Saturday,weekend_observation
1966-10-15,271.18,731Y001,1,원/미국달러(매매기준율),원,731Y001,USD/KRW (KRW per USD),Saturday,weekend_observation
1966-10-22,271.18,731Y001,1,원/미국달러(매매기준율),원,731Y001,USD/KRW (KRW per USD),Saturday,weekend_observation
1966-10-29,271.18,731Y001,1,원/미국달러(매매기준율),원,731Y001,USD/KRW (KRW per USD),Saturday,weekend_observation
1966-11-05,271.18,731Y001,1,원/미국달러(매매기준율),원,731Y001,USD/KRW (KRW per USD),Saturday,weekend_observation
1966-11-12,271.18,731Y001,1,원/미국달러(매매기준율),원,731Y001,USD/KRW (KRW per USD),Saturday,weekend_observation
1966-11-19,271.18,731Y001,1,원/미국달러(매매기준율),원,731Y001,USD/KRW (KRW per USD),Saturday,weekend_observation
1966-11-26,271.18,731Y001,1,원/미국달러(매매기준율),원,731Y001,USD/KRW (KRW per USD),Saturday,weekend_observation
1966-12-03,271.18,731Y001,1,원/미국달러(매매기준율),원,731Y001,USD/KRW (KRW per USD),Saturday,weekend_observation
1966-12-10,271.18,731Y001,1,원/미국달러(매매기준율),원,731Y001,USD/KRW (KRW per USD),Saturday,weekend_observation
1966-12-17,271.18,731Y001,1,원/미국달러(매매기준율),원,731Y001,USD/KRW (KRW per USD),Saturday,weekend_observation
1966-12-24,271.18,731Y001,1,원/미국달러(매매기준율),원,731Y001,USD/KRW (KRW per USD),Saturday,weekend_observation
1966-12-31,271.18,731Y001,1,원/미국달러(매매기준율),원,731Y001,USD/KRW (KRW per USD),Saturday,weekend_observation
1967-01-07,271.18,731Y001,1,원/미국달러(매매기준율),원,731Y001,USD/KRW (KRW per USD),Saturday,weekend_observation
1967-01-14,271.18,731Y001,1,원/미국달러(매매기준율),원,731Y001,USD/KRW (KRW per USD),Saturday,weekend_observation
1967-01-21,269.85,731Y001,1,원/미국달러(매매기준율),원,731Y001,USD/KRW (KRW per USD),Saturday,weekend_observation
1967-01-28,269.85,731Y001,1,원/미국달러(매매기준율),원,731Y001,USD/KRW (KRW per USD),Saturday,weekend_observation
1967-02-04,269.85,731Y001,1,원/미국달러(매매기준율),원,731Y001,USD/KRW (KRW per USD),Saturday,weekend_observation
1967-02-11,269.85,731Y001,1,원/미국달러(매매기준율),원,731Y001,USD/KRW (KRW per USD),Saturday,weekend_observation
1967-02-18,269.85,731Y001,1,원/미국달러(매매기준율),원,731Y001,USD/KRW (KRW per USD),Saturday,weekend_observation
1967-02-25,269.85,731Y001,1,원/미국달러(매매기준율),원,731Y001,USD/KRW (KRW per USD),Saturday,weekend_observation
1967-03-04,269.9,731Y001,1,원/미국달러(매매기준율),원,731Y001,USD/KRW (KRW per USD),Saturday,weekend_observation
1967-03-11,269.9,731Y001,1,원/미국달러(매매기준율),원,731Y001,USD/KRW (KRW per USD),Saturday,weekend_observation
1967-03-18,269.95,731Y001,1,원/미국달러(매매기준율),원,731Y001,USD/KRW (KRW per USD),Saturday,weekend_observation
1967-03-25,270.0,731Y001,1,원/미국달러(매매기준율),원,731Y001,USD/KRW (KRW per USD),Saturday,weekend_observation
1967-04-01,270.05,731Y001,1,원/미국달러(매매기준율),원,731Y001,USD/KRW (KRW per USD),Saturday,weekend_observation
1967-04-08,270.05,731Y001,1,원/미국달러(매매기준율),원,731Y001,USD/KRW (KRW per USD),Saturday,weekend_observation
1967-04-15,270.1,731Y001,1,원/미국달러(매매기준율),원,731Y001,USD/KRW (KRW per USD),Saturday,weekend_observation
1967-04-22,270.1,731Y001,1,원/미국달러(매매기준율),원,731Y001,USD/KRW (KRW per USD),Saturday,weekend_observation
1967-04-29,270.1,731Y001,1,원/미국달러(매매기준율),원,731Y001,USD/KRW (KRW per USD),Saturday,weekend_observation
1967-05-06,270.1,731Y001,1,원/미국달러(매매기준율),원,731Y001,USD/KRW (KRW per USD),Saturday,weekend_observation
1967-05-13,270.1,731Y001,1,원/미국달러(매매기준율),원,731Y001,USD/KRW (KRW per USD),Saturday,weekend_observation
1967-05-20,270.05,731Y001,1,원/미국달러(매매기준율),원,731Y001,USD/KRW (KRW per USD),Saturday,weekend_observation
1967-05-27,270.05,731Y001,1,원/미국달러(매매기준율),원,731Y001,USD/KRW (KRW per USD),Saturday,weekend_observation
1967-06-03,270.05,731Y001,1,원/미국달러(매매기준율),원,731Y001,USD/KRW (KRW per USD),Saturday,weekend_observation
1967-06-10,270.05,731Y001,1,원/미국달러(매매기준율),원,731Y001,USD/KRW (KRW per USD),Saturday,weekend_observation
1967-06-17,270.1,731Y001,1,원/미국달러(매매기준율),원,731Y001,USD/KRW (KRW per USD),Saturday,weekend_observation
1967-06-24,270.05,731Y001,1,원/미국달러(매매기준율),원,731Y001,USD/KRW (KRW per USD),Saturday,weekend_observation
1967-07-08,270.05,731Y001,1,원/미국달러(매매기준율),원,731Y001,USD/KRW (KRW per USD),Saturday,weekend_observation
1967-07-15,270.2,731Y001,1,원/미국달러(매매기준율),원,731Y001,USD/KRW (KRW per USD),Saturday,weekend_observation
1967-07-29,270.25,731Y001,1,원/미국달러(매매기준율),원,731Y001,USD/KRW (KRW per USD),Saturday,weekend_observation
1967-08-05,270.25,731Y001,1,원/미국달러(매매기준율),원,731Y001,USD/KRW (KRW per USD),Saturday,weekend_observation
1967-08-12,270.25,731Y001,1,원/미국달러(매매기준율),원,731Y001,USD/KRW (KRW per USD),Saturday,weekend_observation
1967-08-19,269.3,731Y001,1,원/미국달러(매매기준율),원,731Y001,USD/KRW (KRW per USD),Saturday,weekend_observation
1967-08-26,270.34,731Y001,1,원/미국달러(매매기준율),원,731Y001,USD/KRW (KRW per USD),Saturday,weekend_observation
1967-09-02,270.34,731Y001,1,원/미국달러(매매기준율),원,731Y001,USD/KRW (KRW per USD),Saturday,weekend_observation
1967-09-09,270.39,731Y001,1,원/미국달러(매매기준율),원,731Y001,USD/KRW (KRW per USD),Saturday,weekend_observation
1967-09-16,270.28,731Y001,1,원/미국달러(매매기준율),원,731Y001,USD/KRW (KRW per USD),Saturday,weekend_observation
1967-09-23,270.42,731Y001,1,원/미국달러(매매기준율),원,731Y001,USD/KRW (KRW per USD),Saturday,weekend_observation
1967-09-30,270.58,731Y001,1,원/미국달러(매매기준율),원,731Y001,USD/KRW (KRW per USD),Saturday,weekend_observation
1967-10-07,270.47,731Y001,1,원/미국달러(매매기준율),원,731Y001,USD/KRW (KRW per USD),Saturday,weekend_observation
1967-10-14,270.38,731Y001,1,원/미국달러(매매기준율),원,731Y001,USD/KRW (KRW per USD),Saturday,weekend_observation
1967-10-21,270.36,731Y001,1,원/미국달러(매매기준율),원,731Y001,USD/KRW (KRW per USD),Saturday,weekend_observation
1967-10-28,270.26,731Y001,1,원/미국달러(매매기준율),원,731Y001,USD/KRW (KRW per USD),Saturday,weekend_observation
1967-11-04,270.22,731Y001,1,원/미국달러(매매기준율),원,731Y001,USD/KRW (KRW per USD),Saturday,weekend_observation
1967-11-11,270.2,731Y001,1,원/미국달러(매매기준율),원,731Y001,USD/KRW (KRW per USD),Saturday,weekend_observation
1967-11-18,270.1,731Y001,1,원/미국달러(매매기준율),원,731Y001,USD/KRW (KRW per USD),Saturday,weekend_observation
1967-11-25,271.4,731Y001,1,원/미국달러(매매기준율),원,731Y001,USD/KRW (KRW per USD),Saturday,weekend_observation
1967-12-02,272.2,731Y001,1,원/미국달러(매매기준율),원,731Y001,USD/KRW (KRW per USD),Saturday,weekend_observation
1967-12-09,274.6,731Y001,1,원/미국달러(매매기준율),원,731Y001,USD/KRW (KRW per USD),Saturday,weekend_observation
1967-12-16,274.6,731Y001,1,원/미국달러(매매기준율),원,731Y001,USD/KRW (KRW per USD),Saturday,weekend_observation
1967-12-23,274.6,731Y001,1,원/미국달러(매매기준율),원,731Y001,USD/KRW (KRW per USD),Saturday,weekend_observation
1967-12-30,274.6,731Y001,1,원/미국달러(매매기준율),원,731Y001,USD/KRW (KRW per USD),Saturday,weekend_observation
1967-12-31,274.6,731Y001,1,원/미국달러(매매기준율),원,731Y001,USD/KRW (KRW per USD),Sunday,weekend_observation
1968-01-06,274.6,731Y001,1,원/미국달러(매매기준율),원,731Y001,USD/KRW (KRW per USD),Saturday,weekend_observation
1968-01-13,274.6,731Y001,1,원/미국달러(매매기준율),원,731Y001,USD/KRW (KRW per USD),Saturday,weekend_observation
1968-01-20,274.6,731Y001,1,원/미국달러(매매기준율),원,731Y001,USD/KRW (KRW per USD),Saturday,weekend_observation
1968-01-27,274.5,731Y001,1,원/미국달러(매매기준율),원,731Y001,USD/KRW (KRW per USD),Saturday,weekend_observation
1968-02-03,274.6,731Y001,1,원/미국달러(매매기준율),원,731Y001,USD/KRW (KRW per USD),Saturday,weekend_observation
1968-02-10,274.6,731Y001,1,원/미국달러(매매기준율),원,731Y001,USD/KRW (KRW per USD),Saturday,weekend_observation
1968-02-17,274.4,731Y001,1,원/미국달러(매매기준율),원,731Y001,USD/KRW (KRW per USD),Saturday,weekend_observation
1968-02-24,274.6,731Y001,1,원/미국달러(매매기준율),원,731Y001,USD/KRW (KRW per USD),Saturday,weekend_observation
1968-03-02,274.7,731Y001,1,원/미국달러(매매기준율),원,731Y001,USD/KRW (KRW per USD),Saturday,weekend_observation
1968-03-09,274.6,731Y001,1,원/미국달러(매매기준율),원,731Y001,USD/KRW (KRW per USD),Saturday,weekend_observation
1968-03-16,274.6,731Y001,1,원/미국달러(매매기준율),원,731Y001,USD/KRW (KRW per USD),Saturday,weekend_observation
1968-03-23,274.6,731Y001,1,원/미국달러(매매기준율),원,731Y001,USD/KRW (KRW per USD),Saturday,weekend_observation
1968-03-30,274.7,731Y001,1,원/미국달러(매매기준율),원,731Y001,USD/KRW (KRW per USD),Saturday,weekend_observation
1968-04-06,274.8,731Y001,1,원/미국달러(매매기준율),원,731Y001,USD/KRW (KRW per USD),Saturday,weekend_observation
1968-04-13,274.8,731Y001,1,원/미국달러(매매기준율),원,731Y001,USD/KRW (KRW per USD),Saturday,weekend_observation
1968-04-20,274.8,731Y001,1,원/미국달러(매매기준율),원,731Y001,USD/KRW (KRW per USD),Saturday,weekend_observation
1968-04-27,274.8,731Y001,1,원/미국달러(매매기준율),원,731Y001,USD/KRW (KRW per USD),Saturday,weekend_observation
1968-05-04,274.7,731Y001,1,원/미국달러(매매기준율),원,731Y001,USD/KRW (KRW per USD),Saturday,weekend_observation
1968-05-11,274.8,731Y001,1,원/미국달러(매매기준율),원,731Y001,USD/KRW (KRW per USD),Saturday,weekend_observation
1968-05-18,274.7,731Y001,1,원/미국달러(매매기준율),원,731Y001,USD/KRW (KRW per USD),Saturday,weekend_observation
1968-05-19,274.7,731Y001,1,원/미국달러(매매기준율),원,731Y001,USD/KRW (KRW per USD),Sunday,weekend_observation
1968-05-25,274.7,731Y001,1,원/미국달러(매매기준율),원,731Y001,USD/KRW (KRW per USD),Saturday,weekend_observation
1968-06-01,274.8,731Y001,1,원/미국달러(매매기준율),원,731Y001,USD/KRW (KRW per USD),Saturday,weekend_observation
1968-06-02,274.7,731Y001,1,원/미국달러(매매기준율),원,731Y001,USD/KRW (KRW per USD),Sunday,weekend_observation
1968-06-08,274.8,731Y001,1,원/미국달러(매매기준율),원,731Y001,USD/KRW (KRW per USD),Saturday,weekend_observation
1968-06-15,274.8,731Y001,1,원/미국달러(매매기준율),원,731Y001,USD/KRW (KRW per USD),Saturday,weekend_observation
1968-06-22,274.7,731Y001,1,원/미국달러(매매기준율),원,731Y001,USD/KRW (KRW per USD),Saturday,weekend_observation
1968-06-29,274.8,731Y001,1,원/미국달러(매매기준율),원,731Y001,USD/KRW (KRW per USD),Saturday,weekend_observation
1968-07-06,274.8,731Y001,1,원/미국달러(매매기준율),원,731Y001,USD/KRW (KRW per USD),Saturday,weekend_observation
1968-07-13,274.8,731Y001,1,원/미국달러(매매기준율),원,731Y001,USD/KRW (KRW per USD),Saturday,weekend_observation
1968-07-20,274.8,731Y001,1,원/미국달러(매매기준율),원,731Y001,USD/KRW (KRW per USD),Saturday,weekend_observation
1968-07-27,274.7,731Y001,1,원/미국달러(매매기준율),원,731Y001,USD/KRW (KRW per USD),Saturday,weekend_observation
1968-08-03,274.7,731Y001,1,원/미국달러(매매기준율),원,731Y001,USD/KRW (KRW per USD),Saturday,weekend_observation
1968-08-10,274.9,731Y001,1,원/미국달러(매매기준율),원,731Y001,USD/KRW (KRW per USD),Saturday,weekend_observation
1968-08-17,275.1,731Y001,1,원/미국달러(매매기준율),원,731Y001,USD/KRW (KRW per USD),Saturday,weekend_observation
1968-08-24,276.0,731Y001,1,원/미국달러(매매기준율),원,731Y001,USD/KRW (KRW per USD),Saturday,weekend_observation
1968-08-31,276.5,731Y001,1,원/미국달러(매매기준율),원,731Y001,USD/KRW (KRW per USD),Saturday,weekend_observation
1968-09-07,277.3,731Y001,1,원/미국달러(매매기준율),원,731Y001,USD/KRW (KRW per USD),Saturday,weekend_observation
1968-09-14,277.9,731Y001,1,원/미국달러(매매기준율),원,731Y001,USD/KRW (KRW per USD),Saturday,weekend_observation
1968-09-21,278.5,731Y001,1,원/미국달러(매매기준율),원,731Y001,USD/KRW (KRW per USD),Saturday,weekend_observation
1968-09-28,279.5,731Y001,1,원/미국달러(매매기준율),원,731Y001,USD/KRW (KRW per USD),Saturday,weekend_observation
1968-10-05,279.5,731Y001,1,원/미국달러(매매기준율),원,731Y001,USD/KRW (KRW per USD),Saturday,weekend_observation
1968-10-06,279.8,731Y001,1,원/미국달러(매매기준율),원,731Y001,USD/KRW (KRW per USD),Sunday,weekend_observation
1968-10-12,280.1,731Y001,1,원/미국달러(매매기준율),원,731Y001,USD/KRW (KRW per USD),Saturday,weekend_observation
1968-10-19,280.5,731Y001,1,원/미국달러(매매기준율),원,731Y001,USD/KRW (KRW per USD),Saturday,weekend_observation
1968-10-26,280.7,731Y001,1,원/미국달러(매매기준율),원,731Y001,USD/KRW (KRW per USD),Saturday,weekend_observation
1968-11-02,281.1,731Y001,1,원/미국달러(매매기준율),원,731Y001,USD/KRW (KRW per USD),Saturday,weekend_observation
1968-11-09,281.3,731Y001,1,원/미국달러(매매기준율),원,731Y001,USD/KRW (KRW per USD),Saturday,weekend_observation
1968-11-16,281.5,731Y001,1,원/미국달러(매매기준율),원,731Y001,USD/KRW (KRW per USD),Saturday,weekend_observation
1968-11-23,281.7,731Y001,1,원/미국달러(매매기준율),원,731Y001,USD/KRW (KRW per USD),Saturday,weekend_observation
1968-11-30,281.6,731Y001,1,원/미국달러(매매기준율),원,731Y001,USD/KRW (KRW per USD),Saturday,weekend_observation
1968-12-07,281.6,731Y001,1,원/미국달러(매매기준율),원,731Y001,USD/KRW (KRW per USD),Saturday,weekend_observation
1968-12-14,281.6,731Y001,1,원/미국달러(매매기준율),원,731Y001,USD/KRW (KRW per USD),Saturday,weekend_observation
1968-12-21,281.8,731Y001,1,원/미국달러(매매기준율),원,731Y001,USD/KRW (KRW per USD),Saturday,weekend_observation
1968-12-28,281.6,731Y001,1,원/미국달러(매매기준율),원,731Y001,USD/KRW (KRW per USD),Saturday,weekend_observation
1969-01-04,281.5,731Y001,1,원/미국달러(매매기준율),원,731Y001,USD/KRW (KRW per USD),Saturday,weekend_observation
1969-01-11,281.3,731Y001,1,원/미국달러(매매기준율),원,731Y001,USD/KRW (KRW per USD),Saturday,weekend_observation
1969-01-18,281.7,731Y001,1,원/미국달러(매매기준율),원,731Y001,USD/KRW (KRW per USD),Saturday,weekend_observation
1969-01-25,281.7,731Y001,1,원/미국달러(매매기준율),원,731Y001,USD/KRW (KRW per USD),Saturday,weekend_observation
1969-02-01,281.6,731Y001,1,원/미국달러(매매기준율),원,731Y001,USD/KRW (KRW per USD),Saturday,weekend_observation
1969-02-08,282.0,731Y001,1,원/미국달러(매매기준율),원,731Y001,USD/KRW (KRW per USD),Saturday,weekend_observation
1969-02-15,282.1,731Y001,1,원/미국달러(매매기준율),원,731Y001,USD/KRW (KRW per USD),Saturday,weekend_observation
1969-02-22,282.3,731Y001,1,원/미국달러(매매기준율),원,731Y001,USD/KRW (KRW per USD),Saturday,weekend_observation
1969-03-08,282.6,731Y001,1,원/미국달러(매매기준율),원,731Y001,USD/KRW (KRW per USD),Saturday,weekend_observation
1969-03-15,282.8,731Y001,1,원/미국달러(매매기준율),원,731Y001,USD/KRW (KRW per USD),Saturday,weekend_observation
1969-03-22,283.2,731Y001,1,원/미국달러(매매기준율),원,731Y001,USD/KRW (KRW per USD),Saturday,weekend_observation
1969-03-29,283.2,731Y001,1,원/미국달러(매매기준율),원,731Y001,USD/KRW (KRW per USD),Saturday,weekend_observation
1969-04-12,283.6,731Y001,1,원/미국달러(매매기준율),원,731Y001,USD/KRW (KRW per USD),Saturday,weekend_observation
1969-04-19,283.8,731Y001,1,원/미국달러(매매기준율),원,731Y001,USD/KRW (KRW per USD),Saturday,weekend_observation
1969-04-26,283.9,731Y001,1,원/미국달러(매매기준율),원,731Y001,USD/KRW (KRW per USD),Saturday,weekend_observation
1969-05-03,284.2,731Y001,1,원/미국달러(매매기준율),원,731Y001,USD/KRW (KRW per USD),Saturday,weekend_observation
1969-05-10,284.2,731Y001,1,원/미국달러(매매기준율),원,731Y001,USD/KRW (KRW per USD),Saturday,weekend_observation
1969-05-17,284.4,731Y001,1,원/미국달러(매매기준율),원,731Y001,USD/KRW (KRW per USD),Saturday,weekend_observation
1969-05-24,284.8,731Y001,1,원/미국달러(매매기준율),원,731Y001,USD/KRW (KRW per USD),Saturday,weekend_observation
1969-05-31,285.0,731Y001,1,원/미국달러(매매기준율),원,731Y001,USD/KRW (KRW per USD),Saturday,weekend_observation
1969-06-07,285.0,731Y001,1,원/미국달러(매매기준율),원,731Y001,USD/KRW (KRW per USD),Saturday,weekend_observation
1969-06-14,285.2,731Y001,1,원/미국달러(매매기준율),원,731Y001,USD/KRW (KRW per USD),Saturday,weekend_observation
1969-06-21,285.1,731Y001,1,원/미국달러(매매기준율),원,731Y001,USD/KRW (KRW per USD),Saturday,weekend_observation
1969-06-28,284.9,731Y001,1,원/미국달러(매매기준율),원,731Y001,USD/KRW (KRW per USD),Saturday,weekend_observation
1969-07-05,284.9,731Y001,1,원/미국달러(매매기준율),원,731Y001,USD/KRW (KRW per USD),Saturday,weekend_observation
1969-07-12,284.9,731Y001,1,원/미국달러(매매기준율),원,731Y001,USD/KRW (KRW per USD),Saturday,weekend_observation
1969-07-19,285.6,731Y001,1,원/미국달러(매매기준율),원,731Y001,USD/KRW (KRW per USD),Saturday,weekend_observation
1969-07-26,286.0,731Y001,1,원/미국달러(매매기준율),원,731Y001,USD/KRW (KRW per USD),Saturday,weekend_observation
1969-08-02,286.3,731Y001,1,원/미국달러(매매기준율),원,731Y001,USD/KRW (KRW per USD),Saturday,weekend_observation
1969-08-09,286.5,731Y001,1,원/미국달러(매매기준율),원,731Y001,USD/KRW (KRW per USD),Saturday,weekend_observation
1969-08-16,287.0,731Y001,1,원/미국달러(매매기준율),원,731Y001,USD/KRW (KRW per USD),Saturday,weekend_observation
1969-08-23,287.3,731Y001,1,원/미국달러(매매기준율),원,731Y001,USD/KRW (KRW per USD),Saturday,weekend_observation
1969-08-30,287.6,731Y001,1,원/미국달러(매매기준율),원,731Y001,USD/KRW (KRW per USD),Saturday,weekend_observation
1969-09-06,287.6,731Y001,1,원/미국달러(매매기준율),원,731Y001,USD/KRW (KRW per USD),Saturday,weekend_observation
1969-09-13,288.2,731Y001,1,원/미국달러(매매기준율),원,731Y001,USD/KRW (KRW per USD),Saturday,weekend_observation
1969-09-20,288.8,731Y001,1,원/미국달러(매매기준율),원,731Y001,USD/KRW (KRW per USD),Saturday,weekend_observation
1969-09-27,288.8,731Y001,1,원/미국달러(매매기준율),원,731Y001,USD/KRW (KRW per USD),Saturday,weekend_observation
1969-10-04,289.2,731Y001,1,원/미국달러(매매기준율),원,731Y001,USD/KRW (KRW per USD),Saturday,weekend_observation
1969-10-11,289.9,731Y001,1,원/미국달러(매매기준율),원,731Y001,USD/KRW (KRW per USD),Saturday,weekend_observation
1969-10-18,290.3,731Y001,1,원/미국달러(매매기준율),원,731Y001,USD/KRW (KRW per USD),Saturday,weekend_observation
1969-10-25,290.9,731Y001,1,원/미국달러(매매기준율),원,731Y001,USD/KRW (KRW per USD),Saturday,weekend_observation
1969-11-01,291.4,731Y001,1,원/미국달러(매매기준율),원,731Y001,USD/KRW (KRW per USD),Saturday,weekend_observation
1969-11-08,304.35,731Y001,1,원/미국달러(매매기준율),원,731Y001,USD/KRW (KRW per USD),Saturday,weekend_observation
1969-11-15,304.35,731Y001,1,원/미국달러(매매기준율),원,731Y001,USD/KRW (KRW per USD),Saturday,weekend_observation
1969-11-22,304.35,731Y001,1,원/미국달러(매매기준율),원,731Y001,USD/KRW (KRW per USD),Saturday,weekend_observation
1969-11-29,304.55,731Y001,1,원/미국달러(매매기준율),원,731Y001,USD/KRW (KRW per USD),Saturday,weekend_observation
1969-12-06,304.45,731Y001,1,원/미국달러(매매기준율),원,731Y001,USD/KRW (KRW per USD),Saturday,weekend_observation
1969-12-13,304.35,731Y001,1,원/미국달러(매매기준율),원,731Y001,USD/KRW (KRW per USD),Saturday,weekend_observation
1969-12-20,304.75,731Y001,1,원/미국달러(매매기준율),원,731Y001,USD/KRW (KRW per USD),Saturday,weekend_observation
1969-12-27,304.45,731Y001,1,원/미국달러(매매기준율),원,731Y001,USD/KRW (KRW per USD),Saturday,weekend_observation
1970-01-10,304.35,731Y001,1,원/미국달러(매매기준율),원,731Y001,USD/KRW (KRW per USD),Saturday,weekend_observation
1970-01-17,304.85,731Y001,1,원/미국달러(매매기준율),원,731Y001,USD/KRW (KRW per USD),Saturday,weekend_observation
1970-01-24,305.15,731Y001,1,원/미국달러(매매기준율),원,731Y001,USD/KRW (KRW per USD),Saturday,weekend_observation
1970-01-31,305.35,731Y001,1,원/미국달러(매매기준율),원,731Y001,USD/KRW (KRW per USD),Saturday,weekend_observation
1970-02-07,305.45,731Y001,1,원/미국달러(매매기준율),원,731Y001,USD/KRW (KRW per USD),Saturday,weekend_observation
1970-02-14,305.85,731Y001,1,원/미국달러(매매기준율),원,731Y001,USD/KRW (KRW per USD),Saturday,weekend_observation
1970-02-21,306.15,731Y001,1,원/미국달러(매매기준율),원,731Y001,USD/KRW (KRW per USD),Saturday,weekend_observation
1970-02-28,306.15,731Y001,1,원/미국달러(매매기준율),원,731Y001,USD/KRW (KRW per USD),Saturday,weekend_observation
1970-03-07,306.45,731Y001,1,원/미국달러(매매기준율),원,731Y001,USD/KRW (KRW per USD),Saturday,weekend_observation
1970-03-14,306.55,731Y001,1,원/미국달러(매매기준율),원,731Y001,USD/KRW (KRW per USD),Saturday,weekend_observation
1970-03-21,306.75,731Y001,1,원/미국달러(매매기준율),원,731Y001,USD/KRW (KRW per USD),Saturday,weekend_observation
1970-03-28,306.85,731Y001,1,원/미국달러(매매기준율),원,731Y001,USD/KRW (KRW per USD),Saturday,weekend_observation
1970-04-04,307.05,731Y001,1,원/미국달러(매매기준율),원,731Y001,USD/KRW (KRW per USD),Saturday,weekend_observation
1970-04-11,307.45,731Y001,1,원/미국달러(매매기준율),원,731Y001,USD/KRW (KRW per USD),Saturday,weekend_observation
1970-04-18,307.85,731Y001,1,원/미국달러(매매기준율),원,731Y001,USD/KRW (KRW per USD),Saturday,weekend_observation
1970-04-25,308.45,731Y001,1,원/미국달러(매매기준율),원,731Y001,USD/KRW (KRW per USD),Saturday,weekend_observation
1970-05-02,308.25,731Y001,1,원/미국달러(매매기준율),원,731Y001,USD/KRW (KRW per USD),Saturday,weekend_observation
1970-05-09,308.65,731Y001,1,원/미국달러(매매기준율),원,731Y001,USD/KRW (KRW per USD),Saturday,weekend_observation
1970-05-16,308.95,731Y001,1,원/미국달러(매매기준율),원,731Y001,USD/KRW (KRW per USD),Saturday,weekend_observation
1970-05-23,309.35,731Y001,1,원/미국달러(매매기준율),원,731Y001,USD/KRW (KRW per USD),Saturday,weekend_observation
1970-05-30,309.35,731Y001,1,원/미국달러(매매기준율),원,731Y001,USD/KRW (KRW per USD),Saturday,weekend_observation
1970-06-13,309.55,731Y001,1,원/미국달러(매매기준율),원,731Y001,USD/KRW (KRW per USD),Saturday,weekend_observation
1970-06-20,310.15,731Y001,1,원/미국달러(매매기준율),원,731Y001,USD/KRW (KRW per USD),Saturday,weekend_observation
1970-06-27,310.55,731Y001,1,원/미국달러(매매기준율),원,731Y001,USD/KRW (KRW per USD),Saturday,weekend_observation
1970-07-04,310.55,731Y001,1,원/미국달러(매매기준율),원,731Y001,USD/KRW (KRW per USD),Saturday,weekend_observation
1970-07-11,311.15,731Y001,1,원/미국달러(매매기준율),원,731Y001,USD/KRW (KRW per USD),Saturday,weekend_observation
1970-07-18,311.55,731Y001,1,원/미국달러(매매기준율),원,731Y001,USD/KRW (KRW per USD),Saturday,weekend_observation
1970-07-25,312.5,731Y001,1,원/미국달러(매매기준율),원,731Y001,USD/KRW (KRW per USD),Saturday,weekend_observation
1970-08-01,312.35,731Y001,1,원/미국달러(매매기준율),원,731Y001,USD/KRW (KRW per USD),Saturday,weekend_observation
1970-08-08,312.25,731Y001,1,원/미국달러(매매기준율),원,731Y001,USD/KRW (KRW per USD),Saturday,weekend_observation
1970-08-22,312.65,731Y001,1,원/미국달러(매매기준율),원,731Y001,USD/KRW (KRW per USD),Saturday,weekend_observation
1970-08-29,312.95,731Y001,1,원/미국달러(매매기준율),원,731Y001,USD/KRW (KRW per USD),Saturday,weekend_observation
1970-09-05,313.15,731Y001,1,원/미국달러(매매기준율),원,731Y001,USD/KRW (KRW per USD),Saturday,weekend_observation
1970-09-12,313.35,731Y001,1,원/미국달러(매매기준율),원,731Y001,USD/KRW (KRW per USD),Saturday,weekend_observation
1970-09-19,313.35,731Y001,1,원/미국달러(매매기준율),원,731Y001,USD/KRW (KRW per USD),Saturday,weekend_observation
1970-09-26,313.75,731Y001,1,원/미국달러(매매기준율),원,731Y001,USD/KRW (KRW per USD),Saturday,weekend_observation
1970-10-10,313.85,731Y001,1,원/미국달러(매매기준율),원,731Y001,USD/KRW (KRW per USD),Saturday,weekend_observation
1970-10-17,314.25,731Y001,1,원/미국달러(매매기준율),원,731Y001,USD/KRW (KRW per USD),Saturday,weekend_observation
1970-10-31,314.95,731Y001,1,원/미국달러(매매기준율),원,731Y001,USD/KRW (KRW per USD),Saturday,weekend_observation
1970-11-07,314.85,731Y001,1,원/미국달러(매매기준율),원,731Y001,USD/KRW (KRW per USD),Saturday,weekend_observation
1970-11-14,315.15,731Y001,1,원/미국달러(매매기준율),원,731Y001,USD/KRW (KRW per USD),Saturday,weekend_observation
1970-11-21,315.35,731Y001,1,원/미국달러(매매기준율),원,731Y001,USD/KRW (KRW per USD),Saturday,weekend_observation
1970-11-28,315.75,731Y001,1,원/미국달러(매매기준율),원,731Y001,USD/KRW (KRW per USD),Saturday,weekend_observation
1970-12-05,316.05,731Y001,1,원/미국달러(매매기준율),원,731Y001,USD/KRW (KRW per USD),Saturday,weekend_observation
1970-12-12,316.25,731Y001,1,원/미국달러(매매기준율),원,731Y001,USD/KRW (KRW per USD),Saturday,weekend_observation
1970-12-19,316.25,731Y001,1,원/미국달러(매매기준율),원,731Y001,USD/KRW (KRW per USD),Saturday,weekend_observation
1970-12-26,316.65,731Y001,1,원/미국달러(매매기준율),원,731Y001,USD/KRW (KRW per USD),Saturday,weekend_observation
1971-01-09,317.15,731Y001,1,원/미국달러(매매기준율),원,731Y001,USD/KRW (KRW per USD),Saturday,weekend_observation
1971-01-16,317.75,731Y001,1,원/미국달러(매매기준율),원,731Y001,USD/KRW (KRW per USD),Saturday,weekend_observation
1971-01-23,318.35,731Y001,1,원/미국달러(매매기준율),원,731Y001,USD/KRW (KRW per USD),Saturday,weekend_observation
1971-01-30,318.55,731Y001,1,원/미국달러(매매기준율),원,731Y001,USD/KRW (KRW per USD),Saturday,weekend_observation
1971-02-06,319.05,731Y001,1,원/미국달러(매매기준율),원,731Y001,USD/KRW (KRW per USD),Saturday,weekend_observation
1971-02-13,319.45,731Y001,1,원/미국달러(매매기준율),원,731Y001,USD/KRW (KRW per USD),Saturday,weekend_observation
1971-02-20,319.85,731Y001,1,원/미국달러(매매기준율),원,731Y001,USD/KRW (KRW per USD),Saturday,weekend_observation
1971-02-27,320.25,731Y001,1,원/미국달러(매매기준율),원,731Y001,USD/KRW (KRW per USD),Saturday,weekend_observation
1971-03-06,320.75,731Y001,1,원/미국달러(매매기준율),원,731Y001,USD/KRW (KRW per USD),Saturday,weekend_observation
1971-03-13,321.15,731Y001,1,원/미국달러(매매기준율),원,731Y001,USD/KRW (KRW per USD),Saturday,weekend_observation
1971-03-20,321.65,731Y001,1,원/미국달러(매매기준율),원,731Y001,USD/KRW (KRW per USD),Saturday,weekend_observation
1971-03-27,322.05,731Y001,1,원/미국달러(매매기준율),원,731Y001,USD/KRW (KRW per USD),Saturday,weekend_observation
1971-04-03,322.25,731Y001,1,원/미국달러(매매기준율),원,731Y001,USD/KRW (KRW per USD),Saturday,weekend_observation
1971-04-10,322.85,731Y001,1,원/미국달러(매매기준율),원,731Y001,USD/KRW (KRW per USD),Saturday,weekend_observation
1971-04-17,323.45,731Y001,1,원/미국달러(매매기준율),원,731Y001,USD/KRW (KRW per USD),Saturday,weekend_observation
1971-04-24,323.75,731Y001,1,원/미국달러(매매기준율),원,731Y001,USD/KRW (KRW per USD),Saturday,weekend_observation
1971-05-01,324.35,731Y001,1,원/미국달러(매매기준율),원,731Y001,USD/KRW (KRW per USD),Saturday,weekend_observation
1971-05-08,325.15,731Y001,1,원/미국달러(매매기준율),원,731Y001,USD/KRW (KRW per USD),Saturday,weekend_observation
1971-05-15,325.75,731Y001,1,원/미국달러(매매기준율),원,731Y001,USD/KRW (KRW per USD),Saturday,weekend_observation
1971-05-22,326.35,731Y001,1,원/미국달러(매매기준율),원,731Y001,USD/KRW (KRW per USD),Saturday,weekend_observation
1971-05-29,326.35,731Y001,1,원/미국달러(매매기준율),원,731Y001,USD/KRW (KRW per USD),Saturday,weekend_observation
1971-06-05,326.75,731Y001,1,원/미국달러(매매기준율),원,731Y001,USD/KRW (KRW per USD),Saturday,weekend_observation
1971-06-12,326.95,731Y001,1,원/미국달러(매매기준율),원,731Y001,USD/KRW (KRW per USD),Saturday,weekend_observation
1971-06-19,327.45,731Y001,1,원/미국달러(매매기준율),원,731Y001,USD/KRW (KRW per USD),Saturday,weekend_observation
1971-06-26,328.15,731Y001,1,원/미국달러(매매기준율),원,731Y001,USD/KRW (KRW per USD),Saturday,weekend_observation
1971-07-03,370.8,731Y001,1,원/미국달러(매매기준율),원,731Y001,USD/KRW (KRW per USD),Saturday,weekend_observation
1971-07-10,370.8,731Y001,1,원/미국달러(매매기준율),원,731Y001,USD/KRW (KRW per USD),Saturday,weekend_observation
1971-07-24,370.8,731Y001,1,원/미국달러(매매기준율),원,731Y001,USD/KRW (KRW per USD),Saturday,weekend_observation
1971-07-31,370.8,731Y001,1,원/미국달러(매매기준율),원,731Y001,USD/KRW (KRW per USD),Saturday,weekend_observation
1971-08-07,370.8,731Y001,1,원/미국달러(매매기준율),원,731Y001,USD/KRW (KRW per USD),Saturday,weekend_observation
1971-08-14,370.8,731Y001,1,원/미국달러(매매기준율),원,731Y001,USD/KRW (KRW per USD),Saturday,weekend_observation
1971-08-21,370.8,731Y001,1,원/미국달러(매매기준율),원,731Y001,USD/KRW (KRW per USD),Saturday,weekend_observation
1971-08-28,370.8,731Y001,1,원/미국달러(매매기준율),원,731Y001,USD/KRW (KRW per USD),Saturday,weekend_observation
1971-09-04,370.8,731Y001,1,원/미국달러(매매기준율),원,731Y001,USD/KRW (KRW per USD),Saturday,weekend_observation
1971-09-11,370.8,731Y001,1,원/미국달러(매매기준율),원,731Y001,USD/KRW (KRW per USD),Saturday,weekend_observation
1971-09-18,370.8,731Y001,1,원/미국달러(매매기준율),원,731Y001,USD/KRW (KRW per USD),Saturday,weekend_observation
1971-09-25,370.8,731Y001,1,원/미국달러(매매기준율),원,731Y001,USD/KRW (KRW per USD),Saturday,weekend_observation
1971-10-02,370.8,731Y001,1,원/미국달러(매매기준율),원,731Y001,USD/KRW (KRW per USD),Saturday,weekend_observation
1971-10-16,370.8,731Y001,1,원/미국달러(매매기준율),원,731Y001,USD/KRW (KRW per USD),Saturday,weekend_observation
1971-10-23,370.8,731Y001,1,원/미국달러(매매기준율),원,731Y001,USD/KRW (KRW per USD),Saturday,weekend_observation
1971-10-30,370.8,731Y001,1,원/미국달러(매매기준율),원,731Y001,USD/KRW (KRW per USD),Saturday,weekend_observation
1971-11-06,370.8,731Y001,1,원/미국달러(매매기준율),원,731Y001,USD/KRW (KRW per USD),Saturday,weekend_observation
1971-11-13,370.8,731Y001,1,원/미국달러(매매기준율),원,731Y001,USD/KRW (KRW per USD),Saturday,weekend_observation
1971-11-20,370.8,731Y001,1,원/미국달러(매매기준율),원,731Y001,USD/KRW (KRW per USD),Saturday,weekend_observation
1971-11-27,370.8,731Y001,1,원/미국달러(매매기준율),원,731Y001,USD/KRW (KRW per USD),Saturday,weekend_observation
1971-12-04,371.1,731Y001,1,원/미국달러(매매기준율),원,731Y001,USD/KRW (KRW per USD),Saturday,weekend_observation
1971-12-11,371.7,731Y001,1,원/미국달러(매매기준율),원,731Y001,USD/KRW (KRW per USD),Saturday,weekend_observation
1971-12-18,372.5,731Y001,1,원/미국달러(매매기준율),원,731Y001,USD/KRW (KRW per USD),Saturday,weekend_observation
1972-01-08,373.4,731Y001,1,원/미국달러(매매기준율),원,731Y001,USD/KRW (KRW per USD),Saturday,weekend_observation
1972-01-15,374.5,731Y001,1,원/미국달러(매매기준율),원,731Y001,USD/KRW (KRW per USD),Saturday,weekend_observation
1972-01-22,375.5,731Y001,1,원/미국달러(매매기준율),원,731Y001,USD/KRW (KRW per USD),Saturday,weekend_observation
1972-01-29,376.4,731Y001,1,원/미국달러(매매기준율),원,731Y001,USD/KRW (KRW per USD),Saturday,weekend_observation
1972-02-05,377.2,731Y001,1,원/미국달러(매매기준율),원,731Y001,USD/KRW (KRW per USD),Saturday,weekend_observation
1972-02-12,378.9,731Y001,1,원/미국달러(매매기준율),원,731Y001,USD/KRW (KRW per USD),Saturday,weekend_observation
1972-02-19,379.8,731Y001,1,원/미국달러(매매기준율),원,731Y001,USD/KRW (KRW per USD),Saturday,weekend_observation
1972-02-26,381.5,731Y001,1,원/미국달러(매매기준율),원,731Y001,USD/KRW (KRW per USD),Saturday,weekend_observation
1972-03-04,382.6,731Y001,1,원/미국달러(매매기준율),원,731Y001,USD/KRW (KRW per USD),Saturday,weekend_observation
1972-03-11,383.5,731Y001,1,원/미국달러(매매기준율),원,731Y001,USD/KRW (KRW per USD),Saturday,weekend_observation
1972-03-18,384.8,731Y001,1,원/미국달러(매매기준율),원,731Y001,USD/KRW (KRW per USD),Saturday,weekend_observation
1972-03-25,385.9,731Y001,1,원/미국달러(매매기준율),원,731Y001,USD/KRW (KRW per USD),Saturday,weekend_observation
1972-04-01,387.1,731Y001,1,원/미국달러(매매기준율),원,731Y001,USD/KRW (KRW per USD),Saturday,weekend_observation
1972-04-08,388.2,731Y001,1,원/미국달러(매매기준율),원,731Y001,USD/KRW (KRW per USD),Saturday,weekend_observation
1972-04-15,389.6,731Y001,1,원/미국달러(매매기준율),원,731Y001,USD/KRW (KRW per USD),Saturday,weekend_observation
1972-04-22,391.2,731Y001,1,원/미국달러(매매기준율),원,731Y001,USD/KRW (KRW per USD),Saturday,weekend_observation
1972-04-29,392.9,731Y001,1,원/미국달러(매매기준율),원,731Y001,USD/KRW (KRW per USD),Saturday,weekend_observation
1972-05-06,393.2,731Y001,1,원/미국달러(매매기준율),원,731Y001,USD/KRW (KRW per USD),Saturday,weekend_observation
1972-05-13,394.0,731Y001,1,원/미국달러(매매기준율),원,731Y001,USD/KRW (KRW per USD),Saturday,weekend_observation
1972-05-20,395.6,731Y001,1,원/미국달러(매매기준율),원,731Y001,USD/KRW (KRW per USD),Saturday,weekend_observation
1972-05-27,395.8,731Y001,1,원/미국달러(매매기준율),원,731Y001,USD/KRW (KRW per USD),Saturday,weekend_observation
1972-06-03,397.1,731Y001,1,원/미국달러(매매기준율),원,731Y001,USD/KRW (KRW per USD),Saturday,weekend_observation
1972-06-10,397.8,731Y001,1,원/미국달러(매매기준율),원,731Y001,USD/KRW (KRW per USD),Saturday,weekend_observation
1972-06-17,399.3,731Y001,1,원/미국달러(매매기준율),원,731Y001,USD/KRW (KRW per USD),Saturday,weekend_observation
1972-06-24,399.7,731Y001,1,원/미국달러(매매기준율),원,731Y001,USD/KRW (KRW per USD),Saturday,weekend_observation
1972-07-01,399.4,731Y001,1,원/미국달러(매매기준율),원,731Y001,USD/KRW (KRW per USD),Saturday,weekend_observation
1972-07-08,399.3,731Y001,1,원/미국달러(매매기준율),원,731Y001,USD/KRW (KRW per USD),Saturday,weekend_observation
1972-07-15,399.5,731Y001,1,원/미국달러(매매기준율),원,731Y001,USD/KRW (KRW per USD),Saturday,weekend_observation
1972-07-22,399.4,731Y001,1,원/미국달러(매매기준율),원,731Y001,USD/KRW (KRW per USD),Saturday,weekend_observation
1972-07-29,399.3,731Y001,1,원/미국달러(매매기준율),원,731Y001,USD/KRW (KRW per USD),Saturday,weekend_observation
1972-08-05,399.1,731Y001,1,원/미국달러(매매기준율),원,731Y001,USD/KRW (KRW per USD),Saturday,weekend_observation
1972-08-12,399.2,731Y001,1,원/미국달러(매매기준율),원,731Y001,USD/KRW (KRW per USD),Saturday,weekend_observation
1972-08-19,399.2,731Y001,1,원/미국달러(매매기준율),원,731Y001,USD/KRW (KRW per USD),Saturday,weekend_observation
1972-08-26,399.0,731Y001,1,원/미국달러(매매기준율),원,731Y001,USD/KRW (KRW per USD),Saturday,weekend_observation
1972-09-02,398.9,731Y001,1,원/미국달러(매매기준율),원,731Y001,USD/KRW (KRW per USD),Saturday,weekend_observation
1972-09-09,398.8,731Y001,1,원/미국달러(매매기준율),원,731Y001,USD/KRW (KRW per USD),Saturday,weekend_observation
1972-09-16,398.8,731Y001,1,원/미국달러(매매기준율),원,731Y001,USD/KRW (KRW per USD),Saturday,weekend_observation
1972-09-23,398.6,731Y001,1,원/미국달러(매매기준율),원,731Y001,USD/KRW (KRW per USD),Saturday,weekend_observation
1972-09-30,398.7,731Y001,1,원/미국달러(매매기준율),원,731Y001,USD/KRW (KRW per USD),Saturday,weekend_observation
1972-10-07,398.5,731Y001,1,원/미국달러(매매기준율),원,731Y001,USD/KRW (KRW per USD),Saturday,weekend_observation
1972-10-14,398.5,731Y001,1,원/미국달러(매매기준율),원,731Y001,USD/KRW (KRW per USD),Saturday,weekend_observation
1972-10-21,398.6,731Y001,1,원/미국달러(매매기준율),원,731Y001,USD/KRW (KRW per USD),Saturday,weekend_observation
1972-10-28,398.7,731Y001,1,원/미국달러(매매기준율),원,731Y001,USD/KRW (KRW per USD),Saturday,weekend_observation
1972-11-04,398.5,731Y001,1,원/미국달러(매매기준율),원,731Y001,USD/KRW (KRW per USD),Saturday,weekend_observation
1972-11-11,398.6,731Y001,1,원/미국달러(매매기준율),원,731Y001,USD/KRW (KRW per USD),Saturday,weekend_observation
1972-11-18,398.7,731Y001,1,원/미국달러(매매기준율),원,731Y001,USD/KRW (KRW per USD),Saturday,weekend_observation
1972-11-25,398.7,731Y001,1,원/미국달러(매매기준율),원,731Y001,USD/KRW (KRW per USD),Saturday,weekend_observation
1972-12-02,398.8,731Y001,1,원/미국달러(매매기준율),원,731Y001,USD/KRW (KRW per USD),Saturday,weekend_observation
1972-12-09,398.8,731Y001,1,원/미국달러(매매기준율),원,731Y001,USD/KRW (KRW per USD),Saturday,weekend_observation
1972-12-16,398.9,731Y001,1,원/미국달러(매매기준율),원,731Y001,USD/KRW (KRW per USD),Saturday,weekend_observation
1972-12-23,398.9,731Y001,1,원/미국달러(매매기준율),원,731Y001,USD/KRW (KRW per USD),Saturday,weekend_observation
1972-12-30,398.9,731Y001,1,원/미국달러(매매기준율),원,731Y001,USD/KRW (KRW per USD),Saturday,weekend_observation
1973-01-06,398.8,731Y001,1,원/미국달러(매매기준율),원,731Y001,USD/KRW (KRW per USD),Saturday,weekend_observation
1973-01-13,398.8,731Y001,1,원/미국달러(매매기준율),원,731Y001,USD/KRW (KRW per USD),Saturday,weekend_observation
1973-01-20,398.9,731Y001,1,원/미국달러(매매기준율),원,731Y001,USD/KRW (KRW per USD),Saturday,weekend_observation
1973-01-27,398.9,731Y001,1,원/미국달러(매매기준율),원,731Y001,USD/KRW (KRW per USD),Saturday,weekend_observation
1973-02-03,398.9,731Y001,1,원/미국달러(매매기준율),원,731Y001,USD/KRW (KRW per USD),Saturday,weekend_observation
1973-02-10,398.9,731Y001,1,원/미국달러(매매기준율),원,731Y001,USD/KRW (KRW per USD),Saturday,weekend_observation
1973-02-17,398.9,731Y001,1,원/미국달러(매매기준율),원,731Y001,USD/KRW (KRW per USD),Saturday,weekend_observation
1973-02-24,398.9,731Y001,1,원/미국달러(매매기준율),원,731Y001,USD/KRW (KRW per USD),Saturday,weekend_observation
1973-03-03,398.9,731Y001,1,원/미국달러(매매기준율),원,731Y001,USD/KRW (KRW per USD),Saturday,weekend_observation
1973-03-17,398.9,731Y001,1,원/미국달러(매매기준율),원,731Y001,USD/KRW (KRW per USD),Saturday,weekend_observation
1973-03-24,398.9,731Y001,1,원/미국달러(매매기준율),원,731Y001,USD/KRW (KRW per USD),Saturday,weekend_observation
1973-03-31,398.9,731Y001,1,원/미국달러(매매기준율),원,731Y001,USD/KRW (KRW per USD),Saturday,weekend_observation
1973-04-07,398.8,731Y001,1,원/미국달러(매매기준율),원,731Y001,USD/KRW (KRW per USD),Saturday,weekend_observation
1973-04-14,398.9,731Y001,1,원/미국달러(매매기준율),원,731Y001,USD/KRW (KRW per USD),Saturday,weekend_observation
1973-04-21,399.0,731Y001,1,원/미국달러(매매기준율),원,731Y001,USD/KRW (KRW per USD),Saturday,weekend_observation
1973-04-28,399.0,731Y001,1,원/미국달러(매매기준율),원,731Y001,USD/KRW (KRW per USD),Saturday,weekend_observation
1973-05-05,398.9,731Y001,1,원/미국달러(매매기준율),원,731Y001,USD/KRW (KRW per USD),Saturday,weekend_observation
1973-05-12,398.9,731Y001,1,원/미국달러(매매기준율),원,731Y001,USD/KRW (KRW per USD),Saturday,weekend_observation
1973-05-19,398.9,731Y001,1,원/미국달러(매매기준율),원,731Y001,USD/KRW (KRW per USD),Saturday,weekend_observation
1973-05-26,398.9,731Y001,1,원/미국달러(매매기준율),원,731Y001,USD/KRW (KRW per USD),Saturday,weekend_observation
1973-06-02,398.8,731Y001,1,원/미국달러(매매기준율),원,731Y001,USD/KRW (KRW per USD),Saturday,weekend_observation
1973-06-09,398.8,731Y001,1,원/미국달러(매매기준율),원,731Y001,USD/KRW (KRW per USD),Saturday,weekend_observation
1973-06-16,398.9,731Y001,1,원/미국달러(매매기준율),원,731Y001,USD/KRW (KRW per USD),Saturday,weekend_observation
1973-06-23,398.9,731Y001,1,원/미국달러(매매기준율),원,731Y001,USD/KRW (KRW per USD),Saturday,weekend_observation
1973-06-30,398.9,731Y001,1,원/미국달러(매매기준율),원,731Y001,USD/KRW (KRW per USD),Saturday,weekend_observation
1973-07-07,398.7,731Y001,1,원/미국달러(매매기준율),원,731Y001,USD/KRW (KRW per USD),Saturday,weekend_observation
1973-07-14,398.7,731Y001,1,원/미국달러(매매기준율),원,731Y001,USD/KRW (KRW per USD),Saturday,weekend_observation
1973-07-21,398.7,731Y001,1,원/미국달러(매매기준율),원,731Y001,USD/KRW (KRW per USD),Saturday,weekend_observation
1973-07-28,398.7,731Y001,1,원/미국달러(매매기준율),원,731Y001,USD/KRW (KRW per USD),Saturday,weekend_observation
1973-08-04,398.5,731Y001,1,원/미국달러(매매기준율),원,731Y001,USD/KRW (KRW per USD),Saturday,weekend_observation
1973-08-11,398.6,731Y001,1,원/미국달러(매매기준율),원,731Y001,USD/KRW (KRW per USD),Saturday,weekend_observation
1973-08-18,398.8,731Y001,1,원/미국달러(매매기준율),원,731Y001,USD/KRW (KRW per USD),Saturday,weekend_observation
1973-08-25,398.5,731Y001,1,원/미국달러(매매기준율),원,731Y001,USD/KRW (KRW per USD),Saturday,weekend_observation
1973-09-01,398.2,731Y001,1,원/미국달러(매매기준율),원,731Y001,USD/KRW (KRW per USD),Saturday,weekend_observation
1973-09-08,397.9,731Y001,1,원/미국달러(매매기준율),원,731Y001,USD/KRW (KRW per USD),Saturday,weekend_observation
1973-09-15,397.9,731Y001,1,원/미국달러(매매기준율),원,731Y001,USD/KRW (KRW per USD),Saturday,weekend_observation
1973-09-22,397.6,731Y001,1,원/미국달러(매매기준율),원,731Y001,USD/KRW (KRW per USD),Saturday,weekend_observation
1973-09-29,397.7,731Y001,1,원/미국달러(매매기준율),원,731Y001,USD/KRW (KRW per USD),Saturday,weekend_observation
1973-10-06,397.4,731Y001,1,원/미국달러(매매기준율),원,731Y001,USD/KRW (KRW per USD),Saturday,weekend_observation
1973-10-13,397.3,731Y001,1,원/미국달러(매매기준율),원,731Y001,USD/KRW (KRW per USD),Saturday,weekend_observation
1973-10-20,397.1,731Y001,1,원/미국달러(매매기준율),원,731Y001,USD/KRW (KRW per USD),Saturday,weekend_observation
1973-10-27,397.1,731Y001,1,원/미국달러(매매기준율),원,731Y001,USD/KRW (KRW per USD),Saturday,weekend_observation
1973-11-03,397.0,731Y001,1,원/미국달러(매매기준율),원,731Y001,USD/KRW (KRW per USD),Saturday,weekend_observation
1973-11-10,397.1,731Y001,1,원/미국달러(매매기준율),원,731Y001,USD/KRW (KRW per USD),Saturday,weekend_observation
1973-11-17,397.0,731Y001,1,원/미국달러(매매기준율),원,731Y001,USD/KRW (KRW per USD),Saturday,weekend_observation
1973-11-24,397.0,731Y001,1,원/미국달러(매매기준율),원,731Y001,USD/KRW (KRW per USD),Saturday,weekend_observation
1973-12-01,396.9,731Y001,1,원/미국달러(매매기준율),원,731Y001,USD/KRW (KRW per USD),Saturday,weekend_observation
1973-12-08,396.9,731Y001,1,원/미국달러(매매기준율),원,731Y001,USD/KRW (KRW per USD),Saturday,weekend_observation
1973-12-15,397.1,731Y001,1,원/미국달러(매매기준율),원,731Y001,USD/KRW (KRW per USD),Saturday,weekend_observation
1973-12-22,397.4,731Y001,1,원/미국달러(매매기준율),원,731Y001,USD/KRW (KRW per USD),Saturday,weekend_observation
1973-12-29,397.4,731Y001,1,원/미국달러(매매기준율),원,731Y001,USD/KRW (KRW per USD),Saturday,weekend_observation
1974-01-05,397.5,731Y001,1,원/미국달러(매매기준율),원,731Y001,USD/KRW (KRW per USD),Saturday,weekend_observation
1974-01-12,397.5,731Y001,1,원/미국달러(매매기준율),원,731Y001,USD/KRW (KRW per USD),Saturday,weekend_observation
1974-01-19,397.8,731Y001,1,원/미국달러(매매기준율),원,731Y001,USD/KRW (KRW per USD),Saturday,weekend_observation
1974-01-26,398.1,731Y001,1,원/미국달러(매매기준율),원,731Y001,USD/KRW (KRW per USD),Saturday,weekend_observation
1974-02-02,398.2,731Y001,1,원/미국달러(매매기준율),원,731Y001,USD/KRW (KRW per USD),Saturday,weekend_observation
1974-02-09,398.2,731Y001,1,원/미국달러(매매기준율),원,731Y001,USD/KRW (KRW per USD),Saturday,weekend_observation
1974-02-16,398.3,731Y001,1,원/미국달러(매매기준율),원,731Y001,USD/KRW (KRW per USD),Saturday,weekend_observation
1974-02-23,398.4,731Y001,1,원/미국달러(매매기준율),원,731Y001,USD/KRW (KRW per USD),Saturday,weekend_observation
1974-03-02,398.5,731Y001,1,원/미국달러(매매기준율),원,731Y001,USD/KRW (KRW per USD),Saturday,weekend_observation
1974-03-09,398.5,731Y001,1,원/미국달러(매매기준율),원,731Y001,USD/KRW (KRW per USD),Saturday,weekend_observation
1974-03-16,398.6,731Y001,1,원/미국달러(매매기준율),원,731Y001,USD/KRW (KRW per USD),Saturday,weekend_observation
1974-03-23,398.8,731Y001,1,원/미국달러(매매기준율),원,731Y001,USD/KRW (KRW per USD),Saturday,weekend_observation
1974-03-30,398.9,731Y001,1,원/미국달러(매매기준율),원,731Y001,USD/KRW (KRW per USD),Saturday,weekend_observation
1974-04-06,398.9,731Y001,1,원/미국달러(매매기준율),원,731Y001,USD/KRW (KRW per USD),Saturday,weekend_observation
1974-04-13,398.9,731Y001,1,원/미국달러(매매기준율),원,731Y001,USD/KRW (KRW per USD),Saturday,weekend_observation
1974-04-20,399.0,731Y001,1,원/미국달러(매매기준율),원,731Y001,USD/KRW (KRW per USD),Saturday,weekend_observation
1974-04-27,399.0,731Y001,1,원/미국달러(매매기준율),원,731Y001,USD/KRW (KRW per USD),Saturday,weekend_observation
1974-05-04,399.0,731Y001,1,원/미국달러(매매기준율),원,731Y001,USD/KRW (KRW per USD),Saturday,weekend_observation
1974-05-11,399.0,731Y001,1,원/미국달러(매매기준율),원,731Y001,USD/KRW (KRW per USD),Saturday,weekend_observation
1974-05-18,399.0,731Y001,1,원/미국달러(매매기준율),원,731Y001,USD/KRW (KRW per USD),Saturday,weekend_observation
1974-05-25,399.0,731Y001,1,원/미국달러(매매기준율),원,731Y001,USD/KRW (KRW per USD),Saturday,weekend_observation
1974-06-01,399.0,731Y001,1,원/미국달러(매매기준율),원,731Y001,USD/KRW (KRW per USD),Saturday,weekend_observation
1974-06-08,399.0,731Y001,1,원/미국달러(매매기준율),원,731Y001,USD/KRW (KRW per USD),Saturday,weekend_observation
1974-06-15,399.0,731Y001,1,원/미국달러(매매기준율),원,731Y001,USD/KRW (KRW per USD),Saturday,weekend_observation
1974-06-29,399.0,731Y001,1,원/미국달러(매매기준율),원,731Y001,USD/KRW (KRW per USD),Saturday,weekend_observation
1974-07-06,399.0,731Y001,1,원/미국달러(매매기준율),원,731Y001,USD/KRW (KRW per USD),Saturday,weekend_observation
1974-07-13,399.0,731Y001,1,원/미국달러(매매기준율),원,731Y001,USD/KRW (KRW per USD),Saturday,weekend_observation
1974-07-20,399.0,731Y001,1,원/미국달러(매매기준율),원,731Y001,USD/KRW (KRW per USD),Saturday,weekend_observation
1974-07-27,399.0,731Y001,1,원/미국달러(매매기준율),원,731Y001,USD/KRW (KRW per USD),Saturday,weekend_observation
1974-08-03,399.0,731Y001,1,원/미국달러(매매기준율),원,731Y001,USD/KRW (KRW per USD),Saturday,weekend_observation
1974-08-10,399.0,731Y001,1,원/미국달러(매매기준율),원,731Y001,USD/KRW (KRW per USD),Saturday,weekend_observation
1974-08-17,399.0,731Y001,1,원/미국달러(매매기준율),원,731Y001,USD/KRW (KRW per USD),Saturday,weekend_observation
1974-08-24,399.0,731Y001,1,원/미국달러(매매기준율),원,731Y001,USD/KRW (KRW per USD),Saturday,weekend_observation
1974-08-31,399.0,731Y001,1,원/미국달러(매매기준율),원,731Y001,USD/KRW (KRW per USD),Saturday,weekend_observation
1974-09-07,399.0,731Y001,1,원/미국달러(매매기준율),원,731Y001,USD/KRW (KRW per USD),Saturday,weekend_observation
1974-09-14,399.0,731Y001,1,원/미국달러(매매기준율),원,731Y001,USD/KRW (KRW per USD),Saturday,weekend_observation
1974-09-21,399.0,731Y001,1,원/미국달러(매매기준율),원,731Y001,USD/KRW (KRW per USD),Saturday,weekend_observation
1974-09-28,399.0,731Y001,1,원/미국달러(매매기준율),원,731Y001,USD/KRW (KRW per USD),Saturday,weekend_observation
1974-10-05,399.0,731Y001,1,원/미국달러(매매기준율),원,731Y001,USD/KRW (KRW per USD),Saturday,weekend_observation
1974-10-12,399.0,731Y001,1,원/미국달러(매매기준율),원,731Y001,USD/KRW (KRW per USD),Saturday,weekend_observation
1974-10-19,399.0,731Y001,1,원/미국달러(매매기준율),원,731Y001,USD/KRW (KRW per USD),Saturday,weekend_observation
1974-10-26,399.0,731Y001,1,원/미국달러(매매기준율),원,731Y001,USD/KRW (KRW per USD),Saturday,weekend_observation
1974-11-02,399.0,731Y001,1,원/미국달러(매매기준율),원,731Y001,USD/KRW (KRW per USD),Saturday,weekend_observation
1974-11-09,399.0,731Y001,1,원/미국달러(매매기준율),원,731Y001,USD/KRW (KRW per USD),Saturday,weekend_observation
1974-11-16,399.0,731Y001,1,원/미국달러(매매기준율),원,731Y001,USD/KRW (KRW per USD),Saturday,weekend_observation
1974-11-23,399.0,731Y001,1,원/미국달러(매매기준율),원,731Y001,USD/KRW (KRW per USD),Saturday,weekend_observation
1974-11-30,399.0,731Y001,1,원/미국달러(매매기준율),원,731Y001,USD/KRW (KRW per USD),Saturday,weekend_observation
1974-12-07,484.0,731Y001,1,원/미국달러(매매기준율),원,731Y001,USD/KRW (KRW per USD),Saturday,weekend_observation
1974-12-14,484.0,731Y001,1,원/미국달러(매매기준율),원,731Y001,USD/KRW (KRW per USD),Saturday,weekend_observation
1974-12-21,484.0,731Y001,1,원/미국달러(매매기준율),원,731Y001,USD/KRW (KRW per USD),Saturday,weekend_observation
1974-12-28,484.0,731Y001,1,원/미국달러(매매기준율),원,731Y001,USD/KRW (KRW per USD),Saturday,weekend_observation
1975-01-04,484.0,731Y001,1,원/미국달러(매매기준율),원,731Y001,USD/KRW (KRW per USD),Saturday,weekend_observation
1975-01-11,484.0,731Y001,1,원/미국달러(매매기준율),원,731Y001,USD/KRW (KRW per USD),Saturday,weekend_observation
1975-01-18,484.0,731Y001,1,원/미국달러(매매기준율),원,731Y001,USD/KRW (KRW per USD),Saturday,weekend_observation
1975-01-25,484.0,731Y001,1,원/미국달러(매매기준율),원,731Y001,USD/KRW (KRW per USD),Saturday,weekend_observation
1975-02-01,484.0,731Y001,1,원/미국달러(매매기준율),원,731Y001,USD/KRW (KRW per USD),Saturday,weekend_observation
1975-02-08,484.0,731Y001,1,원/미국달러(매매기준율),원,731Y001,USD/KRW (KRW per USD),Saturday,weekend_observation
1975-02-15,484.0,731Y001,1,원/미국달러(매매기준율),원,731Y001,USD/KRW (KRW per USD),Saturday,weekend_observation
1975-02-22,484.0,731Y001,1,원/미국달러(매매기준율),원,731Y001,USD/KRW (KRW per USD),Saturday,weekend_observation
1975-03-08,484.0,731Y001,1,원/미국달러(매매기준율),원,731Y001,USD/KRW (KRW per USD),Saturday,weekend_observation
1975-03-15,484.0,731Y001,1,원/미국달러(매매기준율),원,731Y001,USD/KRW (KRW per USD),Saturday,weekend_observation
1975-03-22,484.0,731Y001,1,원/미국달러(매매기준율),원,731Y001,USD/KRW (KRW per USD),Saturday,weekend_observation
1975-03-29,484.0,731Y001,1,원/미국달러(매매기준율),원,731Y001,USD/KRW (KRW per USD),Saturday,weekend_observation
1975-04-12,484.0,731Y001,1,원/미국달러(매매기준율),원,731Y001,USD/KRW (KRW per USD),Saturday,weekend_observation
1975-04-19,484.0,731Y001,1,원/미국달러(매매기준율),원,731Y001,USD/KRW (KRW per USD),Saturday,weekend_observation
1975-04-26,484.0,731Y001,1,원/미국달러(매매기준율),원,731Y001,USD/KRW (KRW per USD),Saturday,weekend_observation
1975-05-03,484.0,731Y001,1,원/미국달러(매매기준율),원,731Y001,USD/KRW (KRW per USD),Saturday,weekend_observation
1975-05-10,484.0,731Y001,1,원/미국달러(매매기준율),원,731Y001,USD/KRW (KRW per USD),Saturday,weekend_observation
1975-05-17,484.0,731Y001,1,원/미국달러(매매기준율),원,731Y001,USD/KRW (KRW per USD),Saturday,weekend_observation
1975-05-24,484.0,731Y001,1,원/미국달러(매매기준율),원,731Y001,USD/KRW (KRW per USD),Saturday,weekend_observation
1975-05-31,484.0,731Y001,1,원/미국달러(매매기준율),원,731Y001,USD/KRW (KRW per USD),Saturday,weekend_observation
1975-06-07,484.0,731Y001,1,원/미국달러(매매기준율),원,731Y001,USD/KRW (KRW per USD),Saturday,weekend_observation
1975-06-14,484.0,731Y001,1,원/미국달러(매매기준율),원,731Y001,USD/KRW (KRW per USD),Saturday,weekend_observation
1975-06-21,484.0,731Y001,1,원/미국달러(매매기준율),원,731Y001,USD/KRW (KRW per USD),Saturday,weekend_observation
1975-06-28,484.0,731Y001,1,원/미국달러(매매기준율),원,731Y001,USD/KRW (KRW per USD),Saturday,weekend_observation
1975-07-05,484.0,731Y001,1,원/미국달러(매매기준율),원,731Y001,USD/KRW (KRW per USD),Saturday,weekend_observation
1975-07-12,484.0,731Y001,1,원/미국달러(매매기준율),원,731Y001,USD/KRW (KRW per USD),Saturday,weekend_observation
1975-07-19,484.0,731Y001,1,원/미국달러(매매기준율),원,731Y001,USD/KRW (KRW per USD),Saturday,weekend_observation
1975-07-26,484.0,731Y001,1,원/미국달러(매매기준율),원,731Y001,USD/KRW (KRW per USD),Saturday,weekend_observation
1975-08-02,484.0,731Y001,1,원/미국달러(매매기준율),원,731Y001,USD/KRW (KRW per USD),Saturday,weekend_observation
1975-08-09,484.0,731Y001,1,원/미국달러(매매기준율),원,731Y001,USD/KRW (KRW per USD),Saturday,weekend_observation
1975-08-16,484.0,731Y001,1,원/미국달러(매매기준율),원,731Y001,USD/KRW (KRW per USD),Saturday,weekend_observation
1975-08-23,484.0,731Y001,1,원/미국달러(매매기준율),원,731Y001,USD/KRW (KRW per USD),Saturday,weekend_observation
1975-08-30,484.0,731Y001,1,원/미국달러(매매기준율),원,731Y001,USD/KRW (KRW per USD),Saturday,weekend_observation
1975-09-06,484.0,731Y001,1,원/미국달러(매매기준율),원,731Y001,USD/KRW (KRW per USD),Saturday,weekend_observation
1975-09-13,484.0,731Y001,1,원/미국달러(매매기준율),원,731Y001,USD/KRW (KRW per USD),Saturday,weekend_observation
1975-09-27,484.0,731Y001,1,원/미국달러(매매기준율),원,731Y001,USD/KRW (KRW per USD),Saturday,weekend_observation
1975-10-04,484.0,731Y001,1,원/미국달러(매매기준율),원,731Y001,USD/KRW (KRW per USD),Saturday,weekend_observation
1975-10-11,484.0,731Y001,1,원/미국달러(매매기준율),원,731Y001,USD/KRW (KRW per USD),Saturday,weekend_observation
1975-10-18,484.0,731Y001,1,원/미국달러(매매기준율),원,731Y001,USD/KRW (KRW per USD),Saturday,weekend_observation
1975-10-25,484.0,731Y001,1,원/미국달러(매매기준율),원,731Y001,USD/KRW (KRW per USD),Saturday,weekend_observation
1975-11-01,484.0,731Y001,1,원/미국달러(매매기준율),원,731Y001,USD/KRW (KRW per USD),Saturday,weekend_observation
1975-11-08,484.0,731Y001,1,원/미국달러(매매기준율),원,731Y001,USD/KRW (KRW per USD),Saturday,weekend_observation
1975-11-15,484.0,731Y001,1,원/미국달러(매매기준율),원,731Y001,USD/KRW (KRW per USD),Saturday,weekend_observation
1975-11-22,484.0,731Y001,1,원/미국달러(매매기준율),원,731Y001,USD/KRW (KRW per USD),Saturday,weekend_observation
1975-11-29,484.0,731Y001,1,원/미국달러(매매기준율),원,731Y001,USD/KRW (KRW per USD),Saturday,weekend_observation
1975-12-06,484.0,731Y001,1,원/미국달러(매매기준율),원,731Y001,USD/KRW (KRW per USD),Saturday,weekend_observation
1975-12-13,484.0,731Y001,1,원/미국달러(매매기준율),원,731Y001,USD/KRW (KRW per USD),Saturday,weekend_observation
1975-12-20,484.0,731Y001,1,원/미국달러(매매기준율),원,731Y001,USD/KRW (KRW per USD),Saturday,weekend_observation
1975-12-27,484.0,731Y001,1,원/미국달러(매매기준율),원,731Y001,USD/KRW (KRW per USD),Saturday,weekend_observation
1976-01-10,484.0,731Y001,1,원/미국달러(매매기준율),원,731Y001,USD/KRW (KRW per USD),Saturday,weekend_observation
1976-01-17,484.0,731Y001,1,원/미국달러(매매기준율),원,731Y001,USD/KRW (KRW per USD),Saturday,weekend_observation
1976-01-24,484.0,731Y001,1,원/미국달러(매매기준율),원,731Y001,USD/KRW (KRW per USD),Saturday,weekend_observation
1976-01-31,484.0,731Y001,1,원/미국달러(매매기준율),원,731Y001,USD/KRW (KRW per USD),Saturday,weekend_observation
1976-02-07,484.0,731Y001,1,원/미국달러(매매기준율),원,731Y001,USD/KRW (KRW per USD),Saturday,weekend_observation
1976-02-14,484.0,731Y001,1,원/미국달러(매매기준율),원,731Y001,USD/KRW (KRW per USD),Saturday,weekend_observation
1976-02-21,484.0,731Y001,1,원/미국달러(매매기준율),원,731Y001,USD/KRW (KRW per USD),Saturday,weekend_observation
1976-02-28,484.0,731Y001,1,원/미국달러(매매기준율),원,731Y001,USD/KRW (KRW per USD),Saturday,weekend_observation
1976-03-06,484.0,731Y001,1,원/미국달러(매매기준율),원,731Y001,USD/KRW (KRW per USD),Saturday,weekend_observation
1976-03-13,484.0,731Y001,1,원/미국달러(매매기준율),원,731Y001,USD/KRW (KRW per USD),Saturday,weekend_observation
1976-03-20,484.0,731Y001,1,원/미국달러(매매기준율),원,731Y001,USD/KRW (KRW per USD),Saturday,weekend_observation
1976-03-27,484.0,731Y001,1,원/미국달러(매매기준율),원,731Y001,USD/KRW (KRW per USD),Saturday,weekend_observation
1976-04-03,484.0,731Y001,1,원/미국달러(매매기준율),원,731Y001,USD/KRW (KRW per USD),Saturday,weekend_observation
1976-04-10,484.0,731Y001,1,원/미국달러(매매기준율),원,731Y001,USD/KRW (KRW per USD),Saturday,weekend_observation
1976-04-17,484.0,731Y001,1,원/미국달러(매매기준율),원,731Y001,USD/KRW (KRW per USD),Saturday,weekend_observation
1976-04-24,484.0,731Y001,1,원/미국달러(매매기준율),원,731Y001,USD/KRW (KRW per USD),Saturday,weekend_observation
1976-05-01,484.0,731Y001,1,원/미국달러(매매기준율),원,731Y001,USD/KRW (KRW per USD),Saturday,weekend_observation
1976-05-08,484.0,731Y001,1,원/미국달러(매매기준율),원,731Y001,USD/KRW (KRW per USD),Saturday,weekend_observation
1976-05-15,484.0,731Y001,1,원/미국달러(매매기준율),원,731Y001,USD/KRW (KRW per USD),Saturday,weekend_observation
1976-05-22,484.0,731Y001,1,원/미국달러(매매기준율),원,731Y001,USD/KRW (KRW per USD),Saturday,weekend_observation
1976-05-29,484.0,731Y001,1,원/미국달러(매매기준율),원,731Y001,USD/KRW (KRW per USD),Saturday,weekend_observation
1976-06-05,484.0,731Y001,1,원/미국달러(매매기준율),원,731Y001,USD/KRW (KRW per USD),Saturday,weekend_observation
1976-06-12,484.0,731Y001,1,원/미국달러(매매기준율),원,731Y001,USD/KRW (KRW per USD),Saturday,weekend_observation
1976-06-19,484.0,731Y001,1,원/미국달러(매매기준율),원,731Y001,USD/KRW (KRW per USD),Saturday,weekend_observation
1976-06-26,484.0,731Y001,1,원/미국달러(매매기준율),원,731Y001,USD/KRW (KRW per USD),Saturday,weekend_observation
1976-07-03,484.0,731Y001,1,원/미국달러(매매기준율),원,731Y001,USD/KRW (KRW per USD),Saturday,weekend_observation
1976-07-10,484.0,731Y001,1,원/미국달러(매매기준율),원,731Y001,USD/KRW (KRW per USD),Saturday,weekend_observation
1976-07-24,484.0,731Y001,1,원/미국달러(매매기준율),원,731Y001,USD/KRW (KRW per USD),Saturday,weekend_observation
1976-07-31,484.0,731Y001,1,원/미국달러(매매기준율),원,731Y001,USD/KRW (KRW per USD),Saturday,weekend_observation
1976-08-07,484.0,731Y001,1,원/미국달러(매매기준율),원,731Y001,USD/KRW (KRW per USD),Saturday,weekend_observation
1976-08-14,484.0,731Y001,1,원/미국달러(매매기준율),원,731Y001,USD/KRW (KRW per USD),Saturday,weekend_observation
1976-08-21,484.0,731Y001,1,원/미국달러(매매기준율),원,731Y001,USD/KRW (KRW per USD),Saturday,weekend_observation
1976-08-28,484.0,731Y001,1,원/미국달러(매매기준율),원,731Y001,USD/KRW (KRW per USD),Saturday,weekend_observation
1976-09-04,484.0,731Y001,1,원/미국달러(매매기준율),원,731Y001,USD/KRW (KRW per USD),Saturday,weekend_observation
1976-09-11,484.0,731Y001,1,원/미국달러(매매기준율),원,731Y001,USD/KRW (KRW per USD),Saturday,weekend_observation
1976-09-18,484.0,731Y001,1,원/미국달러(매매기준율),원,731Y001,USD/KRW (KRW per USD),Saturday,weekend_observation
1976-09-25,484.0,731Y001,1,원/미국달러(매매기준율),원,731Y001,USD/KRW (KRW per USD),Saturday,weekend_observation
1976-10-02,484.0,731Y001,1,원/미국달러(매매기준율),원,731Y001,USD/KRW (KRW per USD),Saturday,weekend_observation
1976-10-16,484.0,731Y001,1,원/미국달러(매매기준율),원,731Y001,USD/KRW (KRW per USD),Saturday,weekend_observation
1976-10-23,484.0,731Y001,1,원/미국달러(매매기준율),원,731Y001,USD/KRW (KRW per USD),Saturday,weekend_observation
1976-10-30,484.0,731Y001,1,원/미국달러(매매기준율),원,731Y001,USD/KRW (KRW per USD),Saturday,weekend_observation
1976-11-06,484.0,731Y001,1,원/미국달러(매매기준율),원,731Y001,USD/KRW (KRW per USD),Saturday,weekend_observation
1976-11-13,484.0,731Y001,1,원/미국달러(매매기준율),원,731Y001,USD/KRW (KRW per USD),Saturday,weekend_observation
1976-11-20,484.0,731Y001,1,원/미국달러(매매기준율),원,731Y001,USD/KRW (KRW per USD),Saturday,weekend_observation
1976-11-27,484.0,731Y001,1,원/미국달러(매매기준율),원,731Y001,USD/KRW (KRW per USD),Saturday,weekend_observation
1976-12-04,484.0,731Y001,1,원/미국달러(매매기준율),원,731Y001,USD/KRW (KRW per USD),Saturday,weekend_observation
1976-12-11,484.0,731Y001,1,원/미국달러(매매기준율),원,731Y001,USD/KRW (KRW per USD),Saturday,weekend_observation
1976-12-18,484.0,731Y001,1,원/미국달러(매매기준율),원,731Y001,USD/KRW (KRW per USD),Saturday,weekend_observation
1977-01-08,484.0,731Y001,1,원/미국달러(매매기준율),원,731Y001,USD/KRW (KRW per USD),Saturday,weekend_observation
1977-01-15,484.0,731Y001,1,원/미국달러(매매기준율),원,731Y001,USD/KRW (KRW per USD),Saturday,weekend_observation
1977-01-22,484.0,731Y001,1,원/미국달러(매매기준율),원,731Y001,USD/KRW (KRW per USD),Saturday,weekend_observation
1977-01-29,484.0,731Y001,1,원/미국달러(매매기준율),원,731Y001,USD/KRW (KRW per USD),Saturday,weekend_observation
1977-02-05,484.0,731Y001,1,원/미국달러(매매기준율),원,731Y001,USD/KRW (KRW per USD),Saturday,weekend_observation
1977-02-12,484.0,731Y001,1,원/미국달러(매매기준율),원,731Y001,USD/KRW (KRW per USD),Saturday,weekend_observation
1977-02-19,484.0,731Y001,1,원/미국달러(매매기준율),원,731Y001,USD/KRW (KRW per USD),Saturday,weekend_observation
1977-02-26,484.0,731Y001,1,원/미국달러(매매기준율),원,731Y001,USD/KRW (KRW per USD),Saturday,weekend_observation
1977-03-05,484.0,731Y001,1,원/미국달러(매매기준율),원,731Y001,USD/KRW (KRW per USD),Saturday,weekend_observation
1977-03-12,484.0,731Y001,1,원/미국달러(매매기준율),원,731Y001,USD/KRW (KRW per USD),Saturday,weekend_observation
1977-03-19,484.0,731Y001,1,원/미국달러(매매기준율),원,731Y001,USD/KRW (KRW per USD),Saturday,weekend_observation
1977-03-26,484.0,731Y001,1,원/미국달러(매매기준율),원,731Y001,USD/KRW (KRW per USD),Saturday,weekend_observation
1977-04-02,484.0,731Y001,1,원/미국달러(매매기준율),원,731Y001,USD/KRW (KRW per USD),Saturday,weekend_observation
1977-04-09,484.0,731Y001,1,원/미국달러(매매기준율),원,731Y001,USD/KRW (KRW per USD),Saturday,weekend_observation
1977-04-16,484.0,731Y001,1,원/미국달러(매매기준율),원,731Y001,USD/KRW (KRW per USD),Saturday,weekend_observation
1977-04-23,484.0,731Y001,1,원/미국달러(매매기준율),원,731Y001,USD/KRW (KRW per USD),Saturday,weekend_observation
1977-04-30,484.0,731Y001,1,원/미국달러(매매기준율),원,731Y001,USD/KRW (KRW per USD),Saturday,weekend_observation
1977-05-07,484.0,731Y001,1,원/미국달러(매매기준율),원,731Y001,USD/KRW (KRW per USD),Saturday,weekend_observation
1977-05-14,484.0,731Y001,1,원/미국달러(매매기준율),원,731Y001,USD/KRW (KRW per USD),Saturday,weekend_observation
1977-05-21,484.0,731Y001,1,원/미국달러(매매기준율),원,731Y001,USD/KRW (KRW per USD),Saturday,weekend_observation
1977-05-28,484.0,731Y001,1,원/미국달러(매매기준율),원,731Y001,USD/KRW (KRW per USD),Saturday,weekend_observation
1977-06-11,484.0,731Y001,1,원/미국달러(매매기준율),원,731Y001,USD/KRW (KRW per USD),Saturday,weekend_observation
1977-06-18,484.0,731Y001,1,원/미국달러(매매기준율),원,731Y001,USD/KRW (KRW per USD),Saturday,weekend_observation
1977-06-25,484.0,731Y001,1,원/미국달러(매매기준율),원,731Y001,USD/KRW (KRW per USD),Saturday,weekend_observation
1977-07-02,484.0,731Y001,1,원/미국달러(매매기준율),원,731Y001,USD/KRW (KRW per USD),Saturday,weekend_observation
1977-07-09,484.0,731Y001,1,원/미국달러(매매기준율),원,731Y001,USD/KRW (KRW per USD),Saturday,weekend_observation
1977-07-30,484.0,731Y001,1,원/미국달러(매매기준율),원,731Y001,USD/KRW (KRW per USD),Saturday,weekend_observation
1977-08-06,484.0,731Y001,1,원/미국달러(매매기준율),원,731Y001,USD/KRW (KRW per USD),Saturday,weekend_observation
1977-08-13,484.0,731Y001,1,원/미국달러(매매기준율),원,731Y001,USD/KRW (KRW per USD),Saturday,weekend_observation
1977-08-27,484.0,731Y001,1,원/미국달러(매매기준율),원,731Y001,USD/KRW (KRW per USD),Saturday,weekend_observation
1977-09-03,484.0,731Y001,1,원/미국달러(매매기준율),원,731Y001,USD/KRW (KRW per USD),Saturday,weekend_observation
1977-09-10,484.0,731Y001,1,원/미국달러(매매기준율),원,731Y001,USD/KRW (KRW per USD),Saturday,weekend_observation
1977-09-17,484.0,731Y001,1,원/미국달러(매매기준율),원,731Y001,USD/KRW (KRW per USD),Saturday,weekend_observation
1977-09-24,484.0,731Y001,1,원/미국달러(매매기준율),원,731Y001,USD/KRW (KRW per USD),Saturday,weekend_observation
1977-10-08,484.0,731Y001,1,원/미국달러(매매기준율),원,731Y001,USD/KRW (KRW per USD),Saturday,weekend_observation
1977-10-15,484.0,731Y001,1,원/미국달러(매매기준율),원,731Y001,USD/KRW (KRW per USD),Saturday,weekend_observation
1977-10-22,484.0,731Y001,1,원/미국달러(매매기준율),원,731Y001,USD/KRW (KRW per USD),Saturday,weekend_observation
1977-11-05,484.0,731Y001,1,원/미국달러(매매기준율),원,731Y001,USD/KRW (KRW per USD),Saturday,weekend_observation
1977-11-12,484.0,731Y001,1,원/미국달러(매매기준율),원,731Y001,USD/KRW (KRW per USD),Saturday,weekend_observation
1977-11-19,484.0,731Y001,1,원/미국달러(매매기준율),원,731Y001,USD/KRW (KRW per USD),Saturday,weekend_observation
1977-11-26,484.0,731Y001,1,원/미국달러(매매기준율),원,731Y001,USD/KRW (KRW per USD),Saturday,weekend_observation
1977-12-03,484.0,731Y001,1,원/미국달러(매매기준율),원,731Y001,USD/KRW (KRW per USD),Saturday,weekend_observation
1977-12-10,484.0,731Y001,1,원/미국달러(매매기준율),원,731Y001,USD/KRW (KRW per USD),Saturday,weekend_observation
1977-12-17,484.0,731Y001,1,원/미국달러(매매기준율),원,731Y001,USD/KRW (KRW per USD),Saturday,weekend_observation
1977-12-24,484.0,731Y001,1,원/미국달러(매매기준율),원,731Y001,USD/KRW (KRW per USD),Saturday,weekend_observation
1977-12-31,484.0,731Y001,1,원/미국달러(매매기준율),원,731Y001,USD/KRW (KRW per USD),Saturday,weekend_observation
1978-01-07,484.0,731Y001,1,원/미국달러(매매기준율),원,731Y001,USD/KRW (KRW per USD),Saturday,weekend_observation
1978-01-14,484.0,731Y001,1,원/미국달러(매매기준율),원,731Y001,USD/KRW (KRW per USD),Saturday,weekend_observation
1978-01-21,484.0,731Y001,1,원/미국달러(매매기준율),원,731Y001,USD/KRW (KRW per USD),Saturday,weekend_observation
1978-01-28,484.0,731Y001,1,원/미국달러(매매기준율),원,731Y001,USD/KRW (KRW per USD),Saturday,weekend_observation
1978-02-04,484.0,731Y001,1,원/미국달러(매매기준율),원,731Y001,USD/KRW (KRW per USD),Saturday,weekend_observation
1978-02-11,484.0,731Y001,1,원/미국달러(매매기준율),원,731Y001,USD/KRW (KRW per USD),Saturday,weekend_observation
1978-02-18,484.0,731Y001,1,원/미국달러(매매기준율),원,731Y001,USD/KRW (KRW per USD),Saturday,weekend_observation
1978-02-25,484.0,731Y001,1,원/미국달러(매매기준율),원,731Y001,USD/KRW (KRW per USD),Saturday,weekend_observation
1978-03-11,484.0,731Y001,1,원/미국달러(매매기준율),원,731Y001,USD/KRW (KRW per USD),Saturday,weekend_observation
1978-03-18,484.0,731Y001,1,원/미국달러(매매기준율),원,731Y001,USD/KRW (KRW per USD),Saturday,weekend_observation
1978-03-25,484.0,731Y001,1,원/미국달러(매매기준율),원,731Y001,USD/KRW (KRW per USD),Saturday,weekend_observation
1978-04-01,484.0,731Y001,1,원/미국달러(매매기준율),원,731Y001,USD/KRW (KRW per USD),Saturday,weekend_observation
1978-04-08,484.0,731Y001,1,원/미국달러(매매기준율),원,731Y001,USD/KRW (KRW per USD),Saturday,weekend_observation
1978-04-15,484.0,731Y001,1,원/미국달러(매매기준율),원,731Y001,USD/KRW (KRW per USD),Saturday,weekend_observation
1978-04-29,484.0,731Y001,1,원/미국달러(매매기준율),원,731Y001,USD/KRW (KRW per USD),Saturday,weekend_observation
1978-05-06,484.0,731Y001,1,원/미국달러(매매기준율),원,731Y001,USD/KRW (KRW per USD),Saturday,weekend_observation
1978-05-13,484.0,731Y001,1,원/미국달러(매매기준율),원,731Y001,USD/KRW (KRW per USD),Saturday,weekend_observation
1978-05-20,484.0,731Y001,1,원/미국달러(매매기준율),원,731Y001,USD/KRW (KRW per USD),Saturday,weekend_observation
1978-05-27,484.0,731Y001,1,원/미국달러(매매기준율),원,731Y001,USD/KRW (KRW per USD),Saturday,weekend_observation
1978-06-03,484.0,731Y001,1,원/미국달러(매매기준율),원,731Y001,USD/KRW (KRW per USD),Saturday,weekend_observation
1978-06-10,484.0,731Y001,1,원/미국달러(매매기준율),원,731Y001,USD/KRW (KRW per USD),Saturday,weekend_observation
1978-06-17,484.0,731Y001,1,원/미국달러(매매기준율),원,731Y001,USD/KRW (KRW per USD),Saturday,weekend_observation
1978-06-24,484.0,731Y001,1,원/미국달러(매매기준율),원,731Y001,USD/KRW (KRW per USD),Saturday,weekend_observation
1978-07-01,484.0,731Y001,1,원/미국달러(매매기준율),원,731Y001,USD/KRW (KRW per USD),Saturday,weekend_observation
1978-07-08,484.0,731Y001,1,원/미국달러(매매기준율),원,731Y001,USD/KRW (KRW per USD),Saturday,weekend_observation
1978-07-15,484.0,731Y001,1,원/미국달러(매매기준율),원,731Y001,USD/KRW (KRW per USD),Saturday,weekend_observation
1978-07-22,484.0,731Y001,1,원/미국달러(매매기준율),원,731Y001,USD/KRW (KRW per USD),Saturday,weekend_observation
1978-07-29,484.0,731Y001,1,원/미국달러(매매기준율),원,731Y001,USD/KRW (KRW per USD),Saturday,weekend_observation
1978-08-05,484.0,731Y001,1,원/미국달러(매매기준율),원,731Y001,USD/KRW (KRW per USD),Saturday,weekend_observation
1978-08-12,484.0,731Y001,1,원/미국달러(매매기준율),원,731Y001,USD/KRW (KRW per USD),Saturday,weekend_observation
1978-08-19,484.0,731Y001,1,원/미국달러(매매기준율),원,731Y001,USD/KRW (KRW per USD),Saturday,weekend_observation
1978-08-26,484.0,731Y001,1,원/미국달러(매매기준율),원,731Y001,USD/KRW (KRW per USD),Saturday,weekend_observation
1978-09-02,484.0,731Y001,1,원/미국달러(매매기준율),원,731Y001,USD/KRW (KRW per USD),Saturday,weekend_observation
1978-09-09,484.0,731Y001,1,원/미국달러(매매기준율),원,731Y001,USD/KRW (KRW per USD),Saturday,weekend_observation
1978-09-16,484.0,731Y001,1,원/미국달러(매매기준율),원,731Y001,USD/KRW (KRW per USD),Saturday,weekend_observation
1978-09-23,484.0,731Y001,1,원/미국달러(매매기준율),원,731Y001,USD/KRW (KRW per USD),Saturday,weekend_observation
1978-09-30,484.0,731Y001,1,원/미국달러(매매기준율),원,731Y001,USD/KRW (KRW per USD),Saturday,weekend_observation
1978-10-07,484.0,731Y001,1,원/미국달러(매매기준율),원,731Y001,USD/KRW (KRW per USD),Saturday,weekend_observation
1978-10-14,484.0,731Y001,1,원/미국달러(매매기준율),원,731Y001,USD/KRW (KRW per USD),Saturday,weekend_observation
1978-10-21,484.0,731Y001,1,원/미국달러(매매기준율),원,731Y001,USD/KRW (KRW per USD),Saturday,weekend_observation
1978-10-28,484.0,731Y001,1,원/미국달러(매매기준율),원,731Y001,USD/KRW (KRW per USD),Saturday,weekend_observation
1978-11-04,484.0,731Y001,1,원/미국달러(매매기준율),원,731Y001,USD/KRW (KRW per USD),Saturday,weekend_observation
1978-11-11,484.0,731Y001,1,원/미국달러(매매기준율),원,731Y001,USD/KRW (KRW per USD),Saturday,weekend_observation
1978-11-18,484.0,731Y001,1,원/미국달러(매매기준율),원,731Y001,USD/KRW (KRW per USD),Saturday,weekend_observation
1978-11-25,484.0,731Y001,1,원/미국달러(매매기준율),원,731Y001,USD/KRW (KRW per USD),Saturday,weekend_observation
1978-12-02,484.0,731Y001,1,원/미국달러(매매기준율),원,731Y001,USD/KRW (KRW per USD),Saturday,weekend_observation
1978-12-09,484.0,731Y001,1,원/미국달러(매매기준율),원,731Y001,USD/KRW (KRW per USD),Saturday,weekend_observation
1978-12-16,484.0,731Y001,1,원/미국달러(매매기준율),원,731Y001,USD/KRW (KRW per USD),Saturday,weekend_observation
1978-12-23,484.0,731Y001,1,원/미국달러(매매기준율),원,731Y001,USD/KRW (KRW per USD),Saturday,weekend_observation
1978-12-30,484.0,731Y001,1,원/미국달러(매매기준율),원,731Y001,USD/KRW (KRW per USD),Saturday,weekend_observation
1979-01-06,484.0,731Y001,1,원/미국달러(매매기준율),원,731Y001,USD/KRW (KRW per USD),Saturday,weekend_observation
1979-01-13,484.0,731Y001,1,원/미국달러(매매기준율),원,731Y001,USD/KRW (KRW per USD),Saturday,weekend_observation
1979-01-20,484.0,731Y001,1,원/미국달러(매매기준율),원,731Y001,USD/KRW (KRW per USD),Saturday,weekend_observation
1979-01-27,484.0,731Y001,1,원/미국달러(매매기준율),원,731Y001,USD/KRW (KRW per USD),Saturday,weekend_observation
1979-02-03,484.0,731Y001,1,원/미국달러(매매기준율),원,731Y001,USD/KRW (KRW per USD),Saturday,weekend_observation
1979-02-10,484.0,731Y001,1,원/미국달러(매매기준율),원,731Y001,USD/KRW (KRW per USD),Saturday,weekend_observation
1979-02-17,484.0,731Y001,1,원/미국달러(매매기준율),원,731Y001,USD/KRW (KRW per USD),Saturday,weekend_observation
1979-02-24,484.0,731Y001,1,원/미국달러(매매기준율),원,731Y001,USD/KRW (KRW per USD),Saturday,weekend_observation
1979-03-03,484.0,731Y001,1,원/미국달러(매매기준율),원,731Y001,USD/KRW (KRW per USD),Saturday,weekend_observation
1979-03-17,484.0,731Y001,1,원/미국달러(매매기준율),원,731Y001,USD/KRW (KRW per USD),Saturday,weekend_observation
1979-03-24,484.0,731Y001,1,원/미국달러(매매기준율),원,731Y001,USD/KRW (KRW per USD),Saturday,weekend_observation
1979-03-31,484.0,731Y001,1,원/미국달러(매매기준율),원,731Y001,USD/KRW (KRW per USD),Saturday,weekend_observation
1979-04-07,484.0,731Y001,1,원/미국달러(매매기준율),원,731Y001,USD/KRW (KRW per USD),Saturday,weekend_observation
1979-04-14,484.0,731Y001,1,원/미국달러(매매기준율),원,731Y001,USD/KRW (KRW per USD),Saturday,weekend_observation
1979-04-21,484.0,731Y001,1,원/미국달러(매매기준율),원,731Y001,USD/KRW (KRW per USD),Saturday,weekend_observation
1979-04-28,484.0,731Y001,1,원/미국달러(매매기준율),원,731Y001,USD/KRW (KRW per USD),Saturday,weekend_observation
1979-05-12,484.0,731Y001,1,원/미국달러(매매기준율),원,731Y001,USD/KRW (KRW per USD),Saturday,weekend_observation
1979-05-19,484.0,731Y001,1,원/미국달러(매매기준율),원,731Y001,USD/KRW (KRW per USD),Saturday,weekend_observation
1979-05-26,484.0,731Y001,1,원/미국달러(매매기준율),원,731Y001,USD/KRW (KRW per USD),Saturday,weekend_observation
1979-06-02,484.0,731Y001,1,원/미국달러(매매기준율),원,731Y001,USD/KRW (KRW per USD),Saturday,weekend_observation
1979-06-09,484.0,731Y001,1,원/미국달러(매매기준율),원,731Y001,USD/KRW (KRW per USD),Saturday,weekend_observation
1979-06-16,484.0,731Y001,1,원/미국달러(매매기준율),원,731Y001,USD/KRW (KRW per USD),Saturday,weekend_observation
1979-06-23,484.0,731Y001,1,원/미국달러(매매기준율),원,731Y001,USD/KRW (KRW per USD),Saturday,weekend_observation
1979-06-30,484.0,731Y001,1,원/미국달러(매매기준율),원,731Y001,USD/KRW (KRW per USD),Saturday,weekend_observation
1979-07-07,484.0,731Y001,1,원/미국달러(매매기준율),원,731Y001,USD/KRW (KRW per USD),Saturday,weekend_observation
1979-07-14,484.0,731Y001,1,원/미국달러(매매기준율),원,731Y001,USD/KRW (KRW per USD),Saturday,weekend_observation
1979-07-21,484.0,731Y001,1,원/미국달러(매매기준율),원,731Y001,USD/KRW (KRW per USD),Saturday,weekend_observation
1979-07-28,484.0,731Y001,1,원/미국달러(매매기준율),원,731Y001,USD/KRW (KRW per USD),Saturday,weekend_observation
1979-08-04,484.0,731Y001,1,원/미국달러(매매기준율),원,731Y001,USD/KRW (KRW per USD),Saturday,weekend_observation
1979-08-11,484.0,731Y001,1,원/미국달러(매매기준율),원,731Y001,USD/KRW (KRW per USD),Saturday,weekend_observation
1979-08-18,484.0,731Y001,1,원/미국달러(매매기준율),원,731Y001,USD/KRW (KRW per USD),Saturday,weekend_observation
1979-08-25,484.0,731Y001,1,원/미국달러(매매기준율),원,731Y001,USD/KRW (KRW per USD),Saturday,weekend_observation
1979-09-01,484.0,731Y001,1,원/미국달러(매매기준율),원,731Y001,USD/KRW (KRW per USD),Saturday,weekend_observation
1979-09-08,484.0,731Y001,1,원/미국달러(매매기준율),원,731Y001,USD/KRW (KRW per USD),Saturday,weekend_observation
1979-09-15,484.0,731Y001,1,원/미국달러(매매기준율),원,731Y001,USD/KRW (KRW per USD),Saturday,weekend_observation
1979-09-22,484.0,731Y001,1,원/미국달러(매매기준율),원,731Y001,USD/KRW (KRW per USD),Saturday,weekend_observation
1979-09-29,484.0,731Y001,1,원/미국달러(매매기준율),원,731Y001,USD/KRW (KRW per USD),Saturday,weekend_observation
1979-10-06,484.0,731Y001,1,원/미국달러(매매기준율),원,731Y001,USD/KRW (KRW per USD),Saturday,weekend_observation
1979-10-13,484.0,731Y001,1,원/미국달러(매매기준율),원,731Y001,USD/KRW (KRW per USD),Saturday,weekend_observation
1979-10-20,484.0,731Y001,1,원/미국달러(매매기준율),원,731Y001,USD/KRW (KRW per USD),Saturday,weekend_observation
1979-10-27,484.0,731Y001,1,원/미국달러(매매기준율),원,731Y001,USD/KRW (KRW per USD),Saturday,weekend_observation
1979-11-10,484.0,731Y001,1,원/미국달러(매매기준율),원,731Y001,USD/KRW (KRW per USD),Saturday,weekend_observation
1979-11-17,484.0,731Y001,1,원/미국달러(매매기준율),원,731Y001,USD/KRW (KRW per USD),Saturday,weekend_observation
1979-11-24,484.0,731Y001,1,원/미국달러(매매기준율),원,731Y001,USD/KRW (KRW per USD),Saturday,weekend_observation
1979-12-01,484.0,731Y001,1,원/미국달러(매매기준율),원,731Y001,USD/KRW (KRW per USD),Saturday,weekend_observation
1979-12-08,484.0,731Y001,1,원/미국달러(매매기준율),원,731Y001,USD/KRW (KRW per USD),Saturday,weekend_observation
1979-12-15,484.0,731Y001,1,원/미국달러(매매기준율),원,731Y001,USD/KRW (KRW per USD),Saturday,weekend_observation
1979-12-22,484.0,731Y001,1,원/미국달러(매매기준율),원,731Y001,USD/KRW (KRW per USD),Saturday,weekend_observation
1979-12-29,484.0,731Y001,1,원/미국달러(매매기준율),원,731Y001,USD/KRW (KRW per USD),Saturday,weekend_observation
1980-01-05,484.0,731Y001,1,원/미국달러(매매기준율),원,731Y001,USD/KRW (KRW per USD),Saturday,weekend_observation
1980-01-12,580.0,731Y001,1,원/미국달러(매매기준율),원,731Y001,USD/KRW (KRW per USD),Saturday,weekend_observation
1980-01-19,580.0,731Y001,1,원/미국달러(매매기준율),원,731Y001,USD/KRW (KRW per USD),Saturday,weekend_observation
1980-01-26,580.0,731Y001,1,원/미국달러(매매기준율),원,731Y001,USD/KRW (KRW per USD),Saturday,weekend_observation
1980-02-02,580.0,731Y001,1,원/미국달러(매매기준율),원,731Y001,USD/KRW (KRW per USD),Saturday,weekend_observation
1980-02-09,580.0,731Y001,1,원/미국달러(매매기준율),원,731Y001,USD/KRW (KRW per USD),Saturday,weekend_observation
1980-02-16,580.0,731Y001,1,원/미국달러(매매기준율),원,731Y001,USD/KRW (KRW per USD),Saturday,weekend_observation
1980-02-23,580.0,731Y001,1,원/미국달러(매매기준율),원,731Y001,USD/KRW (KRW per USD),Saturday,weekend_observation
1980-03-08,582.0,731Y001,1,원/미국달러(매매기준율),원,731Y001,USD/KRW (KRW per USD),Saturday,weekend_observation
1980-03-15,583.6,731Y001,1,원/미국달러(매매기준율),원,731Y001,USD/KRW (KRW per USD),Saturday,weekend_observation
1980-03-22,584.5,731Y001,1,원/미국달러(매매기준율),원,731Y001,USD/KRW (KRW per USD),Saturday,weekend_observation
1980-03-29,586.1,731Y001,1,원/미국달러(매매기준율),원,731Y001,USD/KRW (KRW per USD),Saturday,weekend_observation
1980-04-12,589.6,731Y001,1,원/미국달러(매매기준율),원,731Y001,USD/KRW (KRW per USD),Saturday,weekend_observation
1980-04-19,591.1,731Y001,1,원/미국달러(매매기준율),원,731Y001,USD/KRW (KRW per USD),Saturday,weekend_observation
1980-04-26,591.0,731Y001,1,원/미국달러(매매기준율),원,731Y001,USD/KRW (KRW per USD),Saturday,weekend_observation
1980-05-03,592.6,731Y001,1,원/미국달러(매매기준율),원,731Y001,USD/KRW (KRW per USD),Saturday,weekend_observation
1980-05-10,592.7,731Y001,1,원/미국달러(매매기준율),원,731Y001,USD/KRW (KRW per USD),Saturday,weekend_observation
1980-05-17,594.3,731Y001,1,원/미국달러(매매기준율),원,731Y001,USD/KRW (KRW per USD),Saturday,weekend_observation
1980-05-24,594.4,731Y001,1,원/미국달러(매매기준율),원,731Y001,USD/KRW (KRW per USD),Saturday,weekend_observation
1980-05-31,596.2,731Y001,1,원/미국달러(매매기준율),원,731Y001,USD/KRW (KRW per USD),Saturday,weekend_observation
1980-06-07,595.9,731Y001,1,원/미국달러(매매기준율),원,731Y001,USD/KRW (KRW per USD),Saturday,weekend_observation
1980-06-14,597.4,731Y001,1,원/미국달러(매매기준율),원,731Y001,USD/KRW (KRW per USD),Saturday,weekend_observation
1980-06-21,601.3,731Y001,1,원/미국달러(매매기준율),원,731Y001,USD/KRW (KRW per USD),Saturday,weekend_observation
1980-06-28,603.0,731Y001,1,원/미국달러(매매기준율),원,731Y001,USD/KRW (KRW per USD),Saturday,weekend_observation
1980-07-05,603.3,731Y001,1,원/미국달러(매매기준율),원,731Y001,USD/KRW (KRW per USD),Saturday,weekend_observation
1980-07-12,602.4,731Y001,1,원/미국달러(매매기준율),원,731Y001,USD/KRW (KRW per USD),Saturday,weekend_observation
1980-07-19,605.9,731Y001,1,원/미국달러(매매기준율),원,731Y001,USD/KRW (KRW per USD),Saturday,weekend_observation
1980-07-26,609.0,731Y001,1,원/미국달러(매매기준율),원,731Y001,USD/KRW (KRW per USD),Saturday,weekend_observation
1980-08-02,614.9,731Y001,1,원/미국달러(매매기준율),원,731Y001,USD/KRW (KRW per USD),Saturday,weekend_observation
1980-08-09,615.4,731Y001,1,원/미국달러(매매기준율),원,731Y001,USD/KRW (KRW per USD),Saturday,weekend_observation
1980-08-16,616.3,731Y001,1,원/미국달러(매매기준율),원,731Y001,USD/KRW (KRW per USD),Saturday,weekend_observation
1980-08-23,618.0,731Y001,1,원/미국달러(매매기준율),원,731Y001,USD/KRW (KRW per USD),Saturday,weekend_observation
1980-08-30,616.3,731Y001,1,원/미국달러(매매기준율),원,731Y001,USD/KRW (KRW per USD),Saturday,weekend_observation
1980-09-06,617.6,731Y001,1,원/미국달러(매매기준율),원,731Y001,USD/KRW (KRW per USD),Saturday,weekend_observation
1980-09-20,619.1,731Y001,1,원/미국달러(매매기준율),원,731Y001,USD/KRW (KRW per USD),Saturday,weekend_observation
1980-09-27,622.3,731Y001,1,원/미국달러(매매기준율),원,731Y001,USD/KRW (KRW per USD),Saturday,weekend_observation
1980-10-11,630.8,731Y001,1,원/미국달러(매매기준율),원,731Y001,USD/KRW (KRW per USD),Saturday,weekend_observation
1980-10-18,639.9,731Y001,1,원/미국달러(매매기준율),원,731Y001,USD/KRW (KRW per USD),Saturday,weekend_observation
1980-10-25,648.5,731Y001,1,원/미국달러(매매기준율),원,731Y001,USD/KRW (KRW per USD),Saturday,weekend_observation
1980-11-01,654.6,731Y001,1,원/미국달러(매매기준율),원,731Y001,USD/KRW (KRW per USD),Saturday,weekend_observation
1980-11-08,656.0,731Y001,1,원/미국달러(매매기준율),원,731Y001,USD/KRW (KRW per USD),Saturday,weekend_observation
1980-11-15,656.3,731Y001,1,원/미국달러(매매기준율),원,731Y001,USD/KRW (KRW per USD),Saturday,weekend_observation
1980-11-22,657.6,731Y001,1,원/미국달러(매매기준율),원,731Y001,USD/KRW (KRW per USD),Saturday,weekend_observation
1980-11-29,658.8,731Y001,1,원/미국달러(매매기준율),원,731Y001,USD/KRW (KRW per USD),Saturday,weekend_observation
1980-12-06,659.2,731Y001,1,원/미국달러(매매기준율),원,731Y001,USD/KRW (KRW per USD),Saturday,weekend_observation
1980-12-13,660.6,731Y001,1,원/미국달러(매매기준율),원,731Y001,USD/KRW (KRW per USD),Saturday,weekend_observation
1980-12-20,660.4,731Y001,1,원/미국달러(매매기준율),원,731Y001,USD/KRW (KRW per USD),Saturday,weekend_observation
1980-12-27,660.4,731Y001,1,원/미국달러(매매기준율),원,731Y001,USD/KRW (KRW per USD),Saturday,weekend_observation
1981-01-10,661.1,731Y001,1,원/미국달러(매매기준율),원,731Y001,USD/KRW (KRW per USD),Saturday,weekend_observation
1981-01-17,662.8,731Y001,1,원/미국달러(매매기준율),원,731Y001,USD/KRW (KRW per USD),Saturday,weekend_observation
1981-01-24,663.3,731Y001,1,원/미국달러(매매기준율),원,731Y001,USD/KRW (KRW per USD),Saturday,weekend_observation
1981-01-31,665.7,731Y001,1,원/미국달러(매매기준율),원,731Y001,USD/KRW (KRW per USD),Saturday,weekend_observation
1981-02-07,666.3,731Y001,1,원/미국달러(매매기준율),원,731Y001,USD/KRW (KRW per USD),Saturday,weekend_observation
1981-02-14,668.5,731Y001,1,원/미국달러(매매기준율),원,731Y001,USD/KRW (KRW per USD),Saturday,weekend_observation
1981-02-21,668.1,731Y001,1,원/미국달러(매매기준율),원,731Y001,USD/KRW (KRW per USD),Saturday,weekend_observation
1981-02-28,670.5,731Y001,1,원/미국달러(매매기준율),원,731Y001,USD/KRW (KRW per USD),Saturday,weekend_observation
1981-03-07,672.0,731Y001,1,원/미국달러(매매기준율),원,731Y001,USD/KRW (KRW per USD),Saturday,weekend_observation
1981-03-14,671.5,731Y001,1,원/미국달러(매매기준율),원,731Y001,USD/KRW (KRW per USD),Saturday,weekend_observation
1981-03-21,671.0,731Y001,1,원/미국달러(매매기준율),원,731Y001,USD/KRW (KRW per USD),Saturday,weekend_observation
1981-03-28,673.1,731Y001,1,원/미국달러(매매기준율),원,731Y001,USD/KRW (KRW per USD),Saturday,weekend_observation
1981-04-04,674.6,731Y001,1,원/미국달러(매매기준율),원,731Y001,USD/KRW (KRW per USD),Saturday,weekend_observation
1981-04-11,676.0,731Y001,1,원/미국달러(매매기준율),원,731Y001,USD/KRW (KRW per USD),Saturday,weekend_observation
1981-04-18,678.1,731Y001,1,원/미국달러(매매기준율),원,731Y001,USD/KRW (KRW per USD),Saturday,weekend_observation
1981-04-25,677.9,731Y001,1,원/미국달러(매매기준율),원,731Y001,USD/KRW (KRW per USD),Saturday,weekend_observation
1981-05-02,679.3,731Y001,1,원/미국달러(매매기준율),원,731Y001,USD/KRW (KRW per USD),Saturday,weekend_observation
1981-05-09,680.1,731Y001,1,원/미국달러(매매기준율),원,731Y001,USD/KRW (KRW per USD),Saturday,weekend_observation
1981-05-16,682.9,731Y001,1,원/미국달러(매매기준율),원,731Y001,USD/KRW (KRW per USD),Saturday,weekend_observation
1981-05-23,683.8,731Y001,1,원/미국달러(매매기준율),원,731Y001,USD/KRW (KRW per USD),Saturday,weekend_observation
1981-05-30,683.8,731Y001,1,원/미국달러(매매기준율),원,731Y001,USD/KRW (KRW per USD),Saturday,weekend_observation
1981-06-13,684.0,731Y001,1,원/미국달러(매매기준율),원,731Y001,USD/KRW (KRW per USD),Saturday,weekend_observation
1981-06-20,684.3,731Y001,1,원/미국달러(매매기준율),원,731Y001,USD/KRW (KRW per USD),Saturday,weekend_observation
1981-06-27,684.8,731Y001,1,원/미국달러(매매기준율),원,731Y001,USD/KRW (KRW per USD),Saturday,weekend_observation
1981-07-04,686.3,731Y001,1,원/미국달러(매매기준율),원,731Y001,USD/KRW (KRW per USD),Saturday,weekend_observation
1981-07-11,686.0,731Y001,1,원/미국달러(매매기준율),원,731Y001,USD/KRW (KRW per USD),Saturday,weekend_observation
1981-07-18,686.0,731Y001,1,원/미국달러(매매기준율),원,731Y001,USD/KRW (KRW per USD),Saturday,weekend_observation
1981-07-25,685.7,731Y001,1,원/미국달러(매매기준율),원,731Y001,USD/KRW (KRW per USD),Saturday,weekend_observation
1981-08-01,687.2,731Y001,1,원/미국달러(매매기준율),원,731Y001,USD/KRW (KRW per USD),Saturday,weekend_observation
1981-08-08,686.9,731Y001,1,원/미국달러(매매기준율),원,731Y001,USD/KRW (KRW per USD),Saturday,weekend_observation
1981-08-22,685.8,731Y001,1,원/미국달러(매매기준율),원,731Y001,USD/KRW (KRW per USD),Saturday,weekend_observation
1981-08-29,685.5,731Y001,1,원/미국달러(매매기준율),원,731Y001,USD/KRW (KRW per USD),Saturday,weekend_observation
1981-09-05,684.9,731Y001,1,원/미국달러(매매기준율),원,731Y001,USD/KRW (KRW per USD),Saturday,weekend_observation
1981-09-19,684.3,731Y001,1,원/미국달러(매매기준율),원,731Y001,USD/KRW (KRW per USD),Saturday,weekend_observation
1981-09-26,685.3,731Y001,1,원/미국달러(매매기준율),원,731Y001,USD/KRW (KRW per USD),Saturday,weekend_observation
1981-10-10,684.9,731Y001,1,원/미국달러(매매기준율),원,731Y001,USD/KRW (KRW per USD),Saturday,weekend_observation
1981-10-17,686.8,731Y001,1,원/미국달러(매매기준율),원,731Y001,USD/KRW (KRW per USD),Saturday,weekend_observation
1981-10-24,687.6,731Y001,1,원/미국달러(매매기준율),원,731Y001,USD/KRW (KRW per USD),Saturday,weekend_observation
1981-10-31,687.2,731Y001,1,원/미국달러(매매기준율),원,731Y001,USD/KRW (KRW per USD),Saturday,weekend_observation
1981-11-07,687.9,731Y001,1,원/미국달러(매매기준율),원,731Y001,USD/KRW (KRW per USD),Saturday,weekend_observation
1981-11-14,687.7,731Y001,1,원/미국달러(매매기준율),원,731Y001,USD/KRW (KRW per USD),Saturday,weekend_observation
1981-11-21,688.1,731Y001,1,원/미국달러(매매기준율),원,731Y001,USD/KRW (KRW per USD),Saturday,weekend_observation
1981-11-28,689.9,731Y001,1,원/미국달러(매매기준율),원,731Y001,USD/KRW (KRW per USD),Saturday,weekend_observation
1981-12-05,692.2,731Y001,1,원/미국달러(매매기준율),원,731Y001,USD/KRW (KRW per USD),Saturday,weekend_observation
1981-12-12,695.2,731Y001,1,원/미국달러(매매기준율),원,731Y001,USD/KRW (KRW per USD),Saturday,weekend_observation
1981-12-19,697.5,731Y001,1,원/미국달러(매매기준율),원,731Y001,USD/KRW (KRW per USD),Saturday,weekend_observation
1981-12-26,699.4,731Y001,1,원/미국달러(매매기준율),원,731Y001,USD/KRW (KRW per USD),Saturday,weekend_observation
1982-01-09,703.4,731Y001,1,원/미국달러(매매기준율),원,731Y001,USD/KRW (KRW per USD),Saturday,weekend_observation
1982-01-16,706.0,731Y001,1,원/미국달러(매매기준율),원,731Y001,USD/KRW (KRW per USD),Saturday,weekend_observation
1982-01-23,707.8,731Y001,1,원/미국달러(매매기준율),원,731Y001,USD/KRW (KRW per USD),Saturday,weekend_observation
1982-01-30,708.3,731Y001,1,원/미국달러(매매기준율),원,731Y001,USD/KRW (KRW per USD),Saturday,weekend_observation
1982-02-06,708.8,731Y001,1,원/미국달러(매매기준율),원,731Y001,USD/KRW (KRW per USD),Saturday,weekend_observation
1982-02-13,710.1,731Y001,1,원/미국달러(매매기준율),원,731Y001,USD/KRW (KRW per USD),Saturday,weekend_observation
1982-02-20,710.1,731Y001,1,원/미국달러(매매기준율),원,731Y001,USD/KRW (KRW per USD),Saturday,weekend_observation
1982-02-27,712.0,731Y001,1,원/미국달러(매매기준율),원,731Y001,USD/KRW (KRW per USD),Saturday,weekend_observation
1982-03-06,711.9,731Y001,1,원/미국달러(매매기준율),원,731Y001,USD/KRW (KRW per USD),Saturday,weekend_observation
1982-03-13,714.4,731Y001,1,원/미국달러(매매기준율),원,731Y001,USD/KRW (KRW per USD),Saturday,weekend_observation
1982-03-20,716.1,731Y001,1,원/미국달러(매매기준율),원,731Y001,USD/KRW (KRW per USD),Saturday,weekend_observation
1982-03-27,718.0,731Y001,1,원/미국달러(매매기준율),원,731Y001,USD/KRW (KRW per USD),Saturday,weekend_observation
1982-04-03,718.8,731Y001,1,원/미국달러(매매기준율),원,731Y001,USD/KRW (KRW per USD),Saturday,weekend_observation
1982-04-10,721.0,731Y001,1,원/미국달러(매매기준율),원,731Y001,USD/KRW (KRW per USD),Saturday,weekend_observation
1982-04-17,721.6,731Y001,1,원/미국달러(매매기준율),원,731Y001,USD/KRW (KRW per USD),Saturday,weekend_observation
1982-04-24,721.7,731Y001,1,원/미국달러(매매기준율),원,731Y001,USD/KRW (KRW per USD),Saturday,weekend_observation
1982-05-08,720.8,731Y001,1,원/미국달러(매매기준율),원,731Y001,USD/KRW (KRW per USD),Saturday,weekend_observation
1982-05-15,724.4,731Y001,1,원/미국달러(매매기준율),원,731Y001,USD/KRW (KRW per USD),Saturday,weekend_observation
1982-05-22,727.8,731Y001,1,원/미국달러(매매기준율),원,731Y001,USD/KRW (KRW per USD),Saturday,weekend_observation
1982-05-29,733.1,731Y001,1,원/미국달러(매매기준율),원,731Y001,USD/KRW (KRW per USD),Saturday,weekend_observation
1982-06-05,735.4,731Y001,1,원/미국달러(매매기준율),원,731Y001,USD/KRW (KRW per USD),Saturday,weekend_observation
1982-06-12,737.9,731Y001,1,원/미국달러(매매기준율),원,731Y001,USD/KRW (KRW per USD),Saturday,weekend_observation
1982-06-19,740.4,731Y001,1,원/미국달러(매매기준율),원,731Y001,USD/KRW (KRW per USD),Saturday,weekend_observation
1982-06-26,740.8,731Y001,1,원/미국달러(매매기준율),원,731Y001,USD/KRW (KRW per USD),Saturday,weekend_observation
1982-07-03,741.1,731Y001,1,원/미국달러(매매기준율),원,731Y001,USD/KRW (KRW per USD),Saturday,weekend_observation
1982-07-10,741.3,731Y001,1,원/미국달러(매매기준율),원,731Y001,USD/KRW (KRW per USD),Saturday,weekend_observation
1982-07-24,740.1,731Y001,1,원/미국달러(매매기준율),원,731Y001,USD/KRW (KRW per USD),Saturday,weekend_observation
1982-07-31,741.3,731Y001,1,원/미국달러(매매기준율),원,731Y001,USD/KRW (KRW per USD),Saturday,weekend_observation
1982-08-07,741.9,731Y001,1,원/미국달러(매매기준율),원,731Y001,USD/KRW (KRW per USD),Saturday,weekend_observation
1982-08-14,742.0,731Y001,1,원/미국달러(매매기준율),원,731Y001,USD/KRW (KRW per USD),Saturday,weekend_observation
1982-08-21,741.3,731Y001,1,원/미국달러(매매기준율),원,731Y001,USD/KRW (KRW per USD),Saturday,weekend_observation
1982-08-28,741.6,731Y001,1,원/미국달러(매매기준율),원,731Y001,USD/KRW (KRW per USD),Saturday,weekend_observation
1982-09-04,741.4,731Y001,1,원/미국달러(매매기준율),원,731Y001,USD/KRW (KRW per USD),Saturday,weekend_observation
1982-09-11,742.4,731Y001,1,원/미국달러(매매기준율),원,731Y001,USD/KRW (KRW per USD),Saturday,weekend_observation
1982-09-18,742.4,731Y001,1,원/미국달러(매매기준율),원,731Y001,USD/KRW (KRW per USD),Saturday,weekend_observation
1982-09-25,742.6,731Y001,1,원/미국달러(매매기준율),원,731Y001,USD/KRW (KRW per USD),Saturday,weekend_observation
1982-10-16,742.9,731Y001,1,원/미국달러(매매기준율),원,731Y001,USD/KRW (KRW per USD),Saturday,weekend_observation
1982-10-23,744.0,731Y001,1,원/미국달러(매매기준율),원,731Y001,USD/KRW (KRW per USD),Saturday,weekend_observation
1982-10-30,744.9,731Y001,1,원/미국달러(매매기준율),원,731Y001,USD/KRW (KRW per USD),Saturday,weekend_observation
1982-11-06,745.2,731Y001,1,원/미국달러(매매기준율),원,731Y001,USD/KRW (KRW per USD),Saturday,weekend_observation
1982-11-13,745.3,731Y001,1,원/미국달러(매매기준율),원,731Y001,USD/KRW (KRW per USD),Saturday,weekend_observation
1982-11-20,744.9,731Y001,1,원/미국달러(매매기준율),원,731Y001,USD/KRW (KRW per USD),Saturday,weekend_observation
1982-11-27,744.9,731Y001,1,원/미국달러(매매기준율),원,731Y001,USD/KRW (KRW per USD),Saturday,weekend_observation
1982-12-04,743.9,731Y001,1,원/미국달러(매매기준율),원,731Y001,USD/KRW (KRW per USD),Saturday,weekend_observation
1982-12-11,744.9,731Y001,1,원/미국달러(매매기준율),원,731Y001,USD/KRW (KRW per USD),Saturday,weekend_observation
1982-12-18,745.9,731Y001,1,원/미국달러(매매기준율),원,731Y001,USD/KRW (KRW per USD),Saturday,weekend_observation
1983-01-08,748.7,731Y001,1,원/미국달러(매매기준율),원,731Y001,USD/KRW (KRW per USD),Saturday,weekend_observation
1983-01-15,749.6,731Y001,1,원/미국달러(매매기준율),원,731Y001,USD/KRW (KRW per USD),Saturday,weekend_observation
1983-01-22,751.0,731Y001,1,원/미국달러(매매기준율),원,731Y001,USD/KRW (KRW per USD),Saturday,weekend_observation
1983-01-29,751.5,731Y001,1,원/미국달러(매매기준율),원,731Y001,USD/KRW (KRW per USD),Saturday,weekend_observation
1983-02-05,752.8,731Y001,1,원/미국달러(매매기준율),원,731Y001,USD/KRW (KRW per USD),Saturday,weekend_observation
1983-02-12,751.3,731Y001,1,원/미국달러(매매기준율),원,731Y001,USD/KRW (KRW per USD),Saturday,weekend_observation
1983-02-19,751.8,731Y001,1,원/미국달러(매매기준율),원,731Y001,USD/KRW (KRW per USD),Saturday,weekend_observation
1983-02-26,753.1,731Y001,1,원/미국달러(매매기준율),원,731Y001,USD/KRW (KRW per USD),Saturday,weekend_observation
1983-03-05,754.0,731Y001,1,원/미국달러(매매기준율),원,731Y001,USD/KRW (KRW per USD),Saturday,weekend_observation
1983-03-12,756.5,731Y001,1,원/미국달러(매매기준율),원,731Y001,USD/KRW (KRW per USD),Saturday,weekend_observation
1983-03-19,759.9,731Y001,1,원/미국달러(매매기준율),원,731Y001,USD/KRW (KRW per USD),Saturday,weekend_observation
1983-03-26,761.9,731Y001,1,원/미국달러(매매기준율),원,731Y001,USD/KRW (KRW per USD),Saturday,weekend_observation
1983-04-02,763.5,731Y001,1,원/미국달러(매매기준율),원,731Y001,USD/KRW (KRW per USD),Saturday,weekend_observation
1983-04-09,765.0,731Y001,1,원/미국달러(매매기준율),원,731Y001,USD/KRW (KRW per USD),Saturday,weekend_observation
1983-04-16,765.4,731Y001,1,원/미국달러(매매기준율),원,731Y001,USD/KRW (KRW per USD),Saturday,weekend_observation
1983-04-23,765.9,731Y001,1,원/미국달러(매매기준율),원,731Y001,USD/KRW (KRW per USD),Saturday,weekend_observation
1983-04-30,767.9,731Y001,1,원/미국달러(매매기준율),원,731Y001,USD/KRW (KRW per USD),Saturday,weekend_observation
1983-05-07,766.3,731Y001,1,원/미국달러(매매기준율),원,731Y001,USD/KRW (KRW per USD),Saturday,weekend_observation
1983-05-14,766.5,731Y001,1,원/미국달러(매매기준율),원,731Y001,USD/KRW (KRW per USD),Saturday,weekend_observation
1983-05-21,768.8,731Y001,1,원/미국달러(매매기준율),원,731Y001,USD/KRW (KRW per USD),Saturday,weekend_observation
1983-05-28,771.1,731Y001,1,원/미국달러(매매기준율),원,731Y001,USD/KRW (KRW per USD),Saturday,weekend_observation
1983-06-04,773.3,731Y001,1,원/미국달러(매매기준율),원,731Y001,USD/KRW (KRW per USD),Saturday,weekend_observation
1983-06-11,774.9,731Y001,1,원/미국달러(매매기준율),원,731Y001,USD/KRW (KRW per USD),Saturday,weekend_observation
1983-06-18,775.9,731Y001,1,원/미국달러(매매기준율),원,731Y001,USD/KRW (KRW per USD),Saturday,weekend_observation
1983-06-25,775.2,731Y001,1,원/미국달러(매매기준율),원,731Y001,USD/KRW (KRW per USD),Saturday,weekend_observation
1983-07-02,776.3,731Y001,1,원/미국달러(매매기준율),원,731Y001,USD/KRW (KRW per USD),Saturday,weekend_observation
1983-07-09,778.8,731Y001,1,원/미국달러(매매기준율),원,731Y001,USD/KRW (KRW per USD),Saturday,weekend_observation
1983-07-16,780.3,731Y001,1,원/미국달러(매매기준율),원,731Y001,USD/KRW (KRW per USD),Saturday,weekend_observation
1983-07-23,780.3,731Y001,1,원/미국달러(매매기준율),원,731Y001,USD/KRW (KRW per USD),Saturday,weekend_observation
1983-07-30,783.1,731Y001,1,원/미국달러(매매기준율),원,731Y001,USD/KRW (KRW per USD),Saturday,weekend_observation
1983-08-06,786.0,731Y001,1,원/미국달러(매매기준율),원,731Y001,USD/KRW (KRW per USD),Saturday,weekend_observation
1983-08-13,787.7,731Y001,1,원/미국달러(매매기준율),원,731Y001,USD/KRW (KRW per USD),Saturday,weekend_observation
1983-08-20,786.7,731Y001,1,원/미국달러(매매기준율),원,731Y001,USD/KRW (KRW per USD),Saturday,weekend_observation
1983-08-27,788.5,731Y001,1,원/미국달러(매매기준율),원,731Y001,USD/KRW (KRW per USD),Saturday,weekend_observation
1983-09-03,790.6,731Y001,1,원/미국달러(매매기준율),원,731Y001,USD/KRW (KRW per USD),Saturday,weekend_observation
1983-09-10,789.5,731Y001,1,원/미국달러(매매기준율),원,731Y001,USD/KRW (KRW per USD),Saturday,weekend_observation
1983-09-17,790.2,731Y001,1,원/미국달러(매매기준율),원,731Y001,USD/KRW (KRW per USD),Saturday,weekend_observation
1983-09-24,789.2,731Y001,1,원/미국달러(매매기준율),원,731Y001,USD/KRW (KRW per USD),Saturday,weekend_observation
1983-10-08,788.0,731Y001,1,원/미국달러(매매기준율),원,731Y001,USD/KRW (KRW per USD),Saturday,weekend_observation
1983-10-15,790.9,731Y001,1,원/미국달러(매매기준율),원,731Y001,USD/KRW (KRW per USD),Saturday,weekend_observation
1983-10-22,791.0,731Y001,1,원/미국달러(매매기준율),원,731Y001,USD/KRW (KRW per USD),Saturday,weekend_observation
1983-10-29,792.9,731Y001,1,원/미국달러(매매기준율),원,731Y001,USD/KRW (KRW per USD),Saturday,weekend_observation
1983-11-05,795.6,731Y001,1,원/미국달러(매매기준율),원,731Y001,USD/KRW (KRW per USD),Saturday,weekend_observation
1983-11-12,795.0,731Y001,1,원/미국달러(매매기준율),원,731Y001,USD/KRW (KRW per USD),Saturday,weekend_observation
1983-11-19,796.9,731Y001,1,원/미국달러(매매기준율),원,731Y001,USD/KRW (KRW per USD),Saturday,weekend_observation
1983-11-26,796.9,731Y001,1,원/미국달러(매매기준율),원,731Y001,USD/KRW (KRW per USD),Saturday,weekend_observation
1983-12-03,797.1,731Y001,1,원/미국달러(매매기준율),원,731Y001,USD/KRW (KRW per USD),Saturday,weekend_observation
1983-12-10,799.3,731Y001,1,원/미국달러(매매기준율),원,731Y001,USD/KRW (KRW per USD),Saturday,weekend_observation
1983-12-17,799.8,731Y001,1,원/미국달러(매매기준율),원,731Y001,USD/KRW (KRW per USD),Saturday,weekend_observation
1983-12-24,798.1,731Y001,1,원/미국달러(매매기준율),원,731Y001,USD/KRW (KRW per USD),Saturday,weekend_observation
1983-12-31,795.5,731Y001,1,원/미국달러(매매기준율),원,731Y001,USD/KRW (KRW per USD),Saturday,weekend_observation
1984-01-07,798.1,731Y001,1,원/미국달러(매매기준율),원,731Y001,USD/KRW (KRW per USD),Saturday,weekend_observation
1984-01-14,798.4,731Y001,1,원/미국달러(매매기준율),원,731Y001,USD/KRW (KRW per USD),Saturday,weekend_observation
1984-01-21,798.0,731Y001,1,원/미국달러(매매기준율),원,731Y001,USD/KRW (KRW per USD),Saturday,weekend_observation
1984-01-28,798.9,731Y001,1,원/미국달러(매매기준율),원,731Y001,USD/KRW (KRW per USD),Saturday,weekend_observation
1984-02-04,796.6,731Y001,1,원/미국달러(매매기준율),원,731Y001,USD/KRW (KRW per USD),Saturday,weekend_observation
1984-02-11,797.7,731Y001,1,원/미국달러(매매기준율),원,731Y001,USD/KRW (KRW per USD),Saturday,weekend_observation
1984-02-18,795.5,731Y001,1,원/미국달러(매매기준율),원,731Y001,USD/KRW (KRW per USD),Saturday,weekend_observation
1984-02-25,794.1,731Y001,1,원/미국달러(매매기준율),원,731Y001,USD/KRW (KRW per USD),Saturday,weekend_observation
1984-03-03,792.4,731Y001,1,원/미국달러(매매기준율),원,731Y001,USD/KRW (KRW per USD),Saturday,weekend_observation
1984-03-17,793.3,731Y001,1,원/미국달러(매매기준율),원,731Y001,USD/KRW (KRW per USD),Saturday,weekend_observation
1984-03-24,793.6,731Y001,1,원/미국달러(매매기준율),원,731Y001,USD/KRW (KRW per USD),Saturday,weekend_observation
1984-03-31,791.8,731Y001,1,원/미국달러(매매기준율),원,731Y001,USD/KRW (KRW per USD),Saturday,weekend_observation
1984-04-07,794.3,731Y001,1,원/미국달러(매매기준율),원,731Y001,USD/KRW (KRW per USD),Saturday,weekend_observation
1984-04-14,794.0,731Y001,1,원/미국달러(매매기준율),원,731Y001,USD/KRW (KRW per USD),Saturday,weekend_observation
1984-04-21,795.6,731Y001,1,원/미국달러(매매기준율),원,731Y001,USD/KRW (KRW per USD),Saturday,weekend_observation
1984-04-28,797.6,731Y001,1,원/미국달러(매매기준율),원,731Y001,USD/KRW (KRW per USD),Saturday,weekend_observation
1984-05-12,800.6,731Y001,1,원/미국달러(매매기준율),원,731Y001,USD/KRW (KRW per USD),Saturday,weekend_observation
1984-05-19,801.1,731Y001,1,원/미국달러(매매기준율),원,731Y001,USD/KRW (KRW per USD),Saturday,weekend_observation
1984-05-26,798.2,731Y001,1,원/미국달러(매매기준율),원,731Y001,USD/KRW (KRW per USD),Saturday,weekend_observation
1984-06-02,797.5,731Y001,1,원/미국달러(매매기준율),원,731Y001,USD/KRW (KRW per USD),Saturday,weekend_observation
1984-06-09,798.5,731Y001,1,원/미국달러(매매기준율),원,731Y001,USD/KRW (KRW per USD),Saturday,weekend_observation
1984-06-16,799.7,731Y001,1,원/미국달러(매매기준율),원,731Y001,USD/KRW (KRW per USD),Saturday,weekend_observation
1984-06-23,803.3,731Y001,1,원/미국달러(매매기준율),원,731Y001,USD/KRW (KRW per USD),Saturday,weekend_observation
1984-06-30,803.4,731Y001,1,원/미국달러(매매기준율),원,731Y001,USD/KRW (KRW per USD),Saturday,weekend_observation
1984-07-07,807.2,731Y001,1,원/미국달러(매매기준율),원,731Y001,USD/KRW (KRW per USD),Saturday,weekend_observation
1984-07-14,808.7,731Y001,1,원/미국달러(매매기준율),원,731Y001,USD/KRW (KRW per USD),Saturday,weekend_observation
1984-07-21,811.1,731Y001,1,원/미국달러(매매기준율),원,731Y001,USD/KRW (KRW per USD),Saturday,weekend_observation
1984-07-28,810.7,731Y001,1,원/미국달러(매매기준율),원,731Y001,USD/KRW (KRW per USD),Saturday,weekend_observation
1984-08-04,809.9,731Y001,1,원/미국달러(매매기준율),원,731Y001,USD/KRW (KRW per USD),Saturday,weekend_observation
1984-08-11,808.2,731Y001,1,원/미국달러(매매기준율),원,731Y001,USD/KRW (KRW per USD),Saturday,weekend_observation
1984-08-18,807.7,731Y001,1,원/미국달러(매매기준율),원,731Y001,USD/KRW (KRW per USD),Saturday,weekend_observation
1984-08-25,808.1,731Y001,1,원/미국달러(매매기준율),원,731Y001,USD/KRW (KRW per USD),Saturday,weekend_observation
1984-09-01,809.2,731Y001,1,원/미국달러(매매기준율),원,731Y001,USD/KRW (KRW per USD),Saturday,weekend_observation
1984-09-08,812.6,731Y001,1,원/미국달러(매매기준율),원,731Y001,USD/KRW (KRW per USD),Saturday,weekend_observation
1984-09-15,814.1,731Y001,1,원/미국달러(매매기준율),원,731Y001,USD/KRW (KRW per USD),Saturday,weekend_observation
1984-09-22,816.3,731Y001,1,원/미국달러(매매기준율),원,731Y001,USD/KRW (KRW per USD),Saturday,weekend_observation
1984-09-29,815.2,731Y001,1,원/미국달러(매매기준율),원,731Y001,USD/KRW (KRW per USD),Saturday,weekend_observation
1984-10-06,816.7,731Y001,1,원/미국달러(매매기준율),원,731Y001,USD/KRW (KRW per USD),Saturday,weekend_observation
1984-10-13,819.0,731Y001,1,원/미국달러(매매기준율),원,731Y001,USD/KRW (KRW per USD),Saturday,weekend_observation
1984-10-20,819.2,731Y001,1,원/미국달러(매매기준율),원,731Y001,USD/KRW (KRW per USD),Saturday,weekend_observation
1984-10-27,817.4,731Y001,1,원/미국달러(매매기준율),원,731Y001,USD/KRW (KRW per USD),Saturday,weekend_observation
1984-11-03,814.4,731Y001,1,원/미국달러(매매기준율),원,731Y001,USD/KRW (KRW per USD),Saturday,weekend_observation
1984-11-10,815.0,731Y001,1,원/미국달러(매매기준율),원,731Y001,USD/KRW (KRW per USD),Saturday,weekend_observation
1984-11-17,815.9,731Y001,1,원/미국달러(매매기준율),원,731Y001,USD/KRW (KRW per USD),Saturday,weekend_observation
1984-11-24,819.7,731Y001,1,원/미국달러(매매기준율),원,731Y001,USD/KRW (KRW per USD),Saturday,weekend_observation
1984-12-01,822.1,731Y001,1,원/미국달러(매매기준율),원,731Y001,USD/KRW (KRW per USD),Saturday,weekend_observation
1984-12-02,822.1,731Y001,1,원/미국달러(매매기준율),원,731Y001,USD/KRW (KRW per USD),Sunday,weekend_observation
1984-12-08,822.1,731Y001,1,원/미국달러(매매기준율),원,731Y001,USD/KRW (KRW per USD),Saturday,weekend_observation
1984-12-15,823.7,731Y001,1,원/미국달러(매매기준율),원,731Y001,USD/KRW (KRW per USD),Saturday,weekend_observation
1984-12-22,825.0,731Y001,1,원/미국달러(매매기준율),원,731Y001,USD/KRW (KRW per USD),Saturday,weekend_observation
1984-12-29,827.4,731Y001,1,원/미국달러(매매기준율),원,731Y001,USD/KRW (KRW per USD),Saturday,weekend_observation
1985-01-05,829.2,731Y001,1,원/미국달러(매매기준율),원,731Y001,USD/KRW (KRW per USD),Saturday,weekend_observation
1985-01-12,830.2,731Y001,1,원/미국달러(매매기준율),원,731Y001,USD/KRW (KRW per USD),Saturday,weekend_observation
1985-01-19,830.4,731Y001,1,원/미국달러(매매기준율),원,731Y001,USD/KRW (KRW per USD),Saturday,weekend_observation
1985-01-26,830.3,731Y001,1,원/미국달러(매매기준율),원,731Y001,USD/KRW (KRW per USD),Saturday,weekend_observation
1985-02-02,832.2,731Y001,1,원/미국달러(매매기준율),원,731Y001,USD/KRW (KRW per USD),Saturday,weekend_observation
1985-02-09,835.3,731Y001,1,원/미국달러(매매기준율),원,731Y001,USD/KRW (KRW per USD),Saturday,weekend_observation
1985-02-16,834.9,731Y001,1,원/미국달러(매매기준율),원,731Y001,USD/KRW (KRW per USD),Saturday,weekend_observation
1985-02-23,841.9,731Y001,1,원/미국달러(매매기준율),원,731Y001,USD/KRW (KRW per USD),Saturday,weekend_observation
1985-03-02,844.8,731Y001,1,원/미국달러(매매기준율),원,731Y001,USD/KRW (KRW per USD),Saturday,weekend_observation
1985-03-09,847.4,731Y001,1,원/미국달러(매매기준율),원,731Y001,USD/KRW (KRW per USD),Saturday,weekend_observation
1985-03-16,851.3,731Y001,1,원/미국달러(매매기준율),원,731Y001,USD/KRW (KRW per USD),Saturday,weekend_observation
1985-03-23,850.2,731Y001,1,원/미국달러(매매기준율),원,731Y001,USD/KRW (KRW per USD),Saturday,weekend_observation
1985-03-30,850.3,731Y001,1,원/미국달러(매매기준율),원,731Y001,USD/KRW (KRW per USD),Saturday,weekend_observation
1985-04-06,858.0,731Y001,1,원/미국달러(매매기준율),원,731Y001,USD/KRW (KRW per USD),Saturday,weekend_observation
1985-04-13,858.2,731Y001,1,원/미국달러(매매기준율),원,731Y001,USD/KRW (KRW per USD),Saturday,weekend_observation
1985-04-20,857.8,731Y001,1,원/미국달러(매매기준율),원,731Y001,USD/KRW (KRW per USD),Saturday,weekend_observation
1985-04-27,866.4,731Y001,1,원/미국달러(매매기준율),원,731Y001,USD/KRW (KRW per USD),Saturday,weekend_observation
1985-05-04,868.5,731Y001,1,원/미국달러(매매기준율),원,731Y001,USD/KRW (KRW per USD),Saturday,weekend_observation
1985-05-11,868.2,731Y001,1,원/미국달러(매매기준율),원,731Y001,USD/KRW (KRW per USD),Saturday,weekend_observation
1985-05-18,868.7,731Y001,1,원/미국달러(매매기준율),원,731Y001,USD/KRW (KRW per USD),Saturday,weekend_observation
1985-05-25,870.6,731Y001,1,원/미국달러(매매기준율),원,731Y001,USD/KRW (KRW per USD),Saturday,weekend_observation
1985-06-01,870.9,731Y001,1,원/미국달러(매매기준율),원,731Y001,USD/KRW (KRW per USD),Saturday,weekend_observation
1985-06-08,872.3,731Y001,1,원/미국달러(매매기준율),원,731Y001,USD/KRW (KRW per USD),Saturday,weekend_observation
1985-06-15,872.8,731Y001,1,원/미국달러(매매기준율),원,731Y001,USD/KRW (KRW per USD),Saturday,weekend_observation
1985-06-22,874.4,731Y001,1,원/미국달러(매매기준율),원,731Y001,USD/KRW (KRW per USD),Saturday,weekend_observation
1985-06-29,873.8,731Y001,1,원/미국달러(매매기준율),원,731Y001,USD/KRW (KRW per USD),Saturday,weekend_observation
1985-07-06,873.4,731Y001,1,원/미국달러(매매기준율),원,731Y001,USD/KRW (KRW per USD),Saturday,weekend_observation
1985-07-13,873.0,731Y001,1,원/미국달러(매매기준율),원,731Y001,USD/KRW (KRW per USD),Saturday,weekend_observation
1985-07-20,874.7,731Y001,1,원/미국달러(매매기준율),원,731Y001,USD/KRW (KRW per USD),Saturday,weekend_observation
1985-07-27,876.7,731Y001,1,원/미국달러(매매기준율),원,731Y001,USD/KRW (KRW per USD),Saturday,weekend_observation
1985-08-03,880.6,731Y001,1,원/미국달러(매매기준율),원,731Y001,USD/KRW (KRW per USD),Saturday,weekend_observation
1985-08-10,883.7,731Y001,1,원/미국달러(매매기준율),원,731Y001,USD/KRW (KRW per USD),Saturday,weekend_observation
1985-08-17,882.9,731Y001,1,원/미국달러(매매기준율),원,731Y001,USD/KRW (KRW per USD),Saturday,weekend_observation
1985-08-24,883.6,731Y001,1,원/미국달러(매매기준율),원,731Y001,USD/KRW (KRW per USD),Saturday,weekend_observation
1985-08-31,886.8,731Y001,1,원/미국달러(매매기준율),원,731Y001,USD/KRW (KRW per USD),Saturday,weekend_observation
1985-09-07,891.9,731Y001,1,원/미국달러(매매기준율),원,731Y001,USD/KRW (KRW per USD),Saturday,weekend_observation
1985-09-14,892.3,731Y001,1,원/미국달러(매매기준율),원,731Y001,USD/KRW (KRW per USD),Saturday,weekend_observation
1985-09-21,892.0,731Y001,1,원/미국달러(매매기준율),원,731Y001,USD/KRW (KRW per USD),Saturday,weekend_observation
1985-09-28,891.7,731Y001,1,원/미국달러(매매기준율),원,731Y001,USD/KRW (KRW per USD),Saturday,weekend_observation
1985-10-05,891.1,731Y001,1,원/미국달러(매매기준율),원,731Y001,USD/KRW (KRW per USD),Saturday,weekend_observation
1985-10-12,891.8,731Y001,1,원/미국달러(매매기준율),원,731Y001,USD/KRW (KRW per USD),Saturday,weekend_observation
1985-10-19,892.5,731Y001,1,원/미국달러(매매기준율),원,731Y001,USD/KRW (KRW per USD),Saturday,weekend_observation
1985-10-26,893.1,731Y001,1,원/미국달러(매매기준율),원,731Y001,USD/KRW (KRW per USD),Saturday,weekend_observation
1985-11-02,891.6,731Y001,1,원/미국달러(매매기준율),원,731Y001,USD/KRW (KRW per USD),Saturday,weekend_observation
1985-11-09,891.7,731Y001,1,원/미국달러(매매기준율),원,731Y001,USD/KRW (KRW per USD),Saturday,weekend_observation
1985-11-16,891.5,731Y001,1,원/미국달러(매매기준율),원,731Y001,USD/KRW (KRW per USD),Saturday,weekend_observation
1985-11-23,890.1,731Y001,1,원/미국달러(매매기준율),원,731Y001,USD/KRW (KRW per USD),Saturday,weekend_observation
1985-11-30,889.1,731Y001,1,원/미국달러(매매기준율),원,731Y001,USD/KRW (KRW per USD),Saturday,weekend_observation
1985-12-07,890.5,731Y001,1,원/미국달러(매매기준율),원,731Y001,USD/KRW (KRW per USD),Saturday,weekend_observation
1985-12-14,891.5,731Y001,1,원/미국달러(매매기준율),원,731Y001,USD/KRW (KRW per USD),Saturday,weekend_observation
1985-12-21,891.4,731Y001,1,원/미국달러(매매기준율),원,731Y001,USD/KRW (KRW per USD),Saturday,weekend_observation
1985-12-28,890.6,731Y001,1,원/미국달러(매매기준율),원,731Y001,USD/KRW (KRW per USD),Saturday,weekend_observation
1986-01-04,890.7,731Y001,1,원/미국달러(매매기준율),원,731Y001,USD/KRW (KRW per USD),Saturday,weekend_observation
1986-01-11,890.8,731Y001,1,원/미국달러(매매기준율),원,731Y001,USD/KRW (KRW per USD),Saturday,weekend_observation
1986-01-18,891.0,731Y001,1,원/미국달러(매매기준율),원,731Y001,USD/KRW (KRW per USD),Saturday,weekend_observation
1986-01-25,890.3,731Y001,1,원/미국달러(매매기준율),원,731Y001,USD/KRW (KRW per USD),Saturday,weekend_observation
1986-02-01,888.3,731Y001,1,원/미국달러(매매기준율),원,731Y001,USD/KRW (KRW per USD),Saturday,weekend_observation
1986-02-08,887.8,731Y001,1,원/미국달러(매매기준율),원,731Y001,USD/KRW (KRW per USD),Saturday,weekend_observation
1986-02-15,885.8,731Y001,1,원/미국달러(매매기준율),원,731Y001,USD/KRW (KRW per USD),Saturday,weekend_observation
1986-02-22,885.3,731Y001,1,원/미국달러(매매기준율),원,731Y001,USD/KRW (KRW per USD),Saturday,weekend_observation
1986-03-08,884.4,731Y001,1,원/미국달러(매매기준율),원,731Y001,USD/KRW (KRW per USD),Saturday,weekend_observation
1986-03-15,884.4,731Y001,1,원/미국달러(매매기준율),원,731Y001,USD/KRW (KRW per USD),Saturday,weekend_observation
1986-03-22,883.6,731Y001,1,원/미국달러(매매기준율),원,731Y001,USD/KRW (KRW per USD),Saturday,weekend_observation
1986-03-29,885.2,731Y001,1,원/미국달러(매매기준율),원,731Y001,USD/KRW (KRW per USD),Saturday,weekend_observation
1986-04-12,885.7,731Y001,1,원/미국달러(매매기준율),원,731Y001,USD/KRW (KRW per USD),Saturday,weekend_observation
1986-04-19,885.3,731Y001,1,원/미국달러(매매기준율),원,731Y001,USD/KRW (KRW per USD),Saturday,weekend_observation
1986-04-26,885.0,731Y001,1,원/미국달러(매매기준율),원,731Y001,USD/KRW (KRW per USD),Saturday,weekend_observation
1986-05-03,886.6,731Y001,1,원/미국달러(매매기준율),원,731Y001,USD/KRW (KRW per USD),Saturday,weekend_observation
1986-05-10,885.5,731Y001,1,원/미국달러(매매기준율),원,731Y001,USD/KRW (KRW per USD),Saturday,weekend_observation
1986-05-17,886.6,731Y001,1,원/미국달러(매매기준율),원,731Y001,USD/KRW (KRW per USD),Saturday,weekend_observation
1986-05-24,889.1,731Y001,1,원/미국달러(매매기준율),원,731Y001,USD/KRW (KRW per USD),Saturday,weekend_observation
1986-05-31,889.8,731Y001,1,원/미국달러(매매기준율),원,731Y001,USD/KRW (KRW per USD),Saturday,weekend_observation
1986-06-07,888.8,731Y001,1,원/미국달러(매매기준율),원,731Y001,USD/KRW (KRW per USD),Saturday,weekend_observation
1986-06-14,888.3,731Y001,1,원/미국달러(매매기준율),원,731Y001,USD/KRW (KRW per USD),Saturday,weekend_observation
1986-06-21,888.6,731Y001,1,원/미국달러(매매기준율),원,731Y001,USD/KRW (KRW per USD),Saturday,weekend_observation
1986-06-28,886.6,731Y001,1,원/미국달러(매매기준율),원,731Y001,USD/KRW (KRW per USD),Saturday,weekend_observation
1986-07-05,884.6,731Y001,1,원/미국달러(매매기준율),원,731Y001,USD/KRW (KRW per USD),Saturday,weekend_observation
1986-07-12,885.7,731Y001,1,원/미국달러(매매기준율),원,731Y001,USD/KRW (KRW per USD),Saturday,weekend_observation
1986-07-19,884.5,731Y001,1,원/미국달러(매매기준율),원,731Y001,USD/KRW (KRW per USD),Saturday,weekend_observation
1986-07-26,885.6,731Y001,1,원/미국달러(매매기준율),원,731Y001,USD/KRW (KRW per USD),Saturday,weekend_observation
1986-08-02,883.8,731Y001,1,원/미국달러(매매기준율),원,731Y001,USD/KRW (KRW per USD),Saturday,weekend_observation
1986-08-09,883.8,731Y001,1,원/미국달러(매매기준율),원,731Y001,USD/KRW (KRW per USD),Saturday,weekend_observation
1986-08-16,882.2,731Y001,1,원/미국달러(매매기준율),원,731Y001,USD/KRW (KRW per USD),Saturday,weekend_observation
1986-08-23,880.2,731Y001,1,원/미국달러(매매기준율),원,731Y001,USD/KRW (KRW per USD),Saturday,weekend_observation
1986-08-30,880.2,731Y001,1,원/미국달러(매매기준율),원,731Y001,USD/KRW (KRW per USD),Saturday,weekend_observation
1986-09-06,879.8,731Y001,1,원/미국달러(매매기준율),원,731Y001,USD/KRW (KRW per USD),Saturday,weekend_observation
1986-09-13,879.5,731Y001,1,원/미국달러(매매기준율),원,731Y001,USD/KRW (KRW per USD),Saturday,weekend_observation
1986-09-20,878.2,731Y001,1,원/미국달러(매매기준율),원,731Y001,USD/KRW (KRW per USD),Saturday,weekend_observation
1986-09-27,878.4,731Y001,1,원/미국달러(매매기준율),원,731Y001,USD/KRW (KRW per USD),Saturday,weekend_observation
1986-10-04,876.6,731Y001,1,원/미국달러(매매기준율),원,731Y001,USD/KRW (KRW per USD),Saturday,weekend_observation
1986-10-11,875.7,731Y001,1,원/미국달러(매매기준율),원,731Y001,USD/KRW (KRW per USD),Saturday,weekend_observation
1986-10-12,875.7,731Y001,1,원/미국달러(매매기준율),원,731Y001,USD/KRW (KRW per USD),Sunday,weekend_observation
1986-10-18,873.7,731Y001,1,원/미국달러(매매기준율),원,731Y001,USD/KRW (KRW per USD),Saturday,weekend_observation
1986-10-25,874.6,731Y001,1,원/미국달러(매매기준율),원,731Y001,USD/KRW (KRW per USD),Saturday,weekend_observation
1986-11-01,873.5,731Y001,1,원/미국달러(매매기준율),원,731Y001,USD/KRW (KRW per USD),Saturday,weekend_observation
1986-11-08,871.5,731Y001,1,원/미국달러(매매기준율),원,731Y001,USD/KRW (KRW per USD),Saturday,weekend_observation
1986-11-15,867.5,731Y001,1,원/미국달러(매매기준율),원,731Y001,USD/KRW (KRW per USD),Saturday,weekend_observation
1986-11-22,868.8,731Y001,1,원/미국달러(매매기준율),원,731Y001,USD/KRW (KRW per USD),Saturday,weekend_observation
1986-11-29,865.0,731Y001,1,원/미국달러(매매기준율),원,731Y001,USD/KRW (KRW per USD),Saturday,weekend_observation
1986-12-06,865.8,731Y001,1,원/미국달러(매매기준율),원,731Y001,USD/KRW (KRW per USD),Saturday,weekend_observation
1986-12-13,867.1,731Y001,1,원/미국달러(매매기준율),원,731Y001,USD/KRW (KRW per USD),Saturday,weekend_observation
1986-12-20,863.1,731Y001,1,원/미국달러(매매기준율),원,731Y001,USD/KRW (KRW per USD),Saturday,weekend_observation
1986-12-27,861.4,731Y001,1,원/미국달러(매매기준율),원,731Y001,USD/KRW (KRW per USD),Saturday,weekend_observation
1987-01-10,860.2,731Y001,1,원/미국달러(매매기준율),원,731Y001,USD/KRW (KRW per USD),Saturday,weekend_observation
1987-01-17,858.1,731Y001,1,원/미국달러(매매기준율),원,731Y001,USD/KRW (KRW per USD),Saturday,weekend_observation
1987-01-24,857.9,731Y001,1,원/미국달러(매매기준율),원,731Y001,USD/KRW (KRW per USD),Saturday,weekend_observation
1987-01-31,857.2,731Y001,1,원/미국달러(매매기준율),원,731Y001,USD/KRW (KRW per USD),Saturday,weekend_observation
1987-02-07,857.4,731Y001,1,원/미국달러(매매기준율),원,731Y001,USD/KRW (KRW per USD),Saturday,weekend_observation
1987-02-14,856.8,731Y001,1,원/미국달러(매매기준율),원,731Y001,USD/KRW (KRW per USD),Saturday,weekend_observation
1987-02-21,855.9,731Y001,1,원/미국달러(매매기준율),원,731Y001,USD/KRW (KRW per USD),Saturday,weekend_observation
1987-02-28,854.8,731Y001,1,원/미국달러(매매기준율),원,731Y001,USD/KRW (KRW per USD),Saturday,weekend_observation
1987-03-07,854.6,731Y001,1,원/미국달러(매매기준율),원,731Y001,USD/KRW (KRW per USD),Saturday,weekend_observation
1987-03-14,853.6,731Y001,1,원/미국달러(매매기준율),원,731Y001,USD/KRW (KRW per USD),Saturday,weekend_observation
1987-03-21,850.3,731Y001,1,원/미국달러(매매기준율),원,731Y001,USD/KRW (KRW per USD),Saturday,weekend_observation
1987-03-28,847.8,731Y001,1,원/미국달러(매매기준율),원,731Y001,USD/KRW (KRW per USD),Saturday,weekend_observation
1987-04-04,845.4,731Y001,1,원/미국달러(매매기준율),원,731Y001,USD/KRW (KRW per USD),Saturday,weekend_observation
1987-04-11,842.0,731Y001,1,원/미국달러(매매기준율),원,731Y001,USD/KRW (KRW per USD),Saturday,weekend_observation
1987-04-18,839.8,731Y001,1,원/미국달러(매매기준율),원,731Y001,USD/KRW (KRW per USD),Saturday,weekend_observation
1987-04-25,836.3,731Y001,1,원/미국달러(매매기준율),원,731Y001,USD/KRW (KRW per USD),Saturday,weekend_observation
1987-05-02,833.0,731Y001,1,원/미국달러(매매기준율),원,731Y001,USD/KRW (KRW per USD),Saturday,weekend_observation
1987-05-09,832.1,731Y001,1,원/미국달러(매매기준율),원,731Y001,USD/KRW (KRW per USD),Saturday,weekend_observation
1987-05-16,827.6,731Y001,1,원/미국달러(매매기준율),원,731Y001,USD/KRW (KRW per USD),Saturday,weekend_observation
1987-05-23,824.2,731Y001,1,원/미국달러(매매기준율),원,731Y001,USD/KRW (KRW per USD),Saturday,weekend_observation
1987-05-30,822.7,731Y001,1,원/미국달러(매매기준율),원,731Y001,USD/KRW (KRW per USD),Saturday,weekend_observation
1987-06-13,813.6,731Y001,1,원/미국달러(매매기준율),원,731Y001,USD/KRW (KRW per USD),Saturday,weekend_observation
1987-06-20,811.5,731Y001,1,원/미국달러(매매기준율),원,731Y001,USD/KRW (KRW per USD),Saturday,weekend_observation
1987-06-27,808.8,731Y001,1,원/미국달러(매매기준율),원,731Y001,USD/KRW (KRW per USD),Saturday,weekend_observation
1987-07-04,808.3,731Y001,1,원/미국달러(매매기준율),원,731Y001,USD/KRW (KRW per USD),Saturday,weekend_observation
1987-07-11,807.9,731Y001,1,원/미국달러(매매기준율),원,731Y001,USD/KRW (KRW per USD),Saturday,weekend_observation
1987-07-18,808.0,731Y001,1,원/미국달러(매매기준율),원,731Y001,USD/KRW (KRW per USD),Saturday,weekend_observation
1987-07-25,807.8,731Y001,1,원/미국달러(매매기준율),원,731Y001,USD/KRW (KRW per USD),Saturday,weekend_observation
1987-08-01,808.1,731Y001,1,원/미국달러(매매기준율),원,731Y001,USD/KRW (KRW per USD),Saturday,weekend_observation
1987-08-08,808.6,731Y001,1,원/미국달러(매매기준율),원,731Y001,USD/KRW (KRW per USD),Saturday,weekend_observation
1987-08-22,807.6,731Y001,1,원/미국달러(매매기준율),원,731Y001,USD/KRW (KRW per USD),Saturday,weekend_observation
1987-08-29,807.7,731Y001,1,원/미국달러(매매기준율),원,731Y001,USD/KRW (KRW per USD),Saturday,weekend_observation
1987-09-05,806.9,731Y001,1,원/미국달러(매매기준율),원,731Y001,USD/KRW (KRW per USD),Saturday,weekend_observation
1987-09-12,806.6,731Y001,1,원/미국달러(매매기준율),원,731Y001,USD/KRW (KRW per USD),Saturday,weekend_observation
1987-09-19,805.9,731Y001,1,원/미국달러(매매기준율),원,731Y001,USD/KRW (KRW per USD),Saturday,weekend_observation
1987-09-26,805.6,731Y001,1,원/미국달러(매매기준율),원,731Y001,USD/KRW (KRW per USD),Saturday,weekend_observation
1987-10-10,805.8,731Y001,1,원/미국달러(매매기준율),원,731Y001,USD/KRW (KRW per USD),Saturday,weekend_observation
1987-10-17,804.9,731Y001,1,원/미국달러(매매기준율),원,731Y001,USD/KRW (KRW per USD),Saturday,weekend_observation
1987-10-24,803.8,731Y001,1,원/미국달러(매매기준율),원,731Y001,USD/KRW (KRW per USD),Saturday,weekend_observation
1987-10-31,801.4,731Y001,1,원/미국달러(매매기준율),원,731Y001,USD/KRW (KRW per USD),Saturday,weekend_observation
1987-11-07,799.5,731Y001,1,원/미국달러(매매기준율),원,731Y001,USD/KRW (KRW per USD),Saturday,weekend_observation
1987-11-14,798.8,731Y001,1,원/미국달러(매매기준율),원,731Y001,USD/KRW (KRW per USD),Saturday,weekend_observation
1987-11-21,797.5,731Y001,1,원/미국달러(매매기준율),원,731Y001,USD/KRW (KRW per USD),Saturday,weekend_observation
1987-11-28,796.4,731Y001,1,원/미국달러(매매기준율),원,731Y001,USD/KRW (KRW per USD),Saturday,weekend_observation
1987-12-05,795.7,731Y001,1,원/미국달러(매매기준율),원,731Y001,USD/KRW (KRW per USD),Saturday,weekend_observation
1987-12-12,795.1,731Y001,1,원/미국달러(매매기준율),원,731Y001,USD/KRW (KRW per USD),Saturday,weekend_observation
1987-12-19,794.8,731Y001,1,원/미국달러(매매기준율),원,731Y001,USD/KRW (KRW per USD),Saturday,weekend_observation
1987-12-26,793.5,731Y001,1,원/미국달러(매매기준율),원,731Y001,USD/KRW (KRW per USD),Saturday,weekend_observation
1988-01-09,791.1,731Y001,1,원/미국달러(매매기준율),원,731Y001,USD/KRW (KRW per USD),Saturday,weekend_observation
1988-01-16,787.6,731Y001,1,원/미국달러(매매기준율),원,731Y001,USD/KRW (KRW per USD),Saturday,weekend_observation
1988-01-23,784.6,731Y001,1,원/미국달러(매매기준율),원,731Y001,USD/KRW (KRW per USD),Saturday,weekend_observation
1988-01-30,781.6,731Y001,1,원/미국달러(매매기준율),원,731Y001,USD/KRW (KRW per USD),Saturday,weekend_observation
1988-02-06,779.9,731Y001,1,원/미국달러(매매기준율),원,731Y001,USD/KRW (KRW per USD),Saturday,weekend_observation
1988-02-13,775.0,731Y001,1,원/미국달러(매매기준율),원,731Y001,USD/KRW (KRW per USD),Saturday,weekend_observation
1988-02-20,768.2,731Y001,1,원/미국달러(매매기준율),원,731Y001,USD/KRW (KRW per USD),Saturday,weekend_observation
1988-02-27,760.8,731Y001,1,원/미국달러(매매기준율),원,731Y001,USD/KRW (KRW per USD),Saturday,weekend_observation
1988-03-05,760.2,731Y001,1,원/미국달러(매매기준율),원,731Y001,USD/KRW (KRW per USD),Saturday,weekend_observation
1988-03-12,754.8,731Y001,1,원/미국달러(매매기준율),원,731Y001,USD/KRW (KRW per USD),Saturday,weekend_observation
1988-03-19,752.3,731Y001,1,원/미국달러(매매기준율),원,731Y001,USD/KRW (KRW per USD),Saturday,weekend_observation
1988-03-26,747.5,731Y001,1,원/미국달러(매매기준율),원,731Y001,USD/KRW (KRW per USD),Saturday,weekend_observation
1988-04-02,743.2,731Y001,1,원/미국달러(매매기준율),원,731Y001,USD/KRW (KRW per USD),Saturday,weekend_observation
1988-04-09,742.8,731Y001,1,원/미국달러(매매기준율),원,731Y001,USD/KRW (KRW per USD),Saturday,weekend_observation
1988-04-16,740.7,731Y001,1,원/미국달러(매매기준율),원,731Y001,USD/KRW (KRW per USD),Saturday,weekend_observation
1988-04-23,740.4,731Y001,1,원/미국달러(매매기준율),원,731Y001,USD/KRW (KRW per USD),Saturday,weekend_observation
1988-04-30,740.0,731Y001,1,원/미국달러(매매기준율),원,731Y001,USD/KRW (KRW per USD),Saturday,weekend_observation
1988-05-07,738.4,731Y001,1,원/미국달러(매매기준율),원,731Y001,USD/KRW (KRW per USD),Saturday,weekend_observation
1988-05-14,734.9,731Y001,1,원/미국달러(매매기준율),원,731Y001,USD/KRW (KRW per USD),Saturday,weekend_observation
1988-05-21,734.4,731Y001,1,원/미국달러(매매기준율),원,731Y001,USD/KRW (KRW per USD),Saturday,weekend_observation
1988-05-28,732.9,731Y001,1,원/미국달러(매매기준율),원,731Y001,USD/KRW (KRW per USD),Saturday,weekend_observation
1988-06-04,732.3,731Y001,1,원/미국달러(매매기준율),원,731Y001,USD/KRW (KRW per USD),Saturday,weekend_observation
1988-06-11,728.6,731Y001,1,원/미국달러(매매기준율),원,731Y001,USD/KRW (KRW per USD),Saturday,weekend_observation
1988-06-18,728.3,731Y001,1,원/미국달러(매매기준율),원,731Y001,USD/KRW (KRW per USD),Saturday,weekend_observation
1988-06-25,728.8,731Y001,1,원/미국달러(매매기준율),원,731Y001,USD/KRW (KRW per USD),Saturday,weekend_observation
1988-07-02,728.5,731Y001,1,원/미국달러(매매기준율),원,731Y001,USD/KRW (KRW per USD),Saturday,weekend_observation
1988-07-09,726.3,731Y001,1,원/미국달러(매매기준율),원,731Y001,USD/KRW (KRW per USD),Saturday,weekend_observation
1988-07-16,726.0,731Y001,1,원/미국달러(매매기준율),원,731Y001,USD/KRW (KRW per USD),Saturday,weekend_observation
1988-07-23,723.8,731Y001,1,원/미국달러(매매기준율),원,731Y001,USD/KRW (KRW per USD),Saturday,weekend_observation
1988-07-30,723.8,731Y001,1,원/미국달러(매매기준율),원,731Y001,USD/KRW (KRW per USD),Saturday,weekend_observation
1988-08-06,723.4,731Y001,1,원/미국달러(매매기준율),원,731Y001,USD/KRW (KRW per USD),Saturday,weekend_observation
1988-08-13,722.7,731Y001,1,원/미국달러(매매기준율),원,731Y001,USD/KRW (KRW per USD),Saturday,weekend_observation
1988-08-20,722.4,731Y001,1,원/미국달러(매매기준율),원,731Y001,USD/KRW (KRW per USD),Saturday,weekend_observation
1988-08-27,721.8,731Y001,1,원/미국달러(매매기준율),원,731Y001,USD/KRW (KRW per USD),Saturday,weekend_observation
1988-09-03,721.8,731Y001,1,원/미국달러(매매기준율),원,731Y001,USD/KRW (KRW per USD),Saturday,weekend_observation
1988-09-10,720.0,731Y001,1,원/미국달러(매매기준율),원,731Y001,USD/KRW (KRW per USD),Saturday,weekend_observation
1988-09-17,720.0,731Y001,1,원/미국달러(매매기준율),원,731Y001,USD/KRW (KRW per USD),Saturday,weekend_observation
1988-09-24,719.6,731Y001,1,원/미국달러(매매기준율),원,731Y001,USD/KRW (KRW per USD),Saturday,weekend_observation
1988-10-08,716.3,731Y001,1,원/미국달러(매매기준율),원,731Y001,USD/KRW (KRW per USD),Saturday,weekend_observation
1988-10-15,708.8,731Y001,1,원/미국달러(매매기준율),원,731Y001,USD/KRW (KRW per USD),Saturday,weekend_observation
1988-10-22,704.1,731Y001,1,원/미국달러(매매기준율),원,731Y001,USD/KRW (KRW per USD),Saturday,weekend_observation
1988-10-29,701.4,731Y001,1,원/미국달러(매매기준율),원,731Y001,USD/KRW (KRW per USD),Saturday,weekend_observation
1988-11-05,697.7,731Y001,1,원/미국달러(매매기준율),원,731Y001,USD/KRW (KRW per USD),Saturday,weekend_observation
1988-11-12,693.1,731Y001,1,원/미국달러(매매기준율),원,731Y001,USD/KRW (KRW per USD),Saturday,weekend_observation
1988-11-19,690.9,731Y001,1,원/미국달러(매매기준율),원,731Y001,USD/KRW (KRW per USD),Saturday,weekend_observation
1988-11-26,688.0,731Y001,1,원/미국달러(매매기준율),원,731Y001,USD/KRW (KRW per USD),Saturday,weekend_observation
1988-12-03,685.9,731Y001,1,원/미국달러(매매기준율),원,731Y001,USD/KRW (KRW per USD),Saturday,weekend_observation
1988-12-10,684.7,731Y001,1,원/미국달러(매매기준율),원,731Y001,USD/KRW (KRW per USD),Saturday,weekend_observation
1988-12-17,684.8,731Y001,1,원/미국달러(매매기준율),원,731Y001,USD/KRW (KRW per USD),Saturday,weekend_observation
1988-12-24,684.7,731Y001,1,원/미국달러(매매기준율),원,731Y001,USD/KRW (KRW per USD),Saturday,weekend_observation
1988-12-31,684.1,731Y001,1,원/미국달러(매매기준율),원,731Y001,USD/KRW (KRW per USD),Saturday,weekend_observation
1989-01-07,683.9,731Y001,1,원/미국달러(매매기준율),원,731Y001,USD/KRW (KRW per USD),Saturday,weekend_observation
1989-01-14,683.1,731Y001,1,원/미국달러(매매기준율),원,731Y001,USD/KRW (KRW per USD),Saturday,weekend_observation
1989-01-21,681.8,731Y001,1,원/미국달러(매매기준율),원,731Y001,USD/KRW (KRW per USD),Saturday,weekend_observation
1989-01-28,680.5,731Y001,1,원/미국달러(매매기준율),원,731Y001,USD/KRW (KRW per USD),Saturday,weekend_observation
1989-02-04,680.2,731Y001,1,원/미국달러(매매기준율),원,731Y001,USD/KRW (KRW per USD),Saturday,weekend_observation
1989-02-11,677.8,731Y001,1,원/미국달러(매매기준율),원,731Y001,USD/KRW (KRW per USD),Saturday,weekend_observation
1989-02-18,675.3,731Y001,1,원/미국달러(매매기준율),원,731Y001,USD/KRW (KRW per USD),Saturday,weekend_observation
1989-02-25,673.8,731Y001,1,원/미국달러(매매기준율),원,731Y001,USD/KRW (KRW per USD),Saturday,weekend_observation
1989-03-04,672.6,731Y001,1,원/미국달러(매매기준율),원,731Y001,USD/KRW (KRW per USD),Saturday,weekend_observation
1989-03-11,673.0,731Y001,1,원/미국달러(매매기준율),원,731Y001,USD/KRW (KRW per USD),Saturday,weekend_observation
1989-03-18,673.3,731Y001,1,원/미국달러(매매기준율),원,731Y001,USD/KRW (KRW per USD),Saturday,weekend_observation
1989-03-25,672.8,731Y001,1,원/미국달러(매매기준율),원,731Y001,USD/KRW (KRW per USD),Saturday,weekend_observation
1989-04-01,671.0,731Y001,1,원/미국달러(매매기준율),원,731Y001,USD/KRW (KRW per USD),Saturday,weekend_observation
1989-04-08,667.4,731Y001,1,원/미국달러(매매기준율),원,731Y001,USD/KRW (KRW per USD),Saturday,weekend_observation
1989-04-15,667.4,731Y001,1,원/미국달러(매매기준율),원,731Y001,USD/KRW (KRW per USD),Saturday,weekend_observation
1989-04-22,665.9,731Y001,1,원/미국달러(매매기준율),원,731Y001,USD/KRW (KRW per USD),Saturday,weekend_observation
1989-04-29,666.3,731Y001,1,원/미국달러(매매기준율),원,731Y001,USD/KRW (KRW per USD),Saturday,weekend_observation
1989-05-06,666.4,731Y001,1,원/미국달러(매매기준율),원,731Y001,USD/KRW (KRW per USD),Saturday,weekend_observation
1989-05-13,666.5,731Y001,1,원/미국달러(매매기준율),원,731Y001,USD/KRW (KRW per USD),Saturday,weekend_observation
1989-05-20,666.7,731Y001,1,원/미국달러(매매기준율),원,731Y001,USD/KRW (KRW per USD),Saturday,weekend_observation
1989-05-27,666.6,731Y001,1,원/미국달러(매매기준율),원,731Y001,USD/KRW (KRW per USD),Saturday,weekend_observation
1989-06-03,666.5,731Y001,1,원/미국달러(매매기준율),원,731Y001,USD/KRW (KRW per USD),Saturday,weekend_observation
1989-06-10,666.6,731Y001,1,원/미국달러(매매기준율),원,731Y001,USD/KRW (KRW per USD),Saturday,weekend_observation
1989-06-17,666.9,731Y001,1,원/미국달러(매매기준율),원,731Y001,USD/KRW (KRW per USD),Saturday,weekend_observation
1989-06-24,666.4,731Y001,1,원/미국달러(매매기준율),원,731Y001,USD/KRW (KRW per USD),Saturday,weekend_observation
1989-07-01,667.3,731Y001,1,원/미국달러(매매기준율),원,731Y001,USD/KRW (KRW per USD),Saturday,weekend_observation
1989-07-08,667.0,731Y001,1,원/미국달러(매매기준율),원,731Y001,USD/KRW (KRW per USD),Saturday,weekend_observation
1989-07-15,667.3,731Y001,1,원/미국달러(매매기준율),원,731Y001,USD/KRW (KRW per USD),Saturday,weekend_observation
1989-07-22,667.4,731Y001,1,원/미국달러(매매기준율),원,731Y001,USD/KRW (KRW per USD),Saturday,weekend_observation
1989-07-29,667.4,731Y001,1,원/미국달러(매매기준율),원,731Y001,USD/KRW (KRW per USD),Saturday,weekend_observation
1989-08-05,667.8,731Y001,1,원/미국달러(매매기준율),원,731Y001,USD/KRW (KRW per USD),Saturday,weekend_observation
1989-08-12,668.3,731Y001,1,원/미국달러(매매기준율),원,731Y001,USD/KRW (KRW per USD),Saturday,weekend_observation
1989-08-19,668.7,731Y001,1,원/미국달러(매매기준율),원,731Y001,USD/KRW (KRW per USD),Saturday,weekend_observation
1989-08-26,669.1,731Y001,1,원/미국달러(매매기준율),원,731Y001,USD/KRW (KRW per USD),Saturday,weekend_observation
1989-09-02,669.7,731Y001,1,원/미국달러(매매기준율),원,731Y001,USD/KRW (KRW per USD),Saturday,weekend_observation
1989-09-09,670.3,731Y001,1,원/미국달러(매매기준율),원,731Y001,USD/KRW (KRW per USD),Saturday,weekend_observation
1989-09-16,670.3,731Y001,1,원/미국달러(매매기준율),원,731Y001,USD/KRW (KRW per USD),Saturday,weekend_observation
1989-09-23,670.0,731Y001,1,원/미국달러(매매기준율),원,731Y001,USD/KRW (KRW per USD),Saturday,weekend_observation
1989-09-30,670.0,731Y001,1,원/미국달러(매매기준율),원,731Y001,USD/KRW (KRW per USD),Saturday,weekend_observation
1989-10-07,670.8,731Y001,1,원/미국달러(매매기준율),원,731Y001,USD/KRW (KRW per USD),Saturday,weekend_observation
1989-10-14,671.3,731Y001,1,원/미국달러(매매기준율),원,731Y001,USD/KRW (KRW per USD),Saturday,weekend_observation
1989-10-21,671.5,731Y001,1,원/미국달러(매매기준율),원,731Y001,USD/KRW (KRW per USD),Saturday,weekend_observation
1989-10-28,671.7,731Y001,1,원/미국달러(매매기준율),원,731Y001,USD/KRW (KRW per USD),Saturday,weekend_observation
1989-11-04,672.0,731Y001,1,원/미국달러(매매기준율),원,731Y001,USD/KRW (KRW per USD),Saturday,weekend_observation
1989-11-11,672.2,731Y001,1,원/미국달러(매매기준율),원,731Y001,USD/KRW (KRW per USD),Saturday,weekend_observation
1989-11-18,672.4,731Y001,1,원/미국달러(매매기준율),원,731Y001,USD/KRW (KRW per USD),Saturday,weekend_observation
1989-11-25,672.7,731Y001,1,원/미국달러(매매기준율),원,731Y001,USD/KRW (KRW per USD),Saturday,weekend_observation
1989-12-02,673.0,731Y001,1,원/미국달러(매매기준율),원,731Y001,USD/KRW (KRW per USD),Saturday,weekend_observation
1989-12-09,673.9,731Y001,1,원/미국달러(매매기준율),원,731Y001,USD/KRW (KRW per USD),Saturday,weekend_observation
1989-12-16,675.2,731Y001,1,원/미국달러(매매기준율),원,731Y001,USD/KRW (KRW per USD),Saturday,weekend_observation
1989-12-23,677.4,731Y001,1,원/미국달러(매매기준율),원,731Y001,USD/KRW (KRW per USD),Saturday,weekend_observation
1989-12-30,679.6,731Y001,1,원/미국달러(매매기준율),원,731Y001,USD/KRW (KRW per USD),Saturday,weekend_observation
1990-01-06,680.9,731Y001,1,원/미국달러(매매기준율),원,731Y001,USD/KRW (KRW per USD),Saturday,weekend_observation
1990-01-13,683.3,731Y001,1,원/미국달러(매매기준율),원,731Y001,USD/KRW (KRW per USD),Saturday,weekend_observation
1990-01-20,685.2,731Y001,1,원/미국달러(매매기준율),원,731Y001,USD/KRW (KRW per USD),Saturday,weekend_observation
1990-02-03,688.1,731Y001,1,원/미국달러(매매기준율),원,731Y001,USD/KRW (KRW per USD),Saturday,weekend_observation
1990-02-10,689.0,731Y001,1,원/미국달러(매매기준율),원,731Y001,USD/KRW (KRW per USD),Saturday,weekend_observation
1990-02-17,690.6,731Y001,1,원/미국달러(매매기준율),원,731Y001,USD/KRW (KRW per USD),Saturday,weekend_observation
1990-02-24,692.4,731Y001,1,원/미국달러(매매기준율),원,731Y001,USD/KRW (KRW per USD),Saturday,weekend_observation
1990-03-03,693.2,731Y001,1,원/미국달러(매매기준율),원,731Y001,USD/KRW (KRW per USD),Saturday,weekend_observation
1990-03-17,696.3,731Y001,1,원/미국달러(매매기준율),원,731Y001,USD/KRW (KRW per USD),Saturday,weekend_observation
1990-03-24,699.5,731Y001,1,원/미국달러(매매기준율),원,731Y001,USD/KRW (KRW per USD),Saturday,weekend_observation
1990-03-31,702.1,731Y001,1,원/미국달러(매매기준율),원,731Y001,USD/KRW (KRW per USD),Saturday,weekend_observation
1990-04-07,706.6,731Y001,1,원/미국달러(매매기준율),원,731Y001,USD/KRW (KRW per USD),Saturday,weekend_observation
1990-04-14,706.5,731Y001,1,원/미국달러(매매기준율),원,731Y001,USD/KRW (KRW per USD),Saturday,weekend_observation
1990-04-21,705.1,731Y001,1,원/미국달러(매매기준율),원,731Y001,USD/KRW (KRW per USD),Saturday,weekend_observation
1990-04-28,707.0,731Y001,1,원/미국달러(매매기준율),원,731Y001,USD/KRW (KRW per USD),Saturday,weekend_observation
1990-05-12,707.7,731Y001,1,원/미국달러(매매기준율),원,731Y001,USD/KRW (KRW per USD),Saturday,weekend_observation
1990-05-19,710.0,731Y001,1,원/미국달러(매매기준율),원,731Y001,USD/KRW (KRW per USD),Saturday,weekend_observation
1990-05-26,711.9,731Y001,1,원/미국달러(매매기준율),원,731Y001,USD/KRW (KRW per USD),Saturday,weekend_observation
1990-06-02,711.5,731Y001,1,원/미국달러(매매기준율),원,731Y001,USD/KRW (KRW per USD),Saturday,weekend_observation
1990-06-09,715.1,731Y001,1,원/미국달러(매매기준율),원,731Y001,USD/KRW (KRW per USD),Saturday,weekend_observation
1990-06-16,716.2,731Y001,1,원/미국달러(매매기준율),원,731Y001,USD/KRW (KRW per USD),Saturday,weekend_observation
1990-06-23,716.8,731Y001,1,원/미국달러(매매기준율),원,731Y001,USD/KRW (KRW per USD),Saturday,weekend_observation
1990-06-30,716.0,731Y001,1,원/미국달러(매매기준율),원,731Y001,USD/KRW (KRW per USD),Saturday,weekend_observation
1990-07-07,716.8,731Y001,1,원/미국달러(매매기준율),원,731Y001,USD/KRW (KRW per USD),Saturday,weekend_observation
1990-07-14,716.0,731Y001,1,원/미국달러(매매기준율),원,731Y001,USD/KRW (KRW per USD),Saturday,weekend_observation
1990-07-21,715.6,731Y001,1,원/미국달러(매매기준율),원,731Y001,USD/KRW (KRW per USD),Saturday,weekend_observation
1990-07-28,715.3,731Y001,1,원/미국달러(매매기준율),원,731Y001,USD/KRW (KRW per USD),Saturday,weekend_observation
1990-08-04,714.3,731Y001,1,원/미국달러(매매기준율),원,731Y001,USD/KRW (KRW per USD),Saturday,weekend_observation
1990-08-11,716.3,731Y001,1,원/미국달러(매매기준율),원,731Y001,USD/KRW (KRW per USD),Saturday,weekend_observation
1990-08-18,717.5,731Y001,1,원/미국달러(매매기준율),원,731Y001,USD/KRW (KRW per USD),Saturday,weekend_observation
1990-08-25,715.9,731Y001,1,원/미국달러(매매기준율),원,731Y001,USD/KRW (KRW per USD),Saturday,weekend_observation
1990-09-01,713.3,731Y001,1,원/미국달러(매매기준율),원,731Y001,USD/KRW (KRW per USD),Saturday,weekend_observation
1990-09-08,716.3,731Y001,1,원/미국달러(매매기준율),원,731Y001,USD/KRW (KRW per USD),Saturday,weekend_observation
1990-09-15,716.5,731Y001,1,원/미국달러(매매기준율),원,731Y001,USD/KRW (KRW per USD),Saturday,weekend_observation
1990-09-22,715.2,731Y001,1,원/미국달러(매매기준율),원,731Y001,USD/KRW (KRW per USD),Saturday,weekend_observation
1990-09-29,712.9,731Y001,1,원/미국달러(매매기준율),원,731Y001,USD/KRW (KRW per USD),Saturday,weekend_observation
1990-10-06,713.8,731Y001,1,원/미국달러(매매기준율),원,731Y001,USD/KRW (KRW per USD),Saturday,weekend_observation
1990-10-13,715.2,731Y001,1,원/미국달러(매매기준율),원,731Y001,USD/KRW (KRW per USD),Saturday,weekend_observation
1990-10-20,716.0,731Y001,1,원/미국달러(매매기준율),원,731Y001,USD/KRW (KRW per USD),Saturday,weekend_observation
1990-10-27,714.8,731Y001,1,원/미국달러(매매기준율),원,731Y001,USD/KRW (KRW per USD),Saturday,weekend_observation
1990-11-03,714.6,731Y001,1,원/미국달러(매매기준율),원,731Y001,USD/KRW (KRW per USD),Saturday,weekend_observation
1990-11-10,715.1,731Y001,1,원/미국달러(매매기준율),원,731Y001,USD/KRW (KRW per USD),Saturday,weekend_observation
1990-11-17,714.2,731Y001,1,원/미국달러(매매기준율),원,731Y001,USD/KRW (KRW per USD),Saturday,weekend_observation
1990-11-24,714.0,731Y001,1,원/미국달러(매매기준율),원,731Y001,USD/KRW (KRW per USD),Saturday,weekend_observation
1990-12-01,713.0,731Y001,1,원/미국달러(매매기준율),원,731Y001,USD/KRW (KRW per USD),Saturday,weekend_observation
1990-12-08,714.9,731Y001,1,원/미국달러(매매기준율),원,731Y001,USD/KRW (KRW per USD),Saturday,weekend_observation
1990-12-15,717.0,731Y001,1,원/미국달러(매매기준율),원,731Y001,USD/KRW (KRW per USD),Saturday,weekend_observation
1990-12-22,716.4,731Y001,1,원/미국달러(매매기준율),원,731Y001,USD/KRW (KRW per USD),Saturday,weekend_observation
1990-12-29,716.4,731Y001,1,원/미국달러(매매기준율),원,731Y001,USD/KRW (KRW per USD),Saturday,weekend_observation
1991-01-05,716.7,731Y001,1,원/미국달러(매매기준율),원,731Y001,USD/KRW (KRW per USD),Saturday,weekend_observation
1991-01-12,717.8,731Y001,1,원/미국달러(매매기준율),원,731Y001,USD/KRW (KRW per USD),Saturday,weekend_observation
1991-01-19,718.9,731Y001,1,원/미국달러(매매기준율),원,731Y001,USD/KRW (KRW per USD),Saturday,weekend_observation
1991-01-26,718.4,731Y001,1,원/미국달러(매매기준율),원,731Y001,USD/KRW (KRW per USD),Saturday,weekend_observation
1991-02-02,719.4,731Y001,1,원/미국달러(매매기준율),원,731Y001,USD/KRW (KRW per USD),Saturday,weekend_observation
1991-02-09,722.0,731Y001,1,원/미국달러(매매기준율),원,731Y001,USD/KRW (KRW per USD),Saturday,weekend_observation
1991-02-23,722.9,731Y001,1,원/미국달러(매매기준율),원,731Y001,USD/KRW (KRW per USD),Saturday,weekend_observation
1991-03-02,724.2,731Y001,1,원/미국달러(매매기준율),원,731Y001,USD/KRW (KRW per USD),Saturday,weekend_observation
1991-03-09,724.8,731Y001,1,원/미국달러(매매기준율),원,731Y001,USD/KRW (KRW per USD),Saturday,weekend_observation
1991-03-16,725.4,731Y001,1,원/미국달러(매매기준율),원,731Y001,USD/KRW (KRW per USD),Saturday,weekend_observation
1991-03-23,725.5,731Y001,1,원/미국달러(매매기준율),원,731Y001,USD/KRW (KRW per USD),Saturday,weekend_observation
1991-03-30,724.7,731Y001,1,원/미국달러(매매기준율),원,731Y001,USD/KRW (KRW per USD),Saturday,weekend_observation
1991-04-06,725.7,731Y001,1,원/미국달러(매매기준율),원,731Y001,USD/KRW (KRW per USD),Saturday,weekend_observation
1991-04-13,726.1,731Y001,1,원/미국달러(매매기준율),원,731Y001,USD/KRW (KRW per USD),Saturday,weekend_observation
1991-04-20,725.5,731Y001,1,원/미국달러(매매기준율),원,731Y001,USD/KRW (KRW per USD),Saturday,weekend_observation
1991-04-27,724.7,731Y001,1,원/미국달러(매매기준율),원,731Y001,USD/KRW (KRW per USD),Saturday,weekend_observation
1991-05-04,723.0,731Y001,1,원/미국달러(매매기준율),원,731Y001,USD/KRW (KRW per USD),Saturday,weekend_observation
1991-05-11,726.9,731Y001,1,원/미국달러(매매기준율),원,731Y001,USD/KRW (KRW per USD),Saturday,weekend_observation
1991-05-18,725.4,731Y001,1,원/미국달러(매매기준율),원,731Y001,USD/KRW (KRW per USD),Saturday,weekend_observation
1991-05-25,725.1,731Y001,1,원/미국달러(매매기준율),원,731Y001,USD/KRW (KRW per USD),Saturday,weekend_observation
1991-06-01,722.6,731Y001,1,원/미국달러(매매기준율),원,731Y001,USD/KRW (KRW per USD),Saturday,weekend_observation
1991-06-08,726.0,731Y001,1,원/미국달러(매매기준율),원,731Y001,USD/KRW (KRW per USD),Saturday,weekend_observation
1991-06-15,723.3,731Y001,1,원/미국달러(매매기준율),원,731Y001,USD/KRW (KRW per USD),Saturday,weekend_observation
1991-06-22,726.4,731Y001,1,원/미국달러(매매기준율),원,731Y001,USD/KRW (KRW per USD),Saturday,weekend_observation
1991-06-29,723.1,731Y001,1,원/미국달러(매매기준율),원,731Y001,USD/KRW (KRW per USD),Saturday,weekend_observation
1991-07-06,729.6,731Y001,1,원/미국달러(매매기준율),원,731Y001,USD/KRW (KRW per USD),Saturday,weekend_observation
1991-07-13,731.5,731Y001,1,원/미국달러(매매기준율),원,731Y001,USD/KRW (KRW per USD),Saturday,weekend_observation
1991-07-20,731.3,731Y001,1,원/미국달러(매매기준율),원,731Y001,USD/KRW (KRW per USD),Saturday,weekend_observation
1991-07-27,725.5,731Y001,1,원/미국달러(매매기준율),원,731Y001,USD/KRW (KRW per USD),Saturday,weekend_observation
1991-08-03,726.7,731Y001,1,원/미국달러(매매기준율),원,731Y001,USD/KRW (KRW per USD),Saturday,weekend_observation
1991-08-10,729.9,731Y001,1,원/미국달러(매매기준율),원,731Y001,USD/KRW (KRW per USD),Saturday,weekend_observation
1991-08-17,734.0,731Y001,1,원/미국달러(매매기준율),원,731Y001,USD/KRW (KRW per USD),Saturday,weekend_observation
1991-08-24,731.9,731Y001,1,원/미국달러(매매기준율),원,731Y001,USD/KRW (KRW per USD),Saturday,weekend_observation
1991-08-31,735.6,731Y001,1,원/미국달러(매매기준율),원,731Y001,USD/KRW (KRW per USD),Saturday,weekend_observation
1991-09-07,740.2,731Y001,1,원/미국달러(매매기준율),원,731Y001,USD/KRW (KRW per USD),Saturday,weekend_observation
1991-09-14,740.9,731Y001,1,원/미국달러(매매기준율),원,731Y001,USD/KRW (KRW per USD),Saturday,weekend_observation
1991-09-28,741.5,731Y001,1,원/미국달러(매매기준율),원,731Y001,USD/KRW (KRW per USD),Saturday,weekend_observation
1991-10-05,747.0,731Y001,1,원/미국달러(매매기준율),원,731Y001,USD/KRW (KRW per USD),Saturday,weekend_observation
1991-10-12,750.0,731Y001,1,원/미국달러(매매기준율),원,731Y001,USD/KRW (KRW per USD),Saturday,weekend_observation
1991-10-19,749.5,731Y001,1,원/미국달러(매매기준율),원,731Y001,USD/KRW (KRW per USD),Saturday,weekend_observation
1991-10-26,750.4,731Y001,1,원/미국달러(매매기준율),원,731Y001,USD/KRW (KRW per USD),Saturday,weekend_observation
1991-11-02,752.8,731Y001,1,원/미국달러(매매기준율),원,731Y001,USD/KRW (KRW per USD),Saturday,weekend_observation
1991-11-09,752.1,731Y001,1,원/미국달러(매매기준율),원,731Y001,USD/KRW (KRW per USD),Saturday,weekend_observation
1991-11-16,752.5,731Y001,1,원/미국달러(매매기준율),원,731Y001,USD/KRW (KRW per USD),Saturday,weekend_observation
1991-11-23,754.9,731Y001,1,원/미국달러(매매기준율),원,731Y001,USD/KRW (KRW per USD),Saturday,weekend_observation
1991-11-30,754.5,731Y001,1,원/미국달러(매매기준율),원,731Y001,USD/KRW (KRW per USD),Saturday,weekend_observation
1991-12-07,755.0,731Y001,1,원/미국달러(매매기준율),원,731Y001,USD/KRW (KRW per USD),Saturday,weekend_observation
1991-12-14,757.3,731Y001,1,원/미국달러(매매기준율),원,731Y001,USD/KRW (KRW per USD),Saturday,weekend_observation
1991-12-21,758.7,731Y001,1,원/미국달러(매매기준율),원,731Y001,USD/KRW (KRW per USD),Saturday,weekend_observation
1991-12-28,760.2,731Y001,1,원/미국달러(매매기준율),원,731Y001,USD/KRW (KRW per USD),Saturday,weekend_observation
1992-01-04,759.0,731Y001,1,원/미국달러(매매기준율),원,731Y001,USD/KRW (KRW per USD),Saturday,weekend_observation
1992-01-11,762.4,731Y001,1,원/미국달러(매매기준율),원,731Y001,USD/KRW (KRW per USD),Saturday,weekend_observation
1992-01-18,763.5,731Y001,1,원/미국달러(매매기준율),원,731Y001,USD/KRW (KRW per USD),Saturday,weekend_observation
1992-01-25,764.5,731Y001,1,원/미국달러(매매기준율),원,731Y001,USD/KRW (KRW per USD),Saturday,weekend_observation
1992-02-01,762.3,731Y001,1,원/미국달러(매매기준율),원,731Y001,USD/KRW (KRW per USD),Saturday,weekend_observation
1992-02-08,764.3,731Y001,1,원/미국달러(매매기준율),원,731Y001,USD/KRW (KRW per USD),Saturday,weekend_observation
1992-02-15,765.3,731Y001,1,원/미국달러(매매기준율),원,731Y001,USD/KRW (KRW per USD),Saturday,weekend_observation
1992-02-22,767.9,731Y001,1,원/미국달러(매매기준율),원,731Y001,USD/KRW (KRW per USD),Saturday,weekend_observation
1992-02-29,768.2,731Y001,1,원/미국달러(매매기준율),원,731Y001,USD/KRW (KRW per USD),Saturday,weekend_observation
1992-03-07,768.2,731Y001,1,원/미국달러(매매기준율),원,731Y001,USD/KRW (KRW per USD),Saturday,weekend_observation
1992-03-14,770.7,731Y001,1,원/미국달러(매매기준율),원,731Y001,USD/KRW (KRW per USD),Saturday,weekend_observation
1992-03-21,773.3,731Y001,1,원/미국달러(매매기준율),원,731Y001,USD/KRW (KRW per USD),Saturday,weekend_observation
1992-03-28,774.4,731Y001,1,원/미국달러(매매기준율),원,731Y001,USD/KRW (KRW per USD),Saturday,weekend_observation
1992-04-04,775.6,731Y001,1,원/미국달러(매매기준율),원,731Y001,USD/KRW (KRW per USD),Saturday,weekend_observation
1992-04-11,779.7,731Y001,1,원/미국달러(매매기준율),원,731Y001,USD/KRW (KRW per USD),Saturday,weekend_observation
1992-04-18,777.6,731Y001,1,원/미국달러(매매기준율),원,731Y001,USD/KRW (KRW per USD),Saturday,weekend_observation
1992-04-25,778.6,731Y001,1,원/미국달러(매매기준율),원,731Y001,USD/KRW (KRW per USD),Saturday,weekend_observation
1992-05-02,778.5,731Y001,1,원/미국달러(매매기준율),원,731Y001,USD/KRW (KRW per USD),Saturday,weekend_observation
1992-05-09,782.7,731Y001,1,원/미국달러(매매기준율),원,731Y001,USD/KRW (KRW per USD),Saturday,weekend_observation
1992-05-16,783.6,731Y001,1,원/미국달러(매매기준율),원,731Y001,USD/KRW (KRW per USD),Saturday,weekend_observation
1992-05-23,784.8,731Y001,1,원/미국달러(매매기준율),원,731Y001,USD/KRW (KRW per USD),Saturday,weekend_observation
1992-05-30,783.5,731Y001,1,원/미국달러(매매기준율),원,731Y001,USD/KRW (KRW per USD),Saturday,weekend_observation
1992-06-13,789.3,731Y001,1,원/미국달러(매매기준율),원,731Y001,USD/KRW (KRW per USD),Saturday,weekend_observation
1992-06-20,791.4,731Y001,1,원/미국달러(매매기준율),원,731Y001,USD/KRW (KRW per USD),Saturday,weekend_observation
1992-06-27,790.2,731Y001,1,원/미국달러(매매기준율),원,731Y001,USD/KRW (KRW per USD),Saturday,weekend_observation
1992-07-04,785.7,731Y001,1,원/미국달러(매매기준율),원,731Y001,USD/KRW (KRW per USD),Saturday,weekend_observation
1992-07-11,787.1,731Y001,1,원/미국달러(매매기준율),원,731Y001,USD/KRW (KRW per USD),Saturday,weekend_observation
1992-07-18,786.4,731Y001,1,원/미국달러(매매기준율),원,731Y001,USD/KRW (KRW per USD),Saturday,weekend_observation
1992-07-25,787.4,731Y001,1,원/미국달러(매매기준율),원,731Y001,USD/KRW (KRW per USD),Saturday,weekend_observation
1992-08-01,787.2,731Y001,1,원/미국달러(매매기준율),원,731Y001,USD/KRW (KRW per USD),Saturday,weekend_observation
1992-08-08,788.8,731Y001,1,원/미국달러(매매기준율),원,731Y001,USD/KRW (KRW per USD),Saturday,weekend_observation
1992-08-22,790.8,731Y001,1,원/미국달러(매매기준율),원,731Y001,USD/KRW (KRW per USD),Saturday,weekend_observation
1992-08-29,787.6,731Y001,1,원/미국달러(매매기준율),원,731Y001,USD/KRW (KRW per USD),Saturday,weekend_observation
1992-09-05,785.1,731Y001,1,원/미국달러(매매기준율),원,731Y001,USD/KRW (KRW per USD),Saturday,weekend_observation
1992-09-19,784.6,731Y001,1,원/미국달러(매매기준율),원,731Y001,USD/KRW (KRW per USD),Saturday,weekend_observation
1992-09-26,786.4,731Y001,1,원/미국달러(매매기준율),원,731Y001,USD/KRW (KRW per USD),Saturday,weekend_observation
1992-10-10,784.7,731Y001,1,원/미국달러(매매기준율),원,731Y001,USD/KRW (KRW per USD),Saturday,weekend_observation
1992-10-17,783.0,731Y001,1,원/미국달러(매매기준율),원,731Y001,USD/KRW (KRW per USD),Saturday,weekend_observation
1992-10-24,782.7,731Y001,1,원/미국달러(매매기준율),원,731Y001,USD/KRW (KRW per USD),Saturday,weekend_observation
1992-10-31,782.4,731Y001,1,원/미국달러(매매기준율),원,731Y001,USD/KRW (KRW per USD),Saturday,weekend_observation
1992-11-07,782.0,731Y001,1,원/미국달러(매매기준율),원,731Y001,USD/KRW (KRW per USD),Saturday,weekend_observation
1992-11-14,782.4,731Y001,1,원/미국달러(매매기준율),원,731Y001,USD/KRW (KRW per USD),Saturday,weekend_observation
1992-11-21,787.5,731Y001,1,원/미국달러(매매기준율),원,731Y001,USD/KRW (KRW per USD),Saturday,weekend_observation
1992-11-28,785.1,731Y001,1,원/미국달러(매매기준율),원,731Y001,USD/KRW (KRW per USD),Saturday,weekend_observation
1992-12-05,786.3,731Y001,1,원/미국달러(매매기준율),원,731Y001,USD/KRW (KRW per USD),Saturday,weekend_observation
1992-12-12,790.2,731Y001,1,원/미국달러(매매기준율),원,731Y001,USD/KRW (KRW per USD),Saturday,weekend_observation
1992-12-19,788.8,731Y001,1,원/미국달러(매매기준율),원,731Y001,USD/KRW (KRW per USD),Saturday,weekend_observation
1992-12-26,789.2,731Y001,1,원/미국달러(매매기준율),원,731Y001,USD/KRW (KRW per USD),Saturday,weekend_observation
1993-01-09,792.5,731Y001,1,원/미국달러(매매기준율),원,731Y001,USD/KRW (KRW per USD),Saturday,weekend_observation
1993-01-16,792.7,731Y001,1,원/미국달러(매매기준율),원,731Y001,USD/KRW (KRW per USD),Saturday,weekend_observation
1993-01-30,794.0,731Y001,1,원/미국달러(매매기준율),원,731Y001,USD/KRW (KRW per USD),Saturday,weekend_observation
1993-02-06,797.4,731Y001,1,원/미국달러(매매기준율),원,731Y001,USD/KRW (KRW per USD),Saturday,weekend_observation
1993-02-13,796.6,731Y001,1,원/미국달러(매매기준율),원,731Y001,USD/KRW (KRW per USD),Saturday,weekend_observation
1993-02-20,796.9,731Y001,1,원/미국달러(매매기준율),원,731Y001,USD/KRW (KRW per USD),Saturday,weekend_observation
1993-02-27,794.9,731Y001,1,원/미국달러(매매기준율),원,731Y001,USD/KRW (KRW per USD),Saturday,weekend_observation
1993-03-06,792.8,731Y001,1,원/미국달러(매매기준율),원,731Y001,USD/KRW (KRW per USD),Saturday,weekend_observation
1993-03-13,793.7,731Y001,1,원/미국달러(매매기준율),원,731Y001,USD/KRW (KRW per USD),Saturday,weekend_observation
1993-03-20,792.9,731Y001,1,원/미국달러(매매기준율),원,731Y001,USD/KRW (KRW per USD),Saturday,weekend_observation
1993-03-27,793.3,731Y001,1,원/미국달러(매매기준율),원,731Y001,USD/KRW (KRW per USD),Saturday,weekend_observation
1993-04-03,795.6,731Y001,1,원/미국달러(매매기준율),원,731Y001,USD/KRW (KRW per USD),Saturday,weekend_observation
1993-04-10,795.8,731Y001,1,원/미국달러(매매기준율),원,731Y001,USD/KRW (KRW per USD),Saturday,weekend_observation
1993-04-17,795.7,731Y001,1,원/미국달러(매매기준율),원,731Y001,USD/KRW (KRW per USD),Saturday,weekend_observation
1993-04-24,796.0,731Y001,1,원/미국달러(매매기준율),원,731Y001,USD/KRW (KRW per USD),Saturday,weekend_observation
1993-05-01,796.0,731Y001,1,원/미국달러(매매기준율),원,731Y001,USD/KRW (KRW per USD),Saturday,weekend_observation
1993-05-08,798.3,731Y001,1,원/미국달러(매매기준율),원,731Y001,USD/KRW (KRW per USD),Saturday,weekend_observation
1993-05-15,801.7,731Y001,1,원/미국달러(매매기준율),원,731Y001,USD/KRW (KRW per USD),Saturday,weekend_observation
1993-05-22,801.8,731Y001,1,원/미국달러(매매기준율),원,731Y001,USD/KRW (KRW per USD),Saturday,weekend_observation
1993-05-29,801.1,731Y001,1,원/미국달러(매매기준율),원,731Y001,USD/KRW (KRW per USD),Saturday,weekend_observation
1993-06-05,803.8,731Y001,1,원/미국달러(매매기준율),원,731Y001,USD/KRW (KRW per USD),Saturday,weekend_observation
1993-06-12,801.2,731Y001,1,원/미국달러(매매기준율),원,731Y001,USD/KRW (KRW per USD),Saturday,weekend_observation
1993-06-19,802.2,731Y001,1,원/미국달러(매매기준율),원,731Y001,USD/KRW (KRW per USD),Saturday,weekend_observation
1993-06-26,802.9,731Y001,1,원/미국달러(매매기준율),원,731Y001,USD/KRW (KRW per USD),Saturday,weekend_observation
1993-07-03,803.4,731Y001,1,원/미국달러(매매기준율),원,731Y001,USD/KRW (KRW per USD),Saturday,weekend_observation
1993-07-10,805.1,731Y001,1,원/미국달러(매매기준율),원,731Y001,USD/KRW (KRW per USD),Saturday,weekend_observation
1993-07-24,808.7,731Y001,1,원/미국달러(매매기준율),원,731Y001,USD/KRW (KRW per USD),Saturday,weekend_observation
1993-07-31,806.6,731Y001,1,원/미국달러(매매기준율),원,731Y001,USD/KRW (KRW per USD),Saturday,weekend_observation
1993-08-07,808.2,731Y001,1,원/미국달러(매매기준율),원,731Y001,USD/KRW (KRW per USD),Saturday,weekend_observation
1993-08-14,809.2,731Y001,1,원/미국달러(매매기준율),원,731Y001,USD/KRW (KRW per USD),Saturday,weekend_observation
1993-08-21,810.9,731Y001,1,원/미국달러(매매기준율),원,731Y001,USD/KRW (KRW per USD),Saturday,weekend_observation
1993-08-28,808.5,731Y001,1,원/미국달러(매매기준율),원,731Y001,USD/KRW (KRW per USD),Saturday,weekend_observation
1993-09-04,807.6,731Y001,1,원/미국달러(매매기준율),원,731Y001,USD/KRW (KRW per USD),Saturday,weekend_observation
1993-09-11,807.5,731Y001,1,원/미국달러(매매기준율),원,731Y001,USD/KRW (KRW per USD),Saturday,weekend_observation
1993-09-18,810.1,731Y001,1,원/미국달러(매매기준율),원,731Y001,USD/KRW (KRW per USD),Saturday,weekend_observation
1993-09-25,808.9,731Y001,1,원/미국달러(매매기준율),원,731Y001,USD/KRW (KRW per USD),Saturday,weekend_observation
1993-10-02,809.1,731Y001,1,원/미국달러(매매기준율),원,731Y001,USD/KRW (KRW per USD),Saturday,weekend_observation
1993-10-09,811.2,731Y001,1,원/미국달러(매매기준율),원,731Y001,USD/KRW (KRW per USD),Saturday,weekend_observation
1993-10-16,810.3,731Y001,1,원/미국달러(매매기준율),원,731Y001,USD/KRW (KRW per USD),Saturday,weekend_observation
1993-10-23,809.1,731Y001,1,원/미국달러(매매기준율),원,731Y001,USD/KRW (KRW per USD),Saturday,weekend_observation
1993-10-30,808.2,731Y001,1,원/미국달러(매매기준율),원,731Y001,USD/KRW (KRW per USD),Saturday,weekend_observation
1993-11-06,807.2,731Y001,1,원/미국달러(매매기준율),원,731Y001,USD/KRW (KRW per USD),Saturday,weekend_observation
1993-11-13,805.9,731Y001,1,원/미국달러(매매기준율),원,731Y001,USD/KRW (KRW per USD),Saturday,weekend_observation
1993-11-20,806.3,731Y001,1,원/미국달러(매매기준율),원,731Y001,USD/KRW (KRW per USD),Saturday,weekend_observation
1993-11-27,807.8,731Y001,1,원/미국달러(매매기준율),원,731Y001,USD/KRW (KRW per USD),Saturday,weekend_observation
1993-12-04,809.3,731Y001,1,원/미국달러(매매기준율),원,731Y001,USD/KRW (KRW per USD),Saturday,weekend_observation
1993-12-11,809.2,731Y001,1,원/미국달러(매매기준율),원,731Y001,USD/KRW (KRW per USD),Saturday,weekend_observation
1993-12-18,810.4,731Y001,1,원/미국달러(매매기준율),원,731Y001,USD/KRW (KRW per USD),Saturday,weekend_observation
1994-01-08,813.4,731Y001,1,원/미국달러(매매기준율),원,731Y001,USD/KRW (KRW per USD),Saturday,weekend_observation
1994-01-15,811.5,731Y001,1,원/미국달러(매매기준율),원,731Y001,USD/KRW (KRW per USD),Saturday,weekend_observation
1994-01-22,810.2,731Y001,1,원/미국달러(매매기준율),원,731Y001,USD/KRW (KRW per USD),Saturday,weekend_observation
1994-01-29,808.1,731Y001,1,원/미국달러(매매기준율),원,731Y001,USD/KRW (KRW per USD),Saturday,weekend_observation
1994-02-05,807.6,731Y001,1,원/미국달러(매매기준율),원,731Y001,USD/KRW (KRW per USD),Saturday,weekend_observation
1994-02-12,811.0,731Y001,1,원/미국달러(매매기준율),원,731Y001,USD/KRW (KRW per USD),Saturday,weekend_observation
1994-02-19,810.1,731Y001,1,원/미국달러(매매기준율),원,731Y001,USD/KRW (KRW per USD),Saturday,weekend_observation
1994-02-26,808.0,731Y001,1,원/미국달러(매매기준율),원,731Y001,USD/KRW (KRW per USD),Saturday,weekend_observation
1994-03-05,807.0,731Y001,1,원/미국달러(매매기준율),원,731Y001,USD/KRW (KRW per USD),Saturday,weekend_observation
1994-03-12,806.4,731Y001,1,원/미국달러(매매기준율),원,731Y001,USD/KRW (KRW per USD),Saturday,weekend_observation
1994-03-19,806.8,731Y001,1,원/미국달러(매매기준율),원,731Y001,USD/KRW (KRW per USD),Saturday,weekend_observation
1994-03-26,809.0,731Y001,1,원/미국달러(매매기준율),원,731Y001,USD/KRW (KRW per USD),Saturday,weekend_observation
1994-04-02,807.9,731Y001,1,원/미국달러(매매기준율),원,731Y001,USD/KRW (KRW per USD),Saturday,weekend_observation
1994-04-09,811.1,731Y001,1,원/미국달러(매매기준율),원,731Y001,USD/KRW (KRW per USD),Saturday,weekend_observation
1994-04-16,809.2,731Y001,1,원/미국달러(매매기준율),원,731Y001,USD/KRW (KRW per USD),Saturday,weekend_observation
1994-04-23,807.2,731Y001,1,원/미국달러(매매기준율),원,731Y001,USD/KRW (KRW per USD),Saturday,weekend_observation
1994-04-30,807.5,731Y001,1,원/미국달러(매매기준율),원,731Y001,USD/KRW (KRW per USD),Saturday,weekend_observation
1994-05-07,806.4,731Y001,1,원/미국달러(매매기준율),원,731Y001,USD/KRW (KRW per USD),Saturday,weekend_observation
1994-05-14,806.0,731Y001,1,원/미국달러(매매기준율),원,731Y001,USD/KRW (KRW per USD),Saturday,weekend_observation
1994-05-21,806.5,731Y001,1,원/미국달러(매매기준율),원,731Y001,USD/KRW (KRW per USD),Saturday,weekend_observation
1994-05-28,806.6,731Y001,1,원/미국달러(매매기준율),원,731Y001,USD/KRW (KRW per USD),Saturday,weekend_observation
1994-06-04,806.3,731Y001,1,원/미국달러(매매기준율),원,731Y001,USD/KRW (KRW per USD),Saturday,weekend_observation
1994-06-11,806.3,731Y001,1,원/미국달러(매매기준율),원,731Y001,USD/KRW (KRW per USD),Saturday,weekend_observation
1994-06-18,806.8,731Y001,1,원/미국달러(매매기준율),원,731Y001,USD/KRW (KRW per USD),Saturday,weekend_observation
1994-06-25,806.4,731Y001,1,원/미국달러(매매기준율),원,731Y001,USD/KRW (KRW per USD),Saturday,weekend_observation
1994-07-02,805.1,731Y001,1,원/미국달러(매매기준율),원,731Y001,USD/KRW (KRW per USD),Saturday,weekend_observation
1994-07-09,805.6,731Y001,1,원/미국달러(매매기준율),원,731Y001,USD/KRW (KRW per USD),Saturday,weekend_observation
1994-07-16,807.0,731Y001,1,원/미국달러(매매기준율),원,731Y001,USD/KRW (KRW per USD),Saturday,weekend_observation
1994-07-23,803.9,731Y001,1,원/미국달러(매매기준율),원,731Y001,USD/KRW (KRW per USD),Saturday,weekend_observation
1994-07-30,802.6,731Y001,1,원/미국달러(매매기준율),원,731Y001,USD/KRW (KRW per USD),Saturday,weekend_observation
1994-08-06,802.7,731Y001,1,원/미국달러(매매기준율),원,731Y001,USD/KRW (KRW per USD),Saturday,weekend_observation
1994-08-13,805.8,731Y001,1,원/미국달러(매매기준율),원,731Y001,USD/KRW (KRW per USD),Saturday,weekend_observation
1994-08-20,804.3,731Y001,1,원/미국달러(매매기준율),원,731Y001,USD/KRW (KRW per USD),Saturday,weekend_observation
1994-08-27,802.1,731Y001,1,원/미국달러(매매기준율),원,731Y001,USD/KRW (KRW per USD),Saturday,weekend_observation
1994-09-03,800.8,731Y001,1,원/미국달러(매매기준율),원,731Y001,USD/KRW (KRW per USD),Saturday,weekend_observation
1994-09-10,800.8,731Y001,1,원/미국달러(매매기준율),원,731Y001,USD/KRW (KRW per USD),Saturday,weekend_observation
1994-09-17,799.7,731Y001,1,원/미국달러(매매기준율),원,731Y001,USD/KRW (KRW per USD),Saturday,weekend_observation
1994-09-24,802.5,731Y001,1,원/미국달러(매매기준율),원,731Y001,USD/KRW (KRW per USD),Saturday,weekend_observation
1994-10-01,798.2,731Y001,1,원/미국달러(매매기준율),원,731Y001,USD/KRW (KRW per USD),Saturday,weekend_observation
1994-10-08,799.0,731Y001,1,원/미국달러(매매기준율),원,731Y001,USD/KRW (KRW per USD),Saturday,weekend_observation
1994-10-15,798.8,731Y001,1,원/미국달러(매매기준율),원,731Y001,USD/KRW (KRW per USD),Saturday,weekend_observation
1994-10-22,798.4,731Y001,1,원/미국달러(매매기준율),원,731Y001,USD/KRW (KRW per USD),Saturday,weekend_observation
1994-10-29,796.9,731Y001,1,원/미국달러(매매기준율),원,731Y001,USD/KRW (KRW per USD),Saturday,weekend_observation
1994-11-05,797.2,731Y001,1,원/미국달러(매매기준율),원,731Y001,USD/KRW (KRW per USD),Saturday,weekend_observation
1994-11-12,797.1,731Y001,1,원/미국달러(매매기준율),원,731Y001,USD/KRW (KRW per USD),Saturday,weekend_observation
1994-11-19,796.0,731Y001,1,원/미국달러(매매기준율),원,731Y001,USD/KRW (KRW per USD),Saturday,weekend_observation
1994-11-26,794.9,731Y001,1,원/미국달러(매매기준율),원,731Y001,USD/KRW (KRW per USD),Saturday,weekend_observation
1994-12-03,792.2,731Y001,1,원/미국달러(매매기준율),원,731Y001,USD/KRW (KRW per USD),Saturday,weekend_observation
1994-12-10,791.6,731Y001,1,원/미국달러(매매기준율),원,731Y001,USD/KRW (KRW per USD),Saturday,weekend_observation
1994-12-17,793.5,731Y001,1,원/미국달러(매매기준율),원,731Y001,USD/KRW (KRW per USD),Saturday,weekend_observation
1994-12-24,791.1,731Y001,1,원/미국달러(매매기준율),원,731Y001,USD/KRW (KRW per USD),Saturday,weekend_observation
1994-12-31,788.7,731Y001,1,원/미국달러(매매기준율),원,731Y001,USD/KRW (KRW per USD),Saturday,weekend_observation
1995-01-07,790.3,731Y001,1,원/미국달러(매매기준율),원,731Y001,USD/KRW (KRW per USD),Saturday,weekend_observation
1995-01-14,792.8,731Y001,1,원/미국달러(매매기준율),원,731Y001,USD/KRW (KRW per USD),Saturday,weekend_observation
1995-01-21,792.5,731Y001,1,원/미국달러(매매기준율),원,731Y001,USD/KRW (KRW per USD),Saturday,weekend_observation
1995-01-28,786.7,731Y001,1,원/미국달러(매매기준율),원,731Y001,USD/KRW (KRW per USD),Saturday,weekend_observation
1995-02-04,791.6,731Y001,1,원/미국달러(매매기준율),원,731Y001,USD/KRW (KRW per USD),Saturday,weekend_observation
1995-02-11,793.5,731Y001,1,원/미국달러(매매기준율),원,731Y001,USD/KRW (KRW per USD),Saturday,weekend_observation
1995-02-18,794.8,731Y001,1,원/미국달러(매매기준율),원,731Y001,USD/KRW (KRW per USD),Saturday,weekend_observation
1995-02-25,787.1,731Y001,1,원/미국달러(매매기준율),원,731Y001,USD/KRW (KRW per USD),Saturday,weekend_observation
1995-03-04,790.8,731Y001,1,원/미국달러(매매기준율),원,731Y001,USD/KRW (KRW per USD),Saturday,weekend_observation
1995-03-11,783.3,731Y001,1,원/미국달러(매매기준율),원,731Y001,USD/KRW (KRW per USD),Saturday,weekend_observation
1995-03-18,775.7,731Y001,1,원/미국달러(매매기준율),원,731Y001,USD/KRW (KRW per USD),Saturday,weekend_observation
1995-03-25,770.9,731Y001,1,원/미국달러(매매기준율),원,731Y001,USD/KRW (KRW per USD),Saturday,weekend_observation
1995-04-01,771.4,731Y001,1,원/미국달러(매매기준율),원,731Y001,USD/KRW (KRW per USD),Saturday,weekend_observation
1995-04-08,769.8,731Y001,1,원/미국달러(매매기준율),원,731Y001,USD/KRW (KRW per USD),Saturday,weekend_observation
1995-04-15,770.2,731Y001,1,원/미국달러(매매기준율),원,731Y001,USD/KRW (KRW per USD),Saturday,weekend_observation
1995-04-22,764.4,731Y001,1,원/미국달러(매매기준율),원,731Y001,USD/KRW (KRW per USD),Saturday,weekend_observation
1995-04-29,761.8,731Y001,1,원/미국달러(매매기준율),원,731Y001,USD/KRW (KRW per USD),Saturday,weekend_observation
1995-05-06,762.5,731Y001,1,원/미국달러(매매기준율),원,731Y001,USD/KRW (KRW per USD),Saturday,weekend_observation
1995-05-13,763.3,731Y001,1,원/미국달러(매매기준율),원,731Y001,USD/KRW (KRW per USD),Saturday,weekend_observation
1995-05-20,760.7,731Y001,1,원/미국달러(매매기준율),원,731Y001,USD/KRW (KRW per USD),Saturday,weekend_observation
1995-05-27,760.6,731Y001,1,원/미국달러(매매기준율),원,731Y001,USD/KRW (KRW per USD),Saturday,weekend_observation
1995-06-03,760.8,731Y001,1,원/미국달러(매매기준율),원,731Y001,USD/KRW (KRW per USD),Saturday,weekend_observation
1995-06-10,764.3,731Y001,1,원/미국달러(매매기준율),원,731Y001,USD/KRW (KRW per USD),Saturday,weekend_observation
1995-06-17,761.3,731Y001,1,원/미국달러(매매기준율),원,731Y001,USD/KRW (KRW per USD),Saturday,weekend_observation
1995-06-24,760.3,731Y001,1,원/미국달러(매매기준율),원,731Y001,USD/KRW (KRW per USD),Saturday,weekend_observation
1995-07-01,758.0,731Y001,1,원/미국달러(매매기준율),원,731Y001,USD/KRW (KRW per USD),Saturday,weekend_observation
1995-07-08,757.2,731Y001,1,원/미국달러(매매기준율),원,731Y001,USD/KRW (KRW per USD),Saturday,weekend_observation
1995-07-15,759.1,731Y001,1,원/미국달러(매매기준율),원,731Y001,USD/KRW (KRW per USD),Saturday,weekend_observation
1995-07-22,756.1,731Y001,1,원/미국달러(매매기준율),원,731Y001,USD/KRW (KRW per USD),Saturday,weekend_observation
1995-07-29,756.5,731Y001,1,원/미국달러(매매기준율),원,731Y001,USD/KRW (KRW per USD),Saturday,weekend_observation
1995-08-05,759.0,731Y001,1,원/미국달러(매매기준율),원,731Y001,USD/KRW (KRW per USD),Saturday,weekend_observation
1995-08-12,760.1,731Y001,1,원/미국달러(매매기준율),원,731Y001,USD/KRW (KRW per USD),Saturday,weekend_observation
1995-08-19,782.8,731Y001,1,원/미국달러(매매기준율),원,731Y001,USD/KRW (KRW per USD),Saturday,weekend_observation
1995-08-26,776.6,731Y001,1,원/미국달러(매매기준율),원,731Y001,USD/KRW (KRW per USD),Saturday,weekend_observation
1995-09-02,772.7,731Y001,1,원/미국달러(매매기준율),원,731Y001,USD/KRW (KRW per USD),Saturday,weekend_observation
1995-09-16,776.0,731Y001,1,원/미국달러(매매기준율),원,731Y001,USD/KRW (KRW per USD),Saturday,weekend_observation
1995-09-23,769.8,731Y001,1,원/미국달러(매매기준율),원,731Y001,USD/KRW (KRW per USD),Saturday,weekend_observation
1995-09-30,768.4,731Y001,1,원/미국달러(매매기준율),원,731Y001,USD/KRW (KRW per USD),Saturday,weekend_observation
1995-10-07,768.8,731Y001,1,원/미국달러(매매기준율),원,731Y001,USD/KRW (KRW per USD),Saturday,weekend_observation
1995-10-14,768.6,731Y001,1,원/미국달러(매매기준율),원,731Y001,USD/KRW (KRW per USD),Saturday,weekend_observation
1995-10-21,767.5,731Y001,1,원/미국달러(매매기준율),원,731Y001,USD/KRW (KRW per USD),Saturday,weekend_observation
1995-10-28,766.0,731Y001,1,원/미국달러(매매기준율),원,731Y001,USD/KRW (KRW per USD),Saturday,weekend_observation
1995-11-04,772.2,731Y001,1,원/미국달러(매매기준율),원,731Y001,USD/KRW (KRW per USD),Saturday,weekend_observation
1995-11-11,768.5,731Y001,1,원/미국달러(매매기준율),원,731Y001,USD/KRW (KRW per USD),Saturday,weekend_observation
1995-11-18,769.5,731Y001,1,원/미국달러(매매기준율),원,731Y001,USD/KRW (KRW per USD),Saturday,weekend_observation
1995-11-25,768.7,731Y001,1,원/미국달러(매매기준율),원,731Y001,USD/KRW (KRW per USD),Saturday,weekend_observation
1995-12-02,770.7,731Y001,1,원/미국달러(매매기준율),원,731Y001,USD/KRW (KRW per USD),Saturday,weekend_observation
1995-12-09,769.8,731Y001,1,원/미국달러(매매기준율),원,731Y001,USD/KRW (KRW per USD),Saturday,weekend_observation
1995-12-16,771.5,731Y001,1,원/미국달러(매매기준율),원,731Y001,USD/KRW (KRW per USD),Saturday,weekend_observation
1995-12-23,772.6,731Y001,1,원/미국달러(매매기준율),원,731Y001,USD/KRW (KRW per USD),Saturday,weekend_observation
1995-12-30,774.7,731Y001,1,원/미국달러(매매기준율),원,731Y001,USD/KRW (KRW per USD),Saturday,weekend_observation
1996-01-06,787.5,731Y001,1,원/미국달러(매매기준율),원,731Y001,USD/KRW (KRW per USD),Saturday,weekend_observation
1996-01-13,790.6,731Y001,1,원/미국달러(매매기준율),원,731Y001,USD/KRW (KRW per USD),Saturday,weekend_observation
1996-01-20,789.6,731Y001,1,원/미국달러(매매기준율),원,731Y001,USD/KRW (KRW per USD),Saturday,weekend_observation
1996-01-27,785.1,731Y001,1,원/미국달러(매매기준율),원,731Y001,USD/KRW (KRW per USD),Saturday,weekend_observation
1996-02-03,782.8,731Y001,1,원/미국달러(매매기준율),원,731Y001,USD/KRW (KRW per USD),Saturday,weekend_observation
1996-02-10,781.0,731Y001,1,원/미국달러(매매기준율),원,731Y001,USD/KRW (KRW per USD),Saturday,weekend_observation
1996-02-17,779.2,731Y001,1,원/미국달러(매매기준율),원,731Y001,USD/KRW (KRW per USD),Saturday,weekend_observation
1996-02-24,780.0,731Y001,1,원/미국달러(매매기준율),원,731Y001,USD/KRW (KRW per USD),Saturday,weekend_observation
1996-03-02,782.9,731Y001,1,원/미국달러(매매기준율),원,731Y001,USD/KRW (KRW per USD),Saturday,weekend_observation
1996-03-09,777.9,731Y001,1,원/미국달러(매매기준율),원,731Y001,USD/KRW (KRW per USD),Saturday,weekend_observation
1996-03-16,780.7,731Y001,1,원/미국달러(매매기준율),원,731Y001,USD/KRW (KRW per USD),Saturday,weekend_observation
1996-03-23,784.2,731Y001,1,원/미국달러(매매기준율),원,731Y001,USD/KRW (KRW per USD),Saturday,weekend_observation
1996-03-30,782.7,731Y001,1,원/미국달러(매매기준율),원,731Y001,USD/KRW (KRW per USD),Saturday,weekend_observation
1996-04-06,779.5,731Y001,1,원/미국달러(매매기준율),원,731Y001,USD/KRW (KRW per USD),Saturday,weekend_observation
1996-04-13,782.7,731Y001,1,원/미국달러(매매기준율),원,731Y001,USD/KRW (KRW per USD),Saturday,weekend_observation
1996-04-20,779.1,731Y001,1,원/미국달러(매매기준율),원,731Y001,USD/KRW (KRW per USD),Saturday,weekend_observation
1996-04-27,779.1,731Y001,1,원/미국달러(매매기준율),원,731Y001,USD/KRW (KRW per USD),Saturday,weekend_observation
1996-05-04,778.3,731Y001,1,원/미국달러(매매기준율),원,731Y001,USD/KRW (KRW per USD),Saturday,weekend_observation
1996-05-11,778.2,731Y001,1,원/미국달러(매매기준율),원,731Y001,USD/KRW (KRW per USD),Saturday,weekend_observation
1996-05-18,779.5,731Y001,1,원/미국달러(매매기준율),원,731Y001,USD/KRW (KRW per USD),Saturday,weekend_observation
1996-05-25,781.6,731Y001,1,원/미국달러(매매기준율),원,731Y001,USD/KRW (KRW per USD),Saturday,weekend_observation
1996-06-01,788.7,731Y001,1,원/미국달러(매매기준율),원,731Y001,USD/KRW (KRW per USD),Saturday,weekend_observation
1996-06-08,786.9,731Y001,1,원/미국달러(매매기준율),원,731Y001,USD/KRW (KRW per USD),Saturday,weekend_observation
1996-06-15,796.6,731Y001,1,원/미국달러(매매기준율),원,731Y001,USD/KRW (KRW per USD),Saturday,weekend_observation
1996-06-22,812.6,731Y001,1,원/미국달러(매매기준율),원,731Y001,USD/KRW (KRW per USD),Saturday,weekend_observation
1996-06-29,810.6,731Y001,1,원/미국달러(매매기준율),원,731Y001,USD/KRW (KRW per USD),Saturday,weekend_observation
1996-07-06,812.8,731Y001,1,원/미국달러(매매기준율),원,731Y001,USD/KRW (KRW per USD),Saturday,weekend_observation
1996-07-13,812.9,731Y001,1,원/미국달러(매매기준율),원,731Y001,USD/KRW (KRW per USD),Saturday,weekend_observation
1996-07-20,814.0,731Y001,1,원/미국달러(매매기준율),원,731Y001,USD/KRW (KRW per USD),Saturday,weekend_observation
1996-07-27,813.8,731Y001,1,원/미국달러(매매기준율),원,731Y001,USD/KRW (KRW per USD),Saturday,weekend_observation
1996-08-03,813.6,731Y001,1,원/미국달러(매매기준율),원,731Y001,USD/KRW (KRW per USD),Saturday,weekend_observation
1996-08-10,814.2,731Y001,1,원/미국달러(매매기준율),원,731Y001,USD/KRW (KRW per USD),Saturday,weekend_observation
1996-08-17,821.7,731Y001,1,원/미국달러(매매기준율),원,731Y001,USD/KRW (KRW per USD),Saturday,weekend_observation
1996-08-24,818.3,731Y001,1,원/미국달러(매매기준율),원,731Y001,USD/KRW (KRW per USD),Saturday,weekend_observation
1996-08-31,819.4,731Y001,1,원/미국달러(매매기준율),원,731Y001,USD/KRW (KRW per USD),Saturday,weekend_observation
1996-09-07,818.6,731Y001,1,원/미국달러(매매기준율),원,731Y001,USD/KRW (KRW per USD),Saturday,weekend_observation
1996-09-14,822.8,731Y001,1,원/미국달러(매매기준율),원,731Y001,USD/KRW (KRW per USD),Saturday,weekend_observation
1996-09-21,822.6,731Y001,1,원/미국달러(매매기준율),원,731Y001,USD/KRW (KRW per USD),Saturday,weekend_observation
1996-10-05,824.1,731Y001,1,원/미국달러(매매기준율),원,731Y001,USD/KRW (KRW per USD),Saturday,weekend_observation
1996-10-12,828.7,731Y001,1,원/미국달러(매매기준율),원,731Y001,USD/KRW (KRW per USD),Saturday,weekend_observation
1996-10-19,827.3,731Y001,1,원/미국달러(매매기준율),원,731Y001,USD/KRW (KRW per USD),Saturday,weekend_observation
1996-10-26,829.0,731Y001,1,원/미국달러(매매기준율),원,731Y001,USD/KRW (KRW per USD),Saturday,weekend_observation
1996-11-02,825.0,731Y001,1,원/미국달러(매매기준율),원,731Y001,USD/KRW (KRW per USD),Saturday,weekend_observation
1996-11-09,829.5,731Y001,1,원/미국달러(매매기준율),원,731Y001,USD/KRW (KRW per USD),Saturday,weekend_observation
1996-11-16,827.9,731Y001,1,원/미국달러(매매기준율),원,731Y001,USD/KRW (KRW per USD),Saturday,weekend_observation
1996-11-23,828.5,731Y001,1,원/미국달러(매매기준율),원,731Y001,USD/KRW (KRW per USD),Saturday,weekend_observation
1996-11-30,828.7,731Y001,1,원/미국달러(매매기준율),원,731Y001,USD/KRW (KRW per USD),Saturday,weekend_observation
1996-12-07,831.0,731Y001,1,원/미국달러(매매기준율),원,731Y001,USD/KRW (KRW per USD),Saturday,weekend_observation
1996-12-14,842.9,731Y001,1,원/미국달러(매매기준율),원,731Y001,USD/KRW (KRW per USD),Saturday,weekend_observation
1996-12-21,844.1,731Y001,1,원/미국달러(매매기준율),원,731Y001,USD/KRW (KRW per USD),Saturday,weekend_observation
1996-12-28,843.7,731Y001,1,원/미국달러(매매기준율),원,731Y001,USD/KRW (KRW per USD),Saturday,weekend_observation
1997-01-04,842.7,731Y001,1,원/미국달러(매매기준율),원,731Y001,USD/KRW (KRW per USD),Saturday,weekend_observation
1997-01-11,846.8,731Y001,1,원/미국달러(매매기준율),원,731Y001,USD/KRW (KRW per USD),Saturday,weekend_observation
1997-01-18,848.8,731Y001,1,원/미국달러(매매기준율),원,731Y001,USD/KRW (KRW per USD),Saturday,weekend_observation
1997-01-25,854.1,731Y001,1,원/미국달러(매매기준율),원,731Y001,USD/KRW (KRW per USD),Saturday,weekend_observation
1997-02-01,864.5,731Y001,1,원/미국달러(매매기준율),원,731Y001,USD/KRW (KRW per USD),Saturday,weekend_observation
1997-02-15,875.0,731Y001,1,원/미국달러(매매기준율),원,731Y001,USD/KRW (KRW per USD),Saturday,weekend_observation
1997-02-22,856.7,731Y001,1,원/미국달러(매매기준율),원,731Y001,USD/KRW (KRW per USD),Saturday,weekend_observation
1997-03-08,869.5,731Y001,1,원/미국달러(매매기준율),원,731Y001,USD/KRW (KRW per USD),Saturday,weekend_observation
1997-03-15,879.0,731Y001,1,원/미국달러(매매기준율),원,731Y001,USD/KRW (KRW per USD),Saturday,weekend_observation
1997-03-22,884.3,731Y001,1,원/미국달러(매매기준율),원,731Y001,USD/KRW (KRW per USD),Saturday,weekend_observation
1997-03-29,897.1,731Y001,1,원/미국달러(매매기준율),원,731Y001,USD/KRW (KRW per USD),Saturday,weekend_observation
1997-04-12,890.8,731Y001,1,원/미국달러(매매기준율),원,731Y001,USD/KRW (KRW per USD),Saturday,weekend_observation
1997-04-19,893.7,731Y001,1,원/미국달러(매매기준율),원,731Y001,USD/KRW (KRW per USD),Saturday,weekend_observation
1997-04-26,892.6,731Y001,1,원/미국달러(매매기준율),원,731Y001,USD/KRW (KRW per USD),Saturday,weekend_observation
1997-05-03,891.9,731Y001,1,원/미국달러(매매기준율),원,731Y001,USD/KRW (KRW per USD),Saturday,weekend_observation
1997-05-10,892.2,731Y001,1,원/미국달러(매매기준율),원,731Y001,USD/KRW (KRW per USD),Saturday,weekend_observation
1997-05-17,892.2,731Y001,1,원/미국달러(매매기준율),원,731Y001,USD/KRW (KRW per USD),Saturday,weekend_observation
1997-05-24,891.0,731Y001,1,원/미국달러(매매기준율),원,731Y001,USD/KRW (KRW per USD),Saturday,weekend_observation
1997-05-31,891.8,731Y001,1,원/미국달러(매매기준율),원,731Y001,USD/KRW (KRW per USD),Saturday,weekend_observation
1997-06-07,890.9,731Y001,1,원/미국달러(매매기준율),원,731Y001,USD/KRW (KRW per USD),Saturday,weekend_observation
1997-06-14,889.7,731Y001,1,원/미국달러(매매기준율),원,731Y001,USD/KRW (KRW per USD),Saturday,weekend_observation
1997-06-21,888.4,731Y001,1,원/미국달러(매매기준율),원,731Y001,USD/KRW (KRW per USD),Saturday,weekend_observation
1997-06-28,888.1,731Y001,1,원/미국달러(매매기준율),원,731Y001,USD/KRW (KRW per USD),Saturday,weekend_observation
1997-07-05,887.1,731Y001,1,원/미국달러(매매기준율),원,731Y001,USD/KRW (KRW per USD),Saturday,weekend_observation
1997-07-12,890.0,731Y001,1,원/미국달러(매매기준율),원,731Y001,USD/KRW (KRW per USD),Saturday,weekend_observation
1997-07-19,894.6,731Y001,1,원/미국달러(매매기준율),원,731Y001,USD/KRW (KRW per USD),Saturday,weekend_observation
1997-07-26,891.4,731Y001,1,원/미국달러(매매기준율),원,731Y001,USD/KRW (KRW per USD),Saturday,weekend_observation
1997-08-02,889.3,731Y001,1,원/미국달러(매매기준율),원,731Y001,USD/KRW (KRW per USD),Saturday,weekend_observation
1997-08-09,893.8,731Y001,1,원/미국달러(매매기준율),원,731Y001,USD/KRW (KRW per USD),Saturday,weekend_observation
1997-08-16,894.6,731Y001,1,원/미국달러(매매기준율),원,731Y001,USD/KRW (KRW per USD),Saturday,weekend_observation
1997-08-23,899.3,731Y001,1,원/미국달러(매매기준율),원,731Y001,USD/KRW (KRW per USD),Saturday,weekend_observation
1997-08-30,902.0,731Y001,1,원/미국달러(매매기준율),원,731Y001,USD/KRW (KRW per USD),Saturday,weekend_observation
1997-09-06,907.4,731Y001,1,원/미국달러(매매기준율),원,731Y001,USD/KRW (KRW per USD),Saturday,weekend_observation
1997-09-13,908.7,731Y001,1,원/미국달러(매매기준율),원,731Y001,USD/KRW (KRW per USD),Saturday,weekend_observation
1997-09-20,912.5,731Y001,1,원/미국달러(매매기준율),원,731Y001,USD/KRW (KRW per USD),Saturday,weekend_observation
1997-09-27,914.7,731Y001,1,원/미국달러(매매기준율),원,731Y001,USD/KRW (KRW per USD),Saturday,weekend_observation
1997-10-04,912.9,731Y001,1,원/미국달러(매매기준율),원,731Y001,USD/KRW (KRW per USD),Saturday,weekend_observation
1997-10-11,914.3,731Y001,1,원/미국달러(매매기준율),원,731Y001,USD/KRW (KRW per USD),Saturday,weekend_observation
1997-10-18,914.8,731Y001,1,원/미국달러(매매기준율),원,731Y001,USD/KRW (KRW per USD),Saturday,weekend_observation
1997-10-25,927.9,731Y001,1,원/미국달러(매매기준율),원,731Y001,USD/KRW (KRW per USD),Saturday,weekend_observation
1997-11-01,964.6,731Y001,1,원/미국달러(매매기준율),원,731Y001,USD/KRW (KRW per USD),Saturday,weekend_observation
1997-11-08,979.4,731Y001,1,원/미국달러(매매기준율),원,731Y001,USD/KRW (KRW per USD),Saturday,weekend_observation
1997-11-15,986.5,731Y001,1,원/미국달러(매매기준율),원,731Y001,USD/KRW (KRW per USD),Saturday,weekend_observation
1997-11-22,1076.4,731Y001,1,원/미국달러(매매기준율),원,731Y001,USD/KRW (KRW per USD),Saturday,weekend_observation
1997-11-29,1163.8,731Y001,1,원/미국달러(매매기준율),원,731Y001,USD/KRW (KRW per USD),Saturday,weekend_observation
1997-12-06,1220.4,731Y001,1,원/미국달러(매매기준율),원,731Y001,USD/KRW (KRW per USD),Saturday,weekend_observation
1997-12-13,1737.6,731Y001,1,원/미국달러(매매기준율),원,731Y001,USD/KRW (KRW per USD),Saturday,weekend_observation
1997-12-20,1618.1,731Y001,1,원/미국달러(매매기준율),원,731Y001,USD/KRW (KRW per USD),Saturday,weekend_observation
1997-12-27,1512.9,731Y001,1,원/미국달러(매매기준율),원,731Y001,USD/KRW (KRW per USD),Saturday,weekend_observation
1998-01-03,1695.8,731Y001,1,원/미국달러(매매기준율),원,731Y001,USD/KRW (KRW per USD),Saturday,weekend_observation
1998-01-10,1805.3,731Y001,1,원/미국달러(매매기준율),원,731Y001,USD/KRW (KRW per USD),Saturday,weekend_observation
1998-01-17,1621.9,731Y001,1,원/미국달러(매매기준율),원,731Y001,USD/KRW (KRW per USD),Saturday,weekend_observation
1998-01-24,1749.9,731Y001,1,원/미국달러(매매기준율),원,731Y001,USD/KRW (KRW per USD),Saturday,weekend_observation
1998-01-31,1572.9,731Y001,1,원/미국달러(매매기준율),원,731Y001,USD/KRW (KRW per USD),Saturday,weekend_observation
1998-02-07,1574.6,731Y001,1,원/미국달러(매매기준율),원,731Y001,USD/KRW (KRW per USD),Saturday,weekend_observation
1998-02-14,1621.5,731Y001,1,원/미국달러(매매기준율),원,731Y001,USD/KRW (KRW per USD),Saturday,weekend_observation
1998-02-21,1645.2,731Y001,1,원/미국달러(매매기준율),원,731Y001,USD/KRW (KRW per USD),Saturday,weekend_observation
1998-02-28,1640.1,731Y001,1,원/미국달러(매매기준율),원,731Y001,USD/KRW (KRW per USD),Saturday,weekend_observation
1998-03-07,1637.6,731Y001,1,원/미국달러(매매기준율),원,731Y001,USD/KRW (KRW per USD),Saturday,weekend_observation
1998-03-14,1537.7,731Y001,1,원/미국달러(매매기준율),원,731Y001,USD/KRW (KRW per USD),Saturday,weekend_observation
1998-03-21,1457.0,731Y001,1,원/미국달러(매매기준율),원,731Y001,USD/KRW (KRW per USD),Saturday,weekend_observation
1998-03-28,1380.7,731Y001,1,원/미국달러(매매기준율),원,731Y001,USD/KRW (KRW per USD),Saturday,weekend_observation
1998-04-04,1445.1,731Y001,1,원/미국달러(매매기준율),원,731Y001,USD/KRW (KRW per USD),Saturday,weekend_observation
1998-04-11,1380.2,731Y001,1,원/미국달러(매매기준율),원,731Y001,USD/KRW (KRW per USD),Saturday,weekend_observation
1998-04-18,1381.3,731Y001,1,원/미국달러(매매기준율),원,731Y001,USD/KRW (KRW per USD),Saturday,weekend_observation
1998-04-25,1366.7,731Y001,1,원/미국달러(매매기준율),원,731Y001,USD/KRW (KRW per USD),Saturday,weekend_observation
1998-05-02,1335.2,731Y001,1,원/미국달러(매매기준율),원,731Y001,USD/KRW (KRW per USD),Saturday,weekend_observation
1998-05-09,1392.4,731Y001,1,원/미국달러(매매기준율),원,731Y001,USD/KRW (KRW per USD),Saturday,weekend_observation
1998-05-16,1435.0,731Y001,1,원/미국달러(매매기준율),원,731Y001,USD/KRW (KRW per USD),Saturday,weekend_observation
1998-05-23,1380.3,731Y001,1,원/미국달러(매매기준율),원,731Y001,USD/KRW (KRW per USD),Saturday,weekend_observation
1998-05-30,1410.8,731Y001,1,원/미국달러(매매기준율),원,731Y001,USD/KRW (KRW per USD),Saturday,weekend_observation
1998-06-13,1400.3,731Y001,1,원/미국달러(매매기준율),원,731Y001,USD/KRW (KRW per USD),Saturday,weekend_observation
1998-06-20,1400.0,731Y001,1,원/미국달러(매매기준율),원,731Y001,USD/KRW (KRW per USD),Saturday,weekend_observation
1998-06-27,1382.6,731Y001,1,원/미국달러(매매기준율),원,731Y001,USD/KRW (KRW per USD),Saturday,weekend_observation
1998-07-04,1360.5,731Y001,1,원/미국달러(매매기준율),원,731Y001,USD/KRW (KRW per USD),Saturday,weekend_observation
1998-07-11,1311.9,731Y001,1,원/미국달러(매매기준율),원,731Y001,USD/KRW (KRW per USD),Saturday,weekend_observation
1998-07-18,1281.8,731Y001,1,원/미국달러(매매기준율),원,731Y001,USD/KRW (KRW per USD),Saturday,weekend_observation
1998-07-25,1251.4,731Y001,1,원/미국달러(매매기준율),원,731Y001,USD/KRW (KRW per USD),Saturday,weekend_observation
1998-08-01,1227.4,731Y001,1,원/미국달러(매매기준율),원,731Y001,USD/KRW (KRW per USD),Saturday,weekend_observation
1998-08-08,1326.1,731Y001,1,원/미국달러(매매기준율),원,731Y001,USD/KRW (KRW per USD),Saturday,weekend_observation
1998-08-22,1300.9,731Y001,1,원/미국달러(매매기준율),원,731Y001,USD/KRW (KRW per USD),Saturday,weekend_observation
1998-08-29,1331.8,731Y001,1,원/미국달러(매매기준율),원,731Y001,USD/KRW (KRW per USD),Saturday,weekend_observation
1998-09-05,1331.7,731Y001,1,원/미국달러(매매기준율),원,731Y001,USD/KRW (KRW per USD),Saturday,weekend_observation
1998-09-12,1369.7,731Y001,1,원/미국달러(매매기준율),원,731Y001,USD/KRW (KRW per USD),Saturday,weekend_observation
1998-09-19,1388.1,731Y001,1,원/미국달러(매매기준율),원,731Y001,USD/KRW (KRW per USD),Saturday,weekend_observation
1998-09-26,1386.5,731Y001,1,원/미국달러(매매기준율),원,731Y001,USD/KRW (KRW per USD),Saturday,weekend_observation
1998-10-10,1337.3,731Y001,1,원/미국달러(매매기준율),원,731Y001,USD/KRW (KRW per USD),Saturday,weekend_observation
1998-10-17,1322.9,731Y001,1,원/미국달러(매매기준율),원,731Y001,USD/KRW (KRW per USD),Saturday,weekend_observation
1998-10-24,1318.2,731Y001,1,원/미국달러(매매기준율),원,731Y001,USD/KRW (KRW per USD),Saturday,weekend_observation
1998-10-31,1313.8,731Y001,1,원/미국달러(매매기준율),원,731Y001,USD/KRW (KRW per USD),Saturday,weekend_observation
1998-11-07,1315.0,731Y001,1,원/미국달러(매매기준율),원,731Y001,USD/KRW (KRW per USD),Saturday,weekend_observation
1998-11-14,1315.9,731Y001,1,원/미국달러(매매기준율),원,731Y001,USD/KRW (KRW per USD),Saturday,weekend_observation
1998-11-21,1272.8,731Y001,1,원/미국달러(매매기준율),원,731Y001,USD/KRW (KRW per USD),Saturday,weekend_observation
1998-11-28,1243.7,731Y001,1,원/미국달러(매매기준율),원,731Y001,USD/KRW (KRW per USD),Saturday,weekend_observation
1998-12-05,1214.8,731Y001,1,원/미국달러(매매기준율),원,731Y001,USD/KRW (KRW per USD),Saturday,weekend_observation
1998-12-12,1208.1,731Y001,1,원/미국달러(매매기준율),원,731Y001,USD/KRW (KRW per USD),Saturday,weekend_observation
1998-12-19,1208.5,731Y001,1,원/미국달러(매매기준율),원,731Y001,USD/KRW (KRW per USD),Saturday,weekend_observation
1998-12-26,1207.0,731Y001,1,원/미국달러(매매기준율),원,731Y001,USD/KRW (KRW per USD),Saturday,weekend_observation
1999-01-02,1195.8,731Y001,1,원/미국달러(매매기준율),원,731Y001,USD/KRW (KRW per USD),Saturday,weekend_observation
1999-01-09,1168.2,731Y001,1,원/미국달러(매매기준율),원,731Y001,USD/KRW (KRW per USD),Saturday,weekend_observation
1999-01-16,1186.3,731Y001,1,원/미국달러(매매기준율),원,731Y001,USD/KRW (KRW per USD),Saturday,weekend_observation
1999-01-23,1175.5,731Y001,1,원/미국달러(매매기준율),원,731Y001,USD/KRW (KRW per USD),Saturday,weekend_observation
1999-01-30,1175.3,731Y001,1,원/미국달러(매매기준율),원,731Y001,USD/KRW (KRW per USD),Saturday,weekend_observation
1999-02-06,1170.1,731Y001,1,원/미국달러(매매기준율),원,731Y001,USD/KRW (KRW per USD),Saturday,weekend_observation
1999-02-13,1175.4,731Y001,1,원/미국달러(매매기준율),원,731Y001,USD/KRW (KRW per USD),Saturday,weekend_observation
1999-02-20,1197.3,731Y001,1,원/미국달러(매매기준율),원,731Y001,USD/KRW (KRW per USD),Saturday,weekend_observation
1999-02-27,1222.4,731Y001,1,원/미국달러(매매기준율),원,731Y001,USD/KRW (KRW per USD),Saturday,weekend_observation
1999-03-06,1242.7,731Y001,1,원/미국달러(매매기준율),원,731Y001,USD/KRW (KRW per USD),Saturday,weekend_observation
1999-03-13,1233.6,731Y001,1,원/미국달러(매매기준율),원,731Y001,USD/KRW (KRW per USD),Saturday,weekend_observation
1999-03-20,1220.7,731Y001,1,원/미국달러(매매기준율),원,731Y001,USD/KRW (KRW per USD),Saturday,weekend_observation
1999-03-27,1222.9,731Y001,1,원/미국달러(매매기준율),원,731Y001,USD/KRW (KRW per USD),Saturday,weekend_observation
1999-04-03,1225.1,731Y001,1,원/미국달러(매매기준율),원,731Y001,USD/KRW (KRW per USD),Saturday,weekend_observation
1999-04-10,1223.2,731Y001,1,원/미국달러(매매기준율),원,731Y001,USD/KRW (KRW per USD),Saturday,weekend_observation
1999-04-17,1218.5,731Y001,1,원/미국달러(매매기준율),원,731Y001,USD/KRW (KRW per USD),Saturday,weekend_observation
1999-04-24,1189.9,731Y001,1,원/미국달러(매매기준율),원,731Y001,USD/KRW (KRW per USD),Saturday,weekend_observation
1999-05-08,1201.4,731Y001,1,원/미국달러(매매기준율),원,731Y001,USD/KRW (KRW per USD),Saturday,weekend_observation
1999-05-15,1207.5,731Y001,1,원/미국달러(매매기준율),원,731Y001,USD/KRW (KRW per USD),Saturday,weekend_observation
1999-05-29,1186.3,731Y001,1,원/미국달러(매매기준율),원,731Y001,USD/KRW (KRW per USD),Saturday,weekend_observation
1999-06-05,1182.9,731Y001,1,원/미국달러(매매기준율),원,731Y001,USD/KRW (KRW per USD),Saturday,weekend_observation
1999-06-12,1167.8,731Y001,1,원/미국달러(매매기준율),원,731Y001,USD/KRW (KRW per USD),Saturday,weekend_observation
1999-06-19,1165.9,731Y001,1,원/미국달러(매매기준율),원,731Y001,USD/KRW (KRW per USD),Saturday,weekend_observation
1999-06-26,1154.7,731Y001,1,원/미국달러(매매기준율),원,731Y001,USD/KRW (KRW per USD),Saturday,weekend_observation
1999-07-03,1166.8,731Y001,1,원/미국달러(매매기준율),원,731Y001,USD/KRW (KRW per USD),Saturday,weekend_observation
1999-07-10,1187.5,731Y001,1,원/미국달러(매매기준율),원,731Y001,USD/KRW (KRW per USD),Saturday,weekend_observation
1999-07-24,1208.4,731Y001,1,원/미국달러(매매기준율),원,731Y001,USD/KRW (KRW per USD),Saturday,weekend_observation
1999-07-31,1206.9,731Y001,1,원/미국달러(매매기준율),원,731Y001,USD/KRW (KRW per USD),Saturday,weekend_observation
1999-08-07,1200.6,731Y001,1,원/미국달러(매매기준율),원,731Y001,USD/KRW (KRW per USD),Saturday,weekend_observation
1999-08-14,1207.7,731Y001,1,원/미국달러(매매기준율),원,731Y001,USD/KRW (KRW per USD),Saturday,weekend_observation
1999-08-21,1201.2,731Y001,1,원/미국달러(매매기준율),원,731Y001,USD/KRW (KRW per USD),Saturday,weekend_observation
1999-08-28,1189.9,731Y001,1,원/미국달러(매매기준율),원,731Y001,USD/KRW (KRW per USD),Saturday,weekend_observation
1999-09-04,1194.3,731Y001,1,원/미국달러(매매기준율),원,731Y001,USD/KRW (KRW per USD),Saturday,weekend_observation
1999-09-11,1191.0,731Y001,1,원/미국달러(매매기준율),원,731Y001,USD/KRW (KRW per USD),Saturday,weekend_observation
1999-09-18,1204.1,731Y001,1,원/미국달러(매매기준율),원,731Y001,USD/KRW (KRW per USD),Saturday,weekend_observation
1999-10-02,1216.3,731Y001,1,원/미국달러(매매기준율),원,731Y001,USD/KRW (KRW per USD),Saturday,weekend_observation
1999-10-09,1202.7,731Y001,1,원/미국달러(매매기준율),원,731Y001,USD/KRW (KRW per USD),Saturday,weekend_observation
1999-10-16,1206.7,731Y001,1,원/미국달러(매매기준율),원,731Y001,USD/KRW (KRW per USD),Saturday,weekend_observation
1999-10-23,1205.7,731Y001,1,원/미국달러(매매기준율),원,731Y001,USD/KRW (KRW per USD),Saturday,weekend_observation
1999-10-30,1200.5,731Y001,1,원/미국달러(매매기준율),원,731Y001,USD/KRW (KRW per USD),Saturday,weekend_observation
1999-11-06,1183.9,731Y001,1,원/미국달러(매매기준율),원,731Y001,USD/KRW (KRW per USD),Saturday,weekend_observation
1999-11-13,1168.7,731Y001,1,원/미국달러(매매기준율),원,731Y001,USD/KRW (KRW per USD),Saturday,weekend_observation
1999-11-20,1173.7,731Y001,1,원/미국달러(매매기준율),원,731Y001,USD/KRW (KRW per USD),Saturday,weekend_observation
1999-11-27,1159.8,731Y001,1,원/미국달러(매매기준율),원,731Y001,USD/KRW (KRW per USD),Saturday,weekend_observation
1999-12-04,1151.1,731Y001,1,원/미국달러(매매기준율),원,731Y001,USD/KRW (KRW per USD),Saturday,weekend_observation
1999-12-11,1132.9,731Y001,1,원/미국달러(매매기준율),원,731Y001,USD/KRW (KRW per USD),Saturday,weekend_observation
1999-12-18,1129.8,731Y001,1,원/미국달러(매매기준율),원,731Y001,USD/KRW (KRW per USD),Saturday,weekend_observation
2000-01-08,1145.9,731Y001,1,원/미국달러(매매기준율),원,731Y001,USD/KRW (KRW per USD),Saturday,weekend_observation
2000-01-15,1127.1,731Y001,1,원/미국달러(매매기준율),원,731Y001,USD/KRW (KRW per USD),Saturday,weekend_observation
2000-01-22,1127.6,731Y001,1,원/미국달러(매매기준율),원,731Y001,USD/KRW (KRW per USD),Saturday,weekend_observation
2000-01-29,1122.1,731Y001,1,원/미국달러(매매기준율),원,731Y001,USD/KRW (KRW per USD),Saturday,weekend_observation
2000-02-12,1116.8,731Y001,1,원/미국달러(매매기준율),원,731Y001,USD/KRW (KRW per USD),Saturday,weekend_observation
2000-02-19,1130.2,731Y001,1,원/미국달러(매매기준율),원,731Y001,USD/KRW (KRW per USD),Saturday,weekend_observation
2000-02-26,1141.0,731Y001,1,원/미국달러(매매기준율),원,731Y001,USD/KRW (KRW per USD),Saturday,weekend_observation
2000-03-04,1120.9,731Y001,1,원/미국달러(매매기준율),원,731Y001,USD/KRW (KRW per USD),Saturday,weekend_observation
2000-03-11,1119.6,731Y001,1,원/미국달러(매매기준율),원,731Y001,USD/KRW (KRW per USD),Saturday,weekend_observation
2000-03-18,1117.8,731Y001,1,원/미국달러(매매기준율),원,731Y001,USD/KRW (KRW per USD),Saturday,weekend_observation
2000-03-25,1108.7,731Y001,1,원/미국달러(매매기준율),원,731Y001,USD/KRW (KRW per USD),Saturday,weekend_observation
2000-04-01,1106.4,731Y001,1,원/미국달러(매매기준율),원,731Y001,USD/KRW (KRW per USD),Saturday,weekend_observation
2000-04-08,1109.6,731Y001,1,원/미국달러(매매기준율),원,731Y001,USD/KRW (KRW per USD),Saturday,weekend_observation
2000-04-15,1109.9,731Y001,1,원/미국달러(매매기준율),원,731Y001,USD/KRW (KRW per USD),Saturday,weekend_observation
2000-04-22,1109.1,731Y001,1,원/미국달러(매매기준율),원,731Y001,USD/KRW (KRW per USD),Saturday,weekend_observation
2000-04-29,1110.3,731Y001,1,원/미국달러(매매기준율),원,731Y001,USD/KRW (KRW per USD),Saturday,weekend_observation
2000-05-06,1111.0,731Y001,1,원/미국달러(매매기준율),원,731Y001,USD/KRW (KRW per USD),Saturday,weekend_observation
2000-05-13,1111.9,731Y001,1,원/미국달러(매매기준율),원,731Y001,USD/KRW (KRW per USD),Saturday,weekend_observation
2000-05-20,1123.0,731Y001,1,원/미국달러(매매기준율),원,731Y001,USD/KRW (KRW per USD),Saturday,weekend_observation
2000-05-27,1135.2,731Y001,1,원/미국달러(매매기준율),원,731Y001,USD/KRW (KRW per USD),Saturday,weekend_observation
2000-06-03,1125.8,731Y001,1,원/미국달러(매매기준율),원,731Y001,USD/KRW (KRW per USD),Saturday,weekend_observation
2000-06-10,1115.6,731Y001,1,원/미국달러(매매기준율),원,731Y001,USD/KRW (KRW per USD),Saturday,weekend_observation
2000-06-17,1116.5,731Y001,1,원/미국달러(매매기준율),원,731Y001,USD/KRW (KRW per USD),Saturday,weekend_observation
2000-06-24,1119.7,731Y001,1,원/미국달러(매매기준율),원,731Y001,USD/KRW (KRW per USD),Saturday,weekend_observation
2000-07-01,1115.4,731Y001,1,원/미국달러(매매기준율),원,731Y001,USD/KRW (KRW per USD),Saturday,weekend_observation
2000-07-08,1117.0,731Y001,1,원/미국달러(매매기준율),원,731Y001,USD/KRW (KRW per USD),Saturday,weekend_observation
2000-07-15,1112.4,731Y001,1,원/미국달러(매매기준율),원,731Y001,USD/KRW (KRW per USD),Saturday,weekend_observation
2000-07-22,1112.3,731Y001,1,원/미국달러(매매기준율),원,731Y001,USD/KRW (KRW per USD),Saturday,weekend_observation
2000-07-29,1116.2,731Y001,1,원/미국달러(매매기준율),원,731Y001,USD/KRW (KRW per USD),Saturday,weekend_observation
2000-08-05,1115.3,731Y001,1,원/미국달러(매매기준율),원,731Y001,USD/KRW (KRW per USD),Saturday,weekend_observation
2000-08-12,1114.8,731Y001,1,원/미국달러(매매기준율),원,731Y001,USD/KRW (KRW per USD),Saturday,weekend_observation
2000-08-19,1114.7,731Y001,1,원/미국달러(매매기준율),원,731Y001,USD/KRW (KRW per USD),Saturday,weekend_observation
2000-08-26,1114.2,731Y001,1,원/미국달러(매매기준율),원,731Y001,USD/KRW (KRW per USD),Saturday,weekend_observation
2000-09-02,1106.8,731Y001,1,원/미국달러(매매기준율),원,731Y001,USD/KRW (KRW per USD),Saturday,weekend_observation
2000-09-09,1108.9,731Y001,1,원/미국달러(매매기준율),원,731Y001,USD/KRW (KRW per USD),Saturday,weekend_observation
2000-09-16,1117.9,731Y001,1,원/미국달러(매매기준율),원,731Y001,USD/KRW (KRW per USD),Saturday,weekend_observation
2000-09-23,1132.7,731Y001,1,원/미국달러(매매기준율),원,731Y001,USD/KRW (KRW per USD),Saturday,weekend_observation
2000-09-30,1115.0,731Y001,1,원/미국달러(매매기준율),원,731Y001,USD/KRW (KRW per USD),Saturday,weekend_observation
2000-10-07,1116.5,731Y001,1,원/미국달러(매매기준율),원,731Y001,USD/KRW (KRW per USD),Saturday,weekend_observation
2000-10-14,1128.7,731Y001,1,원/미국달러(매매기준율),원,731Y001,USD/KRW (KRW per USD),Saturday,weekend_observation
2000-10-21,1128.6,731Y001,1,원/미국달러(매매기준율),원,731Y001,USD/KRW (KRW per USD),Saturday,weekend_observation
2000-10-28,1133.7,731Y001,1,원/미국달러(매매기준율),원,731Y001,USD/KRW (KRW per USD),Saturday,weekend_observation
2000-11-04,1132.6,731Y001,1,원/미국달러(매매기준율),원,731Y001,USD/KRW (KRW per USD),Saturday,weekend_observation
2000-11-11,1133.1,731Y001,1,원/미국달러(매매기준율),원,731Y001,USD/KRW (KRW per USD),Saturday,weekend_observation
2000-11-18,1140.4,731Y001,1,원/미국달러(매매기준율),원,731Y001,USD/KRW (KRW per USD),Saturday,weekend_observation
2000-11-25,1195.2,731Y001,1,원/미국달러(매매기준율),원,731Y001,USD/KRW (KRW per USD),Saturday,weekend_observation
2000-12-02,1210.9,731Y001,1,원/미국달러(매매기준율),원,731Y001,USD/KRW (KRW per USD),Saturday,weekend_observation
2000-12-09,1189.7,731Y001,1,원/미국달러(매매기준율),원,731Y001,USD/KRW (KRW per USD),Saturday,weekend_observation
2000-12-16,1204.9,731Y001,1,원/미국달러(매매기준율),원,731Y001,USD/KRW (KRW per USD),Saturday,weekend_observation
2000-12-23,1232.1,731Y001,1,원/미국달러(매매기준율),원,731Y001,USD/KRW (KRW per USD),Saturday,weekend_observation
2000-12-30,1259.7,731Y001,1,원/미국달러(매매기준율),원,731Y001,USD/KRW (KRW per USD),Saturday,weekend_observation
2001-01-06,1267.8,731Y001,1,원/미국달러(매매기준율),원,731Y001,USD/KRW (KRW per USD),Saturday,weekend_observation
2001-01-13,1281.2,731Y001,1,원/미국달러(매매기준율),원,731Y001,USD/KRW (KRW per USD),Saturday,weekend_observation
2001-01-20,1276.7,731Y001,1,원/미국달러(매매기준율),원,731Y001,USD/KRW (KRW per USD),Saturday,weekend_observation
2001-01-27,1275.3,731Y001,1,원/미국달러(매매기준율),원,731Y001,USD/KRW (KRW per USD),Saturday,weekend_observation
2001-02-03,1251.9,731Y001,1,원/미국달러(매매기준율),원,731Y001,USD/KRW (KRW per USD),Saturday,weekend_observation
2001-02-10,1261.3,731Y001,1,원/미국달러(매매기준율),원,731Y001,USD/KRW (KRW per USD),Saturday,weekend_observation
2001-02-17,1242.4,731Y001,1,원/미국달러(매매기준율),원,731Y001,USD/KRW (KRW per USD),Saturday,weekend_observation
2001-02-24,1246.6,731Y001,1,원/미국달러(매매기준율),원,731Y001,USD/KRW (KRW per USD),Saturday,weekend_observation
2001-03-03,1261.4,731Y001,1,원/미국달러(매매기준율),원,731Y001,USD/KRW (KRW per USD),Saturday,weekend_observation
2001-03-10,1267.1,731Y001,1,원/미국달러(매매기준율),원,731Y001,USD/KRW (KRW per USD),Saturday,weekend_observation
2001-03-17,1291.6,731Y001,1,원/미국달러(매매기준율),원,731Y001,USD/KRW (KRW per USD),Saturday,weekend_observation
2001-03-24,1314.7,731Y001,1,원/미국달러(매매기준율),원,731Y001,USD/KRW (KRW per USD),Saturday,weekend_observation
2001-03-31,1328.0,731Y001,1,원/미국달러(매매기준율),원,731Y001,USD/KRW (KRW per USD),Saturday,weekend_observation
2001-04-07,1346.8,731Y001,1,원/미국달러(매매기준율),원,731Y001,USD/KRW (KRW per USD),Saturday,weekend_observation
2001-04-14,1322.8,731Y001,1,원/미국달러(매매기준율),원,731Y001,USD/KRW (KRW per USD),Saturday,weekend_observation
2001-04-21,1309.2,731Y001,1,원/미국달러(매매기준율),원,731Y001,USD/KRW (KRW per USD),Saturday,weekend_observation
2001-04-28,1324.7,731Y001,1,원/미국달러(매매기준율),원,731Y001,USD/KRW (KRW per USD),Saturday,weekend_observation
2001-05-12,1301.7,731Y001,1,원/미국달러(매매기준율),원,731Y001,USD/KRW (KRW per USD),Saturday,weekend_observation
2001-05-19,1299.2,731Y001,1,원/미국달러(매매기준율),원,731Y001,USD/KRW (KRW per USD),Saturday,weekend_observation
2001-05-26,1288.5,731Y001,1,원/미국달러(매매기준율),원,731Y001,USD/KRW (KRW per USD),Saturday,weekend_observation
2001-06-02,1282.2,731Y001,1,원/미국달러(매매기준율),원,731Y001,USD/KRW (KRW per USD),Saturday,weekend_observation
2001-06-09,1285.8,731Y001,1,원/미국달러(매매기준율),원,731Y001,USD/KRW (KRW per USD),Saturday,weekend_observation
2001-06-16,1292.0,731Y001,1,원/미국달러(매매기준율),원,731Y001,USD/KRW (KRW per USD),Saturday,weekend_observation
2001-06-23,1304.2,731Y001,1,원/미국달러(매매기준율),원,731Y001,USD/KRW (KRW per USD),Saturday,weekend_observation
2001-06-30,1300.7,731Y001,1,원/미국달러(매매기준율),원,731Y001,USD/KRW (KRW per USD),Saturday,weekend_observation
2001-07-07,1295.5,731Y001,1,원/미국달러(매매기준율),원,731Y001,USD/KRW (KRW per USD),Saturday,weekend_observation
2001-07-14,1304.0,731Y001,1,원/미국달러(매매기준율),원,731Y001,USD/KRW (KRW per USD),Saturday,weekend_observation
2001-07-21,1303.7,731Y001,1,원/미국달러(매매기준율),원,731Y001,USD/KRW (KRW per USD),Saturday,weekend_observation
2001-07-28,1301.1,731Y001,1,원/미국달러(매매기준율),원,731Y001,USD/KRW (KRW per USD),Saturday,weekend_observation
2001-08-04,1283.8,731Y001,1,원/미국달러(매매기준율),원,731Y001,USD/KRW (KRW per USD),Saturday,weekend_observation
2001-08-11,1281.2,731Y001,1,원/미국달러(매매기준율),원,731Y001,USD/KRW (KRW per USD),Saturday,weekend_observation
2001-08-18,1283.4,731Y001,1,원/미국달러(매매기준율),원,731Y001,USD/KRW (KRW per USD),Saturday,weekend_observation
2001-08-25,1282.0,731Y001,1,원/미국달러(매매기준율),원,731Y001,USD/KRW (KRW per USD),Saturday,weekend_observation
2001-09-01,1282.1,731Y001,1,원/미국달러(매매기준율),원,731Y001,USD/KRW (KRW per USD),Saturday,weekend_observation
2001-09-08,1287.6,731Y001,1,원/미국달러(매매기준율),원,731Y001,USD/KRW (KRW per USD),Saturday,weekend_observation
2001-09-15,1296.7,731Y001,1,원/미국달러(매매기준율),원,731Y001,USD/KRW (KRW per USD),Saturday,weekend_observation
2001-09-22,1298.0,731Y001,1,원/미국달러(매매기준율),원,731Y001,USD/KRW (KRW per USD),Saturday,weekend_observation
2001-09-29,1309.1,731Y001,1,원/미국달러(매매기준율),원,731Y001,USD/KRW (KRW per USD),Saturday,weekend_observation
2001-10-06,1312.9,731Y001,1,원/미국달러(매매기준율),원,731Y001,USD/KRW (KRW per USD),Saturday,weekend_observation
2001-10-13,1299.9,731Y001,1,원/미국달러(매매기준율),원,731Y001,USD/KRW (KRW per USD),Saturday,weekend_observation
2001-10-20,1301.2,731Y001,1,원/미국달러(매매기준율),원,731Y001,USD/KRW (KRW per USD),Saturday,weekend_observation
2001-10-27,1296.0,731Y001,1,원/미국달러(매매기준율),원,731Y001,USD/KRW (KRW per USD),Saturday,weekend_observation
2001-11-03,1296.6,731Y001,1,원/미국달러(매매기준율),원,731Y001,USD/KRW (KRW per USD),Saturday,weekend_observation
2001-11-10,1282.5,731Y001,1,원/미국달러(매매기준율),원,731Y001,USD/KRW (KRW per USD),Saturday,weekend_observation
2001-11-17,1283.4,731Y001,1,원/미국달러(매매기준율),원,731Y001,USD/KRW (KRW per USD),Saturday,weekend_observation
2001-11-24,1275.6,731Y001,1,원/미국달러(매매기준율),원,731Y001,USD/KRW (KRW per USD),Saturday,weekend_observation
2001-12-01,1269.7,731Y001,1,원/미국달러(매매기준율),원,731Y001,USD/KRW (KRW per USD),Saturday,weekend_observation
2001-12-08,1273.3,731Y001,1,원/미국달러(매매기준율),원,731Y001,USD/KRW (KRW per USD),Saturday,weekend_observation
2001-12-15,1281.1,731Y001,1,원/미국달러(매매기준율),원,731Y001,USD/KRW (KRW per USD),Saturday,weekend_observation
2001-12-22,1311.0,731Y001,1,원/미국달러(매매기준율),원,731Y001,USD/KRW (KRW per USD),Saturday,weekend_observation
2001-12-29,1326.1,731Y001,1,원/미국달러(매매기준율),원,731Y001,USD/KRW (KRW per USD),Saturday,weekend_observation
2002-01-05,1307.7,731Y001,1,원/미국달러(매매기준율),원,731Y001,USD/KRW (KRW per USD),Saturday,weekend_observation
2002-01-12,1311.4,731Y001,1,원/미국달러(매매기준율),원,731Y001,USD/KRW (KRW per USD),Saturday,weekend_observation
2002-01-19,1320.0,731Y001,1,원/미국달러(매매기준율),원,731Y001,USD/KRW (KRW per USD),Saturday,weekend_observation
2002-01-26,1328.6,731Y001,1,원/미국달러(매매기준율),원,731Y001,USD/KRW (KRW per USD),Saturday,weekend_observation
2002-02-02,1319.6,731Y001,1,원/미국달러(매매기준율),원,731Y001,USD/KRW (KRW per USD),Saturday,weekend_observation
2002-02-09,1318.8,731Y001,1,원/미국달러(매매기준율),원,731Y001,USD/KRW (KRW per USD),Saturday,weekend_observation
2002-02-16,1315.5,731Y001,1,원/미국달러(매매기준율),원,731Y001,USD/KRW (KRW per USD),Saturday,weekend_observation
2002-02-23,1321.8,731Y001,1,원/미국달러(매매기준율),원,731Y001,USD/KRW (KRW per USD),Saturday,weekend_observation
2002-03-02,1326.0,731Y001,1,원/미국달러(매매기준율),원,731Y001,USD/KRW (KRW per USD),Saturday,weekend_observation
2002-03-09,1310.6,731Y001,1,원/미국달러(매매기준율),원,731Y001,USD/KRW (KRW per USD),Saturday,weekend_observation
2002-03-16,1322.4,731Y001,1,원/미국달러(매매기준율),원,731Y001,USD/KRW (KRW per USD),Saturday,weekend_observation
2002-03-23,1328.4,731Y001,1,원/미국달러(매매기준율),원,731Y001,USD/KRW (KRW per USD),Saturday,weekend_observation
2002-03-30,1326.4,731Y001,1,원/미국달러(매매기준율),원,731Y001,USD/KRW (KRW per USD),Saturday,weekend_observation
2002-04-06,1329.9,731Y001,1,원/미국달러(매매기준율),원,731Y001,USD/KRW (KRW per USD),Saturday,weekend_observation
2002-04-13,1331.9,731Y001,1,원/미국달러(매매기준율),원,731Y001,USD/KRW (KRW per USD),Saturday,weekend_observation
2002-04-20,1310.8,731Y001,1,원/미국달러(매매기준율),원,731Y001,USD/KRW (KRW per USD),Saturday,weekend_observation
2002-04-27,1297.9,731Y001,1,원/미국달러(매매기준율),원,731Y001,USD/KRW (KRW per USD),Saturday,weekend_observation
2002-05-04,1288.2,731Y001,1,원/미국달러(매매기준율),원,731Y001,USD/KRW (KRW per USD),Saturday,weekend_observation
2002-05-11,1280.1,731Y001,1,원/미국달러(매매기준율),원,731Y001,USD/KRW (KRW per USD),Saturday,weekend_observation
2002-05-18,1265.9,731Y001,1,원/미국달러(매매기준율),원,731Y001,USD/KRW (KRW per USD),Saturday,weekend_observation
2002-05-25,1247.7,731Y001,1,원/미국달러(매매기준율),원,731Y001,USD/KRW (KRW per USD),Saturday,weekend_observation
2002-06-01,1226.2,731Y001,1,원/미국달러(매매기준율),원,731Y001,USD/KRW (KRW per USD),Saturday,weekend_observation
2002-06-08,1228.4,731Y001,1,원/미국달러(매매기준율),원,731Y001,USD/KRW (KRW per USD),Saturday,weekend_observation
2002-06-15,1231.7,731Y001,1,원/미국달러(매매기준율),원,731Y001,USD/KRW (KRW per USD),Saturday,weekend_observation
2002-06-22,1220.2,731Y001,1,원/미국달러(매매기준율),원,731Y001,USD/KRW (KRW per USD),Saturday,weekend_observation
2002-06-29,1201.8,731Y001,1,원/미국달러(매매기준율),원,731Y001,USD/KRW (KRW per USD),Saturday,weekend_observation
2002-07-06,1201.7,731Y001,1,원/미국달러(매매기준율),원,731Y001,USD/KRW (KRW per USD),Saturday,weekend_observation
2002-07-13,1183.3,731Y001,1,원/미국달러(매매기준율),원,731Y001,USD/KRW (KRW per USD),Saturday,weekend_observation
2002-07-20,1171.3,731Y001,1,원/미국달러(매매기준율),원,731Y001,USD/KRW (KRW per USD),Saturday,weekend_observation
2002-07-27,1180.0,731Y001,1,원/미국달러(매매기준율),원,731Y001,USD/KRW (KRW per USD),Saturday,weekend_observation
2002-08-03,1181.2,731Y001,1,원/미국달러(매매기준율),원,731Y001,USD/KRW (KRW per USD),Saturday,weekend_observation
2002-08-10,1207.1,731Y001,1,원/미국달러(매매기준율),원,731Y001,USD/KRW (KRW per USD),Saturday,weekend_observation
2002-08-17,1189.1,731Y001,1,원/미국달러(매매기준율),원,731Y001,USD/KRW (KRW per USD),Saturday,weekend_observation
2002-08-24,1202.5,731Y001,1,원/미국달러(매매기준율),원,731Y001,USD/KRW (KRW per USD),Saturday,weekend_observation
2002-08-31,1200.5,731Y001,1,원/미국달러(매매기준율),원,731Y001,USD/KRW (KRW per USD),Saturday,weekend_observation
2002-09-07,1194.6,731Y001,1,원/미국달러(매매기준율),원,731Y001,USD/KRW (KRW per USD),Saturday,weekend_observation
2002-09-14,1201.4,731Y001,1,원/미국달러(매매기준율),원,731Y001,USD/KRW (KRW per USD),Saturday,weekend_observation
2002-09-28,1225.5,731Y001,1,원/미국달러(매매기준율),원,731Y001,USD/KRW (KRW per USD),Saturday,weekend_observation
2002-10-05,1231.2,731Y001,1,원/미국달러(매매기준율),원,731Y001,USD/KRW (KRW per USD),Saturday,weekend_observation
2002-10-12,1261.1,731Y001,1,원/미국달러(매매기준율),원,731Y001,USD/KRW (KRW per USD),Saturday,weekend_observation
2002-10-19,1242.2,731Y001,1,원/미국달러(매매기준율),원,731Y001,USD/KRW (KRW per USD),Saturday,weekend_observation
2002-10-26,1230.6,731Y001,1,원/미국달러(매매기준율),원,731Y001,USD/KRW (KRW per USD),Saturday,weekend_observation
2002-11-02,1224.0,731Y001,1,원/미국달러(매매기준율),원,731Y001,USD/KRW (KRW per USD),Saturday,weekend_observation
2002-11-09,1210.4,731Y001,1,원/미국달러(매매기준율),원,731Y001,USD/KRW (KRW per USD),Saturday,weekend_observation
2002-11-16,1208.8,731Y001,1,원/미국달러(매매기준율),원,731Y001,USD/KRW (KRW per USD),Saturday,weekend_observation
2002-11-23,1213.5,731Y001,1,원/미국달러(매매기준율),원,731Y001,USD/KRW (KRW per USD),Saturday,weekend_observation
2002-11-30,1208.0,731Y001,1,원/미국달러(매매기준율),원,731Y001,USD/KRW (KRW per USD),Saturday,weekend_observation
2002-12-07,1228.0,731Y001,1,원/미국달러(매매기준율),원,731Y001,USD/KRW (KRW per USD),Saturday,weekend_observation
2002-12-14,1209.0,731Y001,1,원/미국달러(매매기준율),원,731Y001,USD/KRW (KRW per USD),Saturday,weekend_observation
2002-12-21,1203.2,731Y001,1,원/미국달러(매매기준율),원,731Y001,USD/KRW (KRW per USD),Saturday,weekend_observation
2002-12-28,1197.2,731Y001,1,원/미국달러(매매기준율),원,731Y001,USD/KRW (KRW per USD),Saturday,weekend_observation
2003-01-04,1196.1,731Y001,1,원/미국달러(매매기준율),원,731Y001,USD/KRW (KRW per USD),Saturday,weekend_observation
2003-01-11,1180.3,731Y001,1,원/미국달러(매매기준율),원,731Y001,USD/KRW (KRW per USD),Saturday,weekend_observation
2003-01-18,1173.6,731Y001,1,원/미국달러(매매기준율),원,731Y001,USD/KRW (KRW per USD),Saturday,weekend_observation
2003-01-25,1171.9,731Y001,1,원/미국달러(매매기준율),원,731Y001,USD/KRW (KRW per USD),Saturday,weekend_observation
2003-02-08,1179.9,731Y001,1,원/미국달러(매매기준율),원,731Y001,USD/KRW (KRW per USD),Saturday,weekend_observation
2003-02-15,1201.4,731Y001,1,원/미국달러(매매기준율),원,731Y001,USD/KRW (KRW per USD),Saturday,weekend_observation
2003-02-22,1194.1,731Y001,1,원/미국달러(매매기준율),원,731Y001,USD/KRW (KRW per USD),Saturday,weekend_observation
2003-03-08,1218.0,731Y001,1,원/미국달러(매매기준율),원,731Y001,USD/KRW (KRW per USD),Saturday,weekend_observation
2003-03-15,1241.0,731Y001,1,원/미국달러(매매기준율),원,731Y001,USD/KRW (KRW per USD),Saturday,weekend_observation
2003-03-22,1249.6,731Y001,1,원/미국달러(매매기준율),원,731Y001,USD/KRW (KRW per USD),Saturday,weekend_observation
2003-03-29,1252.9,731Y001,1,원/미국달러(매매기준율),원,731Y001,USD/KRW (KRW per USD),Saturday,weekend_observation
2003-04-12,1226.3,731Y001,1,원/미국달러(매매기준율),원,731Y001,USD/KRW (KRW per USD),Saturday,weekend_observation
2003-04-19,1205.0,731Y001,1,원/미국달러(매매기준율),원,731Y001,USD/KRW (KRW per USD),Saturday,weekend_observation
2003-04-26,1234.4,731Y001,1,원/미국달러(매매기준율),원,731Y001,USD/KRW (KRW per USD),Saturday,weekend_observation
2003-05-03,1211.1,731Y001,1,원/미국달러(매매기준율),원,731Y001,USD/KRW (KRW per USD),Saturday,weekend_observation
2003-05-10,1199.9,731Y001,1,원/미국달러(매매기준율),원,731Y001,USD/KRW (KRW per USD),Saturday,weekend_observation
2003-05-17,1197.8,731Y001,1,원/미국달러(매매기준율),원,731Y001,USD/KRW (KRW per USD),Saturday,weekend_observation
2003-05-24,1193.4,731Y001,1,원/미국달러(매매기준율),원,731Y001,USD/KRW (KRW per USD),Saturday,weekend_observation
2003-05-31,1205.3,731Y001,1,원/미국달러(매매기준율),원,731Y001,USD/KRW (KRW per USD),Saturday,weekend_observation
2003-06-07,1200.8,731Y001,1,원/미국달러(매매기준율),원,731Y001,USD/KRW (KRW per USD),Saturday,weekend_observation
2003-06-14,1192.7,731Y001,1,원/미국달러(매매기준율),원,731Y001,USD/KRW (KRW per USD),Saturday,weekend_observation
2003-06-21,1190.6,731Y001,1,원/미국달러(매매기준율),원,731Y001,USD/KRW (KRW per USD),Saturday,weekend_observation
2003-06-28,1193.1,731Y001,1,원/미국달러(매매기준율),원,731Y001,USD/KRW (KRW per USD),Saturday,weekend_observation
2003-07-05,1182.3,731Y001,1,원/미국달러(매매기준율),원,731Y001,USD/KRW (KRW per USD),Saturday,weekend_observation
2003-07-12,1179.2,731Y001,1,원/미국달러(매매기준율),원,731Y001,USD/KRW (KRW per USD),Saturday,weekend_observation
2003-07-19,1182.5,731Y001,1,원/미국달러(매매기준율),원,731Y001,USD/KRW (KRW per USD),Saturday,weekend_observation
2003-07-26,1181.2,731Y001,1,원/미국달러(매매기준율),원,731Y001,USD/KRW (KRW per USD),Saturday,weekend_observation
2003-08-02,1180.4,731Y001,1,원/미국달러(매매기준율),원,731Y001,USD/KRW (KRW per USD),Saturday,weekend_observation
2003-08-09,1181.9,731Y001,1,원/미국달러(매매기준율),원,731Y001,USD/KRW (KRW per USD),Saturday,weekend_observation
2003-08-16,1178.3,731Y001,1,원/미국달러(매매기준율),원,731Y001,USD/KRW (KRW per USD),Saturday,weekend_observation
2003-08-23,1170.6,731Y001,1,원/미국달러(매매기준율),원,731Y001,USD/KRW (KRW per USD),Saturday,weekend_observation
2003-08-30,1178.5,731Y001,1,원/미국달러(매매기준율),원,731Y001,USD/KRW (KRW per USD),Saturday,weekend_observation
2003-09-06,1171.8,731Y001,1,원/미국달러(매매기준율),원,731Y001,USD/KRW (KRW per USD),Saturday,weekend_observation
2003-09-13,1170.1,731Y001,1,원/미국달러(매매기준율),원,731Y001,USD/KRW (KRW per USD),Saturday,weekend_observation
2003-09-20,1168.8,731Y001,1,원/미국달러(매매기준율),원,731Y001,USD/KRW (KRW per USD),Saturday,weekend_observation
2003-09-27,1150.8,731Y001,1,원/미국달러(매매기준율),원,731Y001,USD/KRW (KRW per USD),Saturday,weekend_observation
2003-10-04,1150.5,731Y001,1,원/미국달러(매매기준율),원,731Y001,USD/KRW (KRW per USD),Saturday,weekend_observation
2003-10-11,1148.4,731Y001,1,원/미국달러(매매기준율),원,731Y001,USD/KRW (KRW per USD),Saturday,weekend_observation
2003-10-18,1174.5,731Y001,1,원/미국달러(매매기준율),원,731Y001,USD/KRW (KRW per USD),Saturday,weekend_observation
2003-10-25,1185.8,731Y001,1,원/미국달러(매매기준율),원,731Y001,USD/KRW (KRW per USD),Saturday,weekend_observation
2003-11-01,1182.4,731Y001,1,원/미국달러(매매기준율),원,731Y001,USD/KRW (KRW per USD),Saturday,weekend_observation
2003-11-08,1180.2,731Y001,1,원/미국달러(매매기준율),원,731Y001,USD/KRW (KRW per USD),Saturday,weekend_observation
2003-11-15,1171.2,731Y001,1,원/미국달러(매매기준율),원,731Y001,USD/KRW (KRW per USD),Saturday,weekend_observation
2003-11-22,1195.5,731Y001,1,원/미국달러(매매기준율),원,731Y001,USD/KRW (KRW per USD),Saturday,weekend_observation
2003-11-29,1203.6,731Y001,1,원/미국달러(매매기준율),원,731Y001,USD/KRW (KRW per USD),Saturday,weekend_observation
2003-12-06,1193.4,731Y001,1,원/미국달러(매매기준율),원,731Y001,USD/KRW (KRW per USD),Saturday,weekend_observation
2003-12-13,1185.2,731Y001,1,원/미국달러(매매기준율),원,731Y001,USD/KRW (KRW per USD),Saturday,weekend_observation
2003-12-20,1190.7,731Y001,1,원/미국달러(매매기준율),원,731Y001,USD/KRW (KRW per USD),Saturday,weekend_observation
2003-12-27,1199.7,731Y001,1,원/미국달러(매매기준율),원,731Y001,USD/KRW (KRW per USD),Saturday,weekend_observation
2004-01-03,1195.5,731Y001,1,원/미국달러(매매기준율),원,731Y001,USD/KRW (KRW per USD),Saturday,weekend_observation
2004-01-10,1182.9,731Y001,1,원/미국달러(매매기준율),원,731Y001,USD/KRW (KRW per USD),Saturday,weekend_observation
2004-01-17,1187.1,731Y001,1,원/미국달러(매매기준율),원,731Y001,USD/KRW (KRW per USD),Saturday,weekend_observation
2004-01-24,1188.6,731Y001,1,원/미국달러(매매기준율),원,731Y001,USD/KRW (KRW per USD),Saturday,weekend_observation
2004-01-31,1174.9,731Y001,1,원/미국달러(매매기준율),원,731Y001,USD/KRW (KRW per USD),Saturday,weekend_observation
2004-02-07,1169.2,731Y001,1,원/미국달러(매매기준율),원,731Y001,USD/KRW (KRW per USD),Saturday,weekend_observation
2004-02-14,1160.8,731Y001,1,원/미국달러(매매기준율),원,731Y001,USD/KRW (KRW per USD),Saturday,weekend_observation
2004-02-21,1166.9,731Y001,1,원/미국달러(매매기준율),원,731Y001,USD/KRW (KRW per USD),Saturday,weekend_observation
2004-02-28,1176.5,731Y001,1,원/미국달러(매매기준율),원,731Y001,USD/KRW (KRW per USD),Saturday,weekend_observation
2004-03-06,1174.3,731Y001,1,원/미국달러(매매기준율),원,731Y001,USD/KRW (KRW per USD),Saturday,weekend_observation
2004-03-13,1175.2,731Y001,1,원/미국달러(매매기준율),원,731Y001,USD/KRW (KRW per USD),Saturday,weekend_observation
2004-03-20,1158.6,731Y001,1,원/미국달러(매매기준율),원,731Y001,USD/KRW (KRW per USD),Saturday,weekend_observation
2004-04-03,1141.2,731Y001,1,원/미국달러(매매기준율),원,731Y001,USD/KRW (KRW per USD),Saturday,weekend_observation
2004-04-10,1142.4,731Y001,1,원/미국달러(매매기준율),원,731Y001,USD/KRW (KRW per USD),Saturday,weekend_observation
2004-04-17,1160.3,731Y001,1,원/미국달러(매매기준율),원,731Y001,USD/KRW (KRW per USD),Saturday,weekend_observation
2004-04-24,1158.7,731Y001,1,원/미국달러(매매기준율),원,731Y001,USD/KRW (KRW per USD),Saturday,weekend_observation
2004-05-08,1170.5,731Y001,1,원/미국달러(매매기준율),원,731Y001,USD/KRW (KRW per USD),Saturday,weekend_observation
2004-05-15,1187.9,731Y001,1,원/미국달러(매매기준율),원,731Y001,USD/KRW (KRW per USD),Saturday,weekend_observation
2004-05-22,1177.1,731Y001,1,원/미국달러(매매기준율),원,731Y001,USD/KRW (KRW per USD),Saturday,weekend_observation
2004-05-29,1165.7,731Y001,1,원/미국달러(매매기준율),원,731Y001,USD/KRW (KRW per USD),Saturday,weekend_observation
2004-06-05,1164.1,731Y001,1,원/미국달러(매매기준율),원,731Y001,USD/KRW (KRW per USD),Saturday,weekend_observation
2004-06-12,1158.4,731Y001,1,원/미국달러(매매기준율),원,731Y001,USD/KRW (KRW per USD),Saturday,weekend_observation
2004-06-19,1158.3,731Y001,1,원/미국달러(매매기준율),원,731Y001,USD/KRW (KRW per USD),Saturday,weekend_observation
2004-06-26,1151.0,731Y001,1,원/미국달러(매매기준율),원,731Y001,USD/KRW (KRW per USD),Saturday,weekend_observation
2004-07-03,1155.8,731Y001,1,원/미국달러(매매기준율),원,731Y001,USD/KRW (KRW per USD),Saturday,weekend_observation
2004-07-10,1150.7,731Y001,1,원/미국달러(매매기준율),원,731Y001,USD/KRW (KRW per USD),Saturday,weekend_observation
2004-07-24,1164.6,731Y001,1,원/미국달러(매매기준율),원,731Y001,USD/KRW (KRW per USD),Saturday,weekend_observation
2004-07-31,1171.3,731Y001,1,원/미국달러(매매기준율),원,731Y001,USD/KRW (KRW per USD),Saturday,weekend_observation
2004-08-07,1165.9,731Y001,1,원/미국달러(매매기준율),원,731Y001,USD/KRW (KRW per USD),Saturday,weekend_observation
2004-08-14,1162.2,731Y001,1,원/미국달러(매매기준율),원,731Y001,USD/KRW (KRW per USD),Saturday,weekend_observation
2004-08-21,1154.6,731Y001,1,원/미국달러(매매기준율),원,731Y001,USD/KRW (KRW per USD),Saturday,weekend_observation
2004-08-28,1152.3,731Y001,1,원/미국달러(매매기준율),원,731Y001,USD/KRW (KRW per USD),Saturday,weekend_observation
2004-09-04,1148.8,731Y001,1,원/미국달러(매매기준율),원,731Y001,USD/KRW (KRW per USD),Saturday,weekend_observation
2004-09-11,1145.9,731Y001,1,원/미국달러(매매기준율),원,731Y001,USD/KRW (KRW per USD),Saturday,weekend_observation
2004-09-18,1145.4,731Y001,1,원/미국달러(매매기준율),원,731Y001,USD/KRW (KRW per USD),Saturday,weekend_observation
2004-09-25,1147.9,731Y001,1,원/미국달러(매매기준율),원,731Y001,USD/KRW (KRW per USD),Saturday,weekend_observation
2004-10-02,1148.0,731Y001,1,원/미국달러(매매기준율),원,731Y001,USD/KRW (KRW per USD),Saturday,weekend_observation
2004-10-09,1149.9,731Y001,1,원/미국달러(매매기준율),원,731Y001,USD/KRW (KRW per USD),Saturday,weekend_observation
2004-10-16,1145.4,731Y001,1,원/미국달러(매매기준율),원,731Y001,USD/KRW (KRW per USD),Saturday,weekend_observation
2004-10-23,1141.1,731Y001,1,원/미국달러(매매기준율),원,731Y001,USD/KRW (KRW per USD),Saturday,weekend_observation
2004-10-30,1122.3,731Y001,1,원/미국달러(매매기준율),원,731Y001,USD/KRW (KRW per USD),Saturday,weekend_observation
2004-11-06,1110.9,731Y001,1,원/미국달러(매매기준율),원,731Y001,USD/KRW (KRW per USD),Saturday,weekend_observation
2004-11-13,1108.0,731Y001,1,원/미국달러(매매기준율),원,731Y001,USD/KRW (KRW per USD),Saturday,weekend_observation
2004-11-20,1068.6,731Y001,1,원/미국달러(매매기준율),원,731Y001,USD/KRW (KRW per USD),Saturday,weekend_observation
2004-11-27,1048.9,731Y001,1,원/미국달러(매매기준율),원,731Y001,USD/KRW (KRW per USD),Saturday,weekend_observation
2004-12-04,1044.9,731Y001,1,원/미국달러(매매기준율),원,731Y001,USD/KRW (KRW per USD),Saturday,weekend_observation
2004-12-11,1062.8,731Y001,1,원/미국달러(매매기준율),원,731Y001,USD/KRW (KRW per USD),Saturday,weekend_observation
2004-12-18,1058.8,731Y001,1,원/미국달러(매매기준율),원,731Y001,USD/KRW (KRW per USD),Saturday,weekend_observation
2005-01-08,1052.9,731Y001,1,원/미국달러(매매기준율),원,731Y001,USD/KRW (KRW per USD),Saturday,weekend_observation
2005-01-15,1038.3,731Y001,1,원/미국달러(매매기준율),원,731Y001,USD/KRW (KRW per USD),Saturday,weekend_observation
2005-01-22,1037.5,731Y001,1,원/미국달러(매매기준율),원,731Y001,USD/KRW (KRW per USD),Saturday,weekend_observation
2005-01-29,1026.4,731Y001,1,원/미국달러(매매기준율),원,731Y001,USD/KRW (KRW per USD),Saturday,weekend_observation
2005-02-05,1026.7,731Y001,1,원/미국달러(매매기준율),원,731Y001,USD/KRW (KRW per USD),Saturday,weekend_observation
2005-02-12,1035.2,731Y001,1,원/미국달러(매매기준율),원,731Y001,USD/KRW (KRW per USD),Saturday,weekend_observation
2005-02-19,1025.2,731Y001,1,원/미국달러(매매기준율),원,731Y001,USD/KRW (KRW per USD),Saturday,weekend_observation
2005-02-26,1008.1,731Y001,1,원/미국달러(매매기준율),원,731Y001,USD/KRW (KRW per USD),Saturday,weekend_observation
2005-03-05,1007.8,731Y001,1,원/미국달러(매매기준율),원,731Y001,USD/KRW (KRW per USD),Saturday,weekend_observation
2005-03-12,1000.7,731Y001,1,원/미국달러(매매기준율),원,731Y001,USD/KRW (KRW per USD),Saturday,weekend_observation
2005-03-19,1002.9,731Y001,1,원/미국달러(매매기준율),원,731Y001,USD/KRW (KRW per USD),Saturday,weekend_observation
2005-03-26,1013.1,731Y001,1,원/미국달러(매매기준율),원,731Y001,USD/KRW (KRW per USD),Saturday,weekend_observation
2005-04-02,1013.1,731Y001,1,원/미국달러(매매기준율),원,731Y001,USD/KRW (KRW per USD),Saturday,weekend_observation
2005-04-09,1014.0,731Y001,1,원/미국달러(매매기준율),원,731Y001,USD/KRW (KRW per USD),Saturday,weekend_observation
2005-04-16,1022.2,731Y001,1,원/미국달러(매매기준율),원,731Y001,USD/KRW (KRW per USD),Saturday,weekend_observation
2005-04-23,1005.3,731Y001,1,원/미국달러(매매기준율),원,731Y001,USD/KRW (KRW per USD),Saturday,weekend_observation
2005-04-30,1001.8,731Y001,1,원/미국달러(매매기준율),원,731Y001,USD/KRW (KRW per USD),Saturday,weekend_observation
2005-05-07,999.6,731Y001,1,원/미국달러(매매기준율),원,731Y001,USD/KRW (KRW per USD),Saturday,weekend_observation
2005-05-14,1001.2,731Y001,1,원/미국달러(매매기준율),원,731Y001,USD/KRW (KRW per USD),Saturday,weekend_observation
2005-05-21,1005.2,731Y001,1,원/미국달러(매매기준율),원,731Y001,USD/KRW (KRW per USD),Saturday,weekend_observation
2005-05-28,1000.7,731Y001,1,원/미국달러(매매기준율),원,731Y001,USD/KRW (KRW per USD),Saturday,weekend_observation
2005-06-04,1009.7,731Y001,1,원/미국달러(매매기준율),원,731Y001,USD/KRW (KRW per USD),Saturday,weekend_observation
2005-06-11,1005.7,731Y001,1,원/미국달러(매매기준율),원,731Y001,USD/KRW (KRW per USD),Saturday,weekend_observation
2005-06-18,1010.9,731Y001,1,원/미국달러(매매기준율),원,731Y001,USD/KRW (KRW per USD),Saturday,weekend_observation
2005-06-25,1012.4,731Y001,1,원/미국달러(매매기준율),원,731Y001,USD/KRW (KRW per USD),Saturday,weekend_observation
2005-07-02,1030.3,731Y001,1,원/미국달러(매매기준율),원,731Y001,USD/KRW (KRW per USD),Saturday,weekend_observation
2005-07-09,1053.8,731Y001,1,원/미국달러(매매기준율),원,731Y001,USD/KRW (KRW per USD),Saturday,weekend_observation
2005-07-16,1037.7,731Y001,1,원/미국달러(매매기준율),원,731Y001,USD/KRW (KRW per USD),Saturday,weekend_observation
2005-07-23,1022.8,731Y001,1,원/미국달러(매매기준율),원,731Y001,USD/KRW (KRW per USD),Saturday,weekend_observation
2005-07-30,1025.7,731Y001,1,원/미국달러(매매기준율),원,731Y001,USD/KRW (KRW per USD),Saturday,weekend_observation
2005-08-06,1013.9,731Y001,1,원/미국달러(매매기준율),원,731Y001,USD/KRW (KRW per USD),Saturday,weekend_observation
2005-08-13,1014.2,731Y001,1,원/미국달러(매매기준율),원,731Y001,USD/KRW (KRW per USD),Saturday,weekend_observation
2005-08-20,1022.7,731Y001,1,원/미국달러(매매기준율),원,731Y001,USD/KRW (KRW per USD),Saturday,weekend_observation
2005-08-27,1028.4,731Y001,1,원/미국달러(매매기준율),원,731Y001,USD/KRW (KRW per USD),Saturday,weekend_observation
2005-09-03,1029.4,731Y001,1,원/미국달러(매매기준율),원,731Y001,USD/KRW (KRW per USD),Saturday,weekend_observation
2005-09-10,1027.3,731Y001,1,원/미국달러(매매기준율),원,731Y001,USD/KRW (KRW per USD),Saturday,weekend_observation
2005-09-24,1028.9,731Y001,1,원/미국달러(매매기준율),원,731Y001,USD/KRW (KRW per USD),Saturday,weekend_observation
2005-10-01,1040.7,731Y001,1,원/미국달러(매매기준율),원,731Y001,USD/KRW (KRW per USD),Saturday,weekend_observation
2005-10-08,1037.3,731Y001,1,원/미국달러(매매기준율),원,731Y001,USD/KRW (KRW per USD),Saturday,weekend_observation
2005-10-15,1046.7,731Y001,1,원/미국달러(매매기준율),원,731Y001,USD/KRW (KRW per USD),Saturday,weekend_observation
2005-10-22,1054.9,731Y001,1,원/미국달러(매매기준율),원,731Y001,USD/KRW (KRW per USD),Saturday,weekend_observation
2005-10-29,1042.7,731Y001,1,원/미국달러(매매기준율),원,731Y001,USD/KRW (KRW per USD),Saturday,weekend_observation
2005-11-05,1047.8,731Y001,1,원/미국달러(매매기준율),원,731Y001,USD/KRW (KRW per USD),Saturday,weekend_observation
2005-11-12,1043.3,731Y001,1,원/미국달러(매매기준율),원,731Y001,USD/KRW (KRW per USD),Saturday,weekend_observation
2005-11-19,1035.6,731Y001,1,원/미국달러(매매기준율),원,731Y001,USD/KRW (KRW per USD),Saturday,weekend_observation
2005-11-26,1041.1,731Y001,1,원/미국달러(매매기준율),원,731Y001,USD/KRW (KRW per USD),Saturday,weekend_observation
2005-12-03,1038.2,731Y001,1,원/미국달러(매매기준율),원,731Y001,USD/KRW (KRW per USD),Saturday,weekend_observation
2005-12-10,1034.1,731Y001,1,원/미국달러(매매기준율),원,731Y001,USD/KRW (KRW per USD),Saturday,weekend_observation
2005-12-17,1016.3,731Y001,1,원/미국달러(매매기준율),원,731Y001,USD/KRW (KRW per USD),Saturday,weekend_observation
2005-12-24,1014.8,731Y001,1,원/미국달러(매매기준율),원,731Y001,USD/KRW (KRW per USD),Saturday,weekend_observation
2005-12-31,1013.0,731Y001,1,원/미국달러(매매기준율),원,731Y001,USD/KRW (KRW per USD),Saturday,weekend_observation
2006-01-07,992.5,731Y001,1,원/미국달러(매매기준율),원,731Y001,USD/KRW (KRW per USD),Saturday,weekend_observation
2006-01-14,982.7,731Y001,1,원/미국달러(매매기준율),원,731Y001,USD/KRW (KRW per USD),Saturday,weekend_observation
2006-01-21,986.8,731Y001,1,원/미국달러(매매기준율),원,731Y001,USD/KRW (KRW per USD),Saturday,weekend_observation
2006-02-04,970.6,731Y001,1,원/미국달러(매매기준율),원,731Y001,USD/KRW (KRW per USD),Saturday,weekend_observation
2006-02-11,970.6,731Y001,1,원/미국달러(매매기준율),원,731Y001,USD/KRW (KRW per USD),Saturday,weekend_observation
2006-02-18,974.1,731Y001,1,원/미국달러(매매기준율),원,731Y001,USD/KRW (KRW per USD),Saturday,weekend_observation
2006-02-25,964.7,731Y001,1,원/미국달러(매매기준율),원,731Y001,USD/KRW (KRW per USD),Saturday,weekend_observation
