date,broad_usd_index,series_id,unit,frequency
2006-01-02,101.4155,DTWEXBGS,Index Jan 2006=100,Daily
2006-01-03,100.7558,DTWEXBGS,Index Jan 2006=100,Daily
2006-01-04,100.2288,DTWEXBGS,Index Jan 2006=100,Daily
2006-01-05,100.2992,DTWEXBGS,Index Jan 2006=100,Daily
2006-01-06,100.0241,DTWEXBGS,Index Jan 2006=100,Daily
2006-01-09,100.1794,DTWEXBGS,Index Jan 2006=100,Daily
2006-01-10,100.1436,DTWEXBGS,Index Jan 2006=100,Daily
2006-01-11,99.871,DTWEXBGS,Index Jan 2006=100,Daily
2006-01-12,100.0643,DTWEXBGS,Index Jan 2006=100,Daily
2006-01-13,99.9675,DTWEXBGS,Index Jan 2006=100,Daily
2006-01-16,99.9715,DTWEXBGS,Index Jan 2006=100,Daily
2006-01-17,100.2447,DTWEXBGS,Index Jan 2006=100,Daily
2006-01-18,100.4085,DTWEXBGS,Index Jan 2006=100,Daily
2006-01-19,100.1862,DTWEXBGS,Index Jan 2006=100,Daily
2006-01-20,99.9017,DTWEXBGS,Index Jan 2006=100,Daily
2006-01-23,99.3783,DTWEXBGS,Index Jan 2006=100,Daily
2006-01-24,99.3434,DTWEXBGS,Index Jan 2006=100,Daily
2006-01-25,99.348,DTWEXBGS,Index Jan 2006=100,Daily
2006-01-26,99.4798,DTWEXBGS,Index Jan 2006=100,Daily
2006-01-27,99.6433,DTWEXBGS,Index Jan 2006=100,Daily
2006-01-30,99.7144,DTWEXBGS,Index Jan 2006=100,Daily
2006-01-31,99.4311,DTWEXBGS,Index Jan 2006=100,Daily
2006-02-01,99.6132,DTWEXBGS,Index Jan 2006=100,Daily
2006-02-02,99.7916,DTWEXBGS,Index Jan 2006=100,Daily
2006-02-03,100.118,DTWEXBGS,Index Jan 2006=100,Daily
2006-02-06,100.1372,DTWEXBGS,Index Jan 2006=100,Daily
2006-02-07,100.1759,DTWEXBGS,Index Jan 2006=100,Daily
2006-02-08,100.4879,DTWEXBGS,Index Jan 2006=100,Daily
2006-02-09,100.2117,DTWEXBGS,Index Jan 2006=100,Daily
2006-02-10,100.322,DTWEXBGS,Index Jan 2006=100,Daily
2006-02-13,100.3955,DTWEXBGS,Index Jan 2006=100,Daily
2006-02-14,100.3987,DTWEXBGS,Index Jan 2006=100,Daily
2006-02-15,100.4489,DTWEXBGS,Index Jan 2006=100,Daily
2006-02-16,100.5183,DTWEXBGS,Index Jan 2006=100,Daily
2006-02-17,100.3404,DTWEXBGS,Index Jan 2006=100,Daily
2006-02-20,100.3447,DTWEXBGS,Index Jan 2006=100,Daily
2006-02-21,100.2346,DTWEXBGS,Index Jan 2006=100,Daily
2006-02-22,100.3879,DTWEXBGS,Index Jan 2006=100,Daily
2006-02-23,100.1956,DTWEXBGS,Index Jan 2006=100,Daily
2006-02-24,100.2594,DTWEXBGS,Index Jan 2006=100,Daily
2006-02-27,100.0724,DTWEXBGS,Index Jan 2006=100,Daily
2006-02-28,99.7695,DTWEXBGS,Index Jan 2006=100,Daily
2006-03-01,99.8355,DTWEXBGS,Index Jan 2006=100,Daily
2006-03-02,99.5969,DTWEXBGS,Index Jan 2006=100,Daily
2006-03-03,99.7024,DTWEXBGS,Index Jan 2006=100,Daily
2006-03-06,99.9834,DTWEXBGS,Index Jan 2006=100,Daily
2006-03-07,100.564,DTWEXBGS,Index Jan 2006=100,Daily
2006-03-08,100.8565,DTWEXBGS,Index Jan 2006=100,Daily
2006-03-09,100.7718,DTWEXBGS,Index Jan 2006=100,Daily
2006-03-10,100.9566,DTWEXBGS,Index Jan 2006=100,Daily
2006-03-13,100.8563,DTWEXBGS,Index Jan 2006=100,Daily
2006-03-14,100.312,DTWEXBGS,Index Jan 2006=100,Daily
2006-03-15,100.2121,DTWEXBGS,Index Jan 2006=100,Daily
2006-03-16,99.9049,DTWEXBGS,Index Jan 2006=100,Daily
2006-03-17,99.8614,DTWEXBGS,Index Jan 2006=100,Daily
2006-03-20,100.0491,DTWEXBGS,Index Jan 2006=100,Daily
2006-03-21,100.4716,DTWEXBGS,Index Jan 2006=100,Daily
2006-03-22,100.496,DTWEXBGS,Index Jan 2006=100,Daily
2006-03-23,100.8256,DTWEXBGS,Index Jan 2006=100,Daily
2006-03-24,100.7773,DTWEXBGS,Index Jan 2006=100,Daily
2006-03-27,100.8359,DTWEXBGS,Index Jan 2006=100,Daily
2006-03-28,100.7995,DTWEXBGS,Index Jan 2006=100,Daily
2006-03-29,101.0474,DTWEXBGS,Index Jan 2006=100,Daily
2006-03-30,100.5698,DTWEXBGS,Index Jan 2006=100,Daily
2006-03-31,100.56,DTWEXBGS,Index Jan 2006=100,Daily
2006-04-03,100.6204,DTWEXBGS,Index Jan 2006=100,Daily
2006-04-04,100.1319,DTWEXBGS,Index Jan 2006=100,Daily
2006-04-05,100.0792,DTWEXBGS,Index Jan 2006=100,Daily
2006-04-06,100.1578,DTWEXBGS,Index Jan 2006=100,Daily
2006-04-07,100.4187,DTWEXBGS,Index Jan 2006=100,Daily
2006-04-10,100.4091,DTWEXBGS,Index Jan 2006=100,Daily
2006-04-11,100.2903,DTWEXBGS,Index Jan 2006=100,Daily
2006-04-12,100.3589,DTWEXBGS,Index Jan 2006=100,Daily
2006-04-13,100.4759,DTWEXBGS,Index Jan 2006=100,Daily
2006-04-14,100.4697,DTWEXBGS,Index Jan 2006=100,Daily
2006-04-17,99.8719,DTWEXBGS,Index Jan 2006=100,Daily
2006-04-18,99.6747,DTWEXBGS,Index Jan 2006=100,Daily
2006-04-19,99.3467,DTWEXBGS,Index Jan 2006=100,Daily
2006-04-20,99.4974,DTWEXBGS,Index Jan 2006=100,Daily
2006-04-21,99.4345,DTWEXBGS,Index Jan 2006=100,Daily
2006-04-24,99.117,DTWEXBGS,Index Jan 2006=100,Daily
2006-04-25,98.9687,DTWEXBGS,Index Jan 2006=100,Daily
2006-04-26,98.8907,DTWEXBGS,Index Jan 2006=100,Daily
2006-04-27,98.5149,DTWEXBGS,Index Jan 2006=100,Daily
2006-04-28,98.1412,DTWEXBGS,Index Jan 2006=100,Daily
2006-05-01,97.9085,DTWEXBGS,Index Jan 2006=100,Daily
2006-05-02,97.6571,DTWEXBGS,Index Jan 2006=100,Daily
2006-05-03,97.5572,DTWEXBGS,Index Jan 2006=100,Daily
2006-05-04,97.4878,DTWEXBGS,Index Jan 2006=100,Daily
2006-05-05,97.2585,DTWEXBGS,Index Jan 2006=100,Daily
2006-05-08,97.1945,DTWEXBGS,Index Jan 2006=100,Daily
2006-05-09,96.9578,DTWEXBGS,Index Jan 2006=100,Daily
2006-05-10,96.6391,DTWEXBGS,Index Jan 2006=100,Daily
2006-05-11,96.5383,DTWEXBGS,Index Jan 2006=100,Daily
2006-05-12,96.8788,DTWEXBGS,Index Jan 2006=100,Daily
2006-05-15,97.3588,DTWEXBGS,Index Jan 2006=100,Daily
2006-05-16,97.1959,DTWEXBGS,Index Jan 2006=100,Daily
2006-05-17,97.4725,DTWEXBGS,Index Jan 2006=100,Daily
2006-05-18,97.7033,DTWEXBGS,Index Jan 2006=100,Daily
2006-05-19,97.933,DTWEXBGS,Index Jan 2006=100,Daily
2006-05-22,97.9377,DTWEXBGS,Index Jan 2006=100,Daily
2006-05-23,97.7045,DTWEXBGS,Index Jan 2006=100,Daily
2006-05-24,98.3936,DTWEXBGS,Index Jan 2006=100,Daily
2006-05-25,97.8423,DTWEXBGS,Index Jan 2006=100,Daily
2006-05-26,97.8995,DTWEXBGS,Index Jan 2006=100,Daily
2006-05-29,97.8936,DTWEXBGS,Index Jan 2006=100,Daily
2006-05-30,97.588,DTWEXBGS,Index Jan 2006=100,Daily
2006-05-31,97.7705,DTWEXBGS,Index Jan 2006=100,Daily
2006-06-01,97.7726,DTWEXBGS,Index Jan 2006=100,Daily
2006-06-02,97.5544,DTWEXBGS,Index Jan 2006=100,Daily
2006-06-05,97.3681,DTWEXBGS,Index Jan 2006=100,Daily
2006-06-06,98.1449,DTWEXBGS,Index Jan 2006=100,Daily
2006-06-07,98.1641,DTWEXBGS,Index Jan 2006=100,Daily
2006-06-08,98.9313,DTWEXBGS,Index Jan 2006=100,Daily
2006-06-09,98.5471,DTWEXBGS,Index Jan 2006=100,Daily
2006-06-12,98.5494,DTWEXBGS,Index Jan 2006=100,Daily
2006-06-13,98.9201,DTWEXBGS,Index Jan 2006=100,Daily
2006-06-14,98.8338,DTWEXBGS,Index Jan 2006=100,Daily
2006-06-15,98.8846,DTWEXBGS,Index Jan 2006=100,Daily
2006-06-16,98.9127,DTWEXBGS,Index Jan 2006=100,Daily
2006-06-19,99.145,DTWEXBGS,Index Jan 2006=100,Daily
2006-06-20,99.0117,DTWEXBGS,Index Jan 2006=100,Daily
2006-06-21,98.5544,DTWEXBGS,Index Jan 2006=100,Daily
2006-06-22,99.0856,DTWEXBGS,Index Jan 2006=100,Daily
2006-06-23,99.4216,DTWEXBGS,Index Jan 2006=100,Daily
2006-06-26,99.3634,DTWEXBGS,Index Jan 2006=100,Daily
2006-06-27,99.219,DTWEXBGS,Index Jan 2006=100,Daily
2006-06-28,99.392,DTWEXBGS,Index Jan 2006=100,Daily
2006-06-29,99.2158,DTWEXBGS,Index Jan 2006=100,Daily
2006-06-30,98.2483,DTWEXBGS,Index Jan 2006=100,Daily
2006-07-03,98.0371,DTWEXBGS,Index Jan 2006=100,Daily
2006-07-04,98.0221,DTWEXBGS,Index Jan 2006=100,Daily
2006-07-05,98.308,DTWEXBGS,Index Jan 2006=100,Daily
2006-07-06,98.138,DTWEXBGS,Index Jan 2006=100,Daily
2006-07-07,97.7508,DTWEXBGS,Index Jan 2006=100,Daily
2006-07-10,97.9813,DTWEXBGS,Index Jan 2006=100,Daily
2006-07-11,98.2132,DTWEXBGS,Index Jan 2006=100,Daily
2006-07-12,98.5202,DTWEXBGS,Index Jan 2006=100,Daily
2006-07-13,98.5583,DTWEXBGS,Index Jan 2006=100,Daily
2006-07-14,98.6814,DTWEXBGS,Index Jan 2006=100,Daily
2006-07-17,99.0767,DTWEXBGS,Index Jan 2006=100,Daily
2006-07-18,99.1341,DTWEXBGS,Index Jan 2006=100,Daily
2006-07-19,98.9262,DTWEXBGS,Index Jan 2006=100,Daily
2006-07-20,98.6014,DTWEXBGS,Index Jan 2006=100,Daily
2006-07-21,98.5221,DTWEXBGS,Index Jan 2006=100,Daily
2006-07-24,98.7795,DTWEXBGS,Index Jan 2006=100,Daily
2006-07-25,98.9388,DTWEXBGS,Index Jan 2006=100,Daily
2006-07-26,98.742,DTWEXBGS,Index Jan 2006=100,Daily
2006-07-27,98.2283,DTWEXBGS,Index Jan 2006=100,Daily
2006-07-28,98.0539,DTWEXBGS,Index Jan 2006=100,Daily
2006-07-31,97.9996,DTWEXBGS,Index Jan 2006=100,Daily
2006-08-01,98.1715,DTWEXBGS,Index Jan 2006=100,Daily
2006-08-02,97.9432,DTWEXBGS,Index Jan 2006=100,Daily
2006-08-03,98.0694,DTWEXBGS,Index Jan 2006=100,Daily
2006-08-04,97.6005,DTWEXBGS,Index Jan 2006=100,Daily
2006-08-07,97.5088,DTWEXBGS,Index Jan 2006=100,Daily
2006-08-08,97.6524,DTWEXBGS,Index Jan 2006=100,Daily
2006-08-09,97.4402,DTWEXBGS,Index Jan 2006=100,Daily
2006-08-10,97.8887,DTWEXBGS,Index Jan 2006=100,Daily
2006-08-11,97.7863,DTWEXBGS,Index Jan 2006=100,Daily
2006-08-14,97.9677,DTWEXBGS,Index Jan 2006=100,Daily
2006-08-15,97.8043,DTWEXBGS,Index Jan 2006=100,Daily
2006-08-16,97.3894,DTWEXBGS,Index Jan 2006=100,Daily
2006-08-17,97.3486,DTWEXBGS,Index Jan 2006=100,Daily
2006-08-18,97.7577,DTWEXBGS,Index Jan 2006=100,Daily
2006-08-21,97.3856,DTWEXBGS,Index Jan 2006=100,Daily
2006-08-22,97.6079,DTWEXBGS,Index Jan 2006=100,Daily
2006-08-23,97.5731,DTWEXBGS,Index Jan 2006=100,Daily
2006-08-24,97.7939,DTWEXBGS,Index Jan 2006=100,Daily
2006-08-25,97.8827,DTWEXBGS,Index Jan 2006=100,Daily
2006-08-28,97.8467,DTWEXBGS,Index Jan 2006=100,Daily
2006-08-29,97.7748,DTWEXBGS,Index Jan 2006=100,Daily
2006-08-30,97.5792,DTWEXBGS,Index Jan 2006=100,Daily
2006-08-31,97.644,DTWEXBGS,Index Jan 2006=100,Daily
2006-09-01,97.5084,DTWEXBGS,Index Jan 2006=100,Daily
2006-09-04,97.4981,DTWEXBGS,Index Jan 2006=100,Daily
2006-09-05,97.4392,DTWEXBGS,Index Jan 2006=100,Daily
2006-09-06,97.6087,DTWEXBGS,Index Jan 2006=100,Daily
2006-09-07,97.8108,DTWEXBGS,Index Jan 2006=100,Daily
2006-09-08,98.2119,DTWEXBGS,Index Jan 2006=100,Daily
2006-09-11,98.3845,DTWEXBGS,Index Jan 2006=100,Daily
2006-09-12,98.2781,DTWEXBGS,Index Jan 2006=100,Daily
2006-09-13,98.1775,DTWEXBGS,Index Jan 2006=100,Daily
2006-09-14,98.0088,DTWEXBGS,Index Jan 2006=100,Daily
2006-09-15,98.2104,DTWEXBGS,Index Jan 2006=100,Daily
2006-09-18,98.1332,DTWEXBGS,Index Jan 2006=100,Daily
2006-09-19,98.1703,DTWEXBGS,Index Jan 2006=100,Daily
2006-09-20,98.1556,DTWEXBGS,Index Jan 2006=100,Daily
2006-09-21,97.9458,DTWEXBGS,Index Jan 2006=100,Daily
2006-09-22,97.8667,DTWEXBGS,Index Jan 2006=100,Daily
2006-09-25,97.9909,DTWEXBGS,Index Jan 2006=100,Daily
2006-09-26,98.0555,DTWEXBGS,Index Jan 2006=100,Daily
2006-09-27,98.0107,DTWEXBGS,Index Jan 2006=100,Daily
2006-09-28,98.0381,DTWEXBGS,Index Jan 2006=100,Daily
2006-09-29,98.1054,DTWEXBGS,Index Jan 2006=100,Daily
2006-10-02,97.9247,DTWEXBGS,Index Jan 2006=100,Daily
2006-10-03,98.1267,DTWEXBGS,Index Jan 2006=100,Daily
2006-10-04,98.3682,DTWEXBGS,Index Jan 2006=100,Daily
2006-10-05,98.2776,DTWEXBGS,Index Jan 2006=100,Daily
2006-10-06,98.5619,DTWEXBGS,Index Jan 2006=100,Daily
2006-10-09,98.5702,DTWEXBGS,Index Jan 2006=100,Daily
2006-10-10,98.9125,DTWEXBGS,Index Jan 2006=100,Daily
2006-10-11,98.9146,DTWEXBGS,Index Jan 2006=100,Daily
2006-10-12,98.831,DTWEXBGS,Index Jan 2006=100,Daily
2006-10-13,98.8002,DTWEXBGS,Index Jan 2006=100,Daily
2006-10-16,98.71,DTWEXBGS,Index Jan 2006=100,Daily
2006-10-17,98.5354,DTWEXBGS,Index Jan 2006=100,Daily
2006-10-18,98.6164,DTWEXBGS,Index Jan 2006=100,Daily
2006-10-19,98.2897,DTWEXBGS,Index Jan 2006=100,Daily
2006-10-20,98.1629,DTWEXBGS,Index Jan 2006=100,Daily
2006-10-23,98.4483,DTWEXBGS,Index Jan 2006=100,Daily
2006-10-24,98.349,DTWEXBGS,Index Jan 2006=100,Daily
2006-10-25,98.2057,DTWEXBGS,Index Jan 2006=100,Daily
2006-10-26,97.8907,DTWEXBGS,Index Jan 2006=100,Daily
2006-10-27,97.4914,DTWEXBGS,Index Jan 2006=100,Daily
2006-10-30,97.5672,DTWEXBGS,Index Jan 2006=100,Daily
2006-10-31,97.3901,DTWEXBGS,Index Jan 2006=100,Daily
2006-11-01,97.4949,DTWEXBGS,Index Jan 2006=100,Daily
2006-11-02,97.6556,DTWEXBGS,Index Jan 2006=100,Daily
2006-11-03,97.7209,DTWEXBGS,Index Jan 2006=100,Daily
2006-11-06,97.806,DTWEXBGS,Index Jan 2006=100,Daily
2006-11-07,97.4453,DTWEXBGS,Index Jan 2006=100,Daily
2006-11-08,97.58,DTWEXBGS,Index Jan 2006=100,Daily
2006-11-09,97.5041,DTWEXBGS,Index Jan 2006=100,Daily
2006-11-10,97.4638,DTWEXBGS,Index Jan 2006=100,Daily
2006-11-13,97.7904,DTWEXBGS,Index Jan 2006=100,Daily
2006-11-14,97.7475,DTWEXBGS,Index Jan 2006=100,Daily
2006-11-15,97.8359,DTWEXBGS,Index Jan 2006=100,Daily
2006-11-16,97.8098,DTWEXBGS,Index Jan 2006=100,Daily
2006-11-17,97.9855,DTWEXBGS,Index Jan 2006=100,Daily
2006-11-20,98.0254,DTWEXBGS,Index Jan 2006=100,Daily
2006-11-21,98.0215,DTWEXBGS,Index Jan 2006=100,Daily
2006-11-22,97.5315,DTWEXBGS,Index Jan 2006=100,Daily
2006-11-23,97.5314,DTWEXBGS,Index Jan 2006=100,Daily
2006-11-24,97.0657,DTWEXBGS,Index Jan 2006=100,Daily
2006-11-27,96.9986,DTWEXBGS,Index Jan 2006=100,Daily
2006-11-28,96.8428,DTWEXBGS,Index Jan 2006=100,Daily
2006-11-29,96.8577,DTWEXBGS,Index Jan 2006=100,Daily
2006-11-30,96.5779,DTWEXBGS,Index Jan 2006=100,Daily
2006-12-01,96.4585,DTWEXBGS,Index Jan 2006=100,Daily
2006-12-04,96.4319,DTWEXBGS,Index Jan 2006=100,Daily
2006-12-05,96.2082,DTWEXBGS,Index Jan 2006=100,Daily
2006-12-06,96.2839,DTWEXBGS,Index Jan 2006=100,Daily
2006-12-07,96.3207,DTWEXBGS,Index Jan 2006=100,Daily
2006-12-08,96.6123,DTWEXBGS,Index Jan 2006=100,Daily
2006-12-11,96.6646,DTWEXBGS,Index Jan 2006=100,Daily
2006-12-12,96.7119,DTWEXBGS,Index Jan 2006=100,Daily
2006-12-13,96.7296,DTWEXBGS,Index Jan 2006=100,Daily
2006-12-14,96.7946,DTWEXBGS,Index Jan 2006=100,Daily
2006-12-15,96.9857,DTWEXBGS,Index Jan 2006=100,Daily
2006-12-18,97.1559,DTWEXBGS,Index Jan 2006=100,Daily
2006-12-19,96.9313,DTWEXBGS,Index Jan 2006=100,Daily
2006-12-20,96.7762,DTWEXBGS,Index Jan 2006=100,Daily
2006-12-21,96.9148,DTWEXBGS,Index Jan 2006=100,Daily
2006-12-22,97.1113,DTWEXBGS,Index Jan 2006=100,Daily
2006-12-25,97.1221,DTWEXBGS,Index Jan 2006=100,Daily
2006-12-26,97.1786,DTWEXBGS,Index Jan 2006=100,Daily
2006-12-27,97.2076,DTWEXBGS,Index Jan 2006=100,Daily
2006-12-28,97.0656,DTWEXBGS,Index Jan 2006=100,Daily
2006-12-29,97.0312,DTWEXBGS,Index Jan 2006=100,Daily
2007-01-01,97.0323,DTWEXBGS,Index Jan 2006=100,Daily
2007-01-02,,DTWEXBGS,Index Jan 2006=100,Daily
2007-01-03,97.1281,DTWEXBGS,Index Jan 2006=100,Daily
2007-01-04,97.5251,DTWEXBGS,Index Jan 2006=100,Daily
2007-01-05,97.7801,DTWEXBGS,Index Jan 2006=100,Daily
2007-01-08,97.788,DTWEXBGS,Index Jan 2006=100,Daily
2007-01-09,97.9642,DTWEXBGS,Index Jan 2006=100,Daily
2007-01-10,98.0943,DTWEXBGS,Index Jan 2006=100,Daily
2007-01-11,98.0845,DTWEXBGS,Index Jan 2006=100,Daily
2007-01-12,97.921,DTWEXBGS,Index Jan 2006=100,Daily
2007-01-15,97.9201,DTWEXBGS,Index Jan 2006=100,Daily
2007-01-16,97.9816,DTWEXBGS,Index Jan 2006=100,Daily
2007-01-17,97.7509,DTWEXBGS,Index Jan 2006=100,Daily
2007-01-18,97.8286,DTWEXBGS,Index Jan 2006=100,Daily
2007-01-19,97.6868,DTWEXBGS,Index Jan 2006=100,Daily
2007-01-22,97.827,DTWEXBGS,Index Jan 2006=100,Daily
2007-01-23,97.8117,DTWEXBGS,Index Jan 2006=100,Daily
2007-01-24,97.908,DTWEXBGS,Index Jan 2006=100,Daily
2007-01-25,97.8396,DTWEXBGS,Index Jan 2006=100,Daily
2007-01-26,98.1491,DTWEXBGS,Index Jan 2006=100,Daily
2007-01-29,98.2066,DTWEXBGS,Index Jan 2006=100,Daily
2007-01-30,98.1515,DTWEXBGS,Index Jan 2006=100,Daily
2007-01-31,97.964,DTWEXBGS,Index Jan 2006=100,Daily
2007-02-01,97.7101,DTWEXBGS,Index Jan 2006=100,Daily
2007-02-02,97.9743,DTWEXBGS,Index Jan 2006=100,Daily
2007-02-05,97.87,DTWEXBGS,Index Jan 2006=100,Daily
2007-02-06,97.7357,DTWEXBGS,Index Jan 2006=100,Daily
2007-02-07,97.7239,DTWEXBGS,Index Jan 2006=100,Daily
2007-02-08,97.8169,DTWEXBGS,Index Jan 2006=100,Daily
2007-02-09,97.7076,DTWEXBGS,Index Jan 2006=100,Daily
2007-02-12,97.9409,DTWEXBGS,Index Jan 2006=100,Daily
2007-02-13,97.7063,DTWEXBGS,Index Jan 2006=100,Daily
2007-02-14,97.2779,DTWEXBGS,Index Jan 2006=100,Daily
2007-02-15,97.1588,DTWEXBGS,Index Jan 2006=100,Daily
2007-02-16,97.164,DTWEXBGS,Index Jan 2006=100,Daily
2007-02-19,97.1545,DTWEXBGS,Index Jan 2006=100,Daily
2007-02-20,97.321,DTWEXBGS,Index Jan 2006=100,Daily
2007-02-21,97.27,DTWEXBGS,Index Jan 2006=100,Daily
2007-02-22,97.266,DTWEXBGS,Index Jan 2006=100,Daily
2007-02-23,97.1756,DTWEXBGS,Index Jan 2006=100,Daily
2007-02-26,97.2281,DTWEXBGS,Index Jan 2006=100,Daily
2007-02-27,97.0883,DTWEXBGS,Index Jan 2006=100,Daily
2007-02-28,97.2386,DTWEXBGS,Index Jan 2006=100,Daily
2007-03-01,97.3358,DTWEXBGS,Index Jan 2006=100,Daily
2007-03-02,97.3691,DTWEXBGS,Index Jan 2006=100,Daily
2007-03-05,97.6716,DTWEXBGS,Index Jan 2006=100,Daily
2007-03-06,97.5123,DTWEXBGS,Index Jan 2006=100,Daily
2007-03-07,97.4558,DTWEXBGS,Index Jan 2006=100,Daily
2007-03-08,97.5731,DTWEXBGS,Index Jan 2006=100,Daily
2007-03-09,97.4559,DTWEXBGS,Index Jan 2006=100,Daily
2007-03-12,97.3013,DTWEXBGS,Index Jan 2006=100,Daily
2007-03-13,97.2203,DTWEXBGS,Index Jan 2006=100,Daily
2007-03-14,97.2759,DTWEXBGS,Index Jan 2006=100,Daily
2007-03-15,97.2476,DTWEXBGS,Index Jan 2006=100,Daily
2007-03-16,97.0407,DTWEXBGS,Index Jan 2006=100,Daily
2007-03-19,97.1062,DTWEXBGS,Index Jan 2006=100,Daily
2007-03-20,96.7985,DTWEXBGS,Index Jan 2006=100,Daily
2007-03-21,96.6195,DTWEXBGS,Index Jan 2006=100,Daily
2007-03-22,96.3893,DTWEXBGS,Index Jan 2006=100,Daily
2007-03-23,96.5662,DTWEXBGS,Index Jan 2006=100,Daily
2007-03-26,96.5493,DTWEXBGS,Index Jan 2006=100,Daily
2007-03-27,96.4558,DTWEXBGS,Index Jan 2006=100,Daily
2007-03-28,96.4894,DTWEXBGS,Index Jan 2006=100,Daily
2007-03-29,96.5067,DTWEXBGS,Index Jan 2006=100,Daily
2007-03-30,96.3183,DTWEXBGS,Index Jan 2006=100,Daily
2007-04-02,96.3175,DTWEXBGS,Index Jan 2006=100,Daily
2007-04-03,96.3774,DTWEXBGS,Index Jan 2006=100,Daily
2007-04-04,96.3646,DTWEXBGS,Index Jan 2006=100,Daily
2007-04-05,96.1188,DTWEXBGS,Index Jan 2006=100,Daily
2007-04-06,96.2526,DTWEXBGS,Index Jan 2006=100,Daily
2007-04-09,96.293,DTWEXBGS,Index Jan 2006=100,Daily
2007-04-10,96.1179,DTWEXBGS,Index Jan 2006=100,Daily
2007-04-11,96.0293,DTWEXBGS,Index Jan 2006=100,Daily
2007-04-12,95.7999,DTWEXBGS,Index Jan 2006=100,Daily
2007-04-13,95.711,DTWEXBGS,Index Jan 2006=100,Daily
2007-04-16,95.5538,DTWEXBGS,Index Jan 2006=100,Daily
2007-04-17,95.3832,DTWEXBGS,Index Jan 2006=100,Daily
2007-04-18,95.3109,DTWEXBGS,Index Jan 2006=100,Daily
2007-04-19,95.2712,DTWEXBGS,Index Jan 2006=100,Daily
2007-04-20,95.1692,DTWEXBGS,Index Jan 2006=100,Daily
2007-04-23,95.1833,DTWEXBGS,Index Jan 2006=100,Daily
2007-04-24,95.1608,DTWEXBGS,Index Jan 2006=100,Daily
2007-04-25,94.8497,DTWEXBGS,Index Jan 2006=100,Daily
2007-04-26,95.1653,DTWEXBGS,Index Jan 2006=100,Daily
2007-04-27,95.0103,DTWEXBGS,Index Jan 2006=100,Daily
2007-04-30,94.8365,DTWEXBGS,Index Jan 2006=100,Daily
2007-05-01,95.0037,DTWEXBGS,Index Jan 2006=100,Daily
2007-05-02,95.0352,DTWEXBGS,Index Jan 2006=100,Daily
2007-05-03,95.0167,DTWEXBGS,Index Jan 2006=100,Daily
2007-05-04,94.9118,DTWEXBGS,Index Jan 2006=100,Daily
2007-05-07,94.6914,DTWEXBGS,Index Jan 2006=100,Daily
2007-05-08,94.8648,DTWEXBGS,Index Jan 2006=100,Daily
2007-05-09,94.7933,DTWEXBGS,Index Jan 2006=100,Daily
2007-05-10,94.9506,DTWEXBGS,Index Jan 2006=100,Daily
2007-05-11,95.0035,DTWEXBGS,Index Jan 2006=100,Daily
2007-05-14,94.8267,DTWEXBGS,Index Jan 2006=100,Daily
2007-05-15,94.5574,DTWEXBGS,Index Jan 2006=100,Daily
2007-05-16,94.8143,DTWEXBGS,Index Jan 2006=100,Daily
2007-05-17,94.8339,DTWEXBGS,Index Jan 2006=100,Daily
2007-05-18,94.6573,DTWEXBGS,Index Jan 2006=100,Daily
2007-05-21,94.7026,DTWEXBGS,Index Jan 2006=100,Daily
2007-05-22,94.5753,DTWEXBGS,Index Jan 2006=100,Daily
2007-05-23,94.4557,DTWEXBGS,Index Jan 2006=100,Daily
2007-05-24,94.7025,DTWEXBGS,Index Jan 2006=100,Daily
2007-05-25,94.5022,DTWEXBGS,Index Jan 2006=100,Daily
2007-05-28,94.4959,DTWEXBGS,Index Jan 2006=100,Daily
2007-05-29,94.3533,DTWEXBGS,Index Jan 2006=100,Daily
2007-05-30,94.549,DTWEXBGS,Index Jan 2006=100,Daily
2007-05-31,94.3215,DTWEXBGS,Index Jan 2006=100,Daily
2007-06-01,94.132,DTWEXBGS,Index Jan 2006=100,Daily
2007-06-04,93.9969,DTWEXBGS,Index Jan 2006=100,Daily
2007-06-05,93.9986,DTWEXBGS,Index Jan 2006=100,Daily
2007-06-06,94.1217,DTWEXBGS,Index Jan 2006=100,Daily
2007-06-07,94.3537,DTWEXBGS,Index Jan 2006=100,Daily
2007-06-08,94.7599,DTWEXBGS,Index Jan 2006=100,Daily
2007-06-11,94.6576,DTWEXBGS,Index Jan 2006=100,Daily
2007-06-12,94.6991,DTWEXBGS,Index Jan 2006=100,Daily
2007-06-13,94.9011,DTWEXBGS,Index Jan 2006=100,Daily
2007-06-14,94.9029,DTWEXBGS,Index Jan 2006=100,Daily
2007-06-15,94.6228,DTWEXBGS,Index Jan 2006=100,Daily
2007-06-18,94.5475,DTWEXBGS,Index Jan 2006=100,Daily
2007-06-19,94.3227,DTWEXBGS,Index Jan 2006=100,Daily
2007-06-20,94.3618,DTWEXBGS,Index Jan 2006=100,Daily
2007-06-21,94.6073,DTWEXBGS,Index Jan 2006=100,Daily
2007-06-22,94.4371,DTWEXBGS,Index Jan 2006=100,Daily
2007-06-25,94.5105,DTWEXBGS,Index Jan 2006=100,Daily
2007-06-26,94.4678,DTWEXBGS,Index Jan 2006=100,Daily
2007-06-27,94.5633,DTWEXBGS,Index Jan 2006=100,Daily
2007-06-28,94.2395,DTWEXBGS,Index Jan 2006=100,Daily
2007-06-29,94.1393,DTWEXBGS,Index Jan 2006=100,Daily
2007-07-02,93.634,DTWEXBGS,Index Jan 2006=100,Daily
2007-07-03,93.697,DTWEXBGS,Index Jan 2006=100,Daily
2007-07-04,93.6965,DTWEXBGS,Index Jan 2006=100,Daily
2007-07-05,93.7653,DTWEXBGS,Index Jan 2006=100,Daily
2007-07-06,93.5759,DTWEXBGS,Index Jan 2006=100,Daily
2007-07-09,93.5519,DTWEXBGS,Index Jan 2006=100,Daily
2007-07-10,93.3339,DTWEXBGS,Index Jan 2006=100,Daily
2007-07-11,93.3089,DTWEXBGS,Index Jan 2006=100,Daily
2007-07-12,93.1198,DTWEXBGS,Index Jan 2006=100,Daily
2007-07-13,93.0133,DTWEXBGS,Index Jan 2006=100,Daily
2007-07-16,92.9094,DTWEXBGS,Index Jan 2006=100,Daily
2007-07-17,92.9095,DTWEXBGS,Index Jan 2006=100,Daily
2007-07-18,92.7959,DTWEXBGS,Index Jan 2006=100,Daily
2007-07-19,92.7332,DTWEXBGS,Index Jan 2006=100,Daily
2007-07-20,92.7179,DTWEXBGS,Index Jan 2006=100,Daily
2007-07-23,92.6585,DTWEXBGS,Index Jan 2006=100,Daily
2007-07-24,92.505,DTWEXBGS,Index Jan 2006=100,Daily
2007-07-25,92.9189,DTWEXBGS,Index Jan 2006=100,Daily
2007-07-26,93.1186,DTWEXBGS,Index Jan 2006=100,Daily
2007-07-27,93.5485,DTWEXBGS,Index Jan 2006=100,Daily
2007-07-30,93.5918,DTWEXBGS,Index Jan 2006=100,Daily
2007-07-31,93.4264,DTWEXBGS,Index Jan 2006=100,Daily
2007-08-01,93.4011,DTWEXBGS,Index Jan 2006=100,Daily
2007-08-02,93.3038,DTWEXBGS,Index Jan 2006=100,Daily
2007-08-03,93.1039,DTWEXBGS,Index Jan 2006=100,Daily
2007-08-06,93.1112,DTWEXBGS,Index Jan 2006=100,Daily
2007-08-07,93.3171,DTWEXBGS,Index Jan 2006=100,Daily
2007-08-08,93.0989,DTWEXBGS,Index Jan 2006=100,Daily
2007-08-09,93.441,DTWEXBGS,Index Jan 2006=100,Daily
2007-08-10,93.5214,DTWEXBGS,Index Jan 2006=100,Daily
2007-08-13,93.6032,DTWEXBGS,Index Jan 2006=100,Daily
2007-08-14,94.0416,DTWEXBGS,Index Jan 2006=100,Daily
2007-08-15,94.5014,DTWEXBGS,Index Jan 2006=100,Daily
2007-08-16,94.9055,DTWEXBGS,Index Jan 2006=100,Daily
2007-08-17,94.319,DTWEXBGS,Index Jan 2006=100,Daily
2007-08-20,94.2138,DTWEXBGS,Index Jan 2006=100,Daily
2007-08-21,94.2676,DTWEXBGS,Index Jan 2006=100,Daily
2007-08-22,94.0998,DTWEXBGS,Index Jan 2006=100,Daily
2007-08-23,93.9827,DTWEXBGS,Index Jan 2006=100,Daily
2007-08-24,93.6863,DTWEXBGS,Index Jan 2006=100,Daily
2007-08-27,93.6109,DTWEXBGS,Index Jan 2006=100,Daily
2007-08-28,93.8394,DTWEXBGS,Index Jan 2006=100,Daily
2007-08-29,93.7174,DTWEXBGS,Index Jan 2006=100,Daily
2007-08-30,93.7324,DTWEXBGS,Index Jan 2006=100,Daily
2007-08-31,93.6674,DTWEXBGS,Index Jan 2006=100,Daily
2007-09-03,93.6691,DTWEXBGS,Index Jan 2006=100,Daily
2007-09-04,93.6433,DTWEXBGS,Index Jan 2006=100,Daily
2007-09-05,93.5453,DTWEXBGS,Index Jan 2006=100,Daily
2007-09-06,93.4468,DTWEXBGS,Index Jan 2006=100,Daily
2007-09-07,93.2939,DTWEXBGS,Index Jan 2006=100,Daily
2007-09-10,93.2349,DTWEXBGS,Index Jan 2006=100,Daily
2007-09-11,92.9244,DTWEXBGS,Index Jan 2006=100,Daily
2007-09-12,92.6386,DTWEXBGS,Index Jan 2006=100,Daily
2007-09-13,92.6172,DTWEXBGS,Index Jan 2006=100,Daily
2007-09-14,92.7083,DTWEXBGS,Index Jan 2006=100,Daily
2007-09-17,92.823,DTWEXBGS,Index Jan 2006=100,Daily
2007-09-18,92.6584,DTWEXBGS,Index Jan 2006=100,Daily
2007-09-19,92.1534,DTWEXBGS,Index Jan 2006=100,Daily
2007-09-20,91.4212,DTWEXBGS,Index Jan 2006=100,Daily
2007-09-21,91.4854,DTWEXBGS,Index Jan 2006=100,Daily
2007-09-24,91.4017,DTWEXBGS,Index Jan 2006=100,Daily
2007-09-25,91.3392,DTWEXBGS,Index Jan 2006=100,Daily
2007-09-26,91.4335,DTWEXBGS,Index Jan 2006=100,Daily
2007-09-27,91.3497,DTWEXBGS,Index Jan 2006=100,Daily
2007-09-28,90.9446,DTWEXBGS,Index Jan 2006=100,Daily
2007-10-01,90.8801,DTWEXBGS,Index Jan 2006=100,Daily
2007-10-02,91.12,DTWEXBGS,Index Jan 2006=100,Daily
2007-10-03,91.1038,DTWEXBGS,Index Jan 2006=100,Daily
2007-10-04,91.1632,DTWEXBGS,Index Jan 2006=100,Daily
2007-10-05,90.7393,DTWEXBGS,Index Jan 2006=100,Daily
2007-10-08,90.748,DTWEXBGS,Index Jan 2006=100,Daily
2007-10-09,90.8609,DTWEXBGS,Index Jan 2006=100,Daily
2007-10-10,90.7154,DTWEXBGS,Index Jan 2006=100,Daily
2007-10-11,90.4901,DTWEXBGS,Index Jan 2006=100,Daily
2007-10-12,90.5945,DTWEXBGS,Index Jan 2006=100,Daily
2007-10-15,90.5387,DTWEXBGS,Index Jan 2006=100,Daily
2007-10-16,90.7123,DTWEXBGS,Index Jan 2006=100,Daily
2007-10-17,90.515,DTWEXBGS,Index Jan 2006=100,Daily
2007-10-18,90.3084,DTWEXBGS,Index Jan 2006=100,Daily
2007-10-19,90.1014,DTWEXBGS,Index Jan 2006=100,Daily
2007-10-22,90.6777,DTWEXBGS,Index Jan 2006=100,Daily
2007-10-23,90.1899,DTWEXBGS,Index Jan 2006=100,Daily
2007-10-24,90.2262,DTWEXBGS,Index Jan 2006=100,Daily
2007-10-25,89.9925,DTWEXBGS,Index Jan 2006=100,Daily
2007-10-26,89.6508,DTWEXBGS,Index Jan 2006=100,Daily
2007-10-29,89.4118,DTWEXBGS,Index Jan 2006=100,Daily
2007-10-30,89.3252,DTWEXBGS,Index Jan 2006=100,Daily
2007-10-31,89.1389,DTWEXBGS,Index Jan 2006=100,Daily
2007-11-01,89.1628,DTWEXBGS,Index Jan 2006=100,Daily
2007-11-02,88.8924,DTWEXBGS,Index Jan 2006=100,Daily
2007-11-05,88.8851,DTWEXBGS,Index Jan 2006=100,Daily
2007-11-06,88.4938,DTWEXBGS,Index Jan 2006=100,Daily
2007-11-07,88.0631,DTWEXBGS,Index Jan 2006=100,Daily
2007-11-08,88.2631,DTWEXBGS,Index Jan 2006=100,Daily
2007-11-09,88.4615,DTWEXBGS,Index Jan 2006=100,Daily
2007-11-12,88.465,DTWEXBGS,Index Jan 2006=100,Daily
2007-11-13,89.1016,DTWEXBGS,Index Jan 2006=100,Daily
2007-11-14,88.9671,DTWEXBGS,Index Jan 2006=100,Daily
2007-11-15,89.4413,DTWEXBGS,Index Jan 2006=100,Daily
2007-11-16,89.3182,DTWEXBGS,Index Jan 2006=100,Daily
2007-11-19,89.5262,DTWEXBGS,Index Jan 2006=100,Daily
2007-11-20,89.2622,DTWEXBGS,Index Jan 2006=100,Daily
2007-11-21,89.3352,DTWEXBGS,Index Jan 2006=100,Daily
2007-11-22,89.3269,DTWEXBGS,Index Jan 2006=100,Daily
2007-11-23,89.2384,DTWEXBGS,Index Jan 2006=100,Daily
2007-11-26,89.145,DTWEXBGS,Index Jan 2006=100,Daily
2007-11-27,89.4082,DTWEXBGS,Index Jan 2006=100,Daily
2007-11-28,89.4195,DTWEXBGS,Index Jan 2006=100,Daily
2007-11-29,89.3681,DTWEXBGS,Index Jan 2006=100,Daily
2007-11-30,89.6212,DTWEXBGS,Index Jan 2006=100,Daily
2007-12-03,89.6403,DTWEXBGS,Index Jan 2006=100,Daily
2007-12-04,89.6672,DTWEXBGS,Index Jan 2006=100,Daily
2007-12-05,89.8751,DTWEXBGS,Index Jan 2006=100,Daily
2007-12-06,89.9268,DTWEXBGS,Index Jan 2006=100,Daily
2007-12-07,89.74,DTWEXBGS,Index Jan 2006=100,Daily
2007-12-10,89.6811,DTWEXBGS,Index Jan 2006=100,Daily
2007-12-11,89.7176,DTWEXBGS,Index Jan 2006=100,Daily
2007-12-12,89.7349,DTWEXBGS,Index Jan 2006=100,Daily
2007-12-13,90.1374,DTWEXBGS,Index Jan 2006=100,Daily
2007-12-14,90.4345,DTWEXBGS,Index Jan 2006=100,Daily
2007-12-17,90.5363,DTWEXBGS,Index Jan 2006=100,Daily
2007-12-18,90.5602,DTWEXBGS,Index Jan 2006=100,Daily
2007-12-19,90.6147,DTWEXBGS,Index Jan 2006=100,Daily
2007-12-20,90.4695,DTWEXBGS,Index Jan 2006=100,Daily
2007-12-21,90.3672,DTWEXBGS,Index Jan 2006=100,Daily
2007-12-24,90.1788,DTWEXBGS,Index Jan 2006=100,Daily
2007-12-25,90.1786,DTWEXBGS,Index Jan 2006=100,Daily
2007-12-26,89.9226,DTWEXBGS,Index Jan 2006=100,Daily
2007-12-27,89.684,DTWEXBGS,Index Jan 2006=100,Daily
2007-12-28,89.4069,DTWEXBGS,Index Jan 2006=100,Daily
2007-12-31,89.6304,DTWEXBGS,Index Jan 2006=100,Daily
2008-01-01,89.6297,DTWEXBGS,Index Jan 2006=100,Daily
2008-01-02,89.3514,DTWEXBGS,Index Jan 2006=100,Daily
2008-01-03,89.231,DTWEXBGS,Index Jan 2006=100,Daily
2008-01-04,89.2467,DTWEXBGS,Index Jan 2006=100,Daily
2008-01-07,89.5718,DTWEXBGS,Index Jan 2006=100,Daily
2008-01-08,89.3398,DTWEXBGS,Index Jan 2006=100,Daily
2008-01-09,89.6807,DTWEXBGS,Index Jan 2006=100,Daily
2008-01-10,89.6226,DTWEXBGS,Index Jan 2006=100,Daily
2008-01-11,89.5215,DTWEXBGS,Index Jan 2006=100,Daily
2008-01-14,89.2749,DTWEXBGS,Index Jan 2006=100,Daily
2008-01-15,89.1555,DTWEXBGS,Index Jan 2006=100,Daily
2008-01-16,89.6701,DTWEXBGS,Index Jan 2006=100,Daily
2008-01-17,89.6484,DTWEXBGS,Index Jan 2006=100,Daily
2008-01-18,89.8993,DTWEXBGS,Index Jan 2006=100,Daily
2008-01-21,89.9265,DTWEXBGS,Index Jan 2006=100,Daily
2008-01-22,89.84,DTWEXBGS,Index Jan 2006=100,Daily
2008-01-23,89.9138,DTWEXBGS,Index Jan 2006=100,Daily
2008-01-24,89.203,DTWEXBGS,Index Jan 2006=100,Daily
2008-01-25,89.2184,DTWEXBGS,Index Jan 2006=100,Daily
2008-01-28,88.9555,DTWEXBGS,Index Jan 2006=100,Daily
2008-01-29,88.8342,DTWEXBGS,Index Jan 2006=100,Daily
2008-01-30,88.7442,DTWEXBGS,Index Jan 2006=100,Daily
2008-01-31,88.6547,DTWEXBGS,Index Jan 2006=100,Daily
2008-02-01,88.4824,DTWEXBGS,Index Jan 2006=100,Daily
2008-02-04,88.4788,DTWEXBGS,Index Jan 2006=100,Daily
2008-02-05,89.076,DTWEXBGS,Index Jan 2006=100,Daily
2008-02-06,88.9987,DTWEXBGS,Index Jan 2006=100,Daily
2008-02-07,89.4221,DTWEXBGS,Index Jan 2006=100,Daily
2008-02-08,89.2226,DTWEXBGS,Index Jan 2006=100,Daily
2008-02-11,89.2149,DTWEXBGS,Index Jan 2006=100,Daily
2008-02-12,88.9539,DTWEXBGS,Index Jan 2006=100,Daily
2008-02-13,89.1382,DTWEXBGS,Index Jan 2006=100,Daily
2008-02-14,88.9055,DTWEXBGS,Index Jan 2006=100,Daily
2008-02-15,88.9006,DTWEXBGS,Index Jan 2006=100,Daily
2008-02-18,88.9004,DTWEXBGS,Index Jan 2006=100,Daily
2008-02-19,88.9626,DTWEXBGS,Index Jan 2006=100,Daily
2008-02-20,89.2572,DTWEXBGS,Index Jan 2006=100,Daily
2008-02-21,88.716,DTWEXBGS,Index Jan 2006=100,Daily
2008-02-22,88.7082,DTWEXBGS,Index Jan 2006=100,Daily
2008-02-25,88.5373,DTWEXBGS,Index Jan 2006=100,Daily
2008-02-26,88.0998,DTWEXBGS,Index Jan 2006=100,Daily
2008-02-27,87.3353,DTWEXBGS,Index Jan 2006=100,Daily
2008-02-28,87.0363,DTWEXBGS,Index Jan 2006=100,Daily
2008-02-29,87.1654,DTWEXBGS,Index Jan 2006=100,Daily
2008-03-03,87.2381,DTWEXBGS,Index Jan 2006=100,Daily
2008-03-04,87.3039,DTWEXBGS,Index Jan 2006=100,Daily
2008-03-05,87.1347,DTWEXBGS,Index Jan 2006=100,Daily
2008-03-06,86.9105,DTWEXBGS,Index Jan 2006=100,Daily
2008-03-07,87.1258,DTWEXBGS,Index Jan 2006=100,Daily
2008-03-10,87.1452,DTWEXBGS,Index Jan 2006=100,Daily
2008-03-11,87.1763,DTWEXBGS,Index Jan 2006=100,Daily
2008-03-12,86.728,DTWEXBGS,Index Jan 2006=100,Daily
2008-03-13,86.3891,DTWEXBGS,Index Jan 2006=100,Daily
2008-03-14,86.4301,DTWEXBGS,Index Jan 2006=100,Daily
2008-03-17,86.3417,DTWEXBGS,Index Jan 2006=100,Daily
2008-03-18,86.1191,DTWEXBGS,Index Jan 2006=100,Daily
2008-03-19,86.5755,DTWEXBGS,Index Jan 2006=100,Daily
2008-03-20,87.3293,DTWEXBGS,Index Jan 2006=100,Daily
2008-03-21,87.2111,DTWEXBGS,Index Jan 2006=100,Daily
2008-03-24,87.3103,DTWEXBGS,Index Jan 2006=100,Daily
2008-03-25,86.8339,DTWEXBGS,Index Jan 2006=100,Daily
2008-03-26,86.5513,DTWEXBGS,Index Jan 2006=100,Daily
2008-03-27,86.4583,DTWEXBGS,Index Jan 2006=100,Daily
2008-03-28,86.6369,DTWEXBGS,Index Jan 2006=100,Daily
2008-03-31,86.6881,DTWEXBGS,Index Jan 2006=100,Daily
2008-04-01,87.0276,DTWEXBGS,Index Jan 2006=100,Daily
2008-04-02,86.8886,DTWEXBGS,Index Jan 2006=100,Daily
2008-04-03,86.6424,DTWEXBGS,Index Jan 2006=100,Daily
2008-04-04,86.5108,DTWEXBGS,Index Jan 2006=100,Daily
2008-04-07,86.603,DTWEXBGS,Index Jan 2006=100,Daily
2008-04-08,86.7369,DTWEXBGS,Index Jan 2006=100,Daily
2008-04-09,86.5764,DTWEXBGS,Index Jan 2006=100,Daily
2008-04-10,86.5131,DTWEXBGS,Index Jan 2006=100,Daily
2008-04-11,86.5029,DTWEXBGS,Index Jan 2006=100,Daily
2008-04-14,86.3492,DTWEXBGS,Index Jan 2006=100,Daily
2008-04-15,86.4705,DTWEXBGS,Index Jan 2006=100,Daily
2008-04-16,85.9037,DTWEXBGS,Index Jan 2006=100,Daily
2008-04-17,86.1077,DTWEXBGS,Index Jan 2006=100,Daily
2008-04-18,86.5277,DTWEXBGS,Index Jan 2006=100,Daily
2008-04-21,86.2979,DTWEXBGS,Index Jan 2006=100,Daily
2008-04-22,85.927,DTWEXBGS,Index Jan 2006=100,Daily
2008-04-23,86.3841,DTWEXBGS,Index Jan 2006=100,Daily
2008-04-24,86.7154,DTWEXBGS,Index Jan 2006=100,Daily
2008-04-25,86.8337,DTWEXBGS,Index Jan 2006=100,Daily
2008-04-28,86.7635,DTWEXBGS,Index Jan 2006=100,Daily
2008-04-29,86.873,DTWEXBGS,Index Jan 2006=100,Daily
2008-04-30,86.8907,DTWEXBGS,Index Jan 2006=100,Daily
2008-05-01,87.1347,DTWEXBGS,Index Jan 2006=100,Daily
2008-05-02,87.2311,DTWEXBGS,Index Jan 2006=100,Daily
2008-05-05,87.0636,DTWEXBGS,Index Jan 2006=100,Daily
2008-05-06,86.847,DTWEXBGS,Index Jan 2006=100,Daily
2008-05-07,87.3421,DTWEXBGS,Index Jan 2006=100,Daily
2008-05-08,87.4575,DTWEXBGS,Index Jan 2006=100,Daily
2008-05-09,87.2528,DTWEXBGS,Index Jan 2006=100,Daily
2008-05-12,87.0403,DTWEXBGS,Index Jan 2006=100,Daily
2008-05-13,87.1332,DTWEXBGS,Index Jan 2006=100,Daily
2008-05-14,87.3659,DTWEXBGS,Index Jan 2006=100,Daily
2008-05-15,87.1823,DTWEXBGS,Index Jan 2006=100,Daily
2008-05-16,86.7855,DTWEXBGS,Index Jan 2006=100,Daily
2008-05-19,86.8225,DTWEXBGS,Index Jan 2006=100,Daily
2008-05-20,86.5627,DTWEXBGS,Index Jan 2006=100,Daily
2008-05-21,86.1595,DTWEXBGS,Index Jan 2006=100,Daily
2008-05-22,86.3223,DTWEXBGS,Index Jan 2006=100,Daily
2008-05-23,86.1922,DTWEXBGS,Index Jan 2006=100,Daily
2008-05-26,86.19,DTWEXBGS,Index Jan 2006=100,Daily
2008-05-27,86.4459,DTWEXBGS,Index Jan 2006=100,Daily
2008-05-28,86.4951,DTWEXBGS,Index Jan 2006=100,Daily
2008-05-29,86.5616,DTWEXBGS,Index Jan 2006=100,Daily
2008-05-30,86.5504,DTWEXBGS,Index Jan 2006=100,Daily
2008-06-02,86.6321,DTWEXBGS,Index Jan 2006=100,Daily
2008-06-03,86.8359,DTWEXBGS,Index Jan 2006=100,Daily
2008-06-04,87.0999,DTWEXBGS,Index Jan 2006=100,Daily
2008-06-05,87.0968,DTWEXBGS,Index Jan 2006=100,Daily
2008-06-06,86.8028,DTWEXBGS,Index Jan 2006=100,Daily
2008-06-09,86.9096,DTWEXBGS,Index Jan 2006=100,Daily
2008-06-10,87.4705,DTWEXBGS,Index Jan 2006=100,Daily
2008-06-11,87.2059,DTWEXBGS,Index Jan 2006=100,Daily
2008-06-12,87.6187,DTWEXBGS,Index Jan 2006=100,Daily
2008-06-13,87.7622,DTWEXBGS,Index Jan 2006=100,Daily
2008-06-16,87.3911,DTWEXBGS,Index Jan 2006=100,Daily
2008-06-17,87.2103,DTWEXBGS,Index Jan 2006=100,Daily
2008-06-18,87.1872,DTWEXBGS,Index Jan 2006=100,Daily
2008-06-19,87.0815,DTWEXBGS,Index Jan 2006=100,Daily
2008-06-20,86.9036,DTWEXBGS,Index Jan 2006=100,Daily
2008-06-23,87.2163,DTWEXBGS,Index Jan 2006=100,Daily
2008-06-24,86.9666,DTWEXBGS,Index Jan 2006=100,Daily
2008-06-25,87.0535,DTWEXBGS,Index Jan 2006=100,Daily
2008-06-26,86.6793,DTWEXBGS,Index Jan 2006=100,Daily
2008-06-27,86.643,DTWEXBGS,Index Jan 2006=100,Daily
2008-06-30,86.7621,DTWEXBGS,Index Jan 2006=100,Daily
2008-07-01,86.8447,DTWEXBGS,Index Jan 2006=100,Daily
2008-07-02,86.4782,DTWEXBGS,Index Jan 2006=100,Daily
2008-07-03,86.8843,DTWEXBGS,Index Jan 2006=100,Daily
2008-07-04,86.8781,DTWEXBGS,Index Jan 2006=100,Daily
2008-07-07,86.9617,DTWEXBGS,Index Jan 2006=100,Daily
2008-07-08,86.9778,DTWEXBGS,Index Jan 2006=100,Daily
2008-07-09,86.5335,DTWEXBGS,Index Jan 2006=100,Daily
2008-07-10,86.5122,DTWEXBGS,Index Jan 2006=100,Daily
2008-07-11,86.221,DTWEXBGS,Index Jan 2006=100,Daily
2008-07-14,86.1079,DTWEXBGS,Index Jan 2006=100,Daily
2008-07-15,85.8731,DTWEXBGS,Index Jan 2006=100,Daily
2008-07-16,85.9285,DTWEXBGS,Index Jan 2006=100,Daily
2008-07-17,85.9387,DTWEXBGS,Index Jan 2006=100,Daily
2008-07-18,86.0735,DTWEXBGS,Index Jan 2006=100,Daily
2008-07-21,86.0151,DTWEXBGS,Index Jan 2006=100,Daily
2008-07-22,86.1909,DTWEXBGS,Index Jan 2006=100,Daily
2008-07-23,86.2664,DTWEXBGS,Index Jan 2006=100,Daily
2008-07-24,86.4017,DTWEXBGS,Index Jan 2006=100,Daily
2008-07-25,86.3916,DTWEXBGS,Index Jan 2006=100,Daily
2008-07-28,86.4666,DTWEXBGS,Index Jan 2006=100,Daily
2008-07-29,86.8175,DTWEXBGS,Index Jan 2006=100,Daily
2008-07-30,86.8167,DTWEXBGS,Index Jan 2006=100,Daily
2008-07-31,86.8567,DTWEXBGS,Index Jan 2006=100,Daily
2008-08-01,86.8257,DTWEXBGS,Index Jan 2006=100,Daily
2008-08-04,87.0611,DTWEXBGS,Index Jan 2006=100,Daily
2008-08-05,87.3281,DTWEXBGS,Index Jan 2006=100,Daily
2008-08-06,87.6004,DTWEXBGS,Index Jan 2006=100,Daily
2008-08-07,87.8732,DTWEXBGS,Index Jan 2006=100,Daily
2008-08-08,88.8939,DTWEXBGS,Index Jan 2006=100,Daily
2008-08-11,89.035,DTWEXBGS,Index Jan 2006=100,Daily
2008-08-12,89.1916,DTWEXBGS,Index Jan 2006=100,Daily
2008-08-13,89.3211,DTWEXBGS,Index Jan 2006=100,Daily
2008-08-14,89.3675,DTWEXBGS,Index Jan 2006=100,Daily
2008-08-15,89.7244,DTWEXBGS,Index Jan 2006=100,Daily
2008-08-18,89.5966,DTWEXBGS,Index Jan 2006=100,Daily
2008-08-19,89.6465,DTWEXBGS,Index Jan 2006=100,Daily
2008-08-20,89.6977,DTWEXBGS,Index Jan 2006=100,Daily
2008-08-21,88.9128,DTWEXBGS,Index Jan 2006=100,Daily
2008-08-22,89.2381,DTWEXBGS,Index Jan 2006=100,Daily
2008-08-25,89.3094,DTWEXBGS,Index Jan 2006=100,Daily
2008-08-26,89.7007,DTWEXBGS,Index Jan 2006=100,Daily
2008-08-27,89.6419,DTWEXBGS,Index Jan 2006=100,Daily
2008-08-28,89.8225,DTWEXBGS,Index Jan 2006=100,Daily
2008-08-29,90.0567,DTWEXBGS,Index Jan 2006=100,Daily
2008-09-01,90.08,DTWEXBGS,Index Jan 2006=100,Daily
2008-09-02,90.8438,DTWEXBGS,Index Jan 2006=100,Daily
2008-09-03,90.8286,DTWEXBGS,Index Jan 2006=100,Daily
2008-09-04,91.1621,DTWEXBGS,Index Jan 2006=100,Daily
2008-09-05,91.341,DTWEXBGS,Index Jan 2006=100,Daily
2008-09-08,91.663,DTWEXBGS,Index Jan 2006=100,Daily
2008-09-09,91.5779,DTWEXBGS,Index Jan 2006=100,Daily
2008-09-10,92.1283,DTWEXBGS,Index Jan 2006=100,Daily
2008-09-11,92.4901,DTWEXBGS,Index Jan 2006=100,Daily
2008-09-12,91.4706,DTWEXBGS,Index Jan 2006=100,Daily
2008-09-15,91.757,DTWEXBGS,Index Jan 2006=100,Daily
2008-09-16,92.0594,DTWEXBGS,Index Jan 2006=100,Daily
2008-09-17,92.0982,DTWEXBGS,Index Jan 2006=100,Daily
2008-09-18,91.7111,DTWEXBGS,Index Jan 2006=100,Daily
2008-09-19,91.0014,DTWEXBGS,Index Jan 2006=100,Daily
2008-09-22,90.1119,DTWEXBGS,Index Jan 2006=100,Daily
2008-09-23,90.1221,DTWEXBGS,Index Jan 2006=100,Daily
2008-09-24,90.4602,DTWEXBGS,Index Jan 2006=100,Daily
2008-09-25,90.4651,DTWEXBGS,Index Jan 2006=100,Daily
2008-09-26,90.6872,DTWEXBGS,Index Jan 2006=100,Daily
2008-09-29,91.3961,DTWEXBGS,Index Jan 2006=100,Daily
2008-09-30,92.3773,DTWEXBGS,Index Jan 2006=100,Daily
2008-10-01,92.511,DTWEXBGS,Index Jan 2006=100,Daily
2008-10-02,93.3792,DTWEXBGS,Index Jan 2006=100,Daily
2008-10-03,93.5414,DTWEXBGS,Index Jan 2006=100,Daily
2008-10-06,95.1629,DTWEXBGS,Index Jan 2006=100,Daily
2008-10-07,95.4889,DTWEXBGS,Index Jan 2006=100,Daily
2008-10-08,96.9684,DTWEXBGS,Index Jan 2006=100,Daily
2008-10-09,96.5143,DTWEXBGS,Index Jan 2006=100,Daily
2008-10-10,97.999,DTWEXBGS,Index Jan 2006=100,Daily
2008-10-13,97.9686,DTWEXBGS,Index Jan 2006=100,Daily
2008-10-14,96.2544,DTWEXBGS,Index Jan 2006=100,Daily
2008-10-15,97.2045,DTWEXBGS,Index Jan 2006=100,Daily
2008-10-16,98.368,DTWEXBGS,Index Jan 2006=100,Daily
2008-10-17,97.7255,DTWEXBGS,Index Jan 2006=100,Daily
2008-10-20,98.1605,DTWEXBGS,Index Jan 2006=100,Daily
2008-10-21,99.4242,DTWEXBGS,Index Jan 2006=100,Daily
2008-10-22,101.2131,DTWEXBGS,Index Jan 2006=100,Daily
2008-10-23,101.1071,DTWEXBGS,Index Jan 2006=100,Daily
2008-10-24,101.8442,DTWEXBGS,Index Jan 2006=100,Daily
2008-10-27,102.3415,DTWEXBGS,Index Jan 2006=100,Daily
2008-10-28,102.4236,DTWEXBGS,Index Jan 2006=100,Daily
2008-10-29,100.0967,DTWEXBGS,Index Jan 2006=100,Daily
2008-10-30,99.4568,DTWEXBGS,Index Jan 2006=100,Daily
2008-10-31,99.7662,DTWEXBGS,Index Jan 2006=100,Daily
2008-11-03,99.4345,DTWEXBGS,Index Jan 2006=100,Daily
2008-11-04,97.9957,DTWEXBGS,Index Jan 2006=100,Daily
2008-11-05,98.0953,DTWEXBGS,Index Jan 2006=100,Daily
2008-11-06,99.5364,DTWEXBGS,Index Jan 2006=100,Daily
2008-11-07,99.3944,DTWEXBGS,Index Jan 2006=100,Daily
2008-11-10,99.5897,DTWEXBGS,Index Jan 2006=100,Daily
2008-11-11,99.6041,DTWEXBGS,Index Jan 2006=100,Daily
2008-11-12,101.1947,DTWEXBGS,Index Jan 2006=100,Daily
2008-11-13,101.774,DTWEXBGS,Index Jan 2006=100,Daily
2008-11-14,100.9705,DTWEXBGS,Index Jan 2006=100,Daily
2008-11-17,101.1029,DTWEXBGS,Index Jan 2006=100,Daily
2008-11-18,101.3965,DTWEXBGS,Index Jan 2006=100,Daily
2008-11-19,101.8804,DTWEXBGS,Index Jan 2006=100,Daily
2008-11-20,103.2737,DTWEXBGS,Index Jan 2006=100,Daily
2008-11-21,103.6289,DTWEXBGS,Index Jan 2006=100,Daily
2008-11-24,101.502,DTWEXBGS,Index Jan 2006=100,Daily
2008-11-25,100.7997,DTWEXBGS,Index Jan 2006=100,Daily
2008-11-26,101.2566,DTWEXBGS,Index Jan 2006=100,Daily
2008-11-27,101.2564,DTWEXBGS,Index Jan 2006=100,Daily
2008-11-28,101.6468,DTWEXBGS,Index Jan 2006=100,Daily
2008-12-01,102.1744,DTWEXBGS,Index Jan 2006=100,Daily
2008-12-02,101.9891,DTWEXBGS,Index Jan 2006=100,Daily
2008-12-03,102.4251,DTWEXBGS,Index Jan 2006=100,Daily
2008-12-04,102.0715,DTWEXBGS,Index Jan 2006=100,Daily
2008-12-05,103.4902,DTWEXBGS,Index Jan 2006=100,Daily
2008-12-08,101.7227,DTWEXBGS,Index Jan 2006=100,Daily
2008-12-09,101.7346,DTWEXBGS,Index Jan 2006=100,Daily
2008-12-10,101.2913,DTWEXBGS,Index Jan 2006=100,Daily
2008-12-11,99.5101,DTWEXBGS,Index Jan 2006=100,Daily
2008-12-12,100.319,DTWEXBGS,Index Jan 2006=100,Daily
2008-12-15,99.1001,DTWEXBGS,Index Jan 2006=100,Daily
2008-12-16,98.4771,DTWEXBGS,Index Jan 2006=100,Daily
2008-12-17,96.8227,DTWEXBGS,Index Jan 2006=100,Daily
2008-12-18,96.8447,DTWEXBGS,Index Jan 2006=100,Daily
2008-12-19,98.1278,DTWEXBGS,Index Jan 2006=100,Daily
2008-12-22,98.1643,DTWEXBGS,Index Jan 2006=100,Daily
2008-12-23,98.2698,DTWEXBGS,Index Jan 2006=100,Daily
2008-12-24,98.2249,DTWEXBGS,Index Jan 2006=100,Daily
2008-12-25,98.2419,DTWEXBGS,Index Jan 2006=100,Daily
2008-12-26,98.2594,DTWEXBGS,Index Jan 2006=100,Daily
2008-12-29,97.9359,DTWEXBGS,Index Jan 2006=100,Daily
2008-12-30,98.3833,DTWEXBGS,Index Jan 2006=100,Daily
2008-12-31,98.6518,DTWEXBGS,Index Jan 2006=100,Daily
2009-01-01,,DTWEXBGS,Index Jan 2006=100,Daily
2009-01-02,98.6008,DTWEXBGS,Index Jan 2006=100,Daily
2009-01-05,98.9195,DTWEXBGS,Index Jan 2006=100,Daily
2009-01-06,98.7871,DTWEXBGS,Index Jan 2006=100,Daily
2009-01-07,98.089,DTWEXBGS,Index Jan 2006=100,Daily
2009-01-08,98.3223,DTWEXBGS,Index Jan 2006=100,Daily
2009-01-09,98.8752,DTWEXBGS,Index Jan 2006=100,Daily
2009-01-12,99.6022,DTWEXBGS,Index Jan 2006=100,Daily
2009-01-13,100.3597,DTWEXBGS,Index Jan 2006=100,Daily
2009-01-14,100.7546,DTWEXBGS,Index Jan 2006=100,Daily
2009-01-15,101.4653,DTWEXBGS,Index Jan 2006=100,Daily
2009-01-16,100.711,DTWEXBGS,Index Jan 2006=100,Daily
2009-01-19,,DTWEXBGS,Index Jan 2006=100,Daily
2009-01-20,,DTWEXBGS,Index Jan 2006=100,Daily
2009-01-21,102.1007,DTWEXBGS,Index Jan 2006=100,Daily
2009-01-22,101.8432,DTWEXBGS,Index Jan 2006=100,Daily
2009-01-23,102.1096,DTWEXBGS,Index Jan 2006=100,Daily
2009-01-26,100.9764,DTWEXBGS,Index Jan 2006=100,Daily
2009-01-27,101.1702,DTWEXBGS,Index Jan 2006=100,Daily
2009-01-28,100.5461,DTWEXBGS,Index Jan 2006=100,Daily
2009-01-29,101.3398,DTWEXBGS,Index Jan 2006=100,Daily
2009-01-30,102.1169,DTWEXBGS,Index Jan 2006=100,Daily
2009-02-02,102.5067,DTWEXBGS,Index Jan 2006=100,Daily
2009-02-03,101.8506,DTWEXBGS,Index Jan 2006=100,Daily
2009-02-04,101.9056,DTWEXBGS,Index Jan 2006=100,Daily
2009-02-05,101.9517,DTWEXBGS,Index Jan 2006=100,Daily
2009-02-06,101.7455,DTWEXBGS,Index Jan 2006=100,Daily
2009-02-09,100.9637,DTWEXBGS,Index Jan 2006=100,Daily
2009-02-10,101.7094,DTWEXBGS,Index Jan 2006=100,Daily
2009-02-11,102.24,DTWEXBGS,Index Jan 2006=100,Daily
2009-02-12,102.598,DTWEXBGS,Index Jan 2006=100,Daily
2009-02-13,102.2958,DTWEXBGS,Index Jan 2006=100,Daily
2009-02-16,,DTWEXBGS,Index Jan 2006=100,Daily
2009-02-17,103.7625,DTWEXBGS,Index Jan 2006=100,Daily
2009-02-18,104.0385,DTWEXBGS,Index Jan 2006=100,Daily
2009-02-19,103.7656,DTWEXBGS,Index Jan 2006=100,Daily
2009-02-20,104.0244,DTWEXBGS,Index Jan 2006=100,Daily
2009-02-23,103.7416,DTWEXBGS,Index Jan 2006=100,Daily
2009-02-24,103.9829,DTWEXBGS,Index Jan 2006=100,Daily
2009-02-25,104.3086,DTWEXBGS,Index Jan 2006=100,Daily
2009-02-26,104.1813,DTWEXBGS,Index Jan 2006=100,Daily
2009-02-27,104.9284,DTWEXBGS,Index Jan 2006=100,Daily
2009-03-02,105.9617,DTWEXBGS,Index Jan 2006=100,Daily
2009-03-03,106.0249,DTWEXBGS,Index Jan 2006=100,Daily
2009-03-04,105.4558,DTWEXBGS,Index Jan 2006=100,Daily
2009-03-05,105.8064,DTWEXBGS,Index Jan 2006=100,Daily
2009-03-06,105.3937,DTWEXBGS,Index Jan 2006=100,Daily
2009-03-09,106.0182,DTWEXBGS,Index Jan 2006=100,Daily
2009-03-10,105.1153,DTWEXBGS,Index Jan 2006=100,Daily
2009-03-11,104.8499,DTWEXBGS,Index Jan 2006=100,Daily
2009-03-12,104.89,DTWEXBGS,Index Jan 2006=100,Daily
2009-03-13,104.1106,DTWEXBGS,Index Jan 2006=100,Daily
2009-03-16,103.2005,DTWEXBGS,Index Jan 2006=100,Daily
2009-03-17,103.2305,DTWEXBGS,Index Jan 2006=100,Daily
2009-03-18,103.0005,DTWEXBGS,Index Jan 2006=100,Daily
2009-03-19,100.3951,DTWEXBGS,Index Jan 2006=100,Daily
2009-03-20,101.0581,DTWEXBGS,Index Jan 2006=100,Daily
2009-03-23,101.103,DTWEXBGS,Index Jan 2006=100,Daily
2009-03-24,101.0319,DTWEXBGS,Index Jan 2006=100,Daily
2009-03-25,100.9674,DTWEXBGS,Index Jan 2006=100,Daily
2009-03-26,101.097,DTWEXBGS,Index Jan 2006=100,Daily
2009-03-27,101.8388,DTWEXBGS,Index Jan 2006=100,Daily
2009-03-30,102.749,DTWEXBGS,Index Jan 2006=100,Daily
2009-03-31,102.3761,DTWEXBGS,Index Jan 2006=100,Daily
2009-04-01,102.1252,DTWEXBGS,Index Jan 2006=100,Daily
2009-04-02,100.8733,DTWEXBGS,Index Jan 2006=100,Daily
2009-04-03,100.6429,DTWEXBGS,Index Jan 2006=100,Daily
2009-04-06,100.9428,DTWEXBGS,Index Jan 2006=100,Daily
2009-04-07,100.9808,DTWEXBGS,Index Jan 2006=100,Daily
2009-04-08,100.8948,DTWEXBGS,Index Jan 2006=100,Daily
2009-04-09,100.7988,DTWEXBGS,Index Jan 2006=100,Daily
2009-04-10,100.7597,DTWEXBGS,Index Jan 2006=100,Daily
2009-04-13,100.1369,DTWEXBGS,Index Jan 2006=100,Daily
2009-04-14,99.9097,DTWEXBGS,Index Jan 2006=100,Daily
2009-04-15,100.1497,DTWEXBGS,Index Jan 2006=100,Daily
2009-04-16,100.0517,DTWEXBGS,Index Jan 2006=100,Daily
2009-04-17,100.5719,DTWEXBGS,Index Jan 2006=100,Daily
2009-04-20,101.448,DTWEXBGS,Index Jan 2006=100,Daily
2009-04-21,101.1794,DTWEXBGS,Index Jan 2006=100,Daily
2009-04-22,101.1142,DTWEXBGS,Index Jan 2006=100,Daily
2009-04-23,101.0065,DTWEXBGS,Index Jan 2006=100,Daily
2009-04-24,100.0244,DTWEXBGS,Index Jan 2006=100,Daily
2009-04-27,100.7258,DTWEXBGS,Index Jan 2006=100,Daily
2009-04-28,101.3145,DTWEXBGS,Index Jan 2006=100,Daily
2009-04-29,100.0009,DTWEXBGS,Index Jan 2006=100,Daily
2009-04-30,100.1042,DTWEXBGS,Index Jan 2006=100,Daily
2009-05-01,100.0057,DTWEXBGS,Index Jan 2006=100,Daily
2009-05-04,99.134,DTWEXBGS,Index Jan 2006=100,Daily
2009-05-05,98.8529,DTWEXBGS,Index Jan 2006=100,Daily
2009-05-06,98.9044,DTWEXBGS,Index Jan 2006=100,Daily
2009-05-07,98.552,DTWEXBGS,Index Jan 2006=100,Daily
2009-05-08,98.1269,DTWEXBGS,Index Jan 2006=100,Daily
2009-05-11,97.747,DTWEXBGS,Index Jan 2006=100,Daily
2009-05-12,97.8269,DTWEXBGS,Index Jan 2006=100,Daily
2009-05-13,98.0276,DTWEXBGS,Index Jan 2006=100,Daily
2009-05-14,98.1271,DTWEXBGS,Index Jan 2006=100,Daily
2009-05-15,98.1063,DTWEXBGS,Index Jan 2006=100,Daily
2009-05-18,97.9412,DTWEXBGS,Index Jan 2006=100,Daily
2009-05-19,97.2827,DTWEXBGS,Index Jan 2006=100,Daily
2009-05-20,96.5707,DTWEXBGS,Index Jan 2006=100,Daily
2009-05-21,96.6039,DTWEXBGS,Index Jan 2006=100,Daily
2009-05-22,95.8788,DTWEXBGS,Index Jan 2006=100,Daily
2009-05-25,,DTWEXBGS,Index Jan 2006=100,Daily
2009-05-26,95.988,DTWEXBGS,Index Jan 2006=100,Daily
2009-05-27,95.9622,DTWEXBGS,Index Jan 2006=100,Daily
2009-05-28,96.1313,DTWEXBGS,Index Jan 2006=100,Daily
2009-05-29,95.268,DTWEXBGS,Index Jan 2006=100,Daily
2009-06-01,94.8107,DTWEXBGS,Index Jan 2006=100,Daily
2009-06-02,94.6556,DTWEXBGS,Index Jan 2006=100,Daily
2009-06-03,95.0751,DTWEXBGS,Index Jan 2006=100,Daily
2009-06-04,95.2922,DTWEXBGS,Index Jan 2006=100,Daily
2009-06-05,96.0412,DTWEXBGS,Index Jan 2006=100,Daily
2009-06-08,96.6548,DTWEXBGS,Index Jan 2006=100,Daily
2009-06-09,95.9537,DTWEXBGS,Index Jan 2006=100,Daily
2009-06-10,96.1277,DTWEXBGS,Index Jan 2006=100,Daily
2009-06-11,95.4993,DTWEXBGS,Index Jan 2006=100,Daily
2009-06-12,95.836,DTWEXBGS,Index Jan 2006=100,Daily
2009-06-15,96.7519,DTWEXBGS,Index Jan 2006=100,Daily
2009-06-16,96.2616,DTWEXBGS,Index Jan 2006=100,Daily
2009-06-17,96.64,DTWEXBGS,Index Jan 2006=100,Daily
2009-06-18,96.1482,DTWEXBGS,Index Jan 2006=100,Daily
2009-06-19,96.0325,DTWEXBGS,Index Jan 2006=100,Daily
2009-06-22,96.8818,DTWEXBGS,Index Jan 2006=100,Daily
2009-06-23,96.5196,DTWEXBGS,Index Jan 2006=100,Daily
2009-06-24,96.2369,DTWEXBGS,Index Jan 2006=100,Daily
2009-06-25,96.7072,DTWEXBGS,Index Jan 2006=100,Daily
2009-06-26,96.1935,DTWEXBGS,Index Jan 2006=100,Daily
2009-06-29,96.242,DTWEXBGS,Index Jan 2006=100,Daily
2009-06-30,96.3761,DTWEXBGS,Index Jan 2006=100,Daily
2009-07-01,95.6581,DTWEXBGS,Index Jan 2006=100,Daily
2009-07-02,96.3216,DTWEXBGS,Index Jan 2006=100,Daily
2009-07-03,,DTWEXBGS,Index Jan 2006=100,Daily
2009-07-06,96.6174,DTWEXBGS,Index Jan 2006=100,Daily
2009-07-07,96.6321,DTWEXBGS,Index Jan 2006=100,Daily
2009-07-08,97.0204,DTWEXBGS,Index Jan 2006=100,Daily
2009-07-09,96.6219,DTWEXBGS,Index Jan 2006=100,Daily
2009-07-10,97.0819,DTWEXBGS,Index Jan 2006=100,Daily
2009-07-13,96.9995,DTWEXBGS,Index Jan 2006=100,Daily
2009-07-14,96.6599,DTWEXBGS,Index Jan 2006=100,Daily
2009-07-15,95.8004,DTWEXBGS,Index Jan 2006=100,Daily
2009-07-16,95.7241,DTWEXBGS,Index Jan 2006=100,Daily
2009-07-17,95.6036,DTWEXBGS,Index Jan 2006=100,Daily
2009-07-20,95.0903,DTWEXBGS,Index Jan 2006=100,Daily
2009-07-21,95.0564,DTWEXBGS,Index Jan 2006=100,Daily
2009-07-22,94.8659,DTWEXBGS,Index Jan 2006=100,Daily
2009-07-23,94.532,DTWEXBGS,Index Jan 2006=100,Daily
2009-07-24,94.7046,DTWEXBGS,Index Jan 2006=100,Daily
2009-07-27,94.6659,DTWEXBGS,Index Jan 2006=100,Daily
2009-07-28,94.5592,DTWEXBGS,Index Jan 2006=100,Daily
2009-07-29,95.1678,DTWEXBGS,Index Jan 2006=100,Daily
2009-07-30,94.8967,DTWEXBGS,Index Jan 2006=100,Daily
2009-07-31,94.2526,DTWEXBGS,Index Jan 2006=100,Daily
2009-08-03,93.6331,DTWEXBGS,Index Jan 2006=100,Daily
2009-08-04,93.7281,DTWEXBGS,Index Jan 2006=100,Daily
2009-08-05,93.7848,DTWEXBGS,Index Jan 2006=100,Daily
2009-08-06,93.9358,DTWEXBGS,Index Jan 2006=100,Daily
2009-08-07,94.4692,DTWEXBGS,Index Jan 2006=100,Daily
2009-08-10,94.6087,DTWEXBGS,Index Jan 2006=100,Daily
2009-08-11,94.8678,DTWEXBGS,Index Jan 2006=100,Daily
2009-08-12,94.5394,DTWEXBGS,Index Jan 2006=100,Daily
2009-08-13,94.2392,DTWEXBGS,Index Jan 2006=100,Daily
2009-08-14,94.475,DTWEXBGS,Index Jan 2006=100,Daily
2009-08-17,95.1024,DTWEXBGS,Index Jan 2006=100,Daily
2009-08-18,95.1118,DTWEXBGS,Index Jan 2006=100,Daily
2009-08-19,94.4084,DTWEXBGS,Index Jan 2006=100,Daily
2009-08-20,94.3492,DTWEXBGS,Index Jan 2006=100,Daily
2009-08-21,94.0103,DTWEXBGS,Index Jan 2006=100,Daily
2009-08-24,93.9345,DTWEXBGS,Index Jan 2006=100,Daily
2009-08-25,93.9066,DTWEXBGS,Index Jan 2006=100,Daily
2009-08-26,94.8662,DTWEXBGS,Index Jan 2006=100,Daily
2009-08-27,94.7943,DTWEXBGS,Index Jan 2006=100,Daily
2009-08-28,94.4489,DTWEXBGS,Index Jan 2006=100,Daily
2009-08-31,94.6202,DTWEXBGS,Index Jan 2006=100,Daily
2009-09-01,95.2201,DTWEXBGS,Index Jan 2006=100,Daily
2009-09-02,95.1575,DTWEXBGS,Index Jan 2006=100,Daily
2009-09-03,94.959,DTWEXBGS,Index Jan 2006=100,Daily
2009-09-04,94.5811,DTWEXBGS,Index Jan 2006=100,Daily
2009-09-07,,DTWEXBGS,Index Jan 2006=100,Daily
2009-09-08,93.7323,DTWEXBGS,Index Jan 2006=100,Daily
2009-09-09,93.6915,DTWEXBGS,Index Jan 2006=100,Daily
2009-09-10,93.6947,DTWEXBGS,Index Jan 2006=100,Daily
2009-09-11,93.3225,DTWEXBGS,Index Jan 2006=100,Daily
2009-09-14,93.6196,DTWEXBGS,Index Jan 2006=100,Daily
2009-09-15,93.4427,DTWEXBGS,Index Jan 2006=100,Daily
2009-09-16,92.9072,DTWEXBGS,Index Jan 2006=100,Daily
2009-09-17,92.8287,DTWEXBGS,Index Jan 2006=100,Daily
2009-09-18,93.1233,DTWEXBGS,Index Jan 2006=100,Daily
2009-09-21,93.3547,DTWEXBGS,Index Jan 2006=100,Daily
2009-09-22,92.8664,DTWEXBGS,Index Jan 2006=100,Daily
2009-09-23,92.979,DTWEXBGS,Index Jan 2006=100,Daily
2009-09-24,93.4708,DTWEXBGS,Index Jan 2006=100,Daily
2009-09-25,93.5535,DTWEXBGS,Index Jan 2006=100,Daily
2009-09-28,93.4669,DTWEXBGS,Index Jan 2006=100,Daily
2009-09-29,93.7776,DTWEXBGS,Index Jan 2006=100,Daily
2009-09-30,93.1907,DTWEXBGS,Index Jan 2006=100,Daily
2009-10-01,93.5995,DTWEXBGS,Index Jan 2006=100,Daily
2009-10-02,93.6756,DTWEXBGS,Index Jan 2006=100,Daily
2009-10-05,93.3356,DTWEXBGS,Index Jan 2006=100,Daily
2009-10-06,92.619,DTWEXBGS,Index Jan 2006=100,Daily
2009-10-07,92.794,DTWEXBGS,Index Jan 2006=100,Daily
2009-10-08,92.2074,DTWEXBGS,Index Jan 2006=100,Daily
2009-10-09,92.2984,DTWEXBGS,Index Jan 2006=100,Daily
2009-10-12,,DTWEXBGS,Index Jan 2006=100,Daily
2009-10-13,91.8273,DTWEXBGS,Index Jan 2006=100,Daily
2009-10-14,91.5047,DTWEXBGS,Index Jan 2006=100,Daily
2009-10-15,91.4367,DTWEXBGS,Index Jan 2006=100,Daily
2009-10-16,91.6541,DTWEXBGS,Index Jan 2006=100,Daily
2009-10-19,91.4406,DTWEXBGS,Index Jan 2006=100,Daily
2009-10-20,91.801,DTWEXBGS,Index Jan 2006=100,Daily
2009-10-21,91.3805,DTWEXBGS,Index Jan 2006=100,Daily
2009-10-22,91.6075,DTWEXBGS,Index Jan 2006=100,Daily
2009-10-23,91.7331,DTWEXBGS,Index Jan 2006=100,Daily
2009-10-26,92.0998,DTWEXBGS,Index Jan 2006=100,Daily
2009-10-27,92.5335,DTWEXBGS,Index Jan 2006=100,Daily
2009-10-28,92.8152,DTWEXBGS,Index Jan 2006=100,Daily
2009-10-29,92.4708,DTWEXBGS,Index Jan 2006=100,Daily
2009-10-30,92.6207,DTWEXBGS,Index Jan 2006=100,Daily
2009-11-02,92.4501,DTWEXBGS,Index Jan 2006=100,Daily
2009-11-03,92.9037,DTWEXBGS,Index Jan 2006=100,Daily
2009-11-04,92.3725,DTWEXBGS,Index Jan 2006=100,Daily
2009-11-05,92.3437,DTWEXBGS,Index Jan 2006=100,Daily
2009-11-06,92.3848,DTWEXBGS,Index Jan 2006=100,Daily
2009-11-09,91.6861,DTWEXBGS,Index Jan 2006=100,Daily
2009-11-10,91.6659,DTWEXBGS,Index Jan 2006=100,Daily
2009-11-11,,DTWEXBGS,Index Jan 2006=100,Daily
2009-11-12,91.9461,DTWEXBGS,Index Jan 2006=100,Daily
2009-11-13,91.5754,DTWEXBGS,Index Jan 2006=100,Daily
2009-11-16,91.194,DTWEXBGS,Index Jan 2006=100,Daily
2009-11-17,91.7419,DTWEXBGS,Index Jan 2006=100,Daily
2009-11-18,91.249,DTWEXBGS,Index Jan 2006=100,Daily
2009-11-19,91.7827,DTWEXBGS,Index Jan 2006=100,Daily
2009-11-20,91.9906,DTWEXBGS,Index Jan 2006=100,Daily
2009-11-23,91.4864,DTWEXBGS,Index Jan 2006=100,Daily
2009-11-24,91.5539,DTWEXBGS,Index Jan 2006=100,Daily
2009-11-25,90.9669,DTWEXBGS,Index Jan 2006=100,Daily
2009-11-26,,DTWEXBGS,Index Jan 2006=100,Daily
2009-11-27,91.5272,DTWEXBGS,Index Jan 2006=100,Daily
2009-11-30,91.3717,DTWEXBGS,Index Jan 2006=100,Daily
2009-12-01,90.8323,DTWEXBGS,Index Jan 2006=100,Daily
2009-12-02,90.8906,DTWEXBGS,Index Jan 2006=100,Daily
2009-12-03,90.9152,DTWEXBGS,Index Jan 2006=100,Daily
2009-12-04,91.3806,DTWEXBGS,Index Jan 2006=100,Daily
2009-12-07,91.5414,DTWEXBGS,Index Jan 2006=100,Daily
2009-12-08,91.9513,DTWEXBGS,Index Jan 2006=100,Daily
2009-12-09,92.014,DTWEXBGS,Index Jan 2006=100,Daily
2009-12-10,92.0073,DTWEXBGS,Index Jan 2006=100,Daily
2009-12-11,92.2946,DTWEXBGS,Index Jan 2006=100,Daily
2009-12-14,92.0305,DTWEXBGS,Index Jan 2006=100,Daily
2009-12-15,92.3635,DTWEXBGS,Index Jan 2006=100,Daily
2009-12-16,92.1496,DTWEXBGS,Index Jan 2006=100,Daily
2009-12-17,93.225,DTWEXBGS,Index Jan 2006=100,Daily
2009-12-18,93.1632,DTWEXBGS,Index Jan 2006=100,Daily
2009-12-21,,DTWEXBGS,Index Jan 2006=100,Daily
2009-12-22,93.2903,DTWEXBGS,Index Jan 2006=100,Daily
2009-12-23,92.9295,DTWEXBGS,Index Jan 2006=100,Daily
2009-12-24,92.8694,DTWEXBGS,Index Jan 2006=100,Daily
2009-12-25,,DTWEXBGS,Index Jan 2006=100,Daily
2009-12-28,92.6993,DTWEXBGS,Index Jan 2006=100,Daily
2009-12-29,92.8838,DTWEXBGS,Index Jan 2006=100,Daily
2009-12-30,93.0872,DTWEXBGS,Index Jan 2006=100,Daily
2009-12-31,92.9124,DTWEXBGS,Index Jan 2006=100,Daily
2010-01-01,,DTWEXBGS,Index Jan 2006=100,Daily
2010-01-04,92.3566,DTWEXBGS,Index Jan 2006=100,Daily
2010-01-05,92.2236,DTWEXBGS,Index Jan 2006=100,Daily
2010-01-06,92.0941,DTWEXBGS,Index Jan 2006=100,Daily
2010-01-07,92.3684,DTWEXBGS,Index Jan 2006=100,Daily
2010-01-08,92.1485,DTWEXBGS,Index Jan 2006=100,Daily
2010-01-11,91.5997,DTWEXBGS,Index Jan 2006=100,Daily
2010-01-12,91.7005,DTWEXBGS,Index Jan 2006=100,Daily
2010-01-13,91.7272,DTWEXBGS,Index Jan 2006=100,Daily
2010-01-14,91.5864,DTWEXBGS,Index Jan 2006=100,Daily
2010-01-15,91.7668,DTWEXBGS,Index Jan 2006=100,Daily
2010-01-18,,DTWEXBGS,Index Jan 2006=100,Daily
2010-01-19,91.9611,DTWEXBGS,Index Jan 2006=100,Daily
2010-01-20,92.6766,DTWEXBGS,Index Jan 2006=100,Daily
2010-01-21,92.6627,DTWEXBGS,Index Jan 2006=100,Daily
2010-01-22,92.943,DTWEXBGS,Index Jan 2006=100,Daily
2010-01-25,92.9099,DTWEXBGS,Index Jan 2006=100,Daily
2010-01-26,93.3298,DTWEXBGS,Index Jan 2006=100,Daily
2010-01-27,93.2835,DTWEXBGS,Index Jan 2006=100,Daily
2010-01-28,93.2635,DTWEXBGS,Index Jan 2006=100,Daily
2010-01-29,93.7638,DTWEXBGS,Index Jan 2006=100,Daily
2010-02-01,93.7321,DTWEXBGS,Index Jan 2006=100,Daily
2010-02-02,93.4136,DTWEXBGS,Index Jan 2006=100,Daily
2010-02-03,93.6268,DTWEXBGS,Index Jan 2006=100,Daily
2010-02-04,94.1401,DTWEXBGS,Index Jan 2006=100,Daily
2010-02-05,94.6218,DTWEXBGS,Index Jan 2006=100,Daily
2010-02-08,,DTWEXBGS,Index Jan 2006=100,Daily
2010-02-09,,DTWEXBGS,Index Jan 2006=100,Daily
2010-02-10,,DTWEXBGS,Index Jan 2006=100,Daily
2010-02-11,,DTWEXBGS,Index Jan 2006=100,Daily
2010-02-12,93.9976,DTWEXBGS,Index Jan 2006=100,Daily
2010-02-15,,DTWEXBGS,Index Jan 2006=100,Daily
2010-02-16,93.482,DTWEXBGS,Index Jan 2006=100,Daily
2010-02-17,93.7171,DTWEXBGS,Index Jan 2006=100,Daily
2010-02-18,93.8752,DTWEXBGS,Index Jan 2006=100,Daily
2010-02-19,93.9569,DTWEXBGS,Index Jan 2006=100,Daily
2010-02-22,93.7402,DTWEXBGS,Index Jan 2006=100,Daily
2010-02-23,93.9794,DTWEXBGS,Index Jan 2006=100,Daily
2010-02-24,93.9775,DTWEXBGS,Index Jan 2006=100,Daily
2010-02-25,94.3797,DTWEXBGS,Index Jan 2006=100,Daily
2010-02-26,93.6602,DTWEXBGS,Index Jan 2006=100,Daily
2010-03-01,93.7979,DTWEXBGS,Index Jan 2006=100,Daily
2010-03-02,93.488,DTWEXBGS,Index Jan 2006=100,Daily
2010-03-03,92.9861,DTWEXBGS,Index Jan 2006=100,Daily
2010-03-04,93.4079,DTWEXBGS,Index Jan 2006=100,Daily
2010-03-05,93.2623,DTWEXBGS,Index Jan 2006=100,Daily
2010-03-08,93.2446,DTWEXBGS,Index Jan 2006=100,Daily
2010-03-09,93.1941,DTWEXBGS,Index Jan 2006=100,Daily
2010-03-10,93.0426,DTWEXBGS,Index Jan 2006=100,Daily
2010-03-11,93.0533,DTWEXBGS,Index Jan 2006=100,Daily
2010-03-12,92.6616,DTWEXBGS,Index Jan 2006=100,Daily
2010-03-15,92.9642,DTWEXBGS,Index Jan 2006=100,Daily
2010-03-16,92.595,DTWEXBGS,Index Jan 2006=100,Daily
2010-03-17,92.4446,DTWEXBGS,Index Jan 2006=100,Daily
2010-03-18,92.7451,DTWEXBGS,Index Jan 2006=100,Daily
2010-03-19,93.0407,DTWEXBGS,Index Jan 2006=100,Daily
2010-03-22,93.1333,DTWEXBGS,Index Jan 2006=100,Daily
2010-03-23,93.006,DTWEXBGS,Index Jan 2006=100,Daily
2010-03-24,93.6468,DTWEXBGS,Index Jan 2006=100,Daily
2010-03-25,93.5885,DTWEXBGS,Index Jan 2006=100,Daily
2010-03-26,93.6873,DTWEXBGS,Index Jan 2006=100,Daily
2010-03-29,93.2959,DTWEXBGS,Index Jan 2006=100,Daily
2010-03-30,93.2627,DTWEXBGS,Index Jan 2006=100,Daily
2010-03-31,92.8987,DTWEXBGS,Index Jan 2006=100,Daily
2010-04-01,92.6661,DTWEXBGS,Index Jan 2006=100,Daily
2010-04-02,92.9057,DTWEXBGS,Index Jan 2006=100,Daily
2010-04-05,92.6644,DTWEXBGS,Index Jan 2006=100,Daily
2010-04-06,92.7373,DTWEXBGS,Index Jan 2006=100,Daily
2010-04-07,92.7452,DTWEXBGS,Index Jan 2006=100,Daily
2010-04-08,92.7211,DTWEXBGS,Index Jan 2006=100,Daily
2010-04-09,92.4772,DTWEXBGS,Index Jan 2006=100,Daily
2010-04-12,92.243,DTWEXBGS,Index Jan 2006=100,Daily
2010-04-13,92.2689,DTWEXBGS,Index Jan 2006=100,Daily
2010-04-14,91.9297,DTWEXBGS,Index Jan 2006=100,Daily
2010-04-15,92.2029,DTWEXBGS,Index Jan 2006=100,Daily
2010-04-16,92.5253,DTWEXBGS,Index Jan 2006=100,Daily
2010-04-19,92.8577,DTWEXBGS,Index Jan 2006=100,Daily
2010-04-20,92.4338,DTWEXBGS,Index Jan 2006=100,Daily
2010-04-21,92.4482,DTWEXBGS,Index Jan 2006=100,Daily
2010-04-22,92.7277,DTWEXBGS,Index Jan 2006=100,Daily
2010-04-23,92.6622,DTWEXBGS,Index Jan 2006=100,Daily
2010-04-26,92.5187,DTWEXBGS,Index Jan 2006=100,Daily
2010-04-27,93.0956,DTWEXBGS,Index Jan 2006=100,Daily
2010-04-28,93.4856,DTWEXBGS,Index Jan 2006=100,Daily
2010-04-29,92.9013,DTWEXBGS,Index Jan 2006=100,Daily
2010-04-30,92.8423,DTWEXBGS,Index Jan 2006=100,Daily
2010-05-03,93.235,DTWEXBGS,Index Jan 2006=100,Daily
2010-05-04,93.8137,DTWEXBGS,Index Jan 2006=100,Daily
2010-05-05,94.3968,DTWEXBGS,Index Jan 2006=100,Daily
2010-05-06,95.3032,DTWEXBGS,Index Jan 2006=100,Daily
2010-05-07,95.2952,DTWEXBGS,Index Jan 2006=100,Daily
2010-05-10,94.3096,DTWEXBGS,Index Jan 2006=100,Daily
2010-05-11,94.4305,DTWEXBGS,Index Jan 2006=100,Daily
2010-05-12,94.5515,DTWEXBGS,Index Jan 2006=100,Daily
2010-05-13,94.5071,DTWEXBGS,Index Jan 2006=100,Daily
2010-05-14,95.3746,DTWEXBGS,Index Jan 2006=100,Daily
2010-05-17,95.9795,DTWEXBGS,Index Jan 2006=100,Daily
2010-05-18,95.6212,DTWEXBGS,Index Jan 2006=100,Daily
2010-05-19,96.5083,DTWEXBGS,Index Jan 2006=100,Daily
2010-05-20,96.9483,DTWEXBGS,Index Jan 2006=100,Daily
2010-05-21,96.2911,DTWEXBGS,Index Jan 2006=100,Daily
2010-05-24,96.6433,DTWEXBGS,Index Jan 2006=100,Daily
2010-05-25,97.5487,DTWEXBGS,Index Jan 2006=100,Daily
2010-05-26,97.1879,DTWEXBGS,Index Jan 2006=100,Daily
2010-05-27,96.3611,DTWEXBGS,Index Jan 2006=100,Daily
2010-05-28,96.3062,DTWEXBGS,Index Jan 2006=100,Daily
2010-05-31,,DTWEXBGS,Index Jan 2006=100,Daily
2010-06-01,96.6123,DTWEXBGS,Index Jan 2006=100,Daily
2010-06-02,96.615,DTWEXBGS,Index Jan 2006=100,Daily
2010-06-03,96.461,DTWEXBGS,Index Jan 2006=100,Daily
2010-06-04,97.1688,DTWEXBGS,Index Jan 2006=100,Daily
2010-06-07,97.503,DTWEXBGS,Index Jan 2006=100,Daily
2010-06-08,97.3425,DTWEXBGS,Index Jan 2006=100,Daily
2010-06-09,96.8938,DTWEXBGS,Index Jan 2006=100,Daily
2010-06-10,96.4877,DTWEXBGS,Index Jan 2006=100,Daily
2010-06-11,96.5616,DTWEXBGS,Index Jan 2006=100,Daily
2010-06-14,95.8082,DTWEXBGS,Index Jan 2006=100,Daily
2010-06-15,95.7049,DTWEXBGS,Index Jan 2006=100,Daily
2010-06-16,95.5668,DTWEXBGS,Index Jan 2006=100,Daily
2010-06-17,95.4973,DTWEXBGS,Index Jan 2006=100,Daily
2010-06-18,95.2981,DTWEXBGS,Index Jan 2006=100,Daily
2010-06-21,94.8505,DTWEXBGS,Index Jan 2006=100,Daily
2010-06-22,95.1165,DTWEXBGS,Index Jan 2006=100,Daily
2010-06-23,95.4853,DTWEXBGS,Index Jan 2006=100,Daily
2010-06-24,95.6194,DTWEXBGS,Index Jan 2006=100,Daily
2010-06-25,95.4582,DTWEXBGS,Index Jan 2006=100,Daily
2010-06-28,95.2696,DTWEXBGS,Index Jan 2006=100,Daily
2010-06-29,96.0199,DTWEXBGS,Index Jan 2006=100,Daily
2010-06-30,95.9934,DTWEXBGS,Index Jan 2006=100,Daily
2010-07-01,95.8018,DTWEXBGS,Index Jan 2006=100,Daily
2010-07-02,95.6345,DTWEXBGS,Index Jan 2006=100,Daily
2010-07-05,,DTWEXBGS,Index Jan 2006=100,Daily
2010-07-06,95.1069,DTWEXBGS,Index Jan 2006=100,Daily
2010-07-07,95.1795,DTWEXBGS,Index Jan 2006=100,Daily
2010-07-08,94.7734,DTWEXBGS,Index Jan 2006=100,Daily
2010-07-09,94.683,DTWEXBGS,Index Jan 2006=100,Daily
2010-07-12,94.9598,DTWEXBGS,Index Jan 2006=100,Daily
2010-07-13,94.3856,DTWEXBGS,Index Jan 2006=100,Daily
2010-07-14,94.3247,DTWEXBGS,Index Jan 2006=100,Daily
2010-07-15,94.1988,DTWEXBGS,Index Jan 2006=100,Daily
2010-07-16,94.5061,DTWEXBGS,Index Jan 2006=100,Daily
2010-07-19,94.602,DTWEXBGS,Index Jan 2006=100,Daily
2010-07-20,94.542,DTWEXBGS,Index Jan 2006=100,Daily
2010-07-21,94.4496,DTWEXBGS,Index Jan 2006=100,Daily
2010-07-22,94.1135,DTWEXBGS,Index Jan 2006=100,Daily
2010-07-23,94.1431,DTWEXBGS,Index Jan 2006=100,Daily
2010-07-26,93.7556,DTWEXBGS,Index Jan 2006=100,Daily
2010-07-27,93.7583,DTWEXBGS,Index Jan 2006=100,Daily
2010-07-28,93.7506,DTWEXBGS,Index Jan 2006=100,Daily
2010-07-29,93.6004,DTWEXBGS,Index Jan 2006=100,Daily
2010-07-30,93.2793,DTWEXBGS,Index Jan 2006=100,Daily
2010-08-02,92.7916,DTWEXBGS,Index Jan 2006=100,Daily
2010-08-03,92.6258,DTWEXBGS,Index Jan 2006=100,Daily
2010-08-04,92.731,DTWEXBGS,Index Jan 2006=100,Daily
2010-08-05,92.6401,DTWEXBGS,Index Jan 2006=100,Daily
2010-08-06,92.5915,DTWEXBGS,Index Jan 2006=100,Daily
2010-08-09,92.6726,DTWEXBGS,Index Jan 2006=100,Daily
2010-08-10,93.2197,DTWEXBGS,Index Jan 2006=100,Daily
2010-08-11,93.7778,DTWEXBGS,Index Jan 2006=100,Daily
2010-08-12,93.8905,DTWEXBGS,Index Jan 2006=100,Daily
2010-08-13,94.0457,DTWEXBGS,Index Jan 2006=100,Daily
2010-08-16,93.7902,DTWEXBGS,Index Jan 2006=100,Daily
2010-08-17,93.4239,DTWEXBGS,Index Jan 2006=100,Daily
2010-08-18,93.3719,DTWEXBGS,Index Jan 2006=100,Daily
2010-08-19,93.7141,DTWEXBGS,Index Jan 2006=100,Daily
2010-08-20,94.2087,DTWEXBGS,Index Jan 2006=100,Daily
2010-08-23,94.3295,DTWEXBGS,Index Jan 2006=100,Daily
2010-08-24,94.4362,DTWEXBGS,Index Jan 2006=100,Daily
2010-08-25,94.7372,DTWEXBGS,Index Jan 2006=100,Daily
2010-08-26,94.3523,DTWEXBGS,Index Jan 2006=100,Daily
2010-08-27,94.3462,DTWEXBGS,Index Jan 2006=100,Daily
2010-08-30,94.5922,DTWEXBGS,Index Jan 2006=100,Daily
2010-08-31,94.7204,DTWEXBGS,Index Jan 2006=100,Daily
2010-09-01,94.1148,DTWEXBGS,Index Jan 2006=100,Daily
2010-09-02,94.0852,DTWEXBGS,Index Jan 2006=100,Daily
2010-09-03,93.6952,DTWEXBGS,Index Jan 2006=100,Daily
2010-09-06,,DTWEXBGS,Index Jan 2006=100,Daily
2010-09-07,94.042,DTWEXBGS,Index Jan 2006=100,Daily
2010-09-08,93.7785,DTWEXBGS,Index Jan 2006=100,Daily
2010-09-09,93.7033,DTWEXBGS,Index Jan 2006=100,Daily
2010-09-10,93.6768,DTWEXBGS,Index Jan 2006=100,Daily
2010-09-13,93.0767,DTWEXBGS,Index Jan 2006=100,Daily
2010-09-14,92.6182,DTWEXBGS,Index Jan 2006=100,Daily
2010-09-15,92.9313,DTWEXBGS,Index Jan 2006=100,Daily
2010-09-16,92.9108,DTWEXBGS,Index Jan 2006=100,Daily
2010-09-17,92.9418,DTWEXBGS,Index Jan 2006=100,Daily
2010-09-20,92.7496,DTWEXBGS,Index Jan 2006=100,Daily
2010-09-21,92.6684,DTWEXBGS,Index Jan 2006=100,Daily
2010-09-22,92.0647,DTWEXBGS,Index Jan 2006=100,Daily
2010-09-23,92.0233,DTWEXBGS,Index Jan 2006=100,Daily
2010-09-24,91.5996,DTWEXBGS,Index Jan 2006=100,Daily
2010-09-27,91.4803,DTWEXBGS,Index Jan 2006=100,Daily
2010-09-28,91.3493,DTWEXBGS,Index Jan 2006=100,Daily
2010-09-29,91.1632,DTWEXBGS,Index Jan 2006=100,Daily
2010-09-30,91.3415,DTWEXBGS,Index Jan 2006=100,Daily
2010-10-01,90.836,DTWEXBGS,Index Jan 2006=100,Daily
2010-10-04,91.0015,DTWEXBGS,Index Jan 2006=100,Daily
2010-10-05,90.5622,DTWEXBGS,Index Jan 2006=100,Daily
2010-10-06,90.1411,DTWEXBGS,Index Jan 2006=100,Daily
2010-10-07,90.286,DTWEXBGS,Index Jan 2006=100,Daily
2010-10-08,90.1133,DTWEXBGS,Index Jan 2006=100,Daily
2010-10-11,,DTWEXBGS,Index Jan 2006=100,Daily
2010-10-12,90.2203,DTWEXBGS,Index Jan 2006=100,Daily
2010-10-13,89.7779,DTWEXBGS,Index Jan 2006=100,Daily
2010-10-14,89.5228,DTWEXBGS,Index Jan 2006=100,Daily
2010-10-15,89.6815,DTWEXBGS,Index Jan 2006=100,Daily
2010-10-18,89.8484,DTWEXBGS,Index Jan 2006=100,Daily
2010-10-19,90.5499,DTWEXBGS,Index Jan 2006=100,Daily
2010-10-20,90.1446,DTWEXBGS,Index Jan 2006=100,Daily
2010-10-21,90.138,DTWEXBGS,Index Jan 2006=100,Daily
2010-10-22,90.4063,DTWEXBGS,Index Jan 2006=100,Daily
2010-10-25,89.9328,DTWEXBGS,Index Jan 2006=100,Daily
2010-10-26,90.2818,DTWEXBGS,Index Jan 2006=100,Daily
2010-10-27,90.8038,DTWEXBGS,Index Jan 2006=100,Daily
2010-10-28,90.2407,DTWEXBGS,Index Jan 2006=100,Daily
2010-10-29,90.0935,DTWEXBGS,Index Jan 2006=100,Daily
2010-11-01,90.0307,DTWEXBGS,Index Jan 2006=100,Daily
2010-11-02,89.6847,DTWEXBGS,Index Jan 2006=100,Daily
2010-11-03,89.7079,DTWEXBGS,Index Jan 2006=100,Daily
2010-11-04,88.9831,DTWEXBGS,Index Jan 2006=100,Daily
2010-11-05,89.2441,DTWEXBGS,Index Jan 2006=100,Daily
2010-11-08,89.5711,DTWEXBGS,Index Jan 2006=100,Daily
2010-11-09,89.558,DTWEXBGS,Index Jan 2006=100,Daily
2010-11-10,89.9056,DTWEXBGS,Index Jan 2006=100,Daily
2010-11-11,,DTWEXBGS,Index Jan 2006=100,Daily
2010-11-12,90.1701,DTWEXBGS,Index Jan 2006=100,Daily
2010-11-15,90.4331,DTWEXBGS,Index Jan 2006=100,Daily
2010-11-16,91.1102,DTWEXBGS,Index Jan 2006=100,Daily
2010-11-17,90.9282,DTWEXBGS,Index Jan 2006=100,Daily
2010-11-18,90.649,DTWEXBGS,Index Jan 2006=100,Daily
2010-11-19,90.6986,DTWEXBGS,Index Jan 2006=100,Daily
2010-11-22,90.7023,DTWEXBGS,Index Jan 2006=100,Daily
2010-11-23,91.4318,DTWEXBGS,Index Jan 2006=100,Daily
2010-11-24,91.2179,DTWEXBGS,Index Jan 2006=100,Daily
2010-11-25,,DTWEXBGS,Index Jan 2006=100,Daily
2010-11-26,91.8152,DTWEXBGS,Index Jan 2006=100,Daily
2010-11-29,92.1997,DTWEXBGS,Index Jan 2006=100,Daily
2010-11-30,92.1494,DTWEXBGS,Index Jan 2006=100,Daily
2010-12-01,91.6799,DTWEXBGS,Index Jan 2006=100,Daily
2010-12-02,91.2651,DTWEXBGS,Index Jan 2006=100,Daily
2010-12-03,90.8788,DTWEXBGS,Index Jan 2006=100,Daily
2010-12-06,91.0167,DTWEXBGS,Index Jan 2006=100,Daily
2010-12-07,90.9732,DTWEXBGS,Index Jan 2006=100,Daily
2010-12-08,91.3376,DTWEXBGS,Index Jan 2006=100,Daily
2010-12-09,91.3923,DTWEXBGS,Index Jan 2006=100,Daily
2010-12-10,91.2831,DTWEXBGS,Index Jan 2006=100,Daily
2010-12-13,90.8837,DTWEXBGS,Index Jan 2006=100,Daily
2010-12-14,90.764,DTWEXBGS,Index Jan 2006=100,Daily
2010-12-15,91.094,DTWEXBGS,Index Jan 2006=100,Daily
2010-12-16,91.3773,DTWEXBGS,Index Jan 2006=100,Daily
2010-12-17,91.5555,DTWEXBGS,Index Jan 2006=100,Daily
2010-12-20,91.6398,DTWEXBGS,Index Jan 2006=100,Daily
2010-12-21,91.519,DTWEXBGS,Index Jan 2006=100,Daily
2010-12-22,91.429,DTWEXBGS,Index Jan 2006=100,Daily
2010-12-23,91.3013,DTWEXBGS,Index Jan 2006=100,Daily
2010-12-24,,DTWEXBGS,Index Jan 2006=100,Daily
2010-12-27,91.1963,DTWEXBGS,Index Jan 2006=100,Daily
2010-12-28,90.9848,DTWEXBGS,Index Jan 2006=100,Daily
2010-12-29,90.7669,DTWEXBGS,Index Jan 2006=100,Daily
2010-12-30,90.5146,DTWEXBGS,Index Jan 2006=100,Daily
2010-12-31,,DTWEXBGS,Index Jan 2006=100,Daily
2011-01-03,89.9524,DTWEXBGS,Index Jan 2006=100,Daily
2011-01-04,90.3277,DTWEXBGS,Index Jan 2006=100,Daily
2011-01-05,90.5715,DTWEXBGS,Index Jan 2006=100,Daily
2011-01-06,90.9125,DTWEXBGS,Index Jan 2006=100,Daily
2011-01-07,91.0001,DTWEXBGS,Index Jan 2006=100,Daily
2011-01-10,91.03,DTWEXBGS,Index Jan 2006=100,Daily
2011-01-11,90.8431,DTWEXBGS,Index Jan 2006=100,Daily
2011-01-12,90.4111,DTWEXBGS,Index Jan 2006=100,Daily
2011-01-13,89.9019,DTWEXBGS,Index Jan 2006=100,Daily
2011-01-14,90.0461,DTWEXBGS,Index Jan 2006=100,Daily
2011-01-17,,DTWEXBGS,Index Jan 2006=100,Daily
2011-01-18,89.821,DTWEXBGS,Index Jan 2006=100,Daily
2011-01-19,89.6948,DTWEXBGS,Index Jan 2006=100,Daily
2011-01-20,90.1316,DTWEXBGS,Index Jan 2006=100,Daily
2011-01-21,89.7204,DTWEXBGS,Index Jan 2006=100,Daily
2011-01-24,89.5375,DTWEXBGS,Index Jan 2006=100,Daily
2011-01-25,89.7279,DTWEXBGS,Index Jan 2006=100,Daily
2011-01-26,89.5091,DTWEXBGS,Index Jan 2006=100,Daily
2011-01-27,89.5728,DTWEXBGS,Index Jan 2006=100,Daily
2011-01-28,89.8189,DTWEXBGS,Index Jan 2006=100,Daily
2011-01-31,89.694,DTWEXBGS,Index Jan 2006=100,Daily
2011-02-01,89.1436,DTWEXBGS,Index Jan 2006=100,Daily
2011-02-02,89.0737,DTWEXBGS,Index Jan 2006=100,Daily
2011-02-03,89.2522,DTWEXBGS,Index Jan 2006=100,Daily
2011-02-04,89.391,DTWEXBGS,Index Jan 2006=100,Daily
2011-02-07,89.3556,DTWEXBGS,Index Jan 2006=100,Daily
2011-02-08,89.1241,DTWEXBGS,Index Jan 2006=100,Daily
2011-02-09,89.4166,DTWEXBGS,Index Jan 2006=100,Daily
2011-02-10,89.6266,DTWEXBGS,Index Jan 2006=100,Daily
2011-02-11,89.8784,DTWEXBGS,Index Jan 2006=100,Daily
2011-02-14,89.8543,DTWEXBGS,Index Jan 2006=100,Daily
2011-02-15,89.8871,DTWEXBGS,Index Jan 2006=100,Daily
2011-02-16,89.7059,DTWEXBGS,Index Jan 2006=100,Daily
2011-02-17,89.4102,DTWEXBGS,Index Jan 2006=100,Daily
2011-02-18,89.1974,DTWEXBGS,Index Jan 2006=100,Daily
2011-02-21,,DTWEXBGS,Index Jan 2006=100,Daily
2011-02-22,89.4617,DTWEXBGS,Index Jan 2006=100,Daily
2011-02-23,89.4186,DTWEXBGS,Index Jan 2006=100,Daily
2011-02-24,89.2346,DTWEXBGS,Index Jan 2006=100,Daily
2011-02-25,89.1664,DTWEXBGS,Index Jan 2006=100,Daily
2011-02-28,88.9391,DTWEXBGS,Index Jan 2006=100,Daily
2011-03-01,88.831,DTWEXBGS,Index Jan 2006=100,Daily
2011-03-02,88.7317,DTWEXBGS,Index Jan 2006=100,Daily
2011-03-03,88.637,DTWEXBGS,Index Jan 2006=100,Daily
2011-03-04,88.4898,DTWEXBGS,Index Jan 2006=100,Daily
2011-03-07,88.5207,DTWEXBGS,Index Jan 2006=100,Daily
2011-03-08,88.6454,DTWEXBGS,Index Jan 2006=100,Daily
2011-03-09,88.5328,DTWEXBGS,Index Jan 2006=100,Daily
2011-03-10,88.8698,DTWEXBGS,Index Jan 2006=100,Daily
2011-03-11,88.691,DTWEXBGS,Index Jan 2006=100,Daily
2011-03-14,88.5191,DTWEXBGS,Index Jan 2006=100,Daily
2011-03-15,88.7845,DTWEXBGS,Index Jan 2006=100,Daily
2011-03-16,88.9785,DTWEXBGS,Index Jan 2006=100,Daily
2011-03-17,88.6549,DTWEXBGS,Index Jan 2006=100,Daily
2011-03-18,88.5221,DTWEXBGS,Index Jan 2006=100,Daily
2011-03-21,88.2032,DTWEXBGS,Index Jan 2006=100,Daily
2011-03-22,88.0665,DTWEXBGS,Index Jan 2006=100,Daily
2011-03-23,88.3328,DTWEXBGS,Index Jan 2006=100,Daily
2011-03-24,88.0592,DTWEXBGS,Index Jan 2006=100,Daily
2011-03-25,88.1716,DTWEXBGS,Index Jan 2006=100,Daily
2011-03-28,88.3058,DTWEXBGS,Index Jan 2006=100,Daily
2011-03-29,88.3991,DTWEXBGS,Index Jan 2006=100,Daily
2011-03-30,88.2298,DTWEXBGS,Index Jan 2006=100,Daily
2011-03-31,88.0299,DTWEXBGS,Index Jan 2006=100,Daily
2011-04-01,87.7993,DTWEXBGS,Index Jan 2006=100,Daily
2011-04-04,87.8406,DTWEXBGS,Index Jan 2006=100,Daily
2011-04-05,87.7483,DTWEXBGS,Index Jan 2006=100,Daily
2011-04-06,87.4913,DTWEXBGS,Index Jan 2006=100,Daily
2011-04-07,87.532,DTWEXBGS,Index Jan 2006=100,Daily
2011-04-08,87.1493,DTWEXBGS,Index Jan 2006=100,Daily
2011-04-11,87.094,DTWEXBGS,Index Jan 2006=100,Daily
2011-04-12,87.2943,DTWEXBGS,Index Jan 2006=100,Daily
2011-04-13,87.2093,DTWEXBGS,Index Jan 2006=100,Daily
2011-04-14,87.0802,DTWEXBGS,Index Jan 2006=100,Daily
2011-04-15,87.005,DTWEXBGS,Index Jan 2006=100,Daily
2011-04-18,87.5081,DTWEXBGS,Index Jan 2006=100,Daily
2011-04-19,87.0791,DTWEXBGS,Index Jan 2006=100,Daily
2011-04-20,86.5642,DTWEXBGS,Index Jan 2006=100,Daily
2011-04-21,86.2256,DTWEXBGS,Index Jan 2006=100,Daily
2011-04-22,86.3742,DTWEXBGS,Index Jan 2006=100,Daily
2011-04-25,86.4026,DTWEXBGS,Index Jan 2006=100,Daily
2011-04-26,86.2576,DTWEXBGS,Index Jan 2006=100,Daily
2011-04-27,86.2519,DTWEXBGS,Index Jan 2006=100,Daily
2011-04-28,85.8419,DTWEXBGS,Index Jan 2006=100,Daily
2011-04-29,85.5999,DTWEXBGS,Index Jan 2006=100,Daily
2011-05-02,85.5199,DTWEXBGS,Index Jan 2006=100,Daily
2011-05-03,85.6352,DTWEXBGS,Index Jan 2006=100,Daily
2011-05-04,85.8917,DTWEXBGS,Index Jan 2006=100,Daily
2011-05-05,86.508,DTWEXBGS,Index Jan 2006=100,Daily
2011-05-06,86.4575,DTWEXBGS,Index Jan 2006=100,Daily
2011-05-09,86.8346,DTWEXBGS,Index Jan 2006=100,Daily
2011-05-10,86.6518,DTWEXBGS,Index Jan 2006=100,Daily
2011-05-11,86.7195,DTWEXBGS,Index Jan 2006=100,Daily
2011-05-12,87.0767,DTWEXBGS,Index Jan 2006=100,Daily
2011-05-13,87.4176,DTWEXBGS,Index Jan 2006=100,Daily
2011-05-16,87.3311,DTWEXBGS,Index Jan 2006=100,Daily
2011-05-17,87.6307,DTWEXBGS,Index Jan 2006=100,Daily
2011-05-18,87.295,DTWEXBGS,Index Jan 2006=100,Daily
2011-05-19,87.2638,DTWEXBGS,Index Jan 2006=100,Daily
2011-05-20,87.3044,DTWEXBGS,Index Jan 2006=100,Daily
2011-05-23,87.8941,DTWEXBGS,Index Jan 2006=100,Daily
2011-05-24,87.662,DTWEXBGS,Index Jan 2006=100,Daily
2011-05-25,87.6136,DTWEXBGS,Index Jan 2006=100,Daily
2011-05-26,87.5588,DTWEXBGS,Index Jan 2006=100,Daily
2011-05-27,86.9525,DTWEXBGS,Index Jan 2006=100,Daily
2011-05-30,,DTWEXBGS,Index Jan 2006=100,Daily
2011-05-31,86.656,DTWEXBGS,Index Jan 2006=100,Daily
2011-06-01,86.5964,DTWEXBGS,Index Jan 2006=100,Daily
2011-06-02,86.8435,DTWEXBGS,Index Jan 2006=100,Daily
2011-06-03,86.4234,DTWEXBGS,Index Jan 2006=100,Daily
2011-06-06,86.4669,DTWEXBGS,Index Jan 2006=100,Daily
2011-06-07,86.3627,DTWEXBGS,Index Jan 2006=100,Daily
2011-06-08,86.5714,DTWEXBGS,Index Jan 2006=100,Daily
2011-06-09,86.5913,DTWEXBGS,Index Jan 2006=100,Daily
2011-06-10,87.042,DTWEXBGS,Index Jan 2006=100,Daily
2011-06-13,87.0579,DTWEXBGS,Index Jan 2006=100,Daily
2011-06-14,86.6771,DTWEXBGS,Index Jan 2006=100,Daily
2011-06-15,87.3342,DTWEXBGS,Index Jan 2006=100,Daily
2011-06-16,87.6917,DTWEXBGS,Index Jan 2006=100,Daily
2011-06-17,87.2179,DTWEXBGS,Index Jan 2006=100,Daily
2011-06-20,87.1908,DTWEXBGS,Index Jan 2006=100,Daily
2011-06-21,86.857,DTWEXBGS,Index Jan 2006=100,Daily
2011-06-22,86.8067,DTWEXBGS,Index Jan 2006=100,Daily
2011-06-23,87.455,DTWEXBGS,Index Jan 2006=100,Daily
2011-06-24,87.5014,DTWEXBGS,Index Jan 2006=100,Daily
2011-06-27,87.5225,DTWEXBGS,Index Jan 2006=100,Daily
2011-06-28,87.2178,DTWEXBGS,Index Jan 2006=100,Daily
2011-06-29,86.8014,DTWEXBGS,Index Jan 2006=100,Daily
2011-06-30,86.4786,DTWEXBGS,Index Jan 2006=100,Daily
2011-07-01,86.3613,DTWEXBGS,Index Jan 2006=100,Daily
2011-07-04,,DTWEXBGS,Index Jan 2006=100,Daily
2011-07-05,86.4253,DTWEXBGS,Index Jan 2006=100,Daily
2011-07-06,86.6825,DTWEXBGS,Index Jan 2006=100,Daily
2011-07-07,86.4825,DTWEXBGS,Index Jan 2006=100,Daily
2011-07-08,86.615,DTWEXBGS,Index Jan 2006=100,Daily
2011-07-11,87.1013,DTWEXBGS,Index Jan 2006=100,Daily
2011-07-12,87.1701,DTWEXBGS,Index Jan 2006=100,Daily
2011-07-13,86.5697,DTWEXBGS,Index Jan 2006=100,Daily
2011-07-14,86.5234,DTWEXBGS,Index Jan 2006=100,Daily
2011-07-15,86.5169,DTWEXBGS,Index Jan 2006=100,Daily
2011-07-18,86.9549,DTWEXBGS,Index Jan 2006=100,Daily
2011-07-19,86.4386,DTWEXBGS,Index Jan 2006=100,Daily
2011-07-20,86.2794,DTWEXBGS,Index Jan 2006=100,Daily
2011-07-21,85.8378,DTWEXBGS,Index Jan 2006=100,Daily
2011-07-22,85.8623,DTWEXBGS,Index Jan 2006=100,Daily
2011-07-25,85.8006,DTWEXBGS,Index Jan 2006=100,Daily
2011-07-26,85.4692,DTWEXBGS,Index Jan 2006=100,Daily
2011-07-27,85.7126,DTWEXBGS,Index Jan 2006=100,Daily
2011-07-28,85.8245,DTWEXBGS,Index Jan 2006=100,Daily
2011-07-29,85.7282,DTWEXBGS,Index Jan 2006=100,Daily
2011-08-01,86.0391,DTWEXBGS,Index Jan 2006=100,Daily
2011-08-02,86.0533,DTWEXBGS,Index Jan 2006=100,Daily
2011-08-03,86.0706,DTWEXBGS,Index Jan 2006=100,Daily
2011-08-04,86.9299,DTWEXBGS,Index Jan 2006=100,Daily
2011-08-05,87.1084,DTWEXBGS,Index Jan 2006=100,Daily
2011-08-08,87.1873,DTWEXBGS,Index Jan 2006=100,Daily
2011-08-09,87.3919,DTWEXBGS,Index Jan 2006=100,Daily
2011-08-10,87.3792,DTWEXBGS,Index Jan 2006=100,Daily
2011-08-11,87.3215,DTWEXBGS,Index Jan 2006=100,Daily
2011-08-12,87.177,DTWEXBGS,Index Jan 2006=100,Daily
2011-08-15,86.7515,DTWEXBGS,Index Jan 2006=100,Daily
2011-08-16,86.7115,DTWEXBGS,Index Jan 2006=100,Daily
2011-08-17,86.5518,DTWEXBGS,Index Jan 2006=100,Daily
2011-08-18,87.1271,DTWEXBGS,Index Jan 2006=100,Daily
2011-08-19,86.8286,DTWEXBGS,Index Jan 2006=100,Daily
2011-08-22,87.0753,DTWEXBGS,Index Jan 2006=100,Daily
2011-08-23,86.9001,DTWEXBGS,Index Jan 2006=100,Daily
2011-08-24,87.1316,DTWEXBGS,Index Jan 2006=100,Daily
2011-08-25,87.2306,DTWEXBGS,Index Jan 2006=100,Daily
2011-08-26,87.0751,DTWEXBGS,Index Jan 2006=100,Daily
2011-08-29,86.8433,DTWEXBGS,Index Jan 2006=100,Daily
2011-08-30,87.001,DTWEXBGS,Index Jan 2006=100,Daily
2011-08-31,86.7739,DTWEXBGS,Index Jan 2006=100,Daily
2011-09-01,86.8512,DTWEXBGS,Index Jan 2006=100,Daily
2011-09-02,87.1797,DTWEXBGS,Index Jan 2006=100,Daily
2011-09-05,,DTWEXBGS,Index Jan 2006=100,Daily
2011-09-06,88.1645,DTWEXBGS,Index Jan 2006=100,Daily
2011-09-07,87.9699,DTWEXBGS,Index Jan 2006=100,Daily
2011-09-08,88.1162,DTWEXBGS,Index Jan 2006=100,Daily
2011-09-09,88.9514,DTWEXBGS,Index Jan 2006=100,Daily
2011-09-12,89.2192,DTWEXBGS,Index Jan 2006=100,Daily
2011-09-13,89.2653,DTWEXBGS,Index Jan 2006=100,Daily
2011-09-14,89.419,DTWEXBGS,Index Jan 2006=100,Daily
2011-09-15,89.0647,DTWEXBGS,Index Jan 2006=100,Daily
2011-09-16,89.1108,DTWEXBGS,Index Jan 2006=100,Daily
2011-09-19,89.9336,DTWEXBGS,Index Jan 2006=100,Daily
2011-09-20,89.8777,DTWEXBGS,Index Jan 2006=100,Daily
2011-09-21,90.3453,DTWEXBGS,Index Jan 2006=100,Daily
2011-09-22,92.075,DTWEXBGS,Index Jan 2006=100,Daily
2011-09-23,91.6904,DTWEXBGS,Index Jan 2006=100,Daily
2011-09-26,91.7724,DTWEXBGS,Index Jan 2006=100,Daily
2011-09-27,90.8985,DTWEXBGS,Index Jan 2006=100,Daily
2011-09-28,91.0227,DTWEXBGS,Index Jan 2006=100,Daily
2011-09-29,91.3033,DTWEXBGS,Index Jan 2006=100,Daily
2011-09-30,91.9998,DTWEXBGS,Index Jan 2006=100,Daily
2011-10-03,92.5128,DTWEXBGS,Index Jan 2006=100,Daily
2011-10-04,92.9508,DTWEXBGS,Index Jan 2006=100,Daily
2011-10-05,92.3008,DTWEXBGS,Index Jan 2006=100,Daily
2011-10-06,91.9661,DTWEXBGS,Index Jan 2006=100,Daily
2011-10-07,91.2469,DTWEXBGS,Index Jan 2006=100,Daily
2011-10-10,,DTWEXBGS,Index Jan 2006=100,Daily
2011-10-11,90.9162,DTWEXBGS,Index Jan 2006=100,Daily
2011-10-12,90.3378,DTWEXBGS,Index Jan 2006=100,Daily
2011-10-13,90.6603,DTWEXBGS,Index Jan 2006=100,Daily
2011-10-14,90.2116,DTWEXBGS,Index Jan 2006=100,Daily
2011-10-17,90.266,DTWEXBGS,Index Jan 2006=100,Daily
2011-10-18,90.5907,DTWEXBGS,Index Jan 2006=100,Daily
2011-10-19,90.3317,DTWEXBGS,Index Jan 2006=100,Daily
2011-10-20,91.1026,DTWEXBGS,Index Jan 2006=100,Daily
2011-10-21,90.279,DTWEXBGS,Index Jan 2006=100,Daily
2011-10-24,89.8558,DTWEXBGS,Index Jan 2006=100,Daily
2011-10-25,89.9525,DTWEXBGS,Index Jan 2006=100,Daily
2011-10-26,90.0836,DTWEXBGS,Index Jan 2006=100,Daily
2011-10-27,88.7882,DTWEXBGS,Index Jan 2006=100,Daily
2011-10-28,88.6382,DTWEXBGS,Index Jan 2006=100,Daily
2011-10-31,89.2053,DTWEXBGS,Index Jan 2006=100,Daily
2011-11-01,90.7296,DTWEXBGS,Index Jan 2006=100,Daily
2011-11-02,90.244,DTWEXBGS,Index Jan 2006=100,Daily
2011-11-03,90.2961,DTWEXBGS,Index Jan 2006=100,Daily
2011-11-04,90.3154,DTWEXBGS,Index Jan 2006=100,Daily
2011-11-07,90.3832,DTWEXBGS,Index Jan 2006=100,Daily
2011-11-08,90.172,DTWEXBGS,Index Jan 2006=100,Daily
2011-11-09,90.6991,DTWEXBGS,Index Jan 2006=100,Daily
2011-11-10,90.8588,DTWEXBGS,Index Jan 2006=100,Daily
2011-11-11,,DTWEXBGS,Index Jan 2006=100,Daily
2011-11-14,90.7215,DTWEXBGS,Index Jan 2006=100,Daily
2011-11-15,91.1081,DTWEXBGS,Index Jan 2006=100,Daily
2011-11-16,91.1237,DTWEXBGS,Index Jan 2006=100,Daily
2011-11-17,91.1822,DTWEXBGS,Index Jan 2006=100,Daily
2011-11-18,91.3676,DTWEXBGS,Index Jan 2006=100,Daily
2011-11-21,91.9978,DTWEXBGS,Index Jan 2006=100,Daily
2011-11-22,92.0193,DTWEXBGS,Index Jan 2006=100,Daily
2011-11-23,92.7463,DTWEXBGS,Index Jan 2006=100,Daily
2011-11-24,,DTWEXBGS,Index Jan 2006=100,Daily
2011-11-25,93.1455,DTWEXBGS,Index Jan 2006=100,Daily
2011-11-28,92.4983,DTWEXBGS,Index Jan 2006=100,Daily
2011-11-29,92.2163,DTWEXBGS,Index Jan 2006=100,Daily
2011-11-30,91.4728,DTWEXBGS,Index Jan 2006=100,Daily
2011-12-01,91.227,DTWEXBGS,Index Jan 2006=100,Daily
2011-12-02,91.3532,DTWEXBGS,Index Jan 2006=100,Daily
2011-12-05,91.1087,DTWEXBGS,Index Jan 2006=100,Daily
2011-12-06,91.2817,DTWEXBGS,Index Jan 2006=100,Daily
2011-12-07,91.2331,DTWEXBGS,Index Jan 2006=100,Daily
2011-12-08,91.668,DTWEXBGS,Index Jan 2006=100,Daily
2011-12-09,91.6122,DTWEXBGS,Index Jan 2006=100,Daily
2011-12-12,92.3375,DTWEXBGS,Index Jan 2006=100,Daily
2011-12-13,92.5456,DTWEXBGS,Index Jan 2006=100,Daily
2011-12-14,93.2176,DTWEXBGS,Index Jan 2006=100,Daily
2011-12-15,92.8858,DTWEXBGS,Index Jan 2006=100,Daily
2011-12-16,92.8252,DTWEXBGS,Index Jan 2006=100,Daily
2011-12-19,92.8685,DTWEXBGS,Index Jan 2006=100,Daily
2011-12-20,92.432,DTWEXBGS,Index Jan 2006=100,Daily
2011-12-21,92.5262,DTWEXBGS,Index Jan 2006=100,Daily
2011-12-22,92.3883,DTWEXBGS,Index Jan 2006=100,Daily
2011-12-23,92.3897,DTWEXBGS,Index Jan 2006=100,Daily
2011-12-26,,DTWEXBGS,Index Jan 2006=100,Daily
2011-12-27,92.4137,DTWEXBGS,Index Jan 2006=100,Daily
2011-12-28,92.8374,DTWEXBGS,Index Jan 2006=100,Daily
2011-12-29,92.7398,DTWEXBGS,Index Jan 2006=100,Daily
2011-12-30,92.4262,DTWEXBGS,Index Jan 2006=100,Daily
2012-01-02,,DTWEXBGS,Index Jan 2006=100,Daily
2012-01-03,91.7551,DTWEXBGS,Index Jan 2006=100,Daily
2012-01-04,92.0345,DTWEXBGS,Index Jan 2006=100,Daily
2012-01-05,92.5773,DTWEXBGS,Index Jan 2006=100,Daily
2012-01-06,92.7183,DTWEXBGS,Index Jan 2006=100,Daily
2012-01-09,92.7418,DTWEXBGS,Index Jan 2006=100,Daily
2012-01-10,92.2461,DTWEXBGS,Index Jan 2006=100,Daily
2012-01-11,92.554,DTWEXBGS,Index Jan 2006=100,Daily
2012-01-12,92.2274,DTWEXBGS,Index Jan 2006=100,Daily
2012-01-13,92.5385,DTWEXBGS,Index Jan 2006=100,Daily
2012-01-16,,DTWEXBGS,Index Jan 2006=100,Daily
2012-01-17,92.0142,DTWEXBGS,Index Jan 2006=100,Daily
2012-01-18,91.6943,DTWEXBGS,Index Jan 2006=100,Daily
2012-01-19,91.3316,DTWEXBGS,Index Jan 2006=100,Daily
2012-01-20,91.3661,DTWEXBGS,Index Jan 2006=100,Daily
2012-01-23,90.986,DTWEXBGS,Index Jan 2006=100,Daily
2012-01-24,91.181,DTWEXBGS,Index Jan 2006=100,Daily
2012-01-25,91.277,DTWEXBGS,Index Jan 2006=100,Daily
2012-01-26,90.3962,DTWEXBGS,Index Jan 2006=100,Daily
2012-01-27,90.2559,DTWEXBGS,Index Jan 2006=100,Daily
2012-01-30,90.4762,DTWEXBGS,Index Jan 2006=100,Daily
2012-01-31,90.5538,DTWEXBGS,Index Jan 2006=100,Daily
2012-02-01,90.0963,DTWEXBGS,Index Jan 2006=100,Daily
2012-02-02,89.8765,DTWEXBGS,Index Jan 2006=100,Daily
2012-02-03,89.8491,DTWEXBGS,Index Jan 2006=100,Daily
2012-02-06,89.7907,DTWEXBGS,Index Jan 2006=100,Daily
2012-02-07,89.5968,DTWEXBGS,Index Jan 2006=100,Daily
2012-02-08,89.6555,DTWEXBGS,Index Jan 2006=100,Daily
2012-02-09,89.6246,DTWEXBGS,Index Jan 2006=100,Daily
2012-02-10,90.1024,DTWEXBGS,Index Jan 2006=100,Daily
2012-02-13,89.8895,DTWEXBGS,Index Jan 2006=100,Daily
2012-02-14,90.1919,DTWEXBGS,Index Jan 2006=100,Daily
2012-02-15,90.1932,DTWEXBGS,Index Jan 2006=100,Daily
2012-02-16,90.3109,DTWEXBGS,Index Jan 2006=100,Daily
2012-02-17,90.23,DTWEXBGS,Index Jan 2006=100,Daily
2012-02-20,,DTWEXBGS,Index Jan 2006=100,Daily
2012-02-21,90.0117,DTWEXBGS,Index Jan 2006=100,Daily
2012-02-22,90.2472,DTWEXBGS,Index Jan 2006=100,Daily
2012-02-23,90.1108,DTWEXBGS,Index Jan 2006=100,Daily
2012-02-24,89.9104,DTWEXBGS,Index Jan 2006=100,Daily
2012-02-27,89.9635,DTWEXBGS,Index Jan 2006=100,Daily
2012-02-28,89.8103,DTWEXBGS,Index Jan 2006=100,Daily
2012-02-29,89.7487,DTWEXBGS,Index Jan 2006=100,Daily
2012-03-01,89.7817,DTWEXBGS,Index Jan 2006=100,Daily
2012-03-02,90.135,DTWEXBGS,Index Jan 2006=100,Daily
2012-03-05,90.2748,DTWEXBGS,Index Jan 2006=100,Daily
2012-03-06,90.8237,DTWEXBGS,Index Jan 2006=100,Daily
2012-03-07,90.6837,DTWEXBGS,Index Jan 2006=100,Daily
2012-03-08,90.2598,DTWEXBGS,Index Jan 2006=100,Daily
2012-03-09,90.4341,DTWEXBGS,Index Jan 2006=100,Daily
2012-03-12,90.6643,DTWEXBGS,Index Jan 2006=100,Daily
2012-03-13,90.5363,DTWEXBGS,Index Jan 2006=100,Daily
2012-03-14,90.9325,DTWEXBGS,Index Jan 2006=100,Daily
2012-03-15,90.7866,DTWEXBGS,Index Jan 2006=100,Daily
2012-03-16,90.5245,DTWEXBGS,Index Jan 2006=100,Daily
2012-03-19,90.292,DTWEXBGS,Index Jan 2006=100,Daily
2012-03-20,90.6065,DTWEXBGS,Index Jan 2006=100,Daily
2012-03-21,90.6761,DTWEXBGS,Index Jan 2006=100,Daily
2012-03-22,90.8225,DTWEXBGS,Index Jan 2006=100,Daily
2012-03-23,90.6156,DTWEXBGS,Index Jan 2006=100,Daily
2012-03-26,90.3266,DTWEXBGS,Index Jan 2006=100,Daily
2012-03-27,90.2796,DTWEXBGS,Index Jan 2006=100,Daily
2012-03-28,90.603,DTWEXBGS,Index Jan 2006=100,Daily
2012-03-29,90.7285,DTWEXBGS,Index Jan 2006=100,Daily
2012-03-30,90.4593,DTWEXBGS,Index Jan 2006=100,Daily
2012-04-02,90.247,DTWEXBGS,Index Jan 2006=100,Daily
2012-04-03,90.1921,DTWEXBGS,Index Jan 2006=100,Daily
2012-04-04,90.8284,DTWEXBGS,Index Jan 2006=100,Daily
2012-04-05,90.8781,DTWEXBGS,Index Jan 2006=100,Daily
2012-04-06,90.9375,DTWEXBGS,Index Jan 2006=100,Daily
2012-04-09,90.9624,DTWEXBGS,Index Jan 2006=100,Daily
2012-04-10,91.2728,DTWEXBGS,Index Jan 2006=100,Daily
2012-04-11,91.1768,DTWEXBGS,Index Jan 2006=100,Daily
2012-04-12,90.7694,DTWEXBGS,Index Jan 2006=100,Daily
2012-04-13,91.0558,DTWEXBGS,Index Jan 2006=100,Daily
2012-04-16,91.2355,DTWEXBGS,Index Jan 2006=100,Daily
2012-04-17,90.7661,DTWEXBGS,Index Jan 2006=100,Daily
2012-04-18,90.9326,DTWEXBGS,Index Jan 2006=100,Daily
2012-04-19,91.0833,DTWEXBGS,Index Jan 2006=100,Daily
2012-04-20,90.8066,DTWEXBGS,Index Jan 2006=100,Daily
2012-04-23,91.079,DTWEXBGS,Index Jan 2006=100,Daily
2012-04-24,90.8153,DTWEXBGS,Index Jan 2006=100,Daily
2012-04-25,90.756,DTWEXBGS,Index Jan 2006=100,Daily
2012-04-26,90.6428,DTWEXBGS,Index Jan 2006=100,Daily
2012-04-27,90.3269,DTWEXBGS,Index Jan 2006=100,Daily
2012-04-30,90.3634,DTWEXBGS,Index Jan 2006=100,Daily
2012-05-01,90.3227,DTWEXBGS,Index Jan 2006=100,Daily
2012-05-02,90.6144,DTWEXBGS,Index Jan 2006=100,Daily
2012-05-03,90.6839,DTWEXBGS,Index Jan 2006=100,Daily
2012-05-04,91.0497,DTWEXBGS,Index Jan 2006=100,Daily
2012-05-07,91.0747,DTWEXBGS,Index Jan 2006=100,Daily
2012-05-08,91.4107,DTWEXBGS,Index Jan 2006=100,Daily
2012-05-09,91.7632,DTWEXBGS,Index Jan 2006=100,Daily
2012-05-10,91.7077,DTWEXBGS,Index Jan 2006=100,Daily
2012-05-11,91.7306,DTWEXBGS,Index Jan 2006=100,Daily
2012-05-14,92.2491,DTWEXBGS,Index Jan 2006=100,Daily
2012-05-15,92.5235,DTWEXBGS,Index Jan 2006=100,Daily
2012-05-16,92.903,DTWEXBGS,Index Jan 2006=100,Daily
2012-05-17,92.9632,DTWEXBGS,Index Jan 2006=100,Daily
2012-05-18,93.1395,DTWEXBGS,Index Jan 2006=100,Daily
2012-05-21,93.0945,DTWEXBGS,Index Jan 2006=100,Daily
2012-05-22,93.1113,DTWEXBGS,Index Jan 2006=100,Daily
2012-05-23,93.8855,DTWEXBGS,Index Jan 2006=100,Daily
2012-05-24,93.8027,DTWEXBGS,Index Jan 2006=100,Daily
2012-05-25,93.9488,DTWEXBGS,Index Jan 2006=100,Daily
2012-05-28,,DTWEXBGS,Index Jan 2006=100,Daily
2012-05-29,93.875,DTWEXBGS,Index Jan 2006=100,Daily
2012-05-30,94.302,DTWEXBGS,Index Jan 2006=100,Daily
2012-05-31,94.6856,DTWEXBGS,Index Jan 2006=100,Daily
2012-06-01,94.6979,DTWEXBGS,Index Jan 2006=100,Daily
2012-06-04,94.5184,DTWEXBGS,Index Jan 2006=100,Daily
2012-06-05,94.6184,DTWEXBGS,Index Jan 2006=100,Daily
2012-06-06,94.0362,DTWEXBGS,Index Jan 2006=100,Daily
2012-06-07,93.774,DTWEXBGS,Index Jan 2006=100,Daily
2012-06-08,94.2024,DTWEXBGS,Index Jan 2006=100,Daily
2012-06-11,94.0369,DTWEXBGS,Index Jan 2006=100,Daily
2012-06-12,94.0693,DTWEXBGS,Index Jan 2006=100,Daily
2012-06-13,93.8309,DTWEXBGS,Index Jan 2006=100,Daily
2012-06-14,93.8152,DTWEXBGS,Index Jan 2006=100,Daily
2012-06-15,93.5203,DTWEXBGS,Index Jan 2006=100,Daily
2012-06-18,93.6431,DTWEXBGS,Index Jan 2006=100,Daily
2012-06-19,93.0524,DTWEXBGS,Index Jan 2006=100,Daily
2012-06-20,93.1602,DTWEXBGS,Index Jan 2006=100,Daily
2012-06-21,93.6378,DTWEXBGS,Index Jan 2006=100,Daily
2012-06-22,93.9205,DTWEXBGS,Index Jan 2006=100,Daily
2012-06-25,94.1757,DTWEXBGS,Index Jan 2006=100,Daily
2012-06-26,93.9859,DTWEXBGS,Index Jan 2006=100,Daily
2012-06-27,93.8728,DTWEXBGS,Index Jan 2006=100,Daily
2012-06-28,94.0203,DTWEXBGS,Index Jan 2006=100,Daily
2012-06-29,92.9096,DTWEXBGS,Index Jan 2006=100,Daily
2012-07-02,92.951,DTWEXBGS,Index Jan 2006=100,Daily
2012-07-03,92.6508,DTWEXBGS,Index Jan 2006=100,Daily
2012-07-04,,DTWEXBGS,Index Jan 2006=100,Daily
2012-07-05,93.2211,DTWEXBGS,Index Jan 2006=100,Daily
2012-07-06,93.7087,DTWEXBGS,Index Jan 2006=100,Daily
2012-07-09,93.6974,DTWEXBGS,Index Jan 2006=100,Daily
2012-07-10,93.5552,DTWEXBGS,Index Jan 2006=100,Daily
2012-07-11,93.5981,DTWEXBGS,Index Jan 2006=100,Daily
2012-07-12,93.9298,DTWEXBGS,Index Jan 2006=100,Daily
2012-07-13,93.5515,DTWEXBGS,Index Jan 2006=100,Daily
2012-07-16,93.3746,DTWEXBGS,Index Jan 2006=100,Daily
2012-07-17,93.3479,DTWEXBGS,Index Jan 2006=100,Daily
2012-07-18,93.0973,DTWEXBGS,Index Jan 2006=100,Daily
2012-07-19,93.0438,DTWEXBGS,Index Jan 2006=100,Daily
2012-07-20,93.3653,DTWEXBGS,Index Jan 2006=100,Daily
2012-07-23,93.9297,DTWEXBGS,Index Jan 2006=100,Daily
2012-07-24,94.2635,DTWEXBGS,Index Jan 2006=100,Daily
2012-07-25,94.0564,DTWEXBGS,Index Jan 2006=100,Daily
2012-07-26,93.3595,DTWEXBGS,Index Jan 2006=100,Daily
2012-07-27,92.9333,DTWEXBGS,Index Jan 2006=100,Daily
2012-07-30,93.0524,DTWEXBGS,Index Jan 2006=100,Daily
2012-07-31,92.8422,DTWEXBGS,Index Jan 2006=100,Daily
2012-08-01,92.8905,DTWEXBGS,Index Jan 2006=100,Daily
2012-08-02,93.4269,DTWEXBGS,Index Jan 2006=100,Daily
2012-08-03,92.6048,DTWEXBGS,Index Jan 2006=100,Daily
2012-08-06,92.4339,DTWEXBGS,Index Jan 2006=100,Daily
2012-08-07,92.5128,DTWEXBGS,Index Jan 2006=100,Daily
2012-08-08,92.5407,DTWEXBGS,Index Jan 2006=100,Daily
2012-08-09,92.6057,DTWEXBGS,Index Jan 2006=100,Daily
2012-08-10,92.5129,DTWEXBGS,Index Jan 2006=100,Daily
2012-08-13,92.5955,DTWEXBGS,Index Jan 2006=100,Daily
2012-08-14,92.6152,DTWEXBGS,Index Jan 2006=100,Daily
2012-08-15,92.6838,DTWEXBGS,Index Jan 2006=100,Daily
2012-08-16,92.5737,DTWEXBGS,Index Jan 2006=100,Daily
2012-08-17,92.711,DTWEXBGS,Index Jan 2006=100,Daily
2012-08-20,92.6263,DTWEXBGS,Index Jan 2006=100,Daily
2012-08-21,92.3053,DTWEXBGS,Index Jan 2006=100,Daily
2012-08-22,92.4362,DTWEXBGS,Index Jan 2006=100,Daily
2012-08-23,92.1057,DTWEXBGS,Index Jan 2006=100,Daily
2012-08-24,92.2785,DTWEXBGS,Index Jan 2006=100,Daily
2012-08-27,92.3135,DTWEXBGS,Index Jan 2006=100,Daily
2012-08-28,92.2033,DTWEXBGS,Index Jan 2006=100,Daily
2012-08-29,92.3823,DTWEXBGS,Index Jan 2006=100,Daily
2012-08-30,92.6239,DTWEXBGS,Index Jan 2006=100,Daily
2012-08-31,92.1677,DTWEXBGS,Index Jan 2006=100,Daily
2012-09-03,,DTWEXBGS,Index Jan 2006=100,Daily
2012-09-04,92.1582,DTWEXBGS,Index Jan 2006=100,Daily
2012-09-05,92.1262,DTWEXBGS,Index Jan 2006=100,Daily
2012-09-06,91.8973,DTWEXBGS,Index Jan 2006=100,Daily
2012-09-07,91.3469,DTWEXBGS,Index Jan 2006=100,Daily
2012-09-10,91.3102,DTWEXBGS,Index Jan 2006=100,Daily
2012-09-11,91.0575,DTWEXBGS,Index Jan 2006=100,Daily
2012-09-12,91.0477,DTWEXBGS,Index Jan 2006=100,Daily
2012-09-13,90.9632,DTWEXBGS,Index Jan 2006=100,Daily
2012-09-14,90.1436,DTWEXBGS,Index Jan 2006=100,Daily
2012-09-17,90.2837,DTWEXBGS,Index Jan 2006=100,Daily
2012-09-18,90.5029,DTWEXBGS,Index Jan 2006=100,Daily
2012-09-19,90.4646,DTWEXBGS,Index Jan 2006=100,Daily
2012-09-20,90.7631,DTWEXBGS,Index Jan 2006=100,Daily
2012-09-21,90.5342,DTWEXBGS,Index Jan 2006=100,Daily
2012-09-24,90.8263,DTWEXBGS,Index Jan 2006=100,Daily
2012-09-25,90.6074,DTWEXBGS,Index Jan 2006=100,Daily
2012-09-26,91.0028,DTWEXBGS,Index Jan 2006=100,Daily
2012-09-27,90.7538,DTWEXBGS,Index Jan 2006=100,Daily
2012-09-28,90.8342,DTWEXBGS,Index Jan 2006=100,Daily
2012-10-01,90.7011,DTWEXBGS,Index Jan 2006=100,Daily
2012-10-02,90.644,DTWEXBGS,Index Jan 2006=100,Daily
2012-10-03,90.8726,DTWEXBGS,Index Jan 2006=100,Daily
2012-10-04,90.4932,DTWEXBGS,Index Jan 2006=100,Daily
2012-10-05,90.2851,DTWEXBGS,Index Jan 2006=100,Daily
2012-10-08,,DTWEXBGS,Index Jan 2006=100,Daily
2012-10-09,90.8703,DTWEXBGS,Index Jan 2006=100,Daily
2012-10-10,90.883,DTWEXBGS,Index Jan 2006=100,Daily
2012-10-11,90.7437,DTWEXBGS,Index Jan 2006=100,Daily
2012-10-12,90.6833,DTWEXBGS,Index Jan 2006=100,Daily
2012-10-15,90.6409,DTWEXBGS,Index Jan 2006=100,Daily
2012-10-16,90.5583,DTWEXBGS,Index Jan 2006=100,Daily
2012-10-17,90.2309,DTWEXBGS,Index Jan 2006=100,Daily
2012-10-18,90.3804,DTWEXBGS,Index Jan 2006=100,Daily
2012-10-19,90.8107,DTWEXBGS,Index Jan 2006=100,Daily
2012-10-22,90.7911,DTWEXBGS,Index Jan 2006=100,Daily
2012-10-23,91.0945,DTWEXBGS,Index Jan 2006=100,Daily
2012-10-24,91.1275,DTWEXBGS,Index Jan 2006=100,Daily
2012-10-25,91.02,DTWEXBGS,Index Jan 2006=100,Daily
2012-10-26,91.1411,DTWEXBGS,Index Jan 2006=100,Daily
2012-10-29,,DTWEXBGS,Index Jan 2006=100,Daily
2012-10-30,,DTWEXBGS,Index Jan 2006=100,Daily
2012-10-31,91.1609,DTWEXBGS,Index Jan 2006=100,Daily
2012-11-01,91.1217,DTWEXBGS,Index Jan 2006=100,Daily
2012-11-02,91.281,DTWEXBGS,Index Jan 2006=100,Daily
2012-11-05,91.4778,DTWEXBGS,Index Jan 2006=100,Daily
2012-11-06,91.2908,DTWEXBGS,Index Jan 2006=100,Daily
2012-11-07,91.4514,DTWEXBGS,Index Jan 2006=100,Daily
2012-11-08,91.5375,DTWEXBGS,Index Jan 2006=100,Daily
2012-11-09,91.6871,DTWEXBGS,Index Jan 2006=100,Daily
2012-11-12,,DTWEXBGS,Index Jan 2006=100,Daily
2012-11-13,91.7356,DTWEXBGS,Index Jan 2006=100,Daily
2012-11-14,91.7942,DTWEXBGS,Index Jan 2006=100,Daily
2012-11-15,91.8837,DTWEXBGS,Index Jan 2006=100,Daily
2012-11-16,92.0095,DTWEXBGS,Index Jan 2006=100,Daily
2012-11-19,91.5653,DTWEXBGS,Index Jan 2006=100,Daily
2012-11-20,91.556,DTWEXBGS,Index Jan 2006=100,Daily
2012-11-21,91.6645,DTWEXBGS,Index Jan 2006=100,Daily
2012-11-22,,DTWEXBGS,Index Jan 2006=100,Daily
2012-11-23,91.2616,DTWEXBGS,Index Jan 2006=100,Daily
2012-11-26,91.2789,DTWEXBGS,Index Jan 2006=100,Daily
2012-11-27,91.2608,DTWEXBGS,Index Jan 2006=100,Daily
2012-11-28,91.33,DTWEXBGS,Index Jan 2006=100,Daily
2012-11-29,91.2104,DTWEXBGS,Index Jan 2006=100,Daily
2012-11-30,91.1038,DTWEXBGS,Index Jan 2006=100,Daily
2012-12-03,91.0084,DTWEXBGS,Index Jan 2006=100,Daily
2012-12-04,90.9748,DTWEXBGS,Index Jan 2006=100,Daily
2012-12-05,90.9423,DTWEXBGS,Index Jan 2006=100,Daily
2012-12-06,91.0629,DTWEXBGS,Index Jan 2006=100,Daily
2012-12-07,91.0437,DTWEXBGS,Index Jan 2006=100,Daily
2012-12-10,90.9631,DTWEXBGS,Index Jan 2006=100,Daily
2012-12-11,90.8403,DTWEXBGS,Index Jan 2006=100,Daily
2012-12-12,90.7708,DTWEXBGS,Index Jan 2006=100,Daily
2012-12-13,90.776,DTWEXBGS,Index Jan 2006=100,Daily
2012-12-14,90.7156,DTWEXBGS,Index Jan 2006=100,Daily
2012-12-17,90.6193,DTWEXBGS,Index Jan 2006=100,Daily
2012-12-18,90.5161,DTWEXBGS,Index Jan 2006=100,Daily
2012-12-19,90.4896,DTWEXBGS,Index Jan 2006=100,Daily
2012-12-20,90.6002,DTWEXBGS,Index Jan 2006=100,Daily
2012-12-21,90.9597,DTWEXBGS,Index Jan 2006=100,Daily
2012-12-24,91.0354,DTWEXBGS,Index Jan 2006=100,Daily
2012-12-25,,DTWEXBGS,Index Jan 2006=100,Daily
2012-12-26,91.0606,DTWEXBGS,Index Jan 2006=100,Daily
2012-12-27,91.1037,DTWEXBGS,Index Jan 2006=100,Daily
2012-12-28,91.0419,DTWEXBGS,Index Jan 2006=100,Daily
2012-12-31,91.0834,DTWEXBGS,Index Jan 2006=100,Daily
2013-01-01,,DTWEXBGS,Index Jan 2006=100,Daily
2013-01-02,90.6941,DTWEXBGS,Index Jan 2006=100,Daily
2013-01-03,90.8097,DTWEXBGS,Index Jan 2006=100,Daily
2013-01-04,91.1025,DTWEXBGS,Index Jan 2006=100,Daily
2013-01-07,90.9852,DTWEXBGS,Index Jan 2006=100,Daily
2013-01-08,91.057,DTWEXBGS,Index Jan 2006=100,Daily
2013-01-09,91.0088,DTWEXBGS,Index Jan 2006=100,Daily
2013-01-10,90.6425,DTWEXBGS,Index Jan 2006=100,Daily
2013-01-11,90.5352,DTWEXBGS,Index Jan 2006=100,Daily
2013-01-14,90.4935,DTWEXBGS,Index Jan 2006=100,Daily
2013-01-15,90.5191,DTWEXBGS,Index Jan 2006=100,Daily
2013-01-16,90.596,DTWEXBGS,Index Jan 2006=100,Daily
2013-01-17,90.5401,DTWEXBGS,Index Jan 2006=100,Daily
2013-01-18,90.8697,DTWEXBGS,Index Jan 2006=100,Daily
2013-01-21,,DTWEXBGS,Index Jan 2006=100,Daily
2013-01-22,90.7892,DTWEXBGS,Index Jan 2006=100,Daily
2013-01-23,90.8376,DTWEXBGS,Index Jan 2006=100,Daily
2013-01-24,90.9112,DTWEXBGS,Index Jan 2006=100,Daily
2013-01-25,91.0868,DTWEXBGS,Index Jan 2006=100,Daily
2013-01-28,91.2354,DTWEXBGS,Index Jan 2006=100,Daily
2013-01-29,90.9406,DTWEXBGS,Index Jan 2006=100,Daily
2013-01-30,90.8836,DTWEXBGS,Index Jan 2006=100,Daily
2013-01-31,90.798,DTWEXBGS,Index Jan 2006=100,Daily
2013-02-01,90.6923,DTWEXBGS,Index Jan 2006=100,Daily
2013-02-04,90.9774,DTWEXBGS,Index Jan 2006=100,Daily
2013-02-05,90.881,DTWEXBGS,Index Jan 2006=100,Daily
2013-02-06,91.0176,DTWEXBGS,Index Jan 2006=100,Daily
2013-02-07,91.2912,DTWEXBGS,Index Jan 2006=100,Daily
2013-02-08,91.3056,DTWEXBGS,Index Jan 2006=100,Daily
2013-02-11,91.4451,DTWEXBGS,Index Jan 2006=100,Daily
2013-02-12,91.2779,DTWEXBGS,Index Jan 2006=100,Daily
2013-02-13,91.2709,DTWEXBGS,Index Jan 2006=100,Daily
2013-02-14,91.366,DTWEXBGS,Index Jan 2006=100,Daily
2013-02-15,91.4551,DTWEXBGS,Index Jan 2006=100,Daily
2013-02-18,,DTWEXBGS,Index Jan 2006=100,Daily
2013-02-19,91.5073,DTWEXBGS,Index Jan 2006=100,Daily
2013-02-20,91.6689,DTWEXBGS,Index Jan 2006=100,Daily
2013-02-21,92.0394,DTWEXBGS,Index Jan 2006=100,Daily
2013-02-22,92.1197,DTWEXBGS,Index Jan 2006=100,Daily
2013-02-25,92.1975,DTWEXBGS,Index Jan 2006=100,Daily
2013-02-26,92.4247,DTWEXBGS,Index Jan 2006=100,Daily
2013-02-27,92.234,DTWEXBGS,Index Jan 2006=100,Daily
2013-02-28,92.295,DTWEXBGS,Index Jan 2006=100,Daily
2013-03-01,92.6177,DTWEXBGS,Index Jan 2006=100,Daily
2013-03-04,92.6316,DTWEXBGS,Index Jan 2006=100,Daily
2013-03-05,92.4965,DTWEXBGS,Index Jan 2006=100,Daily
2013-03-06,,DTWEXBGS,Index Jan 2006=100,Daily
2013-03-07,92.5462,DTWEXBGS,Index Jan 2006=100,Daily
2013-03-08,92.6252,DTWEXBGS,Index Jan 2006=100,Daily
2013-03-11,92.5351,DTWEXBGS,Index Jan 2006=100,Daily
2013-03-12,92.3853,DTWEXBGS,Index Jan 2006=100,Daily
2013-03-13,92.4709,DTWEXBGS,Index Jan 2006=100,Daily
2013-03-14,92.4695,DTWEXBGS,Index Jan 2006=100,Daily
2013-03-15,92.128,DTWEXBGS,Index Jan 2006=100,Daily
2013-03-18,92.3377,DTWEXBGS,Index Jan 2006=100,Daily
2013-03-19,92.526,DTWEXBGS,Index Jan 2006=100,Daily
2013-03-20,92.4141,DTWEXBGS,Index Jan 2006=100,Daily
2013-03-21,92.3322,DTWEXBGS,Index Jan 2006=100,Daily
2013-03-22,92.2051,DTWEXBGS,Index Jan 2006=100,Daily
2013-03-25,92.3081,DTWEXBGS,Index Jan 2006=100,Daily
2013-03-26,92.232,DTWEXBGS,Index Jan 2006=100,Daily
2013-03-27,92.446,DTWEXBGS,Index Jan 2006=100,Daily
2013-03-28,92.2544,DTWEXBGS,Index Jan 2006=100,Daily
2013-03-29,92.302,DTWEXBGS,Index Jan 2006=100,Daily
2013-04-01,92.1687,DTWEXBGS,Index Jan 2006=100,Daily
2013-04-02,92.1432,DTWEXBGS,Index Jan 2006=100,Daily
2013-04-03,92.104,DTWEXBGS,Index Jan 2006=100,Daily
2013-04-04,92.3896,DTWEXBGS,Index Jan 2006=100,Daily
2013-04-05,92.1043,DTWEXBGS,Index Jan 2006=100,Daily
2013-04-08,92.2317,DTWEXBGS,Index Jan 2006=100,Daily
2013-04-09,91.9669,DTWEXBGS,Index Jan 2006=100,Daily
2013-04-10,91.9598,DTWEXBGS,Index Jan 2006=100,Daily
2013-04-11,91.6972,DTWEXBGS,Index Jan 2006=100,Daily
2013-04-12,91.7967,DTWEXBGS,Index Jan 2006=100,Daily
2013-04-15,91.9457,DTWEXBGS,Index Jan 2006=100,Daily
2013-04-16,91.8451,DTWEXBGS,Index Jan 2006=100,Daily
2013-04-17,92.1372,DTWEXBGS,Index Jan 2006=100,Daily
2013-04-18,92.176,DTWEXBGS,Index Jan 2006=100,Daily
2013-04-19,92.2166,DTWEXBGS,Index Jan 2006=100,Daily
2013-04-22,92.3591,DTWEXBGS,Index Jan 2006=100,Daily
2013-04-23,92.3836,DTWEXBGS,Index Jan 2006=100,Daily
2013-04-24,92.4581,DTWEXBGS,Index Jan 2006=100,Daily
2013-04-25,92.0394,DTWEXBGS,Index Jan 2006=100,Daily
2013-04-26,91.9012,DTWEXBGS,Index Jan 2006=100,Daily
2013-04-29,91.6539,DTWEXBGS,Index Jan 2006=100,Daily
2013-04-30,91.3741,DTWEXBGS,Index Jan 2006=100,Daily
2013-05-01,91.4331,DTWEXBGS,Index Jan 2006=100,Daily
2013-05-02,91.6174,DTWEXBGS,Index Jan 2006=100,Daily
2013-05-03,91.5087,DTWEXBGS,Index Jan 2006=100,Daily
2013-05-06,91.6387,DTWEXBGS,Index Jan 2006=100,Daily
2013-05-07,91.5201,DTWEXBGS,Index Jan 2006=100,Daily
2013-05-08,91.1848,DTWEXBGS,Index Jan 2006=100,Daily
2013-05-09,91.3036,DTWEXBGS,Index Jan 2006=100,Daily
2013-05-10,92.2527,DTWEXBGS,Index Jan 2006=100,Daily
2013-05-13,92.2711,DTWEXBGS,Index Jan 2006=100,Daily
2013-05-14,92.3697,DTWEXBGS,Index Jan 2006=100,Daily
2013-05-15,92.7691,DTWEXBGS,Index Jan 2006=100,Daily
2013-05-16,92.6602,DTWEXBGS,Index Jan 2006=100,Daily
2013-05-17,93.1617,DTWEXBGS,Index Jan 2006=100,Daily
2013-05-20,93.0359,DTWEXBGS,Index Jan 2006=100,Daily
2013-05-21,92.9662,DTWEXBGS,Index Jan 2006=100,Daily
2013-05-22,93.3104,DTWEXBGS,Index Jan 2006=100,Daily
2013-05-23,93.2113,DTWEXBGS,Index Jan 2006=100,Daily
2013-05-24,93.2768,DTWEXBGS,Index Jan 2006=100,Daily
2013-05-27,,DTWEXBGS,Index Jan 2006=100,Daily
2013-05-28,93.5853,DTWEXBGS,Index Jan 2006=100,Daily
2013-05-29,93.531,DTWEXBGS,Index Jan 2006=100,Daily
2013-05-30,93.4219,DTWEXBGS,Index Jan 2006=100,Daily
2013-05-31,93.6076,DTWEXBGS,Index Jan 2006=100,Daily
2013-06-03,93.163,DTWEXBGS,Index Jan 2006=100,Daily
2013-06-04,93.3067,DTWEXBGS,Index Jan 2006=100,Daily
2013-06-05,93.275,DTWEXBGS,Index Jan 2006=100,Daily
2013-06-06,92.809,DTWEXBGS,Index Jan 2006=100,Daily
2013-06-07,92.6056,DTWEXBGS,Index Jan 2006=100,Daily
2013-06-10,92.973,DTWEXBGS,Index Jan 2006=100,Daily
2013-06-11,92.7996,DTWEXBGS,Index Jan 2006=100,Daily
2013-06-12,92.4775,DTWEXBGS,Index Jan 2006=100,Daily
2013-06-13,92.3449,DTWEXBGS,Index Jan 2006=100,Daily
2013-06-14,92.1886,DTWEXBGS,Index Jan 2006=100,Daily
2013-06-17,92.3332,DTWEXBGS,Index Jan 2006=100,Daily
2013-06-18,92.5432,DTWEXBGS,Index Jan 2006=100,Daily
2013-06-19,92.4755,DTWEXBGS,Index Jan 2006=100,Daily
2013-06-20,94.125,DTWEXBGS,Index Jan 2006=100,Daily
2013-06-21,94.4243,DTWEXBGS,Index Jan 2006=100,Daily
2013-06-24,94.5714,DTWEXBGS,Index Jan 2006=100,Daily
2013-06-25,94.3285,DTWEXBGS,Index Jan 2006=100,Daily
2013-06-26,94.3807,DTWEXBGS,Index Jan 2006=100,Daily
2013-06-27,94.2429,DTWEXBGS,Index Jan 2006=100,Daily
2013-06-28,94.3047,DTWEXBGS,Index Jan 2006=100,Daily
2013-07-01,94.0998,DTWEXBGS,Index Jan 2006=100,Daily
2013-07-02,94.4051,DTWEXBGS,Index Jan 2006=100,Daily
2013-07-03,94.4767,DTWEXBGS,Index Jan 2006=100,Daily
2013-07-04,,DTWEXBGS,Index Jan 2006=100,Daily
2013-07-05,95.0639,DTWEXBGS,Index Jan 2006=100,Daily
2013-07-08,94.9954,DTWEXBGS,Index Jan 2006=100,Daily
2013-07-09,94.9467,DTWEXBGS,Index Jan 2006=100,Daily
2013-07-10,94.7595,DTWEXBGS,Index Jan 2006=100,Daily
2013-07-11,93.949,DTWEXBGS,Index Jan 2006=100,Daily
2013-07-12,94.0029,DTWEXBGS,Index Jan 2006=100,Daily
2013-07-15,93.9729,DTWEXBGS,Index Jan 2006=100,Daily
2013-07-16,93.5232,DTWEXBGS,Index Jan 2006=100,Daily
2013-07-17,93.5498,DTWEXBGS,Index Jan 2006=100,Daily
2013-07-18,93.681,DTWEXBGS,Index Jan 2006=100,Daily
2013-07-19,93.4759,DTWEXBGS,Index Jan 2006=100,Daily
2013-07-22,93.2253,DTWEXBGS,Index Jan 2006=100,Daily
2013-07-23,93.1631,DTWEXBGS,Index Jan 2006=100,Daily
2013-07-24,93.3124,DTWEXBGS,Index Jan 2006=100,Daily
2013-07-25,93.2862,DTWEXBGS,Index Jan 2006=100,Daily
2013-07-26,93.1695,DTWEXBGS,Index Jan 2006=100,Daily
2013-07-29,93.1663,DTWEXBGS,Index Jan 2006=100,Daily
2013-07-30,93.3976,DTWEXBGS,Index Jan 2006=100,Daily
2013-07-31,93.5703,DTWEXBGS,Index Jan 2006=100,Daily
2013-08-01,93.7972,DTWEXBGS,Index Jan 2006=100,Daily
2013-08-02,93.5789,DTWEXBGS,Index Jan 2006=100,Daily
2013-08-05,93.507,DTWEXBGS,Index Jan 2006=100,Daily
2013-08-06,93.3199,DTWEXBGS,Index Jan 2006=100,Daily
2013-08-07,93.2652,DTWEXBGS,Index Jan 2006=100,Daily
2013-08-08,92.8483,DTWEXBGS,Index Jan 2006=100,Daily
2013-08-09,92.8394,DTWEXBGS,Index Jan 2006=100,Daily
2013-08-12,92.9178,DTWEXBGS,Index Jan 2006=100,Daily
2013-08-13,93.476,DTWEXBGS,Index Jan 2006=100,Daily
2013-08-14,93.382,DTWEXBGS,Index Jan 2006=100,Daily
2013-08-15,93.5059,DTWEXBGS,Index Jan 2006=100,Daily
2013-08-16,93.4255,DTWEXBGS,Index Jan 2006=100,Daily
2013-08-19,93.6623,DTWEXBGS,Index Jan 2006=100,Daily
2013-08-20,93.5536,DTWEXBGS,Index Jan 2006=100,Daily
2013-08-21,94.0362,DTWEXBGS,Index Jan 2006=100,Daily
2013-08-22,94.2804,DTWEXBGS,Index Jan 2006=100,Daily
2013-08-23,93.9466,DTWEXBGS,Index Jan 2006=100,Daily
2013-08-26,94.1853,DTWEXBGS,Index Jan 2006=100,Daily
2013-08-27,94.3934,DTWEXBGS,Index Jan 2006=100,Daily
2013-08-28,94.4127,DTWEXBGS,Index Jan 2006=100,Daily
2013-08-29,94.6398,DTWEXBGS,Index Jan 2006=100,Daily
2013-08-30,94.7541,DTWEXBGS,Index Jan 2006=100,Daily
2013-09-02,,DTWEXBGS,Index Jan 2006=100,Daily
2013-09-03,94.9574,DTWEXBGS,Index Jan 2006=100,Daily
2013-09-04,94.5739,DTWEXBGS,Index Jan 2006=100,Daily
2013-09-05,94.8891,DTWEXBGS,Index Jan 2006=100,Daily
2013-09-06,94.2487,DTWEXBGS,Index Jan 2006=100,Daily
2013-09-09,94.0009,DTWEXBGS,Index Jan 2006=100,Daily
2013-09-10,93.938,DTWEXBGS,Index Jan 2006=100,Daily
2013-09-11,93.7112,DTWEXBGS,Index Jan 2006=100,Daily
2013-09-12,93.5903,DTWEXBGS,Index Jan 2006=100,Daily
2013-09-13,93.6666,DTWEXBGS,Index Jan 2006=100,Daily
2013-09-16,93.2875,DTWEXBGS,Index Jan 2006=100,Daily
2013-09-17,93.2231,DTWEXBGS,Index Jan 2006=100,Daily
2013-09-18,93.2569,DTWEXBGS,Index Jan 2006=100,Daily
2013-09-19,92.4082,DTWEXBGS,Index Jan 2006=100,Daily
2013-09-20,92.6049,DTWEXBGS,Index Jan 2006=100,Daily
2013-09-23,92.613,DTWEXBGS,Index Jan 2006=100,Daily
2013-09-24,92.7691,DTWEXBGS,Index Jan 2006=100,Daily
2013-09-25,92.7675,DTWEXBGS,Index Jan 2006=100,Daily
2013-09-26,93.0096,DTWEXBGS,Index Jan 2006=100,Daily
2013-09-27,92.9747,DTWEXBGS,Index Jan 2006=100,Daily
2013-09-30,92.9207,DTWEXBGS,Index Jan 2006=100,Daily
2013-10-01,92.9515,DTWEXBGS,Index Jan 2006=100,Daily
2013-10-02,92.772,DTWEXBGS,Index Jan 2006=100,Daily
2013-10-03,92.7461,DTWEXBGS,Index Jan 2006=100,Daily
2013-10-04,92.6469,DTWEXBGS,Index Jan 2006=100,Daily
2013-10-07,92.6725,DTWEXBGS,Index Jan 2006=100,Daily
2013-10-08,92.7558,DTWEXBGS,Index Jan 2006=100,Daily
2013-10-09,93.0829,DTWEXBGS,Index Jan 2006=100,Daily
2013-10-10,92.8579,DTWEXBGS,Index Jan 2006=100,Daily
2013-10-11,92.854,DTWEXBGS,Index Jan 2006=100,Daily
2013-10-14,,DTWEXBGS,Index Jan 2006=100,Daily
2013-10-15,92.7642,DTWEXBGS,Index Jan 2006=100,Daily
2013-10-16,92.6819,DTWEXBGS,Index Jan 2006=100,Daily
2013-10-17,92.0246,DTWEXBGS,Index Jan 2006=100,Daily
2013-10-18,91.9989,DTWEXBGS,Index Jan 2006=100,Daily
2013-10-21,92.2498,DTWEXBGS,Index Jan 2006=100,Daily
2013-10-22,91.9563,DTWEXBGS,Index Jan 2006=100,Daily
2013-10-23,92.0947,DTWEXBGS,Index Jan 2006=100,Daily
2013-10-24,92.1867,DTWEXBGS,Index Jan 2006=100,Daily
2013-10-25,92.1623,DTWEXBGS,Index Jan 2006=100,Daily
2013-10-28,92.1872,DTWEXBGS,Index Jan 2006=100,Daily
2013-10-29,92.301,DTWEXBGS,Index Jan 2006=100,Daily
2013-10-30,92.3057,DTWEXBGS,Index Jan 2006=100,Daily
2013-10-31,92.731,DTWEXBGS,Index Jan 2006=100,Daily
2013-11-01,93.155,DTWEXBGS,Index Jan 2006=100,Daily
2013-11-04,92.9359,DTWEXBGS,Index Jan 2006=100,Daily
2013-11-05,93.2112,DTWEXBGS,Index Jan 2006=100,Daily
2013-11-06,93.0943,DTWEXBGS,Index Jan 2006=100,Daily
2013-11-07,93.4003,DTWEXBGS,Index Jan 2006=100,Daily
2013-11-08,93.6619,DTWEXBGS,Index Jan 2006=100,Daily
2013-11-11,,DTWEXBGS,Index Jan 2006=100,Daily
2013-11-12,93.7651,DTWEXBGS,Index Jan 2006=100,Daily
2013-11-13,93.4848,DTWEXBGS,Index Jan 2006=100,Daily
2013-11-14,93.4328,DTWEXBGS,Index Jan 2006=100,Daily
2013-11-15,93.2854,DTWEXBGS,Index Jan 2006=100,Daily
2013-11-18,92.9824,DTWEXBGS,Index Jan 2006=100,Daily
2013-11-19,93.0649,DTWEXBGS,Index Jan 2006=100,Daily
2013-11-20,93.2501,DTWEXBGS,Index Jan 2006=100,Daily
2013-11-21,93.5638,DTWEXBGS,Index Jan 2006=100,Daily
2013-11-22,93.4198,DTWEXBGS,Index Jan 2006=100,Daily
2013-11-25,93.5539,DTWEXBGS,Index Jan 2006=100,Daily
2013-11-26,93.5226,DTWEXBGS,Index Jan 2006=100,Daily
2013-11-27,93.6864,DTWEXBGS,Index Jan 2006=100,Daily
2013-11-28,,DTWEXBGS,Index Jan 2006=100,Daily
2013-11-29,93.6291,DTWEXBGS,Index Jan 2006=100,Daily
2013-12-02,93.8856,DTWEXBGS,Index Jan 2006=100,Daily
2013-12-03,93.8251,DTWEXBGS,Index Jan 2006=100,Daily
2013-12-04,93.8997,DTWEXBGS,Index Jan 2006=100,Daily
2013-12-05,93.4954,DTWEXBGS,Index Jan 2006=100,Daily
2013-12-06,93.4045,DTWEXBGS,Index Jan 2006=100,Daily
2013-12-09,93.1444,DTWEXBGS,Index Jan 2006=100,Daily
2013-12-10,,DTWEXBGS,Index Jan 2006=100,Daily
2013-12-11,93.0842,DTWEXBGS,Index Jan 2006=100,Daily
2013-12-12,93.4292,DTWEXBGS,Index Jan 2006=100,Daily
2013-12-13,93.3568,DTWEXBGS,Index Jan 2006=100,Daily
2013-12-16,93.2175,DTWEXBGS,Index Jan 2006=100,Daily
2013-12-17,93.302,DTWEXBGS,Index Jan 2006=100,Daily
2013-12-18,93.4207,DTWEXBGS,Index Jan 2006=100,Daily
2013-12-19,93.7368,DTWEXBGS,Index Jan 2006=100,Daily
2013-12-20,93.7211,DTWEXBGS,Index Jan 2006=100,Daily
2013-12-23,93.572,DTWEXBGS,Index Jan 2006=100,Daily
2013-12-24,93.6734,DTWEXBGS,Index Jan 2006=100,Daily
2013-12-25,,DTWEXBGS,Index Jan 2006=100,Daily
2013-12-26,93.766,DTWEXBGS,Index Jan 2006=100,Daily
2013-12-27,93.7018,DTWEXBGS,Index Jan 2006=100,Daily
2013-12-30,93.4866,DTWEXBGS,Index Jan 2006=100,Daily
2013-12-31,93.5576,DTWEXBGS,Index Jan 2006=100,Daily
2014-01-01,,DTWEXBGS,Index Jan 2006=100,Daily
2014-01-02,93.8192,DTWEXBGS,Index Jan 2006=100,Daily
2014-01-03,93.853,DTWEXBGS,Index Jan 2006=100,Daily
2014-01-06,93.9109,DTWEXBGS,Index Jan 2006=100,Daily
2014-01-07,94.0398,DTWEXBGS,Index Jan 2006=100,Daily
2014-01-08,94.2181,DTWEXBGS,Index Jan 2006=100,Daily
2014-01-09,94.3299,DTWEXBGS,Index Jan 2006=100,Daily
2014-01-10,94.0045,DTWEXBGS,Index Jan 2006=100,Daily
2014-01-13,93.899,DTWEXBGS,Index Jan 2006=100,Daily
2014-01-14,94.0303,DTWEXBGS,Index Jan 2006=100,Daily
2014-01-15,94.341,DTWEXBGS,Index Jan 2006=100,Daily
2014-01-16,94.5507,DTWEXBGS,Index Jan 2006=100,Daily
2014-01-17,94.5846,DTWEXBGS,Index Jan 2006=100,Daily
2014-01-20,,DTWEXBGS,Index Jan 2006=100,Daily
2014-01-21,94.679,DTWEXBGS,Index Jan 2006=100,Daily
2014-01-22,94.8479,DTWEXBGS,Index Jan 2006=100,Daily
2014-01-23,94.8415,DTWEXBGS,Index Jan 2006=100,Daily
2014-01-24,94.8555,DTWEXBGS,Index Jan 2006=100,Daily
2014-01-27,94.9059,DTWEXBGS,Index Jan 2006=100,Daily
2014-01-28,94.88,DTWEXBGS,Index Jan 2006=100,Daily
2014-01-29,94.8621,DTWEXBGS,Index Jan 2006=100,Daily
2014-01-30,95.1294,DTWEXBGS,Index Jan 2006=100,Daily
2014-01-31,95.1774,DTWEXBGS,Index Jan 2006=100,Daily
2014-02-03,95.2469,DTWEXBGS,Index Jan 2006=100,Daily
2014-02-04,95.0438,DTWEXBGS,Index Jan 2006=100,Daily
2014-02-05,95.0285,DTWEXBGS,Index Jan 2006=100,Daily
2014-02-06,94.7177,DTWEXBGS,Index Jan 2006=100,Daily
2014-02-07,94.7457,DTWEXBGS,Index Jan 2006=100,Daily
2014-02-10,94.7189,DTWEXBGS,Index Jan 2006=100,Daily
2014-02-11,94.6377,DTWEXBGS,Index Jan 2006=100,Daily
2014-02-12,94.6209,DTWEXBGS,Index Jan 2006=100,Daily
2014-02-13,,DTWEXBGS,Index Jan 2006=100,Daily
2014-02-14,94.2711,DTWEXBGS,Index Jan 2006=100,Daily
2014-02-17,,DTWEXBGS,Index Jan 2006=100,Daily
2014-02-18,94.1934,DTWEXBGS,Index Jan 2006=100,Daily
2014-02-19,94.38,DTWEXBGS,Index Jan 2006=100,Daily
2014-02-20,94.6571,DTWEXBGS,Index Jan 2006=100,Daily
2014-02-21,,DTWEXBGS,Index Jan 2006=100,Daily
2014-02-24,94.4042,DTWEXBGS,Index Jan 2006=100,Daily
2014-02-25,94.4735,DTWEXBGS,Index Jan 2006=100,Daily
2014-02-26,94.7754,DTWEXBGS,Index Jan 2006=100,Daily
2014-02-27,94.6722,DTWEXBGS,Index Jan 2006=100,Daily
2014-02-28,94.3879,DTWEXBGS,Index Jan 2006=100,Daily
2014-03-03,,DTWEXBGS,Index Jan 2006=100,Daily
2014-03-04,94.6568,DTWEXBGS,Index Jan 2006=100,Daily
2014-03-05,94.4679,DTWEXBGS,Index Jan 2006=100,Daily
2014-03-06,93.9858,DTWEXBGS,Index Jan 2006=100,Daily
2014-03-07,94.2532,DTWEXBGS,Index Jan 2006=100,Daily
2014-03-10,94.3731,DTWEXBGS,Index Jan 2006=100,Daily
2014-03-11,94.387,DTWEXBGS,Index Jan 2006=100,Daily
2014-03-12,94.462,DTWEXBGS,Index Jan 2006=100,Daily
2014-03-13,94.1872,DTWEXBGS,Index Jan 2006=100,Daily
2014-03-14,94.243,DTWEXBGS,Index Jan 2006=100,Daily
2014-03-17,,DTWEXBGS,Index Jan 2006=100,Daily
2014-03-18,94.2631,DTWEXBGS,Index Jan 2006=100,Daily
2014-03-19,94.3752,DTWEXBGS,Index Jan 2006=100,Daily
2014-03-20,94.9986,DTWEXBGS,Index Jan 2006=100,Daily
2014-03-21,94.8547,DTWEXBGS,Index Jan 2006=100,Daily
2014-03-24,94.759,DTWEXBGS,Index Jan 2006=100,Daily
2014-03-25,94.6379,DTWEXBGS,Index Jan 2006=100,Daily
2014-03-26,94.5281,DTWEXBGS,Index Jan 2006=100,Daily
2014-03-27,94.3315,DTWEXBGS,Index Jan 2006=100,Daily
2014-03-28,94.3683,DTWEXBGS,Index Jan 2006=100,Daily
2014-03-31,94.2432,DTWEXBGS,Index Jan 2006=100,Daily
2014-04-01,94.1244,DTWEXBGS,Index Jan 2006=100,Daily
2014-04-02,94.3103,DTWEXBGS,Index Jan 2006=100,Daily
2014-04-03,94.512,DTWEXBGS,Index Jan 2006=100,Daily
2014-04-04,94.2191,DTWEXBGS,Index Jan 2006=100,Daily
2014-04-07,94.0881,DTWEXBGS,Index Jan 2006=100,Daily
2014-04-08,93.6579,DTWEXBGS,Index Jan 2006=100,Daily
2014-04-09,93.6716,DTWEXBGS,Index Jan 2006=100,Daily
2014-04-10,93.5123,DTWEXBGS,Index Jan 2006=100,Daily
2014-04-11,93.6395,DTWEXBGS,Index Jan 2006=100,Daily
2014-04-14,93.8046,DTWEXBGS,Index Jan 2006=100,Daily
2014-04-15,93.9486,DTWEXBGS,Index Jan 2006=100,Daily
2014-04-16,93.9461,DTWEXBGS,Index Jan 2006=100,Daily
2014-04-17,93.8936,DTWEXBGS,Index Jan 2006=100,Daily
2014-04-18,93.9629,DTWEXBGS,Index Jan 2006=100,Daily
2014-04-21,94.0337,DTWEXBGS,Index Jan 2006=100,Daily
2014-04-22,94.0802,DTWEXBGS,Index Jan 2006=100,Daily
2014-04-23,94.149,DTWEXBGS,Index Jan 2006=100,Daily
2014-04-24,94.1294,DTWEXBGS,Index Jan 2006=100,Daily
2014-04-25,94.1623,DTWEXBGS,Index Jan 2006=100,Daily
2014-04-28,94.1374,DTWEXBGS,Index Jan 2006=100,Daily
2014-04-29,94.0295,DTWEXBGS,Index Jan 2006=100,Daily
2014-04-30,93.8896,DTWEXBGS,Index Jan 2006=100,Daily
2014-05-01,93.8707,DTWEXBGS,Index Jan 2006=100,Daily
2014-05-02,93.8182,DTWEXBGS,Index Jan 2006=100,Daily
2014-05-05,93.7334,DTWEXBGS,Index Jan 2006=100,Daily
2014-05-06,93.4324,DTWEXBGS,Index Jan 2006=100,Daily
2014-05-07,93.4337,DTWEXBGS,Index Jan 2006=100,Daily
2014-05-08,93.3686,DTWEXBGS,Index Jan 2006=100,Daily
2014-05-09,93.6614,DTWEXBGS,Index Jan 2006=100,Daily
2014-05-12,93.6537,DTWEXBGS,Index Jan 2006=100,Daily
2014-05-13,93.6755,DTWEXBGS,Index Jan 2006=100,Daily
2014-05-14,93.5968,DTWEXBGS,Index Jan 2006=100,Daily
2014-05-15,93.7065,DTWEXBGS,Index Jan 2006=100,Daily
2014-05-16,93.6073,DTWEXBGS,Index Jan 2006=100,Daily
2014-05-19,93.502,DTWEXBGS,Index Jan 2006=100,Daily
2014-05-20,93.6699,DTWEXBGS,Index Jan 2006=100,Daily
2014-05-21,93.7629,DTWEXBGS,Index Jan 2006=100,Daily
2014-05-22,93.6944,DTWEXBGS,Index Jan 2006=100,Daily
2014-05-23,93.7042,DTWEXBGS,Index Jan 2006=100,Daily
2014-05-26,,DTWEXBGS,Index Jan 2006=100,Daily
2014-05-27,93.8418,DTWEXBGS,Index Jan 2006=100,Daily
2014-05-28,93.8793,DTWEXBGS,Index Jan 2006=100,Daily
2014-05-29,93.6973,DTWEXBGS,Index Jan 2006=100,Daily
2014-05-30,93.7606,DTWEXBGS,Index Jan 2006=100,Daily
2014-06-02,94.0006,DTWEXBGS,Index Jan 2006=100,Daily
2014-06-03,94.0536,DTWEXBGS,Index Jan 2006=100,Daily
2014-06-04,94.1239,DTWEXBGS,Index Jan 2006=100,Daily
2014-06-05,93.9732,DTWEXBGS,Index Jan 2006=100,Daily
2014-06-06,93.9069,DTWEXBGS,Index Jan 2006=100,Daily
2014-06-09,93.9628,DTWEXBGS,Index Jan 2006=100,Daily
2014-06-10,94.0638,DTWEXBGS,Index Jan 2006=100,Daily
2014-06-11,93.9744,DTWEXBGS,Index Jan 2006=100,Daily
2014-06-12,93.8155,DTWEXBGS,Index Jan 2006=100,Daily
2014-06-13,93.9168,DTWEXBGS,Index Jan 2006=100,Daily
2014-06-16,93.8639,DTWEXBGS,Index Jan 2006=100,Daily
2014-06-17,94.0829,DTWEXBGS,Index Jan 2006=100,Daily
2014-06-18,94.0525,DTWEXBGS,Index Jan 2006=100,Daily
2014-06-19,93.752,DTWEXBGS,Index Jan 2006=100,Daily
2014-06-20,93.7591,DTWEXBGS,Index Jan 2006=100,Daily
2014-06-23,93.628,DTWEXBGS,Index Jan 2006=100,Daily
2014-06-24,93.7093,DTWEXBGS,Index Jan 2006=100,Daily
2014-06-25,93.5851,DTWEXBGS,Index Jan 2006=100,Daily
2014-06-26,93.5471,DTWEXBGS,Index Jan 2006=100,Daily
2014-06-27,93.3983,DTWEXBGS,Index Jan 2006=100,Daily
2014-06-30,93.2058,DTWEXBGS,Index Jan 2006=100,Daily
2014-07-01,93.1365,DTWEXBGS,Index Jan 2006=100,Daily
2014-07-02,93.2478,DTWEXBGS,Index Jan 2006=100,Daily
2014-07-03,93.3149,DTWEXBGS,Index Jan 2006=100,Daily
2014-07-04,,DTWEXBGS,Index Jan 2006=100,Daily
2014-07-07,93.3803,DTWEXBGS,Index Jan 2006=100,Daily
2014-07-08,93.323,DTWEXBGS,Index Jan 2006=100,Daily
2014-07-09,93.228,DTWEXBGS,Index Jan 2006=100,Daily
2014-07-10,93.3152,DTWEXBGS,Index Jan 2006=100,Daily
2014-07-11,93.4171,DTWEXBGS,Index Jan 2006=100,Daily
2014-07-14,93.4101,DTWEXBGS,Index Jan 2006=100,Daily
2014-07-15,93.5796,DTWEXBGS,Index Jan 2006=100,Daily
2014-07-16,93.5991,DTWEXBGS,Index Jan 2006=100,Daily
2014-07-17,93.6586,DTWEXBGS,Index Jan 2006=100,Daily
2014-07-18,93.6608,DTWEXBGS,Index Jan 2006=100,Daily
2014-07-21,93.6069,DTWEXBGS,Index Jan 2006=100,Daily
2014-07-22,93.6306,DTWEXBGS,Index Jan 2006=100,Daily
2014-07-23,93.5951,DTWEXBGS,Index Jan 2006=100,Daily
2014-07-24,93.6836,DTWEXBGS,Index Jan 2006=100,Daily
2014-07-25,93.8294,DTWEXBGS,Index Jan 2006=100,Daily
2014-07-28,93.83,DTWEXBGS,Index Jan 2006=100,Daily
2014-07-29,94.0443,DTWEXBGS,Index Jan 2006=100,Daily
2014-07-30,94.3473,DTWEXBGS,Index Jan 2006=100,Daily
2014-07-31,94.4467,DTWEXBGS,Index Jan 2006=100,Daily
2014-08-01,94.4754,DTWEXBGS,Index Jan 2006=100,Daily
2014-08-04,94.448,DTWEXBGS,Index Jan 2006=100,Daily
2014-08-05,94.6754,DTWEXBGS,Index Jan 2006=100,Daily
2014-08-06,94.6092,DTWEXBGS,Index Jan 2006=100,Daily
2014-08-07,94.6364,DTWEXBGS,Index Jan 2006=100,Daily
2014-08-08,94.6027,DTWEXBGS,Index Jan 2006=100,Daily
2014-08-11,94.4767,DTWEXBGS,Index Jan 2006=100,Daily
2014-08-12,94.5211,DTWEXBGS,Index Jan 2006=100,Daily
2014-08-13,94.4681,DTWEXBGS,Index Jan 2006=100,Daily
2014-08-14,94.3508,DTWEXBGS,Index Jan 2006=100,Daily
2014-08-15,94.2941,DTWEXBGS,Index Jan 2006=100,Daily
2014-08-18,94.2519,DTWEXBGS,Index Jan 2006=100,Daily
2014-08-19,94.4356,DTWEXBGS,Index Jan 2006=100,Daily
2014-08-20,94.5937,DTWEXBGS,Index Jan 2006=100,Daily
2014-08-21,94.673,DTWEXBGS,Index Jan 2006=100,Daily
2014-08-22,94.8012,DTWEXBGS,Index Jan 2006=100,Daily
2014-08-25,94.9159,DTWEXBGS,Index Jan 2006=100,Daily
2014-08-26,94.8617,DTWEXBGS,Index Jan 2006=100,Daily
2014-08-27,94.6863,DTWEXBGS,Index Jan 2006=100,Daily
2014-08-28,94.6947,DTWEXBGS,Index Jan 2006=100,Daily
2014-08-29,94.7251,DTWEXBGS,Index Jan 2006=100,Daily
2014-09-01,,DTWEXBGS,Index Jan 2006=100,Daily
2014-09-02,95.063,DTWEXBGS,Index Jan 2006=100,Daily
2014-09-03,94.8709,DTWEXBGS,Index Jan 2006=100,Daily
2014-09-04,95.2641,DTWEXBGS,Index Jan 2006=100,Daily
2014-09-05,95.2203,DTWEXBGS,Index Jan 2006=100,Daily
2014-09-08,95.4167,DTWEXBGS,Index Jan 2006=100,Daily
2014-09-09,95.8811,DTWEXBGS,Index Jan 2006=100,Daily
2014-09-10,95.8641,DTWEXBGS,Index Jan 2006=100,Daily
2014-09-11,95.9184,DTWEXBGS,Index Jan 2006=100,Daily
2014-09-12,96.0748,DTWEXBGS,Index Jan 2006=100,Daily
2014-09-15,96.1195,DTWEXBGS,Index Jan 2006=100,Daily
2014-09-16,95.8483,DTWEXBGS,Index Jan 2006=100,Daily
2014-09-17,95.9106,DTWEXBGS,Index Jan 2006=100,Daily
2014-09-18,96.1284,DTWEXBGS,Index Jan 2006=100,Daily
2014-09-19,96.3417,DTWEXBGS,Index Jan 2006=100,Daily
2014-09-22,96.4625,DTWEXBGS,Index Jan 2006=100,Daily
2014-09-23,96.5112,DTWEXBGS,Index Jan 2006=100,Daily
2014-09-24,96.6574,DTWEXBGS,Index Jan 2006=100,Daily
2014-09-25,96.8988,DTWEXBGS,Index Jan 2006=100,Daily
2014-09-26,97.208,DTWEXBGS,Index Jan 2006=100,Daily
2014-09-29,97.3523,DTWEXBGS,Index Jan 2006=100,Daily
2014-09-30,97.5261,DTWEXBGS,Index Jan 2006=100,Daily
2014-10-01,97.5387,DTWEXBGS,Index Jan 2006=100,Daily
2014-10-02,97.3062,DTWEXBGS,Index Jan 2006=100,Daily
2014-10-03,97.9846,DTWEXBGS,Index Jan 2006=100,Daily
2014-10-06,97.5513,DTWEXBGS,Index Jan 2006=100,Daily
2014-10-07,97.4459,DTWEXBGS,Index Jan 2006=100,Daily
2014-10-08,97.4945,DTWEXBGS,Index Jan 2006=100,Daily
2014-10-09,97.1711,DTWEXBGS,Index Jan 2006=100,Daily
2014-10-10,97.4144,DTWEXBGS,Index Jan 2006=100,Daily
2014-10-13,,DTWEXBGS,Index Jan 2006=100,Daily
2014-10-14,97.3943,DTWEXBGS,Index Jan 2006=100,Daily
2014-10-15,97.3532,DTWEXBGS,Index Jan 2006=100,Daily
2014-10-16,97.2869,DTWEXBGS,Index Jan 2006=100,Daily
2014-10-17,97.3067,DTWEXBGS,Index Jan 2006=100,Daily
2014-10-20,97.2874,DTWEXBGS,Index Jan 2006=100,Daily
2014-10-21,97.2488,DTWEXBGS,Index Jan 2006=100,Daily
2014-10-22,97.459,DTWEXBGS,Index Jan 2006=100,Daily
2014-10-23,97.6047,DTWEXBGS,Index Jan 2006=100,Daily
2014-10-24,97.4772,DTWEXBGS,Index Jan 2006=100,Daily
2014-10-27,97.5423,DTWEXBGS,Index Jan 2006=100,Daily
2014-10-28,97.2173,DTWEXBGS,Index Jan 2006=100,Daily
2014-10-29,97.0145,DTWEXBGS,Index Jan 2006=100,Daily
2014-10-30,97.456,DTWEXBGS,Index Jan 2006=100,Daily
2014-10-31,98.1163,DTWEXBGS,Index Jan 2006=100,Daily
2014-11-03,98.5336,DTWEXBGS,Index Jan 2006=100,Daily
2014-11-04,98.5576,DTWEXBGS,Index Jan 2006=100,Daily
2014-11-05,98.8086,DTWEXBGS,Index Jan 2006=100,Daily
2014-11-06,99.1325,DTWEXBGS,Index Jan 2006=100,Daily
2014-11-07,99.0236,DTWEXBGS,Index Jan 2006=100,Daily
2014-11-10,98.9305,DTWEXBGS,Index Jan 2006=100,Daily
2014-11-11,,DTWEXBGS,Index Jan 2006=100,Daily
2014-11-12,98.8897,DTWEXBGS,Index Jan 2006=100,Daily
2014-11-13,99.1045,DTWEXBGS,Index Jan 2006=100,Daily
2014-11-14,99.0917,DTWEXBGS,Index Jan 2006=100,Daily
2014-11-17,99.2188,DTWEXBGS,Index Jan 2006=100,Daily
2014-11-18,99.0185,DTWEXBGS,Index Jan 2006=100,Daily
2014-11-19,99.2424,DTWEXBGS,Index Jan 2006=100,Daily
2014-11-20,99.2554,DTWEXBGS,Index Jan 2006=100,Daily
2014-11-21,99.2894,DTWEXBGS,Index Jan 2006=100,Daily
2014-11-24,99.4227,DTWEXBGS,Index Jan 2006=100,Daily
2014-11-25,99.2837,DTWEXBGS,Index Jan 2006=100,Daily
2014-11-26,99.1893,DTWEXBGS,Index Jan 2006=100,Daily
2014-11-27,,DTWEXBGS,Index Jan 2006=100,Daily
2014-11-28,100.0719,DTWEXBGS,Index Jan 2006=100,Daily
2014-12-01,99.8964,DTWEXBGS,Index Jan 2006=100,Daily
2014-12-02,100.4478,DTWEXBGS,Index Jan 2006=100,Daily
2014-12-03,100.5696,DTWEXBGS,Index Jan 2006=100,Daily
2014-12-04,100.3931,DTWEXBGS,Index Jan 2006=100,Daily
2014-12-05,101.0989,DTWEXBGS,Index Jan 2006=100,Daily
2014-12-08,101.31,DTWEXBGS,Index Jan 2006=100,Daily
2014-12-09,100.8095,DTWEXBGS,Index Jan 2006=100,Daily
2014-12-10,101.0212,DTWEXBGS,Index Jan 2006=100,Daily
2014-12-11,101.4448,DTWEXBGS,Index Jan 2006=100,Daily
2014-12-12,101.3735,DTWEXBGS,Index Jan 2006=100,Daily
2014-12-15,101.674,DTWEXBGS,Index Jan 2006=100,Daily
2014-12-16,101.526,DTWEXBGS,Index Jan 2006=100,Daily
2014-12-17,101.5527,DTWEXBGS,Index Jan 2006=100,Daily
2014-12-18,101.7531,DTWEXBGS,Index Jan 2006=100,Daily
2014-12-19,102.0483,DTWEXBGS,Index Jan 2006=100,Daily
2014-12-22,101.9942,DTWEXBGS,Index Jan 2006=100,Daily
2014-12-23,102.348,DTWEXBGS,Index Jan 2006=100,Daily
2014-12-24,102.3028,DTWEXBGS,Index Jan 2006=100,Daily
2014-12-25,,DTWEXBGS,Index Jan 2006=100,Daily
2014-12-26,,DTWEXBGS,Index Jan 2006=100,Daily
2014-12-29,102.3767,DTWEXBGS,Index Jan 2006=100,Daily
2014-12-30,102.1019,DTWEXBGS,Index Jan 2006=100,Daily
2014-12-31,102.2843,DTWEXBGS,Index Jan 2006=100,Daily
2015-01-01,,DTWEXBGS,Index Jan 2006=100,Daily
2015-01-02,102.9027,DTWEXBGS,Index Jan 2006=100,Daily
2015-01-05,103.4976,DTWEXBGS,Index Jan 2006=100,Daily
2015-01-06,103.2938,DTWEXBGS,Index Jan 2006=100,Daily
2015-01-07,103.6316,DTWEXBGS,Index Jan 2006=100,Daily
2015-01-08,103.2799,DTWEXBGS,Index Jan 2006=100,Daily
2015-01-09,103.1213,DTWEXBGS,Index Jan 2006=100,Daily
2015-01-12,103.2372,DTWEXBGS,Index Jan 2006=100,Daily
2015-01-13,103.27,DTWEXBGS,Index Jan 2006=100,Daily
2015-01-14,103.0903,DTWEXBGS,Index Jan 2006=100,Daily
2015-01-15,103.0829,DTWEXBGS,Index Jan 2006=100,Daily
2015-01-16,103.2189,DTWEXBGS,Index Jan 2006=100,Daily
2015-01-19,,DTWEXBGS,Index Jan 2006=100,Daily
2015-01-20,103.5233,DTWEXBGS,Index Jan 2006=100,Daily
2015-01-21,103.7858,DTWEXBGS,Index Jan 2006=100,Daily
2015-01-22,103.9271,DTWEXBGS,Index Jan 2006=100,Daily
2015-01-23,104.3676,DTWEXBGS,Index Jan 2006=100,Daily
2015-01-26,104.4818,DTWEXBGS,Index Jan 2006=100,Daily
2015-01-27,104.1646,DTWEXBGS,Index Jan 2006=100,Daily
2015-01-28,104.4737,DTWEXBGS,Index Jan 2006=100,Daily
2015-01-29,105.2763,DTWEXBGS,Index Jan 2006=100,Daily
2015-01-30,105.5884,DTWEXBGS,Index Jan 2006=100,Daily
2015-02-02,105.2058,DTWEXBGS,Index Jan 2006=100,Daily
2015-02-03,104.6063,DTWEXBGS,Index Jan 2006=100,Daily
2015-02-04,104.785,DTWEXBGS,Index Jan 2006=100,Daily
2015-02-05,104.4915,DTWEXBGS,Index Jan 2006=100,Daily
2015-02-06,105.1283,DTWEXBGS,Index Jan 2006=100,Daily
2015-02-09,104.9889,DTWEXBGS,Index Jan 2006=100,Daily
2015-02-10,105.2897,DTWEXBGS,Index Jan 2006=100,Daily
2015-02-11,105.7901,DTWEXBGS,Index Jan 2006=100,Daily
2015-02-12,104.9385,DTWEXBGS,Index Jan 2006=100,Daily
2015-02-13,104.8452,DTWEXBGS,Index Jan 2006=100,Daily
2015-02-16,,DTWEXBGS,Index Jan 2006=100,Daily
2015-02-17,,DTWEXBGS,Index Jan 2006=100,Daily
2015-02-18,105.2514,DTWEXBGS,Index Jan 2006=100,Daily
2015-02-19,105.1407,DTWEXBGS,Index Jan 2006=100,Daily
2015-02-20,105.3387,DTWEXBGS,Index Jan 2006=100,Daily
2015-02-23,105.5359,DTWEXBGS,Index Jan 2006=100,Daily
2015-02-24,105.5472,DTWEXBGS,Index Jan 2006=100,Daily
2015-02-25,105.0503,DTWEXBGS,Index Jan 2006=100,Daily
2015-02-26,105.5021,DTWEXBGS,Index Jan 2006=100,Daily
2015-02-27,105.5981,DTWEXBGS,Index Jan 2006=100,Daily
2015-03-02,105.8151,DTWEXBGS,Index Jan 2006=100,Daily
2015-03-03,105.5562,DTWEXBGS,Index Jan 2006=100,Daily
2015-03-04,106.1333,DTWEXBGS,Index Jan 2006=100,Daily
2015-03-05,,DTWEXBGS,Index Jan 2006=100,Daily
2015-03-06,107.4337,DTWEXBGS,Index Jan 2006=100,Daily
2015-03-09,107.5199,DTWEXBGS,Index Jan 2006=100,Daily
2015-03-10,108.1165,DTWEXBGS,Index Jan 2006=100,Daily
2015-03-11,108.5235,DTWEXBGS,Index Jan 2006=100,Daily
2015-03-12,108.1741,DTWEXBGS,Index Jan 2006=100,Daily
2015-03-13,108.9174,DTWEXBGS,Index Jan 2006=100,Daily
2015-03-16,108.6422,DTWEXBGS,Index Jan 2006=100,Daily
2015-03-17,108.5805,DTWEXBGS,Index Jan 2006=100,Daily
2015-03-18,108.408,DTWEXBGS,Index Jan 2006=100,Daily
2015-03-19,108.1826,DTWEXBGS,Index Jan 2006=100,Daily
2015-03-20,107.1671,DTWEXBGS,Index Jan 2006=100,Daily
2015-03-23,106.5022,DTWEXBGS,Index Jan 2006=100,Daily
2015-03-24,106.4401,DTWEXBGS,Index Jan 2006=100,Daily
2015-03-25,106.2636,DTWEXBGS,Index Jan 2006=100,Daily
2015-03-26,106.5582,DTWEXBGS,Index Jan 2006=100,Daily
2015-03-27,106.8916,DTWEXBGS,Index Jan 2006=100,Daily
2015-03-30,107.3941,DTWEXBGS,Index Jan 2006=100,Daily
2015-03-31,107.4396,DTWEXBGS,Index Jan 2006=100,Daily
2015-04-01,107.06,DTWEXBGS,Index Jan 2006=100,Daily
2015-04-02,106.6738,DTWEXBGS,Index Jan 2006=100,Daily
2015-04-03,105.8861,DTWEXBGS,Index Jan 2006=100,Daily
2015-04-06,105.7876,DTWEXBGS,Index Jan 2006=100,Daily
2015-04-07,106.4488,DTWEXBGS,Index Jan 2006=100,Daily
2015-04-08,106.4231,DTWEXBGS,Index Jan 2006=100,Daily
2015-04-09,107.0335,DTWEXBGS,Index Jan 2006=100,Daily
2015-04-10,107.4526,DTWEXBGS,Index Jan 2006=100,Daily
2015-04-13,107.7508,DTWEXBGS,Index Jan 2006=100,Daily
2015-04-14,107.0547,DTWEXBGS,Index Jan 2006=100,Daily
2015-04-15,107.1855,DTWEXBGS,Index Jan 2006=100,Daily
2015-04-16,106.2761,DTWEXBGS,Index Jan 2006=100,Daily
2015-04-17,106.329,DTWEXBGS,Index Jan 2006=100,Daily
2015-04-20,106.4902,DTWEXBGS,Index Jan 2006=100,Daily
2015-04-21,106.5582,DTWEXBGS,Index Jan 2006=100,Daily
2015-04-22,106.5815,DTWEXBGS,Index Jan 2006=100,Daily
2015-04-23,106.1658,DTWEXBGS,Index Jan 2006=100,Daily
2015-04-24,105.905,DTWEXBGS,Index Jan 2006=100,Daily
2015-04-27,105.6891,DTWEXBGS,Index Jan 2006=100,Daily
2015-04-28,105.1234,DTWEXBGS,Index Jan 2006=100,Daily
2015-04-29,104.5634,DTWEXBGS,Index Jan 2006=100,Daily
2015-04-30,105.312,DTWEXBGS,Index Jan 2006=100,Daily
2015-05-01,105.6382,DTWEXBGS,Index Jan 2006=100,Daily
2015-05-04,105.6679,DTWEXBGS,Index Jan 2006=100,Daily
2015-05-05,105.2396,DTWEXBGS,Index Jan 2006=100,Daily
2015-05-06,104.6935,DTWEXBGS,Index Jan 2006=100,Daily
2015-05-07,105.1941,DTWEXBGS,Index Jan 2006=100,Daily
2015-05-08,104.8424,DTWEXBGS,Index Jan 2006=100,Daily
2015-05-11,105.3075,DTWEXBGS,Index Jan 2006=100,Daily
2015-05-12,104.8924,DTWEXBGS,Index Jan 2006=100,Daily
2015-05-13,104.3608,DTWEXBGS,Index Jan 2006=100,Daily
2015-05-14,104.2359,DTWEXBGS,Index Jan 2006=100,Daily
2015-05-15,104.0202,DTWEXBGS,Index Jan 2006=100,Daily
2015-05-18,104.6068,DTWEXBGS,Index Jan 2006=100,Daily
2015-05-19,105.3448,DTWEXBGS,Index Jan 2006=100,Daily
2015-05-20,105.5605,DTWEXBGS,Index Jan 2006=100,Daily
2015-05-21,105.3808,DTWEXBGS,Index Jan 2006=100,Daily
2015-05-22,105.8487,DTWEXBGS,Index Jan 2006=100,Daily
2015-05-25,,DTWEXBGS,Index Jan 2006=100,Daily
2015-05-26,106.7294,DTWEXBGS,Index Jan 2006=100,Daily
2015-05-27,106.908,DTWEXBGS,Index Jan 2006=100,Daily
2015-05-28,106.92,DTWEXBGS,Index Jan 2006=100,Daily
2015-05-29,106.7388,DTWEXBGS,Index Jan 2006=100,Daily
2015-06-01,107.2238,DTWEXBGS,Index Jan 2006=100,Daily
2015-06-02,106.4507,DTWEXBGS,Index Jan 2006=100,Daily
2015-06-03,106.1443,DTWEXBGS,Index Jan 2006=100,Daily
2015-06-04,106.4725,DTWEXBGS,Index Jan 2006=100,Daily
2015-06-05,107.1336,DTWEXBGS,Index Jan 2006=100,Daily
2015-06-08,106.7693,DTWEXBGS,Index Jan 2006=100,Daily
2015-06-09,106.2238,DTWEXBGS,Index Jan 2006=100,Daily
2015-06-10,105.8037,DTWEXBGS,Index Jan 2006=100,Daily
2015-06-11,106.0934,DTWEXBGS,Index Jan 2006=100,Daily
2015-06-12,105.9015,DTWEXBGS,Index Jan 2006=100,Daily
2015-06-15,105.9989,DTWEXBGS,Index Jan 2006=100,Daily
2015-06-16,106.0473,DTWEXBGS,Index Jan 2006=100,Daily
2015-06-17,106.058,DTWEXBGS,Index Jan 2006=100,Daily
2015-06-18,105.102,DTWEXBGS,Index Jan 2006=100,Daily
2015-06-19,105.4496,DTWEXBGS,Index Jan 2006=100,Daily
2015-06-22,105.3846,DTWEXBGS,Index Jan 2006=100,Daily
2015-06-23,105.9678,DTWEXBGS,Index Jan 2006=100,Daily
2015-06-24,106.2522,DTWEXBGS,Index Jan 2006=100,Daily
2015-06-25,106.1515,DTWEXBGS,Index Jan 2006=100,Daily
2015-06-26,106.4116,DTWEXBGS,Index Jan 2006=100,Daily
2015-06-29,106.3785,DTWEXBGS,Index Jan 2006=100,Daily
2015-06-30,106.5191,DTWEXBGS,Index Jan 2006=100,Daily
2015-07-01,107.0101,DTWEXBGS,Index Jan 2006=100,Daily
2015-07-02,106.9106,DTWEXBGS,Index Jan 2006=100,Daily
2015-07-03,,DTWEXBGS,Index Jan 2006=100,Daily
2015-07-06,107.1343,DTWEXBGS,Index Jan 2006=100,Daily
2015-07-07,107.785,DTWEXBGS,Index Jan 2006=100,Daily
2015-07-08,107.4734,DTWEXBGS,Index Jan 2006=100,Daily
2015-07-09,107.5595,DTWEXBGS,Index Jan 2006=100,Daily
2015-07-10,107.213,DTWEXBGS,Index Jan 2006=100,Daily
2015-07-13,107.5849,DTWEXBGS,Index Jan 2006=100,Daily
2015-07-14,107.4843,DTWEXBGS,Index Jan 2006=100,Daily
2015-07-15,108.0149,DTWEXBGS,Index Jan 2006=100,Daily
2015-07-16,108.1726,DTWEXBGS,Index Jan 2006=100,Daily
2015-07-17,108.5374,DTWEXBGS,Index Jan 2006=100,Daily
2015-07-20,108.6944,DTWEXBGS,Index Jan 2006=100,Daily
2015-07-21,108.3893,DTWEXBGS,Index Jan 2006=100,Daily
2015-07-22,108.7817,DTWEXBGS,Index Jan 2006=100,Daily
2015-07-23,108.7565,DTWEXBGS,Index Jan 2006=100,Daily
2015-07-24,109.0174,DTWEXBGS,Index Jan 2006=100,Daily
2015-07-27,108.6924,DTWEXBGS,Index Jan 2006=100,Daily
2015-07-28,108.6881,DTWEXBGS,Index Jan 2006=100,Daily
2015-07-29,108.604,DTWEXBGS,Index Jan 2006=100,Daily
2015-07-30,109.4328,DTWEXBGS,Index Jan 2006=100,Daily
2015-07-31,108.7819,DTWEXBGS,Index Jan 2006=100,Daily
2015-08-03,109.214,DTWEXBGS,Index Jan 2006=100,Daily
2015-08-04,109.2244,DTWEXBGS,Index Jan 2006=100,Daily
2015-08-05,109.842,DTWEXBGS,Index Jan 2006=100,Daily
2015-08-06,109.722,DTWEXBGS,Index Jan 2006=100,Daily
2015-08-07,109.4376,DTWEXBGS,Index Jan 2006=100,Daily
2015-08-10,109.1931,DTWEXBGS,Index Jan 2006=100,Daily
2015-08-11,109.9464,DTWEXBGS,Index Jan 2006=100,Daily
2015-08-12,109.4655,DTWEXBGS,Index Jan 2006=100,Daily
2015-08-13,109.9025,DTWEXBGS,Index Jan 2006=100,Daily
2015-08-14,109.9174,DTWEXBGS,Index Jan 2006=100,Daily
2015-08-17,110.1435,DTWEXBGS,Index Jan 2006=100,Daily
2015-08-18,110.2504,DTWEXBGS,Index Jan 2006=100,Daily
2015-08-19,110.4333,DTWEXBGS,Index Jan 2006=100,Daily
2015-08-20,110.1077,DTWEXBGS,Index Jan 2006=100,Daily
2015-08-21,110.1443,DTWEXBGS,Index Jan 2006=100,Daily
2015-08-24,109.9306,DTWEXBGS,Index Jan 2006=100,Daily
2015-08-25,110.3394,DTWEXBGS,Index Jan 2006=100,Daily
2015-08-26,110.5807,DTWEXBGS,Index Jan 2006=100,Daily
2015-08-27,110.4834,DTWEXBGS,Index Jan 2006=100,Daily
2015-08-28,110.6714,DTWEXBGS,Index Jan 2006=100,Daily
2015-08-31,110.5621,DTWEXBGS,Index Jan 2006=100,Daily
2015-09-01,110.4506,DTWEXBGS,Index Jan 2006=100,Daily
2015-09-02,110.7979,DTWEXBGS,Index Jan 2006=100,Daily
2015-09-03,110.8566,DTWEXBGS,Index Jan 2006=100,Daily
2015-09-04,111.1018,DTWEXBGS,Index Jan 2006=100,Daily
2015-09-07,,DTWEXBGS,Index Jan 2006=100,Daily
2015-09-08,110.7942,DTWEXBGS,Index Jan 2006=100,Daily
2015-09-09,110.9225,DTWEXBGS,Index Jan 2006=100,Daily
2015-09-10,110.6331,DTWEXBGS,Index Jan 2006=100,Daily
2015-09-11,110.6109,DTWEXBGS,Index Jan 2006=100,Daily
2015-09-14,110.5005,DTWEXBGS,Index Jan 2006=100,Daily
2015-09-15,110.6394,DTWEXBGS,Index Jan 2006=100,Daily
2015-09-16,110.1021,DTWEXBGS,Index Jan 2006=100,Daily
2015-09-17,110.1212,DTWEXBGS,Index Jan 2006=100,Daily
2015-09-18,109.8165,DTWEXBGS,Index Jan 2006=100,Daily
2015-09-21,110.6414,DTWEXBGS,Index Jan 2006=100,Daily
2015-09-22,111.1967,DTWEXBGS,Index Jan 2006=100,Daily
2015-09-23,111.6287,DTWEXBGS,Index Jan 2006=100,Daily
2015-09-24,111.4454,DTWEXBGS,Index Jan 2006=100,Daily
2015-09-25,111.3725,DTWEXBGS,Index Jan 2006=100,Daily
2015-09-28,111.3914,DTWEXBGS,Index Jan 2006=100,Daily
2015-09-29,111.5219,DTWEXBGS,Index Jan 2006=100,Daily
2015-09-30,111.3311,DTWEXBGS,Index Jan 2006=100,Daily
2015-10-01,111.0439,DTWEXBGS,Index Jan 2006=100,Daily
2015-10-02,110.7006,DTWEXBGS,Index Jan 2006=100,Daily
2015-10-05,110.4445,DTWEXBGS,Index Jan 2006=100,Daily
2015-10-06,110.1371,DTWEXBGS,Index Jan 2006=100,Daily
2015-10-07,109.8162,DTWEXBGS,Index Jan 2006=100,Daily
2015-10-08,109.6452,DTWEXBGS,Index Jan 2006=100,Daily
2015-10-09,109.0782,DTWEXBGS,Index Jan 2006=100,Daily
2015-10-12,,DTWEXBGS,Index Jan 2006=100,Daily
2015-10-13,109.4119,DTWEXBGS,Index Jan 2006=100,Daily
2015-10-14,109.1244,DTWEXBGS,Index Jan 2006=100,Daily
2015-10-15,108.6671,DTWEXBGS,Index Jan 2006=100,Daily
2015-10-16,108.9956,DTWEXBGS,Index Jan 2006=100,Daily
2015-10-19,109.3858,DTWEXBGS,Index Jan 2006=100,Daily
2015-10-20,109.3368,DTWEXBGS,Index Jan 2006=100,Daily
2015-10-21,109.7746,DTWEXBGS,Index Jan 2006=100,Daily
2015-10-22,110.0342,DTWEXBGS,Index Jan 2006=100,Daily
2015-10-23,110.4329,DTWEXBGS,Index Jan 2006=100,Daily
2015-10-26,110.2089,DTWEXBGS,Index Jan 2006=100,Daily
2015-10-27,110.4875,DTWEXBGS,Index Jan 2006=100,Daily
2015-10-28,110.2334,DTWEXBGS,Index Jan 2006=100,Daily
2015-10-29,110.8083,DTWEXBGS,Index Jan 2006=100,Daily
2015-10-30,110.2079,DTWEXBGS,Index Jan 2006=100,Daily
2015-11-02,110.2188,DTWEXBGS,Index Jan 2006=100,Daily
2015-11-03,110.244,DTWEXBGS,Index Jan 2006=100,Daily
2015-11-04,110.7139,DTWEXBGS,Index Jan 2006=100,Daily
2015-11-05,110.8302,DTWEXBGS,Index Jan 2006=100,Daily
2015-11-06,111.7603,DTWEXBGS,Index Jan 2006=100,Daily
2015-11-09,111.9112,DTWEXBGS,Index Jan 2006=100,Daily
2015-11-10,111.9919,DTWEXBGS,Index Jan 2006=100,Daily
2015-11-11,,DTWEXBGS,Index Jan 2006=100,Daily
2015-11-12,111.7965,DTWEXBGS,Index Jan 2006=100,Daily
2015-11-13,112.0264,DTWEXBGS,Index Jan 2006=100,Daily
2015-11-16,112.2199,DTWEXBGS,Index Jan 2006=100,Daily
2015-11-17,112.3141,DTWEXBGS,Index Jan 2006=100,Daily
2015-11-18,112.3663,DTWEXBGS,Index Jan 2006=100,Daily
2015-11-19,111.5749,DTWEXBGS,Index Jan 2006=100,Daily
2015-11-20,111.7799,DTWEXBGS,Index Jan 2006=100,Daily
2015-11-23,112.1125,DTWEXBGS,Index Jan 2006=100,Daily
2015-11-24,111.7638,DTWEXBGS,Index Jan 2006=100,Daily
2015-11-25,111.8936,DTWEXBGS,Index Jan 2006=100,Daily
2015-11-26,,DTWEXBGS,Index Jan 2006=100,Daily
2015-11-27,112.2824,DTWEXBGS,Index Jan 2006=100,Daily
2015-11-30,112.34,DTWEXBGS,Index Jan 2006=100,Daily
2015-12-01,112.1134,DTWEXBGS,Index Jan 2006=100,Daily
2015-12-02,112.3715,DTWEXBGS,Index Jan 2006=100,Daily
2015-12-03,111.6407,DTWEXBGS,Index Jan 2006=100,Daily
2015-12-04,111.5463,DTWEXBGS,Index Jan 2006=100,Daily
2015-12-07,112.3056,DTWEXBGS,Index Jan 2006=100,Daily
2015-12-08,112.5485,DTWEXBGS,Index Jan 2006=100,Daily
2015-12-09,112.1918,DTWEXBGS,Index Jan 2006=100,Daily
2015-12-10,112.2672,DTWEXBGS,Index Jan 2006=100,Daily
2015-12-11,112.7147,DTWEXBGS,Index Jan 2006=100,Daily
2015-12-14,112.7521,DTWEXBGS,Index Jan 2006=100,Daily
2015-12-15,112.8609,DTWEXBGS,Index Jan 2006=100,Daily
2015-12-16,112.9864,DTWEXBGS,Index Jan 2006=100,Daily
2015-12-17,113.8177,DTWEXBGS,Index Jan 2006=100,Daily
2015-12-18,113.2837,DTWEXBGS,Index Jan 2006=100,Daily
2015-12-21,113.4144,DTWEXBGS,Index Jan 2006=100,Daily
2015-12-22,113.211,DTWEXBGS,Index Jan 2006=100,Daily
2015-12-23,113.1847,DTWEXBGS,Index Jan 2006=100,Daily
2015-12-24,113.0496,DTWEXBGS,Index Jan 2006=100,Daily
2015-12-25,,DTWEXBGS,Index Jan 2006=100,Daily
2015-12-28,113.0461,DTWEXBGS,Index Jan 2006=100,Daily
2015-12-29,113.1664,DTWEXBGS,Index Jan 2006=100,Daily
2015-12-30,113.4707,DTWEXBGS,Index Jan 2006=100,Daily
2015-12-31,113.3429,DTWEXBGS,Index Jan 2006=100,Daily
2016-01-01,,DTWEXBGS,Index Jan 2006=100,Daily
2016-01-04,114.1595,DTWEXBGS,Index Jan 2006=100,Daily
2016-01-05,114.2649,DTWEXBGS,Index Jan 2006=100,Daily
2016-01-06,114.6177,DTWEXBGS,Index Jan 2006=100,Daily
2016-01-07,114.6516,DTWEXBGS,Index Jan 2006=100,Daily
2016-01-08,115.0095,DTWEXBGS,Index Jan 2006=100,Daily
2016-01-11,115.0139,DTWEXBGS,Index Jan 2006=100,Daily
2016-01-12,115.3128,DTWEXBGS,Index Jan 2006=100,Daily
2016-01-13,115.1425,DTWEXBGS,Index Jan 2006=100,Daily
2016-01-14,115.3846,DTWEXBGS,Index Jan 2006=100,Daily
2016-01-15,115.7404,DTWEXBGS,Index Jan 2006=100,Daily
2016-01-18,,DTWEXBGS,Index Jan 2006=100,Daily
2016-01-19,115.8155,DTWEXBGS,Index Jan 2006=100,Daily
2016-01-20,116.3498,DTWEXBGS,Index Jan 2006=100,Daily
2016-01-21,115.9833,DTWEXBGS,Index Jan 2006=100,Daily
2016-01-22,,DTWEXBGS,Index Jan 2006=100,Daily
2016-01-25,,DTWEXBGS,Index Jan 2006=100,Daily
2016-01-26,,DTWEXBGS,Index Jan 2006=100,Daily
2016-01-27,115.5087,DTWEXBGS,Index Jan 2006=100,Daily
2016-01-28,115.2224,DTWEXBGS,Index Jan 2006=100,Daily
2016-01-29,115.5731,DTWEXBGS,Index Jan 2006=100,Daily
2016-02-01,115.3331,DTWEXBGS,Index Jan 2006=100,Daily
2016-02-02,115.553,DTWEXBGS,Index Jan 2006=100,Daily
2016-02-03,114.6144,DTWEXBGS,Index Jan 2006=100,Daily
2016-02-04,113.6012,DTWEXBGS,Index Jan 2006=100,Daily
2016-02-05,114.2935,DTWEXBGS,Index Jan 2006=100,Daily
2016-02-08,114.4351,DTWEXBGS,Index Jan 2006=100,Daily
2016-02-09,114.127,DTWEXBGS,Index Jan 2006=100,Daily
2016-02-10,114.2877,DTWEXBGS,Index Jan 2006=100,Daily
2016-02-11,114.1845,DTWEXBGS,Index Jan 2006=100,Daily
2016-02-12,114.2992,DTWEXBGS,Index Jan 2006=100,Daily
2016-02-15,,DTWEXBGS,Index Jan 2006=100,Daily
2016-02-16,114.4905,DTWEXBGS,Index Jan 2006=100,Daily
2016-02-17,113.8634,DTWEXBGS,Index Jan 2006=100,Daily
2016-02-18,113.8897,DTWEXBGS,Index Jan 2006=100,Daily
2016-02-19,113.9558,DTWEXBGS,Index Jan 2006=100,Daily
2016-02-22,113.8232,DTWEXBGS,Index Jan 2006=100,Daily
2016-02-23,114.177,DTWEXBGS,Index Jan 2006=100,Daily
2016-02-24,114.1716,DTWEXBGS,Index Jan 2006=100,Daily
2016-02-25,113.9222,DTWEXBGS,Index Jan 2006=100,Daily
2016-02-26,114.3708,DTWEXBGS,Index Jan 2006=100,Daily
2016-02-29,114.2418,DTWEXBGS,Index Jan 2006=100,Daily
2016-03-01,113.9265,DTWEXBGS,Index Jan 2006=100,Daily
2016-03-02,113.7965,DTWEXBGS,Index Jan 2006=100,Daily
2016-03-03,113.2482,DTWEXBGS,Index Jan 2006=100,Daily
2016-03-04,112.6387,DTWEXBGS,Index Jan 2006=100,Daily
2016-03-07,112.6219,DTWEXBGS,Index Jan 2006=100,Daily
2016-03-08,112.8465,DTWEXBGS,Index Jan 2006=100,Daily
2016-03-09,112.4268,DTWEXBGS,Index Jan 2006=100,Daily
2016-03-10,112.4191,DTWEXBGS,Index Jan 2006=100,Daily
2016-03-11,111.741,DTWEXBGS,Index Jan 2006=100,Daily
2016-03-14,112.1688,DTWEXBGS,Index Jan 2006=100,Daily
2016-03-15,112.5545,DTWEXBGS,Index Jan 2006=100,Daily
2016-03-16,112.7759,DTWEXBGS,Index Jan 2006=100,Daily
2016-03-17,110.445,DTWEXBGS,Index Jan 2006=100,Daily
2016-03-18,110.4002,DTWEXBGS,Index Jan 2006=100,Daily
2016-03-21,110.737,DTWEXBGS,Index Jan 2006=100,Daily
2016-03-22,110.7877,DTWEXBGS,Index Jan 2006=100,Daily
2016-03-23,111.5473,DTWEXBGS,Index Jan 2006=100,Daily
2016-03-24,111.816,DTWEXBGS,Index Jan 2006=100,Daily
2016-03-25,111.7698,DTWEXBGS,Index Jan 2006=100,Daily
2016-03-28,111.3578,DTWEXBGS,Index Jan 2006=100,Daily
2016-03-29,111.3736,DTWEXBGS,Index Jan 2006=100,Daily
2016-03-30,110.2301,DTWEXBGS,Index Jan 2006=100,Daily
2016-03-31,109.9191,DTWEXBGS,Index Jan 2006=100,Daily
2016-04-01,110.2977,DTWEXBGS,Index Jan 2006=100,Daily
2016-04-04,110.3987,DTWEXBGS,Index Jan 2006=100,Daily
2016-04-05,110.9478,DTWEXBGS,Index Jan 2006=100,Daily
2016-04-06,110.5347,DTWEXBGS,Index Jan 2006=100,Daily
2016-04-07,110.8876,DTWEXBGS,Index Jan 2006=100,Daily
2016-04-08,110.4213,DTWEXBGS,Index Jan 2006=100,Daily
2016-04-11,109.9758,DTWEXBGS,Index Jan 2006=100,Daily
2016-04-12,109.816,DTWEXBGS,Index Jan 2006=100,Daily
2016-04-13,110.1436,DTWEXBGS,Index Jan 2006=100,Daily
2016-04-14,110.1691,DTWEXBGS,Index Jan 2006=100,Daily
2016-04-15,110.1933,DTWEXBGS,Index Jan 2006=100,Daily
2016-04-18,109.9892,DTWEXBGS,Index Jan 2006=100,Daily
2016-04-19,109.2782,DTWEXBGS,Index Jan 2006=100,Daily
2016-04-20,109.3926,DTWEXBGS,Index Jan 2006=100,Daily
2016-04-21,109.8533,DTWEXBGS,Index Jan 2006=100,Daily
2016-04-22,110.2331,DTWEXBGS,Index Jan 2006=100,Daily
2016-04-25,110.1865,DTWEXBGS,Index Jan 2006=100,Daily
2016-04-26,109.7496,DTWEXBGS,Index Jan 2006=100,Daily
2016-04-27,109.8483,DTWEXBGS,Index Jan 2006=100,Daily
2016-04-28,109.2148,DTWEXBGS,Index Jan 2006=100,Daily
2016-04-29,108.8274,DTWEXBGS,Index Jan 2006=100,Daily
2016-05-02,108.671,DTWEXBGS,Index Jan 2006=100,Daily
2016-05-03,109.3613,DTWEXBGS,Index Jan 2006=100,Daily
2016-05-04,109.9952,DTWEXBGS,Index Jan 2006=100,Daily
2016-05-05,110.2417,DTWEXBGS,Index Jan 2006=100,Daily
2016-05-06,110.3801,DTWEXBGS,Index Jan 2006=100,Daily
2016-05-09,110.9466,DTWEXBGS,Index Jan 2006=100,Daily
2016-05-10,110.8225,DTWEXBGS,Index Jan 2006=100,Daily
2016-05-11,110.2806,DTWEXBGS,Index Jan 2006=100,Daily
2016-05-12,110.6935,DTWEXBGS,Index Jan 2006=100,Daily
2016-05-13,111.2521,DTWEXBGS,Index Jan 2006=100,Daily
2016-05-16,111.1217,DTWEXBGS,Index Jan 2006=100,Daily
2016-05-17,111.0867,DTWEXBGS,Index Jan 2006=100,Daily
2016-05-18,111.4995,DTWEXBGS,Index Jan 2006=100,Daily
2016-05-19,112.2331,DTWEXBGS,Index Jan 2006=100,Daily
2016-05-20,112.1822,DTWEXBGS,Index Jan 2006=100,Daily
2016-05-23,112.284,DTWEXBGS,Index Jan 2006=100,Daily
2016-05-24,112.2912,DTWEXBGS,Index Jan 2006=100,Daily
2016-05-25,112.2001,DTWEXBGS,Index Jan 2006=100,Daily
2016-05-26,111.8979,DTWEXBGS,Index Jan 2006=100,Daily
2016-05-27,112.0822,DTWEXBGS,Index Jan 2006=100,Daily
2016-05-30,,DTWEXBGS,Index Jan 2006=100,Daily
2016-05-31,112.4276,DTWEXBGS,Index Jan 2006=100,Daily
2016-06-01,112.462,DTWEXBGS,Index Jan 2006=100,Daily
2016-06-02,112.4564,DTWEXBGS,Index Jan 2006=100,Daily
2016-06-03,111.4451,DTWEXBGS,Index Jan 2006=100,Daily
2016-06-06,111.2295,DTWEXBGS,Index Jan 2006=100,Daily
2016-06-07,110.8378,DTWEXBGS,Index Jan 2006=100,Daily
2016-06-08,110.1916,DTWEXBGS,Index Jan 2006=100,Daily
2016-06-09,110.6168,DTWEXBGS,Index Jan 2006=100,Daily
2016-06-10,111.1027,DTWEXBGS,Index Jan 2006=100,Daily
2016-06-13,111.5036,DTWEXBGS,Index Jan 2006=100,Daily
2016-06-14,111.9826,DTWEXBGS,Index Jan 2006=100,Daily
2016-06-15,111.7671,DTWEXBGS,Index Jan 2006=100,Daily
2016-06-16,112.2347,DTWEXBGS,Index Jan 2006=100,Daily
2016-06-17,111.5332,DTWEXBGS,Index Jan 2006=100,Daily
2016-06-20,110.8693,DTWEXBGS,Index Jan 2006=100,Daily
2016-06-21,111.0077,DTWEXBGS,Index Jan 2006=100,Daily
2016-06-22,110.7681,DTWEXBGS,Index Jan 2006=100,Daily
2016-06-23,110.262,DTWEXBGS,Index Jan 2006=100,Daily
2016-06-24,112.1355,DTWEXBGS,Index Jan 2006=100,Daily
2016-06-27,113.1301,DTWEXBGS,Index Jan 2006=100,Daily
2016-06-28,112.7545,DTWEXBGS,Index Jan 2006=100,Daily
2016-06-29,111.8597,DTWEXBGS,Index Jan 2006=100,Daily
2016-06-30,112.1618,DTWEXBGS,Index Jan 2006=100,Daily
2016-07-01,111.6509,DTWEXBGS,Index Jan 2006=100,Daily
2016-07-04,,DTWEXBGS,Index Jan 2006=100,Daily
2016-07-05,112.4231,DTWEXBGS,Index Jan 2006=100,Daily
2016-07-06,112.5438,DTWEXBGS,Index Jan 2006=100,Daily
2016-07-07,112.5775,DTWEXBGS,Index Jan 2006=100,Daily
2016-07-08,112.3963,DTWEXBGS,Index Jan 2006=100,Daily
2016-07-11,112.5254,DTWEXBGS,Index Jan 2006=100,Daily
2016-07-12,112.1102,DTWEXBGS,Index Jan 2006=100,Daily
2016-07-13,112.0266,DTWEXBGS,Index Jan 2006=100,Daily
2016-07-14,111.7692,DTWEXBGS,Index Jan 2006=100,Daily
2016-07-15,112.2833,DTWEXBGS,Index Jan 2006=100,Daily
2016-07-18,112.2463,DTWEXBGS,Index Jan 2006=100,Daily
2016-07-19,112.638,DTWEXBGS,Index Jan 2006=100,Daily
2016-07-20,112.6743,DTWEXBGS,Index Jan 2006=100,Daily
2016-07-21,112.6239,DTWEXBGS,Index Jan 2006=100,Daily
2016-07-22,112.989,DTWEXBGS,Index Jan 2006=100,Daily
2016-07-25,113.1784,DTWEXBGS,Index Jan 2006=100,Daily
2016-07-26,113.0593,DTWEXBGS,Index Jan 2006=100,Daily
2016-07-27,113.217,DTWEXBGS,Index Jan 2006=100,Daily
2016-07-28,112.7393,DTWEXBGS,Index Jan 2006=100,Daily
2016-07-29,111.874,DTWEXBGS,Index Jan 2006=100,Daily
2016-08-01,111.9757,DTWEXBGS,Index Jan 2006=100,Daily
2016-08-02,111.7124,DTWEXBGS,Index Jan 2006=100,Daily
2016-08-03,111.9419,DTWEXBGS,Index Jan 2006=100,Daily
2016-08-04,111.9149,DTWEXBGS,Index Jan 2006=100,Daily
2016-08-05,112.3589,DTWEXBGS,Index Jan 2006=100,Daily
2016-08-08,112.1456,DTWEXBGS,Index Jan 2006=100,Daily
2016-08-09,111.722,DTWEXBGS,Index Jan 2006=100,Daily
2016-08-10,111.3238,DTWEXBGS,Index Jan 2006=100,Daily
2016-08-11,111.1954,DTWEXBGS,Index Jan 2006=100,Daily
2016-08-12,111.1787,DTWEXBGS,Index Jan 2006=100,Daily
2016-08-15,110.9212,DTWEXBGS,Index Jan 2006=100,Daily
2016-08-16,110.4295,DTWEXBGS,Index Jan 2006=100,Daily
2016-08-17,110.9459,DTWEXBGS,Index Jan 2006=100,Daily
2016-08-18,110.3134,DTWEXBGS,Index Jan 2006=100,Daily
2016-08-19,110.8163,DTWEXBGS,Index Jan 2006=100,Daily
2016-08-22,110.9997,DTWEXBGS,Index Jan 2006=100,Daily
2016-08-23,110.9414,DTWEXBGS,Index Jan 2006=100,Daily
2016-08-24,111.2958,DTWEXBGS,Index Jan 2006=100,Daily
2016-08-25,111.1726,DTWEXBGS,Index Jan 2006=100,Daily
2016-08-26,111.2035,DTWEXBGS,Index Jan 2006=100,Daily
2016-08-29,111.8775,DTWEXBGS,Index Jan 2006=100,Daily
2016-08-30,112.2928,DTWEXBGS,Index Jan 2006=100,Daily
2016-08-31,112.4036,DTWEXBGS,Index Jan 2006=100,Daily
2016-09-01,112.1733,DTWEXBGS,Index Jan 2006=100,Daily
2016-09-02,112.0009,DTWEXBGS,Index Jan 2006=100,Daily
2016-09-05,,DTWEXBGS,Index Jan 2006=100,Daily
2016-09-06,110.9613,DTWEXBGS,Index Jan 2006=100,Daily
2016-09-07,110.9717,DTWEXBGS,Index Jan 2006=100,Daily
2016-09-08,111.2609,DTWEXBGS,Index Jan 2006=100,Daily
2016-09-09,111.9879,DTWEXBGS,Index Jan 2006=100,Daily
2016-09-12,112.1516,DTWEXBGS,Index Jan 2006=100,Daily
2016-09-13,112.5207,DTWEXBGS,Index Jan 2006=100,Daily
2016-09-14,112.4678,DTWEXBGS,Index Jan 2006=100,Daily
2016-09-15,112.4753,DTWEXBGS,Index Jan 2006=100,Daily
2016-09-16,113.1765,DTWEXBGS,Index Jan 2006=100,Daily
2016-09-19,112.903,DTWEXBGS,Index Jan 2006=100,Daily
2016-09-20,113.1848,DTWEXBGS,Index Jan 2006=100,Daily
2016-09-21,112.9842,DTWEXBGS,Index Jan 2006=100,Daily
2016-09-22,112.2592,DTWEXBGS,Index Jan 2006=100,Daily
2016-09-23,112.7166,DTWEXBGS,Index Jan 2006=100,Daily
2016-09-26,112.7112,DTWEXBGS,Index Jan 2006=100,Daily
2016-09-27,112.5515,DTWEXBGS,Index Jan 2006=100,Daily
2016-09-28,112.6283,DTWEXBGS,Index Jan 2006=100,Daily
2016-09-29,112.2879,DTWEXBGS,Index Jan 2006=100,Daily
2016-09-30,112.2795,DTWEXBGS,Index Jan 2006=100,Daily
2016-10-03,112.5077,DTWEXBGS,Index Jan 2006=100,Daily
2016-10-04,112.6579,DTWEXBGS,Index Jan 2006=100,Daily
2016-10-05,112.7946,DTWEXBGS,Index Jan 2006=100,Daily
2016-10-06,113.0066,DTWEXBGS,Index Jan 2006=100,Daily
2016-10-07,113.2915,DTWEXBGS,Index Jan 2006=100,Daily
2016-10-10,,DTWEXBGS,Index Jan 2006=100,Daily
2016-10-11,113.4461,DTWEXBGS,Index Jan 2006=100,Daily
2016-10-12,113.7442,DTWEXBGS,Index Jan 2006=100,Daily
2016-10-13,113.6238,DTWEXBGS,Index Jan 2006=100,Daily
2016-10-14,113.7119,DTWEXBGS,Index Jan 2006=100,Daily
2016-10-17,113.5488,DTWEXBGS,Index Jan 2006=100,Daily
2016-10-18,113.1393,DTWEXBGS,Index Jan 2006=100,Daily
2016-10-19,113.0547,DTWEXBGS,Index Jan 2006=100,Daily
2016-10-20,113.4033,DTWEXBGS,Index Jan 2006=100,Daily
2016-10-21,113.9015,DTWEXBGS,Index Jan 2006=100,Daily
2016-10-24,113.8571,DTWEXBGS,Index Jan 2006=100,Daily
2016-10-25,113.6801,DTWEXBGS,Index Jan 2006=100,Daily
2016-10-26,113.8131,DTWEXBGS,Index Jan 2006=100,Daily
2016-10-27,114.1998,DTWEXBGS,Index Jan 2006=100,Daily
2016-10-28,114.0931,DTWEXBGS,Index Jan 2006=100,Daily
2016-10-31,114.0188,DTWEXBGS,Index Jan 2006=100,Daily
2016-11-01,113.9915,DTWEXBGS,Index Jan 2006=100,Daily
2016-11-02,113.9206,DTWEXBGS,Index Jan 2006=100,Daily
2016-11-03,113.7664,DTWEXBGS,Index Jan 2006=100,Daily
2016-11-04,113.5828,DTWEXBGS,Index Jan 2006=100,Daily
2016-11-07,113.5443,DTWEXBGS,Index Jan 2006=100,Daily
2016-11-08,113.3017,DTWEXBGS,Index Jan 2006=100,Daily
2016-11-09,114.6956,DTWEXBGS,Index Jan 2006=100,Daily
2016-11-10,115.9375,DTWEXBGS,Index Jan 2006=100,Daily
2016-11-11,,DTWEXBGS,Index Jan 2006=100,Daily
2016-11-14,117.2245,DTWEXBGS,Index Jan 2006=100,Daily
2016-11-15,116.7724,DTWEXBGS,Index Jan 2006=100,Daily
2016-11-16,116.8062,DTWEXBGS,Index Jan 2006=100,Daily
2016-11-17,116.8952,DTWEXBGS,Index Jan 2006=100,Daily
2016-11-18,117.5936,DTWEXBGS,Index Jan 2006=100,Daily
2016-11-21,117.4762,DTWEXBGS,Index Jan 2006=100,Daily
2016-11-22,117.4508,DTWEXBGS,Index Jan 2006=100,Daily
2016-11-23,118.0356,DTWEXBGS,Index Jan 2006=100,Daily
2016-11-24,,DTWEXBGS,Index Jan 2006=100,Daily
2016-11-25,118.02,DTWEXBGS,Index Jan 2006=100,Daily
2016-11-28,117.7278,DTWEXBGS,Index Jan 2006=100,Daily
2016-11-29,117.644,DTWEXBGS,Index Jan 2006=100,Daily
2016-11-30,117.7636,DTWEXBGS,Index Jan 2006=100,Daily
2016-12-01,117.6642,DTWEXBGS,Index Jan 2006=100,Daily
2016-12-02,117.3116,DTWEXBGS,Index Jan 2006=100,Daily
2016-12-05,117.1008,DTWEXBGS,Index Jan 2006=100,Daily
2016-12-06,116.9225,DTWEXBGS,Index Jan 2006=100,Daily
2016-12-07,116.672,DTWEXBGS,Index Jan 2006=100,Daily
2016-12-08,117.0327,DTWEXBGS,Index Jan 2006=100,Daily
2016-12-09,117.2834,DTWEXBGS,Index Jan 2006=100,Daily
2016-12-12,116.9161,DTWEXBGS,Index Jan 2006=100,Daily
2016-12-13,116.8029,DTWEXBGS,Index Jan 2006=100,Daily
2016-12-14,116.7332,DTWEXBGS,Index Jan 2006=100,Daily
2016-12-15,118.8072,DTWEXBGS,Index Jan 2006=100,Daily
2016-12-16,118.3584,DTWEXBGS,Index Jan 2006=100,Daily
2016-12-19,118.3875,DTWEXBGS,Index Jan 2006=100,Daily
2016-12-20,118.63,DTWEXBGS,Index Jan 2006=100,Daily
2016-12-21,118.581,DTWEXBGS,Index Jan 2006=100,Daily
2016-12-22,118.8209,DTWEXBGS,Index Jan 2006=100,Daily
2016-12-23,118.7856,DTWEXBGS,Index Jan 2006=100,Daily
2016-12-26,,DTWEXBGS,Index Jan 2006=100,Daily
2016-12-27,118.9506,DTWEXBGS,Index Jan 2006=100,Daily
2016-12-28,119.2305,DTWEXBGS,Index Jan 2006=100,Daily
2016-12-29,118.6637,DTWEXBGS,Index Jan 2006=100,Daily
2016-12-30,118.3466,DTWEXBGS,Index Jan 2006=100,Daily
2017-01-02,,DTWEXBGS,Index Jan 2006=100,Daily
2017-01-03,119.0903,DTWEXBGS,Index Jan 2006=100,Daily
2017-01-04,118.8803,DTWEXBGS,Index Jan 2006=100,Daily
2017-01-05,117.9999,DTWEXBGS,Index Jan 2006=100,Daily
2017-01-06,118.3495,DTWEXBGS,Index Jan 2006=100,Daily
2017-01-09,118.4111,DTWEXBGS,Index Jan 2006=100,Daily
2017-01-10,118.5386,DTWEXBGS,Index Jan 2006=100,Daily
2017-01-11,119.0219,DTWEXBGS,Index Jan 2006=100,Daily
2017-01-12,117.8001,DTWEXBGS,Index Jan 2006=100,Daily
2017-01-13,117.9884,DTWEXBGS,Index Jan 2006=100,Daily
2017-01-16,,DTWEXBGS,Index Jan 2006=100,Daily
2017-01-17,117.2656,DTWEXBGS,Index Jan 2006=100,Daily
2017-01-18,117.7242,DTWEXBGS,Index Jan 2006=100,Daily
2017-01-19,118.3182,DTWEXBGS,Index Jan 2006=100,Daily
2017-01-20,,DTWEXBGS,Index Jan 2006=100,Daily
2017-01-23,117.2479,DTWEXBGS,Index Jan 2006=100,Daily
2017-01-24,117.0516,DTWEXBGS,Index Jan 2006=100,Daily
2017-01-25,116.9355,DTWEXBGS,Index Jan 2006=100,Daily
2017-01-26,117.2766,DTWEXBGS,Index Jan 2006=100,Daily
2017-01-27,117.0735,DTWEXBGS,Index Jan 2006=100,Daily
2017-01-30,116.7325,DTWEXBGS,Index Jan 2006=100,Daily
2017-01-31,116.2241,DTWEXBGS,Index Jan 2006=100,Daily
2017-02-01,116.3914,DTWEXBGS,Index Jan 2006=100,Daily
2017-02-02,115.903,DTWEXBGS,Index Jan 2006=100,Daily
2017-02-03,115.6259,DTWEXBGS,Index Jan 2006=100,Daily
2017-02-06,116.0504,DTWEXBGS,Index Jan 2006=100,Daily
2017-02-07,116.4082,DTWEXBGS,Index Jan 2006=100,Daily
2017-02-08,116.1382,DTWEXBGS,Index Jan 2006=100,Daily
2017-02-09,116.306,DTWEXBGS,Index Jan 2006=100,Daily
2017-02-10,116.148,DTWEXBGS,Index Jan 2006=100,Daily
2017-02-13,116.3427,DTWEXBGS,Index Jan 2006=100,Daily
2017-02-14,116.3949,DTWEXBGS,Index Jan 2006=100,Daily
2017-02-15,116.2162,DTWEXBGS,Index Jan 2006=100,Daily
2017-02-16,116.0067,DTWEXBGS,Index Jan 2006=100,Daily
2017-02-17,116.4035,DTWEXBGS,Index Jan 2006=100,Daily
2017-02-20,,DTWEXBGS,Index Jan 2006=100,Daily
2017-02-21,116.5921,DTWEXBGS,Index Jan 2006=100,Daily
2017-02-22,116.2136,DTWEXBGS,Index Jan 2006=100,Daily
2017-02-23,115.6527,DTWEXBGS,Index Jan 2006=100,Daily
2017-02-24,115.8143,DTWEXBGS,Index Jan 2006=100,Daily
2017-02-27,115.6764,DTWEXBGS,Index Jan 2006=100,Daily
2017-02-28,116.0032,DTWEXBGS,Index Jan 2006=100,Daily
2017-03-01,116.438,DTWEXBGS,Index Jan 2006=100,Daily
2017-03-02,116.8429,DTWEXBGS,Index Jan 2006=100,Daily
2017-03-03,116.6438,DTWEXBGS,Index Jan 2006=100,Daily
2017-03-06,116.4313,DTWEXBGS,Index Jan 2006=100,Daily
2017-03-07,116.4303,DTWEXBGS,Index Jan 2006=100,Daily
2017-03-08,116.875,DTWEXBGS,Index Jan 2006=100,Daily
2017-03-09,116.9959,DTWEXBGS,Index Jan 2006=100,Daily
2017-03-10,116.616,DTWEXBGS,Index Jan 2006=100,Daily
2017-03-13,116.4004,DTWEXBGS,Index Jan 2006=100,Daily
2017-03-14,116.5646,DTWEXBGS,Index Jan 2006=100,Daily
2017-03-15,116.3584,DTWEXBGS,Index Jan 2006=100,Daily
2017-03-16,115.4456,DTWEXBGS,Index Jan 2006=100,Daily
2017-03-17,115.2783,DTWEXBGS,Index Jan 2006=100,Daily
2017-03-20,115.0426,DTWEXBGS,Index Jan 2006=100,Daily
2017-03-21,114.8119,DTWEXBGS,Index Jan 2006=100,Daily
2017-03-22,114.7937,DTWEXBGS,Index Jan 2006=100,Daily
2017-03-23,114.7899,DTWEXBGS,Index Jan 2006=100,Daily
2017-03-24,114.6372,DTWEXBGS,Index Jan 2006=100,Daily
2017-03-27,114.2347,DTWEXBGS,Index Jan 2006=100,Daily
2017-03-28,114.419,DTWEXBGS,Index Jan 2006=100,Daily
2017-03-29,114.7167,DTWEXBGS,Index Jan 2006=100,Daily
2017-03-30,114.5245,DTWEXBGS,Index Jan 2006=100,Daily
2017-03-31,114.7938,DTWEXBGS,Index Jan 2006=100,Daily
2017-04-03,114.8734,DTWEXBGS,Index Jan 2006=100,Daily
2017-04-04,115.0038,DTWEXBGS,Index Jan 2006=100,Daily
2017-04-05,114.9494,DTWEXBGS,Index Jan 2006=100,Daily
2017-04-06,115.0181,DTWEXBGS,Index Jan 2006=100,Daily
2017-04-07,115.0547,DTWEXBGS,Index Jan 2006=100,Daily
2017-04-10,115.11,DTWEXBGS,Index Jan 2006=100,Daily
2017-04-11,115.009,DTWEXBGS,Index Jan 2006=100,Daily
2017-04-12,114.9162,DTWEXBGS,Index Jan 2006=100,Daily
2017-04-13,114.5059,DTWEXBGS,Index Jan 2006=100,Daily
2017-04-14,114.5368,DTWEXBGS,Index Jan 2006=100,Daily
2017-04-17,114.3283,DTWEXBGS,Index Jan 2006=100,Daily
2017-04-18,114.2575,DTWEXBGS,Index Jan 2006=100,Daily
2017-04-19,114.7923,DTWEXBGS,Index Jan 2006=100,Daily
2017-04-20,114.6205,DTWEXBGS,Index Jan 2006=100,Daily
2017-04-21,114.8128,DTWEXBGS,Index Jan 2006=100,Daily
2017-04-24,114.3659,DTWEXBGS,Index Jan 2006=100,Daily
2017-04-25,114.5111,DTWEXBGS,Index Jan 2006=100,Daily
2017-04-26,114.9479,DTWEXBGS,Index Jan 2006=100,Daily
2017-04-27,114.9946,DTWEXBGS,Index Jan 2006=100,Daily
2017-04-28,114.7877,DTWEXBGS,Index Jan 2006=100,Daily
2017-05-01,114.5921,DTWEXBGS,Index Jan 2006=100,Daily
2017-05-02,114.6792,DTWEXBGS,Index Jan 2006=100,Daily
2017-05-03,114.6637,DTWEXBGS,Index Jan 2006=100,Daily
2017-05-04,114.9076,DTWEXBGS,Index Jan 2006=100,Daily
2017-05-05,114.7725,DTWEXBGS,Index Jan 2006=100,Daily
2017-05-08,115.0895,DTWEXBGS,Index Jan 2006=100,Daily
2017-05-09,115.3933,DTWEXBGS,Index Jan 2006=100,Daily
2017-05-10,115.1145,DTWEXBGS,Index Jan 2006=100,Daily
2017-05-11,115.0669,DTWEXBGS,Index Jan 2006=100,Daily
2017-05-12,114.7479,DTWEXBGS,Index Jan 2006=100,Daily
2017-05-15,114.3504,DTWEXBGS,Index Jan 2006=100,Daily
2017-05-16,113.9923,DTWEXBGS,Index Jan 2006=100,Daily
2017-05-17,113.7506,DTWEXBGS,Index Jan 2006=100,Daily
2017-05-18,114.2683,DTWEXBGS,Index Jan 2006=100,Daily
2017-05-19,113.7001,DTWEXBGS,Index Jan 2006=100,Daily
2017-05-22,113.5442,DTWEXBGS,Index Jan 2006=100,Daily
2017-05-23,113.6862,DTWEXBGS,Index Jan 2006=100,Daily
2017-05-24,113.675,DTWEXBGS,Index Jan 2006=100,Daily
2017-05-25,113.3719,DTWEXBGS,Index Jan 2006=100,Daily
2017-05-26,113.4839,DTWEXBGS,Index Jan 2006=100,Daily
2017-05-29,,DTWEXBGS,Index Jan 2006=100,Daily
2017-05-30,113.5552,DTWEXBGS,Index Jan 2006=100,Daily
2017-05-31,113.2956,DTWEXBGS,Index Jan 2006=100,Daily
2017-06-01,113.3017,DTWEXBGS,Index Jan 2006=100,Daily
2017-06-02,113.1908,DTWEXBGS,Index Jan 2006=100,Daily
2017-06-05,112.9755,DTWEXBGS,Index Jan 2006=100,Daily
2017-06-06,112.7095,DTWEXBGS,Index Jan 2006=100,Daily
2017-06-07,112.8191,DTWEXBGS,Index Jan 2006=100,Daily
2017-06-08,112.8351,DTWEXBGS,Index Jan 2006=100,Daily
2017-06-09,112.9562,DTWEXBGS,Index Jan 2006=100,Daily
2017-06-12,112.9837,DTWEXBGS,Index Jan 2006=100,Daily
2017-06-13,112.6271,DTWEXBGS,Index Jan 2006=100,Daily
2017-06-14,112.0734,DTWEXBGS,Index Jan 2006=100,Daily
2017-06-15,112.8708,DTWEXBGS,Index Jan 2006=100,Daily
2017-06-16,112.6155,DTWEXBGS,Index Jan 2006=100,Daily
2017-06-19,112.7576,DTWEXBGS,Index Jan 2006=100,Daily
2017-06-20,113.2698,DTWEXBGS,Index Jan 2006=100,Daily
2017-06-21,113.3327,DTWEXBGS,Index Jan 2006=100,Daily
2017-06-22,113.1654,DTWEXBGS,Index Jan 2006=100,Daily
2017-06-23,112.8665,DTWEXBGS,Index Jan 2006=100,Daily
2017-06-26,112.7633,DTWEXBGS,Index Jan 2006=100,Daily
2017-06-27,112.55,DTWEXBGS,Index Jan 2006=100,Daily
2017-06-28,112.0747,DTWEXBGS,Index Jan 2006=100,Daily
2017-06-29,111.998,DTWEXBGS,Index Jan 2006=100,Daily
2017-06-30,111.9896,DTWEXBGS,Index Jan 2006=100,Daily
2017-07-03,112.4268,DTWEXBGS,Index Jan 2006=100,Daily
2017-07-04,,DTWEXBGS,Index Jan 2006=100,Daily
2017-07-05,112.6534,DTWEXBGS,Index Jan 2006=100,Daily
2017-07-06,112.4199,DTWEXBGS,Index Jan 2006=100,Daily
2017-07-07,112.3137,DTWEXBGS,Index Jan 2006=100,Daily
2017-07-10,112.1587,DTWEXBGS,Index Jan 2006=100,Daily
2017-07-11,112.1434,DTWEXBGS,Index Jan 2006=100,Daily
2017-07-12,111.5904,DTWEXBGS,Index Jan 2006=100,Daily
2017-07-13,111.5365,DTWEXBGS,Index Jan 2006=100,Daily
2017-07-14,110.9075,DTWEXBGS,Index Jan 2006=100,Daily
2017-07-17,110.9304,DTWEXBGS,Index Jan 2006=100,Daily
2017-07-18,110.4356,DTWEXBGS,Index Jan 2006=100,Daily
2017-07-19,110.4339,DTWEXBGS,Index Jan 2006=100,Daily
2017-07-20,110.2512,DTWEXBGS,Index Jan 2006=100,Daily
2017-07-21,110.191,DTWEXBGS,Index Jan 2006=100,Daily
2017-07-24,110.2004,DTWEXBGS,Index Jan 2006=100,Daily
2017-07-25,110.2835,DTWEXBGS,Index Jan 2006=100,Daily
2017-07-26,110.3811,DTWEXBGS,Index Jan 2006=100,Daily
2017-07-27,110.216,DTWEXBGS,Index Jan 2006=100,Daily
2017-07-28,109.92,DTWEXBGS,Index Jan 2006=100,Daily
2017-07-31,109.8177,DTWEXBGS,Index Jan 2006=100,Daily
2017-08-01,109.8495,DTWEXBGS,Index Jan 2006=100,Daily
2017-08-02,109.7503,DTWEXBGS,Index Jan 2006=100,Daily
2017-08-03,109.8332,DTWEXBGS,Index Jan 2006=100,Daily
2017-08-04,110.2808,DTWEXBGS,Index Jan 2006=100,Daily
2017-08-07,110.373,DTWEXBGS,Index Jan 2006=100,Daily
2017-08-08,110.396,DTWEXBGS,Index Jan 2006=100,Daily
2017-08-09,110.3671,DTWEXBGS,Index Jan 2006=100,Daily
2017-08-10,110.1886,DTWEXBGS,Index Jan 2006=100,Daily
2017-08-11,110.0422,DTWEXBGS,Index Jan 2006=100,Daily
2017-08-14,110.095,DTWEXBGS,Index Jan 2006=100,Daily
2017-08-15,110.4846,DTWEXBGS,Index Jan 2006=100,Daily
2017-08-16,110.4394,DTWEXBGS,Index Jan 2006=100,Daily
2017-08-17,110.1673,DTWEXBGS,Index Jan 2006=100,Daily
2017-08-18,110.041,DTWEXBGS,Index Jan 2006=100,Daily
2017-08-21,109.7349,DTWEXBGS,Index Jan 2006=100,Daily
2017-08-22,109.8386,DTWEXBGS,Index Jan 2006=100,Daily
2017-08-23,109.8095,DTWEXBGS,Index Jan 2006=100,Daily
2017-08-24,109.7524,DTWEXBGS,Index Jan 2006=100,Daily
2017-08-25,109.3415,DTWEXBGS,Index Jan 2006=100,Daily
2017-08-28,109.1815,DTWEXBGS,Index Jan 2006=100,Daily
2017-08-29,109.0946,DTWEXBGS,Index Jan 2006=100,Daily
2017-08-30,109.4052,DTWEXBGS,Index Jan 2006=100,Daily
2017-08-31,109.3686,DTWEXBGS,Index Jan 2006=100,Daily
2017-09-01,109.0504,DTWEXBGS,Index Jan 2006=100,Daily
2017-09-04,,DTWEXBGS,Index Jan 2006=100,Daily
2017-09-05,108.8664,DTWEXBGS,Index Jan 2006=100,Daily
2017-09-06,108.4897,DTWEXBGS,Index Jan 2006=100,Daily
2017-09-07,107.9224,DTWEXBGS,Index Jan 2006=100,Daily
2017-09-08,107.808,DTWEXBGS,Index Jan 2006=100,Daily
2017-09-11,108.153,DTWEXBGS,Index Jan 2006=100,Daily
2017-09-12,108.3239,DTWEXBGS,Index Jan 2006=100,Daily
2017-09-13,108.6628,DTWEXBGS,Index Jan 2006=100,Daily
2017-09-14,108.618,DTWEXBGS,Index Jan 2006=100,Daily
2017-09-15,108.3147,DTWEXBGS,Index Jan 2006=100,Daily
2017-09-18,108.6401,DTWEXBGS,Index Jan 2006=100,Daily
2017-09-19,108.6142,DTWEXBGS,Index Jan 2006=100,Daily
2017-09-20,108.4329,DTWEXBGS,Index Jan 2006=100,Daily
2017-09-21,108.9267,DTWEXBGS,Index Jan 2006=100,Daily
2017-09-22,108.7542,DTWEXBGS,Index Jan 2006=100,Daily
2017-09-25,109.3302,DTWEXBGS,Index Jan 2006=100,Daily
2017-09-26,109.7769,DTWEXBGS,Index Jan 2006=100,Daily
2017-09-27,110.0722,DTWEXBGS,Index Jan 2006=100,Daily
2017-09-28,110.2415,DTWEXBGS,Index Jan 2006=100,Daily
2017-09-29,110.0867,DTWEXBGS,Index Jan 2006=100,Daily
2017-10-02,110.3686,DTWEXBGS,Index Jan 2006=100,Daily
2017-10-03,110.3281,DTWEXBGS,Index Jan 2006=100,Daily
2017-10-04,110.2425,DTWEXBGS,Index Jan 2006=100,Daily
2017-10-05,110.5823,DTWEXBGS,Index Jan 2006=100,Daily
2017-10-06,110.7841,DTWEXBGS,Index Jan 2006=100,Daily
2017-10-09,,DTWEXBGS,Index Jan 2006=100,Daily
2017-10-10,110.3034,DTWEXBGS,Index Jan 2006=100,Daily
2017-10-11,110.3037,DTWEXBGS,Index Jan 2006=100,Daily
2017-10-12,110.3152,DTWEXBGS,Index Jan 2006=100,Daily
2017-10-13,110.2669,DTWEXBGS,Index Jan 2006=100,Daily
2017-10-16,110.5432,DTWEXBGS,Index Jan 2006=100,Daily
2017-10-17,110.9141,DTWEXBGS,Index Jan 2006=100,Daily
2017-10-18,110.7214,DTWEXBGS,Index Jan 2006=100,Daily
2017-10-19,110.4577,DTWEXBGS,Index Jan 2006=100,Daily
2017-10-20,111.0375,DTWEXBGS,Index Jan 2006=100,Daily
2017-10-23,111.2134,DTWEXBGS,Index Jan 2006=100,Daily
2017-10-24,111.4027,DTWEXBGS,Index Jan 2006=100,Daily
2017-10-25,111.3904,DTWEXBGS,Index Jan 2006=100,Daily
2017-10-26,111.6418,DTWEXBGS,Index Jan 2006=100,Daily
2017-10-27,112.1495,DTWEXBGS,Index Jan 2006=100,Daily
2017-10-30,111.901,DTWEXBGS,Index Jan 2006=100,Daily
2017-10-31,111.8052,DTWEXBGS,Index Jan 2006=100,Daily
2017-11-01,111.7942,DTWEXBGS,Index Jan 2006=100,Daily
2017-11-02,111.5474,DTWEXBGS,Index Jan 2006=100,Daily
2017-11-03,111.9383,DTWEXBGS,Index Jan 2006=100,Daily
2017-11-06,111.7197,DTWEXBGS,Index Jan 2006=100,Daily
2017-11-07,111.9446,DTWEXBGS,Index Jan 2006=100,Daily
2017-11-08,111.6935,DTWEXBGS,Index Jan 2006=100,Daily
2017-11-09,111.5626,DTWEXBGS,Index Jan 2006=100,Daily
2017-11-10,,DTWEXBGS,Index Jan 2006=100,Daily
2017-11-13,111.7833,DTWEXBGS,Index Jan 2006=100,Daily
2017-11-14,111.5097,DTWEXBGS,Index Jan 2006=100,Daily
2017-11-15,111.4809,DTWEXBGS,Index Jan 2006=100,Daily
2017-11-16,111.2568,DTWEXBGS,Index Jan 2006=100,Daily
2017-11-17,111.0016,DTWEXBGS,Index Jan 2006=100,Daily
2017-11-20,111.2599,DTWEXBGS,Index Jan 2006=100,Daily
2017-11-21,110.9828,DTWEXBGS,Index Jan 2006=100,Daily
2017-11-22,110.5632,DTWEXBGS,Index Jan 2006=100,Daily
2017-11-23,,DTWEXBGS,Index Jan 2006=100,Daily
2017-11-24,110.0253,DTWEXBGS,Index Jan 2006=100,Daily
2017-11-27,110.1136,DTWEXBGS,Index Jan 2006=100,Daily
2017-11-28,110.3018,DTWEXBGS,Index Jan 2006=100,Daily
2017-11-29,110.3265,DTWEXBGS,Index Jan 2006=100,Daily
2017-11-30,110.4648,DTWEXBGS,Index Jan 2006=100,Daily
2017-12-01,110.1413,DTWEXBGS,Index Jan 2006=100,Daily
2017-12-04,110.397,DTWEXBGS,Index Jan 2006=100,Daily
2017-12-05,110.4905,DTWEXBGS,Index Jan 2006=100,Daily
2017-12-06,110.8711,DTWEXBGS,Index Jan 2006=100,Daily
2017-12-07,111.0178,DTWEXBGS,Index Jan 2006=100,Daily
2017-12-08,111.2273,DTWEXBGS,Index Jan 2006=100,Daily
2017-12-11,111.0827,DTWEXBGS,Index Jan 2006=100,Daily
2017-12-12,111.5214,DTWEXBGS,Index Jan 2006=100,Daily
2017-12-13,111.2759,DTWEXBGS,Index Jan 2006=100,Daily
2017-12-14,111.0893,DTWEXBGS,Index Jan 2006=100,Daily
2017-12-15,111.1286,DTWEXBGS,Index Jan 2006=100,Daily
2017-12-18,110.9086,DTWEXBGS,Index Jan 2006=100,Daily
2017-12-19,111.1255,DTWEXBGS,Index Jan 2006=100,Daily
2017-12-20,110.8361,DTWEXBGS,Index Jan 2006=100,Daily
2017-12-21,110.8786,DTWEXBGS,Index Jan 2006=100,Daily
2017-12-22,111.0997,DTWEXBGS,Index Jan 2006=100,Daily
2017-12-25,,DTWEXBGS,Index Jan 2006=100,Daily
2017-12-26,110.9758,DTWEXBGS,Index Jan 2006=100,Daily
2017-12-27,110.8553,DTWEXBGS,Index Jan 2006=100,Daily
2017-12-28,110.5154,DTWEXBGS,Index Jan 2006=100,Daily
2017-12-29,110.0783,DTWEXBGS,Index Jan 2006=100,Daily
2018-01-01,,DTWEXBGS,Index Jan 2006=100,Daily
2018-01-02,109.6445,DTWEXBGS,Index Jan 2006=100,Daily
2018-01-03,109.6751,DTWEXBGS,Index Jan 2006=100,Daily
2018-01-04,109.4777,DTWEXBGS,Index Jan 2006=100,Daily
2018-01-05,109.3496,DTWEXBGS,Index Jan 2006=100,Daily
2018-01-08,109.5681,DTWEXBGS,Index Jan 2006=100,Daily
2018-01-09,109.9025,DTWEXBGS,Index Jan 2006=100,Daily
2018-01-10,109.628,DTWEXBGS,Index Jan 2006=100,Daily
2018-01-11,109.4888,DTWEXBGS,Index Jan 2006=100,Daily
2018-01-12,108.901,DTWEXBGS,Index Jan 2006=100,Daily
2018-01-15,,DTWEXBGS,Index Jan 2006=100,Daily
2018-01-16,108.3218,DTWEXBGS,Index Jan 2006=100,Daily
2018-01-17,108.1526,DTWEXBGS,Index Jan 2006=100,Daily
2018-01-18,108.0655,DTWEXBGS,Index Jan 2006=100,Daily
2018-01-19,107.9455,DTWEXBGS,Index Jan 2006=100,Daily
2018-01-22,108.107,DTWEXBGS,Index Jan 2006=100,Daily
2018-01-23,107.9979,DTWEXBGS,Index Jan 2006=100,Daily
2018-01-24,107.0802,DTWEXBGS,Index Jan 2006=100,Daily
2018-01-25,106.5052,DTWEXBGS,Index Jan 2006=100,Daily
2018-01-26,106.6911,DTWEXBGS,Index Jan 2006=100,Daily
2018-01-29,107.1142,DTWEXBGS,Index Jan 2006=100,Daily
2018-01-30,107.1064,DTWEXBGS,Index Jan 2006=100,Daily
2018-01-31,106.7696,DTWEXBGS,Index Jan 2006=100,Daily
2018-02-01,106.4877,DTWEXBGS,Index Jan 2006=100,Daily
2018-02-02,107.1151,DTWEXBGS,Index Jan 2006=100,Daily
2018-02-05,107.33,DTWEXBGS,Index Jan 2006=100,Daily
2018-02-06,107.5204,DTWEXBGS,Index Jan 2006=100,Daily
2018-02-07,107.7175,DTWEXBGS,Index Jan 2006=100,Daily
2018-02-08,108.3025,DTWEXBGS,Index Jan 2006=100,Daily
2018-02-09,108.2582,DTWEXBGS,Index Jan 2006=100,Daily
2018-02-12,108.0332,DTWEXBGS,Index Jan 2006=100,Daily
2018-02-13,107.7574,DTWEXBGS,Index Jan 2006=100,Daily
2018-02-14,107.4691,DTWEXBGS,Index Jan 2006=100,Daily
2018-02-15,106.9867,DTWEXBGS,Index Jan 2006=100,Daily
2018-02-16,107.0359,DTWEXBGS,Index Jan 2006=100,Daily
2018-02-19,,DTWEXBGS,Index Jan 2006=100,Daily
2018-02-20,107.6249,DTWEXBGS,Index Jan 2006=100,Daily
2018-02-21,107.8679,DTWEXBGS,Index Jan 2006=100,Daily
2018-02-22,107.8668,DTWEXBGS,Index Jan 2006=100,Daily
2018-02-23,107.6804,DTWEXBGS,Index Jan 2006=100,Daily
2018-02-26,107.7347,DTWEXBGS,Index Jan 2006=100,Daily
2018-02-27,108.1731,DTWEXBGS,Index Jan 2006=100,Daily
2018-02-28,108.3903,DTWEXBGS,Index Jan 2006=100,Daily
2018-03-01,108.5358,DTWEXBGS,Index Jan 2006=100,Daily
2018-03-02,,DTWEXBGS,Index Jan 2006=100,Daily
2018-03-05,108.3614,DTWEXBGS,Index Jan 2006=100,Daily
2018-03-06,107.7969,DTWEXBGS,Index Jan 2006=100,Daily
2018-03-07,108.0911,DTWEXBGS,Index Jan 2006=100,Daily
2018-03-08,108.2671,DTWEXBGS,Index Jan 2006=100,Daily
2018-03-09,107.923,DTWEXBGS,Index Jan 2006=100,Daily
2018-03-12,107.9438,DTWEXBGS,Index Jan 2006=100,Daily
2018-03-13,107.7384,DTWEXBGS,Index Jan 2006=100,Daily
2018-03-14,107.8623,DTWEXBGS,Index Jan 2006=100,Daily
2018-03-15,108.2032,DTWEXBGS,Index Jan 2006=100,Daily
2018-03-16,108.4332,DTWEXBGS,Index Jan 2006=100,Daily
2018-03-19,108.3145,DTWEXBGS,Index Jan 2006=100,Daily
2018-03-20,108.4953,DTWEXBGS,Index Jan 2006=100,Daily
2018-03-21,,DTWEXBGS,Index Jan 2006=100,Daily
2018-03-22,107.9935,DTWEXBGS,Index Jan 2006=100,Daily
2018-03-23,107.7495,DTWEXBGS,Index Jan 2006=100,Daily
2018-03-26,107.1819,DTWEXBGS,Index Jan 2006=100,Daily
2018-03-27,107.3359,DTWEXBGS,Index Jan 2006=100,Daily
2018-03-28,107.5733,DTWEXBGS,Index Jan 2006=100,Daily
2018-03-29,107.665,DTWEXBGS,Index Jan 2006=100,Daily
2018-03-30,107.4784,DTWEXBGS,Index Jan 2006=100,Daily
2018-04-02,107.7033,DTWEXBGS,Index Jan 2006=100,Daily
2018-04-03,107.5624,DTWEXBGS,Index Jan 2006=100,Daily
2018-04-04,107.6361,DTWEXBGS,Index Jan 2006=100,Daily
2018-04-05,107.7281,DTWEXBGS,Index Jan 2006=100,Daily
2018-04-06,107.7886,DTWEXBGS,Index Jan 2006=100,Daily
2018-04-09,107.5316,DTWEXBGS,Index Jan 2006=100,Daily
2018-04-10,107.3659,DTWEXBGS,Index Jan 2006=100,Daily
2018-04-11,107.1224,DTWEXBGS,Index Jan 2006=100,Daily
2018-04-12,107.2905,DTWEXBGS,Index Jan 2006=100,Daily
2018-04-13,107.2368,DTWEXBGS,Index Jan 2006=100,Daily
2018-04-16,107.0595,DTWEXBGS,Index Jan 2006=100,Daily
2018-04-17,107.0344,DTWEXBGS,Index Jan 2006=100,Daily
2018-04-18,107.1096,DTWEXBGS,Index Jan 2006=100,Daily
2018-04-19,107.5197,DTWEXBGS,Index Jan 2006=100,Daily
2018-04-20,108.1787,DTWEXBGS,Index Jan 2006=100,Daily
2018-04-23,108.9332,DTWEXBGS,Index Jan 2006=100,Daily
2018-04-24,108.7906,DTWEXBGS,Index Jan 2006=100,Daily
2018-04-25,109.3447,DTWEXBGS,Index Jan 2006=100,Daily
2018-04-26,109.3646,DTWEXBGS,Index Jan 2006=100,Daily
2018-04-27,109.1735,DTWEXBGS,Index Jan 2006=100,Daily
2018-04-30,109.3363,DTWEXBGS,Index Jan 2006=100,Daily
2018-05-01,109.7445,DTWEXBGS,Index Jan 2006=100,Daily
2018-05-02,110.1625,DTWEXBGS,Index Jan 2006=100,Daily
2018-05-03,110.1803,DTWEXBGS,Index Jan 2006=100,Daily
2018-05-04,110.25,DTWEXBGS,Index Jan 2006=100,Daily
2018-05-07,110.5721,DTWEXBGS,Index Jan 2006=100,Daily
2018-05-08,111.063,DTWEXBGS,Index Jan 2006=100,Daily
2018-05-09,110.8818,DTWEXBGS,Index Jan 2006=100,Daily
2018-05-10,110.405,DTWEXBGS,Index Jan 2006=100,Daily
2018-05-11,110.2847,DTWEXBGS,Index Jan 2006=100,Daily
2018-05-14,110.408,DTWEXBGS,Index Jan 2006=100,Daily
2018-05-15,111.2292,DTWEXBGS,Index Jan 2006=100,Daily
2018-05-16,111.3068,DTWEXBGS,Index Jan 2006=100,Daily
2018-05-17,111.3547,DTWEXBGS,Index Jan 2006=100,Daily
2018-05-18,111.7171,DTWEXBGS,Index Jan 2006=100,Daily
2018-05-21,111.6394,DTWEXBGS,Index Jan 2006=100,Daily
2018-05-22,111.1945,DTWEXBGS,Index Jan 2006=100,Daily
2018-05-23,111.6933,DTWEXBGS,Index Jan 2006=100,Daily
2018-05-24,111.4885,DTWEXBGS,Index Jan 2006=100,Daily
2018-05-25,111.5843,DTWEXBGS,Index Jan 2006=100,Daily
2018-05-28,,DTWEXBGS,Index Jan 2006=100,Daily
2018-05-29,112.2127,DTWEXBGS,Index Jan 2006=100,Daily
2018-05-30,111.6731,DTWEXBGS,Index Jan 2006=100,Daily
2018-05-31,111.9894,DTWEXBGS,Index Jan 2006=100,Daily
2018-06-01,111.8265,DTWEXBGS,Index Jan 2006=100,Daily
2018-06-04,111.8247,DTWEXBGS,Index Jan 2006=100,Daily
2018-06-05,112.264,DTWEXBGS,Index Jan 2006=100,Daily
2018-06-06,111.7525,DTWEXBGS,Index Jan 2006=100,Daily
2018-06-07,112.0725,DTWEXBGS,Index Jan 2006=100,Daily
2018-06-08,112.1066,DTWEXBGS,Index Jan 2006=100,Daily
2018-06-11,112.1106,DTWEXBGS,Index Jan 2006=100,Daily
2018-06-12,112.2138,DTWEXBGS,Index Jan 2006=100,Daily
2018-06-13,112.2577,DTWEXBGS,Index Jan 2006=100,Daily
2018-06-14,112.8593,DTWEXBGS,Index Jan 2006=100,Daily
2018-06-15,113.3379,DTWEXBGS,Index Jan 2006=100,Daily
2018-06-18,113.4899,DTWEXBGS,Index Jan 2006=100,Daily
2018-06-19,113.639,DTWEXBGS,Index Jan 2006=100,Daily
2018-06-20,113.4784,DTWEXBGS,Index Jan 2006=100,Daily
2018-06-21,113.6109,DTWEXBGS,Index Jan 2006=100,Daily
2018-06-22,113.3047,DTWEXBGS,Index Jan 2006=100,Daily
2018-06-25,113.286,DTWEXBGS,Index Jan 2006=100,Daily
2018-06-26,113.3016,DTWEXBGS,Index Jan 2006=100,Daily
2018-06-27,113.8971,DTWEXBGS,Index Jan 2006=100,Daily
2018-06-28,113.8405,DTWEXBGS,Index Jan 2006=100,Daily
2018-06-29,113.2586,DTWEXBGS,Index Jan 2006=100,Daily
2018-07-02,114.1673,DTWEXBGS,Index Jan 2006=100,Daily
2018-07-03,113.3222,DTWEXBGS,Index Jan 2006=100,Daily
2018-07-04,,DTWEXBGS,Index Jan 2006=100,Daily
2018-07-05,112.9759,DTWEXBGS,Index Jan 2006=100,Daily
2018-07-06,112.6428,DTWEXBGS,Index Jan 2006=100,Daily
2018-07-09,112.6425,DTWEXBGS,Index Jan 2006=100,Daily
2018-07-10,112.5794,DTWEXBGS,Index Jan 2006=100,Daily
2018-07-11,112.8582,DTWEXBGS,Index Jan 2006=100,Daily
2018-07-12,112.779,DTWEXBGS,Index Jan 2006=100,Daily
2018-07-13,113.0705,DTWEXBGS,Index Jan 2006=100,Daily
2018-07-16,112.8437,DTWEXBGS,Index Jan 2006=100,Daily
2018-07-17,113.1504,DTWEXBGS,Index Jan 2006=100,Daily
2018-07-18,113.3348,DTWEXBGS,Index Jan 2006=100,Daily
2018-07-19,113.9463,DTWEXBGS,Index Jan 2006=100,Daily
2018-07-20,113.3213,DTWEXBGS,Index Jan 2006=100,Daily
2018-07-23,113.4246,DTWEXBGS,Index Jan 2006=100,Daily
2018-07-24,113.2045,DTWEXBGS,Index Jan 2006=100,Daily
2018-07-25,112.9221,DTWEXBGS,Index Jan 2006=100,Daily
2018-07-26,112.9179,DTWEXBGS,Index Jan 2006=100,Daily
2018-07-27,112.8125,DTWEXBGS,Index Jan 2006=100,Daily
2018-07-30,112.6044,DTWEXBGS,Index Jan 2006=100,Daily
2018-07-31,112.7299,DTWEXBGS,Index Jan 2006=100,Daily
2018-08-01,112.8899,DTWEXBGS,Index Jan 2006=100,Daily
2018-08-02,113.1679,DTWEXBGS,Index Jan 2006=100,Daily
2018-08-03,113.012,DTWEXBGS,Index Jan 2006=100,Daily
2018-08-06,113.229,DTWEXBGS,Index Jan 2006=100,Daily
2018-08-07,112.9759,DTWEXBGS,Index Jan 2006=100,Daily
2018-08-08,113.1411,DTWEXBGS,Index Jan 2006=100,Daily
2018-08-09,113.3806,DTWEXBGS,Index Jan 2006=100,Daily
2018-08-10,114.3005,DTWEXBGS,Index Jan 2006=100,Daily
2018-08-13,114.851,DTWEXBGS,Index Jan 2006=100,Daily
2018-08-14,114.658,DTWEXBGS,Index Jan 2006=100,Daily
2018-08-15,115.1526,DTWEXBGS,Index Jan 2006=100,Daily
2018-08-16,114.6416,DTWEXBGS,Index Jan 2006=100,Daily
2018-08-17,114.5339,DTWEXBGS,Index Jan 2006=100,Daily
2018-08-20,114.3504,DTWEXBGS,Index Jan 2006=100,Daily
2018-08-21,113.8604,DTWEXBGS,Index Jan 2006=100,Daily
2018-08-22,113.663,DTWEXBGS,Index Jan 2006=100,Daily
2018-08-23,114.0932,DTWEXBGS,Index Jan 2006=100,Daily
2018-08-24,113.5985,DTWEXBGS,Index Jan 2006=100,Daily
2018-08-27,113.2721,DTWEXBGS,Index Jan 2006=100,Daily
2018-08-28,113.3444,DTWEXBGS,Index Jan 2006=100,Daily
2018-08-29,113.6461,DTWEXBGS,Index Jan 2006=100,Daily
2018-08-30,114.0899,DTWEXBGS,Index Jan 2006=100,Daily
2018-08-31,114.2755,DTWEXBGS,Index Jan 2006=100,Daily
2018-09-03,,DTWEXBGS,Index Jan 2006=100,Daily
2018-09-04,114.8584,DTWEXBGS,Index Jan 2006=100,Daily
2018-09-05,114.7477,DTWEXBGS,Index Jan 2006=100,Daily
2018-09-06,114.6479,DTWEXBGS,Index Jan 2006=100,Daily
2018-09-07,114.5816,DTWEXBGS,Index Jan 2006=100,Daily
2018-09-10,114.6802,DTWEXBGS,Index Jan 2006=100,Daily
2018-09-11,114.7051,DTWEXBGS,Index Jan 2006=100,Daily
2018-09-12,114.2192,DTWEXBGS,Index Jan 2006=100,Daily
2018-09-13,113.9268,DTWEXBGS,Index Jan 2006=100,Daily
2018-09-14,114.0657,DTWEXBGS,Index Jan 2006=100,Daily
2018-09-17,113.9158,DTWEXBGS,Index Jan 2006=100,Daily
2018-09-18,113.7739,DTWEXBGS,Index Jan 2006=100,Daily
2018-09-19,113.6532,DTWEXBGS,Index Jan 2006=100,Daily
2018-09-20,113.4989,DTWEXBGS,Index Jan 2006=100,Daily
2018-09-21,113.5099,DTWEXBGS,Index Jan 2006=100,Daily
2018-09-24,113.5301,DTWEXBGS,Index Jan 2006=100,Daily
2018-09-25,113.7202,DTWEXBGS,Index Jan 2006=100,Daily
2018-09-26,113.6739,DTWEXBGS,Index Jan 2006=100,Daily
2018-09-27,113.9784,DTWEXBGS,Index Jan 2006=100,Daily
2018-09-28,113.8077,DTWEXBGS,Index Jan 2006=100,Daily
2018-10-01,113.8235,DTWEXBGS,Index Jan 2006=100,Daily
2018-10-02,113.8954,DTWEXBGS,Index Jan 2006=100,Daily
2018-10-03,114.1569,DTWEXBGS,Index Jan 2006=100,Daily
2018-10-04,114.6867,DTWEXBGS,Index Jan 2006=100,Daily
2018-10-05,114.561,DTWEXBGS,Index Jan 2006=100,Daily
2018-10-08,,DTWEXBGS,Index Jan 2006=100,Daily
2018-10-09,114.6583,DTWEXBGS,Index Jan 2006=100,Daily
2018-10-10,114.6072,DTWEXBGS,Index Jan 2006=100,Daily
2018-10-11,114.4074,DTWEXBGS,Index Jan 2006=100,Daily
2018-10-12,114.3691,DTWEXBGS,Index Jan 2006=100,Daily
2018-10-15,114.045,DTWEXBGS,Index Jan 2006=100,Daily
2018-10-16,113.8963,DTWEXBGS,Index Jan 2006=100,Daily
2018-10-17,114.1755,DTWEXBGS,Index Jan 2006=100,Daily
2018-10-18,114.8164,DTWEXBGS,Index Jan 2006=100,Daily
2018-10-19,114.8567,DTWEXBGS,Index Jan 2006=100,Daily
2018-10-22,115.1782,DTWEXBGS,Index Jan 2006=100,Daily
2018-10-23,115.1651,DTWEXBGS,Index Jan 2006=100,Daily
2018-10-24,115.3755,DTWEXBGS,Index Jan 2006=100,Daily
2018-10-25,115.4831,DTWEXBGS,Index Jan 2006=100,Daily
2018-10-26,115.473,DTWEXBGS,Index Jan 2006=100,Daily
2018-10-29,115.8936,DTWEXBGS,Index Jan 2006=100,Daily
2018-10-30,116.2357,DTWEXBGS,Index Jan 2006=100,Daily
2018-10-31,116.5281,DTWEXBGS,Index Jan 2006=100,Daily
2018-11-01,115.8657,DTWEXBGS,Index Jan 2006=100,Daily
2018-11-02,115.643,DTWEXBGS,Index Jan 2006=100,Daily
2018-11-05,115.703,DTWEXBGS,Index Jan 2006=100,Daily
2018-11-06,115.5622,DTWEXBGS,Index Jan 2006=100,Daily
2018-11-07,115.2519,DTWEXBGS,Index Jan 2006=100,Daily
2018-11-08,115.6478,DTWEXBGS,Index Jan 2006=100,Daily
2018-11-09,116.4778,DTWEXBGS,Index Jan 2006=100,Daily
2018-11-12,,DTWEXBGS,Index Jan 2006=100,Daily
2018-11-13,116.6694,DTWEXBGS,Index Jan 2006=100,Daily
2018-11-14,116.498,DTWEXBGS,Index Jan 2006=100,Daily
2018-11-15,116.3861,DTWEXBGS,Index Jan 2006=100,Daily
2018-11-16,115.9258,DTWEXBGS,Index Jan 2006=100,Daily
2018-11-19,115.9859,DTWEXBGS,Index Jan 2006=100,Daily
2018-11-20,116.2367,DTWEXBGS,Index Jan 2006=100,Daily
2018-11-21,116.092,DTWEXBGS,Index Jan 2006=100,Daily
2018-11-22,,DTWEXBGS,Index Jan 2006=100,Daily
2018-11-23,116.4713,DTWEXBGS,Index Jan 2006=100,Daily
2018-11-26,116.6208,DTWEXBGS,Index Jan 2006=100,Daily
2018-11-27,116.9001,DTWEXBGS,Index Jan 2006=100,Daily
2018-11-28,116.8343,DTWEXBGS,Index Jan 2006=100,Daily
2018-11-29,116.1961,DTWEXBGS,Index Jan 2006=100,Daily
2018-11-30,116.413,DTWEXBGS,Index Jan 2006=100,Daily
2018-12-03,115.9057,DTWEXBGS,Index Jan 2006=100,Daily
2018-12-04,116.0028,DTWEXBGS,Index Jan 2006=100,Daily
2018-12-05,,DTWEXBGS,Index Jan 2006=100,Daily
2018-12-06,116.3991,DTWEXBGS,Index Jan 2006=100,Daily
2018-12-07,116.0847,DTWEXBGS,Index Jan 2006=100,Daily
2018-12-10,116.6746,DTWEXBGS,Index Jan 2006=100,Daily
2018-12-11,116.7564,DTWEXBGS,Index Jan 2006=100,Daily
2018-12-12,116.2214,DTWEXBGS,Index Jan 2006=100,Daily
2018-12-13,116.3974,DTWEXBGS,Index Jan 2006=100,Daily
2018-12-14,116.79,DTWEXBGS,Index Jan 2006=100,Daily
2018-12-17,116.4532,DTWEXBGS,Index Jan 2006=100,Daily
2018-12-18,116.4127,DTWEXBGS,Index Jan 2006=100,Daily
2018-12-19,116.0676,DTWEXBGS,Index Jan 2006=100,Daily
2018-12-20,116.0183,DTWEXBGS,Index Jan 2006=100,Daily
2018-12-21,116.2227,DTWEXBGS,Index Jan 2006=100,Daily
2018-12-24,116.2182,DTWEXBGS,Index Jan 2006=100,Daily
2018-12-25,,DTWEXBGS,Index Jan 2006=100,Daily
2018-12-26,116.1162,DTWEXBGS,Index Jan 2006=100,Daily
2018-12-27,115.9927,DTWEXBGS,Index Jan 2006=100,Daily
2018-12-28,115.7232,DTWEXBGS,Index Jan 2006=100,Daily
2018-12-31,115.5674,DTWEXBGS,Index Jan 2006=100,Daily
2019-01-01,,DTWEXBGS,Index Jan 2006=100,Daily
2019-01-02,115.7689,DTWEXBGS,Index Jan 2006=100,Daily
2019-01-03,115.4622,DTWEXBGS,Index Jan 2006=100,Daily
2019-01-04,114.9821,DTWEXBGS,Index Jan 2006=100,Daily
2019-01-07,114.5628,DTWEXBGS,Index Jan 2006=100,Daily
2019-01-08,114.7281,DTWEXBGS,Index Jan 2006=100,Daily
2019-01-09,114.1406,DTWEXBGS,Index Jan 2006=100,Daily
2019-01-10,114.0496,DTWEXBGS,Index Jan 2006=100,Daily
2019-01-11,114.0404,DTWEXBGS,Index Jan 2006=100,Daily
2019-01-14,,DTWEXBGS,Index Jan 2006=100,Daily
2019-01-15,114.3402,DTWEXBGS,Index Jan 2006=100,Daily
2019-01-16,114.137,DTWEXBGS,Index Jan 2006=100,Daily
2019-01-17,114.4115,DTWEXBGS,Index Jan 2006=100,Daily
2019-01-18,114.558,DTWEXBGS,Index Jan 2006=100,Daily
2019-01-21,,DTWEXBGS,Index Jan 2006=100,Daily
2019-01-22,114.7541,DTWEXBGS,Index Jan 2006=100,Daily
2019-01-23,114.5759,DTWEXBGS,Index Jan 2006=100,Daily
2019-01-24,114.617,DTWEXBGS,Index Jan 2006=100,Daily
2019-01-25,114.0197,DTWEXBGS,Index Jan 2006=100,Daily
2019-01-28,114.0522,DTWEXBGS,Index Jan 2006=100,Daily
2019-01-29,114.026,DTWEXBGS,Index Jan 2006=100,Daily
2019-01-30,114.0731,DTWEXBGS,Index Jan 2006=100,Daily
2019-01-31,113.5504,DTWEXBGS,Index Jan 2006=100,Daily
2019-02-01,113.7548,DTWEXBGS,Index Jan 2006=100,Daily
2019-02-04,113.8766,DTWEXBGS,Index Jan 2006=100,Daily
2019-02-05,114.0431,DTWEXBGS,Index Jan 2006=100,Daily
2019-02-06,114.2305,DTWEXBGS,Index Jan 2006=100,Daily
2019-02-07,114.4339,DTWEXBGS,Index Jan 2006=100,Daily
2019-02-08,114.5003,DTWEXBGS,Index Jan 2006=100,Daily
2019-02-11,115.031,DTWEXBGS,Index Jan 2006=100,Daily
2019-02-12,114.7297,DTWEXBGS,Index Jan 2006=100,Daily
2019-02-13,114.9407,DTWEXBGS,Index Jan 2006=100,Daily
2019-02-14,115.1007,DTWEXBGS,Index Jan 2006=100,Daily
2019-02-15,114.9923,DTWEXBGS,Index Jan 2006=100,Daily
2019-02-18,,DTWEXBGS,Index Jan 2006=100,Daily
2019-02-19,114.57,DTWEXBGS,Index Jan 2006=100,Daily
2019-02-20,,DTWEXBGS,Index Jan 2006=100,Daily
2019-02-21,114.5091,DTWEXBGS,Index Jan 2006=100,Daily
2019-02-22,114.2716,DTWEXBGS,Index Jan 2006=100,Daily
2019-02-25,114.1457,DTWEXBGS,Index Jan 2006=100,Daily
2019-02-26,114.0687,DTWEXBGS,Index Jan 2006=100,Daily
2019-02-27,114.0363,DTWEXBGS,Index Jan 2006=100,Daily
2019-02-28,114.1991,DTWEXBGS,Index Jan 2006=100,Daily
2019-03-01,114.537,DTWEXBGS,Index Jan 2006=100,Daily
2019-03-04,114.6925,DTWEXBGS,Index Jan 2006=100,Daily
2019-03-05,114.804,DTWEXBGS,Index Jan 2006=100,Daily
2019-03-06,114.9714,DTWEXBGS,Index Jan 2006=100,Daily
2019-03-07,115.4919,DTWEXBGS,Index Jan 2006=100,Daily
2019-03-08,115.3599,DTWEXBGS,Index Jan 2006=100,Daily
2019-03-11,115.2967,DTWEXBGS,Index Jan 2006=100,Daily
2019-03-12,114.939,DTWEXBGS,Index Jan 2006=100,Daily
2019-03-13,114.7372,DTWEXBGS,Index Jan 2006=100,Daily
2019-03-14,114.79,DTWEXBGS,Index Jan 2006=100,Daily
2019-03-15,114.5815,DTWEXBGS,Index Jan 2006=100,Daily
2019-03-18,114.4375,DTWEXBGS,Index Jan 2006=100,Daily
2019-03-19,114.2324,DTWEXBGS,Index Jan 2006=100,Daily
2019-03-20,114.1509,DTWEXBGS,Index Jan 2006=100,Daily
2019-03-21,114.1684,DTWEXBGS,Index Jan 2006=100,Daily
2019-03-22,114.6856,DTWEXBGS,Index Jan 2006=100,Daily
2019-03-25,114.4171,DTWEXBGS,Index Jan 2006=100,Daily
2019-03-26,114.6414,DTWEXBGS,Index Jan 2006=100,Daily
2019-03-27,115.1243,DTWEXBGS,Index Jan 2006=100,Daily
2019-03-28,115.2581,DTWEXBGS,Index Jan 2006=100,Daily
2019-03-29,115.1371,DTWEXBGS,Index Jan 2006=100,Daily
2019-04-01,114.9362,DTWEXBGS,Index Jan 2006=100,Daily
2019-04-02,115.1173,DTWEXBGS,Index Jan 2006=100,Daily
2019-04-03,114.7211,DTWEXBGS,Index Jan 2006=100,Daily
2019-04-04,114.9697,DTWEXBGS,Index Jan 2006=100,Daily
2019-04-05,114.9726,DTWEXBGS,Index Jan 2006=100,Daily
2019-04-08,114.6893,DTWEXBGS,Index Jan 2006=100,Daily
2019-04-09,114.5321,DTWEXBGS,Index Jan 2006=100,Daily
2019-04-10,114.4269,DTWEXBGS,Index Jan 2006=100,Daily
2019-04-11,114.6303,DTWEXBGS,Index Jan 2006=100,Daily
2019-04-12,114.3531,DTWEXBGS,Index Jan 2006=100,Daily
2019-04-15,114.495,DTWEXBGS,Index Jan 2006=100,Daily
2019-04-16,114.6756,DTWEXBGS,Index Jan 2006=100,Daily
2019-04-17,114.5141,DTWEXBGS,Index Jan 2006=100,Daily
2019-04-18,114.7073,DTWEXBGS,Index Jan 2006=100,Daily
2019-04-19,114.6977,DTWEXBGS,Index Jan 2006=100,Daily
2019-04-22,114.7694,DTWEXBGS,Index Jan 2006=100,Daily
2019-04-23,115.1578,DTWEXBGS,Index Jan 2006=100,Daily
2019-04-24,115.4187,DTWEXBGS,Index Jan 2006=100,Daily
2019-04-25,115.7709,DTWEXBGS,Index Jan 2006=100,Daily
2019-04-26,115.4767,DTWEXBGS,Index Jan 2006=100,Daily
2019-04-29,115.5227,DTWEXBGS,Index Jan 2006=100,Daily
2019-04-30,115.3281,DTWEXBGS,Index Jan 2006=100,Daily
2019-05-01,115.0022,DTWEXBGS,Index Jan 2006=100,Daily
2019-05-02,115.5617,DTWEXBGS,Index Jan 2006=100,Daily
2019-05-03,115.2646,DTWEXBGS,Index Jan 2006=100,Daily
2019-05-06,115.3811,DTWEXBGS,Index Jan 2006=100,Daily
2019-05-07,115.6116,DTWEXBGS,Index Jan 2006=100,Daily
2019-05-08,115.5171,DTWEXBGS,Index Jan 2006=100,Daily
2019-05-09,115.8421,DTWEXBGS,Index Jan 2006=100,Daily
2019-05-10,115.5334,DTWEXBGS,Index Jan 2006=100,Daily
2019-05-13,115.915,DTWEXBGS,Index Jan 2006=100,Daily
2019-05-14,115.9425,DTWEXBGS,Index Jan 2006=100,Daily
2019-05-15,115.8565,DTWEXBGS,Index Jan 2006=100,Daily
2019-05-16,116.0346,DTWEXBGS,Index Jan 2006=100,Daily
2019-05-17,116.448,DTWEXBGS,Index Jan 2006=100,Daily
2019-05-20,116.3119,DTWEXBGS,Index Jan 2006=100,Daily
2019-05-21,116.2844,DTWEXBGS,Index Jan 2006=100,Daily
2019-05-22,116.2412,DTWEXBGS,Index Jan 2006=100,Daily
2019-05-23,116.2368,DTWEXBGS,Index Jan 2006=100,Daily
2019-05-24,116.0806,DTWEXBGS,Index Jan 2006=100,Daily
2019-05-27,,DTWEXBGS,Index Jan 2006=100,Daily
2019-05-28,116.3174,DTWEXBGS,Index Jan 2006=100,Daily
2019-05-29,116.5535,DTWEXBGS,Index Jan 2006=100,Daily
2019-05-30,116.3989,DTWEXBGS,Index Jan 2006=100,Daily
2019-05-31,116.7273,DTWEXBGS,Index Jan 2006=100,Daily
2019-06-03,116.4764,DTWEXBGS,Index Jan 2006=100,Daily
2019-06-04,116.091,DTWEXBGS,Index Jan 2006=100,Daily
2019-06-05,116.03,DTWEXBGS,Index Jan 2006=100,Daily
2019-06-06,115.9771,DTWEXBGS,Index Jan 2006=100,Daily
2019-06-07,115.7368,DTWEXBGS,Index Jan 2006=100,Daily
2019-06-10,115.5001,DTWEXBGS,Index Jan 2006=100,Daily
2019-06-11,115.3794,DTWEXBGS,Index Jan 2006=100,Daily
2019-06-12,115.438,DTWEXBGS,Index Jan 2006=100,Daily
2019-06-13,115.6275,DTWEXBGS,Index Jan 2006=100,Daily
2019-06-14,115.9057,DTWEXBGS,Index Jan 2006=100,Daily
2019-06-17,115.9684,DTWEXBGS,Index Jan 2006=100,Daily
2019-06-18,115.8797,DTWEXBGS,Index Jan 2006=100,Daily
2019-06-19,115.7889,DTWEXBGS,Index Jan 2006=100,Daily
2019-06-20,114.8046,DTWEXBGS,Index Jan 2006=100,Daily
2019-06-21,114.8377,DTWEXBGS,Index Jan 2006=100,Daily
2019-06-24,114.6559,DTWEXBGS,Index Jan 2006=100,Daily
2019-06-25,114.6363,DTWEXBGS,Index Jan 2006=100,Daily
2019-06-26,114.5608,DTWEXBGS,Index Jan 2006=100,Daily
2019-06-27,114.665,DTWEXBGS,Index Jan 2006=100,Daily
2019-06-28,114.5821,DTWEXBGS,Index Jan 2006=100,Daily
2019-07-01,114.7239,DTWEXBGS,Index Jan 2006=100,Daily
2019-07-02,114.8258,DTWEXBGS,Index Jan 2006=100,Daily
2019-07-03,114.8135,DTWEXBGS,Index Jan 2006=100,Daily
2019-07-04,,DTWEXBGS,Index Jan 2006=100,Daily
2019-07-05,115.1132,DTWEXBGS,Index Jan 2006=100,Daily
2019-07-08,115.0254,DTWEXBGS,Index Jan 2006=100,Daily
2019-07-09,115.1017,DTWEXBGS,Index Jan 2006=100,Daily
2019-07-10,115.0879,DTWEXBGS,Index Jan 2006=100,Daily
2019-07-11,114.8361,DTWEXBGS,Index Jan 2006=100,Daily
2019-07-12,114.7685,DTWEXBGS,Index Jan 2006=100,Daily
2019-07-15,114.6819,DTWEXBGS,Index Jan 2006=100,Daily
2019-07-16,115.0111,DTWEXBGS,Index Jan 2006=100,Daily
2019-07-17,114.8819,DTWEXBGS,Index Jan 2006=100,Daily
2019-07-18,114.8744,DTWEXBGS,Index Jan 2006=100,Daily
2019-07-19,114.8695,DTWEXBGS,Index Jan 2006=100,Daily
2019-07-22,115.0018,DTWEXBGS,Index Jan 2006=100,Daily
2019-07-23,115.2995,DTWEXBGS,Index Jan 2006=100,Daily
2019-07-24,115.2436,DTWEXBGS,Index Jan 2006=100,Daily
2019-07-25,115.2982,DTWEXBGS,Index Jan 2006=100,Daily
2019-07-26,115.5449,DTWEXBGS,Index Jan 2006=100,Daily
2019-07-29,115.5885,DTWEXBGS,Index Jan 2006=100,Daily
2019-07-30,115.6211,DTWEXBGS,Index Jan 2006=100,Daily
2019-07-31,115.4946,DTWEXBGS,Index Jan 2006=100,Daily
2019-08-01,116.0499,DTWEXBGS,Index Jan 2006=100,Daily
2019-08-02,116.1864,DTWEXBGS,Index Jan 2006=100,Daily
2019-08-05,116.5851,DTWEXBGS,Index Jan 2006=100,Daily
2019-08-06,116.6904,DTWEXBGS,Index Jan 2006=100,Daily
2019-08-07,116.7987,DTWEXBGS,Index Jan 2006=100,Daily
2019-08-08,116.474,DTWEXBGS,Index Jan 2006=100,Daily
2019-08-09,116.4419,DTWEXBGS,Index Jan 2006=100,Daily
2019-08-12,116.7548,DTWEXBGS,Index Jan 2006=100,Daily
2019-08-13,116.7267,DTWEXBGS,Index Jan 2006=100,Daily
2019-08-14,117.0913,DTWEXBGS,Index Jan 2006=100,Daily
2019-08-15,117.2239,DTWEXBGS,Index Jan 2006=100,Daily
2019-08-16,117.0786,DTWEXBGS,Index Jan 2006=100,Daily
2019-08-19,117.3886,DTWEXBGS,Index Jan 2006=100,Daily
2019-08-20,117.3726,DTWEXBGS,Index Jan 2006=100,Daily
2019-08-21,117.1764,DTWEXBGS,Index Jan 2006=100,Daily
2019-08-22,117.3558,DTWEXBGS,Index Jan 2006=100,Daily
2019-08-23,117.3009,DTWEXBGS,Index Jan 2006=100,Daily
2019-08-26,117.6658,DTWEXBGS,Index Jan 2006=100,Daily
2019-08-27,117.75,DTWEXBGS,Index Jan 2006=100,Daily
2019-08-28,117.8767,DTWEXBGS,Index Jan 2006=100,Daily
2019-08-29,118.0625,DTWEXBGS,Index Jan 2006=100,Daily
2019-08-30,118.1575,DTWEXBGS,Index Jan 2006=100,Daily
2019-09-02,,DTWEXBGS,Index Jan 2006=100,Daily
2019-09-03,118.3113,DTWEXBGS,Index Jan 2006=100,Daily
2019-09-04,117.6729,DTWEXBGS,Index Jan 2006=100,Daily
2019-09-05,117.4776,DTWEXBGS,Index Jan 2006=100,Daily
2019-09-06,117.1292,DTWEXBGS,Index Jan 2006=100,Daily
2019-09-09,117.0601,DTWEXBGS,Index Jan 2006=100,Daily
2019-09-10,117.0887,DTWEXBGS,Index Jan 2006=100,Daily
2019-09-11,117.3125,DTWEXBGS,Index Jan 2006=100,Daily
2019-09-12,116.8375,DTWEXBGS,Index Jan 2006=100,Daily
2019-09-13,116.7677,DTWEXBGS,Index Jan 2006=100,Daily
2019-09-16,117.0251,DTWEXBGS,Index Jan 2006=100,Daily
2019-09-17,116.9826,DTWEXBGS,Index Jan 2006=100,Daily
2019-09-18,116.9766,DTWEXBGS,Index Jan 2006=100,Daily
2019-09-19,117.0861,DTWEXBGS,Index Jan 2006=100,Daily
2019-09-20,117.1819,DTWEXBGS,Index Jan 2006=100,Daily
2019-09-23,117.2986,DTWEXBGS,Index Jan 2006=100,Daily
2019-09-24,117.2227,DTWEXBGS,Index Jan 2006=100,Daily
2019-09-25,117.6527,DTWEXBGS,Index Jan 2006=100,Daily
2019-09-26,117.7267,DTWEXBGS,Index Jan 2006=100,Daily
2019-09-27,117.7218,DTWEXBGS,Index Jan 2006=100,Daily
2019-09-30,117.9461,DTWEXBGS,Index Jan 2006=100,Daily
2019-10-01,117.9595,DTWEXBGS,Index Jan 2006=100,Daily
2019-10-02,117.9671,DTWEXBGS,Index Jan 2006=100,Daily
2019-10-03,117.6608,DTWEXBGS,Index Jan 2006=100,Daily
2019-10-04,117.5288,DTWEXBGS,Index Jan 2006=100,Daily
2019-10-07,117.5533,DTWEXBGS,Index Jan 2006=100,Daily
2019-10-08,117.7407,DTWEXBGS,Index Jan 2006=100,Daily
2019-10-09,117.6835,DTWEXBGS,Index Jan 2006=100,Daily
2019-10-10,117.2801,DTWEXBGS,Index Jan 2006=100,Daily
2019-10-11,116.8239,DTWEXBGS,Index Jan 2006=100,Daily
2019-10-14,,DTWEXBGS,Index Jan 2006=100,Daily
2019-10-15,116.8111,DTWEXBGS,Index Jan 2006=100,Daily
2019-10-16,116.6425,DTWEXBGS,Index Jan 2006=100,Daily
2019-10-17,116.2615,DTWEXBGS,Index Jan 2006=100,Daily
2019-10-18,116.1344,DTWEXBGS,Index Jan 2006=100,Daily
2019-10-21,116.0436,DTWEXBGS,Index Jan 2006=100,Daily
2019-10-22,115.9851,DTWEXBGS,Index Jan 2006=100,Daily
2019-10-23,116.0586,DTWEXBGS,Index Jan 2006=100,Daily
2019-10-24,116.1278,DTWEXBGS,Index Jan 2006=100,Daily
2019-10-25,116.0774,DTWEXBGS,Index Jan 2006=100,Daily
2019-10-28,116.0222,DTWEXBGS,Index Jan 2006=100,Daily
2019-10-29,115.9797,DTWEXBGS,Index Jan 2006=100,Daily
2019-10-30,116.1636,DTWEXBGS,Index Jan 2006=100,Daily
2019-10-31,115.9125,DTWEXBGS,Index Jan 2006=100,Daily
2019-11-01,115.7312,DTWEXBGS,Index Jan 2006=100,Daily
2019-11-04,115.8624,DTWEXBGS,Index Jan 2006=100,Daily
2019-11-05,116.1138,DTWEXBGS,Index Jan 2006=100,Daily
2019-11-06,116.1004,DTWEXBGS,Index Jan 2006=100,Daily
2019-11-07,116.1172,DTWEXBGS,Index Jan 2006=100,Daily
2019-11-08,116.3436,DTWEXBGS,Index Jan 2006=100,Daily
2019-11-11,,DTWEXBGS,Index Jan 2006=100,Daily
2019-11-12,116.5837,DTWEXBGS,Index Jan 2006=100,Daily
2019-11-13,116.8397,DTWEXBGS,Index Jan 2006=100,Daily
2019-11-14,116.8022,DTWEXBGS,Index Jan 2006=100,Daily
2019-11-15,116.4401,DTWEXBGS,Index Jan 2006=100,Daily
2019-11-18,116.3625,DTWEXBGS,Index Jan 2006=100,Daily
2019-11-19,116.5391,DTWEXBGS,Index Jan 2006=100,Daily
2019-11-20,116.828,DTWEXBGS,Index Jan 2006=100,Daily
2019-11-21,116.7435,DTWEXBGS,Index Jan 2006=100,Daily
2019-11-22,116.9137,DTWEXBGS,Index Jan 2006=100,Daily
2019-11-25,117.0098,DTWEXBGS,Index Jan 2006=100,Daily
2019-11-26,117.0513,DTWEXBGS,Index Jan 2006=100,Daily
2019-11-27,117.1273,DTWEXBGS,Index Jan 2006=100,Daily
2019-11-28,,DTWEXBGS,Index Jan 2006=100,Daily
2019-11-29,117.1204,DTWEXBGS,Index Jan 2006=100,Daily
2019-12-02,116.9647,DTWEXBGS,Index Jan 2006=100,Daily
2019-12-03,116.8898,DTWEXBGS,Index Jan 2006=100,Daily
2019-12-04,116.692,DTWEXBGS,Index Jan 2006=100,Daily
2019-12-05,116.3838,DTWEXBGS,Index Jan 2006=100,Daily
2019-12-06,116.5381,DTWEXBGS,Index Jan 2006=100,Daily
2019-12-09,116.3283,DTWEXBGS,Index Jan 2006=100,Daily
2019-12-10,116.2542,DTWEXBGS,Index Jan 2006=100,Daily
2019-12-11,116.1478,DTWEXBGS,Index Jan 2006=100,Daily
2019-12-12,115.8741,DTWEXBGS,Index Jan 2006=100,Daily
2019-12-13,115.6967,DTWEXBGS,Index Jan 2006=100,Daily
2019-12-16,115.555,DTWEXBGS,Index Jan 2006=100,Daily
2019-12-17,115.5553,DTWEXBGS,Index Jan 2006=100,Daily
2019-12-18,115.6618,DTWEXBGS,Index Jan 2006=100,Daily
2019-12-19,115.5988,DTWEXBGS,Index Jan 2006=100,Daily
2019-12-20,115.7598,DTWEXBGS,Index Jan 2006=100,Daily
2019-12-23,115.8059,DTWEXBGS,Index Jan 2006=100,Daily
2019-12-24,,DTWEXBGS,Index Jan 2006=100,Daily
2019-12-25,,DTWEXBGS,Index Jan 2006=100,Daily
2019-12-26,115.634,DTWEXBGS,Index Jan 2006=100,Daily
2019-12-27,115.22,DTWEXBGS,Index Jan 2006=100,Daily
2019-12-30,114.9631,DTWEXBGS,Index Jan 2006=100,Daily
2019-12-31,114.669,DTWEXBGS,Index Jan 2006=100,Daily
2020-01-01,,DTWEXBGS,Index Jan 2006=100,Daily
2020-01-02,114.9745,DTWEXBGS,Index Jan 2006=100,Daily
2020-01-03,114.9867,DTWEXBGS,Index Jan 2006=100,Daily
2020-01-06,114.9557,DTWEXBGS,Index Jan 2006=100,Daily
2020-01-07,115.1477,DTWEXBGS,Index Jan 2006=100,Daily
2020-01-08,115.1328,DTWEXBGS,Index Jan 2006=100,Daily
2020-01-09,115.2331,DTWEXBGS,Index Jan 2006=100,Daily
2020-01-10,115.0677,DTWEXBGS,Index Jan 2006=100,Daily
2020-01-13,115.0342,DTWEXBGS,Index Jan 2006=100,Daily
2020-01-14,115.0239,DTWEXBGS,Index Jan 2006=100,Daily
2020-01-15,114.9528,DTWEXBGS,Index Jan 2006=100,Daily
2020-01-16,115.0006,DTWEXBGS,Index Jan 2006=100,Daily
2020-01-17,115.0656,DTWEXBGS,Index Jan 2006=100,Daily
2020-01-20,,DTWEXBGS,Index Jan 2006=100,Daily
2020-01-21,115.1876,DTWEXBGS,Index Jan 2006=100,Daily
2020-01-22,115.2273,DTWEXBGS,Index Jan 2006=100,Daily
2020-01-23,115.5545,DTWEXBGS,Index Jan 2006=100,Daily
2020-01-24,115.5556,DTWEXBGS,Index Jan 2006=100,Daily
2020-01-27,115.8004,DTWEXBGS,Index Jan 2006=100,Daily
2020-01-28,115.7239,DTWEXBGS,Index Jan 2006=100,Daily
2020-01-29,115.7003,DTWEXBGS,Index Jan 2006=100,Daily
2020-01-30,115.8077,DTWEXBGS,Index Jan 2006=100,Daily
2020-01-31,115.7345,DTWEXBGS,Index Jan 2006=100,Daily
2020-02-03,116.1172,DTWEXBGS,Index Jan 2006=100,Daily
2020-02-04,115.9291,DTWEXBGS,Index Jan 2006=100,Daily
2020-02-05,116.009,DTWEXBGS,Index Jan 2006=100,Daily
2020-02-06,116.1518,DTWEXBGS,Index Jan 2006=100,Daily
2020-02-07,116.5086,DTWEXBGS,Index Jan 2006=100,Daily
2020-02-10,116.5711,DTWEXBGS,Index Jan 2006=100,Daily
2020-02-11,116.3585,DTWEXBGS,Index Jan 2006=100,Daily
2020-02-12,116.2794,DTWEXBGS,Index Jan 2006=100,Daily
2020-02-13,116.3999,DTWEXBGS,Index Jan 2006=100,Daily
2020-02-14,116.4223,DTWEXBGS,Index Jan 2006=100,Daily
2020-02-17,,DTWEXBGS,Index Jan 2006=100,Daily
2020-02-18,116.6039,DTWEXBGS,Index Jan 2006=100,Daily
2020-02-19,116.7829,DTWEXBGS,Index Jan 2006=100,Daily
2020-02-20,117.2454,DTWEXBGS,Index Jan 2006=100,Daily
2020-02-21,117.0473,DTWEXBGS,Index Jan 2006=100,Daily
2020-02-24,117.4018,DTWEXBGS,Index Jan 2006=100,Daily
2020-02-25,117.2425,DTWEXBGS,Index Jan 2006=100,Daily
2020-02-26,117.405,DTWEXBGS,Index Jan 2006=100,Daily
2020-02-27,117.3678,DTWEXBGS,Index Jan 2006=100,Daily
2020-02-28,117.6568,DTWEXBGS,Index Jan 2006=100,Daily
2020-03-02,116.8144,DTWEXBGS,Index Jan 2006=100,Daily
2020-03-03,116.4958,DTWEXBGS,Index Jan 2006=100,Daily
2020-03-04,116.7802,DTWEXBGS,Index Jan 2006=100,Daily
2020-03-05,116.7901,DTWEXBGS,Index Jan 2006=100,Daily
2020-03-06,116.7106,DTWEXBGS,Index Jan 2006=100,Daily
2020-03-09,117.1871,DTWEXBGS,Index Jan 2006=100,Daily
2020-03-10,117.9027,DTWEXBGS,Index Jan 2006=100,Daily
2020-03-11,118.2505,DTWEXBGS,Index Jan 2006=100,Daily
2020-03-12,120.4883,DTWEXBGS,Index Jan 2006=100,Daily
2020-03-13,120.4388,DTWEXBGS,Index Jan 2006=100,Daily
2020-03-16,120.9352,DTWEXBGS,Index Jan 2006=100,Daily
2020-03-17,122.4816,DTWEXBGS,Index Jan 2006=100,Daily
2020-03-18,124.1623,DTWEXBGS,Index Jan 2006=100,Daily
2020-03-19,125.0587,DTWEXBGS,Index Jan 2006=100,Daily
2020-03-20,124.9362,DTWEXBGS,Index Jan 2006=100,Daily
2020-03-23,126.1262,DTWEXBGS,Index Jan 2006=100,Daily
2020-03-24,125.5001,DTWEXBGS,Index Jan 2006=100,Daily
2020-03-25,124.7916,DTWEXBGS,Index Jan 2006=100,Daily
2020-03-26,122.4308,DTWEXBGS,Index Jan 2006=100,Daily
2020-03-27,122.4007,DTWEXBGS,Index Jan 2006=100,Daily
2020-03-30,123.2883,DTWEXBGS,Index Jan 2006=100,Daily
2020-03-31,122.5301,DTWEXBGS,Index Jan 2006=100,Daily
2020-04-01,123.7933,DTWEXBGS,Index Jan 2006=100,Daily
2020-04-02,123.5916,DTWEXBGS,Index Jan 2006=100,Daily
2020-04-03,124.4152,DTWEXBGS,Index Jan 2006=100,Daily
2020-04-06,124.16,DTWEXBGS,Index Jan 2006=100,Daily
2020-04-07,123.0956,DTWEXBGS,Index Jan 2006=100,Daily
2020-04-08,123.2216,DTWEXBGS,Index Jan 2006=100,Daily
2020-04-09,122.476,DTWEXBGS,Index Jan 2006=100,Daily
2020-04-10,122.1592,DTWEXBGS,Index Jan 2006=100,Daily
2020-04-13,122.5203,DTWEXBGS,Index Jan 2006=100,Daily
2020-04-14,122.1121,DTWEXBGS,Index Jan 2006=100,Daily
2020-04-15,123.0752,DTWEXBGS,Index Jan 2006=100,Daily
2020-04-16,123.4615,DTWEXBGS,Index Jan 2006=100,Daily
2020-04-17,122.871,DTWEXBGS,Index Jan 2006=100,Daily
2020-04-20,123.1033,DTWEXBGS,Index Jan 2006=100,Daily
2020-04-21,123.9116,DTWEXBGS,Index Jan 2006=100,Daily
2020-04-22,123.9256,DTWEXBGS,Index Jan 2006=100,Daily
2020-04-23,123.7542,DTWEXBGS,Index Jan 2006=100,Daily
2020-04-24,124.1615,DTWEXBGS,Index Jan 2006=100,Daily
2020-04-27,123.8843,DTWEXBGS,Index Jan 2006=100,Daily
2020-04-28,123.3693,DTWEXBGS,Index Jan 2006=100,Daily
2020-04-29,122.7782,DTWEXBGS,Index Jan 2006=100,Daily
2020-04-30,122.327,DTWEXBGS,Index Jan 2006=100,Daily
2020-05-01,123.1492,DTWEXBGS,Index Jan 2006=100,Daily
2020-05-04,123.2117,DTWEXBGS,Index Jan 2006=100,Daily
2020-05-05,122.803,DTWEXBGS,Index Jan 2006=100,Daily
2020-05-06,123.609,DTWEXBGS,Index Jan 2006=100,Daily
2020-05-07,123.1249,DTWEXBGS,Index Jan 2006=100,Daily
2020-05-08,122.5379,DTWEXBGS,Index Jan 2006=100,Daily
2020-05-11,123.2333,DTWEXBGS,Index Jan 2006=100,Daily
2020-05-12,123.0592,DTWEXBGS,Index Jan 2006=100,Daily
2020-05-13,123.5408,DTWEXBGS,Index Jan 2006=100,Daily
2020-05-14,123.6429,DTWEXBGS,Index Jan 2006=100,Daily
2020-05-15,123.5991,DTWEXBGS,Index Jan 2006=100,Daily
2020-05-18,122.7968,DTWEXBGS,Index Jan 2006=100,Daily
2020-05-19,122.5655,DTWEXBGS,Index Jan 2006=100,Daily
2020-05-20,122.1007,DTWEXBGS,Index Jan 2006=100,Daily
2020-05-21,122.0914,DTWEXBGS,Index Jan 2006=100,Daily
2020-05-22,122.3211,DTWEXBGS,Index Jan 2006=100,Daily
2020-05-25,,DTWEXBGS,Index Jan 2006=100,Daily
2020-05-26,121.3864,DTWEXBGS,Index Jan 2006=100,Daily
2020-05-27,121.5677,DTWEXBGS,Index Jan 2006=100,Daily
2020-05-28,121.0138,DTWEXBGS,Index Jan 2006=100,Daily
2020-05-29,120.9458,DTWEXBGS,Index Jan 2006=100,Daily
2020-06-01,120.2686,DTWEXBGS,Index Jan 2006=100,Daily
2020-06-02,119.6854,DTWEXBGS,Index Jan 2006=100,Daily
2020-06-03,119.2556,DTWEXBGS,Index Jan 2006=100,Daily
2020-06-04,119.3014,DTWEXBGS,Index Jan 2006=100,Daily
2020-06-05,118.8138,DTWEXBGS,Index Jan 2006=100,Daily
2020-06-08,118.6621,DTWEXBGS,Index Jan 2006=100,Daily
2020-06-09,118.5893,DTWEXBGS,Index Jan 2006=100,Daily
2020-06-10,118.5231,DTWEXBGS,Index Jan 2006=100,Daily
2020-06-11,119.2347,DTWEXBGS,Index Jan 2006=100,Daily
2020-06-12,119.6645,DTWEXBGS,Index Jan 2006=100,Daily
2020-06-15,119.9539,DTWEXBGS,Index Jan 2006=100,Daily
2020-06-16,119.567,DTWEXBGS,Index Jan 2006=100,Daily
2020-06-17,119.9105,DTWEXBGS,Index Jan 2006=100,Daily
2020-06-18,120.2173,DTWEXBGS,Index Jan 2006=100,Daily
2020-06-19,120.2186,DTWEXBGS,Index Jan 2006=100,Daily
2020-06-22,119.7532,DTWEXBGS,Index Jan 2006=100,Daily
2020-06-23,119.3285,DTWEXBGS,Index Jan 2006=100,Daily
2020-06-24,119.9744,DTWEXBGS,Index Jan 2006=100,Daily
2020-06-25,120.2997,DTWEXBGS,Index Jan 2006=100,Daily
2020-06-26,120.533,DTWEXBGS,Index Jan 2006=100,Daily
2020-06-29,120.6658,DTWEXBGS,Index Jan 2006=100,Daily
2020-06-30,120.4649,DTWEXBGS,Index Jan 2006=100,Daily
2020-07-01,120.0808,DTWEXBGS,Index Jan 2006=100,Daily
2020-07-02,119.8555,DTWEXBGS,Index Jan 2006=100,Daily
2020-07-03,,DTWEXBGS,Index Jan 2006=100,Daily
2020-07-06,119.2852,DTWEXBGS,Index Jan 2006=100,Daily
2020-07-07,119.5717,DTWEXBGS,Index Jan 2006=100,Daily
2020-07-08,119.5525,DTWEXBGS,Index Jan 2006=100,Daily
2020-07-09,119.5129,DTWEXBGS,Index Jan 2006=100,Daily
2020-07-10,119.3509,DTWEXBGS,Index Jan 2006=100,Daily
2020-07-13,119.1891,DTWEXBGS,Index Jan 2006=100,Daily
2020-07-14,119.3901,DTWEXBGS,Index Jan 2006=100,Daily
2020-07-15,119.0331,DTWEXBGS,Index Jan 2006=100,Daily
2020-07-16,118.9275,DTWEXBGS,Index Jan 2006=100,Daily
2020-07-17,119.124,DTWEXBGS,Index Jan 2006=100,Daily
2020-07-20,119.0483,DTWEXBGS,Index Jan 2006=100,Daily
2020-07-21,118.4042,DTWEXBGS,Index Jan 2006=100,Daily
2020-07-22,118.1337,DTWEXBGS,Index Jan 2006=100,Daily
2020-07-23,118.0613,DTWEXBGS,Index Jan 2006=100,Daily
2020-07-24,118.1329,DTWEXBGS,Index Jan 2006=100,Daily
2020-07-27,117.3869,DTWEXBGS,Index Jan 2006=100,Daily
2020-07-28,117.3189,DTWEXBGS,Index Jan 2006=100,Daily
2020-07-29,117.2126,DTWEXBGS,Index Jan 2006=100,Daily
2020-07-30,117.4008,DTWEXBGS,Index Jan 2006=100,Daily
2020-07-31,117.2082,DTWEXBGS,Index Jan 2006=100,Daily
2020-08-03,117.8074,DTWEXBGS,Index Jan 2006=100,Daily
2020-08-04,117.7833,DTWEXBGS,Index Jan 2006=100,Daily
2020-08-05,116.8736,DTWEXBGS,Index Jan 2006=100,Daily
2020-08-06,117.0422,DTWEXBGS,Index Jan 2006=100,Daily
2020-08-07,117.6239,DTWEXBGS,Index Jan 2006=100,Daily
2020-08-10,117.5821,DTWEXBGS,Index Jan 2006=100,Daily
2020-08-11,117.3781,DTWEXBGS,Index Jan 2006=100,Daily
2020-08-12,117.2559,DTWEXBGS,Index Jan 2006=100,Daily
2020-08-13,117.1193,DTWEXBGS,Index Jan 2006=100,Daily
2020-08-14,116.9395,DTWEXBGS,Index Jan 2006=100,Daily
2020-08-17,116.749,DTWEXBGS,Index Jan 2006=100,Daily
2020-08-18,116.5593,DTWEXBGS,Index Jan 2006=100,Daily
2020-08-19,116.567,DTWEXBGS,Index Jan 2006=100,Daily
2020-08-20,116.8126,DTWEXBGS,Index Jan 2006=100,Daily
2020-08-21,117.0572,DTWEXBGS,Index Jan 2006=100,Daily
2020-08-24,116.912,DTWEXBGS,Index Jan 2006=100,Daily
2020-08-25,116.8206,DTWEXBGS,Index Jan 2006=100,Daily
2020-08-26,116.6243,DTWEXBGS,Index Jan 2006=100,Daily
2020-08-27,116.649,DTWEXBGS,Index Jan 2006=100,Daily
2020-08-28,115.9374,DTWEXBGS,Index Jan 2006=100,Daily
2020-08-31,115.7586,DTWEXBGS,Index Jan 2006=100,Daily
2020-09-01,115.5687,DTWEXBGS,Index Jan 2006=100,Daily
2020-09-02,116.0304,DTWEXBGS,Index Jan 2006=100,Daily
2020-09-03,116.0685,DTWEXBGS,Index Jan 2006=100,Daily
2020-09-04,116.0347,DTWEXBGS,Index Jan 2006=100,Daily
2020-09-07,,DTWEXBGS,Index Jan 2006=100,Daily
2020-09-08,116.4618,DTWEXBGS,Index Jan 2006=100,Daily
2020-09-09,116.1291,DTWEXBGS,Index Jan 2006=100,Daily
2020-09-10,115.8806,DTWEXBGS,Index Jan 2006=100,Daily
2020-09-11,116.0866,DTWEXBGS,Index Jan 2006=100,Daily
2020-09-14,115.6428,DTWEXBGS,Index Jan 2006=100,Daily
2020-09-15,115.5908,DTWEXBGS,Index Jan 2006=100,Daily
2020-09-16,115.3537,DTWEXBGS,Index Jan 2006=100,Daily
2020-09-17,115.4392,DTWEXBGS,Index Jan 2006=100,Daily
2020-09-18,115.2395,DTWEXBGS,Index Jan 2006=100,Daily
2020-09-21,116.378,DTWEXBGS,Index Jan 2006=100,Daily
2020-09-22,116.5438,DTWEXBGS,Index Jan 2006=100,Daily
2020-09-23,117.2526,DTWEXBGS,Index Jan 2006=100,Daily
2020-09-24,117.5473,DTWEXBGS,Index Jan 2006=100,Daily
2020-09-25,117.8679,DTWEXBGS,Index Jan 2006=100,Daily
2020-09-28,117.6178,DTWEXBGS,Index Jan 2006=100,Daily
2020-09-29,117.526,DTWEXBGS,Index Jan 2006=100,Daily
2020-09-30,116.946,DTWEXBGS,Index Jan 2006=100,Daily
2020-10-01,116.7227,DTWEXBGS,Index Jan 2006=100,Daily
2020-10-02,116.7321,DTWEXBGS,Index Jan 2006=100,Daily
2020-10-05,116.1767,DTWEXBGS,Index Jan 2006=100,Daily
2020-10-06,116.2681,DTWEXBGS,Index Jan 2006=100,Daily
2020-10-07,116.3447,DTWEXBGS,Index Jan 2006=100,Daily
2020-10-08,116.1657,DTWEXBGS,Index Jan 2006=100,Daily
2020-10-09,115.2757,DTWEXBGS,Index Jan 2006=100,Daily
2020-10-12,,DTWEXBGS,Index Jan 2006=100,Daily
2020-10-13,115.9107,DTWEXBGS,Index Jan 2006=100,Daily
2020-10-14,115.6872,DTWEXBGS,Index Jan 2006=100,Daily
2020-10-15,116.0964,DTWEXBGS,Index Jan 2006=100,Daily
2020-10-16,115.7679,DTWEXBGS,Index Jan 2006=100,Daily
2020-10-19,115.4031,DTWEXBGS,Index Jan 2006=100,Daily
2020-10-20,115.2485,DTWEXBGS,Index Jan 2006=100,Daily
2020-10-21,114.9108,DTWEXBGS,Index Jan 2006=100,Daily
2020-10-22,115.1158,DTWEXBGS,Index Jan 2006=100,Daily
2020-10-23,115.0126,DTWEXBGS,Index Jan 2006=100,Daily
2020-10-26,115.2797,DTWEXBGS,Index Jan 2006=100,Daily
2020-10-27,115.0131,DTWEXBGS,Index Jan 2006=100,Daily
2020-10-28,115.8023,DTWEXBGS,Index Jan 2006=100,Daily
2020-10-29,116.3069,DTWEXBGS,Index Jan 2006=100,Daily
2020-10-30,116.1354,DTWEXBGS,Index Jan 2006=100,Daily
2020-11-02,116.2361,DTWEXBGS,Index Jan 2006=100,Daily
2020-11-03,115.4802,DTWEXBGS,Index Jan 2006=100,Daily
2020-11-04,115.1677,DTWEXBGS,Index Jan 2006=100,Daily
2020-11-05,114.4556,DTWEXBGS,Index Jan 2006=100,Daily
2020-11-06,113.9919,DTWEXBGS,Index Jan 2006=100,Daily
2020-11-09,114.0895,DTWEXBGS,Index Jan 2006=100,Daily
2020-11-10,114.0757,DTWEXBGS,Index Jan 2006=100,Daily
2020-11-11,,DTWEXBGS,Index Jan 2006=100,Daily
2020-11-12,114.2843,DTWEXBGS,Index Jan 2006=100,Daily
2020-11-13,114.2397,DTWEXBGS,Index Jan 2006=100,Daily
2020-11-16,113.8312,DTWEXBGS,Index Jan 2006=100,Daily
2020-11-17,113.682,DTWEXBGS,Index Jan 2006=100,Daily
2020-11-18,113.46,DTWEXBGS,Index Jan 2006=100,Daily
2020-11-19,113.694,DTWEXBGS,Index Jan 2006=100,Daily
2020-11-20,113.489,DTWEXBGS,Index Jan 2006=100,Daily
2020-11-23,113.7548,DTWEXBGS,Index Jan 2006=100,Daily
2020-11-24,113.4316,DTWEXBGS,Index Jan 2006=100,Daily
2020-11-25,113.1823,DTWEXBGS,Index Jan 2006=100,Daily
2020-11-26,,DTWEXBGS,Index Jan 2006=100,Daily
2020-11-27,,DTWEXBGS,Index Jan 2006=100,Daily
2020-11-30,113.2256,DTWEXBGS,Index Jan 2006=100,Daily
2020-12-01,112.8063,DTWEXBGS,Index Jan 2006=100,Daily
2020-12-02,112.6115,DTWEXBGS,Index Jan 2006=100,Daily
2020-12-03,112.0236,DTWEXBGS,Index Jan 2006=100,Daily
2020-12-04,111.7778,DTWEXBGS,Index Jan 2006=100,Daily
2020-12-07,111.8385,DTWEXBGS,Index Jan 2006=100,Daily
2020-12-08,111.8639,DTWEXBGS,Index Jan 2006=100,Daily
2020-12-09,112.0305,DTWEXBGS,Index Jan 2006=100,Daily
2020-12-10,111.9788,DTWEXBGS,Index Jan 2006=100,Daily
2020-12-11,112.1417,DTWEXBGS,Index Jan 2006=100,Daily
2020-12-14,112.1708,DTWEXBGS,Index Jan 2006=100,Daily
2020-12-15,111.8601,DTWEXBGS,Index Jan 2006=100,Daily
2020-12-16,111.7157,DTWEXBGS,Index Jan 2006=100,Daily
2020-12-17,111.2226,DTWEXBGS,Index Jan 2006=100,Daily
2020-12-18,111.6071,DTWEXBGS,Index Jan 2006=100,Daily
2020-12-21,111.9415,DTWEXBGS,Index Jan 2006=100,Daily
2020-12-22,112.1947,DTWEXBGS,Index Jan 2006=100,Daily
2020-12-23,111.9807,DTWEXBGS,Index Jan 2006=100,Daily
2020-12-24,,DTWEXBGS,Index Jan 2006=100,Daily
2020-12-25,,DTWEXBGS,Index Jan 2006=100,Daily
2020-12-28,111.9752,DTWEXBGS,Index Jan 2006=100,Daily
2020-12-29,111.5172,DTWEXBGS,Index Jan 2006=100,Daily
2020-12-30,111.3084,DTWEXBGS,Index Jan 2006=100,Daily
2020-12-31,111.3169,DTWEXBGS,Index Jan 2006=100,Daily
2021-01-01,,DTWEXBGS,Index Jan 2006=100,Daily
2021-01-04,111.2075,DTWEXBGS,Index Jan 2006=100,Daily
2021-01-05,110.9574,DTWEXBGS,Index Jan 2006=100,Daily
2021-01-06,110.8502,DTWEXBGS,Index Jan 2006=100,Daily
2021-01-07,111.3042,DTWEXBGS,Index Jan 2006=100,Daily
2021-01-08,111.2847,DTWEXBGS,Index Jan 2006=100,Daily
2021-01-11,111.8257,DTWEXBGS,Index Jan 2006=100,Daily
2021-01-12,111.5501,DTWEXBGS,Index Jan 2006=100,Daily
2021-01-13,111.3622,DTWEXBGS,Index Jan 2006=100,Daily
2021-01-14,111.1567,DTWEXBGS,Index Jan 2006=100,Daily
2021-01-15,111.5106,DTWEXBGS,Index Jan 2006=100,Daily
2021-01-18,,DTWEXBGS,Index Jan 2006=100,Daily
2021-01-19,111.4527,DTWEXBGS,Index Jan 2006=100,Daily
2021-01-20,,DTWEXBGS,Index Jan 2006=100,Daily
2021-01-21,111.1973,DTWEXBGS,Index Jan 2006=100,Daily
2021-01-22,111.5516,DTWEXBGS,Index Jan 2006=100,Daily
2021-01-25,111.8676,DTWEXBGS,Index Jan 2006=100,Daily
2021-01-26,111.6572,DTWEXBGS,Index Jan 2006=100,Daily
2021-01-27,112.0782,DTWEXBGS,Index Jan 2006=100,Daily
2021-01-28,112.0059,DTWEXBGS,Index Jan 2006=100,Daily
2021-01-29,111.9511,DTWEXBGS,Index Jan 2006=100,Daily
2021-02-01,112.4189,DTWEXBGS,Index Jan 2006=100,Daily
2021-02-02,112.2862,DTWEXBGS,Index Jan 2006=100,Daily
2021-02-03,112.2567,DTWEXBGS,Index Jan 2006=100,Daily
2021-02-04,112.7469,DTWEXBGS,Index Jan 2006=100,Daily
2021-02-05,112.2379,DTWEXBGS,Index Jan 2006=100,Daily
2021-02-08,112.0428,DTWEXBGS,Index Jan 2006=100,Daily
2021-02-09,111.7675,DTWEXBGS,Index Jan 2006=100,Daily
2021-02-10,111.5834,DTWEXBGS,Index Jan 2006=100,Daily
2021-02-11,111.5272,DTWEXBGS,Index Jan 2006=100,Daily
2021-02-12,111.4889,DTWEXBGS,Index Jan 2006=100,Daily
2021-02-15,,DTWEXBGS,Index Jan 2006=100,Daily
2021-02-16,111.7879,DTWEXBGS,Index Jan 2006=100,Daily
2021-02-17,112.0204,DTWEXBGS,Index Jan 2006=100,Daily
2021-02-18,112.1603,DTWEXBGS,Index Jan 2006=100,Daily
2021-02-19,111.7058,DTWEXBGS,Index Jan 2006=100,Daily
2021-02-22,111.918,DTWEXBGS,Index Jan 2006=100,Daily
2021-02-23,111.8981,DTWEXBGS,Index Jan 2006=100,Daily
2021-02-24,111.7212,DTWEXBGS,Index Jan 2006=100,Daily
2021-02-25,111.9253,DTWEXBGS,Index Jan 2006=100,Daily
2021-02-26,112.8306,DTWEXBGS,Index Jan 2006=100,Daily
2021-03-01,112.5263,DTWEXBGS,Index Jan 2006=100,Daily
2021-03-02,112.5342,DTWEXBGS,Index Jan 2006=100,Daily
2021-03-03,112.7617,DTWEXBGS,Index Jan 2006=100,Daily
2021-03-04,112.7037,DTWEXBGS,Index Jan 2006=100,Daily
2021-03-05,113.7487,DTWEXBGS,Index Jan 2006=100,Daily
2021-03-08,114.2678,DTWEXBGS,Index Jan 2006=100,Daily
2021-03-09,113.928,DTWEXBGS,Index Jan 2006=100,Daily
2021-03-10,113.5881,DTWEXBGS,Index Jan 2006=100,Daily
2021-03-11,112.9214,DTWEXBGS,Index Jan 2006=100,Daily
2021-03-12,113.0269,DTWEXBGS,Index Jan 2006=100,Daily
2021-03-15,113.1928,DTWEXBGS,Index Jan 2006=100,Daily
2021-03-16,112.9839,DTWEXBGS,Index Jan 2006=100,Daily
2021-03-17,113.1589,DTWEXBGS,Index Jan 2006=100,Daily
2021-03-18,112.7744,DTWEXBGS,Index Jan 2006=100,Daily
2021-03-19,112.9756,DTWEXBGS,Index Jan 2006=100,Daily
2021-03-22,113.0023,DTWEXBGS,Index Jan 2006=100,Daily
2021-03-23,113.2916,DTWEXBGS,Index Jan 2006=100,Daily
2021-03-24,113.6565,DTWEXBGS,Index Jan 2006=100,Daily
2021-03-25,114.0016,DTWEXBGS,Index Jan 2006=100,Daily
2021-03-26,113.7406,DTWEXBGS,Index Jan 2006=100,Daily
2021-03-29,113.9314,DTWEXBGS,Index Jan 2006=100,Daily
2021-03-30,114.203,DTWEXBGS,Index Jan 2006=100,Daily
2021-03-31,113.8234,DTWEXBGS,Index Jan 2006=100,Daily
2021-04-01,113.7389,DTWEXBGS,Index Jan 2006=100,Daily
2021-04-02,113.7315,DTWEXBGS,Index Jan 2006=100,Daily
2021-04-05,113.394,DTWEXBGS,Index Jan 2006=100,Daily
2021-04-06,113.1464,DTWEXBGS,Index Jan 2006=100,Daily
2021-04-07,113.2436,DTWEXBGS,Index Jan 2006=100,Daily
2021-04-08,113.0917,DTWEXBGS,Index Jan 2006=100,Daily
2021-04-09,113.2028,DTWEXBGS,Index Jan 2006=100,Daily
2021-04-12,113.1815,DTWEXBGS,Index Jan 2006=100,Daily
2021-04-13,113.0391,DTWEXBGS,Index Jan 2006=100,Daily
2021-04-14,112.7849,DTWEXBGS,Index Jan 2006=100,Daily
2021-04-15,112.6181,DTWEXBGS,Index Jan 2006=100,Daily
2021-04-16,112.4814,DTWEXBGS,Index Jan 2006=100,Daily
2021-04-19,112.1835,DTWEXBGS,Index Jan 2006=100,Daily
2021-04-20,112.2354,DTWEXBGS,Index Jan 2006=100,Daily
2021-04-21,112.1771,DTWEXBGS,Index Jan 2006=100,Daily
2021-04-22,112.2297,DTWEXBGS,Index Jan 2006=100,Daily
2021-04-23,112.0889,DTWEXBGS,Index Jan 2006=100,Daily
2021-04-26,111.8109,DTWEXBGS,Index Jan 2006=100,Daily
2021-04-27,111.9097,DTWEXBGS,Index Jan 2006=100,Daily
2021-04-28,111.7909,DTWEXBGS,Index Jan 2006=100,Daily
2021-04-29,111.7464,DTWEXBGS,Index Jan 2006=100,Daily
2021-04-30,112.0839,DTWEXBGS,Index Jan 2006=100,Daily
2021-05-03,112.005,DTWEXBGS,Index Jan 2006=100,Daily
2021-05-04,112.2896,DTWEXBGS,Index Jan 2006=100,Daily
2021-05-05,112.1514,DTWEXBGS,Index Jan 2006=100,Daily
2021-05-06,111.8401,DTWEXBGS,Index Jan 2006=100,Daily
2021-05-07,111.0249,DTWEXBGS,Index Jan 2006=100,Daily
2021-05-10,110.7905,DTWEXBGS,Index Jan 2006=100,Daily
2021-05-11,110.8921,DTWEXBGS,Index Jan 2006=100,Daily
2021-05-12,111.5636,DTWEXBGS,Index Jan 2006=100,Daily
2021-05-13,111.5955,DTWEXBGS,Index Jan 2006=100,Daily
2021-05-14,111.1353,DTWEXBGS,Index Jan 2006=100,Daily
2021-05-17,111.079,DTWEXBGS,Index Jan 2006=100,Daily
2021-05-18,110.8317,DTWEXBGS,Index Jan 2006=100,Daily
2021-05-19,110.8807,DTWEXBGS,Index Jan 2006=100,Daily
2021-05-20,110.8605,DTWEXBGS,Index Jan 2006=100,Daily
2021-05-21,111.0576,DTWEXBGS,Index Jan 2006=100,Daily
2021-05-24,110.9118,DTWEXBGS,Index Jan 2006=100,Daily
2021-05-25,110.842,DTWEXBGS,Index Jan 2006=100,Daily
2021-05-26,110.8677,DTWEXBGS,Index Jan 2006=100,Daily
2021-05-27,110.8688,DTWEXBGS,Index Jan 2006=100,Daily
2021-05-28,110.7576,DTWEXBGS,Index Jan 2006=100,Daily
2021-05-31,,DTWEXBGS,Index Jan 2006=100,Daily
2021-06-01,110.5046,DTWEXBGS,Index Jan 2006=100,Daily
2021-06-02,110.5799,DTWEXBGS,Index Jan 2006=100,Daily
2021-06-03,111.1782,DTWEXBGS,Index Jan 2006=100,Daily
2021-06-04,110.7521,DTWEXBGS,Index Jan 2006=100,Daily
2021-06-07,110.5155,DTWEXBGS,Index Jan 2006=100,Daily
2021-06-08,110.649,DTWEXBGS,Index Jan 2006=100,Daily
2021-06-09,110.5707,DTWEXBGS,Index Jan 2006=100,Daily
2021-06-10,110.5456,DTWEXBGS,Index Jan 2006=100,Daily
2021-06-11,111.0933,DTWEXBGS,Index Jan 2006=100,Daily
2021-06-14,110.9659,DTWEXBGS,Index Jan 2006=100,Daily
2021-06-15,111.3507,DTWEXBGS,Index Jan 2006=100,Daily
2021-06-16,111.1165,DTWEXBGS,Index Jan 2006=100,Daily
2021-06-17,112.5772,DTWEXBGS,Index Jan 2006=100,Daily
2021-06-18,113.0408,DTWEXBGS,Index Jan 2006=100,Daily
2021-06-21,112.8391,DTWEXBGS,Index Jan 2006=100,Daily
2021-06-22,112.9174,DTWEXBGS,Index Jan 2006=100,Daily
2021-06-23,112.3819,DTWEXBGS,Index Jan 2006=100,Daily
2021-06-24,112.326,DTWEXBGS,Index Jan 2006=100,Daily
2021-06-25,111.9655,DTWEXBGS,Index Jan 2006=100,Daily
2021-06-28,112.0248,DTWEXBGS,Index Jan 2006=100,Daily
2021-06-29,112.2613,DTWEXBGS,Index Jan 2006=100,Daily
2021-06-30,112.5533,DTWEXBGS,Index Jan 2006=100,Daily
2021-07-01,112.74,DTWEXBGS,Index Jan 2006=100,Daily
2021-07-02,112.5425,DTWEXBGS,Index Jan 2006=100,Daily
2021-07-05,,DTWEXBGS,Index Jan 2006=100,Daily
2021-07-06,112.9516,DTWEXBGS,Index Jan 2006=100,Daily
2021-07-07,113.1048,DTWEXBGS,Index Jan 2006=100,Daily
2021-07-08,113.0776,DTWEXBGS,Index Jan 2006=100,Daily
2021-07-09,112.8375,DTWEXBGS,Index Jan 2006=100,Daily
2021-07-12,112.7611,DTWEXBGS,Index Jan 2006=100,Daily
2021-07-13,113.0063,DTWEXBGS,Index Jan 2006=100,Daily
2021-07-14,112.8801,DTWEXBGS,Index Jan 2006=100,Daily
2021-07-15,113.0041,DTWEXBGS,Index Jan 2006=100,Daily
2021-07-16,113.0428,DTWEXBGS,Index Jan 2006=100,Daily
2021-07-19,113.5472,DTWEXBGS,Index Jan 2006=100,Daily
2021-07-20,113.7502,DTWEXBGS,Index Jan 2006=100,Daily
2021-07-21,113.3926,DTWEXBGS,Index Jan 2006=100,Daily
2021-07-22,113.4695,DTWEXBGS,Index Jan 2006=100,Daily
2021-07-23,113.4398,DTWEXBGS,Index Jan 2006=100,Daily
2021-07-26,113.2238,DTWEXBGS,Index Jan 2006=100,Daily
2021-07-27,113.2227,DTWEXBGS,Index Jan 2006=100,Daily
2021-07-28,113.1807,DTWEXBGS,Index Jan 2006=100,Daily
2021-07-29,112.4834,DTWEXBGS,Index Jan 2006=100,Daily
2021-07-30,112.6714,DTWEXBGS,Index Jan 2006=100,Daily
2021-08-02,112.6691,DTWEXBGS,Index Jan 2006=100,Daily
2021-08-03,112.8228,DTWEXBGS,Index Jan 2006=100,Daily
2021-08-04,112.8953,DTWEXBGS,Index Jan 2006=100,Daily
2021-08-05,112.7674,DTWEXBGS,Index Jan 2006=100,Daily
2021-08-06,113.3088,DTWEXBGS,Index Jan 2006=100,Daily
2021-08-09,113.4521,DTWEXBGS,Index Jan 2006=100,Daily
2021-08-10,113.4973,DTWEXBGS,Index Jan 2006=100,Daily
2021-08-11,113.282,DTWEXBGS,Index Jan 2006=100,Daily
2021-08-12,113.2691,DTWEXBGS,Index Jan 2006=100,Daily
2021-08-13,113.0615,DTWEXBGS,Index Jan 2006=100,Daily
2021-08-16,113.1698,DTWEXBGS,Index Jan 2006=100,Daily
2021-08-17,113.6174,DTWEXBGS,Index Jan 2006=100,Daily
2021-08-18,113.6959,DTWEXBGS,Index Jan 2006=100,Daily
2021-08-19,114.1106,DTWEXBGS,Index Jan 2006=100,Daily
2021-08-20,114.5009,DTWEXBGS,Index Jan 2006=100,Daily
2021-08-23,113.9418,DTWEXBGS,Index Jan 2006=100,Daily
2021-08-24,113.6795,DTWEXBGS,Index Jan 2006=100,Daily
2021-08-25,113.6322,DTWEXBGS,Index Jan 2006=100,Daily
2021-08-26,113.7883,DTWEXBGS,Index Jan 2006=100,Daily
2021-08-27,113.3404,DTWEXBGS,Index Jan 2006=100,Daily
2021-08-30,113.246,DTWEXBGS,Index Jan 2006=100,Daily
2021-08-31,113.1076,DTWEXBGS,Index Jan 2006=100,Daily
2021-09-01,112.8732,DTWEXBGS,Index Jan 2006=100,Daily
2021-09-02,112.7863,DTWEXBGS,Index Jan 2006=100,Daily
2021-09-03,112.5476,DTWEXBGS,Index Jan 2006=100,Daily
2021-09-06,,DTWEXBGS,Index Jan 2006=100,Daily
2021-09-07,112.9795,DTWEXBGS,Index Jan 2006=100,Daily
2021-09-08,113.2319,DTWEXBGS,Index Jan 2006=100,Daily
2021-09-09,113.043,DTWEXBGS,Index Jan 2006=100,Daily
2021-09-10,112.9425,DTWEXBGS,Index Jan 2006=100,Daily
2021-09-13,113.0341,DTWEXBGS,Index Jan 2006=100,Daily
2021-09-14,113.0061,DTWEXBGS,Index Jan 2006=100,Daily
2021-09-15,112.9773,DTWEXBGS,Index Jan 2006=100,Daily
2021-09-16,113.3036,DTWEXBGS,Index Jan 2006=100,Daily
2021-09-17,113.5989,DTWEXBGS,Index Jan 2006=100,Daily
2021-09-20,113.9422,DTWEXBGS,Index Jan 2006=100,Daily
2021-09-21,113.8179,DTWEXBGS,Index Jan 2006=100,Daily
2021-09-22,113.6223,DTWEXBGS,Index Jan 2006=100,Daily
2021-09-23,113.513,DTWEXBGS,Index Jan 2006=100,Daily
2021-09-24,113.7597,DTWEXBGS,Index Jan 2006=100,Daily
2021-09-27,113.7432,DTWEXBGS,Index Jan 2006=100,Daily
2021-09-28,114.2469,DTWEXBGS,Index Jan 2006=100,Daily
2021-09-29,114.7092,DTWEXBGS,Index Jan 2006=100,Daily
2021-09-30,114.6403,DTWEXBGS,Index Jan 2006=100,Daily
2021-10-01,114.3798,DTWEXBGS,Index Jan 2006=100,Daily
2021-10-04,114.2739,DTWEXBGS,Index Jan 2006=100,Daily
2021-10-05,114.3654,DTWEXBGS,Index Jan 2006=100,Daily
2021-10-06,114.7185,DTWEXBGS,Index Jan 2006=100,Daily
2021-10-07,114.5044,DTWEXBGS,Index Jan 2006=100,Daily
2021-10-08,114.5986,DTWEXBGS,Index Jan 2006=100,Daily
2021-10-11,,DTWEXBGS,Index Jan 2006=100,Daily
2021-10-12,114.7542,DTWEXBGS,Index Jan 2006=100,Daily
2021-10-13,114.4705,DTWEXBGS,Index Jan 2006=100,Daily
2021-10-14,114.2053,DTWEXBGS,Index Jan 2006=100,Daily
2021-10-15,114.0905,DTWEXBGS,Index Jan 2006=100,Daily
2021-10-18,113.9899,DTWEXBGS,Index Jan 2006=100,Daily
2021-10-19,113.647,DTWEXBGS,Index Jan 2006=100,Daily
2021-10-20,113.5083,DTWEXBGS,Index Jan 2006=100,Daily
2021-10-21,113.6188,DTWEXBGS,Index Jan 2006=100,Daily
2021-10-22,113.67,DTWEXBGS,Index Jan 2006=100,Daily
2021-10-25,113.605,DTWEXBGS,Index Jan 2006=100,Daily
2021-10-26,113.674,DTWEXBGS,Index Jan 2006=100,Daily
2021-10-27,113.6218,DTWEXBGS,Index Jan 2006=100,Daily
2021-10-28,113.4389,DTWEXBGS,Index Jan 2006=100,Daily
2021-10-29,114.1349,DTWEXBGS,Index Jan 2006=100,Daily
2021-11-01,114.2067,DTWEXBGS,Index Jan 2006=100,Daily
2021-11-02,114.2847,DTWEXBGS,Index Jan 2006=100,Daily
2021-11-03,114.3593,DTWEXBGS,Index Jan 2006=100,Daily
2021-11-04,114.3558,DTWEXBGS,Index Jan 2006=100,Daily
2021-11-05,114.0732,DTWEXBGS,Index Jan 2006=100,Daily
2021-11-08,113.8256,DTWEXBGS,Index Jan 2006=100,Daily
2021-11-09,113.762,DTWEXBGS,Index Jan 2006=100,Daily
2021-11-10,114.1484,DTWEXBGS,Index Jan 2006=100,Daily
2021-11-11,,DTWEXBGS,Index Jan 2006=100,Daily
2021-11-12,114.5144,DTWEXBGS,Index Jan 2006=100,Daily
2021-11-15,114.5876,DTWEXBGS,Index Jan 2006=100,Daily
2021-11-16,115.136,DTWEXBGS,Index Jan 2006=100,Daily
2021-11-17,115.0263,DTWEXBGS,Index Jan 2006=100,Daily
2021-11-18,115.0678,DTWEXBGS,Index Jan 2006=100,Daily
2021-11-19,115.2187,DTWEXBGS,Index Jan 2006=100,Daily
2021-11-22,115.6481,DTWEXBGS,Index Jan 2006=100,Daily
2021-11-23,116.0118,DTWEXBGS,Index Jan 2006=100,Daily
2021-11-24,116.2711,DTWEXBGS,Index Jan 2006=100,Daily
2021-11-25,,DTWEXBGS,Index Jan 2006=100,Daily
2021-11-26,116.5103,DTWEXBGS,Index Jan 2006=100,Daily
2021-11-29,116.581,DTWEXBGS,Index Jan 2006=100,Daily
2021-11-30,116.2071,DTWEXBGS,Index Jan 2006=100,Daily
2021-12-01,115.889,DTWEXBGS,Index Jan 2006=100,Daily
2021-12-02,116.018,DTWEXBGS,Index Jan 2006=100,Daily
2021-12-03,116.2377,DTWEXBGS,Index Jan 2006=100,Daily
2021-12-06,116.1538,DTWEXBGS,Index Jan 2006=100,Daily
2021-12-07,115.8555,DTWEXBGS,Index Jan 2006=100,Daily
2021-12-08,115.4418,DTWEXBGS,Index Jan 2006=100,Daily
2021-12-09,115.7784,DTWEXBGS,Index Jan 2006=100,Daily
2021-12-10,115.5732,DTWEXBGS,Index Jan 2006=100,Daily
2021-12-13,115.842,DTWEXBGS,Index Jan 2006=100,Daily
2021-12-14,116.2397,DTWEXBGS,Index Jan 2006=100,Daily
2021-12-15,116.4219,DTWEXBGS,Index Jan 2006=100,Daily
2021-12-16,115.7146,DTWEXBGS,Index Jan 2006=100,Daily
2021-12-17,115.791,DTWEXBGS,Index Jan 2006=100,Daily
2021-12-20,116.0092,DTWEXBGS,Index Jan 2006=100,Daily
2021-12-21,116.1089,DTWEXBGS,Index Jan 2006=100,Daily
2021-12-22,115.7485,DTWEXBGS,Index Jan 2006=100,Daily
2021-12-23,115.5337,DTWEXBGS,Index Jan 2006=100,Daily
2021-12-24,,DTWEXBGS,Index Jan 2006=100,Daily
2021-12-27,115.4684,DTWEXBGS,Index Jan 2006=100,Daily
2021-12-28,115.4192,DTWEXBGS,Index Jan 2006=100,Daily
2021-12-29,115.3678,DTWEXBGS,Index Jan 2006=100,Daily
2021-12-30,115.283,DTWEXBGS,Index Jan 2006=100,Daily
2021-12-31,,DTWEXBGS,Index Jan 2006=100,Daily
2022-01-03,115.4101,DTWEXBGS,Index Jan 2006=100,Daily
2022-01-04,115.3103,DTWEXBGS,Index Jan 2006=100,Daily
2022-01-05,115.137,DTWEXBGS,Index Jan 2006=100,Daily
2022-01-06,115.4046,DTWEXBGS,Index Jan 2006=100,Daily
2022-01-07,115.0451,DTWEXBGS,Index Jan 2006=100,Daily
2022-01-10,115.2216,DTWEXBGS,Index Jan 2006=100,Daily
2022-01-11,114.8332,DTWEXBGS,Index Jan 2006=100,Daily
2022-01-12,114.355,DTWEXBGS,Index Jan 2006=100,Daily
2022-01-13,114.177,DTWEXBGS,Index Jan 2006=100,Daily
2022-01-14,114.3825,DTWEXBGS,Index Jan 2006=100,Daily
2022-01-17,,DTWEXBGS,Index Jan 2006=100,Daily
2022-01-18,114.7373,DTWEXBGS,Index Jan 2006=100,Daily
2022-01-19,114.6109,DTWEXBGS,Index Jan 2006=100,Daily
2022-01-20,114.4642,DTWEXBGS,Index Jan 2006=100,Daily
2022-01-21,114.6125,DTWEXBGS,Index Jan 2006=100,Daily
2022-01-24,115.2034,DTWEXBGS,Index Jan 2006=100,Daily
2022-01-25,115.1654,DTWEXBGS,Index Jan 2006=100,Daily
2022-01-26,115.0922,DTWEXBGS,Index Jan 2006=100,Daily
2022-01-27,115.978,DTWEXBGS,Index Jan 2006=100,Daily
2022-01-28,116.0393,DTWEXBGS,Index Jan 2006=100,Daily
2022-01-31,115.566,DTWEXBGS,Index Jan 2006=100,Daily
2022-02-01,115.3685,DTWEXBGS,Index Jan 2006=100,Daily
2022-02-02,115.1538,DTWEXBGS,Index Jan 2006=100,Daily
2022-02-03,114.9065,DTWEXBGS,Index Jan 2006=100,Daily
2022-02-04,115.1362,DTWEXBGS,Index Jan 2006=100,Daily
2022-02-07,115.0098,DTWEXBGS,Index Jan 2006=100,Daily
2022-02-08,115.0892,DTWEXBGS,Index Jan 2006=100,Daily
2022-02-09,114.8232,DTWEXBGS,Index Jan 2006=100,Daily
2022-02-10,114.5527,DTWEXBGS,Index Jan 2006=100,Daily
2022-02-11,114.8413,DTWEXBGS,Index Jan 2006=100,Daily
2022-02-14,115.1946,DTWEXBGS,Index Jan 2006=100,Daily
2022-02-15,114.93,DTWEXBGS,Index Jan 2006=100,Daily
2022-02-16,114.6886,DTWEXBGS,Index Jan 2006=100,Daily
2022-02-17,114.6755,DTWEXBGS,Index Jan 2006=100,Daily
2022-02-18,114.7982,DTWEXBGS,Index Jan 2006=100,Daily
2022-02-21,,DTWEXBGS,Index Jan 2006=100,Daily
2022-02-22,114.7002,DTWEXBGS,Index Jan 2006=100,Daily
2022-02-23,114.6668,DTWEXBGS,Index Jan 2006=100,Daily
2022-02-24,115.9419,DTWEXBGS,Index Jan 2006=100,Daily
2022-02-25,115.2577,DTWEXBGS,Index Jan 2006=100,Daily
2022-02-28,115.2224,DTWEXBGS,Index Jan 2006=100,Daily
2022-03-01,115.7962,DTWEXBGS,Index Jan 2006=100,Daily
2022-03-02,115.7623,DTWEXBGS,Index Jan 2006=100,Daily
2022-03-03,115.9495,DTWEXBGS,Index Jan 2006=100,Daily
2022-03-04,116.6503,DTWEXBGS,Index Jan 2006=100,Daily
2022-03-07,117.3278,DTWEXBGS,Index Jan 2006=100,Daily
2022-03-08,117.6176,DTWEXBGS,Index Jan 2006=100,Daily
2022-03-09,116.5961,DTWEXBGS,Index Jan 2006=100,Daily
2022-03-10,116.7401,DTWEXBGS,Index Jan 2006=100,Daily
2022-03-11,117.0192,DTWEXBGS,Index Jan 2006=100,Daily
2022-03-14,117.1506,DTWEXBGS,Index Jan 2006=100,Daily
2022-03-15,117.246,DTWEXBGS,Index Jan 2006=100,Daily
2022-03-16,116.8073,DTWEXBGS,Index Jan 2006=100,Daily
2022-03-17,116.0467,DTWEXBGS,Index Jan 2006=100,Daily
2022-03-18,116.1378,DTWEXBGS,Index Jan 2006=100,Daily
2022-03-21,115.9398,DTWEXBGS,Index Jan 2006=100,Daily
2022-03-22,116.0824,DTWEXBGS,Index Jan 2006=100,Daily
2022-03-23,116.005,DTWEXBGS,Index Jan 2006=100,Daily
2022-03-24,115.9599,DTWEXBGS,Index Jan 2006=100,Daily
2022-03-25,115.7921,DTWEXBGS,Index Jan 2006=100,Daily
2022-03-28,116.1911,DTWEXBGS,Index Jan 2006=100,Daily
2022-03-29,115.5679,DTWEXBGS,Index Jan 2006=100,Daily
2022-03-30,115.0818,DTWEXBGS,Index Jan 2006=100,Daily
2022-03-31,115.2218,DTWEXBGS,Index Jan 2006=100,Daily
2022-04-01,115.4814,DTWEXBGS,Index Jan 2006=100,Daily
2022-04-04,115.4112,DTWEXBGS,Index Jan 2006=100,Daily
2022-04-05,115.73,DTWEXBGS,Index Jan 2006=100,Daily
2022-04-06,115.9995,DTWEXBGS,Index Jan 2006=100,Daily
2022-04-07,116.3512,DTWEXBGS,Index Jan 2006=100,Daily
2022-04-08,116.4176,DTWEXBGS,Index Jan 2006=100,Daily
2022-04-11,116.5401,DTWEXBGS,Index Jan 2006=100,Daily
2022-04-12,116.3866,DTWEXBGS,Index Jan 2006=100,Daily
2022-04-13,116.2796,DTWEXBGS,Index Jan 2006=100,Daily
2022-04-14,116.7558,DTWEXBGS,Index Jan 2006=100,Daily
2022-04-15,116.7017,DTWEXBGS,Index Jan 2006=100,Daily
2022-04-18,116.8441,DTWEXBGS,Index Jan 2006=100,Daily
2022-04-19,117.1324,DTWEXBGS,Index Jan 2006=100,Daily
2022-04-20,116.7306,DTWEXBGS,Index Jan 2006=100,Daily
2022-04-21,117.1432,DTWEXBGS,Index Jan 2006=100,Daily
2022-04-22,118.0186,DTWEXBGS,Index Jan 2006=100,Daily
2022-04-25,118.6271,DTWEXBGS,Index Jan 2006=100,Daily
2022-04-26,118.9624,DTWEXBGS,Index Jan 2006=100,Daily
2022-04-27,119.4708,DTWEXBGS,Index Jan 2006=100,Daily
2022-04-28,120.0675,DTWEXBGS,Index Jan 2006=100,Daily
2022-04-29,119.4933,DTWEXBGS,Index Jan 2006=100,Daily
2022-05-02,119.8825,DTWEXBGS,Index Jan 2006=100,Daily
2022-05-03,119.7043,DTWEXBGS,Index Jan 2006=100,Daily
2022-05-04,119.5592,DTWEXBGS,Index Jan 2006=100,Daily
2022-05-05,120.0068,DTWEXBGS,Index Jan 2006=100,Daily
2022-05-06,119.8577,DTWEXBGS,Index Jan 2006=100,Daily
2022-05-09,120.4972,DTWEXBGS,Index Jan 2006=100,Daily
2022-05-10,120.7742,DTWEXBGS,Index Jan 2006=100,Daily
2022-05-11,120.3925,DTWEXBGS,Index Jan 2006=100,Daily
2022-05-12,121.2796,DTWEXBGS,Index Jan 2006=100,Daily
2022-05-13,120.8442,DTWEXBGS,Index Jan 2006=100,Daily
2022-05-16,120.6881,DTWEXBGS,Index Jan 2006=100,Daily
2022-05-17,119.8871,DTWEXBGS,Index Jan 2006=100,Daily
2022-05-18,120.0274,DTWEXBGS,Index Jan 2006=100,Daily
2022-05-19,119.4278,DTWEXBGS,Index Jan 2006=100,Daily
2022-05-20,119.3677,DTWEXBGS,Index Jan 2006=100,Daily
2022-05-23,118.7169,DTWEXBGS,Index Jan 2006=100,Daily
2022-05-24,118.6245,DTWEXBGS,Index Jan 2006=100,Daily
2022-05-25,118.9598,DTWEXBGS,Index Jan 2006=100,Daily
2022-05-26,118.7687,DTWEXBGS,Index Jan 2006=100,Daily
2022-05-27,118.2834,DTWEXBGS,Index Jan 2006=100,Daily
2022-05-30,,DTWEXBGS,Index Jan 2006=100,Daily
2022-05-31,118.0704,DTWEXBGS,Index Jan 2006=100,Daily
2022-06-01,118.6954,DTWEXBGS,Index Jan 2006=100,Daily
2022-06-02,118.0658,DTWEXBGS,Index Jan 2006=100,Daily
2022-06-03,118.2153,DTWEXBGS,Index Jan 2006=100,Daily
2022-06-06,118.3081,DTWEXBGS,Index Jan 2006=100,Daily
2022-06-07,118.4414,DTWEXBGS,Index Jan 2006=100,Daily
2022-06-08,118.3951,DTWEXBGS,Index Jan 2006=100,Daily
2022-06-09,118.9226,DTWEXBGS,Index Jan 2006=100,Daily
2022-06-10,119.9981,DTWEXBGS,Index Jan 2006=100,Daily
2022-06-13,121.1523,DTWEXBGS,Index Jan 2006=100,Daily
2022-06-14,121.6669,DTWEXBGS,Index Jan 2006=100,Daily
2022-06-15,121.6403,DTWEXBGS,Index Jan 2006=100,Daily
2022-06-16,120.6714,DTWEXBGS,Index Jan 2006=100,Daily
2022-06-17,121.2369,DTWEXBGS,Index Jan 2006=100,Daily
2022-06-20,,DTWEXBGS,Index Jan 2006=100,Daily
2022-06-21,120.6427,DTWEXBGS,Index Jan 2006=100,Daily
2022-06-22,120.5197,DTWEXBGS,Index Jan 2006=100,Daily
2022-06-23,120.7622,DTWEXBGS,Index Jan 2006=100,Daily
2022-06-24,120.4853,DTWEXBGS,Index Jan 2006=100,Daily
2022-06-27,120.1736,DTWEXBGS,Index Jan 2006=100,Daily
2022-06-28,120.62,DTWEXBGS,Index Jan 2006=100,Daily
2022-06-29,120.9616,DTWEXBGS,Index Jan 2006=100,Daily
2022-06-30,120.9652,DTWEXBGS,Index Jan 2006=100,Daily
2022-07-01,121.5058,DTWEXBGS,Index Jan 2006=100,Daily
2022-07-04,,DTWEXBGS,Index Jan 2006=100,Daily
2022-07-05,122.6203,DTWEXBGS,Index Jan 2006=100,Daily
2022-07-06,123.0073,DTWEXBGS,Index Jan 2006=100,Daily
2022-07-07,122.7257,DTWEXBGS,Index Jan 2006=100,Daily
2022-07-08,122.4662,DTWEXBGS,Index Jan 2006=100,Daily
2022-07-11,123.2974,DTWEXBGS,Index Jan 2006=100,Daily
2022-07-12,123.4524,DTWEXBGS,Index Jan 2006=100,Daily
2022-07-13,123.2834,DTWEXBGS,Index Jan 2006=100,Daily
2022-07-14,124.0622,DTWEXBGS,Index Jan 2006=100,Daily
2022-07-15,123.4765,DTWEXBGS,Index Jan 2006=100,Daily
2022-07-18,122.7727,DTWEXBGS,Index Jan 2006=100,Daily
2022-07-19,122.4819,DTWEXBGS,Index Jan 2006=100,Daily
2022-07-20,122.5997,DTWEXBGS,Index Jan 2006=100,Daily
2022-07-21,122.9032,DTWEXBGS,Index Jan 2006=100,Daily
2022-07-22,122.451,DTWEXBGS,Index Jan 2006=100,Daily
2022-07-25,122.4594,DTWEXBGS,Index Jan 2006=100,Daily
2022-07-26,122.7581,DTWEXBGS,Index Jan 2006=100,Daily
2022-07-27,122.8169,DTWEXBGS,Index Jan 2006=100,Daily
2022-07-28,122.1161,DTWEXBGS,Index Jan 2006=100,Daily
2022-07-29,121.7678,DTWEXBGS,Index Jan 2006=100,Daily
2022-08-01,121.4109,DTWEXBGS,Index Jan 2006=100,Daily
2022-08-02,121.9486,DTWEXBGS,Index Jan 2006=100,Daily
2022-08-03,122.3888,DTWEXBGS,Index Jan 2006=100,Daily
2022-08-04,121.8333,DTWEXBGS,Index Jan 2006=100,Daily
2022-08-05,122.321,DTWEXBGS,Index Jan 2006=100,Daily
2022-08-08,121.8783,DTWEXBGS,Index Jan 2006=100,Daily
2022-08-09,121.8614,DTWEXBGS,Index Jan 2006=100,Daily
2022-08-10,120.7543,DTWEXBGS,Index Jan 2006=100,Daily
2022-08-11,120.7163,DTWEXBGS,Index Jan 2006=100,Daily
2022-08-12,121.018,DTWEXBGS,Index Jan 2006=100,Daily
2022-08-15,121.4315,DTWEXBGS,Index Jan 2006=100,Daily
2022-08-16,121.6807,DTWEXBGS,Index Jan 2006=100,Daily
2022-08-17,122.0711,DTWEXBGS,Index Jan 2006=100,Daily
2022-08-18,122.3627,DTWEXBGS,Index Jan 2006=100,Daily
2022-08-19,123.0501,DTWEXBGS,Index Jan 2006=100,Daily
2022-08-22,123.605,DTWEXBGS,Index Jan 2006=100,Daily
2022-08-23,123.0547,DTWEXBGS,Index Jan 2006=100,Daily
2022-08-24,123.109,DTWEXBGS,Index Jan 2006=100,Daily
2022-08-25,123.0586,DTWEXBGS,Index Jan 2006=100,Daily
2022-08-26,123.0656,DTWEXBGS,Index Jan 2006=100,Daily
2022-08-29,123.4686,DTWEXBGS,Index Jan 2006=100,Daily
2022-08-30,123.6848,DTWEXBGS,Index Jan 2006=100,Daily
2022-08-31,123.535,DTWEXBGS,Index Jan 2006=100,Daily
2022-09-01,124.4006,DTWEXBGS,Index Jan 2006=100,Daily
2022-09-02,123.7743,DTWEXBGS,Index Jan 2006=100,Daily
2022-09-05,,DTWEXBGS,Index Jan 2006=100,Daily
2022-09-06,124.767,DTWEXBGS,Index Jan 2006=100,Daily
2022-09-07,124.8408,DTWEXBGS,Index Jan 2006=100,Daily
2022-09-08,124.578,DTWEXBGS,Index Jan 2006=100,Daily
2022-09-09,123.7874,DTWEXBGS,Index Jan 2006=100,Daily
2022-09-12,123.3332,DTWEXBGS,Index Jan 2006=100,Daily
2022-09-13,124.4242,DTWEXBGS,Index Jan 2006=100,Daily
2022-09-14,124.4509,DTWEXBGS,Index Jan 2006=100,Daily
2022-09-15,124.8843,DTWEXBGS,Index Jan 2006=100,Daily
2022-09-16,124.8794,DTWEXBGS,Index Jan 2006=100,Daily
2022-09-19,125.0104,DTWEXBGS,Index Jan 2006=100,Daily
2022-09-20,125.1248,DTWEXBGS,Index Jan 2006=100,Daily
2022-09-21,125.7399,DTWEXBGS,Index Jan 2006=100,Daily
2022-09-22,126.1667,DTWEXBGS,Index Jan 2006=100,Daily
2022-09-23,127.2853,DTWEXBGS,Index Jan 2006=100,Daily
2022-09-26,128.4539,DTWEXBGS,Index Jan 2006=100,Daily
2022-09-27,128.4386,DTWEXBGS,Index Jan 2006=100,Daily
2022-09-28,128.0884,DTWEXBGS,Index Jan 2006=100,Daily
2022-09-29,127.5437,DTWEXBGS,Index Jan 2006=100,Daily
2022-09-30,127.5148,DTWEXBGS,Index Jan 2006=100,Daily
2022-10-03,127.0813,DTWEXBGS,Index Jan 2006=100,Daily
2022-10-04,126.1819,DTWEXBGS,Index Jan 2006=100,Daily
2022-10-05,126.8616,DTWEXBGS,Index Jan 2006=100,Daily
2022-10-06,127.2493,DTWEXBGS,Index Jan 2006=100,Daily
2022-10-07,127.3111,DTWEXBGS,Index Jan 2006=100,Daily
2022-10-10,,DTWEXBGS,Index Jan 2006=100,Daily
2022-10-11,127.6641,DTWEXBGS,Index Jan 2006=100,Daily
2022-10-12,128.1481,DTWEXBGS,Index Jan 2006=100,Daily
2022-10-13,127.7286,DTWEXBGS,Index Jan 2006=100,Daily
2022-10-14,128.3325,DTWEXBGS,Index Jan 2006=100,Daily
2022-10-17,127.6448,DTWEXBGS,Index Jan 2006=100,Daily
2022-10-18,127.9153,DTWEXBGS,Index Jan 2006=100,Daily
2022-10-19,128.3968,DTWEXBGS,Index Jan 2006=100,Daily
2022-10-20,128.0052,DTWEXBGS,Index Jan 2006=100,Daily
2022-10-21,127.6735,DTWEXBGS,Index Jan 2006=100,Daily
2022-10-24,128.0304,DTWEXBGS,Index Jan 2006=100,Daily
2022-10-25,127.3771,DTWEXBGS,Index Jan 2006=100,Daily
2022-10-26,126.4723,DTWEXBGS,Index Jan 2006=100,Daily
2022-10-27,126.7028,DTWEXBGS,Index Jan 2006=100,Daily
2022-10-28,127.2135,DTWEXBGS,Index Jan 2006=100,Daily
2022-10-31,127.6219,DTWEXBGS,Index Jan 2006=100,Daily
2022-11-01,127.3987,DTWEXBGS,Index Jan 2006=100,Daily
2022-11-02,127.3115,DTWEXBGS,Index Jan 2006=100,Daily
2022-11-03,128.1743,DTWEXBGS,Index Jan 2006=100,Daily
2022-11-04,127.1468,DTWEXBGS,Index Jan 2006=100,Daily
2022-11-07,126.3062,DTWEXBGS,Index Jan 2006=100,Daily
2022-11-08,125.633,DTWEXBGS,Index Jan 2006=100,Daily
2022-11-09,125.9861,DTWEXBGS,Index Jan 2006=100,Daily
2022-11-10,124.7044,DTWEXBGS,Index Jan 2006=100,Daily
2022-11-11,,DTWEXBGS,Index Jan 2006=100,Daily
2022-11-14,123.4277,DTWEXBGS,Index Jan 2006=100,Daily
2022-11-15,123.039,DTWEXBGS,Index Jan 2006=100,Daily
2022-11-16,123.2817,DTWEXBGS,Index Jan 2006=100,Daily
2022-11-17,123.977,DTWEXBGS,Index Jan 2006=100,Daily
2022-11-18,123.8524,DTWEXBGS,Index Jan 2006=100,Daily
2022-11-21,124.7009,DTWEXBGS,Index Jan 2006=100,Daily
2022-11-22,124.2365,DTWEXBGS,Index Jan 2006=100,Daily
2022-11-23,123.7574,DTWEXBGS,Index Jan 2006=100,Daily
2022-11-24,,DTWEXBGS,Index Jan 2006=100,Daily
2022-11-25,123.3386,DTWEXBGS,Index Jan 2006=100,Daily
2022-11-28,123.6032,DTWEXBGS,Index Jan 2006=100,Daily
2022-11-29,123.6615,DTWEXBGS,Index Jan 2006=100,Daily
2022-11-30,123.5175,DTWEXBGS,Index Jan 2006=100,Daily
2022-12-01,122.0045,DTWEXBGS,Index Jan 2006=100,Daily
2022-12-02,122.0102,DTWEXBGS,Index Jan 2006=100,Daily
2022-12-05,122.6384,DTWEXBGS,Index Jan 2006=100,Daily
2022-12-06,123.0191,DTWEXBGS,Index Jan 2006=100,Daily
2022-12-07,122.7608,DTWEXBGS,Index Jan 2006=100,Daily
2022-12-08,122.4152,DTWEXBGS,Index Jan 2006=100,Daily
2022-12-09,122.4201,DTWEXBGS,Index Jan 2006=100,Daily
2022-12-12,122.7714,DTWEXBGS,Index Jan 2006=100,Daily
2022-12-13,121.8493,DTWEXBGS,Index Jan 2006=100,Daily
2022-12-14,121.8226,DTWEXBGS,Index Jan 2006=100,Daily
2022-12-15,122.5519,DTWEXBGS,Index Jan 2006=100,Daily
2022-12-16,122.6505,DTWEXBGS,Index Jan 2006=100,Daily
2022-12-19,122.5275,DTWEXBGS,Index Jan 2006=100,Daily
2022-12-20,122.1357,DTWEXBGS,Index Jan 2006=100,Daily
2022-12-21,122.2828,DTWEXBGS,Index Jan 2006=100,Daily
2022-12-22,122.2419,DTWEXBGS,Index Jan 2006=100,Daily
2022-12-23,121.9743,DTWEXBGS,Index Jan 2006=100,Daily
2022-12-26,,DTWEXBGS,Index Jan 2006=100,Daily
2022-12-27,121.7539,DTWEXBGS,Index Jan 2006=100,Daily
2022-12-28,122.0075,DTWEXBGS,Index Jan 2006=100,Daily
2022-12-29,121.6577,DTWEXBGS,Index Jan 2006=100,Daily
2022-12-30,121.4256,DTWEXBGS,Index Jan 2006=100,Daily
2023-01-02,,DTWEXBGS,Index Jan 2006=100,Daily
2023-01-03,122.0905,DTWEXBGS,Index Jan 2006=100,Daily
2023-01-04,121.5008,DTWEXBGS,Index Jan 2006=100,Daily
2023-01-05,122.1017,DTWEXBGS,Index Jan 2006=100,Daily
2023-01-06,121.0852,DTWEXBGS,Index Jan 2006=100,Daily
2023-01-09,120.1508,DTWEXBGS,Index Jan 2006=100,Daily
2023-01-10,120.2483,DTWEXBGS,Index Jan 2006=100,Daily
2023-01-11,120.1614,DTWEXBGS,Index Jan 2006=100,Daily
2023-01-12,119.4218,DTWEXBGS,Index Jan 2006=100,Daily
2023-01-13,119.1673,DTWEXBGS,Index Jan 2006=100,Daily
2023-01-16,,DTWEXBGS,Index Jan 2006=100,Daily
2023-01-17,119.2121,DTWEXBGS,Index Jan 2006=100,Daily
2023-01-18,119.0755,DTWEXBGS,Index Jan 2006=100,Daily
2023-01-19,119.6107,DTWEXBGS,Index Jan 2006=100,Daily
2023-01-20,119.3486,DTWEXBGS,Index Jan 2006=100,Daily
2023-01-23,119.1434,DTWEXBGS,Index Jan 2006=100,Daily
2023-01-24,119.0958,DTWEXBGS,Index Jan 2006=100,Daily
2023-01-25,118.9686,DTWEXBGS,Index Jan 2006=100,Daily
2023-01-26,119.021,DTWEXBGS,Index Jan 2006=100,Daily
2023-01-27,118.9223,DTWEXBGS,Index Jan 2006=100,Daily
2023-01-30,118.8953,DTWEXBGS,Index Jan 2006=100,Daily
2023-01-31,118.9802,DTWEXBGS,Index Jan 2006=100,Daily
2023-02-01,118.6259,DTWEXBGS,Index Jan 2006=100,Daily
2023-02-02,118.3421,DTWEXBGS,Index Jan 2006=100,Daily
2023-02-03,119.5095,DTWEXBGS,Index Jan 2006=100,Daily
2023-02-06,120.541,DTWEXBGS,Index Jan 2006=100,Daily
2023-02-07,120.3475,DTWEXBGS,Index Jan 2006=100,Daily
2023-02-08,120.1436,DTWEXBGS,Index Jan 2006=100,Daily
2023-02-09,119.9781,DTWEXBGS,Index Jan 2006=100,Daily
2023-02-10,120.1419,DTWEXBGS,Index Jan 2006=100,Daily
2023-02-13,119.9828,DTWEXBGS,Index Jan 2006=100,Daily
2023-02-14,119.9229,DTWEXBGS,Index Jan 2006=100,Daily
2023-02-15,120.4557,DTWEXBGS,Index Jan 2006=100,Daily
2023-02-16,120.4651,DTWEXBGS,Index Jan 2006=100,Daily
2023-02-17,120.5526,DTWEXBGS,Index Jan 2006=100,Daily
2023-02-20,,DTWEXBGS,Index Jan 2006=100,Daily
2023-02-21,120.6256,DTWEXBGS,Index Jan 2006=100,Daily
2023-02-22,120.8389,DTWEXBGS,Index Jan 2006=100,Daily
2023-02-23,121.0896,DTWEXBGS,Index Jan 2006=100,Daily
2023-02-24,121.5681,DTWEXBGS,Index Jan 2006=100,Daily
2023-02-27,121.3941,DTWEXBGS,Index Jan 2006=100,Daily
2023-02-28,121.3341,DTWEXBGS,Index Jan 2006=100,Daily
2023-03-01,120.6347,DTWEXBGS,Index Jan 2006=100,Daily
2023-03-02,121.1302,DTWEXBGS,Index Jan 2006=100,Daily
2023-03-03,120.7742,DTWEXBGS,Index Jan 2006=100,Daily
2023-03-06,120.485,DTWEXBGS,Index Jan 2006=100,Daily
2023-03-07,121.4623,DTWEXBGS,Index Jan 2006=100,Daily
2023-03-08,121.4511,DTWEXBGS,Index Jan 2006=100,Daily
2023-03-09,121.4458,DTWEXBGS,Index Jan 2006=100,Daily
2023-03-10,121.2421,DTWEXBGS,Index Jan 2006=100,Daily
2023-03-13,120.8897,DTWEXBGS,Index Jan 2006=100,Daily
2023-03-14,121.0141,DTWEXBGS,Index Jan 2006=100,Daily
2023-03-15,122.1079,DTWEXBGS,Index Jan 2006=100,Daily
2023-03-16,121.7221,DTWEXBGS,Index Jan 2006=100,Daily
2023-03-17,121.5643,DTWEXBGS,Index Jan 2006=100,Daily
2023-03-20,121.0141,DTWEXBGS,Index Jan 2006=100,Daily
2023-03-21,120.8958,DTWEXBGS,Index Jan 2006=100,Daily
2023-03-22,120.6217,DTWEXBGS,Index Jan 2006=100,Daily
2023-03-23,119.7587,DTWEXBGS,Index Jan 2006=100,Daily
2023-03-24,120.4598,DTWEXBGS,Index Jan 2006=100,Daily
2023-03-27,120.2541,DTWEXBGS,Index Jan 2006=100,Daily
2023-03-28,119.7138,DTWEXBGS,Index Jan 2006=100,Daily
2023-03-29,119.7258,DTWEXBGS,Index Jan 2006=100,Daily
2023-03-30,119.4078,DTWEXBGS,Index Jan 2006=100,Daily
2023-03-31,119.3602,DTWEXBGS,Index Jan 2006=100,Daily
2023-04-03,119.3204,DTWEXBGS,Index Jan 2006=100,Daily
2023-04-04,119.142,DTWEXBGS,Index Jan 2006=100,Daily
2023-04-05,119.2953,DTWEXBGS,Index Jan 2006=100,Daily
2023-04-06,119.3072,DTWEXBGS,Index Jan 2006=100,Daily
2023-04-07,119.3547,DTWEXBGS,Index Jan 2006=100,Daily
2023-04-10,119.7948,DTWEXBGS,Index Jan 2006=100,Daily
2023-04-11,119.5248,DTWEXBGS,Index Jan 2006=100,Daily
2023-04-12,119.003,DTWEXBGS,Index Jan 2006=100,Daily
2023-04-13,118.3915,DTWEXBGS,Index Jan 2006=100,Daily
2023-04-14,118.8567,DTWEXBGS,Index Jan 2006=100,Daily
2023-04-17,119.2787,DTWEXBGS,Index Jan 2006=100,Daily
2023-04-18,119.1049,DTWEXBGS,Index Jan 2006=100,Daily
2023-04-19,119.303,DTWEXBGS,Index Jan 2006=100,Daily
2023-04-20,119.1199,DTWEXBGS,Index Jan 2006=100,Daily
2023-04-21,119.3117,DTWEXBGS,Index Jan 2006=100,Daily
2023-04-24,119.2039,DTWEXBGS,Index Jan 2006=100,Daily
2023-04-25,119.613,DTWEXBGS,Index Jan 2006=100,Daily
2023-04-26,119.3228,DTWEXBGS,Index Jan 2006=100,Daily
2023-04-27,119.4298,DTWEXBGS,Index Jan 2006=100,Daily
2023-04-28,119.2248,DTWEXBGS,Index Jan 2006=100,Daily
2023-05-01,119.4435,DTWEXBGS,Index Jan 2006=100,Daily
2023-05-02,119.6105,DTWEXBGS,Index Jan 2006=100,Daily
2023-05-03,119.1233,DTWEXBGS,Index Jan 2006=100,Daily
2023-05-04,119.0465,DTWEXBGS,Index Jan 2006=100,Daily
2023-05-05,118.5548,DTWEXBGS,Index Jan 2006=100,Daily
2023-05-08,118.5759,DTWEXBGS,Index Jan 2006=100,Daily
2023-05-09,118.8239,DTWEXBGS,Index Jan 2006=100,Daily
2023-05-10,118.5864,DTWEXBGS,Index Jan 2006=100,Daily
2023-05-11,119.0303,DTWEXBGS,Index Jan 2006=100,Daily
2023-05-12,119.3671,DTWEXBGS,Index Jan 2006=100,Daily
2023-05-15,119.1608,DTWEXBGS,Index Jan 2006=100,Daily
2023-05-16,119.1743,DTWEXBGS,Index Jan 2006=100,Daily
2023-05-17,119.607,DTWEXBGS,Index Jan 2006=100,Daily
2023-05-18,120.0886,DTWEXBGS,Index Jan 2006=100,Daily
2023-05-19,119.7751,DTWEXBGS,Index Jan 2006=100,Daily
2023-05-22,120.0875,DTWEXBGS,Index Jan 2006=100,Daily
2023-05-23,120.3204,DTWEXBGS,Index Jan 2006=100,Daily
2023-05-24,120.4752,DTWEXBGS,Index Jan 2006=100,Daily
2023-05-25,120.8413,DTWEXBGS,Index Jan 2006=100,Daily
2023-05-26,120.6304,DTWEXBGS,Index Jan 2006=100,Daily
2023-05-29,,DTWEXBGS,Index Jan 2006=100,Daily
2023-05-30,120.5546,DTWEXBGS,Index Jan 2006=100,Daily
2023-05-31,120.9662,DTWEXBGS,Index Jan 2006=100,Daily
2023-06-01,120.0491,DTWEXBGS,Index Jan 2006=100,Daily
2023-06-02,120.0049,DTWEXBGS,Index Jan 2006=100,Daily
2023-06-05,120.0048,DTWEXBGS,Index Jan 2006=100,Daily
2023-06-06,119.9718,DTWEXBGS,Index Jan 2006=100,Daily
2023-06-07,119.859,DTWEXBGS,Index Jan 2006=100,Daily
2023-06-08,119.5712,DTWEXBGS,Index Jan 2006=100,Daily
2023-06-09,119.4322,DTWEXBGS,Index Jan 2006=100,Daily
2023-06-12,119.6376,DTWEXBGS,Index Jan 2006=100,Daily
2023-06-13,119.1899,DTWEXBGS,Index Jan 2006=100,Daily
2023-06-14,118.776,DTWEXBGS,Index Jan 2006=100,Daily
2023-06-15,118.5521,DTWEXBGS,Index Jan 2006=100,Daily
2023-06-16,118.4184,DTWEXBGS,Index Jan 2006=100,Daily
2023-06-19,,DTWEXBGS,Index Jan 2006=100,Daily
2023-06-20,118.938,DTWEXBGS,Index Jan 2006=100,Daily
2023-06-21,118.727,DTWEXBGS,Index Jan 2006=100,Daily
2023-06-22,118.7552,DTWEXBGS,Index Jan 2006=100,Daily
2023-06-23,119.152,DTWEXBGS,Index Jan 2006=100,Daily
2023-06-26,119.0761,DTWEXBGS,Index Jan 2006=100,Daily
2023-06-27,118.8949,DTWEXBGS,Index Jan 2006=100,Daily
2023-06-28,119.3382,DTWEXBGS,Index Jan 2006=100,Daily
2023-06-29,119.527,DTWEXBGS,Index Jan 2006=100,Daily
2023-06-30,119.3606,DTWEXBGS,Index Jan 2006=100,Daily
2023-07-03,119.2119,DTWEXBGS,Index Jan 2006=100,Daily
2023-07-04,,DTWEXBGS,Index Jan 2006=100,Daily
2023-07-05,119.3483,DTWEXBGS,Index Jan 2006=100,Daily
2023-07-06,119.8193,DTWEXBGS,Index Jan 2006=100,Daily
2023-07-07,119.0761,DTWEXBGS,Index Jan 2006=100,Daily
2023-07-10,118.9548,DTWEXBGS,Index Jan 2006=100,Daily
2023-07-11,118.7344,DTWEXBGS,Index Jan 2006=100,Daily
2023-07-12,117.6385,DTWEXBGS,Index Jan 2006=100,Daily
2023-07-13,117.1831,DTWEXBGS,Index Jan 2006=100,Daily
2023-07-14,117.0463,DTWEXBGS,Index Jan 2006=100,Daily
2023-07-17,117.1267,DTWEXBGS,Index Jan 2006=100,Daily
2023-07-18,117.0264,DTWEXBGS,Index Jan 2006=100,Daily
2023-07-19,117.3462,DTWEXBGS,Index Jan 2006=100,Daily
2023-07-20,117.5947,DTWEXBGS,Index Jan 2006=100,Daily
2023-07-21,117.9418,DTWEXBGS,Index Jan 2006=100,Daily
2023-07-24,117.8124,DTWEXBGS,Index Jan 2006=100,Daily
2023-07-25,117.8565,DTWEXBGS,Index Jan 2006=100,Daily
2023-07-26,117.76,DTWEXBGS,Index Jan 2006=100,Daily
2023-07-27,117.8938,DTWEXBGS,Index Jan 2006=100,Daily
2023-07-28,117.788,DTWEXBGS,Index Jan 2006=100,Daily
2023-07-31,117.8241,DTWEXBGS,Index Jan 2006=100,Daily
2023-08-01,118.5738,DTWEXBGS,Index Jan 2006=100,Daily
2023-08-02,119.1268,DTWEXBGS,Index Jan 2006=100,Daily
2023-08-03,119.3963,DTWEXBGS,Index Jan 2006=100,Daily
2023-08-04,118.821,DTWEXBGS,Index Jan 2006=100,Daily
2023-08-07,119.0809,DTWEXBGS,Index Jan 2006=100,Daily
2023-08-08,119.6407,DTWEXBGS,Index Jan 2006=100,Daily
2023-08-09,119.476,DTWEXBGS,Index Jan 2006=100,Daily
2023-08-10,119.1581,DTWEXBGS,Index Jan 2006=100,Daily
2023-08-11,119.6268,DTWEXBGS,Index Jan 2006=100,Daily
2023-08-14,120.0725,DTWEXBGS,Index Jan 2006=100,Daily
2023-08-15,120.2127,DTWEXBGS,Index Jan 2006=100,Daily
2023-08-16,120.3551,DTWEXBGS,Index Jan 2006=100,Daily
2023-08-17,120.5242,DTWEXBGS,Index Jan 2006=100,Daily
2023-08-18,120.4321,DTWEXBGS,Index Jan 2006=100,Daily
2023-08-21,120.4627,DTWEXBGS,Index Jan 2006=100,Daily
2023-08-22,120.3554,DTWEXBGS,Index Jan 2006=100,Daily
2023-08-23,120.0307,DTWEXBGS,Index Jan 2006=100,Daily
2023-08-24,120.2354,DTWEXBGS,Index Jan 2006=100,Daily
2023-08-25,120.5137,DTWEXBGS,Index Jan 2006=100,Daily
2023-08-28,120.3155,DTWEXBGS,Index Jan 2006=100,Daily
2023-08-29,120.2669,DTWEXBGS,Index Jan 2006=100,Daily
2023-08-30,119.7937,DTWEXBGS,Index Jan 2006=100,Daily
2023-08-31,120.225,DTWEXBGS,Index Jan 2006=100,Daily
2023-09-01,120.759,DTWEXBGS,Index Jan 2006=100,Daily
2023-09-04,,DTWEXBGS,Index Jan 2006=100,Daily
2023-09-05,121.4345,DTWEXBGS,Index Jan 2006=100,Daily
2023-09-06,121.8671,DTWEXBGS,Index Jan 2006=100,Daily
2023-09-07,121.9528,DTWEXBGS,Index Jan 2006=100,Daily
2023-09-08,121.9475,DTWEXBGS,Index Jan 2006=100,Daily
2023-09-11,121.3386,DTWEXBGS,Index Jan 2006=100,Daily
2023-09-12,121.2913,DTWEXBGS,Index Jan 2006=100,Daily
2023-09-13,121.0549,DTWEXBGS,Index Jan 2006=100,Daily
2023-09-14,121.2395,DTWEXBGS,Index Jan 2006=100,Daily
2023-09-15,121.199,DTWEXBGS,Index Jan 2006=100,Daily
2023-09-18,121.1938,DTWEXBGS,Index Jan 2006=100,Daily
2023-09-19,121.1645,DTWEXBGS,Index Jan 2006=100,Daily
2023-09-20,120.9648,DTWEXBGS,Index Jan 2006=100,Daily
2023-09-21,121.5528,DTWEXBGS,Index Jan 2006=100,Daily
2023-09-22,121.5306,DTWEXBGS,Index Jan 2006=100,Daily
2023-09-25,122.1143,DTWEXBGS,Index Jan 2006=100,Daily
2023-09-26,122.4742,DTWEXBGS,Index Jan 2006=100,Daily
2023-09-27,122.9895,DTWEXBGS,Index Jan 2006=100,Daily
2023-09-28,122.5342,DTWEXBGS,Index Jan 2006=100,Daily
2023-09-29,122.3077,DTWEXBGS,Index Jan 2006=100,Daily
2023-10-02,123.0545,DTWEXBGS,Index Jan 2006=100,Daily
2023-10-03,123.7848,DTWEXBGS,Index Jan 2006=100,Daily
2023-10-04,123.5946,DTWEXBGS,Index Jan 2006=100,Daily
2023-10-05,123.8993,DTWEXBGS,Index Jan 2006=100,Daily
2023-10-06,123.3563,DTWEXBGS,Index Jan 2006=100,Daily
2023-10-09,,DTWEXBGS,Index Jan 2006=100,Daily
2023-10-10,122.9282,DTWEXBGS,Index Jan 2006=100,Daily
2023-10-11,122.7697,DTWEXBGS,Index Jan 2006=100,Daily
2023-10-12,123.2101,DTWEXBGS,Index Jan 2006=100,Daily
2023-10-13,123.5954,DTWEXBGS,Index Jan 2006=100,Daily
2023-10-16,123.3185,DTWEXBGS,Index Jan 2006=100,Daily
2023-10-17,123.1202,DTWEXBGS,Index Jan 2006=100,Daily
2023-10-18,123.8148,DTWEXBGS,Index Jan 2006=100,Daily
2023-10-19,123.798,DTWEXBGS,Index Jan 2006=100,Daily
2023-10-20,123.612,DTWEXBGS,Index Jan 2006=100,Daily
2023-10-23,123.2846,DTWEXBGS,Index Jan 2006=100,Daily
2023-10-24,123.6416,DTWEXBGS,Index Jan 2006=100,Daily
2023-10-25,123.7871,DTWEXBGS,Index Jan 2006=100,Daily
2023-10-26,124.0064,DTWEXBGS,Index Jan 2006=100,Daily
2023-10-27,123.62,DTWEXBGS,Index Jan 2006=100,Daily
2023-10-30,123.4076,DTWEXBGS,Index Jan 2006=100,Daily
2023-10-31,123.8364,DTWEXBGS,Index Jan 2006=100,Daily
2023-11-01,123.7922,DTWEXBGS,Index Jan 2006=100,Daily
2023-11-02,122.8818,DTWEXBGS,Index Jan 2006=100,Daily
2023-11-03,121.7564,DTWEXBGS,Index Jan 2006=100,Daily
2023-11-06,121.6484,DTWEXBGS,Index Jan 2006=100,Daily
2023-11-07,122.0777,DTWEXBGS,Index Jan 2006=100,Daily
2023-11-08,122.0926,DTWEXBGS,Index Jan 2006=100,Daily
2023-11-09,122.1281,DTWEXBGS,Index Jan 2006=100,Daily
2023-11-10,,DTWEXBGS,Index Jan 2006=100,Daily
2023-11-13,122.4264,DTWEXBGS,Index Jan 2006=100,Daily
2023-11-14,121.35,DTWEXBGS,Index Jan 2006=100,Daily
2023-11-15,121.0749,DTWEXBGS,Index Jan 2006=100,Daily
2023-11-16,121.1754,DTWEXBGS,Index Jan 2006=100,Daily
2023-11-17,120.8477,DTWEXBGS,Index Jan 2006=100,Daily
2023-11-20,120.2533,DTWEXBGS,Index Jan 2006=100,Daily
2023-11-21,120.2241,DTWEXBGS,Index Jan 2006=100,Daily
2023-11-22,120.6802,DTWEXBGS,Index Jan 2006=100,Daily
2023-11-23,,DTWEXBGS,Index Jan 2006=100,Daily
2023-11-24,120.2105,DTWEXBGS,Index Jan 2006=100,Daily
2023-11-27,120.173,DTWEXBGS,Index Jan 2006=100,Daily
2023-11-28,119.5904,DTWEXBGS,Index Jan 2006=100,Daily
2023-11-29,119.8159,DTWEXBGS,Index Jan 2006=100,Daily
2023-11-30,120.2434,DTWEXBGS,Index Jan 2006=100,Daily
2023-12-01,119.9424,DTWEXBGS,Index Jan 2006=100,Daily
2023-12-04,120.4727,DTWEXBGS,Index Jan 2006=100,Daily
2023-12-05,120.7913,DTWEXBGS,Index Jan 2006=100,Daily
2023-12-06,120.5334,DTWEXBGS,Index Jan 2006=100,Daily
2023-12-07,120.6013,DTWEXBGS,Index Jan 2006=100,Daily
2023-12-08,120.7607,DTWEXBGS,Index Jan 2006=100,Daily
2023-12-11,120.9279,DTWEXBGS,Index Jan 2006=100,Daily
2023-12-12,120.6817,DTWEXBGS,Index Jan 2006=100,Daily
2023-12-13,121.1571,DTWEXBGS,Index Jan 2006=100,Daily
2023-12-14,119.5683,DTWEXBGS,Index Jan 2006=100,Daily
2023-12-15,119.7382,DTWEXBGS,Index Jan 2006=100,Daily
2023-12-18,119.9102,DTWEXBGS,Index Jan 2006=100,Daily
2023-12-19,119.4632,DTWEXBGS,Index Jan 2006=100,Daily
2023-12-20,119.5435,DTWEXBGS,Index Jan 2006=100,Daily
2023-12-21,119.3168,DTWEXBGS,Index Jan 2006=100,Daily
2023-12-22,119.0625,DTWEXBGS,Index Jan 2006=100,Daily
2023-12-25,,DTWEXBGS,Index Jan 2006=100,Daily
2023-12-26,118.8875,DTWEXBGS,Index Jan 2006=100,Daily
2023-12-27,118.4729,DTWEXBGS,Index Jan 2006=100,Daily
2023-12-28,118.4104,DTWEXBGS,Index Jan 2006=100,Daily
2023-12-29,118.4208,DTWEXBGS,Index Jan 2006=100,Daily
2024-01-01,,DTWEXBGS,Index Jan 2006=100,Daily
2024-01-02,119.2686,DTWEXBGS,Index Jan 2006=100,Daily
2024-01-03,119.6958,DTWEXBGS,Index Jan 2006=100,Daily
2024-01-04,119.6208,DTWEXBGS,Index Jan 2006=100,Daily
2024-01-05,119.388,DTWEXBGS,Index Jan 2006=100,Daily
2024-01-08,119.2506,DTWEXBGS,Index Jan 2006=100,Daily
2024-01-09,119.6666,DTWEXBGS,Index Jan 2006=100,Daily
2024-01-10,119.7614,DTWEXBGS,Index Jan 2006=100,Daily
2024-01-11,119.8916,DTWEXBGS,Index Jan 2006=100,Daily
2024-01-12,119.534,DTWEXBGS,Index Jan 2006=100,Daily
2024-01-15,,DTWEXBGS,Index Jan 2006=100,Daily
2024-01-16,120.5759,DTWEXBGS,Index Jan 2006=100,Daily
2024-01-17,121.0402,DTWEXBGS,Index Jan 2006=100,Daily
2024-01-18,120.8895,DTWEXBGS,Index Jan 2006=100,Daily
2024-01-19,120.6442,DTWEXBGS,Index Jan 2006=100,Daily
2024-01-22,120.6178,DTWEXBGS,Index Jan 2006=100,Daily
2024-01-23,121.1001,DTWEXBGS,Index Jan 2006=100,Daily
2024-01-24,120.4916,DTWEXBGS,Index Jan 2006=100,Daily
2024-01-25,120.8311,DTWEXBGS,Index Jan 2006=100,Daily
2024-01-26,120.6173,DTWEXBGS,Index Jan 2006=100,Daily
2024-01-29,120.8538,DTWEXBGS,Index Jan 2006=100,Daily
2024-01-30,120.6025,DTWEXBGS,Index Jan 2006=100,Daily
2024-01-31,120.4331,DTWEXBGS,Index Jan 2006=100,Daily
2024-02-01,120.3335,DTWEXBGS,Index Jan 2006=100,Daily
2024-02-02,120.902,DTWEXBGS,Index Jan 2006=100,Daily
2024-02-05,121.349,DTWEXBGS,Index Jan 2006=100,Daily
2024-02-06,120.9588,DTWEXBGS,Index Jan 2006=100,Daily
2024-02-07,120.9049,DTWEXBGS,Index Jan 2006=100,Daily
2024-02-08,121.0798,DTWEXBGS,Index Jan 2006=100,Daily
2024-02-09,121.039,DTWEXBGS,Index Jan 2006=100,Daily
2024-02-12,120.9378,DTWEXBGS,Index Jan 2006=100,Daily
2024-02-13,121.5202,DTWEXBGS,Index Jan 2006=100,Daily
2024-02-14,121.4002,DTWEXBGS,Index Jan 2006=100,Daily
2024-02-15,121.2121,DTWEXBGS,Index Jan 2006=100,Daily
2024-02-16,121.1505,DTWEXBGS,Index Jan 2006=100,Daily
2024-02-19,,DTWEXBGS,Index Jan 2006=100,Daily
2024-02-20,121.0199,DTWEXBGS,Index Jan 2006=100,Daily
2024-02-21,121.0379,DTWEXBGS,Index Jan 2006=100,Daily
2024-02-22,121.102,DTWEXBGS,Index Jan 2006=100,Daily
2024-02-23,121.0369,DTWEXBGS,Index Jan 2006=100,Daily
2024-02-26,121.0592,DTWEXBGS,Index Jan 2006=100,Daily
2024-02-27,120.9647,DTWEXBGS,Index Jan 2006=100,Daily
2024-02-28,121.128,DTWEXBGS,Index Jan 2006=100,Daily
2024-02-29,121.1824,DTWEXBGS,Index Jan 2006=100,Daily
2024-03-01,121.0111,DTWEXBGS,Index Jan 2006=100,Daily
2024-03-04,120.872,DTWEXBGS,Index Jan 2006=100,Daily
2024-03-05,120.8846,DTWEXBGS,Index Jan 2006=100,Daily
2024-03-06,120.4649,DTWEXBGS,Index Jan 2006=100,Daily
2024-03-07,120.1909,DTWEXBGS,Index Jan 2006=100,Daily
2024-03-08,119.975,DTWEXBGS,Index Jan 2006=100,Daily
2024-03-11,120.0394,DTWEXBGS,Index Jan 2006=100,Daily
2024-03-12,120.1668,DTWEXBGS,Index Jan 2006=100,Daily
2024-03-13,119.9642,DTWEXBGS,Index Jan 2006=100,Daily
2024-03-14,120.241,DTWEXBGS,Index Jan 2006=100,Daily
2024-03-15,120.4003,DTWEXBGS,Index Jan 2006=100,Daily
2024-03-18,120.5752,DTWEXBGS,Index Jan 2006=100,Daily
2024-03-19,120.9332,DTWEXBGS,Index Jan 2006=100,Daily
2024-03-20,120.9289,DTWEXBGS,Index Jan 2006=100,Daily
2024-03-21,120.8086,DTWEXBGS,Index Jan 2006=100,Daily
2024-03-22,121.1842,DTWEXBGS,Index Jan 2006=100,Daily
2024-03-25,121.0295,DTWEXBGS,Index Jan 2006=100,Daily
2024-03-26,121.0742,DTWEXBGS,Index Jan 2006=100,Daily
2024-03-27,121.0089,DTWEXBGS,Index Jan 2006=100,Daily
2024-03-28,121.0635,DTWEXBGS,Index Jan 2006=100,Daily
2024-03-29,121.0191,DTWEXBGS,Index Jan 2006=100,Daily
2024-04-01,121.5151,DTWEXBGS,Index Jan 2006=100,Daily
2024-04-02,121.3035,DTWEXBGS,Index Jan 2006=100,Daily
2024-04-03,121.0198,DTWEXBGS,Index Jan 2006=100,Daily
2024-04-04,120.7613,DTWEXBGS,Index Jan 2006=100,Daily
2024-04-05,120.9646,DTWEXBGS,Index Jan 2006=100,Daily
2024-04-08,120.7359,DTWEXBGS,Index Jan 2006=100,Daily
2024-04-09,120.7048,DTWEXBGS,Index Jan 2006=100,Daily
2024-04-10,121.5727,DTWEXBGS,Index Jan 2006=100,Daily
2024-04-11,121.6081,DTWEXBGS,Index Jan 2006=100,Daily
2024-04-12,122.2885,DTWEXBGS,Index Jan 2006=100,Daily
2024-04-15,122.425,DTWEXBGS,Index Jan 2006=100,Daily
2024-04-16,123.1234,DTWEXBGS,Index Jan 2006=100,Daily
2024-04-17,123.0207,DTWEXBGS,Index Jan 2006=100,Daily
2024-04-18,123.0017,DTWEXBGS,Index Jan 2006=100,Daily
2024-04-19,123.1075,DTWEXBGS,Index Jan 2006=100,Daily
2024-04-22,123.0609,DTWEXBGS,Index Jan 2006=100,Daily
2024-04-23,122.7227,DTWEXBGS,Index Jan 2006=100,Daily
2024-04-24,122.89,DTWEXBGS,Index Jan 2006=100,Daily
2024-04-25,122.8384,DTWEXBGS,Index Jan 2006=100,Daily
2024-04-26,122.9471,DTWEXBGS,Index Jan 2006=100,Daily
2024-04-29,122.5449,DTWEXBGS,Index Jan 2006=100,Daily
2024-04-30,122.9853,DTWEXBGS,Index Jan 2006=100,Daily
2024-05-01,123.0168,DTWEXBGS,Index Jan 2006=100,Daily
2024-05-02,122.4384,DTWEXBGS,Index Jan 2006=100,Daily
2024-05-03,122.1375,DTWEXBGS,Index Jan 2006=100,Daily
2024-05-06,121.8913,DTWEXBGS,Index Jan 2006=100,Daily
2024-05-07,122.093,DTWEXBGS,Index Jan 2006=100,Daily
2024-05-08,122.1926,DTWEXBGS,Index Jan 2006=100,Daily
2024-05-09,122.1634,DTWEXBGS,Index Jan 2006=100,Daily
2024-05-10,122.014,DTWEXBGS,Index Jan 2006=100,Daily
2024-05-13,122.0261,DTWEXBGS,Index Jan 2006=100,Daily
2024-05-14,121.9256,DTWEXBGS,Index Jan 2006=100,Daily
2024-05-15,121.3543,DTWEXBGS,Index Jan 2006=100,Daily
2024-05-16,121.2236,DTWEXBGS,Index Jan 2006=100,Daily
2024-05-17,121.2354,DTWEXBGS,Index Jan 2006=100,Daily
2024-05-20,121.2289,DTWEXBGS,Index Jan 2006=100,Daily
2024-05-21,121.3793,DTWEXBGS,Index Jan 2006=100,Daily
2024-05-22,121.5462,DTWEXBGS,Index Jan 2006=100,Daily
2024-05-23,121.7477,DTWEXBGS,Index Jan 2006=100,Daily
2024-05-24,121.6172,DTWEXBGS,Index Jan 2006=100,Daily
2024-05-27,,DTWEXBGS,Index Jan 2006=100,Daily
2024-05-28,121.43,DTWEXBGS,Index Jan 2006=100,Daily
2024-05-29,122.1641,DTWEXBGS,Index Jan 2006=100,Daily
2024-05-30,121.9601,DTWEXBGS,Index Jan 2006=100,Daily
2024-05-31,122.098,DTWEXBGS,Index Jan 2006=100,Daily
2024-06-03,122.3509,DTWEXBGS,Index Jan 2006=100,Daily
2024-06-04,122.7256,DTWEXBGS,Index Jan 2006=100,Daily
2024-06-05,122.5339,DTWEXBGS,Index Jan 2006=100,Daily
2024-06-06,122.3713,DTWEXBGS,Index Jan 2006=100,Daily
2024-06-07,123.549,DTWEXBGS,Index Jan 2006=100,Daily
2024-06-10,123.9125,DTWEXBGS,Index Jan 2006=100,Daily
2024-06-11,124.0349,DTWEXBGS,Index Jan 2006=100,Daily
2024-06-12,123.8295,DTWEXBGS,Index Jan 2006=100,Daily
2024-06-13,124.0235,DTWEXBGS,Index Jan 2006=100,Daily
2024-06-14,124.1694,DTWEXBGS,Index Jan 2006=100,Daily
2024-06-17,124.239,DTWEXBGS,Index Jan 2006=100,Daily
2024-06-18,123.9776,DTWEXBGS,Index Jan 2006=100,Daily
2024-06-19,,DTWEXBGS,Index Jan 2006=100,Daily
2024-06-20,124.192,DTWEXBGS,Index Jan 2006=100,Daily
2024-06-21,124.1086,DTWEXBGS,Index Jan 2006=100,Daily
2024-06-24,123.7125,DTWEXBGS,Index Jan 2006=100,Daily
2024-06-25,123.9417,DTWEXBGS,Index Jan 2006=100,Daily
2024-06-26,124.26,DTWEXBGS,Index Jan 2006=100,Daily
2024-06-27,124.3379,DTWEXBGS,Index Jan 2006=100,Daily
2024-06-28,124.2103,DTWEXBGS,Index Jan 2006=100,Daily
2024-07-01,124.4667,DTWEXBGS,Index Jan 2006=100,Daily
2024-07-02,124.2917,DTWEXBGS,Index Jan 2006=100,Daily
2024-07-03,123.7768,DTWEXBGS,Index Jan 2006=100,Daily
2024-07-04,,DTWEXBGS,Index Jan 2006=100,Daily
2024-07-05,123.4762,DTWEXBGS,Index Jan 2006=100,Daily
2024-07-08,123.3576,DTWEXBGS,Index Jan 2006=100,Daily
2024-07-09,123.4071,DTWEXBGS,Index Jan 2006=100,Daily
2024-07-10,123.1895,DTWEXBGS,Index Jan 2006=100,Daily
2024-07-11,122.769,DTWEXBGS,Index Jan 2006=100,Daily
2024-07-12,122.4404,DTWEXBGS,Index Jan 2006=100,Daily
2024-07-15,122.6347,DTWEXBGS,Index Jan 2006=100,Daily
2024-07-16,122.7264,DTWEXBGS,Index Jan 2006=100,Daily
2024-07-17,122.518,DTWEXBGS,Index Jan 2006=100,Daily
2024-07-18,122.7909,DTWEXBGS,Index Jan 2006=100,Daily
2024-07-19,123.147,DTWEXBGS,Index Jan 2006=100,Daily
2024-07-22,123.2172,DTWEXBGS,Index Jan 2006=100,Daily
2024-07-23,123.3843,DTWEXBGS,Index Jan 2006=100,Daily
2024-07-24,123.5575,DTWEXBGS,Index Jan 2006=100,Daily
2024-07-25,123.5286,DTWEXBGS,Index Jan 2006=100,Daily
2024-07-26,123.672,DTWEXBGS,Index Jan 2006=100,Daily
2024-07-29,124.1392,DTWEXBGS,Index Jan 2006=100,Daily
2024-07-30,124.2855,DTWEXBGS,Index Jan 2006=100,Daily
2024-07-31,123.6373,DTWEXBGS,Index Jan 2006=100,Daily
2024-08-01,123.8693,DTWEXBGS,Index Jan 2006=100,Daily
2024-08-02,123.4681,DTWEXBGS,Index Jan 2006=100,Daily
2024-08-05,123.5787,DTWEXBGS,Index Jan 2006=100,Daily
2024-08-06,123.6532,DTWEXBGS,Index Jan 2006=100,Daily
2024-08-07,123.5698,DTWEXBGS,Index Jan 2006=100,Daily
2024-08-08,123.4466,DTWEXBGS,Index Jan 2006=100,Daily
2024-08-09,122.9276,DTWEXBGS,Index Jan 2006=100,Daily
2024-08-12,123.2204,DTWEXBGS,Index Jan 2006=100,Daily
2024-08-13,123.0146,DTWEXBGS,Index Jan 2006=100,Daily
2024-08-14,122.4297,DTWEXBGS,Index Jan 2006=100,Daily
2024-08-15,122.5844,DTWEXBGS,Index Jan 2006=100,Daily
2024-08-16,122.3972,DTWEXBGS,Index Jan 2006=100,Daily
2024-08-19,121.8788,DTWEXBGS,Index Jan 2006=100,Daily
2024-08-20,121.7728,DTWEXBGS,Index Jan 2006=100,Daily
2024-08-21,121.8535,DTWEXBGS,Index Jan 2006=100,Daily
2024-08-22,122.3626,DTWEXBGS,Index Jan 2006=100,Daily
2024-08-23,121.4597,DTWEXBGS,Index Jan 2006=100,Daily
2024-08-26,121.6943,DTWEXBGS,Index Jan 2006=100,Daily
2024-08-27,121.8672,DTWEXBGS,Index Jan 2006=100,Daily
2024-08-28,121.8943,DTWEXBGS,Index Jan 2006=100,Daily
2024-08-29,122.2333,DTWEXBGS,Index Jan 2006=100,Daily
2024-08-30,122.3262,DTWEXBGS,Index Jan 2006=100,Daily
2024-09-02,,DTWEXBGS,Index Jan 2006=100,Daily
2024-09-03,122.7811,DTWEXBGS,Index Jan 2006=100,Daily
2024-09-04,122.5144,DTWEXBGS,Index Jan 2006=100,Daily
2024-09-05,122.4533,DTWEXBGS,Index Jan 2006=100,Daily
2024-09-06,122.4991,DTWEXBGS,Index Jan 2006=100,Daily
2024-09-09,122.7156,DTWEXBGS,Index Jan 2006=100,Daily
2024-09-10,123.0071,DTWEXBGS,Index Jan 2006=100,Daily
2024-09-11,122.7754,DTWEXBGS,Index Jan 2006=100,Daily
2024-09-12,122.4423,DTWEXBGS,Index Jan 2006=100,Daily
2024-09-13,121.6551,DTWEXBGS,Index Jan 2006=100,Daily
2024-09-16,121.4976,DTWEXBGS,Index Jan 2006=100,Daily
2024-09-17,121.6031,DTWEXBGS,Index Jan 2006=100,Daily
2024-09-18,121.5618,DTWEXBGS,Index Jan 2006=100,Daily
2024-09-19,121.3059,DTWEXBGS,Index Jan 2006=100,Daily
2024-09-20,121.4052,DTWEXBGS,Index Jan 2006=100,Daily
2024-09-23,121.4303,DTWEXBGS,Index Jan 2006=100,Daily
2024-09-24,121.1291,DTWEXBGS,Index Jan 2006=100,Daily
2024-09-25,121.4447,DTWEXBGS,Index Jan 2006=100,Daily
2024-09-26,121.0785,DTWEXBGS,Index Jan 2006=100,Daily
2024-09-27,121.1111,DTWEXBGS,Index Jan 2006=100,Daily
2024-09-30,121.2864,DTWEXBGS,Index Jan 2006=100,Daily
2024-10-01,121.6881,DTWEXBGS,Index Jan 2006=100,Daily
2024-10-02,121.5724,DTWEXBGS,Index Jan 2006=100,Daily
2024-10-03,122.1197,DTWEXBGS,Index Jan 2006=100,Daily
2024-10-04,122.2197,DTWEXBGS,Index Jan 2006=100,Daily
2024-10-07,122.4241,DTWEXBGS,Index Jan 2006=100,Daily
2024-10-08,122.6625,DTWEXBGS,Index Jan 2006=100,Daily
2024-10-09,122.8821,DTWEXBGS,Index Jan 2006=100,Daily
2024-10-10,123.0951,DTWEXBGS,Index Jan 2006=100,Daily
2024-10-11,122.9805,DTWEXBGS,Index Jan 2006=100,Daily
2024-10-14,,DTWEXBGS,Index Jan 2006=100,Daily
2024-10-15,123.5124,DTWEXBGS,Index Jan 2006=100,Daily
2024-10-16,123.9235,DTWEXBGS,Index Jan 2006=100,Daily
2024-10-17,124.1122,DTWEXBGS,Index Jan 2006=100,Daily
2024-10-18,123.9185,DTWEXBGS,Index Jan 2006=100,Daily
2024-10-21,124.4757,DTWEXBGS,Index Jan 2006=100,Daily
2024-10-22,124.4107,DTWEXBGS,Index Jan 2006=100,Daily
2024-10-23,124.6931,DTWEXBGS,Index Jan 2006=100,Daily
2024-10-24,124.5127,DTWEXBGS,Index Jan 2006=100,Daily
2024-10-25,124.6105,DTWEXBGS,Index Jan 2006=100,Daily
2024-10-28,124.8076,DTWEXBGS,Index Jan 2006=100,Daily
2024-10-29,124.8612,DTWEXBGS,Index Jan 2006=100,Daily
2024-10-30,124.8153,DTWEXBGS,Index Jan 2006=100,Daily
2024-10-31,124.7988,DTWEXBGS,Index Jan 2006=100,Daily
2024-11-01,124.8076,DTWEXBGS,Index Jan 2006=100,Daily
2024-11-04,124.5903,DTWEXBGS,Index Jan 2006=100,Daily
2024-11-05,124.5532,DTWEXBGS,Index Jan 2006=100,Daily
2024-11-06,125.7035,DTWEXBGS,Index Jan 2006=100,Daily
2024-11-07,124.775,DTWEXBGS,Index Jan 2006=100,Daily
2024-11-08,125.5811,DTWEXBGS,Index Jan 2006=100,Daily
2024-11-11,,DTWEXBGS,Index Jan 2006=100,Daily
2024-11-12,126.7762,DTWEXBGS,Index Jan 2006=100,Daily
2024-11-13,126.9572,DTWEXBGS,Index Jan 2006=100,Daily
2024-11-14,127.0015,DTWEXBGS,Index Jan 2006=100,Daily
2024-11-15,126.8848,DTWEXBGS,Index Jan 2006=100,Daily
2024-11-18,126.6045,DTWEXBGS,Index Jan 2006=100,Daily
2024-11-19,126.3994,DTWEXBGS,Index Jan 2006=100,Daily
2024-11-20,126.88,DTWEXBGS,Index Jan 2006=100,Daily
2024-11-21,127.1047,DTWEXBGS,Index Jan 2006=100,Daily
2024-11-22,127.4712,DTWEXBGS,Index Jan 2006=100,Daily
2024-11-25,126.9948,DTWEXBGS,Index Jan 2006=100,Daily
2024-11-26,127.4301,DTWEXBGS,Index Jan 2006=100,Daily
2024-11-27,126.8205,DTWEXBGS,Index Jan 2006=100,Daily
2024-11-28,,DTWEXBGS,Index Jan 2006=100,Daily
2024-11-29,126.5798,DTWEXBGS,Index Jan 2006=100,Daily
2024-12-02,127.1272,DTWEXBGS,Index Jan 2006=100,Daily
2024-12-03,126.9565,DTWEXBGS,Index Jan 2006=100,Daily
2024-12-04,126.7574,DTWEXBGS,Index Jan 2006=100,Daily
2024-12-05,126.4286,DTWEXBGS,Index Jan 2006=100,Daily
2024-12-06,126.688,DTWEXBGS,Index Jan 2006=100,Daily
2024-12-09,126.5981,DTWEXBGS,Index Jan 2006=100,Daily
2024-12-10,126.957,DTWEXBGS,Index Jan 2006=100,Daily
2024-12-11,126.8483,DTWEXBGS,Index Jan 2006=100,Daily
2024-12-12,126.9556,DTWEXBGS,Index Jan 2006=100,Daily
2024-12-13,127.3096,DTWEXBGS,Index Jan 2006=100,Daily
2024-12-16,127.2687,DTWEXBGS,Index Jan 2006=100,Daily
2024-12-17,127.5043,DTWEXBGS,Index Jan 2006=100,Daily
2024-12-18,127.6418,DTWEXBGS,Index Jan 2006=100,Daily
2024-12-19,128.6366,DTWEXBGS,Index Jan 2006=100,Daily
2024-12-20,127.893,DTWEXBGS,Index Jan 2006=100,Daily
2024-12-23,128.3021,DTWEXBGS,Index Jan 2006=100,Daily
2024-12-24,128.3377,DTWEXBGS,Index Jan 2006=100,Daily
2024-12-25,,DTWEXBGS,Index Jan 2006=100,Daily
2024-12-26,128.3329,DTWEXBGS,Index Jan 2006=100,Daily
2024-12-27,128.45,DTWEXBGS,Index Jan 2006=100,Daily
2024-12-30,128.8205,DTWEXBGS,Index Jan 2006=100,Daily
2024-12-31,129.2775,DTWEXBGS,Index Jan 2006=100,Daily
2025-01-01,,DTWEXBGS,Index Jan 2006=100,Daily
2025-01-02,129.4598,DTWEXBGS,Index Jan 2006=100,Daily
2025-01-03,129.4535,DTWEXBGS,Index Jan 2006=100,Daily
2025-01-06,128.538,DTWEXBGS,Index Jan 2006=100,Daily
2025-01-07,128.613,DTWEXBGS,Index Jan 2006=100,Daily
2025-01-08,129.0785,DTWEXBGS,Index Jan 2006=100,Daily
2025-01-09,129.2827,DTWEXBGS,Index Jan 2006=100,Daily
2025-01-10,129.8664,DTWEXBGS,Index Jan 2006=100,Daily
2025-01-13,130.0413,DTWEXBGS,Index Jan 2006=100,Daily
2025-01-14,129.3812,DTWEXBGS,Index Jan 2006=100,Daily
2025-01-15,129.2092,DTWEXBGS,Index Jan 2006=100,Daily
2025-01-16,129.436,DTWEXBGS,Index Jan 2006=100,Daily
2025-01-17,129.4859,DTWEXBGS,Index Jan 2006=100,Daily
2025-01-20,,DTWEXBGS,Index Jan 2006=100,Daily
2025-01-21,128.4151,DTWEXBGS,Index Jan 2006=100,Daily
2025-01-22,128.3402,DTWEXBGS,Index Jan 2006=100,Daily
2025-01-23,128.2162,DTWEXBGS,Index Jan 2006=100,Daily
2025-01-24,127.4611,DTWEXBGS,Index Jan 2006=100,Daily
2025-01-27,128.0912,DTWEXBGS,Index Jan 2006=100,Daily
2025-01-28,128.2817,DTWEXBGS,Index Jan 2006=100,Daily
2025-01-29,128.3418,DTWEXBGS,Index Jan 2006=100,Daily
2025-01-30,128.1004,DTWEXBGS,Index Jan 2006=100,Daily
2025-01-31,128.4828,DTWEXBGS,Index Jan 2006=100,Daily
2025-02-03,129.109,DTWEXBGS,Index Jan 2006=100,Daily
2025-02-04,128.1083,DTWEXBGS,Index Jan 2006=100,Daily
2025-02-05,127.9751,DTWEXBGS,Index Jan 2006=100,Daily
2025-02-06,128.2017,DTWEXBGS,Index Jan 2006=100,Daily
2025-02-07,128.4292,DTWEXBGS,Index Jan 2006=100,Daily
2025-02-10,128.6382,DTWEXBGS,Index Jan 2006=100,Daily
2025-02-11,128.4322,DTWEXBGS,Index Jan 2006=100,Daily
2025-02-12,128.3288,DTWEXBGS,Index Jan 2006=100,Daily
2025-02-13,127.8931,DTWEXBGS,Index Jan 2006=100,Daily
2025-02-14,127.1491,DTWEXBGS,Index Jan 2006=100,Daily
2025-02-17,,DTWEXBGS,Index Jan 2006=100,Daily
2025-02-18,127.2906,DTWEXBGS,Index Jan 2006=100,Daily
2025-02-19,127.7317,DTWEXBGS,Index Jan 2006=100,Daily
2025-02-20,127.1126,DTWEXBGS,Index Jan 2006=100,Daily
2025-02-21,127.1408,DTWEXBGS,Index Jan 2006=100,Daily
2025-02-24,127.1921,DTWEXBGS,Index Jan 2006=100,Daily
2025-02-25,127.3752,DTWEXBGS,Index Jan 2006=100,Daily
2025-02-26,127.2822,DTWEXBGS,Index Jan 2006=100,Daily
2025-02-27,127.9704,DTWEXBGS,Index Jan 2006=100,Daily
2025-02-28,128.2805,DTWEXBGS,Index Jan 2006=100,Daily
2025-03-03,127.75,DTWEXBGS,Index Jan 2006=100,Daily
2025-03-04,127.9966,DTWEXBGS,Index Jan 2006=100,Daily
2025-03-05,126.504,DTWEXBGS,Index Jan 2006=100,Daily
2025-03-06,126.1099,DTWEXBGS,Index Jan 2006=100,Daily
2025-03-07,125.9814,DTWEXBGS,Index Jan 2006=100,Daily
2025-03-10,126.268,DTWEXBGS,Index Jan 2006=100,Daily
2025-03-11,126.0457,DTWEXBGS,Index Jan 2006=100,Daily
2025-03-12,125.8664,DTWEXBGS,Index Jan 2006=100,Daily
2025-03-13,126.0031,DTWEXBGS,Index Jan 2006=100,Daily
2025-03-14,125.6942,DTWEXBGS,Index Jan 2006=100,Daily
2025-03-17,125.3688,DTWEXBGS,Index Jan 2006=100,Daily
2025-03-18,125.488,DTWEXBGS,Index Jan 2006=100,Daily
2025-03-19,125.8006,DTWEXBGS,Index Jan 2006=100,Daily
2025-03-20,125.985,DTWEXBGS,Index Jan 2006=100,Daily
2025-03-21,126.2679,DTWEXBGS,Index Jan 2006=100,Daily
2025-03-24,126.1956,DTWEXBGS,Index Jan 2006=100,Daily
2025-03-25,126.0535,DTWEXBGS,Index Jan 2006=100,Daily
2025-03-26,126.2364,DTWEXBGS,Index Jan 2006=100,Daily
2025-03-27,126.3626,DTWEXBGS,Index Jan 2006=100,Daily
2025-03-28,126.4187,DTWEXBGS,Index Jan 2006=100,Daily
2025-03-31,126.7075,DTWEXBGS,Index Jan 2006=100,Daily
2025-04-01,126.4338,DTWEXBGS,Index Jan 2006=100,Daily
2025-04-02,126.3811,DTWEXBGS,Index Jan 2006=100,Daily
2025-04-03,124.7316,DTWEXBGS,Index Jan 2006=100,Daily
2025-04-04,125.8129,DTWEXBGS,Index Jan 2006=100,Daily
2025-04-07,126.8282,DTWEXBGS,Index Jan 2006=100,Daily
2025-04-08,126.8668,DTWEXBGS,Index Jan 2006=100,Daily
2025-04-09,126.628,DTWEXBGS,Index Jan 2006=100,Daily
2025-04-10,125.089,DTWEXBGS,Index Jan 2006=100,Daily
2025-04-11,124.0163,DTWEXBGS,Index Jan 2006=100,Daily
2025-04-14,123.6598,DTWEXBGS,Index Jan 2006=100,Daily
2025-04-15,123.776,DTWEXBGS,Index Jan 2006=100,Daily
2025-04-16,123.2724,DTWEXBGS,Index Jan 2006=100,Daily
2025-04-17,123.1298,DTWEXBGS,Index Jan 2006=100,Daily
2025-04-18,122.9865,DTWEXBGS,Index Jan 2006=100,Daily
2025-04-21,122.3145,DTWEXBGS,Index Jan 2006=100,Daily
2025-04-22,122.4175,DTWEXBGS,Index Jan 2006=100,Daily
2025-04-23,123.0252,DTWEXBGS,Index Jan 2006=100,Daily
2025-04-24,122.9251,DTWEXBGS,Index Jan 2006=100,Daily
2025-04-25,122.8858,DTWEXBGS,Index Jan 2006=100,Daily
2025-04-28,122.7176,DTWEXBGS,Index Jan 2006=100,Daily
2025-04-29,122.5944,DTWEXBGS,Index Jan 2006=100,Daily
2025-04-30,122.5921,DTWEXBGS,Index Jan 2006=100,Daily
2025-05-01,123.1405,DTWEXBGS,Index Jan 2006=100,Daily
2025-05-02,122.4962,DTWEXBGS,Index Jan 2006=100,Daily
2025-05-05,122.2613,DTWEXBGS,Index Jan 2006=100,Daily
2025-05-06,122.0417,DTWEXBGS,Index Jan 2006=100,Daily
2025-05-07,122.117,DTWEXBGS,Index Jan 2006=100,Daily
2025-05-08,122.7568,DTWEXBGS,Index Jan 2006=100,Daily
2025-05-09,122.5191,DTWEXBGS,Index Jan 2006=100,Daily
2025-05-12,123.4863,DTWEXBGS,Index Jan 2006=100,Daily
2025-05-13,122.9583,DTWEXBGS,Index Jan 2006=100,Daily
2025-05-14,122.6746,DTWEXBGS,Index Jan 2006=100,Daily
2025-05-15,122.8174,DTWEXBGS,Index Jan 2006=100,Daily
2025-05-16,123.0737,DTWEXBGS,Index Jan 2006=100,Daily
2025-05-19,122.4186,DTWEXBGS,Index Jan 2006=100,Daily
2025-05-20,122.3199,DTWEXBGS,Index Jan 2006=100,Daily
2025-05-21,121.7496,DTWEXBGS,Index Jan 2006=100,Daily
2025-05-22,122.0429,DTWEXBGS,Index Jan 2006=100,Daily
2025-05-23,121.3837,DTWEXBGS,Index Jan 2006=100,Daily
2025-05-26,,DTWEXBGS,Index Jan 2006=100,Daily
2025-05-27,121.6099,DTWEXBGS,Index Jan 2006=100,Daily
2025-05-28,121.9888,DTWEXBGS,Index Jan 2006=100,Daily
2025-05-29,121.5617,DTWEXBGS,Index Jan 2006=100,Daily
2025-05-30,121.7674,DTWEXBGS,Index Jan 2006=100,Daily
2025-06-02,121.1881,DTWEXBGS,Index Jan 2006=100,Daily
2025-06-03,121.4592,DTWEXBGS,Index Jan 2006=100,Daily
2025-06-04,121.0539,DTWEXBGS,Index Jan 2006=100,Daily
2025-06-05,120.9596,DTWEXBGS,Index Jan 2006=100,Daily
2025-06-06,121.161,DTWEXBGS,Index Jan 2006=100,Daily
2025-06-09,120.9103,DTWEXBGS,Index Jan 2006=100,Daily
2025-06-10,121.0485,DTWEXBGS,Index Jan 2006=100,Daily
2025-06-11,120.587,DTWEXBGS,Index Jan 2006=100,Daily
2025-06-12,120.1723,DTWEXBGS,Index Jan 2006=100,Daily
2025-06-13,120.3245,DTWEXBGS,Index Jan 2006=100,Daily
2025-06-16,120.1565,DTWEXBGS,Index Jan 2006=100,Daily
2025-06-17,120.5048,DTWEXBGS,Index Jan 2006=100,Daily
2025-06-18,120.7305,DTWEXBGS,Index Jan 2006=100,Daily
2025-06-19,,DTWEXBGS,Index Jan 2006=100,Daily
2025-06-20,121.0408,DTWEXBGS,Index Jan 2006=100,Daily
2025-06-23,121.1694,DTWEXBGS,Index Jan 2006=100,Daily
2025-06-24,120.3645,DTWEXBGS,Index Jan 2006=100,Daily
2025-06-25,120.3336,DTWEXBGS,Index Jan 2006=100,Daily
2025-06-26,119.6451,DTWEXBGS,Index Jan 2006=100,Daily
2025-06-27,119.659,DTWEXBGS,Index Jan 2006=100,Daily
2025-06-30,119.4088,DTWEXBGS,Index Jan 2006=100,Daily
2025-07-01,119.3436,DTWEXBGS,Index Jan 2006=100,Daily
2025-07-02,119.3037,DTWEXBGS,Index Jan 2006=100,Daily
2025-07-03,119.2382,DTWEXBGS,Index Jan 2006=100,Daily
2025-07-04,,DTWEXBGS,Index Jan 2006=100,Daily
2025-07-07,119.6201,DTWEXBGS,Index Jan 2006=100,Daily
2025-07-08,119.8371,DTWEXBGS,Index Jan 2006=100,Daily
2025-07-09,119.7311,DTWEXBGS,Index Jan 2006=100,Daily
2025-07-10,119.8343,DTWEXBGS,Index Jan 2006=100,Daily
2025-07-11,119.9214,DTWEXBGS,Index Jan 2006=100,Daily
2025-07-14,120.2209,DTWEXBGS,Index Jan 2006=100,Daily
2025-07-15,120.5105,DTWEXBGS,Index Jan 2006=100,Daily
2025-07-16,120.4175,DTWEXBGS,Index Jan 2006=100,Daily
2025-07-17,120.6384,DTWEXBGS,Index Jan 2006=100,Daily
2025-07-18,120.356,DTWEXBGS,Index Jan 2006=100,Daily
2025-07-21,119.9961,DTWEXBGS,Index Jan 2006=100,Daily
2025-07-22,119.681,DTWEXBGS,Index Jan 2006=100,Daily
2025-07-23,119.5697,DTWEXBGS,Index Jan 2006=100,Daily
2025-07-24,119.5664,DTWEXBGS,Index Jan 2006=100,Daily
2025-07-25,119.9857,DTWEXBGS,Index Jan 2006=100,Daily
2025-07-28,120.6149,DTWEXBGS,Index Jan 2006=100,Daily
2025-07-29,120.9674,DTWEXBGS,Index Jan 2006=100,Daily
2025-07-30,121.4042,DTWEXBGS,Index Jan 2006=100,Daily
2025-07-31,121.721,DTWEXBGS,Index Jan 2006=100,Daily
2025-08-01,121.2122,DTWEXBGS,Index Jan 2006=100,Daily
2025-08-04,120.9859,DTWEXBGS,Index Jan 2006=100,Daily
2025-08-05,120.9082,DTWEXBGS,Index Jan 2006=100,Daily
2025-08-06,120.5082,DTWEXBGS,Index Jan 2006=100,Daily
2025-08-07,120.5043,DTWEXBGS,Index Jan 2006=100,Daily
2025-08-08,120.3329,DTWEXBGS,Index Jan 2006=100,Daily
2025-08-11,120.6892,DTWEXBGS,Index Jan 2006=100,Daily
2025-08-12,120.2736,DTWEXBGS,Index Jan 2006=100,Daily
2025-08-13,120.13,DTWEXBGS,Index Jan 2006=100,Daily
2025-08-14,120.6446,DTWEXBGS,Index Jan 2006=100,Daily
2025-08-15,120.3377,DTWEXBGS,Index Jan 2006=100,Daily
2025-08-18,120.5622,DTWEXBGS,Index Jan 2006=100,Daily
2025-08-19,120.7224,DTWEXBGS,Index Jan 2006=100,Daily
2025-08-20,120.7757,DTWEXBGS,Index Jan 2006=100,Daily
2025-08-21,121.0843,DTWEXBGS,Index Jan 2006=100,Daily
2025-08-22,120.2774,DTWEXBGS,Index Jan 2006=100,Daily
2025-08-25,120.4214,DTWEXBGS,Index Jan 2006=100,Daily
2025-08-26,120.5274,DTWEXBGS,Index Jan 2006=100,Daily
2025-08-27,120.7274,DTWEXBGS,Index Jan 2006=100,Daily
2025-08-28,120.2595,DTWEXBGS,Index Jan 2006=100,Daily
2025-08-29,120.2082,DTWEXBGS,Index Jan 2006=100,Daily
2025-09-01,,DTWEXBGS,Index Jan 2006=100,Daily
2025-09-02,120.6837,DTWEXBGS,Index Jan 2006=100,Daily
2025-09-03,120.5052,DTWEXBGS,Index Jan 2006=100,Daily
2025-09-04,120.7629,DTWEXBGS,Index Jan 2006=100,Daily
2025-09-05,120.1282,DTWEXBGS,Index Jan 2006=100,Daily
2025-09-08,120.0971,DTWEXBGS,Index Jan 2006=100,Daily
2025-09-09,120.1569,DTWEXBGS,Index Jan 2006=100,Daily
2025-09-10,120.1223,DTWEXBGS,Index Jan 2006=100,Daily
2025-09-11,119.9534,DTWEXBGS,Index Jan 2006=100,Daily
2025-09-12,120.0611,DTWEXBGS,Index Jan 2006=100,Daily
2025-09-15,119.5644,DTWEXBGS,Index Jan 2006=100,Daily
2025-09-16,119.1348,DTWEXBGS,Index Jan 2006=100,Daily
2025-09-17,119.1582,DTWEXBGS,Index Jan 2006=100,Daily
2025-09-18,119.6616,DTWEXBGS,Index Jan 2006=100,Daily
2025-09-19,119.7858,DTWEXBGS,Index Jan 2006=100,Daily
2025-09-22,119.8152,DTWEXBGS,Index Jan 2006=100,Daily
2025-09-23,119.6202,DTWEXBGS,Index Jan 2006=100,Daily
2025-09-24,120.1707,DTWEXBGS,Index Jan 2006=100,Daily
2025-09-25,120.5419,DTWEXBGS,Index Jan 2006=100,Daily
2025-09-26,120.4349,DTWEXBGS,Index Jan 2006=100,Daily
2025-09-29,120.115,DTWEXBGS,Index Jan 2006=100,Daily
2025-09-30,120.1368,DTWEXBGS,Index Jan 2006=100,Daily
2025-10-01,120.1502,DTWEXBGS,Index Jan 2006=100,Daily
2025-10-02,120.4296,DTWEXBGS,Index Jan 2006=100,Daily
2025-10-03,120.0881,DTWEXBGS,Index Jan 2006=100,Daily
2025-10-06,120.2722,DTWEXBGS,Index Jan 2006=100,Daily
2025-10-07,120.4884,DTWEXBGS,Index Jan 2006=100,Daily
2025-10-08,120.7766,DTWEXBGS,Index Jan 2006=100,Daily
2025-10-09,121.0902,DTWEXBGS,Index Jan 2006=100,Daily
2025-10-10,121.1163,DTWEXBGS,Index Jan 2006=100,Daily
2025-10-13,,DTWEXBGS,Index Jan 2006=100,Daily
2025-10-14,121.1822,DTWEXBGS,Index Jan 2006=100,Daily
2025-10-15,120.8642,DTWEXBGS,Index Jan 2006=100,Daily
2025-10-16,120.6698,DTWEXBGS,Index Jan 2006=100,Daily
2025-10-17,120.7028,DTWEXBGS,Index Jan 2006=100,Daily
2025-10-20,120.6209,DTWEXBGS,Index Jan 2006=100,Daily
2025-10-21,120.8895,DTWEXBGS,Index Jan 2006=100,Daily
2025-10-22,120.8958,DTWEXBGS,Index Jan 2006=100,Daily
2025-10-23,120.9531,DTWEXBGS,Index Jan 2006=100,Daily
2025-10-24,120.9345,DTWEXBGS,Index Jan 2006=100,Daily
2025-10-27,120.7988,DTWEXBGS,Index Jan 2006=100,Daily
2025-10-28,120.6361,DTWEXBGS,Index Jan 2006=100,Daily
2025-10-29,120.5312,DTWEXBGS,Index Jan 2006=100,Daily
2025-10-30,121.2832,DTWEXBGS,Index Jan 2006=100,Daily
2025-10-31,121.3859,DTWEXBGS,Index Jan 2006=100,Daily
2025-11-03,121.4512,DTWEXBGS,Index Jan 2006=100,Daily
2025-11-04,121.8271,DTWEXBGS,Index Jan 2006=100,Daily
2025-11-05,121.8482,DTWEXBGS,Index Jan 2006=100,Daily
2025-11-06,121.6948,DTWEXBGS,Index Jan 2006=100,Daily
2025-11-07,121.388,DTWEXBGS,Index Jan 2006=100,Daily
2025-11-10,121.2984,DTWEXBGS,Index Jan 2006=100,Daily
2025-11-11,,DTWEXBGS,Index Jan 2006=100,Daily
2025-11-12,121.0458,DTWEXBGS,Index Jan 2006=100,Daily
2025-11-13,120.7725,DTWEXBGS,Index Jan 2006=100,Daily
2025-11-14,120.9666,DTWEXBGS,Index Jan 2006=100,Daily
2025-11-17,121.1146,DTWEXBGS,Index Jan 2006=100,Daily
2025-11-18,121.2127,DTWEXBGS,Index Jan 2006=100,Daily
2025-11-19,121.4978,DTWEXBGS,Index Jan 2006=100,Daily
2025-11-20,121.6889,DTWEXBGS,Index Jan 2006=100,Daily
2025-11-21,121.8653,DTWEXBGS,Index Jan 2006=100,Daily
2025-11-24,121.9171,DTWEXBGS,Index Jan 2006=100,Daily
2025-11-25,121.6335,DTWEXBGS,Index Jan 2006=100,Daily
2025-11-26,121.2437,DTWEXBGS,Index Jan 2006=100,Daily
2025-11-27,,DTWEXBGS,Index Jan 2006=100,Daily
2025-11-28,121.0527,DTWEXBGS,Index Jan 2006=100,Daily
2025-12-01,120.9862,DTWEXBGS,Index Jan 2006=100,Daily
2025-12-02,121.1467,DTWEXBGS,Index Jan 2006=100,Daily
2025-12-03,120.7336,DTWEXBGS,Index Jan 2006=100,Daily
2025-12-04,120.6766,DTWEXBGS,Index Jan 2006=100,Daily
2025-12-05,120.6863,DTWEXBGS,Index Jan 2006=100,Daily
2025-12-08,120.776,DTWEXBGS,Index Jan 2006=100,Daily
2025-12-09,120.6832,DTWEXBGS,Index Jan 2006=100,Daily
2025-12-10,120.6752,DTWEXBGS,Index Jan 2006=100,Daily
2025-12-11,119.98,DTWEXBGS,Index Jan 2006=100,Daily
2025-12-12,120.1442,DTWEXBGS,Index Jan 2006=100,Daily
2025-12-15,119.9561,DTWEXBGS,Index Jan 2006=100,Daily
2025-12-16,119.8902,DTWEXBGS,Index Jan 2006=100,Daily
2025-12-17,120.155,DTWEXBGS,Index Jan 2006=100,Daily
2025-12-18,120.0528,DTWEXBGS,Index Jan 2006=100,Daily
2025-12-19,120.1652,DTWEXBGS,Index Jan 2006=100,Daily
2025-12-22,119.9912,DTWEXBGS,Index Jan 2006=100,Daily
2025-12-23,119.7057,DTWEXBGS,Index Jan 2006=100,Daily
2025-12-24,119.4372,DTWEXBGS,Index Jan 2006=100,Daily
2025-12-25,,DTWEXBGS,Index Jan 2006=100,Daily
2025-12-26,119.4723,DTWEXBGS,Index Jan 2006=100,Daily
2025-12-29,119.5899,DTWEXBGS,Index Jan 2006=100,Daily
2025-12-30,119.4939,DTWEXBGS,Index Jan 2006=100,Daily
2025-12-31,119.7456,DTWEXBGS,Index Jan 2006=100,Daily
2026-01-01,,DTWEXBGS,Index Jan 2006=100,Daily
2026-01-02,119.6059,DTWEXBGS,Index Jan 2006=100,Daily
2026-01-05,119.6192,DTWEXBGS,Index Jan 2006=100,Daily
2026-01-06,119.7807,DTWEXBGS,Index Jan 2006=100,Daily
2026-01-07,119.8719,DTWEXBGS,Index Jan 2006=100,Daily
2026-01-08,120.0904,DTWEXBGS,Index Jan 2006=100,Daily
2026-01-09,120.2215,DTWEXBGS,Index Jan 2006=100,Daily
2026-01-12,119.9958,DTWEXBGS,Index Jan 2006=100,Daily
2026-01-13,120.1401,DTWEXBGS,Index Jan 2006=100,Daily
2026-01-14,119.9537,DTWEXBGS,Index Jan 2006=100,Daily
2026-01-15,119.9951,DTWEXBGS,Index Jan 2006=100,Daily
2026-01-16,120.0838,DTWEXBGS,Index Jan 2006=100,Daily
2026-01-19,,DTWEXBGS,Index Jan 2006=100,Daily
2026-01-20,119.4455,DTWEXBGS,Index Jan 2006=100,Daily
2026-01-21,119.3431,DTWEXBGS,Index Jan 2006=100,Daily
2026-01-22,119.1962,DTWEXBGS,Index Jan 2006=100,Daily
2026-01-23,118.8976,DTWEXBGS,Index Jan 2006=100,Daily
2026-01-26,118.0525,DTWEXBGS,Index Jan 2006=100,Daily
2026-01-27,117.4523,DTWEXBGS,Index Jan 2006=100,Daily
2026-01-28,117.5117,DTWEXBGS,Index Jan 2006=100,Daily
2026-01-29,117.4396,DTWEXBGS,Index Jan 2006=100,Daily
2026-01-30,117.8996,DTWEXBGS,Index Jan 2006=100,Daily
2026-02-02,118.3609,DTWEXBGS,Index Jan 2006=100,Daily
2026-02-03,117.9764,DTWEXBGS,Index Jan 2006=100,Daily
2026-02-04,118.2602,DTWEXBGS,Index Jan 2006=100,Daily
2026-02-05,118.5034,DTWEXBGS,Index Jan 2006=100,Daily
2026-02-06,118.2407,DTWEXBGS,Index Jan 2006=100,Daily
2026-02-09,117.6392,DTWEXBGS,Index Jan 2006=100,Daily
2026-02-10,117.5216,DTWEXBGS,Index Jan 2006=100,Daily
2026-02-11,117.4601,DTWEXBGS,Index Jan 2006=100,Daily
2026-02-12,117.5376,DTWEXBGS,Index Jan 2006=100,Daily
2026-02-13,117.5258,DTWEXBGS,Index Jan 2006=100,Daily
2026-02-16,,DTWEXBGS,Index Jan 2006=100,Daily
2026-02-17,117.7375,DTWEXBGS,Index Jan 2006=100,Daily
2026-02-18,117.8426,DTWEXBGS,Index Jan 2006=100,Daily
2026-02-19,118.2354,DTWEXBGS,Index Jan 2006=100,Daily
2026-02-20,117.9917,DTWEXBGS,Index Jan 2006=100,Daily
2026-02-23,117.9395,DTWEXBGS,Index Jan 2006=100,Daily
2026-02-24,117.9463,DTWEXBGS,Index Jan 2006=100,Daily
2026-02-25,117.769,DTWEXBGS,Index Jan 2006=100,Daily
2026-02-26,117.9042,DTWEXBGS,Index Jan 2006=100,Daily
2026-02-27,117.8223,DTWEXBGS,Index Jan 2006=100,Daily
2026-03-02,118.667,DTWEXBGS,Index Jan 2006=100,Daily
2026-03-03,119.4341,DTWEXBGS,Index Jan 2006=100,Daily
2026-03-04,119.0705,DTWEXBGS,Index Jan 2006=100,Daily
2026-03-05,119.5683,DTWEXBGS,Index Jan 2006=100,Daily
2026-03-06,119.491,DTWEXBGS,Index Jan 2006=100,Daily
2026-03-09,119.5151,DTWEXBGS,Index Jan 2006=100,Daily
2026-03-10,118.7255,DTWEXBGS,Index Jan 2006=100,Daily
2026-03-11,119.2885,DTWEXBGS,Index Jan 2006=100,Daily
2026-03-12,119.8227,DTWEXBGS,Index Jan 2006=100,Daily
2026-03-13,120.5518,DTWEXBGS,Index Jan 2006=100,Daily
2026-03-16,120.097,DTWEXBGS,Index Jan 2006=100,Daily
2026-03-17,119.8328,DTWEXBGS,Index Jan 2006=100,Daily
2026-03-18,119.9276,DTWEXBGS,Index Jan 2006=100,Daily
2026-03-19,120.1802,DTWEXBGS,Index Jan 2006=100,Daily
2026-03-20,120.2757,DTWEXBGS,Index Jan 2006=100,Daily
2026-03-23,119.9371,DTWEXBGS,Index Jan 2006=100,Daily
2026-03-24,120.1295,DTWEXBGS,Index Jan 2006=100,Daily
2026-03-25,120.1282,DTWEXBGS,Index Jan 2006=100,Daily
2026-03-26,120.389,DTWEXBGS,Index Jan 2006=100,Daily
2026-03-27,120.8851,DTWEXBGS,Index Jan 2006=100,Daily
2026-03-30,121.2851,DTWEXBGS,Index Jan 2006=100,Daily
2026-03-31,121.035,DTWEXBGS,Index Jan 2006=100,Daily
2026-04-01,120.1198,DTWEXBGS,Index Jan 2006=100,Daily
2026-04-02,120.503,DTWEXBGS,Index Jan 2006=100,Daily
2026-04-03,120.6565,DTWEXBGS,Index Jan 2006=100,Daily
2026-04-06,120.4302,DTWEXBGS,Index Jan 2006=100,Daily
2026-04-07,120.32,DTWEXBGS,Index Jan 2006=100,Daily
2026-04-08,119.0596,DTWEXBGS,Index Jan 2006=100,Daily
2026-04-09,118.8998,DTWEXBGS,Index Jan 2006=100,Daily
2026-04-10,118.8552,DTWEXBGS,Index Jan 2006=100,Daily
2026-04-13,118.9916,DTWEXBGS,Index Jan 2006=100,Daily
2026-04-14,118.3581,DTWEXBGS,Index Jan 2006=100,Daily
2026-04-15,118.3623,DTWEXBGS,Index Jan 2006=100,Daily
2026-04-16,118.3616,DTWEXBGS,Index Jan 2006=100,Daily
2026-04-17,118.0795,DTWEXBGS,Index Jan 2006=100,Daily
2026-04-20,118.2374,DTWEXBGS,Index Jan 2006=100,Daily
2026-04-21,118.4331,DTWEXBGS,Index Jan 2006=100,Daily
2026-04-22,118.6004,DTWEXBGS,Index Jan 2006=100,Daily
2026-04-23,118.7155,DTWEXBGS,Index Jan 2006=100,Daily
2026-04-24,118.7294,DTWEXBGS,Index Jan 2006=100,Daily
2026-04-27,118.5458,DTWEXBGS,Index Jan 2006=100,Daily
2026-04-28,118.7717,DTWEXBGS,Index Jan 2006=100,Daily
2026-04-29,119.0975,DTWEXBGS,Index Jan 2006=100,Daily
2026-04-30,118.671,DTWEXBGS,Index Jan 2006=100,Daily
2026-05-01,118.3926,DTWEXBGS,Index Jan 2006=100,Daily
2026-05-04,118.8264,DTWEXBGS,Index Jan 2006=100,Daily
2026-05-05,118.6207,DTWEXBGS,Index Jan 2006=100,Daily
2026-05-06,118.0982,DTWEXBGS,Index Jan 2006=100,Daily
2026-05-07,118.0116,DTWEXBGS,Index Jan 2006=100,Daily
2026-05-08,118.0392,DTWEXBGS,Index Jan 2006=100,Daily
2026-05-11,118.0562,DTWEXBGS,Index Jan 2006=100,Daily
2026-05-12,118.5238,DTWEXBGS,Index Jan 2006=100,Daily
2026-05-13,118.4737,DTWEXBGS,Index Jan 2006=100,Daily
2026-05-14,118.6696,DTWEXBGS,Index Jan 2006=100,Daily
2026-05-15,119.2825,DTWEXBGS,Index Jan 2006=100,Daily
2026-05-18,119.0574,DTWEXBGS,Index Jan 2006=100,Daily
2026-05-19,119.451,DTWEXBGS,Index Jan 2006=100,Daily
2026-05-20,119.1624,DTWEXBGS,Index Jan 2006=100,Daily
2026-05-21,119.369,DTWEXBGS,Index Jan 2006=100,Daily
2026-05-22,119.2868,DTWEXBGS,Index Jan 2006=100,Daily
2026-05-25,,DTWEXBGS,Index Jan 2006=100,Daily
2026-05-26,119.1696,DTWEXBGS,Index Jan 2006=100,Daily
2026-05-27,119.1829,DTWEXBGS,Index Jan 2006=100,Daily
2026-05-28,119.0318,DTWEXBGS,Index Jan 2006=100,Daily
2026-05-29,118.8783,DTWEXBGS,Index Jan 2006=100,Daily
2026-06-01,119.1653,DTWEXBGS,Index Jan 2006=100,Daily
2026-06-02,119.0359,DTWEXBGS,Index Jan 2006=100,Daily
2026-06-03,119.3848,DTWEXBGS,Index Jan 2006=100,Daily
2026-06-04,119.3615,DTWEXBGS,Index Jan 2006=100,Daily
2026-06-05,120.0831,DTWEXBGS,Index Jan 2006=100,Daily
2026-06-08,120.034,DTWEXBGS,Index Jan 2006=100,Daily
2026-06-09,119.9617,DTWEXBGS,Index Jan 2006=100,Daily
2026-06-10,119.9134,DTWEXBGS,Index Jan 2006=100,Daily
2026-06-11,120.1174,DTWEXBGS,Index Jan 2006=100,Daily
2026-06-12,119.5073,DTWEXBGS,Index Jan 2006=100,Daily
2026-06-15,119.3158,DTWEXBGS,Index Jan 2006=100,Daily
2026-06-16,119.256,DTWEXBGS,Index Jan 2006=100,Daily
2026-06-17,119.3871,DTWEXBGS,Index Jan 2006=100,Daily
2026-06-18,120.3958,DTWEXBGS,Index Jan 2006=100,Daily
2026-06-19,,DTWEXBGS,Index Jan 2006=100,Daily
2026-06-22,120.5463,DTWEXBGS,Index Jan 2006=100,Daily
2026-06-23,121.0552,DTWEXBGS,Index Jan 2006=100,Daily
2026-06-24,121.412,DTWEXBGS,Index Jan 2006=100,Daily
2026-06-25,121.0559,DTWEXBGS,Index Jan 2006=100,Daily
2026-06-26,120.8866,DTWEXBGS,Index Jan 2006=100,Daily
2026-06-29,120.9525,DTWEXBGS,Index Jan 2006=100,Daily
2026-06-30,120.9248,DTWEXBGS,Index Jan 2006=100,Daily
2026-07-01,121.1455,DTWEXBGS,Index Jan 2006=100,Daily
2026-07-02,120.6902,DTWEXBGS,Index Jan 2006=100,Daily
2026-07-03,,DTWEXBGS,Index Jan 2006=100,Daily
2026-07-06,120.835,DTWEXBGS,Index Jan 2006=100,Daily
2026-07-07,120.8145,DTWEXBGS,Index Jan 2006=100,Daily
2026-07-08,121.1307,DTWEXBGS,Index Jan 2006=100,Daily
2026-07-09,120.753,DTWEXBGS,Index Jan 2006=100,Daily
2026-07-10,120.5046,DTWEXBGS,Index Jan 2006=100,Daily
2026-07-13,120.7413,DTWEXBGS,Index Jan 2006=100,Daily
2026-07-14,120.4728,DTWEXBGS,Index Jan 2006=100,Daily
2026-07-15,120.3088,DTWEXBGS,Index Jan 2006=100,Daily
2026-07-16,120.331,DTWEXBGS,Index Jan 2006=100,Daily
2026-07-17,120.5315,DTWEXBGS,Index Jan 2006=100,Daily
2026-07-20,120.5401,DTWEXBGS,Index Jan 2006=100,Daily
2026-07-21,120.5779,DTWEXBGS,Index Jan 2006=100,Daily
2026-07-22,120.5736,DTWEXBGS,Index Jan 2006=100,Daily
2026-07-23,120.9075,DTWEXBGS,Index Jan 2006=100,Daily
2026-07-24,120.7105,DTWEXBGS,Index Jan 2006=100,Daily
