date,us_treasury_3y_percent,series_id,unit,frequency,h15_release_date,us_yield_available_at_et,us_yield_available_at_kst,us_yield_safe_from_krw_date,us_yield_release_regime,us_yield_gap_policy
2014-12-01,0.9,DGS3,Percent,Daily,2014-12-08,2014-12-08T23:59:59-05:00,2014-12-09T13:59:59+09:00,2014-12-10,pre-2016-10-11 official weekly release; conservative ET day end,none
2014-12-02,0.96,DGS3,Percent,Daily,2014-12-08,2014-12-08T23:59:59-05:00,2014-12-09T13:59:59+09:00,2014-12-10,pre-2016-10-11 official weekly release; conservative ET day end,none
2014-12-03,0.98,DGS3,Percent,Daily,2014-12-08,2014-12-08T23:59:59-05:00,2014-12-09T13:59:59+09:00,2014-12-10,pre-2016-10-11 official weekly release; conservative ET day end,none
2014-12-04,0.97,DGS3,Percent,Daily,2014-12-08,2014-12-08T23:59:59-05:00,2014-12-09T13:59:59+09:00,2014-12-10,pre-2016-10-11 official weekly release; conservative ET day end,none
2014-12-05,1.09,DGS3,Percent,Daily,2014-12-08,2014-12-08T23:59:59-05:00,2014-12-09T13:59:59+09:00,2014-12-10,pre-2016-10-11 official weekly release; conservative ET day end,none
2014-12-08,1.1,DGS3,Percent,Daily,2014-12-15,2014-12-15T23:59:59-05:00,2014-12-16T13:59:59+09:00,2014-12-17,pre-2016-10-11 official weekly release; conservative ET day end,none
2014-12-09,1.07,DGS3,Percent,Daily,2014-12-15,2014-12-15T23:59:59-05:00,2014-12-16T13:59:59+09:00,2014-12-17,pre-2016-10-11 official weekly release; conservative ET day end,none
2014-12-10,1.01,DGS3,Percent,Daily,2014-12-15,2014-12-15T23:59:59-05:00,2014-12-16T13:59:59+09:00,2014-12-17,pre-2016-10-11 official weekly release; conservative ET day end,none
2014-12-11,1.05,DGS3,Percent,Daily,2014-12-15,2014-12-15T23:59:59-05:00,2014-12-16T13:59:59+09:00,2014-12-17,pre-2016-10-11 official weekly release; conservative ET day end,none
2014-12-12,0.98,DGS3,Percent,Daily,2014-12-15,2014-12-15T23:59:59-05:00,2014-12-16T13:59:59+09:00,2014-12-17,pre-2016-10-11 official weekly release; conservative ET day end,none
2014-12-15,1.03,DGS3,Percent,Daily,2014-12-22,2014-12-22T23:59:59-05:00,2014-12-23T13:59:59+09:00,2014-12-24,pre-2016-10-11 official weekly release; conservative ET day end,none
2014-12-16,0.99,DGS3,Percent,Daily,2014-12-22,2014-12-22T23:59:59-05:00,2014-12-23T13:59:59+09:00,2014-12-24,pre-2016-10-11 official weekly release; conservative ET day end,none
2014-12-17,1.06,DGS3,Percent,Daily,2014-12-22,2014-12-22T23:59:59-05:00,2014-12-23T13:59:59+09:00,2014-12-24,pre-2016-10-11 official weekly release; conservative ET day end,none
2014-12-18,1.1,DGS3,Percent,Daily,2014-12-22,2014-12-22T23:59:59-05:00,2014-12-23T13:59:59+09:00,2014-12-24,pre-2016-10-11 official weekly release; conservative ET day end,none
2014-12-19,1.1,DGS3,Percent,Daily,2014-12-22,2014-12-22T23:59:59-05:00,2014-12-23T13:59:59+09:00,2014-12-24,pre-2016-10-11 official weekly release; conservative ET day end,none
2014-12-22,1.13,DGS3,Percent,Daily,2014-12-29,2014-12-29T23:59:59-05:00,2014-12-30T13:59:59+09:00,2014-12-31,pre-2016-10-11 official weekly release; conservative ET day end,none
2014-12-23,1.17,DGS3,Percent,Daily,2014-12-29,2014-12-29T23:59:59-05:00,2014-12-30T13:59:59+09:00,2014-12-31,pre-2016-10-11 official weekly release; conservative ET day end,none
2014-12-24,1.18,DGS3,Percent,Daily,2014-12-29,2014-12-29T23:59:59-05:00,2014-12-30T13:59:59+09:00,2014-12-31,pre-2016-10-11 official weekly release; conservative ET day end,none
2014-12-25,,DGS3,Percent,Daily,2014-12-29,2014-12-29T23:59:59-05:00,2014-12-30T13:59:59+09:00,2014-12-31,pre-2016-10-11 official weekly release; conservative ET day end,none
2014-12-26,1.19,DGS3,Percent,Daily,2014-12-29,2014-12-29T23:59:59-05:00,2014-12-30T13:59:59+09:00,2014-12-31,pre-2016-10-11 official weekly release; conservative ET day end,none
2014-12-29,1.14,DGS3,Percent,Daily,2015-01-05,2015-01-05T23:59:59-05:00,2015-01-06T13:59:59+09:00,2015-01-07,pre-2016-10-11 official weekly release; conservative ET day end,none
2014-12-30,1.11,DGS3,Percent,Daily,2015-01-05,2015-01-05T23:59:59-05:00,2015-01-06T13:59:59+09:00,2015-01-07,pre-2016-10-11 official weekly release; conservative ET day end,none
2014-12-31,1.1,DGS3,Percent,Daily,2015-01-05,2015-01-05T23:59:59-05:00,2015-01-06T13:59:59+09:00,2015-01-07,pre-2016-10-11 official weekly release; conservative ET day end,none
2015-01-01,,DGS3,Percent,Daily,2015-01-05,2015-01-05T23:59:59-05:00,2015-01-06T13:59:59+09:00,2015-01-07,pre-2016-10-11 official weekly release; conservative ET day end,none
2015-01-02,1.07,DGS3,Percent,Daily,2015-01-05,2015-01-05T23:59:59-05:00,2015-01-06T13:59:59+09:00,2015-01-07,pre-2016-10-11 official weekly release; conservative ET day end,none
2015-01-05,1.06,DGS3,Percent,Daily,2015-01-12,2015-01-12T23:59:59-05:00,2015-01-13T13:59:59+09:00,2015-01-14,pre-2016-10-11 official weekly release; conservative ET day end,none
2015-01-06,1.02,DGS3,Percent,Daily,2015-01-12,2015-01-12T23:59:59-05:00,2015-01-13T13:59:59+09:00,2015-01-14,pre-2016-10-11 official weekly release; conservative ET day end,none
2015-01-07,1.0,DGS3,Percent,Daily,2015-01-12,2015-01-12T23:59:59-05:00,2015-01-13T13:59:59+09:00,2015-01-14,pre-2016-10-11 official weekly release; conservative ET day end,none
2015-01-08,1.0,DGS3,Percent,Daily,2015-01-12,2015-01-12T23:59:59-05:00,2015-01-13T13:59:59+09:00,2015-01-14,pre-2016-10-11 official weekly release; conservative ET day end,none
2015-01-09,0.96,DGS3,Percent,Daily,2015-01-12,2015-01-12T23:59:59-05:00,2015-01-13T13:59:59+09:00,2015-01-14,pre-2016-10-11 official weekly release; conservative ET day end,none
2015-01-12,0.91,DGS3,Percent,Daily,2015-01-20,2015-01-20T23:59:59-05:00,2015-01-21T13:59:59+09:00,2015-01-22,pre-2016-10-11 official weekly release; conservative ET day end,none
2015-01-13,0.88,DGS3,Percent,Daily,2015-01-20,2015-01-20T23:59:59-05:00,2015-01-21T13:59:59+09:00,2015-01-22,pre-2016-10-11 official weekly release; conservative ET day end,none
2015-01-14,0.83,DGS3,Percent,Daily,2015-01-20,2015-01-20T23:59:59-05:00,2015-01-21T13:59:59+09:00,2015-01-22,pre-2016-10-11 official weekly release; conservative ET day end,none
2015-01-15,0.75,DGS3,Percent,Daily,2015-01-20,2015-01-20T23:59:59-05:00,2015-01-21T13:59:59+09:00,2015-01-22,pre-2016-10-11 official weekly release; conservative ET day end,none
2015-01-16,0.8,DGS3,Percent,Daily,2015-01-20,2015-01-20T23:59:59-05:00,2015-01-21T13:59:59+09:00,2015-01-22,pre-2016-10-11 official weekly release; conservative ET day end,none
2015-01-19,,DGS3,Percent,Daily,2015-01-20,2015-01-20T23:59:59-05:00,2015-01-21T13:59:59+09:00,2015-01-22,pre-2016-10-11 official weekly release; conservative ET day end,none
2015-01-20,0.85,DGS3,Percent,Daily,2015-01-26,2015-01-26T23:59:59-05:00,2015-01-27T13:59:59+09:00,2015-01-28,pre-2016-10-11 official weekly release; conservative ET day end,none
2015-01-21,0.87,DGS3,Percent,Daily,2015-01-26,2015-01-26T23:59:59-05:00,2015-01-27T13:59:59+09:00,2015-01-28,pre-2016-10-11 official weekly release; conservative ET day end,none
2015-01-22,0.9,DGS3,Percent,Daily,2015-01-26,2015-01-26T23:59:59-05:00,2015-01-27T13:59:59+09:00,2015-01-28,pre-2016-10-11 official weekly release; conservative ET day end,none
2015-01-23,0.86,DGS3,Percent,Daily,2015-01-26,2015-01-26T23:59:59-05:00,2015-01-27T13:59:59+09:00,2015-01-28,pre-2016-10-11 official weekly release; conservative ET day end,none
2015-01-26,0.89,DGS3,Percent,Daily,2015-02-02,2015-02-02T23:59:59-05:00,2015-02-03T13:59:59+09:00,2015-02-04,pre-2016-10-11 official weekly release; conservative ET day end,none
2015-01-27,0.87,DGS3,Percent,Daily,2015-02-02,2015-02-02T23:59:59-05:00,2015-02-03T13:59:59+09:00,2015-02-04,pre-2016-10-11 official weekly release; conservative ET day end,none
2015-01-28,0.81,DGS3,Percent,Daily,2015-02-02,2015-02-02T23:59:59-05:00,2015-02-03T13:59:59+09:00,2015-02-04,pre-2016-10-11 official weekly release; conservative ET day end,none
2015-01-29,0.84,DGS3,Percent,Daily,2015-02-02,2015-02-02T23:59:59-05:00,2015-02-03T13:59:59+09:00,2015-02-04,pre-2016-10-11 official weekly release; conservative ET day end,none
2015-01-30,0.77,DGS3,Percent,Daily,2015-02-02,2015-02-02T23:59:59-05:00,2015-02-03T13:59:59+09:00,2015-02-04,pre-2016-10-11 official weekly release; conservative ET day end,none
2015-02-02,0.78,DGS3,Percent,Daily,2015-02-09,2015-02-09T23:59:59-05:00,2015-02-10T13:59:59+09:00,2015-02-11,pre-2016-10-11 official weekly release; conservative ET day end,none
2015-02-03,0.85,DGS3,Percent,Daily,2015-02-09,2015-02-09T23:59:59-05:00,2015-02-10T13:59:59+09:00,2015-02-11,pre-2016-10-11 official weekly release; conservative ET day end,none
2015-02-04,0.86,DGS3,Percent,Daily,2015-02-09,2015-02-09T23:59:59-05:00,2015-02-10T13:59:59+09:00,2015-02-11,pre-2016-10-11 official weekly release; conservative ET day end,none
2015-02-05,0.87,DGS3,Percent,Daily,2015-02-09,2015-02-09T23:59:59-05:00,2015-02-10T13:59:59+09:00,2015-02-11,pre-2016-10-11 official weekly release; conservative ET day end,none
2015-02-06,1.03,DGS3,Percent,Daily,2015-02-09,2015-02-09T23:59:59-05:00,2015-02-10T13:59:59+09:00,2015-02-11,pre-2016-10-11 official weekly release; conservative ET day end,none
2015-02-09,1.04,DGS3,Percent,Daily,2015-02-18,2015-02-18T23:59:59-05:00,2015-02-19T13:59:59+09:00,2015-02-20,pre-2016-10-11 official weekly release; conservative ET day end,none
2015-02-10,1.05,DGS3,Percent,Daily,2015-02-18,2015-02-18T23:59:59-05:00,2015-02-19T13:59:59+09:00,2015-02-20,pre-2016-10-11 official weekly release; conservative ET day end,none
2015-02-11,1.06,DGS3,Percent,Daily,2015-02-18,2015-02-18T23:59:59-05:00,2015-02-19T13:59:59+09:00,2015-02-20,pre-2016-10-11 official weekly release; conservative ET day end,none
2015-02-12,1.02,DGS3,Percent,Daily,2015-02-18,2015-02-18T23:59:59-05:00,2015-02-19T13:59:59+09:00,2015-02-20,pre-2016-10-11 official weekly release; conservative ET day end,none
2015-02-13,1.03,DGS3,Percent,Daily,2015-02-18,2015-02-18T23:59:59-05:00,2015-02-19T13:59:59+09:00,2015-02-20,pre-2016-10-11 official weekly release; conservative ET day end,none
2015-02-16,,DGS3,Percent,Daily,2015-02-18,2015-02-18T23:59:59-05:00,2015-02-19T13:59:59+09:00,2015-02-20,pre-2016-10-11 official weekly release; conservative ET day end,none
2015-02-17,1.1,DGS3,Percent,Daily,2015-02-18,2015-02-18T23:59:59-05:00,2015-02-19T13:59:59+09:00,2015-02-20,pre-2016-10-11 official weekly release; conservative ET day end,none
2015-02-18,1.0,DGS3,Percent,Daily,2015-02-23,2015-02-23T23:59:59-05:00,2015-02-24T13:59:59+09:00,2015-02-25,pre-2016-10-11 official weekly release; conservative ET day end,none
2015-02-19,1.05,DGS3,Percent,Daily,2015-02-23,2015-02-23T23:59:59-05:00,2015-02-24T13:59:59+09:00,2015-02-25,pre-2016-10-11 official weekly release; conservative ET day end,none
2015-02-20,1.07,DGS3,Percent,Daily,2015-02-23,2015-02-23T23:59:59-05:00,2015-02-24T13:59:59+09:00,2015-02-25,pre-2016-10-11 official weekly release; conservative ET day end,none
2015-02-23,1.03,DGS3,Percent,Daily,2015-03-02,2015-03-02T23:59:59-05:00,2015-03-03T13:59:59+09:00,2015-03-04,pre-2016-10-11 official weekly release; conservative ET day end,none
2015-02-24,0.97,DGS3,Percent,Daily,2015-03-02,2015-03-02T23:59:59-05:00,2015-03-03T13:59:59+09:00,2015-03-04,pre-2016-10-11 official weekly release; conservative ET day end,none
2015-02-25,0.98,DGS3,Percent,Daily,2015-03-02,2015-03-02T23:59:59-05:00,2015-03-03T13:59:59+09:00,2015-03-04,pre-2016-10-11 official weekly release; conservative ET day end,none
2015-02-26,1.04,DGS3,Percent,Daily,2015-03-02,2015-03-02T23:59:59-05:00,2015-03-03T13:59:59+09:00,2015-03-04,pre-2016-10-11 official weekly release; conservative ET day end,none
2015-02-27,1.01,DGS3,Percent,Daily,2015-03-02,2015-03-02T23:59:59-05:00,2015-03-03T13:59:59+09:00,2015-03-04,pre-2016-10-11 official weekly release; conservative ET day end,none
2015-03-02,1.06,DGS3,Percent,Daily,2015-03-09,2015-03-09T23:59:59-04:00,2015-03-10T12:59:59+09:00,2015-03-11,pre-2016-10-11 official weekly release; conservative ET day end,none
2015-03-03,1.09,DGS3,Percent,Daily,2015-03-09,2015-03-09T23:59:59-04:00,2015-03-10T12:59:59+09:00,2015-03-11,pre-2016-10-11 official weekly release; conservative ET day end,none
2015-03-04,1.07,DGS3,Percent,Daily,2015-03-09,2015-03-09T23:59:59-04:00,2015-03-10T12:59:59+09:00,2015-03-11,pre-2016-10-11 official weekly release; conservative ET day end,none
2015-03-05,1.05,DGS3,Percent,Daily,2015-03-09,2015-03-09T23:59:59-04:00,2015-03-10T12:59:59+09:00,2015-03-11,pre-2016-10-11 official weekly release; conservative ET day end,none
2015-03-06,1.16,DGS3,Percent,Daily,2015-03-09,2015-03-09T23:59:59-04:00,2015-03-10T12:59:59+09:00,2015-03-11,pre-2016-10-11 official weekly release; conservative ET day end,none
2015-03-09,1.13,DGS3,Percent,Daily,2015-03-16,2015-03-16T23:59:59-04:00,2015-03-17T12:59:59+09:00,2015-03-18,pre-2016-10-11 official weekly release; conservative ET day end,none
2015-03-10,1.1,DGS3,Percent,Daily,2015-03-16,2015-03-16T23:59:59-04:00,2015-03-17T12:59:59+09:00,2015-03-18,pre-2016-10-11 official weekly release; conservative ET day end,none
2015-03-11,1.09,DGS3,Percent,Daily,2015-03-16,2015-03-16T23:59:59-04:00,2015-03-17T12:59:59+09:00,2015-03-18,pre-2016-10-11 official weekly release; conservative ET day end,none
2015-03-12,1.06,DGS3,Percent,Daily,2015-03-16,2015-03-16T23:59:59-04:00,2015-03-17T12:59:59+09:00,2015-03-18,pre-2016-10-11 official weekly release; conservative ET day end,none
2015-03-13,1.07,DGS3,Percent,Daily,2015-03-16,2015-03-16T23:59:59-04:00,2015-03-17T12:59:59+09:00,2015-03-18,pre-2016-10-11 official weekly release; conservative ET day end,none
2015-03-16,1.06,DGS3,Percent,Daily,2015-03-23,2015-03-23T23:59:59-04:00,2015-03-24T12:59:59+09:00,2015-03-25,pre-2016-10-11 official weekly release; conservative ET day end,none
2015-03-17,1.07,DGS3,Percent,Daily,2015-03-23,2015-03-23T23:59:59-04:00,2015-03-24T12:59:59+09:00,2015-03-25,pre-2016-10-11 official weekly release; conservative ET day end,none
2015-03-18,0.92,DGS3,Percent,Daily,2015-03-23,2015-03-23T23:59:59-04:00,2015-03-24T12:59:59+09:00,2015-03-25,pre-2016-10-11 official weekly release; conservative ET day end,none
2015-03-19,0.99,DGS3,Percent,Daily,2015-03-23,2015-03-23T23:59:59-04:00,2015-03-24T12:59:59+09:00,2015-03-25,pre-2016-10-11 official weekly release; conservative ET day end,none
2015-03-20,0.95,DGS3,Percent,Daily,2015-03-23,2015-03-23T23:59:59-04:00,2015-03-24T12:59:59+09:00,2015-03-25,pre-2016-10-11 official weekly release; conservative ET day end,none
2015-03-23,0.93,DGS3,Percent,Daily,2015-03-30,2015-03-30T23:59:59-04:00,2015-03-31T12:59:59+09:00,2015-04-01,pre-2016-10-11 official weekly release; conservative ET day end,none
2015-03-24,0.91,DGS3,Percent,Daily,2015-03-30,2015-03-30T23:59:59-04:00,2015-03-31T12:59:59+09:00,2015-04-01,pre-2016-10-11 official weekly release; conservative ET day end,none
2015-03-25,0.94,DGS3,Percent,Daily,2015-03-30,2015-03-30T23:59:59-04:00,2015-03-31T12:59:59+09:00,2015-04-01,pre-2016-10-11 official weekly release; conservative ET day end,none
2015-03-26,0.98,DGS3,Percent,Daily,2015-03-30,2015-03-30T23:59:59-04:00,2015-03-31T12:59:59+09:00,2015-04-01,pre-2016-10-11 official weekly release; conservative ET day end,none
2015-03-27,0.92,DGS3,Percent,Daily,2015-03-30,2015-03-30T23:59:59-04:00,2015-03-31T12:59:59+09:00,2015-04-01,pre-2016-10-11 official weekly release; conservative ET day end,none
2015-03-30,0.93,DGS3,Percent,Daily,2015-04-06,2015-04-06T23:59:59-04:00,2015-04-07T12:59:59+09:00,2015-04-08,pre-2016-10-11 official weekly release; conservative ET day end,none
2015-03-31,0.89,DGS3,Percent,Daily,2015-04-06,2015-04-06T23:59:59-04:00,2015-04-07T12:59:59+09:00,2015-04-08,pre-2016-10-11 official weekly release; conservative ET day end,none
2015-04-01,0.86,DGS3,Percent,Daily,2015-04-06,2015-04-06T23:59:59-04:00,2015-04-07T12:59:59+09:00,2015-04-08,pre-2016-10-11 official weekly release; conservative ET day end,none
2015-04-02,0.87,DGS3,Percent,Daily,2015-04-06,2015-04-06T23:59:59-04:00,2015-04-07T12:59:59+09:00,2015-04-08,pre-2016-10-11 official weekly release; conservative ET day end,none
2015-04-03,0.8,DGS3,Percent,Daily,2015-04-06,2015-04-06T23:59:59-04:00,2015-04-07T12:59:59+09:00,2015-04-08,pre-2016-10-11 official weekly release; conservative ET day end,none
2015-04-06,0.83,DGS3,Percent,Daily,2015-04-13,2015-04-13T23:59:59-04:00,2015-04-14T12:59:59+09:00,2015-04-15,pre-2016-10-11 official weekly release; conservative ET day end,none
2015-04-07,0.85,DGS3,Percent,Daily,2015-04-13,2015-04-13T23:59:59-04:00,2015-04-14T12:59:59+09:00,2015-04-15,pre-2016-10-11 official weekly release; conservative ET day end,none
2015-04-08,0.86,DGS3,Percent,Daily,2015-04-13,2015-04-13T23:59:59-04:00,2015-04-14T12:59:59+09:00,2015-04-15,pre-2016-10-11 official weekly release; conservative ET day end,none
2015-04-09,0.89,DGS3,Percent,Daily,2015-04-13,2015-04-13T23:59:59-04:00,2015-04-14T12:59:59+09:00,2015-04-15,pre-2016-10-11 official weekly release; conservative ET day end,none
2015-04-10,0.91,DGS3,Percent,Daily,2015-04-13,2015-04-13T23:59:59-04:00,2015-04-14T12:59:59+09:00,2015-04-15,pre-2016-10-11 official weekly release; conservative ET day end,none
2015-04-13,0.89,DGS3,Percent,Daily,2015-04-20,2015-04-20T23:59:59-04:00,2015-04-21T12:59:59+09:00,2015-04-22,pre-2016-10-11 official weekly release; conservative ET day end,none
2015-04-14,0.85,DGS3,Percent,Daily,2015-04-20,2015-04-20T23:59:59-04:00,2015-04-21T12:59:59+09:00,2015-04-22,pre-2016-10-11 official weekly release; conservative ET day end,none
2015-04-15,0.85,DGS3,Percent,Daily,2015-04-20,2015-04-20T23:59:59-04:00,2015-04-21T12:59:59+09:00,2015-04-22,pre-2016-10-11 official weekly release; conservative ET day end,none
2015-04-16,0.81,DGS3,Percent,Daily,2015-04-20,2015-04-20T23:59:59-04:00,2015-04-21T12:59:59+09:00,2015-04-22,pre-2016-10-11 official weekly release; conservative ET day end,none
2015-04-17,0.84,DGS3,Percent,Daily,2015-04-20,2015-04-20T23:59:59-04:00,2015-04-21T12:59:59+09:00,2015-04-22,pre-2016-10-11 official weekly release; conservative ET day end,none
2015-04-20,0.86,DGS3,Percent,Daily,2015-04-27,2015-04-27T23:59:59-04:00,2015-04-28T12:59:59+09:00,2015-04-29,pre-2016-10-11 official weekly release; conservative ET day end,none
2015-04-21,0.86,DGS3,Percent,Daily,2015-04-27,2015-04-27T23:59:59-04:00,2015-04-28T12:59:59+09:00,2015-04-29,pre-2016-10-11 official weekly release; conservative ET day end,none
2015-04-22,0.91,DGS3,Percent,Daily,2015-04-27,2015-04-27T23:59:59-04:00,2015-04-28T12:59:59+09:00,2015-04-29,pre-2016-10-11 official weekly release; conservative ET day end,none
2015-04-23,0.87,DGS3,Percent,Daily,2015-04-27,2015-04-27T23:59:59-04:00,2015-04-28T12:59:59+09:00,2015-04-29,pre-2016-10-11 official weekly release; conservative ET day end,none
2015-04-24,0.84,DGS3,Percent,Daily,2015-04-27,2015-04-27T23:59:59-04:00,2015-04-28T12:59:59+09:00,2015-04-29,pre-2016-10-11 official weekly release; conservative ET day end,none
2015-04-27,0.87,DGS3,Percent,Daily,2015-05-04,2015-05-04T23:59:59-04:00,2015-05-05T12:59:59+09:00,2015-05-06,pre-2016-10-11 official weekly release; conservative ET day end,none
2015-04-28,0.9,DGS3,Percent,Daily,2015-05-04,2015-05-04T23:59:59-04:00,2015-05-05T12:59:59+09:00,2015-05-06,pre-2016-10-11 official weekly release; conservative ET day end,none
2015-04-29,0.91,DGS3,Percent,Daily,2015-05-04,2015-05-04T23:59:59-04:00,2015-05-05T12:59:59+09:00,2015-05-06,pre-2016-10-11 official weekly release; conservative ET day end,none
2015-04-30,0.91,DGS3,Percent,Daily,2015-05-04,2015-05-04T23:59:59-04:00,2015-05-05T12:59:59+09:00,2015-05-06,pre-2016-10-11 official weekly release; conservative ET day end,none
2015-05-01,0.97,DGS3,Percent,Daily,2015-05-04,2015-05-04T23:59:59-04:00,2015-05-05T12:59:59+09:00,2015-05-06,pre-2016-10-11 official weekly release; conservative ET day end,none
2015-05-04,0.96,DGS3,Percent,Daily,2015-05-11,2015-05-11T23:59:59-04:00,2015-05-12T12:59:59+09:00,2015-05-13,pre-2016-10-11 official weekly release; conservative ET day end,none
2015-05-05,1.0,DGS3,Percent,Daily,2015-05-11,2015-05-11T23:59:59-04:00,2015-05-12T12:59:59+09:00,2015-05-13,pre-2016-10-11 official weekly release; conservative ET day end,none
2015-05-06,1.03,DGS3,Percent,Daily,2015-05-11,2015-05-11T23:59:59-04:00,2015-05-12T12:59:59+09:00,2015-05-13,pre-2016-10-11 official weekly release; conservative ET day end,none
2015-05-07,1.02,DGS3,Percent,Daily,2015-05-11,2015-05-11T23:59:59-04:00,2015-05-12T12:59:59+09:00,2015-05-13,pre-2016-10-11 official weekly release; conservative ET day end,none
2015-05-08,0.96,DGS3,Percent,Daily,2015-05-11,2015-05-11T23:59:59-04:00,2015-05-12T12:59:59+09:00,2015-05-13,pre-2016-10-11 official weekly release; conservative ET day end,none
2015-05-11,1.02,DGS3,Percent,Daily,2015-05-18,2015-05-18T23:59:59-04:00,2015-05-19T12:59:59+09:00,2015-05-20,pre-2016-10-11 official weekly release; conservative ET day end,none
2015-05-12,1.0,DGS3,Percent,Daily,2015-05-18,2015-05-18T23:59:59-04:00,2015-05-19T12:59:59+09:00,2015-05-20,pre-2016-10-11 official weekly release; conservative ET day end,none
2015-05-13,0.97,DGS3,Percent,Daily,2015-05-18,2015-05-18T23:59:59-04:00,2015-05-19T12:59:59+09:00,2015-05-20,pre-2016-10-11 official weekly release; conservative ET day end,none
2015-05-14,0.91,DGS3,Percent,Daily,2015-05-18,2015-05-18T23:59:59-04:00,2015-05-19T12:59:59+09:00,2015-05-20,pre-2016-10-11 official weekly release; conservative ET day end,none
2015-05-15,0.9,DGS3,Percent,Daily,2015-05-18,2015-05-18T23:59:59-04:00,2015-05-19T12:59:59+09:00,2015-05-20,pre-2016-10-11 official weekly release; conservative ET day end,none
2015-05-18,0.95,DGS3,Percent,Daily,2015-05-26,2015-05-26T23:59:59-04:00,2015-05-27T12:59:59+09:00,2015-05-28,pre-2016-10-11 official weekly release; conservative ET day end,none
2015-05-19,1.01,DGS3,Percent,Daily,2015-05-26,2015-05-26T23:59:59-04:00,2015-05-27T12:59:59+09:00,2015-05-28,pre-2016-10-11 official weekly release; conservative ET day end,none
2015-05-20,0.98,DGS3,Percent,Daily,2015-05-26,2015-05-26T23:59:59-04:00,2015-05-27T12:59:59+09:00,2015-05-28,pre-2016-10-11 official weekly release; conservative ET day end,none
2015-05-21,0.95,DGS3,Percent,Daily,2015-05-26,2015-05-26T23:59:59-04:00,2015-05-27T12:59:59+09:00,2015-05-28,pre-2016-10-11 official weekly release; conservative ET day end,none
2015-05-22,1.01,DGS3,Percent,Daily,2015-05-26,2015-05-26T23:59:59-04:00,2015-05-27T12:59:59+09:00,2015-05-28,pre-2016-10-11 official weekly release; conservative ET day end,none
2015-05-25,,DGS3,Percent,Daily,2015-05-26,2015-05-26T23:59:59-04:00,2015-05-27T12:59:59+09:00,2015-05-28,pre-2016-10-11 official weekly release; conservative ET day end,none
2015-05-26,0.99,DGS3,Percent,Daily,2015-06-01,2015-06-01T23:59:59-04:00,2015-06-02T12:59:59+09:00,2015-06-03,pre-2016-10-11 official weekly release; conservative ET day end,none
2015-05-27,1.0,DGS3,Percent,Daily,2015-06-01,2015-06-01T23:59:59-04:00,2015-06-02T12:59:59+09:00,2015-06-03,pre-2016-10-11 official weekly release; conservative ET day end,none
2015-05-28,0.97,DGS3,Percent,Daily,2015-06-01,2015-06-01T23:59:59-04:00,2015-06-02T12:59:59+09:00,2015-06-03,pre-2016-10-11 official weekly release; conservative ET day end,none
2015-05-29,0.94,DGS3,Percent,Daily,2015-06-01,2015-06-01T23:59:59-04:00,2015-06-02T12:59:59+09:00,2015-06-03,pre-2016-10-11 official weekly release; conservative ET day end,none
2015-06-01,0.99,DGS3,Percent,Daily,2015-06-08,2015-06-08T23:59:59-04:00,2015-06-09T12:59:59+09:00,2015-06-10,pre-2016-10-11 official weekly release; conservative ET day end,none
2015-06-02,1.02,DGS3,Percent,Daily,2015-06-08,2015-06-08T23:59:59-04:00,2015-06-09T12:59:59+09:00,2015-06-10,pre-2016-10-11 official weekly release; conservative ET day end,none
2015-06-03,1.07,DGS3,Percent,Daily,2015-06-08,2015-06-08T23:59:59-04:00,2015-06-09T12:59:59+09:00,2015-06-10,pre-2016-10-11 official weekly release; conservative ET day end,none
2015-06-04,1.04,DGS3,Percent,Daily,2015-06-08,2015-06-08T23:59:59-04:00,2015-06-09T12:59:59+09:00,2015-06-10,pre-2016-10-11 official weekly release; conservative ET day end,none
2015-06-05,1.13,DGS3,Percent,Daily,2015-06-08,2015-06-08T23:59:59-04:00,2015-06-09T12:59:59+09:00,2015-06-10,pre-2016-10-11 official weekly release; conservative ET day end,none
2015-06-08,1.09,DGS3,Percent,Daily,2015-06-15,2015-06-15T23:59:59-04:00,2015-06-16T12:59:59+09:00,2015-06-17,pre-2016-10-11 official weekly release; conservative ET day end,none
2015-06-09,1.12,DGS3,Percent,Daily,2015-06-15,2015-06-15T23:59:59-04:00,2015-06-16T12:59:59+09:00,2015-06-17,pre-2016-10-11 official weekly release; conservative ET day end,none
2015-06-10,1.15,DGS3,Percent,Daily,2015-06-15,2015-06-15T23:59:59-04:00,2015-06-16T12:59:59+09:00,2015-06-17,pre-2016-10-11 official weekly release; conservative ET day end,none
2015-06-11,1.12,DGS3,Percent,Daily,2015-06-15,2015-06-15T23:59:59-04:00,2015-06-16T12:59:59+09:00,2015-06-17,pre-2016-10-11 official weekly release; conservative ET day end,none
2015-06-12,1.12,DGS3,Percent,Daily,2015-06-15,2015-06-15T23:59:59-04:00,2015-06-16T12:59:59+09:00,2015-06-17,pre-2016-10-11 official weekly release; conservative ET day end,none
2015-06-15,1.1,DGS3,Percent,Daily,2015-06-22,2015-06-22T23:59:59-04:00,2015-06-23T12:59:59+09:00,2015-06-24,pre-2016-10-11 official weekly release; conservative ET day end,none
2015-06-16,1.08,DGS3,Percent,Daily,2015-06-22,2015-06-22T23:59:59-04:00,2015-06-23T12:59:59+09:00,2015-06-24,pre-2016-10-11 official weekly release; conservative ET day end,none
2015-06-17,1.03,DGS3,Percent,Daily,2015-06-22,2015-06-22T23:59:59-04:00,2015-06-23T12:59:59+09:00,2015-06-24,pre-2016-10-11 official weekly release; conservative ET day end,none
2015-06-18,1.03,DGS3,Percent,Daily,2015-06-22,2015-06-22T23:59:59-04:00,2015-06-23T12:59:59+09:00,2015-06-24,pre-2016-10-11 official weekly release; conservative ET day end,none
2015-06-19,0.99,DGS3,Percent,Daily,2015-06-22,2015-06-22T23:59:59-04:00,2015-06-23T12:59:59+09:00,2015-06-24,pre-2016-10-11 official weekly release; conservative ET day end,none
2015-06-22,1.06,DGS3,Percent,Daily,2015-06-29,2015-06-29T23:59:59-04:00,2015-06-30T12:59:59+09:00,2015-07-01,pre-2016-10-11 official weekly release; conservative ET day end,none
2015-06-23,1.07,DGS3,Percent,Daily,2015-06-29,2015-06-29T23:59:59-04:00,2015-06-30T12:59:59+09:00,2015-07-01,pre-2016-10-11 official weekly release; conservative ET day end,none
2015-06-24,1.06,DGS3,Percent,Daily,2015-06-29,2015-06-29T23:59:59-04:00,2015-06-30T12:59:59+09:00,2015-07-01,pre-2016-10-11 official weekly release; conservative ET day end,none
2015-06-25,1.06,DGS3,Percent,Daily,2015-06-29,2015-06-29T23:59:59-04:00,2015-06-30T12:59:59+09:00,2015-07-01,pre-2016-10-11 official weekly release; conservative ET day end,none
2015-06-26,1.09,DGS3,Percent,Daily,2015-06-29,2015-06-29T23:59:59-04:00,2015-06-30T12:59:59+09:00,2015-07-01,pre-2016-10-11 official weekly release; conservative ET day end,none
2015-06-29,1.0,DGS3,Percent,Daily,2015-07-06,2015-07-06T23:59:59-04:00,2015-07-07T12:59:59+09:00,2015-07-08,pre-2016-10-11 official weekly release; conservative ET day end,none
2015-06-30,1.01,DGS3,Percent,Daily,2015-07-06,2015-07-06T23:59:59-04:00,2015-07-07T12:59:59+09:00,2015-07-08,pre-2016-10-11 official weekly release; conservative ET day end,none
2015-07-01,1.08,DGS3,Percent,Daily,2015-07-06,2015-07-06T23:59:59-04:00,2015-07-07T12:59:59+09:00,2015-07-08,pre-2016-10-11 official weekly release; conservative ET day end,none
2015-07-02,1.01,DGS3,Percent,Daily,2015-07-06,2015-07-06T23:59:59-04:00,2015-07-07T12:59:59+09:00,2015-07-08,pre-2016-10-11 official weekly release; conservative ET day end,none
2015-07-03,,DGS3,Percent,Daily,2015-07-06,2015-07-06T23:59:59-04:00,2015-07-07T12:59:59+09:00,2015-07-08,pre-2016-10-11 official weekly release; conservative ET day end,none
2015-07-06,0.95,DGS3,Percent,Daily,2015-07-13,2015-07-13T23:59:59-04:00,2015-07-14T12:59:59+09:00,2015-07-15,pre-2016-10-11 official weekly release; conservative ET day end,none
2015-07-07,0.96,DGS3,Percent,Daily,2015-07-13,2015-07-13T23:59:59-04:00,2015-07-14T12:59:59+09:00,2015-07-15,pre-2016-10-11 official weekly release; conservative ET day end,none
2015-07-08,0.91,DGS3,Percent,Daily,2015-07-13,2015-07-13T23:59:59-04:00,2015-07-14T12:59:59+09:00,2015-07-15,pre-2016-10-11 official weekly release; conservative ET day end,none
2015-07-09,0.95,DGS3,Percent,Daily,2015-07-13,2015-07-13T23:59:59-04:00,2015-07-14T12:59:59+09:00,2015-07-15,pre-2016-10-11 official weekly release; conservative ET day end,none
2015-07-10,1.04,DGS3,Percent,Daily,2015-07-13,2015-07-13T23:59:59-04:00,2015-07-14T12:59:59+09:00,2015-07-15,pre-2016-10-11 official weekly release; conservative ET day end,none
2015-07-13,1.06,DGS3,Percent,Daily,2015-07-20,2015-07-20T23:59:59-04:00,2015-07-21T12:59:59+09:00,2015-07-22,pre-2016-10-11 official weekly release; conservative ET day end,none
2015-07-14,1.03,DGS3,Percent,Daily,2015-07-20,2015-07-20T23:59:59-04:00,2015-07-21T12:59:59+09:00,2015-07-22,pre-2016-10-11 official weekly release; conservative ET day end,none
2015-07-15,1.0,DGS3,Percent,Daily,2015-07-20,2015-07-20T23:59:59-04:00,2015-07-21T12:59:59+09:00,2015-07-22,pre-2016-10-11 official weekly release; conservative ET day end,none
2015-07-16,1.05,DGS3,Percent,Daily,2015-07-20,2015-07-20T23:59:59-04:00,2015-07-21T12:59:59+09:00,2015-07-22,pre-2016-10-11 official weekly release; conservative ET day end,none
2015-07-17,1.05,DGS3,Percent,Daily,2015-07-20,2015-07-20T23:59:59-04:00,2015-07-21T12:59:59+09:00,2015-07-22,pre-2016-10-11 official weekly release; conservative ET day end,none
2015-07-20,1.09,DGS3,Percent,Daily,2015-07-27,2015-07-27T23:59:59-04:00,2015-07-28T12:59:59+09:00,2015-07-29,pre-2016-10-11 official weekly release; conservative ET day end,none
2015-07-21,1.07,DGS3,Percent,Daily,2015-07-27,2015-07-27T23:59:59-04:00,2015-07-28T12:59:59+09:00,2015-07-29,pre-2016-10-11 official weekly release; conservative ET day end,none
2015-07-22,1.08,DGS3,Percent,Daily,2015-07-27,2015-07-27T23:59:59-04:00,2015-07-28T12:59:59+09:00,2015-07-29,pre-2016-10-11 official weekly release; conservative ET day end,none
2015-07-23,1.06,DGS3,Percent,Daily,2015-07-27,2015-07-27T23:59:59-04:00,2015-07-28T12:59:59+09:00,2015-07-29,pre-2016-10-11 official weekly release; conservative ET day end,none
2015-07-24,1.04,DGS3,Percent,Daily,2015-07-27,2015-07-27T23:59:59-04:00,2015-07-28T12:59:59+09:00,2015-07-29,pre-2016-10-11 official weekly release; conservative ET day end,none
2015-07-27,1.0,DGS3,Percent,Daily,2015-08-03,2015-08-03T23:59:59-04:00,2015-08-04T12:59:59+09:00,2015-08-05,pre-2016-10-11 official weekly release; conservative ET day end,none
2015-07-28,1.03,DGS3,Percent,Daily,2015-08-03,2015-08-03T23:59:59-04:00,2015-08-04T12:59:59+09:00,2015-08-05,pre-2016-10-11 official weekly release; conservative ET day end,none
2015-07-29,1.05,DGS3,Percent,Daily,2015-08-03,2015-08-03T23:59:59-04:00,2015-08-04T12:59:59+09:00,2015-08-05,pre-2016-10-11 official weekly release; conservative ET day end,none
2015-07-30,1.07,DGS3,Percent,Daily,2015-08-03,2015-08-03T23:59:59-04:00,2015-08-04T12:59:59+09:00,2015-08-05,pre-2016-10-11 official weekly release; conservative ET day end,none
2015-07-31,1.0,DGS3,Percent,Daily,2015-08-03,2015-08-03T23:59:59-04:00,2015-08-04T12:59:59+09:00,2015-08-05,pre-2016-10-11 official weekly release; conservative ET day end,none
2015-08-03,0.99,DGS3,Percent,Daily,2015-08-11,2015-08-11T23:59:59-04:00,2015-08-12T12:59:59+09:00,2015-08-13,pre-2016-10-11 official weekly release; conservative ET day end,none
2015-08-04,1.08,DGS3,Percent,Daily,2015-08-11,2015-08-11T23:59:59-04:00,2015-08-12T12:59:59+09:00,2015-08-13,pre-2016-10-11 official weekly release; conservative ET day end,none
2015-08-05,1.1,DGS3,Percent,Daily,2015-08-11,2015-08-11T23:59:59-04:00,2015-08-12T12:59:59+09:00,2015-08-13,pre-2016-10-11 official weekly release; conservative ET day end,none
2015-08-06,1.08,DGS3,Percent,Daily,2015-08-11,2015-08-11T23:59:59-04:00,2015-08-12T12:59:59+09:00,2015-08-13,pre-2016-10-11 official weekly release; conservative ET day end,none
2015-08-07,1.08,DGS3,Percent,Daily,2015-08-11,2015-08-11T23:59:59-04:00,2015-08-12T12:59:59+09:00,2015-08-13,pre-2016-10-11 official weekly release; conservative ET day end,none
2015-08-10,1.09,DGS3,Percent,Daily,2015-08-11,2015-08-11T23:59:59-04:00,2015-08-12T12:59:59+09:00,2015-08-13,pre-2016-10-11 official weekly release; conservative ET day end,none
2015-08-11,1.03,DGS3,Percent,Daily,2015-08-17,2015-08-17T23:59:59-04:00,2015-08-18T12:59:59+09:00,2015-08-19,pre-2016-10-11 official weekly release; conservative ET day end,none
2015-08-12,1.01,DGS3,Percent,Daily,2015-08-17,2015-08-17T23:59:59-04:00,2015-08-18T12:59:59+09:00,2015-08-19,pre-2016-10-11 official weekly release; conservative ET day end,none
2015-08-13,1.06,DGS3,Percent,Daily,2015-08-17,2015-08-17T23:59:59-04:00,2015-08-18T12:59:59+09:00,2015-08-19,pre-2016-10-11 official weekly release; conservative ET day end,none
2015-08-14,1.08,DGS3,Percent,Daily,2015-08-17,2015-08-17T23:59:59-04:00,2015-08-18T12:59:59+09:00,2015-08-19,pre-2016-10-11 official weekly release; conservative ET day end,none
2015-08-17,1.07,DGS3,Percent,Daily,2015-08-24,2015-08-24T23:59:59-04:00,2015-08-25T12:59:59+09:00,2015-08-26,pre-2016-10-11 official weekly release; conservative ET day end,none
2015-08-18,1.07,DGS3,Percent,Daily,2015-08-24,2015-08-24T23:59:59-04:00,2015-08-25T12:59:59+09:00,2015-08-26,pre-2016-10-11 official weekly release; conservative ET day end,none
2015-08-19,0.98,DGS3,Percent,Daily,2015-08-24,2015-08-24T23:59:59-04:00,2015-08-25T12:59:59+09:00,2015-08-26,pre-2016-10-11 official weekly release; conservative ET day end,none
2015-08-20,1.0,DGS3,Percent,Daily,2015-08-24,2015-08-24T23:59:59-04:00,2015-08-25T12:59:59+09:00,2015-08-26,pre-2016-10-11 official weekly release; conservative ET day end,none
2015-08-21,0.95,DGS3,Percent,Daily,2015-08-24,2015-08-24T23:59:59-04:00,2015-08-25T12:59:59+09:00,2015-08-26,pre-2016-10-11 official weekly release; conservative ET day end,none
2015-08-24,0.9,DGS3,Percent,Daily,2015-08-31,2015-08-31T23:59:59-04:00,2015-09-01T12:59:59+09:00,2015-09-02,pre-2016-10-11 official weekly release; conservative ET day end,none
2015-08-25,0.98,DGS3,Percent,Daily,2015-08-31,2015-08-31T23:59:59-04:00,2015-09-01T12:59:59+09:00,2015-09-02,pre-2016-10-11 official weekly release; conservative ET day end,none
2015-08-26,0.98,DGS3,Percent,Daily,2015-08-31,2015-08-31T23:59:59-04:00,2015-09-01T12:59:59+09:00,2015-09-02,pre-2016-10-11 official weekly release; conservative ET day end,none
2015-08-27,0.99,DGS3,Percent,Daily,2015-08-31,2015-08-31T23:59:59-04:00,2015-09-01T12:59:59+09:00,2015-09-02,pre-2016-10-11 official weekly release; conservative ET day end,none
2015-08-28,1.04,DGS3,Percent,Daily,2015-08-31,2015-08-31T23:59:59-04:00,2015-09-01T12:59:59+09:00,2015-09-02,pre-2016-10-11 official weekly release; conservative ET day end,none
2015-08-31,1.07,DGS3,Percent,Daily,2015-09-08,2015-09-08T23:59:59-04:00,2015-09-09T12:59:59+09:00,2015-09-10,pre-2016-10-11 official weekly release; conservative ET day end,none
2015-09-01,1.03,DGS3,Percent,Daily,2015-09-08,2015-09-08T23:59:59-04:00,2015-09-09T12:59:59+09:00,2015-09-10,pre-2016-10-11 official weekly release; conservative ET day end,none
2015-09-02,1.04,DGS3,Percent,Daily,2015-09-08,2015-09-08T23:59:59-04:00,2015-09-09T12:59:59+09:00,2015-09-10,pre-2016-10-11 official weekly release; conservative ET day end,none
2015-09-03,1.0,DGS3,Percent,Daily,2015-09-08,2015-09-08T23:59:59-04:00,2015-09-09T12:59:59+09:00,2015-09-10,pre-2016-10-11 official weekly release; conservative ET day end,none
2015-09-04,1.0,DGS3,Percent,Daily,2015-09-08,2015-09-08T23:59:59-04:00,2015-09-09T12:59:59+09:00,2015-09-10,pre-2016-10-11 official weekly release; conservative ET day end,none
2015-09-07,,DGS3,Percent,Daily,2015-09-08,2015-09-08T23:59:59-04:00,2015-09-09T12:59:59+09:00,2015-09-10,pre-2016-10-11 official weekly release; conservative ET day end,none
2015-09-08,1.05,DGS3,Percent,Daily,2015-09-14,2015-09-14T23:59:59-04:00,2015-09-15T12:59:59+09:00,2015-09-16,pre-2016-10-11 official weekly release; conservative ET day end,none
2015-09-09,1.06,DGS3,Percent,Daily,2015-09-14,2015-09-14T23:59:59-04:00,2015-09-15T12:59:59+09:00,2015-09-16,pre-2016-10-11 official weekly release; conservative ET day end,none
2015-09-10,1.06,DGS3,Percent,Daily,2015-09-14,2015-09-14T23:59:59-04:00,2015-09-15T12:59:59+09:00,2015-09-16,pre-2016-10-11 official weekly release; conservative ET day end,none
2015-09-11,1.03,DGS3,Percent,Daily,2015-09-14,2015-09-14T23:59:59-04:00,2015-09-15T12:59:59+09:00,2015-09-16,pre-2016-10-11 official weekly release; conservative ET day end,none
2015-09-14,1.03,DGS3,Percent,Daily,2015-09-21,2015-09-21T23:59:59-04:00,2015-09-22T12:59:59+09:00,2015-09-23,pre-2016-10-11 official weekly release; conservative ET day end,none
2015-09-15,1.12,DGS3,Percent,Daily,2015-09-21,2015-09-21T23:59:59-04:00,2015-09-22T12:59:59+09:00,2015-09-23,pre-2016-10-11 official weekly release; conservative ET day end,none
2015-09-16,1.13,DGS3,Percent,Daily,2015-09-21,2015-09-21T23:59:59-04:00,2015-09-22T12:59:59+09:00,2015-09-23,pre-2016-10-11 official weekly release; conservative ET day end,none
2015-09-17,1.0,DGS3,Percent,Daily,2015-09-21,2015-09-21T23:59:59-04:00,2015-09-22T12:59:59+09:00,2015-09-23,pre-2016-10-11 official weekly release; conservative ET day end,none
2015-09-18,0.97,DGS3,Percent,Daily,2015-09-21,2015-09-21T23:59:59-04:00,2015-09-22T12:59:59+09:00,2015-09-23,pre-2016-10-11 official weekly release; conservative ET day end,none
2015-09-21,1.01,DGS3,Percent,Daily,2015-09-28,2015-09-28T23:59:59-04:00,2015-09-29T12:59:59+09:00,2015-09-30,pre-2016-10-11 official weekly release; conservative ET day end,none
2015-09-22,0.97,DGS3,Percent,Daily,2015-09-28,2015-09-28T23:59:59-04:00,2015-09-29T12:59:59+09:00,2015-09-30,pre-2016-10-11 official weekly release; conservative ET day end,none
2015-09-23,1.0,DGS3,Percent,Daily,2015-09-28,2015-09-28T23:59:59-04:00,2015-09-29T12:59:59+09:00,2015-09-30,pre-2016-10-11 official weekly release; conservative ET day end,none
2015-09-24,0.97,DGS3,Percent,Daily,2015-09-28,2015-09-28T23:59:59-04:00,2015-09-29T12:59:59+09:00,2015-09-30,pre-2016-10-11 official weekly release; conservative ET day end,none
2015-09-25,1.0,DGS3,Percent,Daily,2015-09-28,2015-09-28T23:59:59-04:00,2015-09-29T12:59:59+09:00,2015-09-30,pre-2016-10-11 official weekly release; conservative ET day end,none
2015-09-28,0.97,DGS3,Percent,Daily,2015-10-05,2015-10-05T23:59:59-04:00,2015-10-06T12:59:59+09:00,2015-10-07,pre-2016-10-11 official weekly release; conservative ET day end,none
2015-09-29,0.92,DGS3,Percent,Daily,2015-10-05,2015-10-05T23:59:59-04:00,2015-10-06T12:59:59+09:00,2015-10-07,pre-2016-10-11 official weekly release; conservative ET day end,none
2015-09-30,0.92,DGS3,Percent,Daily,2015-10-05,2015-10-05T23:59:59-04:00,2015-10-06T12:59:59+09:00,2015-10-07,pre-2016-10-11 official weekly release; conservative ET day end,none
2015-10-01,0.92,DGS3,Percent,Daily,2015-10-05,2015-10-05T23:59:59-04:00,2015-10-06T12:59:59+09:00,2015-10-07,pre-2016-10-11 official weekly release; conservative ET day end,none
2015-10-02,0.85,DGS3,Percent,Daily,2015-10-05,2015-10-05T23:59:59-04:00,2015-10-06T12:59:59+09:00,2015-10-07,pre-2016-10-11 official weekly release; conservative ET day end,none
2015-10-05,0.89,DGS3,Percent,Daily,2015-10-13,2015-10-13T23:59:59-04:00,2015-10-14T12:59:59+09:00,2015-10-15,pre-2016-10-11 official weekly release; conservative ET day end,none
2015-10-06,0.9,DGS3,Percent,Daily,2015-10-13,2015-10-13T23:59:59-04:00,2015-10-14T12:59:59+09:00,2015-10-15,pre-2016-10-11 official weekly release; conservative ET day end,none
2015-10-07,0.92,DGS3,Percent,Daily,2015-10-13,2015-10-13T23:59:59-04:00,2015-10-14T12:59:59+09:00,2015-10-15,pre-2016-10-11 official weekly release; conservative ET day end,none
2015-10-08,0.93,DGS3,Percent,Daily,2015-10-13,2015-10-13T23:59:59-04:00,2015-10-14T12:59:59+09:00,2015-10-15,pre-2016-10-11 official weekly release; conservative ET day end,none
2015-10-09,0.96,DGS3,Percent,Daily,2015-10-13,2015-10-13T23:59:59-04:00,2015-10-14T12:59:59+09:00,2015-10-15,pre-2016-10-11 official weekly release; conservative ET day end,none
2015-10-12,,DGS3,Percent,Daily,2015-10-13,2015-10-13T23:59:59-04:00,2015-10-14T12:59:59+09:00,2015-10-15,pre-2016-10-11 official weekly release; conservative ET day end,none
2015-10-13,0.92,DGS3,Percent,Daily,2015-10-19,2015-10-19T23:59:59-04:00,2015-10-20T12:59:59+09:00,2015-10-21,pre-2016-10-11 official weekly release; conservative ET day end,none
2015-10-14,0.84,DGS3,Percent,Daily,2015-10-19,2015-10-19T23:59:59-04:00,2015-10-20T12:59:59+09:00,2015-10-21,pre-2016-10-11 official weekly release; conservative ET day end,none
2015-10-15,0.9,DGS3,Percent,Daily,2015-10-19,2015-10-19T23:59:59-04:00,2015-10-20T12:59:59+09:00,2015-10-21,pre-2016-10-11 official weekly release; conservative ET day end,none
2015-10-16,0.91,DGS3,Percent,Daily,2015-10-19,2015-10-19T23:59:59-04:00,2015-10-20T12:59:59+09:00,2015-10-21,pre-2016-10-11 official weekly release; conservative ET day end,none
2015-10-19,0.89,DGS3,Percent,Daily,2015-10-26,2015-10-26T23:59:59-04:00,2015-10-27T12:59:59+09:00,2015-10-28,pre-2016-10-11 official weekly release; conservative ET day end,none
2015-10-20,0.93,DGS3,Percent,Daily,2015-10-26,2015-10-26T23:59:59-04:00,2015-10-27T12:59:59+09:00,2015-10-28,pre-2016-10-11 official weekly release; conservative ET day end,none
2015-10-21,0.91,DGS3,Percent,Daily,2015-10-26,2015-10-26T23:59:59-04:00,2015-10-27T12:59:59+09:00,2015-10-28,pre-2016-10-11 official weekly release; conservative ET day end,none
2015-10-22,0.89,DGS3,Percent,Daily,2015-10-26,2015-10-26T23:59:59-04:00,2015-10-27T12:59:59+09:00,2015-10-28,pre-2016-10-11 official weekly release; conservative ET day end,none
2015-10-23,0.94,DGS3,Percent,Daily,2015-10-26,2015-10-26T23:59:59-04:00,2015-10-27T12:59:59+09:00,2015-10-28,pre-2016-10-11 official weekly release; conservative ET day end,none
2015-10-26,0.94,DGS3,Percent,Daily,2015-11-02,2015-11-02T23:59:59-05:00,2015-11-03T13:59:59+09:00,2015-11-04,pre-2016-10-11 official weekly release; conservative ET day end,none
2015-10-27,0.92,DGS3,Percent,Daily,2015-11-02,2015-11-02T23:59:59-05:00,2015-11-03T13:59:59+09:00,2015-11-04,pre-2016-10-11 official weekly release; conservative ET day end,none
2015-10-28,1.0,DGS3,Percent,Daily,2015-11-02,2015-11-02T23:59:59-05:00,2015-11-03T13:59:59+09:00,2015-11-04,pre-2016-10-11 official weekly release; conservative ET day end,none
2015-10-29,1.05,DGS3,Percent,Daily,2015-11-02,2015-11-02T23:59:59-05:00,2015-11-03T13:59:59+09:00,2015-11-04,pre-2016-10-11 official weekly release; conservative ET day end,none
2015-10-30,1.05,DGS3,Percent,Daily,2015-11-02,2015-11-02T23:59:59-05:00,2015-11-03T13:59:59+09:00,2015-11-04,pre-2016-10-11 official weekly release; conservative ET day end,none
2015-11-02,1.08,DGS3,Percent,Daily,2015-11-09,2015-11-09T23:59:59-05:00,2015-11-10T13:59:59+09:00,2015-11-11,pre-2016-10-11 official weekly release; conservative ET day end,none
2015-11-03,1.1,DGS3,Percent,Daily,2015-11-09,2015-11-09T23:59:59-05:00,2015-11-10T13:59:59+09:00,2015-11-11,pre-2016-10-11 official weekly release; conservative ET day end,none
2015-11-04,1.16,DGS3,Percent,Daily,2015-11-09,2015-11-09T23:59:59-05:00,2015-11-10T13:59:59+09:00,2015-11-11,pre-2016-10-11 official weekly release; conservative ET day end,none
2015-11-05,1.16,DGS3,Percent,Daily,2015-11-09,2015-11-09T23:59:59-05:00,2015-11-10T13:59:59+09:00,2015-11-11,pre-2016-10-11 official weekly release; conservative ET day end,none
2015-11-06,1.23,DGS3,Percent,Daily,2015-11-09,2015-11-09T23:59:59-05:00,2015-11-10T13:59:59+09:00,2015-11-11,pre-2016-10-11 official weekly release; conservative ET day end,none
2015-11-09,1.27,DGS3,Percent,Daily,2015-11-16,2015-11-16T23:59:59-05:00,2015-11-17T13:59:59+09:00,2015-11-18,pre-2016-10-11 official weekly release; conservative ET day end,none
2015-11-10,1.22,DGS3,Percent,Daily,2015-11-16,2015-11-16T23:59:59-05:00,2015-11-17T13:59:59+09:00,2015-11-18,pre-2016-10-11 official weekly release; conservative ET day end,none
2015-11-11,,DGS3,Percent,Daily,2015-11-16,2015-11-16T23:59:59-05:00,2015-11-17T13:59:59+09:00,2015-11-18,pre-2016-10-11 official weekly release; conservative ET day end,none
2015-11-12,1.24,DGS3,Percent,Daily,2015-11-16,2015-11-16T23:59:59-05:00,2015-11-17T13:59:59+09:00,2015-11-18,pre-2016-10-11 official weekly release; conservative ET day end,none
2015-11-13,1.2,DGS3,Percent,Daily,2015-11-16,2015-11-16T23:59:59-05:00,2015-11-17T13:59:59+09:00,2015-11-18,pre-2016-10-11 official weekly release; conservative ET day end,none
2015-11-16,1.18,DGS3,Percent,Daily,2015-11-23,2015-11-23T23:59:59-05:00,2015-11-24T13:59:59+09:00,2015-11-25,pre-2016-10-11 official weekly release; conservative ET day end,none
2015-11-17,1.18,DGS3,Percent,Daily,2015-11-23,2015-11-23T23:59:59-05:00,2015-11-24T13:59:59+09:00,2015-11-25,pre-2016-10-11 official weekly release; conservative ET day end,none
2015-11-18,1.21,DGS3,Percent,Daily,2015-11-23,2015-11-23T23:59:59-05:00,2015-11-24T13:59:59+09:00,2015-11-25,pre-2016-10-11 official weekly release; conservative ET day end,none
2015-11-19,1.21,DGS3,Percent,Daily,2015-11-23,2015-11-23T23:59:59-05:00,2015-11-24T13:59:59+09:00,2015-11-25,pre-2016-10-11 official weekly release; conservative ET day end,none
2015-11-20,1.23,DGS3,Percent,Daily,2015-11-23,2015-11-23T23:59:59-05:00,2015-11-24T13:59:59+09:00,2015-11-25,pre-2016-10-11 official weekly release; conservative ET day end,none
2015-11-23,1.26,DGS3,Percent,Daily,2015-11-30,2015-11-30T23:59:59-05:00,2015-12-01T13:59:59+09:00,2015-12-02,pre-2016-10-11 official weekly release; conservative ET day end,none
2015-11-24,1.23,DGS3,Percent,Daily,2015-11-30,2015-11-30T23:59:59-05:00,2015-12-01T13:59:59+09:00,2015-12-02,pre-2016-10-11 official weekly release; conservative ET day end,none
2015-11-25,1.25,DGS3,Percent,Daily,2015-11-30,2015-11-30T23:59:59-05:00,2015-12-01T13:59:59+09:00,2015-12-02,pre-2016-10-11 official weekly release; conservative ET day end,none
2015-11-26,,DGS3,Percent,Daily,2015-11-30,2015-11-30T23:59:59-05:00,2015-12-01T13:59:59+09:00,2015-12-02,pre-2016-10-11 official weekly release; conservative ET day end,none
2015-11-27,1.23,DGS3,Percent,Daily,2015-11-30,2015-11-30T23:59:59-05:00,2015-12-01T13:59:59+09:00,2015-12-02,pre-2016-10-11 official weekly release; conservative ET day end,none
2015-11-30,1.24,DGS3,Percent,Daily,2015-12-07,2015-12-07T23:59:59-05:00,2015-12-08T13:59:59+09:00,2015-12-09,pre-2016-10-11 official weekly release; conservative ET day end,none
2015-12-01,1.19,DGS3,Percent,Daily,2015-12-07,2015-12-07T23:59:59-05:00,2015-12-08T13:59:59+09:00,2015-12-09,pre-2016-10-11 official weekly release; conservative ET day end,none
2015-12-02,1.23,DGS3,Percent,Daily,2015-12-07,2015-12-07T23:59:59-05:00,2015-12-08T13:59:59+09:00,2015-12-09,pre-2016-10-11 official weekly release; conservative ET day end,none
2015-12-03,1.27,DGS3,Percent,Daily,2015-12-07,2015-12-07T23:59:59-05:00,2015-12-08T13:59:59+09:00,2015-12-09,pre-2016-10-11 official weekly release; conservative ET day end,none
2015-12-04,1.25,DGS3,Percent,Daily,2015-12-07,2015-12-07T23:59:59-05:00,2015-12-08T13:59:59+09:00,2015-12-09,pre-2016-10-11 official weekly release; conservative ET day end,none
2015-12-07,1.24,DGS3,Percent,Daily,2015-12-14,2015-12-14T23:59:59-05:00,2015-12-15T13:59:59+09:00,2015-12-16,pre-2016-10-11 official weekly release; conservative ET day end,none
2015-12-08,1.25,DGS3,Percent,Daily,2015-12-14,2015-12-14T23:59:59-05:00,2015-12-15T13:59:59+09:00,2015-12-16,pre-2016-10-11 official weekly release; conservative ET day end,none
2015-12-09,1.22,DGS3,Percent,Daily,2015-12-14,2015-12-14T23:59:59-05:00,2015-12-15T13:59:59+09:00,2015-12-16,pre-2016-10-11 official weekly release; conservative ET day end,none
2015-12-10,1.25,DGS3,Percent,Daily,2015-12-14,2015-12-14T23:59:59-05:00,2015-12-15T13:59:59+09:00,2015-12-16,pre-2016-10-11 official weekly release; conservative ET day end,none
2015-12-11,1.16,DGS3,Percent,Daily,2015-12-14,2015-12-14T23:59:59-05:00,2015-12-15T13:59:59+09:00,2015-12-16,pre-2016-10-11 official weekly release; conservative ET day end,none
2015-12-14,1.25,DGS3,Percent,Daily,2015-12-21,2015-12-21T23:59:59-05:00,2015-12-22T13:59:59+09:00,2015-12-23,pre-2016-10-11 official weekly release; conservative ET day end,none
2015-12-15,1.29,DGS3,Percent,Daily,2015-12-21,2015-12-21T23:59:59-05:00,2015-12-22T13:59:59+09:00,2015-12-23,pre-2016-10-11 official weekly release; conservative ET day end,none
2015-12-16,1.35,DGS3,Percent,Daily,2015-12-21,2015-12-21T23:59:59-05:00,2015-12-22T13:59:59+09:00,2015-12-23,pre-2016-10-11 official weekly release; conservative ET day end,none
2015-12-17,1.33,DGS3,Percent,Daily,2015-12-21,2015-12-21T23:59:59-05:00,2015-12-22T13:59:59+09:00,2015-12-23,pre-2016-10-11 official weekly release; conservative ET day end,none
2015-12-18,1.27,DGS3,Percent,Daily,2015-12-21,2015-12-21T23:59:59-05:00,2015-12-22T13:59:59+09:00,2015-12-23,pre-2016-10-11 official weekly release; conservative ET day end,none
2015-12-21,1.28,DGS3,Percent,Daily,2015-12-28,2015-12-28T23:59:59-05:00,2015-12-29T13:59:59+09:00,2015-12-30,pre-2016-10-11 official weekly release; conservative ET day end,none
2015-12-22,1.31,DGS3,Percent,Daily,2015-12-28,2015-12-28T23:59:59-05:00,2015-12-29T13:59:59+09:00,2015-12-30,pre-2016-10-11 official weekly release; conservative ET day end,none
2015-12-23,1.32,DGS3,Percent,Daily,2015-12-28,2015-12-28T23:59:59-05:00,2015-12-29T13:59:59+09:00,2015-12-30,pre-2016-10-11 official weekly release; conservative ET day end,none
2015-12-24,1.33,DGS3,Percent,Daily,2015-12-28,2015-12-28T23:59:59-05:00,2015-12-29T13:59:59+09:00,2015-12-30,pre-2016-10-11 official weekly release; conservative ET day end,none
2015-12-25,,DGS3,Percent,Daily,2015-12-28,2015-12-28T23:59:59-05:00,2015-12-29T13:59:59+09:00,2015-12-30,pre-2016-10-11 official weekly release; conservative ET day end,none
2015-12-28,1.33,DGS3,Percent,Daily,2016-01-04,2016-01-04T23:59:59-05:00,2016-01-05T13:59:59+09:00,2016-01-06,pre-2016-10-11 official weekly release; conservative ET day end,none
2015-12-29,1.38,DGS3,Percent,Daily,2016-01-04,2016-01-04T23:59:59-05:00,2016-01-05T13:59:59+09:00,2016-01-06,pre-2016-10-11 official weekly release; conservative ET day end,none
2015-12-30,1.36,DGS3,Percent,Daily,2016-01-04,2016-01-04T23:59:59-05:00,2016-01-05T13:59:59+09:00,2016-01-06,pre-2016-10-11 official weekly release; conservative ET day end,none
2015-12-31,1.31,DGS3,Percent,Daily,2016-01-04,2016-01-04T23:59:59-05:00,2016-01-05T13:59:59+09:00,2016-01-06,pre-2016-10-11 official weekly release; conservative ET day end,none
2016-01-01,,DGS3,Percent,Daily,2016-01-04,2016-01-04T23:59:59-05:00,2016-01-05T13:59:59+09:00,2016-01-06,pre-2016-10-11 official weekly release; conservative ET day end,none
2016-01-04,1.31,DGS3,Percent,Daily,2016-01-11,2016-01-11T23:59:59-05:00,2016-01-12T13:59:59+09:00,2016-01-13,pre-2016-10-11 official weekly release; conservative ET day end,none
2016-01-05,1.32,DGS3,Percent,Daily,2016-01-11,2016-01-11T23:59:59-05:00,2016-01-12T13:59:59+09:00,2016-01-13,pre-2016-10-11 official weekly release; conservative ET day end,none
2016-01-06,1.26,DGS3,Percent,Daily,2016-01-11,2016-01-11T23:59:59-05:00,2016-01-12T13:59:59+09:00,2016-01-13,pre-2016-10-11 official weekly release; conservative ET day end,none
2016-01-07,1.22,DGS3,Percent,Daily,2016-01-11,2016-01-11T23:59:59-05:00,2016-01-12T13:59:59+09:00,2016-01-13,pre-2016-10-11 official weekly release; conservative ET day end,none
2016-01-08,1.2,DGS3,Percent,Daily,2016-01-11,2016-01-11T23:59:59-05:00,2016-01-12T13:59:59+09:00,2016-01-13,pre-2016-10-11 official weekly release; conservative ET day end,none
2016-01-11,1.2,DGS3,Percent,Daily,2016-01-19,2016-01-19T23:59:59-05:00,2016-01-20T13:59:59+09:00,2016-01-21,pre-2016-10-11 official weekly release; conservative ET day end,none
2016-01-12,1.18,DGS3,Percent,Daily,2016-01-19,2016-01-19T23:59:59-05:00,2016-01-20T13:59:59+09:00,2016-01-21,pre-2016-10-11 official weekly release; conservative ET day end,none
2016-01-13,1.15,DGS3,Percent,Daily,2016-01-19,2016-01-19T23:59:59-05:00,2016-01-20T13:59:59+09:00,2016-01-21,pre-2016-10-11 official weekly release; conservative ET day end,none
2016-01-14,1.14,DGS3,Percent,Daily,2016-01-19,2016-01-19T23:59:59-05:00,2016-01-20T13:59:59+09:00,2016-01-21,pre-2016-10-11 official weekly release; conservative ET day end,none
2016-01-15,1.08,DGS3,Percent,Daily,2016-01-19,2016-01-19T23:59:59-05:00,2016-01-20T13:59:59+09:00,2016-01-21,pre-2016-10-11 official weekly release; conservative ET day end,none
2016-01-18,,DGS3,Percent,Daily,2016-01-19,2016-01-19T23:59:59-05:00,2016-01-20T13:59:59+09:00,2016-01-21,pre-2016-10-11 official weekly release; conservative ET day end,none
2016-01-19,1.11,DGS3,Percent,Daily,2016-01-27,2016-01-27T23:59:59-05:00,2016-01-28T13:59:59+09:00,2016-01-29,pre-2016-10-11 official weekly release; conservative ET day end,none
2016-01-20,1.06,DGS3,Percent,Daily,2016-01-27,2016-01-27T23:59:59-05:00,2016-01-28T13:59:59+09:00,2016-01-29,pre-2016-10-11 official weekly release; conservative ET day end,none
2016-01-21,1.06,DGS3,Percent,Daily,2016-01-27,2016-01-27T23:59:59-05:00,2016-01-28T13:59:59+09:00,2016-01-29,pre-2016-10-11 official weekly release; conservative ET day end,none
2016-01-22,1.11,DGS3,Percent,Daily,2016-01-27,2016-01-27T23:59:59-05:00,2016-01-28T13:59:59+09:00,2016-01-29,pre-2016-10-11 official weekly release; conservative ET day end,none
2016-01-25,1.1,DGS3,Percent,Daily,2016-01-27,2016-01-27T23:59:59-05:00,2016-01-28T13:59:59+09:00,2016-01-29,pre-2016-10-11 official weekly release; conservative ET day end,none
2016-01-26,1.07,DGS3,Percent,Daily,2016-01-27,2016-01-27T23:59:59-05:00,2016-01-28T13:59:59+09:00,2016-01-29,pre-2016-10-11 official weekly release; conservative ET day end,none
2016-01-27,1.07,DGS3,Percent,Daily,2016-02-01,2016-02-01T23:59:59-05:00,2016-02-02T13:59:59+09:00,2016-02-03,pre-2016-10-11 official weekly release; conservative ET day end,none
2016-01-28,1.05,DGS3,Percent,Daily,2016-02-01,2016-02-01T23:59:59-05:00,2016-02-02T13:59:59+09:00,2016-02-03,pre-2016-10-11 official weekly release; conservative ET day end,none
2016-01-29,0.97,DGS3,Percent,Daily,2016-02-01,2016-02-01T23:59:59-05:00,2016-02-02T13:59:59+09:00,2016-02-03,pre-2016-10-11 official weekly release; conservative ET day end,none
2016-02-01,1.01,DGS3,Percent,Daily,2016-02-08,2016-02-08T23:59:59-05:00,2016-02-09T13:59:59+09:00,2016-02-10,pre-2016-10-11 official weekly release; conservative ET day end,none
2016-02-02,0.93,DGS3,Percent,Daily,2016-02-08,2016-02-08T23:59:59-05:00,2016-02-09T13:59:59+09:00,2016-02-10,pre-2016-10-11 official weekly release; conservative ET day end,none
2016-02-03,0.91,DGS3,Percent,Daily,2016-02-08,2016-02-08T23:59:59-05:00,2016-02-09T13:59:59+09:00,2016-02-10,pre-2016-10-11 official weekly release; conservative ET day end,none
2016-02-04,0.9,DGS3,Percent,Daily,2016-02-08,2016-02-08T23:59:59-05:00,2016-02-09T13:59:59+09:00,2016-02-10,pre-2016-10-11 official weekly release; conservative ET day end,none
2016-02-05,0.91,DGS3,Percent,Daily,2016-02-08,2016-02-08T23:59:59-05:00,2016-02-09T13:59:59+09:00,2016-02-10,pre-2016-10-11 official weekly release; conservative ET day end,none
2016-02-08,0.83,DGS3,Percent,Daily,2016-02-16,2016-02-16T23:59:59-05:00,2016-02-17T13:59:59+09:00,2016-02-18,pre-2016-10-11 official weekly release; conservative ET day end,none
2016-02-09,0.85,DGS3,Percent,Daily,2016-02-16,2016-02-16T23:59:59-05:00,2016-02-17T13:59:59+09:00,2016-02-18,pre-2016-10-11 official weekly release; conservative ET day end,none
2016-02-10,0.85,DGS3,Percent,Daily,2016-02-16,2016-02-16T23:59:59-05:00,2016-02-17T13:59:59+09:00,2016-02-18,pre-2016-10-11 official weekly release; conservative ET day end,none
2016-02-11,0.81,DGS3,Percent,Daily,2016-02-16,2016-02-16T23:59:59-05:00,2016-02-17T13:59:59+09:00,2016-02-18,pre-2016-10-11 official weekly release; conservative ET day end,none
2016-02-12,0.89,DGS3,Percent,Daily,2016-02-16,2016-02-16T23:59:59-05:00,2016-02-17T13:59:59+09:00,2016-02-18,pre-2016-10-11 official weekly release; conservative ET day end,none
2016-02-15,,DGS3,Percent,Daily,2016-02-16,2016-02-16T23:59:59-05:00,2016-02-17T13:59:59+09:00,2016-02-18,pre-2016-10-11 official weekly release; conservative ET day end,none
2016-02-16,0.91,DGS3,Percent,Daily,2016-02-22,2016-02-22T23:59:59-05:00,2016-02-23T13:59:59+09:00,2016-02-24,pre-2016-10-11 official weekly release; conservative ET day end,none
2016-02-17,0.93,DGS3,Percent,Daily,2016-02-22,2016-02-22T23:59:59-05:00,2016-02-23T13:59:59+09:00,2016-02-24,pre-2016-10-11 official weekly release; conservative ET day end,none
2016-02-18,0.88,DGS3,Percent,Daily,2016-02-22,2016-02-22T23:59:59-05:00,2016-02-23T13:59:59+09:00,2016-02-24,pre-2016-10-11 official weekly release; conservative ET day end,none
2016-02-19,0.91,DGS3,Percent,Daily,2016-02-22,2016-02-22T23:59:59-05:00,2016-02-23T13:59:59+09:00,2016-02-24,pre-2016-10-11 official weekly release; conservative ET day end,none
2016-02-22,0.92,DGS3,Percent,Daily,2016-02-29,2016-02-29T23:59:59-05:00,2016-03-01T13:59:59+09:00,2016-03-02,pre-2016-10-11 official weekly release; conservative ET day end,none
2016-02-23,0.9,DGS3,Percent,Daily,2016-02-29,2016-02-29T23:59:59-05:00,2016-03-01T13:59:59+09:00,2016-03-02,pre-2016-10-11 official weekly release; conservative ET day end,none
2016-02-24,0.9,DGS3,Percent,Daily,2016-02-29,2016-02-29T23:59:59-05:00,2016-03-01T13:59:59+09:00,2016-03-02,pre-2016-10-11 official weekly release; conservative ET day end,none
2016-02-25,0.85,DGS3,Percent,Daily,2016-02-29,2016-02-29T23:59:59-05:00,2016-03-01T13:59:59+09:00,2016-03-02,pre-2016-10-11 official weekly release; conservative ET day end,none
2016-02-26,0.93,DGS3,Percent,Daily,2016-02-29,2016-02-29T23:59:59-05:00,2016-03-01T13:59:59+09:00,2016-03-02,pre-2016-10-11 official weekly release; conservative ET day end,none
2016-02-29,0.91,DGS3,Percent,Daily,2016-03-07,2016-03-07T23:59:59-05:00,2016-03-08T13:59:59+09:00,2016-03-09,pre-2016-10-11 official weekly release; conservative ET day end,none
2016-03-01,0.98,DGS3,Percent,Daily,2016-03-07,2016-03-07T23:59:59-05:00,2016-03-08T13:59:59+09:00,2016-03-09,pre-2016-10-11 official weekly release; conservative ET day end,none
2016-03-02,1.0,DGS3,Percent,Daily,2016-03-07,2016-03-07T23:59:59-05:00,2016-03-08T13:59:59+09:00,2016-03-09,pre-2016-10-11 official weekly release; conservative ET day end,none
2016-03-03,0.99,DGS3,Percent,Daily,2016-03-07,2016-03-07T23:59:59-05:00,2016-03-08T13:59:59+09:00,2016-03-09,pre-2016-10-11 official weekly release; conservative ET day end,none
2016-03-04,1.04,DGS3,Percent,Daily,2016-03-07,2016-03-07T23:59:59-05:00,2016-03-08T13:59:59+09:00,2016-03-09,pre-2016-10-11 official weekly release; conservative ET day end,none
2016-03-07,1.08,DGS3,Percent,Daily,2016-03-14,2016-03-14T23:59:59-04:00,2016-03-15T12:59:59+09:00,2016-03-16,pre-2016-10-11 official weekly release; conservative ET day end,none
2016-03-08,1.04,DGS3,Percent,Daily,2016-03-14,2016-03-14T23:59:59-04:00,2016-03-15T12:59:59+09:00,2016-03-16,pre-2016-10-11 official weekly release; conservative ET day end,none
2016-03-09,1.07,DGS3,Percent,Daily,2016-03-14,2016-03-14T23:59:59-04:00,2016-03-15T12:59:59+09:00,2016-03-16,pre-2016-10-11 official weekly release; conservative ET day end,none
2016-03-10,1.11,DGS3,Percent,Daily,2016-03-14,2016-03-14T23:59:59-04:00,2016-03-15T12:59:59+09:00,2016-03-16,pre-2016-10-11 official weekly release; conservative ET day end,none
2016-03-11,1.16,DGS3,Percent,Daily,2016-03-14,2016-03-14T23:59:59-04:00,2016-03-15T12:59:59+09:00,2016-03-16,pre-2016-10-11 official weekly release; conservative ET day end,none
2016-03-14,1.15,DGS3,Percent,Daily,2016-03-21,2016-03-21T23:59:59-04:00,2016-03-22T12:59:59+09:00,2016-03-23,pre-2016-10-11 official weekly release; conservative ET day end,none
2016-03-15,1.16,DGS3,Percent,Daily,2016-03-21,2016-03-21T23:59:59-04:00,2016-03-22T12:59:59+09:00,2016-03-23,pre-2016-10-11 official weekly release; conservative ET day end,none
2016-03-16,1.05,DGS3,Percent,Daily,2016-03-21,2016-03-21T23:59:59-04:00,2016-03-22T12:59:59+09:00,2016-03-23,pre-2016-10-11 official weekly release; conservative ET day end,none
2016-03-17,1.04,DGS3,Percent,Daily,2016-03-21,2016-03-21T23:59:59-04:00,2016-03-22T12:59:59+09:00,2016-03-23,pre-2016-10-11 official weekly release; conservative ET day end,none
2016-03-18,1.0,DGS3,Percent,Daily,2016-03-21,2016-03-21T23:59:59-04:00,2016-03-22T12:59:59+09:00,2016-03-23,pre-2016-10-11 official weekly release; conservative ET day end,none
2016-03-21,1.05,DGS3,Percent,Daily,2016-03-28,2016-03-28T23:59:59-04:00,2016-03-29T12:59:59+09:00,2016-03-30,pre-2016-10-11 official weekly release; conservative ET day end,none
2016-03-22,1.08,DGS3,Percent,Daily,2016-03-28,2016-03-28T23:59:59-04:00,2016-03-29T12:59:59+09:00,2016-03-30,pre-2016-10-11 official weekly release; conservative ET day end,none
2016-03-23,1.03,DGS3,Percent,Daily,2016-03-28,2016-03-28T23:59:59-04:00,2016-03-29T12:59:59+09:00,2016-03-30,pre-2016-10-11 official weekly release; conservative ET day end,none
2016-03-24,1.05,DGS3,Percent,Daily,2016-03-28,2016-03-28T23:59:59-04:00,2016-03-29T12:59:59+09:00,2016-03-30,pre-2016-10-11 official weekly release; conservative ET day end,none
2016-03-25,,DGS3,Percent,Daily,2016-03-28,2016-03-28T23:59:59-04:00,2016-03-29T12:59:59+09:00,2016-03-30,pre-2016-10-11 official weekly release; conservative ET day end,none
2016-03-28,1.04,DGS3,Percent,Daily,2016-04-04,2016-04-04T23:59:59-04:00,2016-04-05T12:59:59+09:00,2016-04-06,pre-2016-10-11 official weekly release; conservative ET day end,none
2016-03-29,0.94,DGS3,Percent,Daily,2016-04-04,2016-04-04T23:59:59-04:00,2016-04-05T12:59:59+09:00,2016-04-06,pre-2016-10-11 official weekly release; conservative ET day end,none
2016-03-30,0.91,DGS3,Percent,Daily,2016-04-04,2016-04-04T23:59:59-04:00,2016-04-05T12:59:59+09:00,2016-04-06,pre-2016-10-11 official weekly release; conservative ET day end,none
2016-03-31,0.87,DGS3,Percent,Daily,2016-04-04,2016-04-04T23:59:59-04:00,2016-04-05T12:59:59+09:00,2016-04-06,pre-2016-10-11 official weekly release; conservative ET day end,none
2016-04-01,0.9,DGS3,Percent,Daily,2016-04-04,2016-04-04T23:59:59-04:00,2016-04-05T12:59:59+09:00,2016-04-06,pre-2016-10-11 official weekly release; conservative ET day end,none
2016-04-04,0.88,DGS3,Percent,Daily,2016-04-11,2016-04-11T23:59:59-04:00,2016-04-12T12:59:59+09:00,2016-04-13,pre-2016-10-11 official weekly release; conservative ET day end,none
2016-04-05,0.85,DGS3,Percent,Daily,2016-04-11,2016-04-11T23:59:59-04:00,2016-04-12T12:59:59+09:00,2016-04-13,pre-2016-10-11 official weekly release; conservative ET day end,none
2016-04-06,0.88,DGS3,Percent,Daily,2016-04-11,2016-04-11T23:59:59-04:00,2016-04-12T12:59:59+09:00,2016-04-13,pre-2016-10-11 official weekly release; conservative ET day end,none
2016-04-07,0.83,DGS3,Percent,Daily,2016-04-11,2016-04-11T23:59:59-04:00,2016-04-12T12:59:59+09:00,2016-04-13,pre-2016-10-11 official weekly release; conservative ET day end,none
2016-04-08,0.84,DGS3,Percent,Daily,2016-04-11,2016-04-11T23:59:59-04:00,2016-04-12T12:59:59+09:00,2016-04-13,pre-2016-10-11 official weekly release; conservative ET day end,none
2016-04-11,0.85,DGS3,Percent,Daily,2016-04-18,2016-04-18T23:59:59-04:00,2016-04-19T12:59:59+09:00,2016-04-20,pre-2016-10-11 official weekly release; conservative ET day end,none
2016-04-12,0.9,DGS3,Percent,Daily,2016-04-18,2016-04-18T23:59:59-04:00,2016-04-19T12:59:59+09:00,2016-04-20,pre-2016-10-11 official weekly release; conservative ET day end,none
2016-04-13,0.9,DGS3,Percent,Daily,2016-04-18,2016-04-18T23:59:59-04:00,2016-04-19T12:59:59+09:00,2016-04-20,pre-2016-10-11 official weekly release; conservative ET day end,none
2016-04-14,0.92,DGS3,Percent,Daily,2016-04-18,2016-04-18T23:59:59-04:00,2016-04-19T12:59:59+09:00,2016-04-20,pre-2016-10-11 official weekly release; conservative ET day end,none
2016-04-15,0.87,DGS3,Percent,Daily,2016-04-18,2016-04-18T23:59:59-04:00,2016-04-19T12:59:59+09:00,2016-04-20,pre-2016-10-11 official weekly release; conservative ET day end,none
2016-04-18,0.9,DGS3,Percent,Daily,2016-04-25,2016-04-25T23:59:59-04:00,2016-04-26T12:59:59+09:00,2016-04-27,pre-2016-10-11 official weekly release; conservative ET day end,none
2016-04-19,0.92,DGS3,Percent,Daily,2016-04-25,2016-04-25T23:59:59-04:00,2016-04-26T12:59:59+09:00,2016-04-27,pre-2016-10-11 official weekly release; conservative ET day end,none
2016-04-20,0.97,DGS3,Percent,Daily,2016-04-25,2016-04-25T23:59:59-04:00,2016-04-26T12:59:59+09:00,2016-04-27,pre-2016-10-11 official weekly release; conservative ET day end,none
2016-04-21,0.98,DGS3,Percent,Daily,2016-04-25,2016-04-25T23:59:59-04:00,2016-04-26T12:59:59+09:00,2016-04-27,pre-2016-10-11 official weekly release; conservative ET day end,none
2016-04-22,1.01,DGS3,Percent,Daily,2016-04-25,2016-04-25T23:59:59-04:00,2016-04-26T12:59:59+09:00,2016-04-27,pre-2016-10-11 official weekly release; conservative ET day end,none
2016-04-25,1.01,DGS3,Percent,Daily,2016-05-02,2016-05-02T23:59:59-04:00,2016-05-03T12:59:59+09:00,2016-05-04,pre-2016-10-11 official weekly release; conservative ET day end,none
2016-04-26,1.04,DGS3,Percent,Daily,2016-05-02,2016-05-02T23:59:59-04:00,2016-05-03T12:59:59+09:00,2016-05-04,pre-2016-10-11 official weekly release; conservative ET day end,none
2016-04-27,0.99,DGS3,Percent,Daily,2016-05-02,2016-05-02T23:59:59-04:00,2016-05-03T12:59:59+09:00,2016-05-04,pre-2016-10-11 official weekly release; conservative ET day end,none
2016-04-28,0.93,DGS3,Percent,Daily,2016-05-02,2016-05-02T23:59:59-04:00,2016-05-03T12:59:59+09:00,2016-05-04,pre-2016-10-11 official weekly release; conservative ET day end,none
2016-04-29,0.92,DGS3,Percent,Daily,2016-05-02,2016-05-02T23:59:59-04:00,2016-05-03T12:59:59+09:00,2016-05-04,pre-2016-10-11 official weekly release; conservative ET day end,none
2016-05-02,0.96,DGS3,Percent,Daily,2016-05-09,2016-05-09T23:59:59-04:00,2016-05-10T12:59:59+09:00,2016-05-11,pre-2016-10-11 official weekly release; conservative ET day end,none
2016-05-03,0.92,DGS3,Percent,Daily,2016-05-09,2016-05-09T23:59:59-04:00,2016-05-10T12:59:59+09:00,2016-05-11,pre-2016-10-11 official weekly release; conservative ET day end,none
2016-05-04,0.89,DGS3,Percent,Daily,2016-05-09,2016-05-09T23:59:59-04:00,2016-05-10T12:59:59+09:00,2016-05-11,pre-2016-10-11 official weekly release; conservative ET day end,none
2016-05-05,0.87,DGS3,Percent,Daily,2016-05-09,2016-05-09T23:59:59-04:00,2016-05-10T12:59:59+09:00,2016-05-11,pre-2016-10-11 official weekly release; conservative ET day end,none
2016-05-06,0.9,DGS3,Percent,Daily,2016-05-09,2016-05-09T23:59:59-04:00,2016-05-10T12:59:59+09:00,2016-05-11,pre-2016-10-11 official weekly release; conservative ET day end,none
2016-05-09,0.86,DGS3,Percent,Daily,2016-05-16,2016-05-16T23:59:59-04:00,2016-05-17T12:59:59+09:00,2016-05-18,pre-2016-10-11 official weekly release; conservative ET day end,none
2016-05-10,0.88,DGS3,Percent,Daily,2016-05-16,2016-05-16T23:59:59-04:00,2016-05-17T12:59:59+09:00,2016-05-18,pre-2016-10-11 official weekly release; conservative ET day end,none
2016-05-11,0.87,DGS3,Percent,Daily,2016-05-16,2016-05-16T23:59:59-04:00,2016-05-17T12:59:59+09:00,2016-05-18,pre-2016-10-11 official weekly release; conservative ET day end,none
2016-05-12,0.92,DGS3,Percent,Daily,2016-05-16,2016-05-16T23:59:59-04:00,2016-05-17T12:59:59+09:00,2016-05-18,pre-2016-10-11 official weekly release; conservative ET day end,none
2016-05-13,0.91,DGS3,Percent,Daily,2016-05-16,2016-05-16T23:59:59-04:00,2016-05-17T12:59:59+09:00,2016-05-18,pre-2016-10-11 official weekly release; conservative ET day end,none
2016-05-16,0.94,DGS3,Percent,Daily,2016-05-23,2016-05-23T23:59:59-04:00,2016-05-24T12:59:59+09:00,2016-05-25,pre-2016-10-11 official weekly release; conservative ET day end,none
2016-05-17,0.97,DGS3,Percent,Daily,2016-05-23,2016-05-23T23:59:59-04:00,2016-05-24T12:59:59+09:00,2016-05-25,pre-2016-10-11 official weekly release; conservative ET day end,none
2016-05-18,1.08,DGS3,Percent,Daily,2016-05-23,2016-05-23T23:59:59-04:00,2016-05-24T12:59:59+09:00,2016-05-25,pre-2016-10-11 official weekly release; conservative ET day end,none
2016-05-19,1.06,DGS3,Percent,Daily,2016-05-23,2016-05-23T23:59:59-04:00,2016-05-24T12:59:59+09:00,2016-05-25,pre-2016-10-11 official weekly release; conservative ET day end,none
2016-05-20,1.05,DGS3,Percent,Daily,2016-05-23,2016-05-23T23:59:59-04:00,2016-05-24T12:59:59+09:00,2016-05-25,pre-2016-10-11 official weekly release; conservative ET day end,none
2016-05-23,1.05,DGS3,Percent,Daily,2016-05-31,2016-05-31T23:59:59-04:00,2016-06-01T12:59:59+09:00,2016-06-02,pre-2016-10-11 official weekly release; conservative ET day end,none
2016-05-24,1.08,DGS3,Percent,Daily,2016-05-31,2016-05-31T23:59:59-04:00,2016-06-01T12:59:59+09:00,2016-06-02,pre-2016-10-11 official weekly release; conservative ET day end,none
2016-05-25,1.08,DGS3,Percent,Daily,2016-05-31,2016-05-31T23:59:59-04:00,2016-06-01T12:59:59+09:00,2016-06-02,pre-2016-10-11 official weekly release; conservative ET day end,none
2016-05-26,1.03,DGS3,Percent,Daily,2016-05-31,2016-05-31T23:59:59-04:00,2016-06-01T12:59:59+09:00,2016-06-02,pre-2016-10-11 official weekly release; conservative ET day end,none
2016-05-27,1.06,DGS3,Percent,Daily,2016-05-31,2016-05-31T23:59:59-04:00,2016-06-01T12:59:59+09:00,2016-06-02,pre-2016-10-11 official weekly release; conservative ET day end,none
2016-05-30,,DGS3,Percent,Daily,2016-05-31,2016-05-31T23:59:59-04:00,2016-06-01T12:59:59+09:00,2016-06-02,pre-2016-10-11 official weekly release; conservative ET day end,none
2016-05-31,1.03,DGS3,Percent,Daily,2016-06-06,2016-06-06T23:59:59-04:00,2016-06-07T12:59:59+09:00,2016-06-08,pre-2016-10-11 official weekly release; conservative ET day end,none
2016-06-01,1.07,DGS3,Percent,Daily,2016-06-06,2016-06-06T23:59:59-04:00,2016-06-07T12:59:59+09:00,2016-06-08,pre-2016-10-11 official weekly release; conservative ET day end,none
2016-06-02,1.03,DGS3,Percent,Daily,2016-06-06,2016-06-06T23:59:59-04:00,2016-06-07T12:59:59+09:00,2016-06-08,pre-2016-10-11 official weekly release; conservative ET day end,none
2016-06-03,0.92,DGS3,Percent,Daily,2016-06-06,2016-06-06T23:59:59-04:00,2016-06-07T12:59:59+09:00,2016-06-08,pre-2016-10-11 official weekly release; conservative ET day end,none
2016-06-06,0.94,DGS3,Percent,Daily,2016-06-13,2016-06-13T23:59:59-04:00,2016-06-14T12:59:59+09:00,2016-06-15,pre-2016-10-11 official weekly release; conservative ET day end,none
2016-06-07,0.94,DGS3,Percent,Daily,2016-06-13,2016-06-13T23:59:59-04:00,2016-06-14T12:59:59+09:00,2016-06-15,pre-2016-10-11 official weekly release; conservative ET day end,none
2016-06-08,0.93,DGS3,Percent,Daily,2016-06-13,2016-06-13T23:59:59-04:00,2016-06-14T12:59:59+09:00,2016-06-15,pre-2016-10-11 official weekly release; conservative ET day end,none
2016-06-09,0.91,DGS3,Percent,Daily,2016-06-13,2016-06-13T23:59:59-04:00,2016-06-14T12:59:59+09:00,2016-06-15,pre-2016-10-11 official weekly release; conservative ET day end,none
2016-06-10,0.87,DGS3,Percent,Daily,2016-06-13,2016-06-13T23:59:59-04:00,2016-06-14T12:59:59+09:00,2016-06-15,pre-2016-10-11 official weekly release; conservative ET day end,none
2016-06-13,0.84,DGS3,Percent,Daily,2016-06-20,2016-06-20T23:59:59-04:00,2016-06-21T12:59:59+09:00,2016-06-22,pre-2016-10-11 official weekly release; conservative ET day end,none
2016-06-14,0.85,DGS3,Percent,Daily,2016-06-20,2016-06-20T23:59:59-04:00,2016-06-21T12:59:59+09:00,2016-06-22,pre-2016-10-11 official weekly release; conservative ET day end,none
2016-06-15,0.81,DGS3,Percent,Daily,2016-06-20,2016-06-20T23:59:59-04:00,2016-06-21T12:59:59+09:00,2016-06-22,pre-2016-10-11 official weekly release; conservative ET day end,none
2016-06-16,0.81,DGS3,Percent,Daily,2016-06-20,2016-06-20T23:59:59-04:00,2016-06-21T12:59:59+09:00,2016-06-22,pre-2016-10-11 official weekly release; conservative ET day end,none
2016-06-17,0.83,DGS3,Percent,Daily,2016-06-20,2016-06-20T23:59:59-04:00,2016-06-21T12:59:59+09:00,2016-06-22,pre-2016-10-11 official weekly release; conservative ET day end,none
2016-06-20,0.87,DGS3,Percent,Daily,2016-06-27,2016-06-27T23:59:59-04:00,2016-06-28T12:59:59+09:00,2016-06-29,pre-2016-10-11 official weekly release; conservative ET day end,none
2016-06-21,0.89,DGS3,Percent,Daily,2016-06-27,2016-06-27T23:59:59-04:00,2016-06-28T12:59:59+09:00,2016-06-29,pre-2016-10-11 official weekly release; conservative ET day end,none
2016-06-22,0.88,DGS3,Percent,Daily,2016-06-27,2016-06-27T23:59:59-04:00,2016-06-28T12:59:59+09:00,2016-06-29,pre-2016-10-11 official weekly release; conservative ET day end,none
2016-06-23,0.92,DGS3,Percent,Daily,2016-06-27,2016-06-27T23:59:59-04:00,2016-06-28T12:59:59+09:00,2016-06-29,pre-2016-10-11 official weekly release; conservative ET day end,none
2016-06-24,0.76,DGS3,Percent,Daily,2016-06-27,2016-06-27T23:59:59-04:00,2016-06-28T12:59:59+09:00,2016-06-29,pre-2016-10-11 official weekly release; conservative ET day end,none
2016-06-27,0.7,DGS3,Percent,Daily,2016-07-05,2016-07-05T23:59:59-04:00,2016-07-06T12:59:59+09:00,2016-07-07,pre-2016-10-11 official weekly release; conservative ET day end,none
2016-06-28,0.71,DGS3,Percent,Daily,2016-07-05,2016-07-05T23:59:59-04:00,2016-07-06T12:59:59+09:00,2016-07-07,pre-2016-10-11 official weekly release; conservative ET day end,none
2016-06-29,0.74,DGS3,Percent,Daily,2016-07-05,2016-07-05T23:59:59-04:00,2016-07-06T12:59:59+09:00,2016-07-07,pre-2016-10-11 official weekly release; conservative ET day end,none
2016-06-30,0.71,DGS3,Percent,Daily,2016-07-05,2016-07-05T23:59:59-04:00,2016-07-06T12:59:59+09:00,2016-07-07,pre-2016-10-11 official weekly release; conservative ET day end,none
2016-07-01,0.71,DGS3,Percent,Daily,2016-07-05,2016-07-05T23:59:59-04:00,2016-07-06T12:59:59+09:00,2016-07-07,pre-2016-10-11 official weekly release; conservative ET day end,none
2016-07-04,,DGS3,Percent,Daily,2016-07-05,2016-07-05T23:59:59-04:00,2016-07-06T12:59:59+09:00,2016-07-07,pre-2016-10-11 official weekly release; conservative ET day end,none
2016-07-05,0.66,DGS3,Percent,Daily,2016-07-11,2016-07-11T23:59:59-04:00,2016-07-12T12:59:59+09:00,2016-07-13,pre-2016-10-11 official weekly release; conservative ET day end,none
2016-07-06,0.69,DGS3,Percent,Daily,2016-07-11,2016-07-11T23:59:59-04:00,2016-07-12T12:59:59+09:00,2016-07-13,pre-2016-10-11 official weekly release; conservative ET day end,none
2016-07-07,0.69,DGS3,Percent,Daily,2016-07-11,2016-07-11T23:59:59-04:00,2016-07-12T12:59:59+09:00,2016-07-13,pre-2016-10-11 official weekly release; conservative ET day end,none
2016-07-08,0.71,DGS3,Percent,Daily,2016-07-11,2016-07-11T23:59:59-04:00,2016-07-12T12:59:59+09:00,2016-07-13,pre-2016-10-11 official weekly release; conservative ET day end,none
2016-07-11,0.77,DGS3,Percent,Daily,2016-07-18,2016-07-18T23:59:59-04:00,2016-07-19T12:59:59+09:00,2016-07-20,pre-2016-10-11 official weekly release; conservative ET day end,none
2016-07-12,0.81,DGS3,Percent,Daily,2016-07-18,2016-07-18T23:59:59-04:00,2016-07-19T12:59:59+09:00,2016-07-20,pre-2016-10-11 official weekly release; conservative ET day end,none
2016-07-13,0.8,DGS3,Percent,Daily,2016-07-18,2016-07-18T23:59:59-04:00,2016-07-19T12:59:59+09:00,2016-07-20,pre-2016-10-11 official weekly release; conservative ET day end,none
2016-07-14,0.82,DGS3,Percent,Daily,2016-07-18,2016-07-18T23:59:59-04:00,2016-07-19T12:59:59+09:00,2016-07-20,pre-2016-10-11 official weekly release; conservative ET day end,none
2016-07-15,0.87,DGS3,Percent,Daily,2016-07-18,2016-07-18T23:59:59-04:00,2016-07-19T12:59:59+09:00,2016-07-20,pre-2016-10-11 official weekly release; conservative ET day end,none
2016-07-18,0.85,DGS3,Percent,Daily,2016-07-25,2016-07-25T23:59:59-04:00,2016-07-26T12:59:59+09:00,2016-07-27,pre-2016-10-11 official weekly release; conservative ET day end,none
2016-07-19,0.84,DGS3,Percent,Daily,2016-07-25,2016-07-25T23:59:59-04:00,2016-07-26T12:59:59+09:00,2016-07-27,pre-2016-10-11 official weekly release; conservative ET day end,none
2016-07-20,0.86,DGS3,Percent,Daily,2016-07-25,2016-07-25T23:59:59-04:00,2016-07-26T12:59:59+09:00,2016-07-27,pre-2016-10-11 official weekly release; conservative ET day end,none
2016-07-21,0.82,DGS3,Percent,Daily,2016-07-25,2016-07-25T23:59:59-04:00,2016-07-26T12:59:59+09:00,2016-07-27,pre-2016-10-11 official weekly release; conservative ET day end,none
2016-07-22,0.84,DGS3,Percent,Daily,2016-07-25,2016-07-25T23:59:59-04:00,2016-07-26T12:59:59+09:00,2016-07-27,pre-2016-10-11 official weekly release; conservative ET day end,none
2016-07-25,0.87,DGS3,Percent,Daily,2016-08-01,2016-08-01T23:59:59-04:00,2016-08-02T12:59:59+09:00,2016-08-03,pre-2016-10-11 official weekly release; conservative ET day end,none
2016-07-26,0.87,DGS3,Percent,Daily,2016-08-01,2016-08-01T23:59:59-04:00,2016-08-02T12:59:59+09:00,2016-08-03,pre-2016-10-11 official weekly release; conservative ET day end,none
2016-07-27,0.83,DGS3,Percent,Daily,2016-08-01,2016-08-01T23:59:59-04:00,2016-08-02T12:59:59+09:00,2016-08-03,pre-2016-10-11 official weekly release; conservative ET day end,none
2016-07-28,0.82,DGS3,Percent,Daily,2016-08-01,2016-08-01T23:59:59-04:00,2016-08-02T12:59:59+09:00,2016-08-03,pre-2016-10-11 official weekly release; conservative ET day end,none
2016-07-29,0.76,DGS3,Percent,Daily,2016-08-01,2016-08-01T23:59:59-04:00,2016-08-02T12:59:59+09:00,2016-08-03,pre-2016-10-11 official weekly release; conservative ET day end,none
2016-08-01,0.78,DGS3,Percent,Daily,2016-08-08,2016-08-08T23:59:59-04:00,2016-08-09T12:59:59+09:00,2016-08-10,pre-2016-10-11 official weekly release; conservative ET day end,none
2016-08-02,0.79,DGS3,Percent,Daily,2016-08-08,2016-08-08T23:59:59-04:00,2016-08-09T12:59:59+09:00,2016-08-10,pre-2016-10-11 official weekly release; conservative ET day end,none
2016-08-03,0.78,DGS3,Percent,Daily,2016-08-08,2016-08-08T23:59:59-04:00,2016-08-09T12:59:59+09:00,2016-08-10,pre-2016-10-11 official weekly release; conservative ET day end,none
2016-08-04,0.76,DGS3,Percent,Daily,2016-08-08,2016-08-08T23:59:59-04:00,2016-08-09T12:59:59+09:00,2016-08-10,pre-2016-10-11 official weekly release; conservative ET day end,none
2016-08-05,0.86,DGS3,Percent,Daily,2016-08-08,2016-08-08T23:59:59-04:00,2016-08-09T12:59:59+09:00,2016-08-10,pre-2016-10-11 official weekly release; conservative ET day end,none
2016-08-08,0.86,DGS3,Percent,Daily,2016-08-15,2016-08-15T23:59:59-04:00,2016-08-16T12:59:59+09:00,2016-08-17,pre-2016-10-11 official weekly release; conservative ET day end,none
2016-08-09,0.84,DGS3,Percent,Daily,2016-08-15,2016-08-15T23:59:59-04:00,2016-08-16T12:59:59+09:00,2016-08-17,pre-2016-10-11 official weekly release; conservative ET day end,none
2016-08-10,0.8,DGS3,Percent,Daily,2016-08-15,2016-08-15T23:59:59-04:00,2016-08-16T12:59:59+09:00,2016-08-17,pre-2016-10-11 official weekly release; conservative ET day end,none
2016-08-11,0.88,DGS3,Percent,Daily,2016-08-15,2016-08-15T23:59:59-04:00,2016-08-16T12:59:59+09:00,2016-08-17,pre-2016-10-11 official weekly release; conservative ET day end,none
2016-08-12,0.82,DGS3,Percent,Daily,2016-08-15,2016-08-15T23:59:59-04:00,2016-08-16T12:59:59+09:00,2016-08-17,pre-2016-10-11 official weekly release; conservative ET day end,none
2016-08-15,0.85,DGS3,Percent,Daily,2016-08-22,2016-08-22T23:59:59-04:00,2016-08-23T12:59:59+09:00,2016-08-24,pre-2016-10-11 official weekly release; conservative ET day end,none
2016-08-16,0.87,DGS3,Percent,Daily,2016-08-22,2016-08-22T23:59:59-04:00,2016-08-23T12:59:59+09:00,2016-08-24,pre-2016-10-11 official weekly release; conservative ET day end,none
2016-08-17,0.86,DGS3,Percent,Daily,2016-08-22,2016-08-22T23:59:59-04:00,2016-08-23T12:59:59+09:00,2016-08-24,pre-2016-10-11 official weekly release; conservative ET day end,none
2016-08-18,0.81,DGS3,Percent,Daily,2016-08-22,2016-08-22T23:59:59-04:00,2016-08-23T12:59:59+09:00,2016-08-24,pre-2016-10-11 official weekly release; conservative ET day end,none
2016-08-19,0.88,DGS3,Percent,Daily,2016-08-22,2016-08-22T23:59:59-04:00,2016-08-23T12:59:59+09:00,2016-08-24,pre-2016-10-11 official weekly release; conservative ET day end,none
2016-08-22,0.86,DGS3,Percent,Daily,2016-08-29,2016-08-29T23:59:59-04:00,2016-08-30T12:59:59+09:00,2016-08-31,pre-2016-10-11 official weekly release; conservative ET day end,none
2016-08-23,0.86,DGS3,Percent,Daily,2016-08-29,2016-08-29T23:59:59-04:00,2016-08-30T12:59:59+09:00,2016-08-31,pre-2016-10-11 official weekly release; conservative ET day end,none
2016-08-24,0.87,DGS3,Percent,Daily,2016-08-29,2016-08-29T23:59:59-04:00,2016-08-30T12:59:59+09:00,2016-08-31,pre-2016-10-11 official weekly release; conservative ET day end,none
2016-08-25,0.89,DGS3,Percent,Daily,2016-08-29,2016-08-29T23:59:59-04:00,2016-08-30T12:59:59+09:00,2016-08-31,pre-2016-10-11 official weekly release; conservative ET day end,none
2016-08-26,0.96,DGS3,Percent,Daily,2016-08-29,2016-08-29T23:59:59-04:00,2016-08-30T12:59:59+09:00,2016-08-31,pre-2016-10-11 official weekly release; conservative ET day end,none
2016-08-29,0.92,DGS3,Percent,Daily,2016-09-06,2016-09-06T23:59:59-04:00,2016-09-07T12:59:59+09:00,2016-09-08,pre-2016-10-11 official weekly release; conservative ET day end,none
2016-08-30,0.92,DGS3,Percent,Daily,2016-09-06,2016-09-06T23:59:59-04:00,2016-09-07T12:59:59+09:00,2016-09-08,pre-2016-10-11 official weekly release; conservative ET day end,none
2016-08-31,0.92,DGS3,Percent,Daily,2016-09-06,2016-09-06T23:59:59-04:00,2016-09-07T12:59:59+09:00,2016-09-08,pre-2016-10-11 official weekly release; conservative ET day end,none
2016-09-01,0.91,DGS3,Percent,Daily,2016-09-06,2016-09-06T23:59:59-04:00,2016-09-07T12:59:59+09:00,2016-09-08,pre-2016-10-11 official weekly release; conservative ET day end,none
2016-09-02,0.92,DGS3,Percent,Daily,2016-09-06,2016-09-06T23:59:59-04:00,2016-09-07T12:59:59+09:00,2016-09-08,pre-2016-10-11 official weekly release; conservative ET day end,none
2016-09-05,,DGS3,Percent,Daily,2016-09-06,2016-09-06T23:59:59-04:00,2016-09-07T12:59:59+09:00,2016-09-08,pre-2016-10-11 official weekly release; conservative ET day end,none
2016-09-06,0.86,DGS3,Percent,Daily,2016-09-12,2016-09-12T23:59:59-04:00,2016-09-13T12:59:59+09:00,2016-09-14,pre-2016-10-11 official weekly release; conservative ET day end,none
2016-09-07,0.86,DGS3,Percent,Daily,2016-09-12,2016-09-12T23:59:59-04:00,2016-09-13T12:59:59+09:00,2016-09-14,pre-2016-10-11 official weekly release; conservative ET day end,none
2016-09-08,0.91,DGS3,Percent,Daily,2016-09-12,2016-09-12T23:59:59-04:00,2016-09-13T12:59:59+09:00,2016-09-14,pre-2016-10-11 official weekly release; conservative ET day end,none
2016-09-09,0.93,DGS3,Percent,Daily,2016-09-12,2016-09-12T23:59:59-04:00,2016-09-13T12:59:59+09:00,2016-09-14,pre-2016-10-11 official weekly release; conservative ET day end,none
2016-09-12,0.92,DGS3,Percent,Daily,2016-09-19,2016-09-19T23:59:59-04:00,2016-09-20T12:59:59+09:00,2016-09-21,pre-2016-10-11 official weekly release; conservative ET day end,none
2016-09-13,0.95,DGS3,Percent,Daily,2016-09-19,2016-09-19T23:59:59-04:00,2016-09-20T12:59:59+09:00,2016-09-21,pre-2016-10-11 official weekly release; conservative ET day end,none
2016-09-14,0.9,DGS3,Percent,Daily,2016-09-19,2016-09-19T23:59:59-04:00,2016-09-20T12:59:59+09:00,2016-09-21,pre-2016-10-11 official weekly release; conservative ET day end,none
2016-09-15,0.87,DGS3,Percent,Daily,2016-09-19,2016-09-19T23:59:59-04:00,2016-09-20T12:59:59+09:00,2016-09-21,pre-2016-10-11 official weekly release; conservative ET day end,none
2016-09-16,0.91,DGS3,Percent,Daily,2016-09-19,2016-09-19T23:59:59-04:00,2016-09-20T12:59:59+09:00,2016-09-21,pre-2016-10-11 official weekly release; conservative ET day end,none
2016-09-19,0.92,DGS3,Percent,Daily,2016-09-26,2016-09-26T23:59:59-04:00,2016-09-27T12:59:59+09:00,2016-09-28,pre-2016-10-11 official weekly release; conservative ET day end,none
2016-09-20,0.93,DGS3,Percent,Daily,2016-09-26,2016-09-26T23:59:59-04:00,2016-09-27T12:59:59+09:00,2016-09-28,pre-2016-10-11 official weekly release; conservative ET day end,none
2016-09-21,0.92,DGS3,Percent,Daily,2016-09-26,2016-09-26T23:59:59-04:00,2016-09-27T12:59:59+09:00,2016-09-28,pre-2016-10-11 official weekly release; conservative ET day end,none
2016-09-22,0.91,DGS3,Percent,Daily,2016-09-26,2016-09-26T23:59:59-04:00,2016-09-27T12:59:59+09:00,2016-09-28,pre-2016-10-11 official weekly release; conservative ET day end,none
2016-09-23,0.9,DGS3,Percent,Daily,2016-09-26,2016-09-26T23:59:59-04:00,2016-09-27T12:59:59+09:00,2016-09-28,pre-2016-10-11 official weekly release; conservative ET day end,none
2016-09-26,0.87,DGS3,Percent,Daily,2017-01-03,2017-01-03T16:15:00-05:00,2017-01-04T06:15:00+09:00,2017-01-05,post-2016-10-11 official daily H.15 calendar at 16:15 ET,deferred to first confirmed daily release on 2017-01-03
2016-09-27,0.86,DGS3,Percent,Daily,2017-01-03,2017-01-03T16:15:00-05:00,2017-01-04T06:15:00+09:00,2017-01-05,post-2016-10-11 official daily H.15 calendar at 16:15 ET,deferred to first confirmed daily release on 2017-01-03
2016-09-28,0.87,DGS3,Percent,Daily,2017-01-03,2017-01-03T16:15:00-05:00,2017-01-04T06:15:00+09:00,2017-01-05,post-2016-10-11 official daily H.15 calendar at 16:15 ET,deferred to first confirmed daily release on 2017-01-03
2016-09-29,0.85,DGS3,Percent,Daily,2017-01-03,2017-01-03T16:15:00-05:00,2017-01-04T06:15:00+09:00,2017-01-05,post-2016-10-11 official daily H.15 calendar at 16:15 ET,deferred to first confirmed daily release on 2017-01-03
2016-09-30,0.88,DGS3,Percent,Daily,2017-01-03,2017-01-03T16:15:00-05:00,2017-01-04T06:15:00+09:00,2017-01-05,post-2016-10-11 official daily H.15 calendar at 16:15 ET,deferred to first confirmed daily release on 2017-01-03
2016-10-03,0.91,DGS3,Percent,Daily,2017-01-03,2017-01-03T16:15:00-05:00,2017-01-04T06:15:00+09:00,2017-01-05,post-2016-10-11 official daily H.15 calendar at 16:15 ET,deferred to first confirmed daily release on 2017-01-03
2016-10-04,0.95,DGS3,Percent,Daily,2017-01-03,2017-01-03T16:15:00-05:00,2017-01-04T06:15:00+09:00,2017-01-05,post-2016-10-11 official daily H.15 calendar at 16:15 ET,deferred to first confirmed daily release on 2017-01-03
2016-10-05,0.98,DGS3,Percent,Daily,2017-01-03,2017-01-03T16:15:00-05:00,2017-01-04T06:15:00+09:00,2017-01-05,post-2016-10-11 official daily H.15 calendar at 16:15 ET,deferred to first confirmed daily release on 2017-01-03
2016-10-06,1.0,DGS3,Percent,Daily,2017-01-03,2017-01-03T16:15:00-05:00,2017-01-04T06:15:00+09:00,2017-01-05,post-2016-10-11 official daily H.15 calendar at 16:15 ET,deferred to first confirmed daily release on 2017-01-03
2016-10-07,0.99,DGS3,Percent,Daily,2017-01-03,2017-01-03T16:15:00-05:00,2017-01-04T06:15:00+09:00,2017-01-05,post-2016-10-11 official daily H.15 calendar at 16:15 ET,deferred to first confirmed daily release on 2017-01-03
2016-10-10,,DGS3,Percent,Daily,2017-01-03,2017-01-03T16:15:00-05:00,2017-01-04T06:15:00+09:00,2017-01-05,post-2016-10-11 official daily H.15 calendar at 16:15 ET,deferred to first confirmed daily release on 2017-01-03
2016-10-11,1.03,DGS3,Percent,Daily,2017-01-03,2017-01-03T16:15:00-05:00,2017-01-04T06:15:00+09:00,2017-01-05,post-2016-10-11 official daily H.15 calendar at 16:15 ET,deferred to first confirmed daily release on 2017-01-03
2016-10-12,0.99,DGS3,Percent,Daily,2017-01-03,2017-01-03T16:15:00-05:00,2017-01-04T06:15:00+09:00,2017-01-05,post-2016-10-11 official daily H.15 calendar at 16:15 ET,deferred to first confirmed daily release on 2017-01-03
2016-10-13,1.0,DGS3,Percent,Daily,2017-01-03,2017-01-03T16:15:00-05:00,2017-01-04T06:15:00+09:00,2017-01-05,post-2016-10-11 official daily H.15 calendar at 16:15 ET,deferred to first confirmed daily release on 2017-01-03
2016-10-14,1.0,DGS3,Percent,Daily,2017-01-03,2017-01-03T16:15:00-05:00,2017-01-04T06:15:00+09:00,2017-01-05,post-2016-10-11 official daily H.15 calendar at 16:15 ET,deferred to first confirmed daily release on 2017-01-03
2016-10-17,0.98,DGS3,Percent,Daily,2017-01-03,2017-01-03T16:15:00-05:00,2017-01-04T06:15:00+09:00,2017-01-05,post-2016-10-11 official daily H.15 calendar at 16:15 ET,deferred to first confirmed daily release on 2017-01-03
2016-10-18,0.96,DGS3,Percent,Daily,2017-01-03,2017-01-03T16:15:00-05:00,2017-01-04T06:15:00+09:00,2017-01-05,post-2016-10-11 official daily H.15 calendar at 16:15 ET,deferred to first confirmed daily release on 2017-01-03
2016-10-19,0.96,DGS3,Percent,Daily,2017-01-03,2017-01-03T16:15:00-05:00,2017-01-04T06:15:00+09:00,2017-01-05,post-2016-10-11 official daily H.15 calendar at 16:15 ET,deferred to first confirmed daily release on 2017-01-03
2016-10-20,0.98,DGS3,Percent,Daily,2017-01-03,2017-01-03T16:15:00-05:00,2017-01-04T06:15:00+09:00,2017-01-05,post-2016-10-11 official daily H.15 calendar at 16:15 ET,deferred to first confirmed daily release on 2017-01-03
2016-10-21,0.98,DGS3,Percent,Daily,2017-01-03,2017-01-03T16:15:00-05:00,2017-01-04T06:15:00+09:00,2017-01-05,post-2016-10-11 official daily H.15 calendar at 16:15 ET,deferred to first confirmed daily release on 2017-01-03
2016-10-24,1.0,DGS3,Percent,Daily,2017-01-03,2017-01-03T16:15:00-05:00,2017-01-04T06:15:00+09:00,2017-01-05,post-2016-10-11 official daily H.15 calendar at 16:15 ET,deferred to first confirmed daily release on 2017-01-03
2016-10-25,1.0,DGS3,Percent,Daily,2017-01-03,2017-01-03T16:15:00-05:00,2017-01-04T06:15:00+09:00,2017-01-05,post-2016-10-11 official daily H.15 calendar at 16:15 ET,deferred to first confirmed daily release on 2017-01-03
2016-10-26,1.01,DGS3,Percent,Daily,2017-01-03,2017-01-03T16:15:00-05:00,2017-01-04T06:15:00+09:00,2017-01-05,post-2016-10-11 official daily H.15 calendar at 16:15 ET,deferred to first confirmed daily release on 2017-01-03
2016-10-27,1.04,DGS3,Percent,Daily,2017-01-03,2017-01-03T16:15:00-05:00,2017-01-04T06:15:00+09:00,2017-01-05,post-2016-10-11 official daily H.15 calendar at 16:15 ET,deferred to first confirmed daily release on 2017-01-03
2016-10-28,1.02,DGS3,Percent,Daily,2017-01-03,2017-01-03T16:15:00-05:00,2017-01-04T06:15:00+09:00,2017-01-05,post-2016-10-11 official daily H.15 calendar at 16:15 ET,deferred to first confirmed daily release on 2017-01-03
2016-10-31,1.0,DGS3,Percent,Daily,2017-01-03,2017-01-03T16:15:00-05:00,2017-01-04T06:15:00+09:00,2017-01-05,post-2016-10-11 official daily H.15 calendar at 16:15 ET,deferred to first confirmed daily release on 2017-01-03
2016-11-01,0.99,DGS3,Percent,Daily,2017-01-03,2017-01-03T16:15:00-05:00,2017-01-04T06:15:00+09:00,2017-01-05,post-2016-10-11 official daily H.15 calendar at 16:15 ET,deferred to first confirmed daily release on 2017-01-03
2016-11-02,0.98,DGS3,Percent,Daily,2017-01-03,2017-01-03T16:15:00-05:00,2017-01-04T06:15:00+09:00,2017-01-05,post-2016-10-11 official daily H.15 calendar at 16:15 ET,deferred to first confirmed daily release on 2017-01-03
2016-11-03,0.98,DGS3,Percent,Daily,2017-01-03,2017-01-03T16:15:00-05:00,2017-01-04T06:15:00+09:00,2017-01-05,post-2016-10-11 official daily H.15 calendar at 16:15 ET,deferred to first confirmed daily release on 2017-01-03
2016-11-04,0.95,DGS3,Percent,Daily,2017-01-03,2017-01-03T16:15:00-05:00,2017-01-04T06:15:00+09:00,2017-01-05,post-2016-10-11 official daily H.15 calendar at 16:15 ET,deferred to first confirmed daily release on 2017-01-03
2016-11-07,0.99,DGS3,Percent,Daily,2017-01-03,2017-01-03T16:15:00-05:00,2017-01-04T06:15:00+09:00,2017-01-05,post-2016-10-11 official daily H.15 calendar at 16:15 ET,deferred to first confirmed daily release on 2017-01-03
2016-11-08,1.04,DGS3,Percent,Daily,2017-01-03,2017-01-03T16:15:00-05:00,2017-01-04T06:15:00+09:00,2017-01-05,post-2016-10-11 official daily H.15 calendar at 16:15 ET,deferred to first confirmed daily release on 2017-01-03
2016-11-09,1.12,DGS3,Percent,Daily,2017-01-03,2017-01-03T16:15:00-05:00,2017-01-04T06:15:00+09:00,2017-01-05,post-2016-10-11 official daily H.15 calendar at 16:15 ET,deferred to first confirmed daily release on 2017-01-03
2016-11-10,1.17,DGS3,Percent,Daily,2017-01-03,2017-01-03T16:15:00-05:00,2017-01-04T06:15:00+09:00,2017-01-05,post-2016-10-11 official daily H.15 calendar at 16:15 ET,deferred to first confirmed daily release on 2017-01-03
2016-11-11,,DGS3,Percent,Daily,2017-01-03,2017-01-03T16:15:00-05:00,2017-01-04T06:15:00+09:00,2017-01-05,post-2016-10-11 official daily H.15 calendar at 16:15 ET,deferred to first confirmed daily release on 2017-01-03
2016-11-14,1.27,DGS3,Percent,Daily,2017-01-03,2017-01-03T16:15:00-05:00,2017-01-04T06:15:00+09:00,2017-01-05,post-2016-10-11 official daily H.15 calendar at 16:15 ET,deferred to first confirmed daily release on 2017-01-03
2016-11-15,1.28,DGS3,Percent,Daily,2017-01-03,2017-01-03T16:15:00-05:00,2017-01-04T06:15:00+09:00,2017-01-05,post-2016-10-11 official daily H.15 calendar at 16:15 ET,deferred to first confirmed daily release on 2017-01-03
2016-11-16,1.28,DGS3,Percent,Daily,2017-01-03,2017-01-03T16:15:00-05:00,2017-01-04T06:15:00+09:00,2017-01-05,post-2016-10-11 official daily H.15 calendar at 16:15 ET,deferred to first confirmed daily release on 2017-01-03
2016-11-17,1.31,DGS3,Percent,Daily,2017-01-03,2017-01-03T16:15:00-05:00,2017-01-04T06:15:00+09:00,2017-01-05,post-2016-10-11 official daily H.15 calendar at 16:15 ET,deferred to first confirmed daily release on 2017-01-03
2016-11-18,1.36,DGS3,Percent,Daily,2017-01-03,2017-01-03T16:15:00-05:00,2017-01-04T06:15:00+09:00,2017-01-05,post-2016-10-11 official daily H.15 calendar at 16:15 ET,deferred to first confirmed daily release on 2017-01-03
2016-11-21,1.36,DGS3,Percent,Daily,2017-01-03,2017-01-03T16:15:00-05:00,2017-01-04T06:15:00+09:00,2017-01-05,post-2016-10-11 official daily H.15 calendar at 16:15 ET,deferred to first confirmed daily release on 2017-01-03
2016-11-22,1.35,DGS3,Percent,Daily,2017-01-03,2017-01-03T16:15:00-05:00,2017-01-04T06:15:00+09:00,2017-01-05,post-2016-10-11 official daily H.15 calendar at 16:15 ET,deferred to first confirmed daily release on 2017-01-03
2016-11-23,1.4,DGS3,Percent,Daily,2017-01-03,2017-01-03T16:15:00-05:00,2017-01-04T06:15:00+09:00,2017-01-05,post-2016-10-11 official daily H.15 calendar at 16:15 ET,deferred to first confirmed daily release on 2017-01-03
2016-11-24,,DGS3,Percent,Daily,2017-01-03,2017-01-03T16:15:00-05:00,2017-01-04T06:15:00+09:00,2017-01-05,post-2016-10-11 official daily H.15 calendar at 16:15 ET,deferred to first confirmed daily release on 2017-01-03
2016-11-25,1.41,DGS3,Percent,Daily,2017-01-03,2017-01-03T16:15:00-05:00,2017-01-04T06:15:00+09:00,2017-01-05,post-2016-10-11 official daily H.15 calendar at 16:15 ET,deferred to first confirmed daily release on 2017-01-03
2016-11-28,1.38,DGS3,Percent,Daily,2017-01-03,2017-01-03T16:15:00-05:00,2017-01-04T06:15:00+09:00,2017-01-05,post-2016-10-11 official daily H.15 calendar at 16:15 ET,deferred to first confirmed daily release on 2017-01-03
2016-11-29,1.37,DGS3,Percent,Daily,2017-01-03,2017-01-03T16:15:00-05:00,2017-01-04T06:15:00+09:00,2017-01-05,post-2016-10-11 official daily H.15 calendar at 16:15 ET,deferred to first confirmed daily release on 2017-01-03
2016-11-30,1.4,DGS3,Percent,Daily,2017-01-03,2017-01-03T16:15:00-05:00,2017-01-04T06:15:00+09:00,2017-01-05,post-2016-10-11 official daily H.15 calendar at 16:15 ET,deferred to first confirmed daily release on 2017-01-03
2016-12-01,1.45,DGS3,Percent,Daily,2017-01-03,2017-01-03T16:15:00-05:00,2017-01-04T06:15:00+09:00,2017-01-05,post-2016-10-11 official daily H.15 calendar at 16:15 ET,deferred to first confirmed daily release on 2017-01-03
2016-12-02,1.4,DGS3,Percent,Daily,2017-01-03,2017-01-03T16:15:00-05:00,2017-01-04T06:15:00+09:00,2017-01-05,post-2016-10-11 official daily H.15 calendar at 16:15 ET,deferred to first confirmed daily release on 2017-01-03
2016-12-05,1.42,DGS3,Percent,Daily,2017-01-03,2017-01-03T16:15:00-05:00,2017-01-04T06:15:00+09:00,2017-01-05,post-2016-10-11 official daily H.15 calendar at 16:15 ET,deferred to first confirmed daily release on 2017-01-03
2016-12-06,1.41,DGS3,Percent,Daily,2017-01-03,2017-01-03T16:15:00-05:00,2017-01-04T06:15:00+09:00,2017-01-05,post-2016-10-11 official daily H.15 calendar at 16:15 ET,deferred to first confirmed daily release on 2017-01-03
2016-12-07,1.39,DGS3,Percent,Daily,2017-01-03,2017-01-03T16:15:00-05:00,2017-01-04T06:15:00+09:00,2017-01-05,post-2016-10-11 official daily H.15 calendar at 16:15 ET,deferred to first confirmed daily release on 2017-01-03
2016-12-08,1.4,DGS3,Percent,Daily,2017-01-03,2017-01-03T16:15:00-05:00,2017-01-04T06:15:00+09:00,2017-01-05,post-2016-10-11 official daily H.15 calendar at 16:15 ET,deferred to first confirmed daily release on 2017-01-03
2016-12-09,1.43,DGS3,Percent,Daily,2017-01-03,2017-01-03T16:15:00-05:00,2017-01-04T06:15:00+09:00,2017-01-05,post-2016-10-11 official daily H.15 calendar at 16:15 ET,deferred to first confirmed daily release on 2017-01-03
2016-12-12,1.44,DGS3,Percent,Daily,2017-01-03,2017-01-03T16:15:00-05:00,2017-01-04T06:15:00+09:00,2017-01-05,post-2016-10-11 official daily H.15 calendar at 16:15 ET,deferred to first confirmed daily release on 2017-01-03
2016-12-13,1.46,DGS3,Percent,Daily,2017-01-03,2017-01-03T16:15:00-05:00,2017-01-04T06:15:00+09:00,2017-01-05,post-2016-10-11 official daily H.15 calendar at 16:15 ET,deferred to first confirmed daily release on 2017-01-03
2016-12-14,1.57,DGS3,Percent,Daily,2017-01-03,2017-01-03T16:15:00-05:00,2017-01-04T06:15:00+09:00,2017-01-05,post-2016-10-11 official daily H.15 calendar at 16:15 ET,deferred to first confirmed daily release on 2017-01-03
2016-12-15,1.61,DGS3,Percent,Daily,2017-01-03,2017-01-03T16:15:00-05:00,2017-01-04T06:15:00+09:00,2017-01-05,post-2016-10-11 official daily H.15 calendar at 16:15 ET,deferred to first confirmed daily release on 2017-01-03
2016-12-16,1.59,DGS3,Percent,Daily,2017-01-03,2017-01-03T16:15:00-05:00,2017-01-04T06:15:00+09:00,2017-01-05,post-2016-10-11 official daily H.15 calendar at 16:15 ET,deferred to first confirmed daily release on 2017-01-03
2016-12-19,1.55,DGS3,Percent,Daily,2017-01-03,2017-01-03T16:15:00-05:00,2017-01-04T06:15:00+09:00,2017-01-05,post-2016-10-11 official daily H.15 calendar at 16:15 ET,deferred to first confirmed daily release on 2017-01-03
2016-12-20,1.56,DGS3,Percent,Daily,2017-01-03,2017-01-03T16:15:00-05:00,2017-01-04T06:15:00+09:00,2017-01-05,post-2016-10-11 official daily H.15 calendar at 16:15 ET,deferred to first confirmed daily release on 2017-01-03
2016-12-21,1.54,DGS3,Percent,Daily,2017-01-03,2017-01-03T16:15:00-05:00,2017-01-04T06:15:00+09:00,2017-01-05,post-2016-10-11 official daily H.15 calendar at 16:15 ET,deferred to first confirmed daily release on 2017-01-03
2016-12-22,1.54,DGS3,Percent,Daily,2017-01-03,2017-01-03T16:15:00-05:00,2017-01-04T06:15:00+09:00,2017-01-05,post-2016-10-11 official daily H.15 calendar at 16:15 ET,deferred to first confirmed daily release on 2017-01-03
2016-12-23,1.54,DGS3,Percent,Daily,2017-01-03,2017-01-03T16:15:00-05:00,2017-01-04T06:15:00+09:00,2017-01-05,post-2016-10-11 official daily H.15 calendar at 16:15 ET,deferred to first confirmed daily release on 2017-01-03
2016-12-26,,DGS3,Percent,Daily,2017-01-03,2017-01-03T16:15:00-05:00,2017-01-04T06:15:00+09:00,2017-01-05,post-2016-10-11 official daily H.15 calendar at 16:15 ET,deferred to first confirmed daily release on 2017-01-03
2016-12-27,1.58,DGS3,Percent,Daily,2017-01-03,2017-01-03T16:15:00-05:00,2017-01-04T06:15:00+09:00,2017-01-05,post-2016-10-11 official daily H.15 calendar at 16:15 ET,deferred to first confirmed daily release on 2017-01-03
2016-12-28,1.55,DGS3,Percent,Daily,2017-01-03,2017-01-03T16:15:00-05:00,2017-01-04T06:15:00+09:00,2017-01-05,post-2016-10-11 official daily H.15 calendar at 16:15 ET,deferred to first confirmed daily release on 2017-01-03
2016-12-29,1.49,DGS3,Percent,Daily,2017-01-03,2017-01-03T16:15:00-05:00,2017-01-04T06:15:00+09:00,2017-01-05,post-2016-10-11 official daily H.15 calendar at 16:15 ET,deferred to first confirmed daily release on 2017-01-03
2016-12-30,1.47,DGS3,Percent,Daily,2017-01-03,2017-01-03T16:15:00-05:00,2017-01-04T06:15:00+09:00,2017-01-05,post-2016-10-11 official daily H.15 calendar at 16:15 ET,deferred to first confirmed daily release on 2017-01-03
2017-01-02,,DGS3,Percent,Daily,2017-01-03,2017-01-03T16:15:00-05:00,2017-01-04T06:15:00+09:00,2017-01-05,post-2016-10-11 official daily H.15 calendar at 16:15 ET,deferred to first confirmed daily release on 2017-01-03
2017-01-03,1.5,DGS3,Percent,Daily,2017-01-04,2017-01-04T16:15:00-05:00,2017-01-05T06:15:00+09:00,2017-01-06,post-2016-10-11 official daily H.15 calendar at 16:15 ET,none
2017-01-04,1.5,DGS3,Percent,Daily,2017-01-05,2017-01-05T16:15:00-05:00,2017-01-06T06:15:00+09:00,2017-01-07,post-2016-10-11 official daily H.15 calendar at 16:15 ET,none
2017-01-05,1.43,DGS3,Percent,Daily,2017-01-06,2017-01-06T16:15:00-05:00,2017-01-07T06:15:00+09:00,2017-01-08,post-2016-10-11 official daily H.15 calendar at 16:15 ET,none
2017-01-06,1.5,DGS3,Percent,Daily,2017-01-09,2017-01-09T16:15:00-05:00,2017-01-10T06:15:00+09:00,2017-01-11,post-2016-10-11 official daily H.15 calendar at 16:15 ET,none
2017-01-09,1.47,DGS3,Percent,Daily,2017-01-10,2017-01-10T16:15:00-05:00,2017-01-11T06:15:00+09:00,2017-01-12,post-2016-10-11 official daily H.15 calendar at 16:15 ET,none
2017-01-10,1.47,DGS3,Percent,Daily,2017-01-11,2017-01-11T16:15:00-05:00,2017-01-12T06:15:00+09:00,2017-01-13,post-2016-10-11 official daily H.15 calendar at 16:15 ET,none
2017-01-11,1.47,DGS3,Percent,Daily,2017-01-12,2017-01-12T16:15:00-05:00,2017-01-13T06:15:00+09:00,2017-01-14,post-2016-10-11 official daily H.15 calendar at 16:15 ET,none
2017-01-12,1.45,DGS3,Percent,Daily,2017-01-13,2017-01-13T16:15:00-05:00,2017-01-14T06:15:00+09:00,2017-01-15,post-2016-10-11 official daily H.15 calendar at 16:15 ET,none
2017-01-13,1.48,DGS3,Percent,Daily,2017-01-17,2017-01-17T16:15:00-05:00,2017-01-18T06:15:00+09:00,2017-01-19,post-2016-10-11 official daily H.15 calendar at 16:15 ET,none
2017-01-16,,DGS3,Percent,Daily,2017-01-17,2017-01-17T16:15:00-05:00,2017-01-18T06:15:00+09:00,2017-01-19,post-2016-10-11 official daily H.15 calendar at 16:15 ET,none
2017-01-17,1.42,DGS3,Percent,Daily,2017-01-18,2017-01-18T16:15:00-05:00,2017-01-19T06:15:00+09:00,2017-01-20,post-2016-10-11 official daily H.15 calendar at 16:15 ET,none
2017-01-18,1.51,DGS3,Percent,Daily,2017-01-19,2017-01-19T16:15:00-05:00,2017-01-20T06:15:00+09:00,2017-01-21,post-2016-10-11 official daily H.15 calendar at 16:15 ET,none
2017-01-19,1.53,DGS3,Percent,Daily,2017-01-23,2017-01-23T16:15:00-05:00,2017-01-24T06:15:00+09:00,2017-01-25,post-2016-10-11 official daily H.15 calendar at 16:15 ET,none
2017-01-20,1.5,DGS3,Percent,Daily,2017-01-23,2017-01-23T16:15:00-05:00,2017-01-24T06:15:00+09:00,2017-01-25,post-2016-10-11 official daily H.15 calendar at 16:15 ET,none
2017-01-23,1.43,DGS3,Percent,Daily,2017-01-24,2017-01-24T16:15:00-05:00,2017-01-25T06:15:00+09:00,2017-01-26,post-2016-10-11 official daily H.15 calendar at 16:15 ET,none
2017-01-24,1.49,DGS3,Percent,Daily,2017-01-25,2017-01-25T16:15:00-05:00,2017-01-26T06:15:00+09:00,2017-01-27,post-2016-10-11 official daily H.15 calendar at 16:15 ET,none
2017-01-25,1.52,DGS3,Percent,Daily,2017-01-26,2017-01-26T16:15:00-05:00,2017-01-27T06:15:00+09:00,2017-01-28,post-2016-10-11 official daily H.15 calendar at 16:15 ET,none
2017-01-26,1.49,DGS3,Percent,Daily,2017-01-27,2017-01-27T16:15:00-05:00,2017-01-28T06:15:00+09:00,2017-01-29,post-2016-10-11 official daily H.15 calendar at 16:15 ET,none
2017-01-27,1.48,DGS3,Percent,Daily,2017-01-30,2017-01-30T16:15:00-05:00,2017-01-31T06:15:00+09:00,2017-02-01,post-2016-10-11 official daily H.15 calendar at 16:15 ET,none
2017-01-30,1.48,DGS3,Percent,Daily,2017-01-31,2017-01-31T16:15:00-05:00,2017-02-01T06:15:00+09:00,2017-02-02,post-2016-10-11 official daily H.15 calendar at 16:15 ET,none
2017-01-31,1.46,DGS3,Percent,Daily,2017-02-01,2017-02-01T16:15:00-05:00,2017-02-02T06:15:00+09:00,2017-02-03,post-2016-10-11 official daily H.15 calendar at 16:15 ET,none
2017-02-01,1.49,DGS3,Percent,Daily,2017-02-02,2017-02-02T16:15:00-05:00,2017-02-03T06:15:00+09:00,2017-02-04,post-2016-10-11 official daily H.15 calendar at 16:15 ET,none
2017-02-02,1.48,DGS3,Percent,Daily,2017-02-03,2017-02-03T16:15:00-05:00,2017-02-04T06:15:00+09:00,2017-02-05,post-2016-10-11 official daily H.15 calendar at 16:15 ET,none
2017-02-03,1.49,DGS3,Percent,Daily,2017-02-06,2017-02-06T16:15:00-05:00,2017-02-07T06:15:00+09:00,2017-02-08,post-2016-10-11 official daily H.15 calendar at 16:15 ET,none
2017-02-06,1.43,DGS3,Percent,Daily,2017-02-07,2017-02-07T16:15:00-05:00,2017-02-08T06:15:00+09:00,2017-02-09,post-2016-10-11 official daily H.15 calendar at 16:15 ET,none
2017-02-07,1.43,DGS3,Percent,Daily,2017-02-08,2017-02-08T16:15:00-05:00,2017-02-09T06:15:00+09:00,2017-02-10,post-2016-10-11 official daily H.15 calendar at 16:15 ET,none
2017-02-08,1.4,DGS3,Percent,Daily,2017-02-09,2017-02-09T16:15:00-05:00,2017-02-10T06:15:00+09:00,2017-02-11,post-2016-10-11 official daily H.15 calendar at 16:15 ET,none
2017-02-09,1.46,DGS3,Percent,Daily,2017-02-10,2017-02-10T16:15:00-05:00,2017-02-11T06:15:00+09:00,2017-02-12,post-2016-10-11 official daily H.15 calendar at 16:15 ET,none
2017-02-10,1.47,DGS3,Percent,Daily,2017-02-13,2017-02-13T16:15:00-05:00,2017-02-14T06:15:00+09:00,2017-02-15,post-2016-10-11 official daily H.15 calendar at 16:15 ET,none
2017-02-13,1.48,DGS3,Percent,Daily,2017-02-14,2017-02-14T16:15:00-05:00,2017-02-15T06:15:00+09:00,2017-02-16,post-2016-10-11 official daily H.15 calendar at 16:15 ET,none
2017-02-14,1.53,DGS3,Percent,Daily,2017-02-15,2017-02-15T16:15:00-05:00,2017-02-16T06:15:00+09:00,2017-02-17,post-2016-10-11 official daily H.15 calendar at 16:15 ET,none
2017-02-15,1.57,DGS3,Percent,Daily,2017-02-16,2017-02-16T16:15:00-05:00,2017-02-17T06:15:00+09:00,2017-02-18,post-2016-10-11 official daily H.15 calendar at 16:15 ET,none
2017-02-16,1.5,DGS3,Percent,Daily,2017-02-17,2017-02-17T16:15:00-05:00,2017-02-18T06:15:00+09:00,2017-02-19,post-2016-10-11 official daily H.15 calendar at 16:15 ET,none
2017-02-17,1.48,DGS3,Percent,Daily,2017-02-21,2017-02-21T16:15:00-05:00,2017-02-22T06:15:00+09:00,2017-02-23,post-2016-10-11 official daily H.15 calendar at 16:15 ET,none
2017-02-20,,DGS3,Percent,Daily,2017-02-21,2017-02-21T16:15:00-05:00,2017-02-22T06:15:00+09:00,2017-02-23,post-2016-10-11 official daily H.15 calendar at 16:15 ET,none
2017-02-21,1.5,DGS3,Percent,Daily,2017-02-22,2017-02-22T16:15:00-05:00,2017-02-23T06:15:00+09:00,2017-02-24,post-2016-10-11 official daily H.15 calendar at 16:15 ET,none
2017-02-22,1.49,DGS3,Percent,Daily,2017-02-23,2017-02-23T16:15:00-05:00,2017-02-24T06:15:00+09:00,2017-02-25,post-2016-10-11 official daily H.15 calendar at 16:15 ET,none
2017-02-23,1.44,DGS3,Percent,Daily,2017-02-24,2017-02-24T16:15:00-05:00,2017-02-25T06:15:00+09:00,2017-02-26,post-2016-10-11 official daily H.15 calendar at 16:15 ET,none
2017-02-24,1.38,DGS3,Percent,Daily,2017-02-27,2017-02-27T16:15:00-05:00,2017-02-28T06:15:00+09:00,2017-03-01,post-2016-10-11 official daily H.15 calendar at 16:15 ET,none
2017-02-27,1.46,DGS3,Percent,Daily,2017-02-28,2017-02-28T16:15:00-05:00,2017-03-01T06:15:00+09:00,2017-03-02,post-2016-10-11 official daily H.15 calendar at 16:15 ET,none
2017-02-28,1.49,DGS3,Percent,Daily,2017-03-01,2017-03-01T16:15:00-05:00,2017-03-02T06:15:00+09:00,2017-03-03,post-2016-10-11 official daily H.15 calendar at 16:15 ET,none
2017-03-01,1.57,DGS3,Percent,Daily,2017-03-02,2017-03-02T16:15:00-05:00,2017-03-03T06:15:00+09:00,2017-03-04,post-2016-10-11 official daily H.15 calendar at 16:15 ET,none
2017-03-02,1.6,DGS3,Percent,Daily,2017-03-03,2017-03-03T16:15:00-05:00,2017-03-04T06:15:00+09:00,2017-03-05,post-2016-10-11 official daily H.15 calendar at 16:15 ET,none
2017-03-03,1.59,DGS3,Percent,Daily,2017-03-06,2017-03-06T16:15:00-05:00,2017-03-07T06:15:00+09:00,2017-03-08,post-2016-10-11 official daily H.15 calendar at 16:15 ET,none
2017-03-06,1.6,DGS3,Percent,Daily,2017-03-07,2017-03-07T16:15:00-05:00,2017-03-08T06:15:00+09:00,2017-03-09,post-2016-10-11 official daily H.15 calendar at 16:15 ET,none
2017-03-07,1.62,DGS3,Percent,Daily,2017-03-08,2017-03-08T16:15:00-05:00,2017-03-09T06:15:00+09:00,2017-03-10,post-2016-10-11 official daily H.15 calendar at 16:15 ET,none
2017-03-08,1.65,DGS3,Percent,Daily,2017-03-09,2017-03-09T16:15:00-05:00,2017-03-10T06:15:00+09:00,2017-03-11,post-2016-10-11 official daily H.15 calendar at 16:15 ET,none
2017-03-09,1.67,DGS3,Percent,Daily,2017-03-10,2017-03-10T16:15:00-05:00,2017-03-11T06:15:00+09:00,2017-03-12,post-2016-10-11 official daily H.15 calendar at 16:15 ET,none
2017-03-10,1.66,DGS3,Percent,Daily,2017-03-13,2017-03-13T16:15:00-04:00,2017-03-14T05:15:00+09:00,2017-03-15,post-2016-10-11 official daily H.15 calendar at 16:15 ET,none
2017-03-13,1.69,DGS3,Percent,Daily,2017-03-14,2017-03-14T16:15:00-04:00,2017-03-15T05:15:00+09:00,2017-03-16,post-2016-10-11 official daily H.15 calendar at 16:15 ET,none
2017-03-14,1.68,DGS3,Percent,Daily,2017-03-15,2017-03-15T16:15:00-04:00,2017-03-16T05:15:00+09:00,2017-03-17,post-2016-10-11 official daily H.15 calendar at 16:15 ET,none
2017-03-15,1.59,DGS3,Percent,Daily,2017-03-16,2017-03-16T16:15:00-04:00,2017-03-17T05:15:00+09:00,2017-03-18,post-2016-10-11 official daily H.15 calendar at 16:15 ET,none
2017-03-16,1.63,DGS3,Percent,Daily,2017-03-17,2017-03-17T16:15:00-04:00,2017-03-18T05:15:00+09:00,2017-03-19,post-2016-10-11 official daily H.15 calendar at 16:15 ET,none
2017-03-17,1.6,DGS3,Percent,Daily,2017-03-20,2017-03-20T16:15:00-04:00,2017-03-21T05:15:00+09:00,2017-03-22,post-2016-10-11 official daily H.15 calendar at 16:15 ET,none
2017-03-20,1.57,DGS3,Percent,Daily,2017-03-21,2017-03-21T16:15:00-04:00,2017-03-22T05:15:00+09:00,2017-03-23,post-2016-10-11 official daily H.15 calendar at 16:15 ET,none
2017-03-21,1.54,DGS3,Percent,Daily,2017-03-22,2017-03-22T16:15:00-04:00,2017-03-23T05:15:00+09:00,2017-03-24,post-2016-10-11 official daily H.15 calendar at 16:15 ET,none
2017-03-22,1.52,DGS3,Percent,Daily,2017-03-23,2017-03-23T16:15:00-04:00,2017-03-24T05:15:00+09:00,2017-03-25,post-2016-10-11 official daily H.15 calendar at 16:15 ET,none
2017-03-23,1.52,DGS3,Percent,Daily,2017-03-24,2017-03-24T16:15:00-04:00,2017-03-25T05:15:00+09:00,2017-03-26,post-2016-10-11 official daily H.15 calendar at 16:15 ET,none
2017-03-24,1.52,DGS3,Percent,Daily,2017-03-27,2017-03-27T16:15:00-04:00,2017-03-28T05:15:00+09:00,2017-03-29,post-2016-10-11 official daily H.15 calendar at 16:15 ET,none
2017-03-27,1.51,DGS3,Percent,Daily,2017-03-28,2017-03-28T16:15:00-04:00,2017-03-29T05:15:00+09:00,2017-03-30,post-2016-10-11 official daily H.15 calendar at 16:15 ET,none
2017-03-28,1.56,DGS3,Percent,Daily,2017-03-29,2017-03-29T16:15:00-04:00,2017-03-30T05:15:00+09:00,2017-03-31,post-2016-10-11 official daily H.15 calendar at 16:15 ET,none
2017-03-29,1.53,DGS3,Percent,Daily,2017-03-30,2017-03-30T16:15:00-04:00,2017-03-31T05:15:00+09:00,2017-04-01,post-2016-10-11 official daily H.15 calendar at 16:15 ET,none
2017-03-30,1.55,DGS3,Percent,Daily,2017-03-31,2017-03-31T16:15:00-04:00,2017-04-01T05:15:00+09:00,2017-04-02,post-2016-10-11 official daily H.15 calendar at 16:15 ET,none
2017-03-31,1.5,DGS3,Percent,Daily,2017-04-03,2017-04-03T16:15:00-04:00,2017-04-04T05:15:00+09:00,2017-04-05,post-2016-10-11 official daily H.15 calendar at 16:15 ET,none
2017-04-03,1.47,DGS3,Percent,Daily,2017-04-04,2017-04-04T16:15:00-04:00,2017-04-05T05:15:00+09:00,2017-04-06,post-2016-10-11 official daily H.15 calendar at 16:15 ET,none
2017-04-04,1.47,DGS3,Percent,Daily,2017-04-05,2017-04-05T16:15:00-04:00,2017-04-06T05:15:00+09:00,2017-04-07,post-2016-10-11 official daily H.15 calendar at 16:15 ET,none
2017-04-05,1.44,DGS3,Percent,Daily,2017-04-06,2017-04-06T16:15:00-04:00,2017-04-07T05:15:00+09:00,2017-04-08,post-2016-10-11 official daily H.15 calendar at 16:15 ET,none
2017-04-06,1.45,DGS3,Percent,Daily,2017-04-07,2017-04-07T16:15:00-04:00,2017-04-08T05:15:00+09:00,2017-04-09,post-2016-10-11 official daily H.15 calendar at 16:15 ET,none
2017-04-07,1.52,DGS3,Percent,Daily,2017-04-10,2017-04-10T16:15:00-04:00,2017-04-11T05:15:00+09:00,2017-04-12,post-2016-10-11 official daily H.15 calendar at 16:15 ET,none
2017-04-10,1.52,DGS3,Percent,Daily,2017-04-11,2017-04-11T16:15:00-04:00,2017-04-12T05:15:00+09:00,2017-04-13,post-2016-10-11 official daily H.15 calendar at 16:15 ET,none
2017-04-11,1.45,DGS3,Percent,Daily,2017-04-12,2017-04-12T16:15:00-04:00,2017-04-13T05:15:00+09:00,2017-04-14,post-2016-10-11 official daily H.15 calendar at 16:15 ET,none
2017-04-12,1.44,DGS3,Percent,Daily,2017-04-13,2017-04-13T16:15:00-04:00,2017-04-14T05:15:00+09:00,2017-04-15,post-2016-10-11 official daily H.15 calendar at 16:15 ET,none
2017-04-13,1.4,DGS3,Percent,Daily,2017-04-14,2017-04-14T16:15:00-04:00,2017-04-15T05:15:00+09:00,2017-04-16,post-2016-10-11 official daily H.15 calendar at 16:15 ET,none
2017-04-14,,DGS3,Percent,Daily,2017-04-17,2017-04-17T16:15:00-04:00,2017-04-18T05:15:00+09:00,2017-04-19,post-2016-10-11 official daily H.15 calendar at 16:15 ET,none
2017-04-17,1.42,DGS3,Percent,Daily,2017-04-18,2017-04-18T16:15:00-04:00,2017-04-19T05:15:00+09:00,2017-04-20,post-2016-10-11 official daily H.15 calendar at 16:15 ET,none
2017-04-18,1.35,DGS3,Percent,Daily,2017-04-19,2017-04-19T16:15:00-04:00,2017-04-20T05:15:00+09:00,2017-04-21,post-2016-10-11 official daily H.15 calendar at 16:15 ET,none
2017-04-19,1.38,DGS3,Percent,Daily,2017-04-20,2017-04-20T16:15:00-04:00,2017-04-21T05:15:00+09:00,2017-04-22,post-2016-10-11 official daily H.15 calendar at 16:15 ET,none
2017-04-20,1.41,DGS3,Percent,Daily,2017-04-21,2017-04-21T16:15:00-04:00,2017-04-22T05:15:00+09:00,2017-04-23,post-2016-10-11 official daily H.15 calendar at 16:15 ET,none
2017-04-21,1.4,DGS3,Percent,Daily,2017-04-24,2017-04-24T16:15:00-04:00,2017-04-25T05:15:00+09:00,2017-04-26,post-2016-10-11 official daily H.15 calendar at 16:15 ET,none
2017-04-24,1.44,DGS3,Percent,Daily,2017-04-25,2017-04-25T16:15:00-04:00,2017-04-26T05:15:00+09:00,2017-04-27,post-2016-10-11 official daily H.15 calendar at 16:15 ET,none
2017-04-25,1.49,DGS3,Percent,Daily,2017-04-26,2017-04-26T16:15:00-04:00,2017-04-27T05:15:00+09:00,2017-04-28,post-2016-10-11 official daily H.15 calendar at 16:15 ET,none
2017-04-26,1.46,DGS3,Percent,Daily,2017-04-27,2017-04-27T16:15:00-04:00,2017-04-28T05:15:00+09:00,2017-04-29,post-2016-10-11 official daily H.15 calendar at 16:15 ET,none
2017-04-27,1.44,DGS3,Percent,Daily,2017-04-28,2017-04-28T16:15:00-04:00,2017-04-29T05:15:00+09:00,2017-04-30,post-2016-10-11 official daily H.15 calendar at 16:15 ET,none
2017-04-28,1.45,DGS3,Percent,Daily,2017-05-01,2017-05-01T16:15:00-04:00,2017-05-02T05:15:00+09:00,2017-05-03,post-2016-10-11 official daily H.15 calendar at 16:15 ET,none
2017-05-01,1.48,DGS3,Percent,Daily,2017-05-02,2017-05-02T16:15:00-04:00,2017-05-03T05:15:00+09:00,2017-05-04,post-2016-10-11 official daily H.15 calendar at 16:15 ET,none
2017-05-02,1.45,DGS3,Percent,Daily,2017-05-03,2017-05-03T16:15:00-04:00,2017-05-04T05:15:00+09:00,2017-05-05,post-2016-10-11 official daily H.15 calendar at 16:15 ET,none
2017-05-03,1.5,DGS3,Percent,Daily,2017-05-04,2017-05-04T16:15:00-04:00,2017-05-05T05:15:00+09:00,2017-05-06,post-2016-10-11 official daily H.15 calendar at 16:15 ET,none
2017-05-04,1.51,DGS3,Percent,Daily,2017-05-05,2017-05-05T16:15:00-04:00,2017-05-06T05:15:00+09:00,2017-05-07,post-2016-10-11 official daily H.15 calendar at 16:15 ET,none
2017-05-05,1.52,DGS3,Percent,Daily,2017-05-08,2017-05-08T16:15:00-04:00,2017-05-09T05:15:00+09:00,2017-05-10,post-2016-10-11 official daily H.15 calendar at 16:15 ET,none
2017-05-08,1.53,DGS3,Percent,Daily,2017-05-09,2017-05-09T16:15:00-04:00,2017-05-10T05:15:00+09:00,2017-05-11,post-2016-10-11 official daily H.15 calendar at 16:15 ET,none
2017-05-09,1.57,DGS3,Percent,Daily,2017-05-10,2017-05-10T16:15:00-04:00,2017-05-11T05:15:00+09:00,2017-05-12,post-2016-10-11 official daily H.15 calendar at 16:15 ET,none
2017-05-10,1.56,DGS3,Percent,Daily,2017-05-11,2017-05-11T16:15:00-04:00,2017-05-12T05:15:00+09:00,2017-05-13,post-2016-10-11 official daily H.15 calendar at 16:15 ET,none
2017-05-11,1.55,DGS3,Percent,Daily,2017-05-12,2017-05-12T16:15:00-04:00,2017-05-13T05:15:00+09:00,2017-05-14,post-2016-10-11 official daily H.15 calendar at 16:15 ET,none
2017-05-12,1.49,DGS3,Percent,Daily,2017-05-15,2017-05-15T16:15:00-04:00,2017-05-16T05:15:00+09:00,2017-05-17,post-2016-10-11 official daily H.15 calendar at 16:15 ET,none
2017-05-15,1.49,DGS3,Percent,Daily,2017-05-16,2017-05-16T16:15:00-04:00,2017-05-17T05:15:00+09:00,2017-05-18,post-2016-10-11 official daily H.15 calendar at 16:15 ET,none
2017-05-16,1.48,DGS3,Percent,Daily,2017-05-17,2017-05-17T16:15:00-04:00,2017-05-18T05:15:00+09:00,2017-05-19,post-2016-10-11 official daily H.15 calendar at 16:15 ET,none
2017-05-17,1.42,DGS3,Percent,Daily,2017-05-18,2017-05-18T16:15:00-04:00,2017-05-19T05:15:00+09:00,2017-05-20,post-2016-10-11 official daily H.15 calendar at 16:15 ET,none
2017-05-18,1.44,DGS3,Percent,Daily,2017-05-19,2017-05-19T16:15:00-04:00,2017-05-20T05:15:00+09:00,2017-05-21,post-2016-10-11 official daily H.15 calendar at 16:15 ET,none
2017-05-19,1.45,DGS3,Percent,Daily,2017-05-22,2017-05-22T16:15:00-04:00,2017-05-23T05:15:00+09:00,2017-05-24,post-2016-10-11 official daily H.15 calendar at 16:15 ET,none
2017-05-22,1.45,DGS3,Percent,Daily,2017-05-23,2017-05-23T16:15:00-04:00,2017-05-24T05:15:00+09:00,2017-05-25,post-2016-10-11 official daily H.15 calendar at 16:15 ET,none
2017-05-23,1.49,DGS3,Percent,Daily,2017-05-24,2017-05-24T16:15:00-04:00,2017-05-25T05:15:00+09:00,2017-05-26,post-2016-10-11 official daily H.15 calendar at 16:15 ET,none
2017-05-24,1.46,DGS3,Percent,Daily,2017-05-25,2017-05-25T16:15:00-04:00,2017-05-26T05:15:00+09:00,2017-05-27,post-2016-10-11 official daily H.15 calendar at 16:15 ET,none
2017-05-25,1.46,DGS3,Percent,Daily,2017-05-26,2017-05-26T16:15:00-04:00,2017-05-27T05:15:00+09:00,2017-05-28,post-2016-10-11 official daily H.15 calendar at 16:15 ET,none
2017-05-26,1.46,DGS3,Percent,Daily,2017-05-30,2017-05-30T16:15:00-04:00,2017-05-31T05:15:00+09:00,2017-06-01,post-2016-10-11 official daily H.15 calendar at 16:15 ET,none
2017-05-29,,DGS3,Percent,Daily,2017-05-30,2017-05-30T16:15:00-04:00,2017-05-31T05:15:00+09:00,2017-06-01,post-2016-10-11 official daily H.15 calendar at 16:15 ET,none
2017-05-30,1.44,DGS3,Percent,Daily,2017-05-31,2017-05-31T16:15:00-04:00,2017-06-01T05:15:00+09:00,2017-06-02,post-2016-10-11 official daily H.15 calendar at 16:15 ET,none
2017-05-31,1.44,DGS3,Percent,Daily,2017-06-01,2017-06-01T16:15:00-04:00,2017-06-02T05:15:00+09:00,2017-06-03,post-2016-10-11 official daily H.15 calendar at 16:15 ET,none
2017-06-01,1.45,DGS3,Percent,Daily,2017-06-02,2017-06-02T16:15:00-04:00,2017-06-03T05:15:00+09:00,2017-06-04,post-2016-10-11 official daily H.15 calendar at 16:15 ET,none
2017-06-02,1.42,DGS3,Percent,Daily,2017-06-05,2017-06-05T16:15:00-04:00,2017-06-06T05:15:00+09:00,2017-06-07,post-2016-10-11 official daily H.15 calendar at 16:15 ET,none
2017-06-05,1.45,DGS3,Percent,Daily,2017-06-06,2017-06-06T16:15:00-04:00,2017-06-07T05:15:00+09:00,2017-06-08,post-2016-10-11 official daily H.15 calendar at 16:15 ET,none
2017-06-06,1.42,DGS3,Percent,Daily,2017-06-07,2017-06-07T16:15:00-04:00,2017-06-08T05:15:00+09:00,2017-06-09,post-2016-10-11 official daily H.15 calendar at 16:15 ET,none
2017-06-07,1.45,DGS3,Percent,Daily,2017-06-08,2017-06-08T16:15:00-04:00,2017-06-09T05:15:00+09:00,2017-06-10,post-2016-10-11 official daily H.15 calendar at 16:15 ET,none
2017-06-08,1.47,DGS3,Percent,Daily,2017-06-09,2017-06-09T16:15:00-04:00,2017-06-10T05:15:00+09:00,2017-06-11,post-2016-10-11 official daily H.15 calendar at 16:15 ET,none
2017-06-09,1.5,DGS3,Percent,Daily,2017-06-12,2017-06-12T16:15:00-04:00,2017-06-13T05:15:00+09:00,2017-06-14,post-2016-10-11 official daily H.15 calendar at 16:15 ET,none
2017-06-12,1.5,DGS3,Percent,Daily,2017-06-13,2017-06-13T16:15:00-04:00,2017-06-14T05:15:00+09:00,2017-06-15,post-2016-10-11 official daily H.15 calendar at 16:15 ET,none
2017-06-13,1.51,DGS3,Percent,Daily,2017-06-14,2017-06-14T16:15:00-04:00,2017-06-15T05:15:00+09:00,2017-06-16,post-2016-10-11 official daily H.15 calendar at 16:15 ET,none
2017-06-14,1.48,DGS3,Percent,Daily,2017-06-15,2017-06-15T16:15:00-04:00,2017-06-16T05:15:00+09:00,2017-06-17,post-2016-10-11 official daily H.15 calendar at 16:15 ET,none
2017-06-15,1.49,DGS3,Percent,Daily,2017-06-16,2017-06-16T16:15:00-04:00,2017-06-17T05:15:00+09:00,2017-06-18,post-2016-10-11 official daily H.15 calendar at 16:15 ET,none
2017-06-16,1.48,DGS3,Percent,Daily,2017-06-19,2017-06-19T16:15:00-04:00,2017-06-20T05:15:00+09:00,2017-06-21,post-2016-10-11 official daily H.15 calendar at 16:15 ET,none
2017-06-19,1.52,DGS3,Percent,Daily,2017-06-20,2017-06-20T16:15:00-04:00,2017-06-21T05:15:00+09:00,2017-06-22,post-2016-10-11 official daily H.15 calendar at 16:15 ET,none
2017-06-20,1.5,DGS3,Percent,Daily,2017-06-21,2017-06-21T16:15:00-04:00,2017-06-22T05:15:00+09:00,2017-06-23,post-2016-10-11 official daily H.15 calendar at 16:15 ET,none
2017-06-21,1.5,DGS3,Percent,Daily,2017-06-22,2017-06-22T16:15:00-04:00,2017-06-23T05:15:00+09:00,2017-06-24,post-2016-10-11 official daily H.15 calendar at 16:15 ET,none
2017-06-22,1.48,DGS3,Percent,Daily,2017-06-23,2017-06-23T16:15:00-04:00,2017-06-24T05:15:00+09:00,2017-06-25,post-2016-10-11 official daily H.15 calendar at 16:15 ET,none
2017-06-23,1.48,DGS3,Percent,Daily,2017-06-26,2017-06-26T16:15:00-04:00,2017-06-27T05:15:00+09:00,2017-06-28,post-2016-10-11 official daily H.15 calendar at 16:15 ET,none
2017-06-26,1.48,DGS3,Percent,Daily,2017-06-27,2017-06-27T16:15:00-04:00,2017-06-28T05:15:00+09:00,2017-06-29,post-2016-10-11 official daily H.15 calendar at 16:15 ET,none
2017-06-27,1.53,DGS3,Percent,Daily,2017-06-28,2017-06-28T16:15:00-04:00,2017-06-29T05:15:00+09:00,2017-06-30,post-2016-10-11 official daily H.15 calendar at 16:15 ET,none
2017-06-28,1.51,DGS3,Percent,Daily,2017-06-29,2017-06-29T16:15:00-04:00,2017-06-30T05:15:00+09:00,2017-07-01,post-2016-10-11 official daily H.15 calendar at 16:15 ET,none
2017-06-29,1.53,DGS3,Percent,Daily,2017-06-30,2017-06-30T16:15:00-04:00,2017-07-01T05:15:00+09:00,2017-07-02,post-2016-10-11 official daily H.15 calendar at 16:15 ET,none
2017-06-30,1.55,DGS3,Percent,Daily,2017-07-03,2017-07-03T16:15:00-04:00,2017-07-04T05:15:00+09:00,2017-07-05,post-2016-10-11 official daily H.15 calendar at 16:15 ET,none
2017-07-03,1.6,DGS3,Percent,Daily,2017-07-05,2017-07-05T16:15:00-04:00,2017-07-06T05:15:00+09:00,2017-07-07,post-2016-10-11 official daily H.15 calendar at 16:15 ET,none
2017-07-04,,DGS3,Percent,Daily,2017-07-05,2017-07-05T16:15:00-04:00,2017-07-06T05:15:00+09:00,2017-07-07,post-2016-10-11 official daily H.15 calendar at 16:15 ET,none
2017-07-05,1.59,DGS3,Percent,Daily,2017-07-06,2017-07-06T16:15:00-04:00,2017-07-07T05:15:00+09:00,2017-07-08,post-2016-10-11 official daily H.15 calendar at 16:15 ET,none
2017-07-06,1.6,DGS3,Percent,Daily,2017-07-07,2017-07-07T16:15:00-04:00,2017-07-08T05:15:00+09:00,2017-07-09,post-2016-10-11 official daily H.15 calendar at 16:15 ET,none
2017-07-07,1.6,DGS3,Percent,Daily,2017-07-10,2017-07-10T16:15:00-04:00,2017-07-11T05:15:00+09:00,2017-07-12,post-2016-10-11 official daily H.15 calendar at 16:15 ET,none
2017-07-10,1.59,DGS3,Percent,Daily,2017-07-11,2017-07-11T16:15:00-04:00,2017-07-12T05:15:00+09:00,2017-07-13,post-2016-10-11 official daily H.15 calendar at 16:15 ET,none
2017-07-11,1.57,DGS3,Percent,Daily,2017-07-12,2017-07-12T16:15:00-04:00,2017-07-13T05:15:00+09:00,2017-07-14,post-2016-10-11 official daily H.15 calendar at 16:15 ET,none
2017-07-12,1.53,DGS3,Percent,Daily,2017-07-13,2017-07-13T16:15:00-04:00,2017-07-14T05:15:00+09:00,2017-07-15,post-2016-10-11 official daily H.15 calendar at 16:15 ET,none
2017-07-13,1.55,DGS3,Percent,Daily,2017-07-14,2017-07-14T16:15:00-04:00,2017-07-15T05:15:00+09:00,2017-07-16,post-2016-10-11 official daily H.15 calendar at 16:15 ET,none
2017-07-14,1.54,DGS3,Percent,Daily,2017-07-17,2017-07-17T16:15:00-04:00,2017-07-18T05:15:00+09:00,2017-07-19,post-2016-10-11 official daily H.15 calendar at 16:15 ET,none
2017-07-17,1.53,DGS3,Percent,Daily,2017-07-18,2017-07-18T16:15:00-04:00,2017-07-19T05:15:00+09:00,2017-07-20,post-2016-10-11 official daily H.15 calendar at 16:15 ET,none
2017-07-18,1.52,DGS3,Percent,Daily,2017-07-19,2017-07-19T16:15:00-04:00,2017-07-20T05:15:00+09:00,2017-07-21,post-2016-10-11 official daily H.15 calendar at 16:15 ET,none
2017-07-19,1.52,DGS3,Percent,Daily,2017-07-20,2017-07-20T16:15:00-04:00,2017-07-21T05:15:00+09:00,2017-07-22,post-2016-10-11 official daily H.15 calendar at 16:15 ET,none
2017-07-20,1.51,DGS3,Percent,Daily,2017-07-21,2017-07-21T16:15:00-04:00,2017-07-22T05:15:00+09:00,2017-07-23,post-2016-10-11 official daily H.15 calendar at 16:15 ET,none
2017-07-21,1.5,DGS3,Percent,Daily,2017-07-24,2017-07-24T16:15:00-04:00,2017-07-25T05:15:00+09:00,2017-07-26,post-2016-10-11 official daily H.15 calendar at 16:15 ET,none
2017-07-24,1.53,DGS3,Percent,Daily,2017-07-25,2017-07-25T16:15:00-04:00,2017-07-26T05:15:00+09:00,2017-07-27,post-2016-10-11 official daily H.15 calendar at 16:15 ET,none
2017-07-25,1.56,DGS3,Percent,Daily,2017-07-26,2017-07-26T16:15:00-04:00,2017-07-27T05:15:00+09:00,2017-07-28,post-2016-10-11 official daily H.15 calendar at 16:15 ET,none
2017-07-26,1.5,DGS3,Percent,Daily,2017-07-27,2017-07-27T16:15:00-04:00,2017-07-28T05:15:00+09:00,2017-07-29,post-2016-10-11 official daily H.15 calendar at 16:15 ET,none
2017-07-27,1.52,DGS3,Percent,Daily,2017-07-28,2017-07-28T16:15:00-04:00,2017-07-29T05:15:00+09:00,2017-07-30,post-2016-10-11 official daily H.15 calendar at 16:15 ET,none
2017-07-28,1.51,DGS3,Percent,Daily,2017-07-31,2017-07-31T16:15:00-04:00,2017-08-01T05:15:00+09:00,2017-08-02,post-2016-10-11 official daily H.15 calendar at 16:15 ET,none
2017-07-31,1.51,DGS3,Percent,Daily,2017-08-01,2017-08-01T16:15:00-04:00,2017-08-02T05:15:00+09:00,2017-08-03,post-2016-10-11 official daily H.15 calendar at 16:15 ET,none
2017-08-01,1.5,DGS3,Percent,Daily,2017-08-02,2017-08-02T16:15:00-04:00,2017-08-03T05:15:00+09:00,2017-08-04,post-2016-10-11 official daily H.15 calendar at 16:15 ET,none
2017-08-02,1.52,DGS3,Percent,Daily,2017-08-03,2017-08-03T16:15:00-04:00,2017-08-04T05:15:00+09:00,2017-08-05,post-2016-10-11 official daily H.15 calendar at 16:15 ET,none
2017-08-03,1.49,DGS3,Percent,Daily,2017-08-04,2017-08-04T16:15:00-04:00,2017-08-05T05:15:00+09:00,2017-08-06,post-2016-10-11 official daily H.15 calendar at 16:15 ET,none
2017-08-04,1.51,DGS3,Percent,Daily,2017-08-07,2017-08-07T16:15:00-04:00,2017-08-08T05:15:00+09:00,2017-08-09,post-2016-10-11 official daily H.15 calendar at 16:15 ET,none
2017-08-07,1.52,DGS3,Percent,Daily,2017-08-08,2017-08-08T16:15:00-04:00,2017-08-09T05:15:00+09:00,2017-08-10,post-2016-10-11 official daily H.15 calendar at 16:15 ET,none
2017-08-08,1.53,DGS3,Percent,Daily,2017-08-09,2017-08-09T16:15:00-04:00,2017-08-10T05:15:00+09:00,2017-08-11,post-2016-10-11 official daily H.15 calendar at 16:15 ET,none
2017-08-09,1.5,DGS3,Percent,Daily,2017-08-10,2017-08-10T16:15:00-04:00,2017-08-11T05:15:00+09:00,2017-08-12,post-2016-10-11 official daily H.15 calendar at 16:15 ET,none
2017-08-10,1.49,DGS3,Percent,Daily,2017-08-11,2017-08-11T16:15:00-04:00,2017-08-12T05:15:00+09:00,2017-08-13,post-2016-10-11 official daily H.15 calendar at 16:15 ET,none
2017-08-11,1.43,DGS3,Percent,Daily,2017-08-14,2017-08-14T16:15:00-04:00,2017-08-15T05:15:00+09:00,2017-08-16,post-2016-10-11 official daily H.15 calendar at 16:15 ET,none
2017-08-14,1.48,DGS3,Percent,Daily,2017-08-15,2017-08-15T16:15:00-04:00,2017-08-16T05:15:00+09:00,2017-08-17,post-2016-10-11 official daily H.15 calendar at 16:15 ET,none
2017-08-15,1.51,DGS3,Percent,Daily,2017-08-16,2017-08-16T16:15:00-04:00,2017-08-17T05:15:00+09:00,2017-08-18,post-2016-10-11 official daily H.15 calendar at 16:15 ET,none
2017-08-16,1.49,DGS3,Percent,Daily,2017-08-17,2017-08-17T16:15:00-04:00,2017-08-18T05:15:00+09:00,2017-08-19,post-2016-10-11 official daily H.15 calendar at 16:15 ET,none
2017-08-17,1.46,DGS3,Percent,Daily,2017-08-18,2017-08-18T16:15:00-04:00,2017-08-19T05:15:00+09:00,2017-08-20,post-2016-10-11 official daily H.15 calendar at 16:15 ET,none
2017-08-18,1.47,DGS3,Percent,Daily,2017-08-21,2017-08-21T16:15:00-04:00,2017-08-22T05:15:00+09:00,2017-08-23,post-2016-10-11 official daily H.15 calendar at 16:15 ET,none
2017-08-21,1.46,DGS3,Percent,Daily,2017-08-22,2017-08-22T16:15:00-04:00,2017-08-23T05:15:00+09:00,2017-08-24,post-2016-10-11 official daily H.15 calendar at 16:15 ET,none
2017-08-22,1.48,DGS3,Percent,Daily,2017-08-23,2017-08-23T16:15:00-04:00,2017-08-24T05:15:00+09:00,2017-08-25,post-2016-10-11 official daily H.15 calendar at 16:15 ET,none
2017-08-23,1.45,DGS3,Percent,Daily,2017-08-24,2017-08-24T16:15:00-04:00,2017-08-25T05:15:00+09:00,2017-08-26,post-2016-10-11 official daily H.15 calendar at 16:15 ET,none
2017-08-24,1.47,DGS3,Percent,Daily,2017-08-25,2017-08-25T16:15:00-04:00,2017-08-26T05:15:00+09:00,2017-08-27,post-2016-10-11 official daily H.15 calendar at 16:15 ET,none
2017-08-25,1.47,DGS3,Percent,Daily,2017-08-28,2017-08-28T16:15:00-04:00,2017-08-29T05:15:00+09:00,2017-08-30,post-2016-10-11 official daily H.15 calendar at 16:15 ET,none
2017-08-28,1.46,DGS3,Percent,Daily,2017-08-29,2017-08-29T16:15:00-04:00,2017-08-30T05:15:00+09:00,2017-08-31,post-2016-10-11 official daily H.15 calendar at 16:15 ET,none
2017-08-29,1.43,DGS3,Percent,Daily,2017-08-30,2017-08-30T16:15:00-04:00,2017-08-31T05:15:00+09:00,2017-09-01,post-2016-10-11 official daily H.15 calendar at 16:15 ET,none
2017-08-30,1.44,DGS3,Percent,Daily,2017-08-31,2017-08-31T16:15:00-04:00,2017-09-01T05:15:00+09:00,2017-09-02,post-2016-10-11 official daily H.15 calendar at 16:15 ET,none
2017-08-31,1.44,DGS3,Percent,Daily,2017-09-01,2017-09-01T16:15:00-04:00,2017-09-02T05:15:00+09:00,2017-09-03,post-2016-10-11 official daily H.15 calendar at 16:15 ET,none
2017-09-01,1.46,DGS3,Percent,Daily,2017-09-05,2017-09-05T16:15:00-04:00,2017-09-06T05:15:00+09:00,2017-09-07,post-2016-10-11 official daily H.15 calendar at 16:15 ET,none
2017-09-04,,DGS3,Percent,Daily,2017-09-05,2017-09-05T16:15:00-04:00,2017-09-06T05:15:00+09:00,2017-09-07,post-2016-10-11 official daily H.15 calendar at 16:15 ET,none
2017-09-05,1.4,DGS3,Percent,Daily,2017-09-06,2017-09-06T16:15:00-04:00,2017-09-07T05:15:00+09:00,2017-09-08,post-2016-10-11 official daily H.15 calendar at 16:15 ET,none
2017-09-06,1.42,DGS3,Percent,Daily,2017-09-07,2017-09-07T16:15:00-04:00,2017-09-08T05:15:00+09:00,2017-09-09,post-2016-10-11 official daily H.15 calendar at 16:15 ET,none
2017-09-07,1.38,DGS3,Percent,Daily,2017-09-08,2017-09-08T16:15:00-04:00,2017-09-09T05:15:00+09:00,2017-09-10,post-2016-10-11 official daily H.15 calendar at 16:15 ET,none
2017-09-08,1.39,DGS3,Percent,Daily,2017-09-11,2017-09-11T16:15:00-04:00,2017-09-12T05:15:00+09:00,2017-09-13,post-2016-10-11 official daily H.15 calendar at 16:15 ET,none
2017-09-11,1.44,DGS3,Percent,Daily,2017-09-12,2017-09-12T16:15:00-04:00,2017-09-13T05:15:00+09:00,2017-09-14,post-2016-10-11 official daily H.15 calendar at 16:15 ET,none
2017-09-12,1.46,DGS3,Percent,Daily,2017-09-13,2017-09-13T16:15:00-04:00,2017-09-14T05:15:00+09:00,2017-09-15,post-2016-10-11 official daily H.15 calendar at 16:15 ET,none
2017-09-13,1.48,DGS3,Percent,Daily,2017-09-14,2017-09-14T16:15:00-04:00,2017-09-15T05:15:00+09:00,2017-09-16,post-2016-10-11 official daily H.15 calendar at 16:15 ET,none
2017-09-14,1.5,DGS3,Percent,Daily,2017-09-15,2017-09-15T16:15:00-04:00,2017-09-16T05:15:00+09:00,2017-09-17,post-2016-10-11 official daily H.15 calendar at 16:15 ET,none
2017-09-15,1.53,DGS3,Percent,Daily,2017-09-18,2017-09-18T16:15:00-04:00,2017-09-19T05:15:00+09:00,2017-09-20,post-2016-10-11 official daily H.15 calendar at 16:15 ET,none
2017-09-18,1.54,DGS3,Percent,Daily,2017-09-19,2017-09-19T16:15:00-04:00,2017-09-20T05:15:00+09:00,2017-09-21,post-2016-10-11 official daily H.15 calendar at 16:15 ET,none
2017-09-19,1.55,DGS3,Percent,Daily,2017-09-20,2017-09-20T16:15:00-04:00,2017-09-21T05:15:00+09:00,2017-09-22,post-2016-10-11 official daily H.15 calendar at 16:15 ET,none
2017-09-20,1.6,DGS3,Percent,Daily,2017-09-21,2017-09-21T16:15:00-04:00,2017-09-22T05:15:00+09:00,2017-09-23,post-2016-10-11 official daily H.15 calendar at 16:15 ET,none
2017-09-21,1.59,DGS3,Percent,Daily,2017-09-22,2017-09-22T16:15:00-04:00,2017-09-23T05:15:00+09:00,2017-09-24,post-2016-10-11 official daily H.15 calendar at 16:15 ET,none
2017-09-22,1.58,DGS3,Percent,Daily,2017-09-25,2017-09-25T16:15:00-04:00,2017-09-26T05:15:00+09:00,2017-09-27,post-2016-10-11 official daily H.15 calendar at 16:15 ET,none
2017-09-25,1.56,DGS3,Percent,Daily,2017-09-26,2017-09-26T16:15:00-04:00,2017-09-27T05:15:00+09:00,2017-09-28,post-2016-10-11 official daily H.15 calendar at 16:15 ET,none
2017-09-26,1.57,DGS3,Percent,Daily,2017-09-27,2017-09-27T16:15:00-04:00,2017-09-28T05:15:00+09:00,2017-09-29,post-2016-10-11 official daily H.15 calendar at 16:15 ET,none
2017-09-27,1.6,DGS3,Percent,Daily,2017-09-28,2017-09-28T16:15:00-04:00,2017-09-29T05:15:00+09:00,2017-09-30,post-2016-10-11 official daily H.15 calendar at 16:15 ET,none
2017-09-28,1.59,DGS3,Percent,Daily,2017-09-29,2017-09-29T16:15:00-04:00,2017-09-30T05:15:00+09:00,2017-10-01,post-2016-10-11 official daily H.15 calendar at 16:15 ET,none
2017-09-29,1.62,DGS3,Percent,Daily,2017-10-02,2017-10-02T16:15:00-04:00,2017-10-03T05:15:00+09:00,2017-10-04,post-2016-10-11 official daily H.15 calendar at 16:15 ET,none
2017-10-02,1.63,DGS3,Percent,Daily,2017-10-03,2017-10-03T16:15:00-04:00,2017-10-04T05:15:00+09:00,2017-10-05,post-2016-10-11 official daily H.15 calendar at 16:15 ET,none
2017-10-03,1.62,DGS3,Percent,Daily,2017-10-04,2017-10-04T16:15:00-04:00,2017-10-05T05:15:00+09:00,2017-10-06,post-2016-10-11 official daily H.15 calendar at 16:15 ET,none
2017-10-04,1.62,DGS3,Percent,Daily,2017-10-05,2017-10-05T16:15:00-04:00,2017-10-06T05:15:00+09:00,2017-10-07,post-2016-10-11 official daily H.15 calendar at 16:15 ET,none
2017-10-05,1.63,DGS3,Percent,Daily,2017-10-06,2017-10-06T16:15:00-04:00,2017-10-07T05:15:00+09:00,2017-10-08,post-2016-10-11 official daily H.15 calendar at 16:15 ET,none
2017-10-06,1.66,DGS3,Percent,Daily,2017-10-10,2017-10-10T16:15:00-04:00,2017-10-11T05:15:00+09:00,2017-10-12,post-2016-10-11 official daily H.15 calendar at 16:15 ET,none
2017-10-09,,DGS3,Percent,Daily,2017-10-10,2017-10-10T16:15:00-04:00,2017-10-11T05:15:00+09:00,2017-10-12,post-2016-10-11 official daily H.15 calendar at 16:15 ET,none
2017-10-10,1.64,DGS3,Percent,Daily,2017-10-11,2017-10-11T16:15:00-04:00,2017-10-12T05:15:00+09:00,2017-10-13,post-2016-10-11 official daily H.15 calendar at 16:15 ET,none
2017-10-11,1.66,DGS3,Percent,Daily,2017-10-12,2017-10-12T16:15:00-04:00,2017-10-13T05:15:00+09:00,2017-10-14,post-2016-10-11 official daily H.15 calendar at 16:15 ET,none
2017-10-12,1.66,DGS3,Percent,Daily,2017-10-13,2017-10-13T16:15:00-04:00,2017-10-14T05:15:00+09:00,2017-10-15,post-2016-10-11 official daily H.15 calendar at 16:15 ET,none
2017-10-13,1.64,DGS3,Percent,Daily,2017-10-16,2017-10-16T16:15:00-04:00,2017-10-17T05:15:00+09:00,2017-10-18,post-2016-10-11 official daily H.15 calendar at 16:15 ET,none
2017-10-16,1.68,DGS3,Percent,Daily,2017-10-17,2017-10-17T16:15:00-04:00,2017-10-18T05:15:00+09:00,2017-10-19,post-2016-10-11 official daily H.15 calendar at 16:15 ET,none
2017-10-17,1.69,DGS3,Percent,Daily,2017-10-18,2017-10-18T16:15:00-04:00,2017-10-19T05:15:00+09:00,2017-10-20,post-2016-10-11 official daily H.15 calendar at 16:15 ET,none
2017-10-18,1.7,DGS3,Percent,Daily,2017-10-19,2017-10-19T16:15:00-04:00,2017-10-20T05:15:00+09:00,2017-10-21,post-2016-10-11 official daily H.15 calendar at 16:15 ET,none
2017-10-19,1.69,DGS3,Percent,Daily,2017-10-20,2017-10-20T16:15:00-04:00,2017-10-21T05:15:00+09:00,2017-10-22,post-2016-10-11 official daily H.15 calendar at 16:15 ET,none
2017-10-20,1.72,DGS3,Percent,Daily,2017-10-23,2017-10-23T16:15:00-04:00,2017-10-24T05:15:00+09:00,2017-10-25,post-2016-10-11 official daily H.15 calendar at 16:15 ET,none
2017-10-23,1.7,DGS3,Percent,Daily,2017-10-24,2017-10-24T16:15:00-04:00,2017-10-25T05:15:00+09:00,2017-10-26,post-2016-10-11 official daily H.15 calendar at 16:15 ET,none
2017-10-24,1.73,DGS3,Percent,Daily,2017-10-25,2017-10-25T16:15:00-04:00,2017-10-26T05:15:00+09:00,2017-10-27,post-2016-10-11 official daily H.15 calendar at 16:15 ET,none
2017-10-25,1.74,DGS3,Percent,Daily,2017-10-26,2017-10-26T16:15:00-04:00,2017-10-27T05:15:00+09:00,2017-10-28,post-2016-10-11 official daily H.15 calendar at 16:15 ET,none
2017-10-26,1.76,DGS3,Percent,Daily,2017-10-27,2017-10-27T16:15:00-04:00,2017-10-28T05:15:00+09:00,2017-10-29,post-2016-10-11 official daily H.15 calendar at 16:15 ET,none
2017-10-27,1.73,DGS3,Percent,Daily,2017-10-30,2017-10-30T16:15:00-04:00,2017-10-31T05:15:00+09:00,2017-11-01,post-2016-10-11 official daily H.15 calendar at 16:15 ET,none
2017-10-30,1.71,DGS3,Percent,Daily,2017-10-31,2017-10-31T16:15:00-04:00,2017-11-01T05:15:00+09:00,2017-11-02,post-2016-10-11 official daily H.15 calendar at 16:15 ET,none
2017-10-31,1.73,DGS3,Percent,Daily,2017-11-01,2017-11-01T16:15:00-04:00,2017-11-02T05:15:00+09:00,2017-11-03,post-2016-10-11 official daily H.15 calendar at 16:15 ET,none
2017-11-01,1.74,DGS3,Percent,Daily,2017-11-02,2017-11-02T16:15:00-04:00,2017-11-03T05:15:00+09:00,2017-11-04,post-2016-10-11 official daily H.15 calendar at 16:15 ET,none
2017-11-02,1.73,DGS3,Percent,Daily,2017-11-03,2017-11-03T16:15:00-04:00,2017-11-04T05:15:00+09:00,2017-11-05,post-2016-10-11 official daily H.15 calendar at 16:15 ET,none
2017-11-03,1.74,DGS3,Percent,Daily,2017-11-06,2017-11-06T16:15:00-05:00,2017-11-07T06:15:00+09:00,2017-11-08,post-2016-10-11 official daily H.15 calendar at 16:15 ET,none
2017-11-06,1.73,DGS3,Percent,Daily,2017-11-07,2017-11-07T16:15:00-05:00,2017-11-08T06:15:00+09:00,2017-11-09,post-2016-10-11 official daily H.15 calendar at 16:15 ET,none
2017-11-07,1.75,DGS3,Percent,Daily,2017-11-08,2017-11-08T16:15:00-05:00,2017-11-09T06:15:00+09:00,2017-11-10,post-2016-10-11 official daily H.15 calendar at 16:15 ET,none
2017-11-08,1.77,DGS3,Percent,Daily,2017-11-09,2017-11-09T16:15:00-05:00,2017-11-10T06:15:00+09:00,2017-11-11,post-2016-10-11 official daily H.15 calendar at 16:15 ET,none
2017-11-09,1.75,DGS3,Percent,Daily,2017-11-13,2017-11-13T16:15:00-05:00,2017-11-14T06:15:00+09:00,2017-11-15,post-2016-10-11 official daily H.15 calendar at 16:15 ET,none
2017-11-10,1.79,DGS3,Percent,Daily,2017-11-13,2017-11-13T16:15:00-05:00,2017-11-14T06:15:00+09:00,2017-11-15,post-2016-10-11 official daily H.15 calendar at 16:15 ET,none
2017-11-13,1.82,DGS3,Percent,Daily,2017-11-14,2017-11-14T16:15:00-05:00,2017-11-15T06:15:00+09:00,2017-11-16,post-2016-10-11 official daily H.15 calendar at 16:15 ET,none
2017-11-14,1.81,DGS3,Percent,Daily,2017-11-15,2017-11-15T16:15:00-05:00,2017-11-16T06:15:00+09:00,2017-11-17,post-2016-10-11 official daily H.15 calendar at 16:15 ET,none
2017-11-15,1.79,DGS3,Percent,Daily,2017-11-16,2017-11-16T16:15:00-05:00,2017-11-17T06:15:00+09:00,2017-11-18,post-2016-10-11 official daily H.15 calendar at 16:15 ET,none
2017-11-16,1.83,DGS3,Percent,Daily,2017-11-17,2017-11-17T16:15:00-05:00,2017-11-18T06:15:00+09:00,2017-11-19,post-2016-10-11 official daily H.15 calendar at 16:15 ET,none
2017-11-17,1.83,DGS3,Percent,Daily,2017-11-20,2017-11-20T16:15:00-05:00,2017-11-21T06:15:00+09:00,2017-11-22,post-2016-10-11 official daily H.15 calendar at 16:15 ET,none
2017-11-20,1.86,DGS3,Percent,Daily,2017-11-21,2017-11-21T16:15:00-05:00,2017-11-22T06:15:00+09:00,2017-11-23,post-2016-10-11 official daily H.15 calendar at 16:15 ET,none
2017-11-21,1.88,DGS3,Percent,Daily,2017-11-22,2017-11-22T16:15:00-05:00,2017-11-23T06:15:00+09:00,2017-11-24,post-2016-10-11 official daily H.15 calendar at 16:15 ET,none
2017-11-22,1.84,DGS3,Percent,Daily,2017-11-24,2017-11-24T16:15:00-05:00,2017-11-25T06:15:00+09:00,2017-11-26,post-2016-10-11 official daily H.15 calendar at 16:15 ET,none
2017-11-23,,DGS3,Percent,Daily,2017-11-24,2017-11-24T16:15:00-05:00,2017-11-25T06:15:00+09:00,2017-11-26,post-2016-10-11 official daily H.15 calendar at 16:15 ET,none
2017-11-24,1.85,DGS3,Percent,Daily,2017-11-27,2017-11-27T16:15:00-05:00,2017-11-28T06:15:00+09:00,2017-11-29,post-2016-10-11 official daily H.15 calendar at 16:15 ET,none
2017-11-27,1.84,DGS3,Percent,Daily,2017-11-28,2017-11-28T16:15:00-05:00,2017-11-29T06:15:00+09:00,2017-11-30,post-2016-10-11 official daily H.15 calendar at 16:15 ET,none
2017-11-28,1.85,DGS3,Percent,Daily,2017-11-29,2017-11-29T16:15:00-05:00,2017-11-30T06:15:00+09:00,2017-12-01,post-2016-10-11 official daily H.15 calendar at 16:15 ET,none
2017-11-29,1.86,DGS3,Percent,Daily,2017-11-30,2017-11-30T16:15:00-05:00,2017-12-01T06:15:00+09:00,2017-12-02,post-2016-10-11 official daily H.15 calendar at 16:15 ET,none
2017-11-30,1.9,DGS3,Percent,Daily,2017-12-01,2017-12-01T16:15:00-05:00,2017-12-02T06:15:00+09:00,2017-12-03,post-2016-10-11 official daily H.15 calendar at 16:15 ET,none
2017-12-01,1.9,DGS3,Percent,Daily,2017-12-04,2017-12-04T16:15:00-05:00,2017-12-05T06:15:00+09:00,2017-12-06,post-2016-10-11 official daily H.15 calendar at 16:15 ET,none
2017-12-04,1.93,DGS3,Percent,Daily,2017-12-05,2017-12-05T16:15:00-05:00,2017-12-06T06:15:00+09:00,2017-12-07,post-2016-10-11 official daily H.15 calendar at 16:15 ET,none
2017-12-05,1.94,DGS3,Percent,Daily,2017-12-06,2017-12-06T16:15:00-05:00,2017-12-07T06:15:00+09:00,2017-12-08,post-2016-10-11 official daily H.15 calendar at 16:15 ET,none
2017-12-06,1.92,DGS3,Percent,Daily,2017-12-07,2017-12-07T16:15:00-05:00,2017-12-08T06:15:00+09:00,2017-12-09,post-2016-10-11 official daily H.15 calendar at 16:15 ET,none
2017-12-07,1.92,DGS3,Percent,Daily,2017-12-08,2017-12-08T16:15:00-05:00,2017-12-09T06:15:00+09:00,2017-12-10,post-2016-10-11 official daily H.15 calendar at 16:15 ET,none
2017-12-08,1.92,DGS3,Percent,Daily,2017-12-11,2017-12-11T16:15:00-05:00,2017-12-12T06:15:00+09:00,2017-12-13,post-2016-10-11 official daily H.15 calendar at 16:15 ET,none
2017-12-11,1.95,DGS3,Percent,Daily,2017-12-12,2017-12-12T16:15:00-05:00,2017-12-13T06:15:00+09:00,2017-12-14,post-2016-10-11 official daily H.15 calendar at 16:15 ET,none
2017-12-12,1.95,DGS3,Percent,Daily,2017-12-13,2017-12-13T16:15:00-05:00,2017-12-14T06:15:00+09:00,2017-12-15,post-2016-10-11 official daily H.15 calendar at 16:15 ET,none
2017-12-13,1.9,DGS3,Percent,Daily,2017-12-14,2017-12-14T16:15:00-05:00,2017-12-15T06:15:00+09:00,2017-12-16,post-2016-10-11 official daily H.15 calendar at 16:15 ET,none
2017-12-14,1.92,DGS3,Percent,Daily,2017-12-15,2017-12-15T16:15:00-05:00,2017-12-16T06:15:00+09:00,2017-12-17,post-2016-10-11 official daily H.15 calendar at 16:15 ET,none
2017-12-15,1.95,DGS3,Percent,Daily,2017-12-18,2017-12-18T16:15:00-05:00,2017-12-19T06:15:00+09:00,2017-12-20,post-2016-10-11 official daily H.15 calendar at 16:15 ET,none
2017-12-18,1.94,DGS3,Percent,Daily,2017-12-19,2017-12-19T16:15:00-05:00,2017-12-20T06:15:00+09:00,2017-12-21,post-2016-10-11 official daily H.15 calendar at 16:15 ET,none
2017-12-19,1.97,DGS3,Percent,Daily,2017-12-20,2017-12-20T16:15:00-05:00,2017-12-21T06:15:00+09:00,2017-12-22,post-2016-10-11 official daily H.15 calendar at 16:15 ET,none
2017-12-20,1.98,DGS3,Percent,Daily,2017-12-21,2017-12-21T16:15:00-05:00,2017-12-22T06:15:00+09:00,2017-12-23,post-2016-10-11 official daily H.15 calendar at 16:15 ET,none
2017-12-21,2.01,DGS3,Percent,Daily,2017-12-22,2017-12-22T16:15:00-05:00,2017-12-23T06:15:00+09:00,2017-12-24,post-2016-10-11 official daily H.15 calendar at 16:15 ET,none
2017-12-22,2.01,DGS3,Percent,Daily,2017-12-26,2017-12-26T16:15:00-05:00,2017-12-27T06:15:00+09:00,2017-12-28,post-2016-10-11 official daily H.15 calendar at 16:15 ET,none
2017-12-25,,DGS3,Percent,Daily,2017-12-26,2017-12-26T16:15:00-05:00,2017-12-27T06:15:00+09:00,2017-12-28,post-2016-10-11 official daily H.15 calendar at 16:15 ET,none
2017-12-26,2.02,DGS3,Percent,Daily,2017-12-27,2017-12-27T16:15:00-05:00,2017-12-28T06:15:00+09:00,2017-12-29,post-2016-10-11 official daily H.15 calendar at 16:15 ET,none
2017-12-27,1.99,DGS3,Percent,Daily,2017-12-28,2017-12-28T16:15:00-05:00,2017-12-29T06:15:00+09:00,2017-12-30,post-2016-10-11 official daily H.15 calendar at 16:15 ET,none
2017-12-28,2.0,DGS3,Percent,Daily,2017-12-29,2017-12-29T16:15:00-05:00,2017-12-30T06:15:00+09:00,2017-12-31,post-2016-10-11 official daily H.15 calendar at 16:15 ET,none
2017-12-29,1.98,DGS3,Percent,Daily,2018-01-02,2018-01-02T16:15:00-05:00,2018-01-03T06:15:00+09:00,2018-01-04,post-2016-10-11 official daily H.15 calendar at 16:15 ET,none
2018-01-01,,DGS3,Percent,Daily,2018-01-02,2018-01-02T16:15:00-05:00,2018-01-03T06:15:00+09:00,2018-01-04,post-2016-10-11 official daily H.15 calendar at 16:15 ET,none
2018-01-02,2.01,DGS3,Percent,Daily,2018-01-03,2018-01-03T16:15:00-05:00,2018-01-04T06:15:00+09:00,2018-01-05,post-2016-10-11 official daily H.15 calendar at 16:15 ET,none
2018-01-03,2.02,DGS3,Percent,Daily,2018-01-04,2018-01-04T16:15:00-05:00,2018-01-05T06:15:00+09:00,2018-01-06,post-2016-10-11 official daily H.15 calendar at 16:15 ET,none
2018-01-04,2.05,DGS3,Percent,Daily,2018-01-05,2018-01-05T16:15:00-05:00,2018-01-06T06:15:00+09:00,2018-01-07,post-2016-10-11 official daily H.15 calendar at 16:15 ET,none
2018-01-05,2.06,DGS3,Percent,Daily,2018-01-08,2018-01-08T16:15:00-05:00,2018-01-09T06:15:00+09:00,2018-01-10,post-2016-10-11 official daily H.15 calendar at 16:15 ET,none
2018-01-08,2.07,DGS3,Percent,Daily,2018-01-09,2018-01-09T16:15:00-05:00,2018-01-10T06:15:00+09:00,2018-01-11,post-2016-10-11 official daily H.15 calendar at 16:15 ET,none
2018-01-09,2.09,DGS3,Percent,Daily,2018-01-10,2018-01-10T16:15:00-05:00,2018-01-11T06:15:00+09:00,2018-01-12,post-2016-10-11 official daily H.15 calendar at 16:15 ET,none
2018-01-10,2.08,DGS3,Percent,Daily,2018-01-11,2018-01-11T16:15:00-05:00,2018-01-12T06:15:00+09:00,2018-01-13,post-2016-10-11 official daily H.15 calendar at 16:15 ET,none
2018-01-11,2.09,DGS3,Percent,Daily,2018-01-12,2018-01-12T16:15:00-05:00,2018-01-13T06:15:00+09:00,2018-01-14,post-2016-10-11 official daily H.15 calendar at 16:15 ET,none
2018-01-12,2.12,DGS3,Percent,Daily,2018-01-16,2018-01-16T16:15:00-05:00,2018-01-17T06:15:00+09:00,2018-01-18,post-2016-10-11 official daily H.15 calendar at 16:15 ET,none
2018-01-15,,DGS3,Percent,Daily,2018-01-16,2018-01-16T16:15:00-05:00,2018-01-17T06:15:00+09:00,2018-01-18,post-2016-10-11 official daily H.15 calendar at 16:15 ET,none
2018-01-16,2.12,DGS3,Percent,Daily,2018-01-17,2018-01-17T16:15:00-05:00,2018-01-18T06:15:00+09:00,2018-01-19,post-2016-10-11 official daily H.15 calendar at 16:15 ET,none
2018-01-17,2.15,DGS3,Percent,Daily,2018-01-18,2018-01-18T16:15:00-05:00,2018-01-19T06:15:00+09:00,2018-01-20,post-2016-10-11 official daily H.15 calendar at 16:15 ET,none
2018-01-18,2.17,DGS3,Percent,Daily,2018-01-19,2018-01-19T16:15:00-05:00,2018-01-20T06:15:00+09:00,2018-01-21,post-2016-10-11 official daily H.15 calendar at 16:15 ET,none
2018-01-19,2.2,DGS3,Percent,Daily,2018-01-22,2018-01-22T16:15:00-05:00,2018-01-23T06:15:00+09:00,2018-01-24,post-2016-10-11 official daily H.15 calendar at 16:15 ET,none
2018-01-22,2.21,DGS3,Percent,Daily,2018-01-23,2018-01-23T16:15:00-05:00,2018-01-24T06:15:00+09:00,2018-01-25,post-2016-10-11 official daily H.15 calendar at 16:15 ET,none
2018-01-23,2.18,DGS3,Percent,Daily,2018-01-24,2018-01-24T16:15:00-05:00,2018-01-25T06:15:00+09:00,2018-01-26,post-2016-10-11 official daily H.15 calendar at 16:15 ET,none
2018-01-24,2.2,DGS3,Percent,Daily,2018-01-25,2018-01-25T16:15:00-05:00,2018-01-26T06:15:00+09:00,2018-01-27,post-2016-10-11 official daily H.15 calendar at 16:15 ET,none
2018-01-25,2.2,DGS3,Percent,Daily,2018-01-26,2018-01-26T16:15:00-05:00,2018-01-27T06:15:00+09:00,2018-01-28,post-2016-10-11 official daily H.15 calendar at 16:15 ET,none
2018-01-26,2.24,DGS3,Percent,Daily,2018-01-29,2018-01-29T16:15:00-05:00,2018-01-30T06:15:00+09:00,2018-01-31,post-2016-10-11 official daily H.15 calendar at 16:15 ET,none
2018-01-29,2.26,DGS3,Percent,Daily,2018-01-30,2018-01-30T16:15:00-05:00,2018-01-31T06:15:00+09:00,2018-02-01,post-2016-10-11 official daily H.15 calendar at 16:15 ET,none
2018-01-30,2.27,DGS3,Percent,Daily,2018-01-31,2018-01-31T16:15:00-05:00,2018-02-01T06:15:00+09:00,2018-02-02,post-2016-10-11 official daily H.15 calendar at 16:15 ET,none
2018-01-31,2.29,DGS3,Percent,Daily,2018-02-01,2018-02-01T16:15:00-05:00,2018-02-02T06:15:00+09:00,2018-02-03,post-2016-10-11 official daily H.15 calendar at 16:15 ET,none
2018-02-01,2.33,DGS3,Percent,Daily,2018-02-02,2018-02-02T16:15:00-05:00,2018-02-03T06:15:00+09:00,2018-02-04,post-2016-10-11 official daily H.15 calendar at 16:15 ET,none
2018-02-02,2.33,DGS3,Percent,Daily,2018-02-05,2018-02-05T16:15:00-05:00,2018-02-06T06:15:00+09:00,2018-02-07,post-2016-10-11 official daily H.15 calendar at 16:15 ET,none
2018-02-05,2.25,DGS3,Percent,Daily,2018-02-06,2018-02-06T16:15:00-05:00,2018-02-07T06:15:00+09:00,2018-02-08,post-2016-10-11 official daily H.15 calendar at 16:15 ET,none
2018-02-06,2.3,DGS3,Percent,Daily,2018-02-07,2018-02-07T16:15:00-05:00,2018-02-08T06:15:00+09:00,2018-02-09,post-2016-10-11 official daily H.15 calendar at 16:15 ET,none
2018-02-07,2.33,DGS3,Percent,Daily,2018-02-08,2018-02-08T16:15:00-05:00,2018-02-09T06:15:00+09:00,2018-02-10,post-2016-10-11 official daily H.15 calendar at 16:15 ET,none
2018-02-08,2.32,DGS3,Percent,Daily,2018-02-09,2018-02-09T16:15:00-05:00,2018-02-10T06:15:00+09:00,2018-02-11,post-2016-10-11 official daily H.15 calendar at 16:15 ET,none
2018-02-09,2.26,DGS3,Percent,Daily,2018-02-12,2018-02-12T16:15:00-05:00,2018-02-13T06:15:00+09:00,2018-02-14,post-2016-10-11 official daily H.15 calendar at 16:15 ET,none
2018-02-12,2.3,DGS3,Percent,Daily,2018-02-13,2018-02-13T16:15:00-05:00,2018-02-14T06:15:00+09:00,2018-02-15,post-2016-10-11 official daily H.15 calendar at 16:15 ET,none
2018-02-13,2.3,DGS3,Percent,Daily,2018-02-14,2018-02-14T16:15:00-05:00,2018-02-15T06:15:00+09:00,2018-02-16,post-2016-10-11 official daily H.15 calendar at 16:15 ET,none
2018-02-14,2.4,DGS3,Percent,Daily,2018-02-15,2018-02-15T16:15:00-05:00,2018-02-16T06:15:00+09:00,2018-02-17,post-2016-10-11 official daily H.15 calendar at 16:15 ET,none
2018-02-15,2.4,DGS3,Percent,Daily,2018-02-16,2018-02-16T16:15:00-05:00,2018-02-17T06:15:00+09:00,2018-02-18,post-2016-10-11 official daily H.15 calendar at 16:15 ET,none
2018-02-16,2.38,DGS3,Percent,Daily,2018-02-20,2018-02-20T16:15:00-05:00,2018-02-21T06:15:00+09:00,2018-02-22,post-2016-10-11 official daily H.15 calendar at 16:15 ET,none
2018-02-19,,DGS3,Percent,Daily,2018-02-20,2018-02-20T16:15:00-05:00,2018-02-21T06:15:00+09:00,2018-02-22,post-2016-10-11 official daily H.15 calendar at 16:15 ET,none
2018-02-20,2.4,DGS3,Percent,Daily,2018-02-21,2018-02-21T16:15:00-05:00,2018-02-22T06:15:00+09:00,2018-02-23,post-2016-10-11 official daily H.15 calendar at 16:15 ET,none
2018-02-21,2.44,DGS3,Percent,Daily,2018-02-22,2018-02-22T16:15:00-05:00,2018-02-23T06:15:00+09:00,2018-02-24,post-2016-10-11 official daily H.15 calendar at 16:15 ET,none
2018-02-22,2.42,DGS3,Percent,Daily,2018-02-23,2018-02-23T16:15:00-05:00,2018-02-24T06:15:00+09:00,2018-02-25,post-2016-10-11 official daily H.15 calendar at 16:15 ET,none
2018-02-23,2.39,DGS3,Percent,Daily,2018-02-26,2018-02-26T16:15:00-05:00,2018-02-27T06:15:00+09:00,2018-02-28,post-2016-10-11 official daily H.15 calendar at 16:15 ET,none
2018-02-26,2.37,DGS3,Percent,Daily,2018-02-27,2018-02-27T16:15:00-05:00,2018-02-28T06:15:00+09:00,2018-03-01,post-2016-10-11 official daily H.15 calendar at 16:15 ET,none
2018-02-27,2.43,DGS3,Percent,Daily,2018-02-28,2018-02-28T16:15:00-05:00,2018-03-01T06:15:00+09:00,2018-03-02,post-2016-10-11 official daily H.15 calendar at 16:15 ET,none
2018-02-28,2.42,DGS3,Percent,Daily,2018-03-01,2018-03-01T16:15:00-05:00,2018-03-02T06:15:00+09:00,2018-03-03,post-2016-10-11 official daily H.15 calendar at 16:15 ET,none
2018-03-01,2.36,DGS3,Percent,Daily,2018-03-02,2018-03-02T16:15:00-05:00,2018-03-03T06:15:00+09:00,2018-03-04,post-2016-10-11 official daily H.15 calendar at 16:15 ET,none
2018-03-02,2.4,DGS3,Percent,Daily,2018-03-05,2018-03-05T16:15:00-05:00,2018-03-06T06:15:00+09:00,2018-03-07,post-2016-10-11 official daily H.15 calendar at 16:15 ET,none
2018-03-05,2.41,DGS3,Percent,Daily,2018-03-06,2018-03-06T16:15:00-05:00,2018-03-07T06:15:00+09:00,2018-03-08,post-2016-10-11 official daily H.15 calendar at 16:15 ET,none
2018-03-06,2.42,DGS3,Percent,Daily,2018-03-07,2018-03-07T16:15:00-05:00,2018-03-08T06:15:00+09:00,2018-03-09,post-2016-10-11 official daily H.15 calendar at 16:15 ET,none
2018-03-07,2.42,DGS3,Percent,Daily,2018-03-08,2018-03-08T16:15:00-05:00,2018-03-09T06:15:00+09:00,2018-03-10,post-2016-10-11 official daily H.15 calendar at 16:15 ET,none
2018-03-08,2.42,DGS3,Percent,Daily,2018-03-09,2018-03-09T16:15:00-05:00,2018-03-10T06:15:00+09:00,2018-03-11,post-2016-10-11 official daily H.15 calendar at 16:15 ET,none
2018-03-09,2.45,DGS3,Percent,Daily,2018-03-12,2018-03-12T16:15:00-04:00,2018-03-13T05:15:00+09:00,2018-03-14,post-2016-10-11 official daily H.15 calendar at 16:15 ET,none
2018-03-12,2.43,DGS3,Percent,Daily,2018-03-13,2018-03-13T16:15:00-04:00,2018-03-14T05:15:00+09:00,2018-03-15,post-2016-10-11 official daily H.15 calendar at 16:15 ET,none
2018-03-13,2.41,DGS3,Percent,Daily,2018-03-14,2018-03-14T16:15:00-04:00,2018-03-15T05:15:00+09:00,2018-03-16,post-2016-10-11 official daily H.15 calendar at 16:15 ET,none
2018-03-14,2.41,DGS3,Percent,Daily,2018-03-15,2018-03-15T16:15:00-04:00,2018-03-16T05:15:00+09:00,2018-03-17,post-2016-10-11 official daily H.15 calendar at 16:15 ET,none
2018-03-15,2.42,DGS3,Percent,Daily,2018-03-16,2018-03-16T16:15:00-04:00,2018-03-17T05:15:00+09:00,2018-03-18,post-2016-10-11 official daily H.15 calendar at 16:15 ET,none
2018-03-16,2.44,DGS3,Percent,Daily,2018-03-19,2018-03-19T16:15:00-04:00,2018-03-20T05:15:00+09:00,2018-03-21,post-2016-10-11 official daily H.15 calendar at 16:15 ET,none
2018-03-19,2.45,DGS3,Percent,Daily,2018-03-20,2018-03-20T16:15:00-04:00,2018-03-21T05:15:00+09:00,2018-03-22,post-2016-10-11 official daily H.15 calendar at 16:15 ET,none
2018-03-20,2.49,DGS3,Percent,Daily,2018-03-21,2018-03-21T16:15:00-04:00,2018-03-22T05:15:00+09:00,2018-03-23,post-2016-10-11 official daily H.15 calendar at 16:15 ET,none
2018-03-21,2.46,DGS3,Percent,Daily,2018-03-22,2018-03-22T16:15:00-04:00,2018-03-23T05:15:00+09:00,2018-03-24,post-2016-10-11 official daily H.15 calendar at 16:15 ET,none
2018-03-22,2.43,DGS3,Percent,Daily,2018-03-23,2018-03-23T16:15:00-04:00,2018-03-24T05:15:00+09:00,2018-03-25,post-2016-10-11 official daily H.15 calendar at 16:15 ET,none
2018-03-23,2.41,DGS3,Percent,Daily,2018-03-26,2018-03-26T16:15:00-04:00,2018-03-27T05:15:00+09:00,2018-03-28,post-2016-10-11 official daily H.15 calendar at 16:15 ET,none
2018-03-26,2.44,DGS3,Percent,Daily,2018-03-27,2018-03-27T16:15:00-04:00,2018-03-28T05:15:00+09:00,2018-03-29,post-2016-10-11 official daily H.15 calendar at 16:15 ET,none
2018-03-27,2.39,DGS3,Percent,Daily,2018-03-28,2018-03-28T16:15:00-04:00,2018-03-29T05:15:00+09:00,2018-03-30,post-2016-10-11 official daily H.15 calendar at 16:15 ET,none
2018-03-28,2.41,DGS3,Percent,Daily,2018-03-29,2018-03-29T16:15:00-04:00,2018-03-30T05:15:00+09:00,2018-03-31,post-2016-10-11 official daily H.15 calendar at 16:15 ET,none
2018-03-29,2.39,DGS3,Percent,Daily,2018-03-30,2018-03-30T16:15:00-04:00,2018-03-31T05:15:00+09:00,2018-04-01,post-2016-10-11 official daily H.15 calendar at 16:15 ET,none
2018-03-30,,DGS3,Percent,Daily,2018-04-02,2018-04-02T16:15:00-04:00,2018-04-03T05:15:00+09:00,2018-04-04,post-2016-10-11 official daily H.15 calendar at 16:15 ET,none
2018-04-02,2.37,DGS3,Percent,Daily,2018-04-03,2018-04-03T16:15:00-04:00,2018-04-04T05:15:00+09:00,2018-04-05,post-2016-10-11 official daily H.15 calendar at 16:15 ET,none
2018-04-03,2.41,DGS3,Percent,Daily,2018-04-04,2018-04-04T16:15:00-04:00,2018-04-05T05:15:00+09:00,2018-04-06,post-2016-10-11 official daily H.15 calendar at 16:15 ET,none
2018-04-04,2.42,DGS3,Percent,Daily,2018-04-05,2018-04-05T16:15:00-04:00,2018-04-06T05:15:00+09:00,2018-04-07,post-2016-10-11 official daily H.15 calendar at 16:15 ET,none
2018-04-05,2.45,DGS3,Percent,Daily,2018-04-06,2018-04-06T16:15:00-04:00,2018-04-07T05:15:00+09:00,2018-04-08,post-2016-10-11 official daily H.15 calendar at 16:15 ET,none
2018-04-06,2.4,DGS3,Percent,Daily,2018-04-09,2018-04-09T16:15:00-04:00,2018-04-10T05:15:00+09:00,2018-04-11,post-2016-10-11 official daily H.15 calendar at 16:15 ET,none
2018-04-09,2.43,DGS3,Percent,Daily,2018-04-10,2018-04-10T16:15:00-04:00,2018-04-11T05:15:00+09:00,2018-04-12,post-2016-10-11 official daily H.15 calendar at 16:15 ET,none
2018-04-10,2.45,DGS3,Percent,Daily,2018-04-11,2018-04-11T16:15:00-04:00,2018-04-12T05:15:00+09:00,2018-04-13,post-2016-10-11 official daily H.15 calendar at 16:15 ET,none
2018-04-11,2.45,DGS3,Percent,Daily,2018-04-12,2018-04-12T16:15:00-04:00,2018-04-13T05:15:00+09:00,2018-04-14,post-2016-10-11 official daily H.15 calendar at 16:15 ET,none
2018-04-12,2.49,DGS3,Percent,Daily,2018-04-13,2018-04-13T16:15:00-04:00,2018-04-14T05:15:00+09:00,2018-04-15,post-2016-10-11 official daily H.15 calendar at 16:15 ET,none
2018-04-13,2.51,DGS3,Percent,Daily,2018-04-16,2018-04-16T16:15:00-04:00,2018-04-17T05:15:00+09:00,2018-04-18,post-2016-10-11 official daily H.15 calendar at 16:15 ET,none
2018-04-16,2.52,DGS3,Percent,Daily,2018-04-17,2018-04-17T16:15:00-04:00,2018-04-18T05:15:00+09:00,2018-04-19,post-2016-10-11 official daily H.15 calendar at 16:15 ET,none
2018-04-17,2.52,DGS3,Percent,Daily,2018-04-18,2018-04-18T16:15:00-04:00,2018-04-19T05:15:00+09:00,2018-04-20,post-2016-10-11 official daily H.15 calendar at 16:15 ET,none
2018-04-18,2.57,DGS3,Percent,Daily,2018-04-19,2018-04-19T16:15:00-04:00,2018-04-20T05:15:00+09:00,2018-04-21,post-2016-10-11 official daily H.15 calendar at 16:15 ET,none
2018-04-19,2.58,DGS3,Percent,Daily,2018-04-20,2018-04-20T16:15:00-04:00,2018-04-21T05:15:00+09:00,2018-04-22,post-2016-10-11 official daily H.15 calendar at 16:15 ET,none
2018-04-20,2.62,DGS3,Percent,Daily,2018-04-23,2018-04-23T16:15:00-04:00,2018-04-24T05:15:00+09:00,2018-04-25,post-2016-10-11 official daily H.15 calendar at 16:15 ET,none
2018-04-23,2.64,DGS3,Percent,Daily,2018-04-24,2018-04-24T16:15:00-04:00,2018-04-25T05:15:00+09:00,2018-04-26,post-2016-10-11 official daily H.15 calendar at 16:15 ET,none
2018-04-24,2.63,DGS3,Percent,Daily,2018-04-25,2018-04-25T16:15:00-04:00,2018-04-26T05:15:00+09:00,2018-04-27,post-2016-10-11 official daily H.15 calendar at 16:15 ET,none
2018-04-25,2.64,DGS3,Percent,Daily,2018-04-26,2018-04-26T16:15:00-04:00,2018-04-27T05:15:00+09:00,2018-04-28,post-2016-10-11 official daily H.15 calendar at 16:15 ET,none
2018-04-26,2.63,DGS3,Percent,Daily,2018-04-27,2018-04-27T16:15:00-04:00,2018-04-28T05:15:00+09:00,2018-04-29,post-2016-10-11 official daily H.15 calendar at 16:15 ET,none
2018-04-27,2.62,DGS3,Percent,Daily,2018-04-30,2018-04-30T16:15:00-04:00,2018-05-01T05:15:00+09:00,2018-05-02,post-2016-10-11 official daily H.15 calendar at 16:15 ET,none
2018-04-30,2.62,DGS3,Percent,Daily,2018-05-01,2018-05-01T16:15:00-04:00,2018-05-02T05:15:00+09:00,2018-05-03,post-2016-10-11 official daily H.15 calendar at 16:15 ET,none
2018-05-01,2.66,DGS3,Percent,Daily,2018-05-02,2018-05-02T16:15:00-04:00,2018-05-03T05:15:00+09:00,2018-05-04,post-2016-10-11 official daily H.15 calendar at 16:15 ET,none
2018-05-02,2.64,DGS3,Percent,Daily,2018-05-03,2018-05-03T16:15:00-04:00,2018-05-04T05:15:00+09:00,2018-05-05,post-2016-10-11 official daily H.15 calendar at 16:15 ET,none
2018-05-03,2.62,DGS3,Percent,Daily,2018-05-04,2018-05-04T16:15:00-04:00,2018-05-05T05:15:00+09:00,2018-05-06,post-2016-10-11 official daily H.15 calendar at 16:15 ET,none
2018-05-04,2.63,DGS3,Percent,Daily,2018-05-07,2018-05-07T16:15:00-04:00,2018-05-08T05:15:00+09:00,2018-05-09,post-2016-10-11 official daily H.15 calendar at 16:15 ET,none
2018-05-07,2.64,DGS3,Percent,Daily,2018-05-08,2018-05-08T16:15:00-04:00,2018-05-09T05:15:00+09:00,2018-05-10,post-2016-10-11 official daily H.15 calendar at 16:15 ET,none
2018-05-08,2.66,DGS3,Percent,Daily,2018-05-09,2018-05-09T16:15:00-04:00,2018-05-10T05:15:00+09:00,2018-05-11,post-2016-10-11 official daily H.15 calendar at 16:15 ET,none
2018-05-09,2.68,DGS3,Percent,Daily,2018-05-10,2018-05-10T16:15:00-04:00,2018-05-11T05:15:00+09:00,2018-05-12,post-2016-10-11 official daily H.15 calendar at 16:15 ET,none
2018-05-10,2.69,DGS3,Percent,Daily,2018-05-11,2018-05-11T16:15:00-04:00,2018-05-12T05:15:00+09:00,2018-05-13,post-2016-10-11 official daily H.15 calendar at 16:15 ET,none
2018-05-11,2.69,DGS3,Percent,Daily,2018-05-14,2018-05-14T16:15:00-04:00,2018-05-15T05:15:00+09:00,2018-05-16,post-2016-10-11 official daily H.15 calendar at 16:15 ET,none
2018-05-14,2.7,DGS3,Percent,Daily,2018-05-15,2018-05-15T16:15:00-04:00,2018-05-16T05:15:00+09:00,2018-05-17,post-2016-10-11 official daily H.15 calendar at 16:15 ET,none
2018-05-15,2.75,DGS3,Percent,Daily,2018-05-16,2018-05-16T16:15:00-04:00,2018-05-17T05:15:00+09:00,2018-05-18,post-2016-10-11 official daily H.15 calendar at 16:15 ET,none
2018-05-16,2.76,DGS3,Percent,Daily,2018-05-17,2018-05-17T16:15:00-04:00,2018-05-18T05:15:00+09:00,2018-05-19,post-2016-10-11 official daily H.15 calendar at 16:15 ET,none
2018-05-17,2.75,DGS3,Percent,Daily,2018-05-18,2018-05-18T16:15:00-04:00,2018-05-19T05:15:00+09:00,2018-05-20,post-2016-10-11 official daily H.15 calendar at 16:15 ET,none
2018-05-18,2.71,DGS3,Percent,Daily,2018-05-21,2018-05-21T16:15:00-04:00,2018-05-22T05:15:00+09:00,2018-05-23,post-2016-10-11 official daily H.15 calendar at 16:15 ET,none
2018-05-21,2.73,DGS3,Percent,Daily,2018-05-22,2018-05-22T16:15:00-04:00,2018-05-23T05:15:00+09:00,2018-05-24,post-2016-10-11 official daily H.15 calendar at 16:15 ET,none
2018-05-22,2.73,DGS3,Percent,Daily,2018-05-23,2018-05-23T16:15:00-04:00,2018-05-24T05:15:00+09:00,2018-05-25,post-2016-10-11 official daily H.15 calendar at 16:15 ET,none
2018-05-23,2.67,DGS3,Percent,Daily,2018-05-24,2018-05-24T16:15:00-04:00,2018-05-25T05:15:00+09:00,2018-05-26,post-2016-10-11 official daily H.15 calendar at 16:15 ET,none
2018-05-24,2.65,DGS3,Percent,Daily,2018-05-25,2018-05-25T16:15:00-04:00,2018-05-26T05:15:00+09:00,2018-05-27,post-2016-10-11 official daily H.15 calendar at 16:15 ET,none
2018-05-25,2.6,DGS3,Percent,Daily,2018-05-29,2018-05-29T16:15:00-04:00,2018-05-30T05:15:00+09:00,2018-05-31,post-2016-10-11 official daily H.15 calendar at 16:15 ET,none
2018-05-28,,DGS3,Percent,Daily,2018-05-29,2018-05-29T16:15:00-04:00,2018-05-30T05:15:00+09:00,2018-05-31,post-2016-10-11 official daily H.15 calendar at 16:15 ET,none
2018-05-29,2.43,DGS3,Percent,Daily,2018-05-30,2018-05-30T16:15:00-04:00,2018-05-31T05:15:00+09:00,2018-06-01,post-2016-10-11 official daily H.15 calendar at 16:15 ET,none
2018-05-30,2.53,DGS3,Percent,Daily,2018-05-31,2018-05-31T16:15:00-04:00,2018-06-01T05:15:00+09:00,2018-06-02,post-2016-10-11 official daily H.15 calendar at 16:15 ET,none
2018-05-31,2.54,DGS3,Percent,Daily,2018-06-01,2018-06-01T16:15:00-04:00,2018-06-02T05:15:00+09:00,2018-06-03,post-2016-10-11 official daily H.15 calendar at 16:15 ET,none
2018-06-01,2.61,DGS3,Percent,Daily,2018-06-04,2018-06-04T16:15:00-04:00,2018-06-05T05:15:00+09:00,2018-06-06,post-2016-10-11 official daily H.15 calendar at 16:15 ET,none
2018-06-04,2.64,DGS3,Percent,Daily,2018-06-05,2018-06-05T16:15:00-04:00,2018-06-06T05:15:00+09:00,2018-06-07,post-2016-10-11 official daily H.15 calendar at 16:15 ET,none
2018-06-05,2.62,DGS3,Percent,Daily,2018-06-06,2018-06-06T16:15:00-04:00,2018-06-07T05:15:00+09:00,2018-06-08,post-2016-10-11 official daily H.15 calendar at 16:15 ET,none
2018-06-06,2.65,DGS3,Percent,Daily,2018-06-07,2018-06-07T16:15:00-04:00,2018-06-08T05:15:00+09:00,2018-06-09,post-2016-10-11 official daily H.15 calendar at 16:15 ET,none
2018-06-07,2.63,DGS3,Percent,Daily,2018-06-08,2018-06-08T16:15:00-04:00,2018-06-09T05:15:00+09:00,2018-06-10,post-2016-10-11 official daily H.15 calendar at 16:15 ET,none
2018-06-08,2.63,DGS3,Percent,Daily,2018-06-11,2018-06-11T16:15:00-04:00,2018-06-12T05:15:00+09:00,2018-06-13,post-2016-10-11 official daily H.15 calendar at 16:15 ET,none
2018-06-11,2.66,DGS3,Percent,Daily,2018-06-12,2018-06-12T16:15:00-04:00,2018-06-13T05:15:00+09:00,2018-06-14,post-2016-10-11 official daily H.15 calendar at 16:15 ET,none
2018-06-12,2.67,DGS3,Percent,Daily,2018-06-13,2018-06-13T16:15:00-04:00,2018-06-14T05:15:00+09:00,2018-06-15,post-2016-10-11 official daily H.15 calendar at 16:15 ET,none
2018-06-13,2.71,DGS3,Percent,Daily,2018-06-14,2018-06-14T16:15:00-04:00,2018-06-15T05:15:00+09:00,2018-06-16,post-2016-10-11 official daily H.15 calendar at 16:15 ET,none
2018-06-14,2.69,DGS3,Percent,Daily,2018-06-15,2018-06-15T16:15:00-04:00,2018-06-16T05:15:00+09:00,2018-06-17,post-2016-10-11 official daily H.15 calendar at 16:15 ET,none
2018-06-15,2.68,DGS3,Percent,Daily,2018-06-18,2018-06-18T16:15:00-04:00,2018-06-19T05:15:00+09:00,2018-06-20,post-2016-10-11 official daily H.15 calendar at 16:15 ET,none
2018-06-18,2.67,DGS3,Percent,Daily,2018-06-19,2018-06-19T16:15:00-04:00,2018-06-20T05:15:00+09:00,2018-06-21,post-2016-10-11 official daily H.15 calendar at 16:15 ET,none
2018-06-19,2.64,DGS3,Percent,Daily,2018-06-20,2018-06-20T16:15:00-04:00,2018-06-21T05:15:00+09:00,2018-06-22,post-2016-10-11 official daily H.15 calendar at 16:15 ET,none
2018-06-20,2.67,DGS3,Percent,Daily,2018-06-21,2018-06-21T16:15:00-04:00,2018-06-22T05:15:00+09:00,2018-06-23,post-2016-10-11 official daily H.15 calendar at 16:15 ET,none
2018-06-21,2.65,DGS3,Percent,Daily,2018-06-22,2018-06-22T16:15:00-04:00,2018-06-23T05:15:00+09:00,2018-06-24,post-2016-10-11 official daily H.15 calendar at 16:15 ET,none
2018-06-22,2.65,DGS3,Percent,Daily,2018-06-25,2018-06-25T16:15:00-04:00,2018-06-26T05:15:00+09:00,2018-06-27,post-2016-10-11 official daily H.15 calendar at 16:15 ET,none
2018-06-25,2.63,DGS3,Percent,Daily,2018-06-26,2018-06-26T16:15:00-04:00,2018-06-27T05:15:00+09:00,2018-06-28,post-2016-10-11 official daily H.15 calendar at 16:15 ET,none
2018-06-26,2.63,DGS3,Percent,Daily,2018-06-27,2018-06-27T16:15:00-04:00,2018-06-28T05:15:00+09:00,2018-06-29,post-2016-10-11 official daily H.15 calendar at 16:15 ET,none
2018-06-27,2.59,DGS3,Percent,Daily,2018-06-28,2018-06-28T16:15:00-04:00,2018-06-29T05:15:00+09:00,2018-06-30,post-2016-10-11 official daily H.15 calendar at 16:15 ET,none
2018-06-28,2.6,DGS3,Percent,Daily,2018-06-29,2018-06-29T16:15:00-04:00,2018-06-30T05:15:00+09:00,2018-07-01,post-2016-10-11 official daily H.15 calendar at 16:15 ET,none
2018-06-29,2.63,DGS3,Percent,Daily,2018-07-02,2018-07-02T16:15:00-04:00,2018-07-03T05:15:00+09:00,2018-07-04,post-2016-10-11 official daily H.15 calendar at 16:15 ET,none
2018-07-02,2.65,DGS3,Percent,Daily,2018-07-03,2018-07-03T16:15:00-04:00,2018-07-04T05:15:00+09:00,2018-07-05,post-2016-10-11 official daily H.15 calendar at 16:15 ET,none
2018-07-03,2.63,DGS3,Percent,Daily,2018-07-05,2018-07-05T16:15:00-04:00,2018-07-06T05:15:00+09:00,2018-07-07,post-2016-10-11 official daily H.15 calendar at 16:15 ET,none
2018-07-04,,DGS3,Percent,Daily,2018-07-05,2018-07-05T16:15:00-04:00,2018-07-06T05:15:00+09:00,2018-07-07,post-2016-10-11 official daily H.15 calendar at 16:15 ET,none
2018-07-05,2.65,DGS3,Percent,Daily,2018-07-06,2018-07-06T16:15:00-04:00,2018-07-07T05:15:00+09:00,2018-07-08,post-2016-10-11 official daily H.15 calendar at 16:15 ET,none
2018-07-06,2.64,DGS3,Percent,Daily,2018-07-09,2018-07-09T16:15:00-04:00,2018-07-10T05:15:00+09:00,2018-07-11,post-2016-10-11 official daily H.15 calendar at 16:15 ET,none
2018-07-09,2.66,DGS3,Percent,Daily,2018-07-10,2018-07-10T16:15:00-04:00,2018-07-11T05:15:00+09:00,2018-07-12,post-2016-10-11 official daily H.15 calendar at 16:15 ET,none
2018-07-10,2.69,DGS3,Percent,Daily,2018-07-11,2018-07-11T16:15:00-04:00,2018-07-12T05:15:00+09:00,2018-07-13,post-2016-10-11 official daily H.15 calendar at 16:15 ET,none
2018-07-11,2.67,DGS3,Percent,Daily,2018-07-12,2018-07-12T16:15:00-04:00,2018-07-13T05:15:00+09:00,2018-07-14,post-2016-10-11 official daily H.15 calendar at 16:15 ET,none
2018-07-12,2.68,DGS3,Percent,Daily,2018-07-13,2018-07-13T16:15:00-04:00,2018-07-14T05:15:00+09:00,2018-07-15,post-2016-10-11 official daily H.15 calendar at 16:15 ET,none
2018-07-13,2.66,DGS3,Percent,Daily,2018-07-16,2018-07-16T16:15:00-04:00,2018-07-17T05:15:00+09:00,2018-07-18,post-2016-10-11 official daily H.15 calendar at 16:15 ET,none
2018-07-16,2.67,DGS3,Percent,Daily,2018-07-17,2018-07-17T16:15:00-04:00,2018-07-18T05:15:00+09:00,2018-07-19,post-2016-10-11 official daily H.15 calendar at 16:15 ET,none
2018-07-17,2.69,DGS3,Percent,Daily,2018-07-18,2018-07-18T16:15:00-04:00,2018-07-19T05:15:00+09:00,2018-07-20,post-2016-10-11 official daily H.15 calendar at 16:15 ET,none
2018-07-18,2.69,DGS3,Percent,Daily,2018-07-19,2018-07-19T16:15:00-04:00,2018-07-20T05:15:00+09:00,2018-07-21,post-2016-10-11 official daily H.15 calendar at 16:15 ET,none
2018-07-19,2.67,DGS3,Percent,Daily,2018-07-20,2018-07-20T16:15:00-04:00,2018-07-21T05:15:00+09:00,2018-07-22,post-2016-10-11 official daily H.15 calendar at 16:15 ET,none
2018-07-20,2.68,DGS3,Percent,Daily,2018-07-23,2018-07-23T16:15:00-04:00,2018-07-24T05:15:00+09:00,2018-07-25,post-2016-10-11 official daily H.15 calendar at 16:15 ET,none
2018-07-23,2.72,DGS3,Percent,Daily,2018-07-24,2018-07-24T16:15:00-04:00,2018-07-25T05:15:00+09:00,2018-07-26,post-2016-10-11 official daily H.15 calendar at 16:15 ET,none
2018-07-24,2.74,DGS3,Percent,Daily,2018-07-25,2018-07-25T16:15:00-04:00,2018-07-26T05:15:00+09:00,2018-07-27,post-2016-10-11 official daily H.15 calendar at 16:15 ET,none
2018-07-25,2.74,DGS3,Percent,Daily,2018-07-26,2018-07-26T16:15:00-04:00,2018-07-27T05:15:00+09:00,2018-07-28,post-2016-10-11 official daily H.15 calendar at 16:15 ET,none
2018-07-26,2.78,DGS3,Percent,Daily,2018-07-27,2018-07-27T16:15:00-04:00,2018-07-28T05:15:00+09:00,2018-07-29,post-2016-10-11 official daily H.15 calendar at 16:15 ET,none
2018-07-27,2.76,DGS3,Percent,Daily,2018-07-30,2018-07-30T16:15:00-04:00,2018-07-31T05:15:00+09:00,2018-08-01,post-2016-10-11 official daily H.15 calendar at 16:15 ET,none
2018-07-30,2.77,DGS3,Percent,Daily,2018-07-31,2018-07-31T16:15:00-04:00,2018-08-01T05:15:00+09:00,2018-08-02,post-2016-10-11 official daily H.15 calendar at 16:15 ET,none
2018-07-31,2.77,DGS3,Percent,Daily,2018-08-01,2018-08-01T16:15:00-04:00,2018-08-02T05:15:00+09:00,2018-08-03,post-2016-10-11 official daily H.15 calendar at 16:15 ET,none
2018-08-01,2.78,DGS3,Percent,Daily,2018-08-02,2018-08-02T16:15:00-04:00,2018-08-03T05:15:00+09:00,2018-08-04,post-2016-10-11 official daily H.15 calendar at 16:15 ET,none
2018-08-02,2.76,DGS3,Percent,Daily,2018-08-03,2018-08-03T16:15:00-04:00,2018-08-04T05:15:00+09:00,2018-08-05,post-2016-10-11 official daily H.15 calendar at 16:15 ET,none
2018-08-03,2.74,DGS3,Percent,Daily,2018-08-06,2018-08-06T16:15:00-04:00,2018-08-07T05:15:00+09:00,2018-08-08,post-2016-10-11 official daily H.15 calendar at 16:15 ET,none
2018-08-06,2.73,DGS3,Percent,Daily,2018-08-07,2018-08-07T16:15:00-04:00,2018-08-08T05:15:00+09:00,2018-08-09,post-2016-10-11 official daily H.15 calendar at 16:15 ET,none
2018-08-07,2.76,DGS3,Percent,Daily,2018-08-08,2018-08-08T16:15:00-04:00,2018-08-09T05:15:00+09:00,2018-08-10,post-2016-10-11 official daily H.15 calendar at 16:15 ET,none
2018-08-08,2.77,DGS3,Percent,Daily,2018-08-09,2018-08-09T16:15:00-04:00,2018-08-10T05:15:00+09:00,2018-08-11,post-2016-10-11 official daily H.15 calendar at 16:15 ET,none
2018-08-09,2.74,DGS3,Percent,Daily,2018-08-10,2018-08-10T16:15:00-04:00,2018-08-11T05:15:00+09:00,2018-08-12,post-2016-10-11 official daily H.15 calendar at 16:15 ET,none
2018-08-10,2.68,DGS3,Percent,Daily,2018-08-13,2018-08-13T16:15:00-04:00,2018-08-14T05:15:00+09:00,2018-08-15,post-2016-10-11 official daily H.15 calendar at 16:15 ET,none
2018-08-13,2.68,DGS3,Percent,Daily,2018-08-14,2018-08-14T16:15:00-04:00,2018-08-15T05:15:00+09:00,2018-08-16,post-2016-10-11 official daily H.15 calendar at 16:15 ET,none
2018-08-14,2.71,DGS3,Percent,Daily,2018-08-15,2018-08-15T16:15:00-04:00,2018-08-16T05:15:00+09:00,2018-08-17,post-2016-10-11 official daily H.15 calendar at 16:15 ET,none
2018-08-15,2.68,DGS3,Percent,Daily,2018-08-16,2018-08-16T16:15:00-04:00,2018-08-17T05:15:00+09:00,2018-08-18,post-2016-10-11 official daily H.15 calendar at 16:15 ET,none
2018-08-16,2.7,DGS3,Percent,Daily,2018-08-17,2018-08-17T16:15:00-04:00,2018-08-18T05:15:00+09:00,2018-08-19,post-2016-10-11 official daily H.15 calendar at 16:15 ET,none
2018-08-17,2.68,DGS3,Percent,Daily,2018-08-20,2018-08-20T16:15:00-04:00,2018-08-21T05:15:00+09:00,2018-08-22,post-2016-10-11 official daily H.15 calendar at 16:15 ET,none
2018-08-20,2.65,DGS3,Percent,Daily,2018-08-21,2018-08-21T16:15:00-04:00,2018-08-22T05:15:00+09:00,2018-08-23,post-2016-10-11 official daily H.15 calendar at 16:15 ET,none
2018-08-21,2.67,DGS3,Percent,Daily,2018-08-22,2018-08-22T16:15:00-04:00,2018-08-23T05:15:00+09:00,2018-08-24,post-2016-10-11 official daily H.15 calendar at 16:15 ET,none
2018-08-22,2.65,DGS3,Percent,Daily,2018-08-23,2018-08-23T16:15:00-04:00,2018-08-24T05:15:00+09:00,2018-08-25,post-2016-10-11 official daily H.15 calendar at 16:15 ET,none
2018-08-23,2.66,DGS3,Percent,Daily,2018-08-24,2018-08-24T16:15:00-04:00,2018-08-25T05:15:00+09:00,2018-08-26,post-2016-10-11 official daily H.15 calendar at 16:15 ET,none
2018-08-24,2.68,DGS3,Percent,Daily,2018-08-27,2018-08-27T16:15:00-04:00,2018-08-28T05:15:00+09:00,2018-08-29,post-2016-10-11 official daily H.15 calendar at 16:15 ET,none
2018-08-27,2.7,DGS3,Percent,Daily,2018-08-28,2018-08-28T16:15:00-04:00,2018-08-29T05:15:00+09:00,2018-08-30,post-2016-10-11 official daily H.15 calendar at 16:15 ET,none
2018-08-28,2.73,DGS3,Percent,Daily,2018-08-29,2018-08-29T16:15:00-04:00,2018-08-30T05:15:00+09:00,2018-08-31,post-2016-10-11 official daily H.15 calendar at 16:15 ET,none
2018-08-29,2.75,DGS3,Percent,Daily,2018-08-30,2018-08-30T16:15:00-04:00,2018-08-31T05:15:00+09:00,2018-09-01,post-2016-10-11 official daily H.15 calendar at 16:15 ET,none
2018-08-30,2.72,DGS3,Percent,Daily,2018-08-31,2018-08-31T16:15:00-04:00,2018-09-01T05:15:00+09:00,2018-09-02,post-2016-10-11 official daily H.15 calendar at 16:15 ET,none
2018-08-31,2.7,DGS3,Percent,Daily,2018-09-04,2018-09-04T16:15:00-04:00,2018-09-05T05:15:00+09:00,2018-09-06,post-2016-10-11 official daily H.15 calendar at 16:15 ET,none
2018-09-03,,DGS3,Percent,Daily,2018-09-04,2018-09-04T16:15:00-04:00,2018-09-05T05:15:00+09:00,2018-09-06,post-2016-10-11 official daily H.15 calendar at 16:15 ET,none
2018-09-04,2.73,DGS3,Percent,Daily,2018-09-05,2018-09-05T16:15:00-04:00,2018-09-06T05:15:00+09:00,2018-09-07,post-2016-10-11 official daily H.15 calendar at 16:15 ET,none
2018-09-05,2.72,DGS3,Percent,Daily,2018-09-06,2018-09-06T16:15:00-04:00,2018-09-07T05:15:00+09:00,2018-09-08,post-2016-10-11 official daily H.15 calendar at 16:15 ET,none
2018-09-06,2.71,DGS3,Percent,Daily,2018-09-07,2018-09-07T16:15:00-04:00,2018-09-08T05:15:00+09:00,2018-09-09,post-2016-10-11 official daily H.15 calendar at 16:15 ET,none
2018-09-07,2.78,DGS3,Percent,Daily,2018-09-10,2018-09-10T16:15:00-04:00,2018-09-11T05:15:00+09:00,2018-09-12,post-2016-10-11 official daily H.15 calendar at 16:15 ET,none
2018-09-10,2.78,DGS3,Percent,Daily,2018-09-11,2018-09-11T16:15:00-04:00,2018-09-12T05:15:00+09:00,2018-09-13,post-2016-10-11 official daily H.15 calendar at 16:15 ET,none
2018-09-11,2.83,DGS3,Percent,Daily,2018-09-12,2018-09-12T16:15:00-04:00,2018-09-13T05:15:00+09:00,2018-09-14,post-2016-10-11 official daily H.15 calendar at 16:15 ET,none
2018-09-12,2.82,DGS3,Percent,Daily,2018-09-13,2018-09-13T16:15:00-04:00,2018-09-14T05:15:00+09:00,2018-09-15,post-2016-10-11 official daily H.15 calendar at 16:15 ET,none
2018-09-13,2.83,DGS3,Percent,Daily,2018-09-14,2018-09-14T16:15:00-04:00,2018-09-15T05:15:00+09:00,2018-09-16,post-2016-10-11 official daily H.15 calendar at 16:15 ET,none
2018-09-14,2.85,DGS3,Percent,Daily,2018-09-17,2018-09-17T16:15:00-04:00,2018-09-18T05:15:00+09:00,2018-09-19,post-2016-10-11 official daily H.15 calendar at 16:15 ET,none
2018-09-17,2.85,DGS3,Percent,Daily,2018-09-18,2018-09-18T16:15:00-04:00,2018-09-19T05:15:00+09:00,2018-09-20,post-2016-10-11 official daily H.15 calendar at 16:15 ET,none
2018-09-18,2.88,DGS3,Percent,Daily,2018-09-19,2018-09-19T16:15:00-04:00,2018-09-20T05:15:00+09:00,2018-09-21,post-2016-10-11 official daily H.15 calendar at 16:15 ET,none
2018-09-19,2.89,DGS3,Percent,Daily,2018-09-20,2018-09-20T16:15:00-04:00,2018-09-21T05:15:00+09:00,2018-09-22,post-2016-10-11 official daily H.15 calendar at 16:15 ET,none
2018-09-20,2.89,DGS3,Percent,Daily,2018-09-21,2018-09-21T16:15:00-04:00,2018-09-22T05:15:00+09:00,2018-09-23,post-2016-10-11 official daily H.15 calendar at 16:15 ET,none
2018-09-21,2.89,DGS3,Percent,Daily,2018-09-24,2018-09-24T16:15:00-04:00,2018-09-25T05:15:00+09:00,2018-09-26,post-2016-10-11 official daily H.15 calendar at 16:15 ET,none
2018-09-24,2.89,DGS3,Percent,Daily,2018-09-25,2018-09-25T16:15:00-04:00,2018-09-26T05:15:00+09:00,2018-09-27,post-2016-10-11 official daily H.15 calendar at 16:15 ET,none
2018-09-25,2.91,DGS3,Percent,Daily,2018-09-26,2018-09-26T16:15:00-04:00,2018-09-27T05:15:00+09:00,2018-09-28,post-2016-10-11 official daily H.15 calendar at 16:15 ET,none
2018-09-26,2.89,DGS3,Percent,Daily,2018-09-27,2018-09-27T16:15:00-04:00,2018-09-28T05:15:00+09:00,2018-09-29,post-2016-10-11 official daily H.15 calendar at 16:15 ET,none
2018-09-27,2.89,DGS3,Percent,Daily,2018-09-28,2018-09-28T16:15:00-04:00,2018-09-29T05:15:00+09:00,2018-09-30,post-2016-10-11 official daily H.15 calendar at 16:15 ET,none
2018-09-28,2.88,DGS3,Percent,Daily,2018-10-01,2018-10-01T16:15:00-04:00,2018-10-02T05:15:00+09:00,2018-10-03,post-2016-10-11 official daily H.15 calendar at 16:15 ET,none
2018-10-01,2.9,DGS3,Percent,Daily,2018-10-02,2018-10-02T16:15:00-04:00,2018-10-03T05:15:00+09:00,2018-10-04,post-2016-10-11 official daily H.15 calendar at 16:15 ET,none
2018-10-02,2.88,DGS3,Percent,Daily,2018-10-03,2018-10-03T16:15:00-04:00,2018-10-04T05:15:00+09:00,2018-10-05,post-2016-10-11 official daily H.15 calendar at 16:15 ET,none
2018-10-03,2.94,DGS3,Percent,Daily,2018-10-04,2018-10-04T16:15:00-04:00,2018-10-05T05:15:00+09:00,2018-10-06,post-2016-10-11 official daily H.15 calendar at 16:15 ET,none
2018-10-04,2.97,DGS3,Percent,Daily,2018-10-05,2018-10-05T16:15:00-04:00,2018-10-06T05:15:00+09:00,2018-10-07,post-2016-10-11 official daily H.15 calendar at 16:15 ET,none
2018-10-05,2.99,DGS3,Percent,Daily,2018-10-09,2018-10-09T16:15:00-04:00,2018-10-10T05:15:00+09:00,2018-10-11,post-2016-10-11 official daily H.15 calendar at 16:15 ET,none
2018-10-08,,DGS3,Percent,Daily,2018-10-09,2018-10-09T16:15:00-04:00,2018-10-10T05:15:00+09:00,2018-10-11,post-2016-10-11 official daily H.15 calendar at 16:15 ET,none
2018-10-09,2.98,DGS3,Percent,Daily,2018-10-10,2018-10-10T16:15:00-04:00,2018-10-11T05:15:00+09:00,2018-10-12,post-2016-10-11 official daily H.15 calendar at 16:15 ET,none
2018-10-10,2.97,DGS3,Percent,Daily,2018-10-11,2018-10-11T16:15:00-04:00,2018-10-12T05:15:00+09:00,2018-10-13,post-2016-10-11 official daily H.15 calendar at 16:15 ET,none
2018-10-11,2.94,DGS3,Percent,Daily,2018-10-12,2018-10-12T16:15:00-04:00,2018-10-13T05:15:00+09:00,2018-10-14,post-2016-10-11 official daily H.15 calendar at 16:15 ET,none
2018-10-12,2.93,DGS3,Percent,Daily,2018-10-15,2018-10-15T16:15:00-04:00,2018-10-16T05:15:00+09:00,2018-10-17,post-2016-10-11 official daily H.15 calendar at 16:15 ET,none
2018-10-15,2.94,DGS3,Percent,Daily,2018-10-16,2018-10-16T16:15:00-04:00,2018-10-17T05:15:00+09:00,2018-10-18,post-2016-10-11 official daily H.15 calendar at 16:15 ET,none
2018-10-16,2.95,DGS3,Percent,Daily,2018-10-17,2018-10-17T16:15:00-04:00,2018-10-18T05:15:00+09:00,2018-10-19,post-2016-10-11 official daily H.15 calendar at 16:15 ET,none
2018-10-17,2.97,DGS3,Percent,Daily,2018-10-18,2018-10-18T16:15:00-04:00,2018-10-19T05:15:00+09:00,2018-10-20,post-2016-10-11 official daily H.15 calendar at 16:15 ET,none
2018-10-18,2.95,DGS3,Percent,Daily,2018-10-19,2018-10-19T16:15:00-04:00,2018-10-20T05:15:00+09:00,2018-10-21,post-2016-10-11 official daily H.15 calendar at 16:15 ET,none
2018-10-19,2.99,DGS3,Percent,Daily,2018-10-22,2018-10-22T16:15:00-04:00,2018-10-23T05:15:00+09:00,2018-10-24,post-2016-10-11 official daily H.15 calendar at 16:15 ET,none
2018-10-22,2.99,DGS3,Percent,Daily,2018-10-23,2018-10-23T16:15:00-04:00,2018-10-24T05:15:00+09:00,2018-10-25,post-2016-10-11 official daily H.15 calendar at 16:15 ET,none
2018-10-23,2.95,DGS3,Percent,Daily,2018-10-24,2018-10-24T16:15:00-04:00,2018-10-25T05:15:00+09:00,2018-10-26,post-2016-10-11 official daily H.15 calendar at 16:15 ET,none
2018-10-24,2.89,DGS3,Percent,Daily,2018-10-25,2018-10-25T16:15:00-04:00,2018-10-26T05:15:00+09:00,2018-10-27,post-2016-10-11 official daily H.15 calendar at 16:15 ET,none
2018-10-25,2.92,DGS3,Percent,Daily,2018-10-26,2018-10-26T16:15:00-04:00,2018-10-27T05:15:00+09:00,2018-10-28,post-2016-10-11 official daily H.15 calendar at 16:15 ET,none
2018-10-26,2.85,DGS3,Percent,Daily,2018-10-29,2018-10-29T16:15:00-04:00,2018-10-30T05:15:00+09:00,2018-10-31,post-2016-10-11 official daily H.15 calendar at 16:15 ET,none
2018-10-29,2.86,DGS3,Percent,Daily,2018-10-30,2018-10-30T16:15:00-04:00,2018-10-31T05:15:00+09:00,2018-11-01,post-2016-10-11 official daily H.15 calendar at 16:15 ET,none
2018-10-30,2.9,DGS3,Percent,Daily,2018-10-31,2018-10-31T16:15:00-04:00,2018-11-01T05:15:00+09:00,2018-11-02,post-2016-10-11 official daily H.15 calendar at 16:15 ET,none
2018-10-31,2.93,DGS3,Percent,Daily,2018-11-01,2018-11-01T16:15:00-04:00,2018-11-02T05:15:00+09:00,2018-11-03,post-2016-10-11 official daily H.15 calendar at 16:15 ET,none
2018-11-01,2.91,DGS3,Percent,Daily,2018-11-02,2018-11-02T16:15:00-04:00,2018-11-03T05:15:00+09:00,2018-11-04,post-2016-10-11 official daily H.15 calendar at 16:15 ET,none
2018-11-02,2.98,DGS3,Percent,Daily,2018-11-05,2018-11-05T16:15:00-05:00,2018-11-06T06:15:00+09:00,2018-11-07,post-2016-10-11 official daily H.15 calendar at 16:15 ET,none
2018-11-05,2.99,DGS3,Percent,Daily,2018-11-06,2018-11-06T16:15:00-05:00,2018-11-07T06:15:00+09:00,2018-11-08,post-2016-10-11 official daily H.15 calendar at 16:15 ET,none
2018-11-06,3.01,DGS3,Percent,Daily,2018-11-07,2018-11-07T16:15:00-05:00,2018-11-08T06:15:00+09:00,2018-11-09,post-2016-10-11 official daily H.15 calendar at 16:15 ET,none
2018-11-07,3.03,DGS3,Percent,Daily,2018-11-08,2018-11-08T16:15:00-05:00,2018-11-09T06:15:00+09:00,2018-11-10,post-2016-10-11 official daily H.15 calendar at 16:15 ET,none
2018-11-08,3.05,DGS3,Percent,Daily,2018-11-09,2018-11-09T16:15:00-05:00,2018-11-10T06:15:00+09:00,2018-11-11,post-2016-10-11 official daily H.15 calendar at 16:15 ET,none
2018-11-09,3.01,DGS3,Percent,Daily,2018-11-13,2018-11-13T16:15:00-05:00,2018-11-14T06:15:00+09:00,2018-11-15,post-2016-10-11 official daily H.15 calendar at 16:15 ET,none
2018-11-12,,DGS3,Percent,Daily,2018-11-13,2018-11-13T16:15:00-05:00,2018-11-14T06:15:00+09:00,2018-11-15,post-2016-10-11 official daily H.15 calendar at 16:15 ET,none
2018-11-13,2.95,DGS3,Percent,Daily,2018-11-14,2018-11-14T16:15:00-05:00,2018-11-15T06:15:00+09:00,2018-11-16,post-2016-10-11 official daily H.15 calendar at 16:15 ET,none
2018-11-14,2.92,DGS3,Percent,Daily,2018-11-15,2018-11-15T16:15:00-05:00,2018-11-16T06:15:00+09:00,2018-11-17,post-2016-10-11 official daily H.15 calendar at 16:15 ET,none
2018-11-15,2.91,DGS3,Percent,Daily,2018-11-16,2018-11-16T16:15:00-05:00,2018-11-17T06:15:00+09:00,2018-11-18,post-2016-10-11 official daily H.15 calendar at 16:15 ET,none
2018-11-16,2.85,DGS3,Percent,Daily,2018-11-19,2018-11-19T16:15:00-05:00,2018-11-20T06:15:00+09:00,2018-11-21,post-2016-10-11 official daily H.15 calendar at 16:15 ET,none
2018-11-19,2.82,DGS3,Percent,Daily,2018-11-20,2018-11-20T16:15:00-05:00,2018-11-21T06:15:00+09:00,2018-11-22,post-2016-10-11 official daily H.15 calendar at 16:15 ET,none
2018-11-20,2.83,DGS3,Percent,Daily,2018-11-21,2018-11-21T16:15:00-05:00,2018-11-22T06:15:00+09:00,2018-11-23,post-2016-10-11 official daily H.15 calendar at 16:15 ET,none
2018-11-21,2.84,DGS3,Percent,Daily,2018-11-23,2018-11-23T16:15:00-05:00,2018-11-24T06:15:00+09:00,2018-11-25,post-2016-10-11 official daily H.15 calendar at 16:15 ET,none
2018-11-22,,DGS3,Percent,Daily,2018-11-23,2018-11-23T16:15:00-05:00,2018-11-24T06:15:00+09:00,2018-11-25,post-2016-10-11 official daily H.15 calendar at 16:15 ET,none
2018-11-23,2.83,DGS3,Percent,Daily,2018-11-26,2018-11-26T16:15:00-05:00,2018-11-27T06:15:00+09:00,2018-11-28,post-2016-10-11 official daily H.15 calendar at 16:15 ET,none
2018-11-26,2.86,DGS3,Percent,Daily,2018-11-27,2018-11-27T16:15:00-05:00,2018-11-28T06:15:00+09:00,2018-11-29,post-2016-10-11 official daily H.15 calendar at 16:15 ET,none
2018-11-27,2.86,DGS3,Percent,Daily,2018-11-28,2018-11-28T16:15:00-05:00,2018-11-29T06:15:00+09:00,2018-11-30,post-2016-10-11 official daily H.15 calendar at 16:15 ET,none
2018-11-28,2.84,DGS3,Percent,Daily,2018-11-29,2018-11-29T16:15:00-05:00,2018-11-30T06:15:00+09:00,2018-12-01,post-2016-10-11 official daily H.15 calendar at 16:15 ET,none
2018-11-29,2.83,DGS3,Percent,Daily,2018-11-30,2018-11-30T16:15:00-05:00,2018-12-01T06:15:00+09:00,2018-12-02,post-2016-10-11 official daily H.15 calendar at 16:15 ET,none
2018-11-30,2.83,DGS3,Percent,Daily,2018-12-03,2018-12-03T16:15:00-05:00,2018-12-04T06:15:00+09:00,2018-12-05,post-2016-10-11 official daily H.15 calendar at 16:15 ET,none
2018-12-03,2.84,DGS3,Percent,Daily,2018-12-04,2018-12-04T16:15:00-05:00,2018-12-05T06:15:00+09:00,2018-12-06,post-2016-10-11 official daily H.15 calendar at 16:15 ET,none
2018-12-04,2.81,DGS3,Percent,Daily,2018-12-05,2018-12-05T16:15:00-05:00,2018-12-06T06:15:00+09:00,2018-12-07,post-2016-10-11 official daily H.15 calendar at 16:15 ET,none
2018-12-05,,DGS3,Percent,Daily,2018-12-06,2018-12-06T16:15:00-05:00,2018-12-07T06:15:00+09:00,2018-12-08,post-2016-10-11 official daily H.15 calendar at 16:15 ET,none
2018-12-06,2.76,DGS3,Percent,Daily,2018-12-07,2018-12-07T16:15:00-05:00,2018-12-08T06:15:00+09:00,2018-12-09,post-2016-10-11 official daily H.15 calendar at 16:15 ET,none
2018-12-07,2.72,DGS3,Percent,Daily,2018-12-10,2018-12-10T16:15:00-05:00,2018-12-11T06:15:00+09:00,2018-12-12,post-2016-10-11 official daily H.15 calendar at 16:15 ET,none
2018-12-10,2.73,DGS3,Percent,Daily,2018-12-11,2018-12-11T16:15:00-05:00,2018-12-12T06:15:00+09:00,2018-12-13,post-2016-10-11 official daily H.15 calendar at 16:15 ET,none
2018-12-11,2.78,DGS3,Percent,Daily,2018-12-12,2018-12-12T16:15:00-05:00,2018-12-13T06:15:00+09:00,2018-12-14,post-2016-10-11 official daily H.15 calendar at 16:15 ET,none
2018-12-12,2.78,DGS3,Percent,Daily,2018-12-13,2018-12-13T16:15:00-05:00,2018-12-14T06:15:00+09:00,2018-12-15,post-2016-10-11 official daily H.15 calendar at 16:15 ET,none
2018-12-13,2.76,DGS3,Percent,Daily,2018-12-14,2018-12-14T16:15:00-05:00,2018-12-15T06:15:00+09:00,2018-12-16,post-2016-10-11 official daily H.15 calendar at 16:15 ET,none
2018-12-14,2.72,DGS3,Percent,Daily,2018-12-17,2018-12-17T16:15:00-05:00,2018-12-18T06:15:00+09:00,2018-12-19,post-2016-10-11 official daily H.15 calendar at 16:15 ET,none
2018-12-17,2.68,DGS3,Percent,Daily,2018-12-18,2018-12-18T16:15:00-05:00,2018-12-19T06:15:00+09:00,2018-12-20,post-2016-10-11 official daily H.15 calendar at 16:15 ET,none
2018-12-18,2.64,DGS3,Percent,Daily,2018-12-19,2018-12-19T16:15:00-05:00,2018-12-20T06:15:00+09:00,2018-12-21,post-2016-10-11 official daily H.15 calendar at 16:15 ET,none
2018-12-19,2.61,DGS3,Percent,Daily,2018-12-20,2018-12-20T16:15:00-05:00,2018-12-21T06:15:00+09:00,2018-12-22,post-2016-10-11 official daily H.15 calendar at 16:15 ET,none
2018-12-20,2.65,DGS3,Percent,Daily,2018-12-21,2018-12-21T16:15:00-05:00,2018-12-22T06:15:00+09:00,2018-12-23,post-2016-10-11 official daily H.15 calendar at 16:15 ET,none
2018-12-21,2.61,DGS3,Percent,Daily,2018-12-26,2018-12-26T16:15:00-05:00,2018-12-27T06:15:00+09:00,2018-12-28,post-2016-10-11 official daily H.15 calendar at 16:15 ET,none
2018-12-24,2.56,DGS3,Percent,Daily,2018-12-26,2018-12-26T16:15:00-05:00,2018-12-27T06:15:00+09:00,2018-12-28,post-2016-10-11 official daily H.15 calendar at 16:15 ET,none
2018-12-25,,DGS3,Percent,Daily,2018-12-26,2018-12-26T16:15:00-05:00,2018-12-27T06:15:00+09:00,2018-12-28,post-2016-10-11 official daily H.15 calendar at 16:15 ET,none
2018-12-26,2.6,DGS3,Percent,Daily,2018-12-27,2018-12-27T16:15:00-05:00,2018-12-28T06:15:00+09:00,2018-12-29,post-2016-10-11 official daily H.15 calendar at 16:15 ET,none
2018-12-27,2.55,DGS3,Percent,Daily,2018-12-28,2018-12-28T16:15:00-05:00,2018-12-29T06:15:00+09:00,2018-12-30,post-2016-10-11 official daily H.15 calendar at 16:15 ET,none
2018-12-28,2.5,DGS3,Percent,Daily,2018-12-31,2018-12-31T16:15:00-05:00,2019-01-01T06:15:00+09:00,2019-01-02,post-2016-10-11 official daily H.15 calendar at 16:15 ET,none
2018-12-31,2.46,DGS3,Percent,Daily,2019-01-02,2019-01-02T16:15:00-05:00,2019-01-03T06:15:00+09:00,2019-01-04,post-2016-10-11 official daily H.15 calendar at 16:15 ET,none
2019-01-01,,DGS3,Percent,Daily,2019-01-02,2019-01-02T16:15:00-05:00,2019-01-03T06:15:00+09:00,2019-01-04,post-2016-10-11 official daily H.15 calendar at 16:15 ET,none
2019-01-02,2.47,DGS3,Percent,Daily,2019-01-03,2019-01-03T16:15:00-05:00,2019-01-04T06:15:00+09:00,2019-01-05,post-2016-10-11 official daily H.15 calendar at 16:15 ET,none
2019-01-03,2.35,DGS3,Percent,Daily,2019-01-04,2019-01-04T16:15:00-05:00,2019-01-05T06:15:00+09:00,2019-01-06,post-2016-10-11 official daily H.15 calendar at 16:15 ET,none
2019-01-04,2.47,DGS3,Percent,Daily,2019-01-07,2019-01-07T16:15:00-05:00,2019-01-08T06:15:00+09:00,2019-01-09,post-2016-10-11 official daily H.15 calendar at 16:15 ET,none
2019-01-07,2.51,DGS3,Percent,Daily,2019-01-08,2019-01-08T16:15:00-05:00,2019-01-09T06:15:00+09:00,2019-01-10,post-2016-10-11 official daily H.15 calendar at 16:15 ET,none
2019-01-08,2.57,DGS3,Percent,Daily,2019-01-09,2019-01-09T16:15:00-05:00,2019-01-10T06:15:00+09:00,2019-01-11,post-2016-10-11 official daily H.15 calendar at 16:15 ET,none
2019-01-09,2.54,DGS3,Percent,Daily,2019-01-10,2019-01-10T16:15:00-05:00,2019-01-11T06:15:00+09:00,2019-01-12,post-2016-10-11 official daily H.15 calendar at 16:15 ET,none
2019-01-10,2.54,DGS3,Percent,Daily,2019-01-11,2019-01-11T16:15:00-05:00,2019-01-12T06:15:00+09:00,2019-01-13,post-2016-10-11 official daily H.15 calendar at 16:15 ET,none
2019-01-11,2.51,DGS3,Percent,Daily,2019-01-14,2019-01-14T16:15:00-05:00,2019-01-15T06:15:00+09:00,2019-01-16,post-2016-10-11 official daily H.15 calendar at 16:15 ET,none
2019-01-14,2.51,DGS3,Percent,Daily,2019-01-15,2019-01-15T16:15:00-05:00,2019-01-16T06:15:00+09:00,2019-01-17,post-2016-10-11 official daily H.15 calendar at 16:15 ET,none
2019-01-15,2.51,DGS3,Percent,Daily,2019-01-16,2019-01-16T16:15:00-05:00,2019-01-17T06:15:00+09:00,2019-01-18,post-2016-10-11 official daily H.15 calendar at 16:15 ET,none
2019-01-16,2.53,DGS3,Percent,Daily,2019-01-17,2019-01-17T16:15:00-05:00,2019-01-18T06:15:00+09:00,2019-01-19,post-2016-10-11 official daily H.15 calendar at 16:15 ET,none
2019-01-17,2.55,DGS3,Percent,Daily,2019-01-18,2019-01-18T16:15:00-05:00,2019-01-19T06:15:00+09:00,2019-01-20,post-2016-10-11 official daily H.15 calendar at 16:15 ET,none
2019-01-18,2.6,DGS3,Percent,Daily,2019-01-22,2019-01-22T16:15:00-05:00,2019-01-23T06:15:00+09:00,2019-01-24,post-2016-10-11 official daily H.15 calendar at 16:15 ET,none
2019-01-21,,DGS3,Percent,Daily,2019-01-22,2019-01-22T16:15:00-05:00,2019-01-23T06:15:00+09:00,2019-01-24,post-2016-10-11 official daily H.15 calendar at 16:15 ET,none
2019-01-22,2.55,DGS3,Percent,Daily,2019-01-23,2019-01-23T16:15:00-05:00,2019-01-24T06:15:00+09:00,2019-01-25,post-2016-10-11 official daily H.15 calendar at 16:15 ET,none
2019-01-23,2.57,DGS3,Percent,Daily,2019-01-24,2019-01-24T16:15:00-05:00,2019-01-25T06:15:00+09:00,2019-01-26,post-2016-10-11 official daily H.15 calendar at 16:15 ET,none
2019-01-24,2.54,DGS3,Percent,Daily,2019-01-25,2019-01-25T16:15:00-05:00,2019-01-26T06:15:00+09:00,2019-01-27,post-2016-10-11 official daily H.15 calendar at 16:15 ET,none
2019-01-25,2.58,DGS3,Percent,Daily,2019-01-28,2019-01-28T16:15:00-05:00,2019-01-29T06:15:00+09:00,2019-01-30,post-2016-10-11 official daily H.15 calendar at 16:15 ET,none
2019-01-28,2.58,DGS3,Percent,Daily,2019-01-29,2019-01-29T16:15:00-05:00,2019-01-30T06:15:00+09:00,2019-01-31,post-2016-10-11 official daily H.15 calendar at 16:15 ET,none
2019-01-29,2.54,DGS3,Percent,Daily,2019-01-30,2019-01-30T16:15:00-05:00,2019-01-31T06:15:00+09:00,2019-02-01,post-2016-10-11 official daily H.15 calendar at 16:15 ET,none
2019-01-30,2.49,DGS3,Percent,Daily,2019-01-31,2019-01-31T16:15:00-05:00,2019-02-01T06:15:00+09:00,2019-02-02,post-2016-10-11 official daily H.15 calendar at 16:15 ET,none
2019-01-31,2.43,DGS3,Percent,Daily,2019-02-01,2019-02-01T16:15:00-05:00,2019-02-02T06:15:00+09:00,2019-02-03,post-2016-10-11 official daily H.15 calendar at 16:15 ET,none
2019-02-01,2.5,DGS3,Percent,Daily,2019-02-04,2019-02-04T16:15:00-05:00,2019-02-05T06:15:00+09:00,2019-02-06,post-2016-10-11 official daily H.15 calendar at 16:15 ET,none
2019-02-04,2.52,DGS3,Percent,Daily,2019-02-05,2019-02-05T16:15:00-05:00,2019-02-06T06:15:00+09:00,2019-02-07,post-2016-10-11 official daily H.15 calendar at 16:15 ET,none
2019-02-05,2.5,DGS3,Percent,Daily,2019-02-06,2019-02-06T16:15:00-05:00,2019-02-07T06:15:00+09:00,2019-02-08,post-2016-10-11 official daily H.15 calendar at 16:15 ET,none
2019-02-06,2.5,DGS3,Percent,Daily,2019-02-07,2019-02-07T16:15:00-05:00,2019-02-08T06:15:00+09:00,2019-02-09,post-2016-10-11 official daily H.15 calendar at 16:15 ET,none
2019-02-07,2.46,DGS3,Percent,Daily,2019-02-08,2019-02-08T16:15:00-05:00,2019-02-09T06:15:00+09:00,2019-02-10,post-2016-10-11 official daily H.15 calendar at 16:15 ET,none
2019-02-08,2.43,DGS3,Percent,Daily,2019-02-11,2019-02-11T16:15:00-05:00,2019-02-12T06:15:00+09:00,2019-02-13,post-2016-10-11 official daily H.15 calendar at 16:15 ET,none
2019-02-11,2.47,DGS3,Percent,Daily,2019-02-12,2019-02-12T16:15:00-05:00,2019-02-13T06:15:00+09:00,2019-02-14,post-2016-10-11 official daily H.15 calendar at 16:15 ET,none
2019-02-12,2.48,DGS3,Percent,Daily,2019-02-13,2019-02-13T16:15:00-05:00,2019-02-14T06:15:00+09:00,2019-02-15,post-2016-10-11 official daily H.15 calendar at 16:15 ET,none
2019-02-13,2.52,DGS3,Percent,Daily,2019-02-14,2019-02-14T16:15:00-05:00,2019-02-15T06:15:00+09:00,2019-02-16,post-2016-10-11 official daily H.15 calendar at 16:15 ET,none
2019-02-14,2.48,DGS3,Percent,Daily,2019-02-15,2019-02-15T16:15:00-05:00,2019-02-16T06:15:00+09:00,2019-02-17,post-2016-10-11 official daily H.15 calendar at 16:15 ET,none
2019-02-15,2.5,DGS3,Percent,Daily,2019-02-19,2019-02-19T16:15:00-05:00,2019-02-20T06:15:00+09:00,2019-02-21,post-2016-10-11 official daily H.15 calendar at 16:15 ET,none
2019-02-18,,DGS3,Percent,Daily,2019-02-19,2019-02-19T16:15:00-05:00,2019-02-20T06:15:00+09:00,2019-02-21,post-2016-10-11 official daily H.15 calendar at 16:15 ET,none
2019-02-19,2.47,DGS3,Percent,Daily,2019-02-20,2019-02-20T16:15:00-05:00,2019-02-21T06:15:00+09:00,2019-02-22,post-2016-10-11 official daily H.15 calendar at 16:15 ET,none
2019-02-20,2.47,DGS3,Percent,Daily,2019-02-21,2019-02-21T16:15:00-05:00,2019-02-22T06:15:00+09:00,2019-02-23,post-2016-10-11 official daily H.15 calendar at 16:15 ET,none
2019-02-21,2.49,DGS3,Percent,Daily,2019-02-22,2019-02-22T16:15:00-05:00,2019-02-23T06:15:00+09:00,2019-02-24,post-2016-10-11 official daily H.15 calendar at 16:15 ET,none
2019-02-22,2.46,DGS3,Percent,Daily,2019-02-25,2019-02-25T16:15:00-05:00,2019-02-26T06:15:00+09:00,2019-02-27,post-2016-10-11 official daily H.15 calendar at 16:15 ET,none
2019-02-25,2.48,DGS3,Percent,Daily,2019-02-26,2019-02-26T16:15:00-05:00,2019-02-27T06:15:00+09:00,2019-02-28,post-2016-10-11 official daily H.15 calendar at 16:15 ET,none
2019-02-26,2.44,DGS3,Percent,Daily,2019-02-27,2019-02-27T16:15:00-05:00,2019-02-28T06:15:00+09:00,2019-03-01,post-2016-10-11 official daily H.15 calendar at 16:15 ET,none
2019-02-27,2.48,DGS3,Percent,Daily,2019-02-28,2019-02-28T16:15:00-05:00,2019-03-01T06:15:00+09:00,2019-03-02,post-2016-10-11 official daily H.15 calendar at 16:15 ET,none
2019-02-28,2.5,DGS3,Percent,Daily,2019-03-01,2019-03-01T16:15:00-05:00,2019-03-02T06:15:00+09:00,2019-03-03,post-2016-10-11 official daily H.15 calendar at 16:15 ET,none
2019-03-01,2.54,DGS3,Percent,Daily,2019-03-04,2019-03-04T16:15:00-05:00,2019-03-05T06:15:00+09:00,2019-03-06,post-2016-10-11 official daily H.15 calendar at 16:15 ET,none
2019-03-04,2.52,DGS3,Percent,Daily,2019-03-05,2019-03-05T16:15:00-05:00,2019-03-06T06:15:00+09:00,2019-03-07,post-2016-10-11 official daily H.15 calendar at 16:15 ET,none
2019-03-05,2.52,DGS3,Percent,Daily,2019-03-06,2019-03-06T16:15:00-05:00,2019-03-07T06:15:00+09:00,2019-03-08,post-2016-10-11 official daily H.15 calendar at 16:15 ET,none
2019-03-06,2.49,DGS3,Percent,Daily,2019-03-07,2019-03-07T16:15:00-05:00,2019-03-08T06:15:00+09:00,2019-03-09,post-2016-10-11 official daily H.15 calendar at 16:15 ET,none
2019-03-07,2.44,DGS3,Percent,Daily,2019-03-08,2019-03-08T16:15:00-05:00,2019-03-09T06:15:00+09:00,2019-03-10,post-2016-10-11 official daily H.15 calendar at 16:15 ET,none
2019-03-08,2.43,DGS3,Percent,Daily,2019-03-11,2019-03-11T16:15:00-04:00,2019-03-12T05:15:00+09:00,2019-03-13,post-2016-10-11 official daily H.15 calendar at 16:15 ET,none
2019-03-11,2.45,DGS3,Percent,Daily,2019-03-12,2019-03-12T16:15:00-04:00,2019-03-13T05:15:00+09:00,2019-03-14,post-2016-10-11 official daily H.15 calendar at 16:15 ET,none
2019-03-12,2.41,DGS3,Percent,Daily,2019-03-13,2019-03-13T16:15:00-04:00,2019-03-14T05:15:00+09:00,2019-03-15,post-2016-10-11 official daily H.15 calendar at 16:15 ET,none
2019-03-13,2.41,DGS3,Percent,Daily,2019-03-14,2019-03-14T16:15:00-04:00,2019-03-15T05:15:00+09:00,2019-03-16,post-2016-10-11 official daily H.15 calendar at 16:15 ET,none
2019-03-14,2.42,DGS3,Percent,Daily,2019-03-15,2019-03-15T16:15:00-04:00,2019-03-16T05:15:00+09:00,2019-03-17,post-2016-10-11 official daily H.15 calendar at 16:15 ET,none
2019-03-15,2.39,DGS3,Percent,Daily,2019-03-18,2019-03-18T16:15:00-04:00,2019-03-19T05:15:00+09:00,2019-03-20,post-2016-10-11 official daily H.15 calendar at 16:15 ET,none
2019-03-18,2.41,DGS3,Percent,Daily,2019-03-19,2019-03-19T16:15:00-04:00,2019-03-20T05:15:00+09:00,2019-03-21,post-2016-10-11 official daily H.15 calendar at 16:15 ET,none
2019-03-19,2.42,DGS3,Percent,Daily,2019-03-20,2019-03-20T16:15:00-04:00,2019-03-21T05:15:00+09:00,2019-03-22,post-2016-10-11 official daily H.15 calendar at 16:15 ET,none
2019-03-20,2.34,DGS3,Percent,Daily,2019-03-21,2019-03-21T16:15:00-04:00,2019-03-22T05:15:00+09:00,2019-03-23,post-2016-10-11 official daily H.15 calendar at 16:15 ET,none
2019-03-21,2.34,DGS3,Percent,Daily,2019-03-22,2019-03-22T16:15:00-04:00,2019-03-23T05:15:00+09:00,2019-03-24,post-2016-10-11 official daily H.15 calendar at 16:15 ET,none
2019-03-22,2.24,DGS3,Percent,Daily,2019-03-25,2019-03-25T16:15:00-04:00,2019-03-26T05:15:00+09:00,2019-03-27,post-2016-10-11 official daily H.15 calendar at 16:15 ET,none
2019-03-25,2.19,DGS3,Percent,Daily,2019-03-26,2019-03-26T16:15:00-04:00,2019-03-27T05:15:00+09:00,2019-03-28,post-2016-10-11 official daily H.15 calendar at 16:15 ET,none
2019-03-26,2.18,DGS3,Percent,Daily,2019-03-27,2019-03-27T16:15:00-04:00,2019-03-28T05:15:00+09:00,2019-03-29,post-2016-10-11 official daily H.15 calendar at 16:15 ET,none
2019-03-27,2.16,DGS3,Percent,Daily,2019-03-28,2019-03-28T16:15:00-04:00,2019-03-29T05:15:00+09:00,2019-03-30,post-2016-10-11 official daily H.15 calendar at 16:15 ET,none
2019-03-28,2.18,DGS3,Percent,Daily,2019-03-29,2019-03-29T16:15:00-04:00,2019-03-30T05:15:00+09:00,2019-03-31,post-2016-10-11 official daily H.15 calendar at 16:15 ET,none
2019-03-29,2.21,DGS3,Percent,Daily,2019-04-01,2019-04-01T16:15:00-04:00,2019-04-02T05:15:00+09:00,2019-04-03,post-2016-10-11 official daily H.15 calendar at 16:15 ET,none
2019-04-01,2.29,DGS3,Percent,Daily,2019-04-02,2019-04-02T16:15:00-04:00,2019-04-03T05:15:00+09:00,2019-04-04,post-2016-10-11 official daily H.15 calendar at 16:15 ET,none
2019-04-02,2.26,DGS3,Percent,Daily,2019-04-03,2019-04-03T16:15:00-04:00,2019-04-04T05:15:00+09:00,2019-04-05,post-2016-10-11 official daily H.15 calendar at 16:15 ET,none
2019-04-03,2.29,DGS3,Percent,Daily,2019-04-04,2019-04-04T16:15:00-04:00,2019-04-05T05:15:00+09:00,2019-04-06,post-2016-10-11 official daily H.15 calendar at 16:15 ET,none
2019-04-04,2.29,DGS3,Percent,Daily,2019-04-05,2019-04-05T16:15:00-04:00,2019-04-06T05:15:00+09:00,2019-04-07,post-2016-10-11 official daily H.15 calendar at 16:15 ET,none
2019-04-05,2.3,DGS3,Percent,Daily,2019-04-08,2019-04-08T16:15:00-04:00,2019-04-09T05:15:00+09:00,2019-04-10,post-2016-10-11 official daily H.15 calendar at 16:15 ET,none
2019-04-08,2.31,DGS3,Percent,Daily,2019-04-09,2019-04-09T16:15:00-04:00,2019-04-10T05:15:00+09:00,2019-04-11,post-2016-10-11 official daily H.15 calendar at 16:15 ET,none
2019-04-09,2.31,DGS3,Percent,Daily,2019-04-10,2019-04-10T16:15:00-04:00,2019-04-11T05:15:00+09:00,2019-04-12,post-2016-10-11 official daily H.15 calendar at 16:15 ET,none
2019-04-10,2.27,DGS3,Percent,Daily,2019-04-11,2019-04-11T16:15:00-04:00,2019-04-12T05:15:00+09:00,2019-04-13,post-2016-10-11 official daily H.15 calendar at 16:15 ET,none
2019-04-11,2.3,DGS3,Percent,Daily,2019-04-12,2019-04-12T16:15:00-04:00,2019-04-13T05:15:00+09:00,2019-04-14,post-2016-10-11 official daily H.15 calendar at 16:15 ET,none
2019-04-12,2.36,DGS3,Percent,Daily,2019-04-15,2019-04-15T16:15:00-04:00,2019-04-16T05:15:00+09:00,2019-04-17,post-2016-10-11 official daily H.15 calendar at 16:15 ET,none
2019-04-15,2.36,DGS3,Percent,Daily,2019-04-16,2019-04-16T16:15:00-04:00,2019-04-17T05:15:00+09:00,2019-04-18,post-2016-10-11 official daily H.15 calendar at 16:15 ET,none
2019-04-16,2.38,DGS3,Percent,Daily,2019-04-17,2019-04-17T16:15:00-04:00,2019-04-18T05:15:00+09:00,2019-04-19,post-2016-10-11 official daily H.15 calendar at 16:15 ET,none
2019-04-17,2.37,DGS3,Percent,Daily,2019-04-18,2019-04-18T16:15:00-04:00,2019-04-19T05:15:00+09:00,2019-04-20,post-2016-10-11 official daily H.15 calendar at 16:15 ET,none
2019-04-18,2.36,DGS3,Percent,Daily,2019-04-19,2019-04-19T16:15:00-04:00,2019-04-20T05:15:00+09:00,2019-04-21,post-2016-10-11 official daily H.15 calendar at 16:15 ET,none
2019-04-19,,DGS3,Percent,Daily,2019-04-22,2019-04-22T16:15:00-04:00,2019-04-23T05:15:00+09:00,2019-04-24,post-2016-10-11 official daily H.15 calendar at 16:15 ET,none
2019-04-22,2.36,DGS3,Percent,Daily,2019-04-23,2019-04-23T16:15:00-04:00,2019-04-24T05:15:00+09:00,2019-04-25,post-2016-10-11 official daily H.15 calendar at 16:15 ET,none
2019-04-23,2.34,DGS3,Percent,Daily,2019-04-24,2019-04-24T16:15:00-04:00,2019-04-25T05:15:00+09:00,2019-04-26,post-2016-10-11 official daily H.15 calendar at 16:15 ET,none
2019-04-24,2.28,DGS3,Percent,Daily,2019-04-25,2019-04-25T16:15:00-04:00,2019-04-26T05:15:00+09:00,2019-04-27,post-2016-10-11 official daily H.15 calendar at 16:15 ET,none
2019-04-25,2.29,DGS3,Percent,Daily,2019-04-26,2019-04-26T16:15:00-04:00,2019-04-27T05:15:00+09:00,2019-04-28,post-2016-10-11 official daily H.15 calendar at 16:15 ET,none
2019-04-26,2.25,DGS3,Percent,Daily,2019-04-29,2019-04-29T16:15:00-04:00,2019-04-30T05:15:00+09:00,2019-05-01,post-2016-10-11 official daily H.15 calendar at 16:15 ET,none
2019-04-29,2.27,DGS3,Percent,Daily,2019-04-30,2019-04-30T16:15:00-04:00,2019-05-01T05:15:00+09:00,2019-05-02,post-2016-10-11 official daily H.15 calendar at 16:15 ET,none
2019-04-30,2.24,DGS3,Percent,Daily,2019-05-01,2019-05-01T16:15:00-04:00,2019-05-02T05:15:00+09:00,2019-05-03,post-2016-10-11 official daily H.15 calendar at 16:15 ET,none
2019-05-01,2.28,DGS3,Percent,Daily,2019-05-02,2019-05-02T16:15:00-04:00,2019-05-03T05:15:00+09:00,2019-05-04,post-2016-10-11 official daily H.15 calendar at 16:15 ET,none
2019-05-02,2.32,DGS3,Percent,Daily,2019-05-03,2019-05-03T16:15:00-04:00,2019-05-04T05:15:00+09:00,2019-05-05,post-2016-10-11 official daily H.15 calendar at 16:15 ET,none
2019-05-03,2.3,DGS3,Percent,Daily,2019-05-06,2019-05-06T16:15:00-04:00,2019-05-07T05:15:00+09:00,2019-05-08,post-2016-10-11 official daily H.15 calendar at 16:15 ET,none
2019-05-06,2.27,DGS3,Percent,Daily,2019-05-07,2019-05-07T16:15:00-04:00,2019-05-08T05:15:00+09:00,2019-05-09,post-2016-10-11 official daily H.15 calendar at 16:15 ET,none
2019-05-07,2.24,DGS3,Percent,Daily,2019-05-08,2019-05-08T16:15:00-04:00,2019-05-09T05:15:00+09:00,2019-05-10,post-2016-10-11 official daily H.15 calendar at 16:15 ET,none
2019-05-08,2.26,DGS3,Percent,Daily,2019-05-09,2019-05-09T16:15:00-04:00,2019-05-10T05:15:00+09:00,2019-05-11,post-2016-10-11 official daily H.15 calendar at 16:15 ET,none
2019-05-09,2.22,DGS3,Percent,Daily,2019-05-10,2019-05-10T16:15:00-04:00,2019-05-11T05:15:00+09:00,2019-05-12,post-2016-10-11 official daily H.15 calendar at 16:15 ET,none
2019-05-10,2.23,DGS3,Percent,Daily,2019-05-13,2019-05-13T16:15:00-04:00,2019-05-14T05:15:00+09:00,2019-05-15,post-2016-10-11 official daily H.15 calendar at 16:15 ET,none
2019-05-13,2.15,DGS3,Percent,Daily,2019-05-14,2019-05-14T16:15:00-04:00,2019-05-15T05:15:00+09:00,2019-05-16,post-2016-10-11 official daily H.15 calendar at 16:15 ET,none
2019-05-14,2.17,DGS3,Percent,Daily,2019-05-15,2019-05-15T16:15:00-04:00,2019-05-16T05:15:00+09:00,2019-05-17,post-2016-10-11 official daily H.15 calendar at 16:15 ET,none
2019-05-15,2.12,DGS3,Percent,Daily,2019-05-16,2019-05-16T16:15:00-04:00,2019-05-17T05:15:00+09:00,2019-05-18,post-2016-10-11 official daily H.15 calendar at 16:15 ET,none
2019-05-16,2.15,DGS3,Percent,Daily,2019-05-17,2019-05-17T16:15:00-04:00,2019-05-18T05:15:00+09:00,2019-05-19,post-2016-10-11 official daily H.15 calendar at 16:15 ET,none
2019-05-17,2.15,DGS3,Percent,Daily,2019-05-20,2019-05-20T16:15:00-04:00,2019-05-21T05:15:00+09:00,2019-05-22,post-2016-10-11 official daily H.15 calendar at 16:15 ET,none
2019-05-20,2.17,DGS3,Percent,Daily,2019-05-21,2019-05-21T16:15:00-04:00,2019-05-22T05:15:00+09:00,2019-05-23,post-2016-10-11 official daily H.15 calendar at 16:15 ET,none
2019-05-21,2.2,DGS3,Percent,Daily,2019-05-22,2019-05-22T16:15:00-04:00,2019-05-23T05:15:00+09:00,2019-05-24,post-2016-10-11 official daily H.15 calendar at 16:15 ET,none
2019-05-22,2.17,DGS3,Percent,Daily,2019-05-23,2019-05-23T16:15:00-04:00,2019-05-24T05:15:00+09:00,2019-05-25,post-2016-10-11 official daily H.15 calendar at 16:15 ET,none
2019-05-23,2.08,DGS3,Percent,Daily,2019-05-24,2019-05-24T16:15:00-04:00,2019-05-25T05:15:00+09:00,2019-05-26,post-2016-10-11 official daily H.15 calendar at 16:15 ET,none
2019-05-24,2.1,DGS3,Percent,Daily,2019-05-28,2019-05-28T16:15:00-04:00,2019-05-29T05:15:00+09:00,2019-05-30,post-2016-10-11 official daily H.15 calendar at 16:15 ET,none
2019-05-27,,DGS3,Percent,Daily,2019-05-28,2019-05-28T16:15:00-04:00,2019-05-29T05:15:00+09:00,2019-05-30,post-2016-10-11 official daily H.15 calendar at 16:15 ET,none
2019-05-28,2.06,DGS3,Percent,Daily,2019-05-29,2019-05-29T16:15:00-04:00,2019-05-30T05:15:00+09:00,2019-05-31,post-2016-10-11 official daily H.15 calendar at 16:15 ET,none
2019-05-29,2.04,DGS3,Percent,Daily,2019-05-30,2019-05-30T16:15:00-04:00,2019-05-31T05:15:00+09:00,2019-06-01,post-2016-10-11 official daily H.15 calendar at 16:15 ET,none
2019-05-30,2.0,DGS3,Percent,Daily,2019-05-31,2019-05-31T16:15:00-04:00,2019-06-01T05:15:00+09:00,2019-06-02,post-2016-10-11 official daily H.15 calendar at 16:15 ET,none
2019-05-31,1.9,DGS3,Percent,Daily,2019-06-03,2019-06-03T16:15:00-04:00,2019-06-04T05:15:00+09:00,2019-06-05,post-2016-10-11 official daily H.15 calendar at 16:15 ET,none
2019-06-03,1.79,DGS3,Percent,Daily,2019-06-04,2019-06-04T16:15:00-04:00,2019-06-05T05:15:00+09:00,2019-06-06,post-2016-10-11 official daily H.15 calendar at 16:15 ET,none
2019-06-04,1.84,DGS3,Percent,Daily,2019-06-05,2019-06-05T16:15:00-04:00,2019-06-06T05:15:00+09:00,2019-06-07,post-2016-10-11 official daily H.15 calendar at 16:15 ET,none
2019-06-05,1.81,DGS3,Percent,Daily,2019-06-06,2019-06-06T16:15:00-04:00,2019-06-07T05:15:00+09:00,2019-06-08,post-2016-10-11 official daily H.15 calendar at 16:15 ET,none
2019-06-06,1.85,DGS3,Percent,Daily,2019-06-07,2019-06-07T16:15:00-04:00,2019-06-08T05:15:00+09:00,2019-06-09,post-2016-10-11 official daily H.15 calendar at 16:15 ET,none
2019-06-07,1.82,DGS3,Percent,Daily,2019-06-10,2019-06-10T16:15:00-04:00,2019-06-11T05:15:00+09:00,2019-06-12,post-2016-10-11 official daily H.15 calendar at 16:15 ET,none
2019-06-10,1.87,DGS3,Percent,Daily,2019-06-11,2019-06-11T16:15:00-04:00,2019-06-12T05:15:00+09:00,2019-06-13,post-2016-10-11 official daily H.15 calendar at 16:15 ET,none
2019-06-11,1.87,DGS3,Percent,Daily,2019-06-12,2019-06-12T16:15:00-04:00,2019-06-13T05:15:00+09:00,2019-06-14,post-2016-10-11 official daily H.15 calendar at 16:15 ET,none
2019-06-12,1.83,DGS3,Percent,Daily,2019-06-13,2019-06-13T16:15:00-04:00,2019-06-14T05:15:00+09:00,2019-06-15,post-2016-10-11 official daily H.15 calendar at 16:15 ET,none
2019-06-13,1.78,DGS3,Percent,Daily,2019-06-14,2019-06-14T16:15:00-04:00,2019-06-15T05:15:00+09:00,2019-06-16,post-2016-10-11 official daily H.15 calendar at 16:15 ET,none
2019-06-14,1.79,DGS3,Percent,Daily,2019-06-17,2019-06-17T16:15:00-04:00,2019-06-18T05:15:00+09:00,2019-06-19,post-2016-10-11 official daily H.15 calendar at 16:15 ET,none
2019-06-17,1.8,DGS3,Percent,Daily,2019-06-18,2019-06-18T16:15:00-04:00,2019-06-19T05:15:00+09:00,2019-06-20,post-2016-10-11 official daily H.15 calendar at 16:15 ET,none
2019-06-18,1.8,DGS3,Percent,Daily,2019-06-19,2019-06-19T16:15:00-04:00,2019-06-20T05:15:00+09:00,2019-06-21,post-2016-10-11 official daily H.15 calendar at 16:15 ET,none
2019-06-19,1.7,DGS3,Percent,Daily,2019-06-20,2019-06-20T16:15:00-04:00,2019-06-21T05:15:00+09:00,2019-06-22,post-2016-10-11 official daily H.15 calendar at 16:15 ET,none
2019-06-20,1.69,DGS3,Percent,Daily,2019-06-21,2019-06-21T16:15:00-04:00,2019-06-22T05:15:00+09:00,2019-06-23,post-2016-10-11 official daily H.15 calendar at 16:15 ET,none
2019-06-21,1.74,DGS3,Percent,Daily,2019-06-24,2019-06-24T16:15:00-04:00,2019-06-25T05:15:00+09:00,2019-06-26,post-2016-10-11 official daily H.15 calendar at 16:15 ET,none
2019-06-24,1.69,DGS3,Percent,Daily,2019-06-25,2019-06-25T16:15:00-04:00,2019-06-26T05:15:00+09:00,2019-06-27,post-2016-10-11 official daily H.15 calendar at 16:15 ET,none
2019-06-25,1.67,DGS3,Percent,Daily,2019-06-26,2019-06-26T16:15:00-04:00,2019-06-27T05:15:00+09:00,2019-06-28,post-2016-10-11 official daily H.15 calendar at 16:15 ET,none
2019-06-26,1.74,DGS3,Percent,Daily,2019-06-27,2019-06-27T16:15:00-04:00,2019-06-28T05:15:00+09:00,2019-06-29,post-2016-10-11 official daily H.15 calendar at 16:15 ET,none
2019-06-27,1.71,DGS3,Percent,Daily,2019-06-28,2019-06-28T16:15:00-04:00,2019-06-29T05:15:00+09:00,2019-06-30,post-2016-10-11 official daily H.15 calendar at 16:15 ET,none
2019-06-28,1.71,DGS3,Percent,Daily,2019-07-01,2019-07-01T16:15:00-04:00,2019-07-02T05:15:00+09:00,2019-07-03,post-2016-10-11 official daily H.15 calendar at 16:15 ET,none
2019-07-01,1.74,DGS3,Percent,Daily,2019-07-02,2019-07-02T16:15:00-04:00,2019-07-03T05:15:00+09:00,2019-07-04,post-2016-10-11 official daily H.15 calendar at 16:15 ET,none
2019-07-02,1.71,DGS3,Percent,Daily,2019-07-03,2019-07-03T16:15:00-04:00,2019-07-04T05:15:00+09:00,2019-07-05,post-2016-10-11 official daily H.15 calendar at 16:15 ET,none
2019-07-03,1.71,DGS3,Percent,Daily,2019-07-05,2019-07-05T16:15:00-04:00,2019-07-06T05:15:00+09:00,2019-07-07,post-2016-10-11 official daily H.15 calendar at 16:15 ET,none
2019-07-04,,DGS3,Percent,Daily,2019-07-05,2019-07-05T16:15:00-04:00,2019-07-06T05:15:00+09:00,2019-07-07,post-2016-10-11 official daily H.15 calendar at 16:15 ET,none
2019-07-05,1.82,DGS3,Percent,Daily,2019-07-08,2019-07-08T16:15:00-04:00,2019-07-09T05:15:00+09:00,2019-07-10,post-2016-10-11 official daily H.15 calendar at 16:15 ET,none
2019-07-08,1.84,DGS3,Percent,Daily,2019-07-09,2019-07-09T16:15:00-04:00,2019-07-10T05:15:00+09:00,2019-07-11,post-2016-10-11 official daily H.15 calendar at 16:15 ET,none
2019-07-09,1.88,DGS3,Percent,Daily,2019-07-10,2019-07-10T16:15:00-04:00,2019-07-11T05:15:00+09:00,2019-07-12,post-2016-10-11 official daily H.15 calendar at 16:15 ET,none
2019-07-10,1.79,DGS3,Percent,Daily,2019-07-11,2019-07-11T16:15:00-04:00,2019-07-12T05:15:00+09:00,2019-07-13,post-2016-10-11 official daily H.15 calendar at 16:15 ET,none
2019-07-11,1.84,DGS3,Percent,Daily,2019-07-12,2019-07-12T16:15:00-04:00,2019-07-13T05:15:00+09:00,2019-07-14,post-2016-10-11 official daily H.15 calendar at 16:15 ET,none
2019-07-12,1.81,DGS3,Percent,Daily,2019-07-15,2019-07-15T16:15:00-04:00,2019-07-16T05:15:00+09:00,2019-07-17,post-2016-10-11 official daily H.15 calendar at 16:15 ET,none
2019-07-15,1.8,DGS3,Percent,Daily,2019-07-16,2019-07-16T16:15:00-04:00,2019-07-17T05:15:00+09:00,2019-07-18,post-2016-10-11 official daily H.15 calendar at 16:15 ET,none
2019-07-16,1.84,DGS3,Percent,Daily,2019-07-17,2019-07-17T16:15:00-04:00,2019-07-18T05:15:00+09:00,2019-07-19,post-2016-10-11 official daily H.15 calendar at 16:15 ET,none
2019-07-17,1.8,DGS3,Percent,Daily,2019-07-18,2019-07-18T16:15:00-04:00,2019-07-19T05:15:00+09:00,2019-07-20,post-2016-10-11 official daily H.15 calendar at 16:15 ET,none
2019-07-18,1.74,DGS3,Percent,Daily,2019-07-19,2019-07-19T16:15:00-04:00,2019-07-20T05:15:00+09:00,2019-07-21,post-2016-10-11 official daily H.15 calendar at 16:15 ET,none
2019-07-19,1.77,DGS3,Percent,Daily,2019-07-22,2019-07-22T16:15:00-04:00,2019-07-23T05:15:00+09:00,2019-07-24,post-2016-10-11 official daily H.15 calendar at 16:15 ET,none
2019-07-22,1.77,DGS3,Percent,Daily,2019-07-23,2019-07-23T16:15:00-04:00,2019-07-24T05:15:00+09:00,2019-07-25,post-2016-10-11 official daily H.15 calendar at 16:15 ET,none
2019-07-23,1.79,DGS3,Percent,Daily,2019-07-24,2019-07-24T16:15:00-04:00,2019-07-25T05:15:00+09:00,2019-07-26,post-2016-10-11 official daily H.15 calendar at 16:15 ET,none
2019-07-24,1.79,DGS3,Percent,Daily,2019-07-25,2019-07-25T16:15:00-04:00,2019-07-26T05:15:00+09:00,2019-07-27,post-2016-10-11 official daily H.15 calendar at 16:15 ET,none
2019-07-25,1.83,DGS3,Percent,Daily,2019-07-26,2019-07-26T16:15:00-04:00,2019-07-27T05:15:00+09:00,2019-07-28,post-2016-10-11 official daily H.15 calendar at 16:15 ET,none
2019-07-26,1.83,DGS3,Percent,Daily,2019-07-29,2019-07-29T16:15:00-04:00,2019-07-30T05:15:00+09:00,2019-07-31,post-2016-10-11 official daily H.15 calendar at 16:15 ET,none
2019-07-29,1.81,DGS3,Percent,Daily,2019-07-30,2019-07-30T16:15:00-04:00,2019-07-31T05:15:00+09:00,2019-08-01,post-2016-10-11 official daily H.15 calendar at 16:15 ET,none
2019-07-30,1.82,DGS3,Percent,Daily,2019-07-31,2019-07-31T16:15:00-04:00,2019-08-01T05:15:00+09:00,2019-08-02,post-2016-10-11 official daily H.15 calendar at 16:15 ET,none
2019-07-31,1.84,DGS3,Percent,Daily,2019-08-01,2019-08-01T16:15:00-04:00,2019-08-02T05:15:00+09:00,2019-08-03,post-2016-10-11 official daily H.15 calendar at 16:15 ET,none
2019-08-01,1.67,DGS3,Percent,Daily,2019-08-02,2019-08-02T16:15:00-04:00,2019-08-03T05:15:00+09:00,2019-08-04,post-2016-10-11 official daily H.15 calendar at 16:15 ET,none
2019-08-02,1.67,DGS3,Percent,Daily,2019-08-05,2019-08-05T16:15:00-04:00,2019-08-06T05:15:00+09:00,2019-08-07,post-2016-10-11 official daily H.15 calendar at 16:15 ET,none
2019-08-05,1.55,DGS3,Percent,Daily,2019-08-06,2019-08-06T16:15:00-04:00,2019-08-07T05:15:00+09:00,2019-08-08,post-2016-10-11 official daily H.15 calendar at 16:15 ET,none
2019-08-06,1.54,DGS3,Percent,Daily,2019-08-07,2019-08-07T16:15:00-04:00,2019-08-08T05:15:00+09:00,2019-08-09,post-2016-10-11 official daily H.15 calendar at 16:15 ET,none
2019-08-07,1.51,DGS3,Percent,Daily,2019-08-08,2019-08-08T16:15:00-04:00,2019-08-09T05:15:00+09:00,2019-08-10,post-2016-10-11 official daily H.15 calendar at 16:15 ET,none
2019-08-08,1.54,DGS3,Percent,Daily,2019-08-09,2019-08-09T16:15:00-04:00,2019-08-10T05:15:00+09:00,2019-08-11,post-2016-10-11 official daily H.15 calendar at 16:15 ET,none
2019-08-09,1.58,DGS3,Percent,Daily,2019-08-12,2019-08-12T16:15:00-04:00,2019-08-13T05:15:00+09:00,2019-08-14,post-2016-10-11 official daily H.15 calendar at 16:15 ET,none
2019-08-12,1.51,DGS3,Percent,Daily,2019-08-13,2019-08-13T16:15:00-04:00,2019-08-14T05:15:00+09:00,2019-08-15,post-2016-10-11 official daily H.15 calendar at 16:15 ET,none
2019-08-13,1.6,DGS3,Percent,Daily,2019-08-14,2019-08-14T16:15:00-04:00,2019-08-15T05:15:00+09:00,2019-08-16,post-2016-10-11 official daily H.15 calendar at 16:15 ET,none
2019-08-14,1.53,DGS3,Percent,Daily,2019-08-15,2019-08-15T16:15:00-04:00,2019-08-16T05:15:00+09:00,2019-08-17,post-2016-10-11 official daily H.15 calendar at 16:15 ET,none
2019-08-15,1.44,DGS3,Percent,Daily,2019-08-16,2019-08-16T16:15:00-04:00,2019-08-17T05:15:00+09:00,2019-08-18,post-2016-10-11 official daily H.15 calendar at 16:15 ET,none
2019-08-16,1.44,DGS3,Percent,Daily,2019-08-19,2019-08-19T16:15:00-04:00,2019-08-20T05:15:00+09:00,2019-08-21,post-2016-10-11 official daily H.15 calendar at 16:15 ET,none
2019-08-19,1.49,DGS3,Percent,Daily,2019-08-20,2019-08-20T16:15:00-04:00,2019-08-21T05:15:00+09:00,2019-08-22,post-2016-10-11 official daily H.15 calendar at 16:15 ET,none
2019-08-20,1.44,DGS3,Percent,Daily,2019-08-21,2019-08-21T16:15:00-04:00,2019-08-22T05:15:00+09:00,2019-08-23,post-2016-10-11 official daily H.15 calendar at 16:15 ET,none
2019-08-21,1.5,DGS3,Percent,Daily,2019-08-22,2019-08-22T16:15:00-04:00,2019-08-23T05:15:00+09:00,2019-08-24,post-2016-10-11 official daily H.15 calendar at 16:15 ET,none
2019-08-22,1.53,DGS3,Percent,Daily,2019-08-23,2019-08-23T16:15:00-04:00,2019-08-24T05:15:00+09:00,2019-08-25,post-2016-10-11 official daily H.15 calendar at 16:15 ET,none
2019-08-23,1.43,DGS3,Percent,Daily,2019-08-26,2019-08-26T16:15:00-04:00,2019-08-27T05:15:00+09:00,2019-08-28,post-2016-10-11 official daily H.15 calendar at 16:15 ET,none
2019-08-26,1.47,DGS3,Percent,Daily,2019-08-27,2019-08-27T16:15:00-04:00,2019-08-28T05:15:00+09:00,2019-08-29,post-2016-10-11 official daily H.15 calendar at 16:15 ET,none
2019-08-27,1.43,DGS3,Percent,Daily,2019-08-28,2019-08-28T16:15:00-04:00,2019-08-29T05:15:00+09:00,2019-08-30,post-2016-10-11 official daily H.15 calendar at 16:15 ET,none
2019-08-28,1.42,DGS3,Percent,Daily,2019-08-29,2019-08-29T16:15:00-04:00,2019-08-30T05:15:00+09:00,2019-08-31,post-2016-10-11 official daily H.15 calendar at 16:15 ET,none
2019-08-29,1.44,DGS3,Percent,Daily,2019-08-30,2019-08-30T16:15:00-04:00,2019-08-31T05:15:00+09:00,2019-09-01,post-2016-10-11 official daily H.15 calendar at 16:15 ET,none
2019-08-30,1.42,DGS3,Percent,Daily,2019-10-01,2019-10-01T16:15:00-04:00,2019-10-02T05:15:00+09:00,2019-10-03,post-2016-10-11 official daily H.15 calendar at 16:15 ET,none
2019-09-02,,DGS3,Percent,Daily,2019-10-01,2019-10-01T16:15:00-04:00,2019-10-02T05:15:00+09:00,2019-10-03,post-2016-10-11 official daily H.15 calendar at 16:15 ET,deferred to next confirmed release after missing 2019-09 calendar
2019-09-03,1.38,DGS3,Percent,Daily,2019-10-01,2019-10-01T16:15:00-04:00,2019-10-02T05:15:00+09:00,2019-10-03,post-2016-10-11 official daily H.15 calendar at 16:15 ET,deferred to next confirmed release after missing 2019-09 calendar
2019-09-04,1.36,DGS3,Percent,Daily,2019-10-01,2019-10-01T16:15:00-04:00,2019-10-02T05:15:00+09:00,2019-10-03,post-2016-10-11 official daily H.15 calendar at 16:15 ET,deferred to next confirmed release after missing 2019-09 calendar
2019-09-05,1.47,DGS3,Percent,Daily,2019-10-01,2019-10-01T16:15:00-04:00,2019-10-02T05:15:00+09:00,2019-10-03,post-2016-10-11 official daily H.15 calendar at 16:15 ET,deferred to next confirmed release after missing 2019-09 calendar
2019-09-06,1.46,DGS3,Percent,Daily,2019-10-01,2019-10-01T16:15:00-04:00,2019-10-02T05:15:00+09:00,2019-10-03,post-2016-10-11 official daily H.15 calendar at 16:15 ET,deferred to next confirmed release after missing 2019-09 calendar
2019-09-09,1.52,DGS3,Percent,Daily,2019-10-01,2019-10-01T16:15:00-04:00,2019-10-02T05:15:00+09:00,2019-10-03,post-2016-10-11 official daily H.15 calendar at 16:15 ET,deferred to next confirmed release after missing 2019-09 calendar
2019-09-10,1.61,DGS3,Percent,Daily,2019-10-01,2019-10-01T16:15:00-04:00,2019-10-02T05:15:00+09:00,2019-10-03,post-2016-10-11 official daily H.15 calendar at 16:15 ET,deferred to next confirmed release after missing 2019-09 calendar
2019-09-11,1.62,DGS3,Percent,Daily,2019-10-01,2019-10-01T16:15:00-04:00,2019-10-02T05:15:00+09:00,2019-10-03,post-2016-10-11 official daily H.15 calendar at 16:15 ET,deferred to next confirmed release after missing 2019-09 calendar
2019-09-12,1.67,DGS3,Percent,Daily,2019-10-01,2019-10-01T16:15:00-04:00,2019-10-02T05:15:00+09:00,2019-10-03,post-2016-10-11 official daily H.15 calendar at 16:15 ET,deferred to next confirmed release after missing 2019-09 calendar
2019-09-13,1.76,DGS3,Percent,Daily,2019-10-01,2019-10-01T16:15:00-04:00,2019-10-02T05:15:00+09:00,2019-10-03,post-2016-10-11 official daily H.15 calendar at 16:15 ET,deferred to next confirmed release after missing 2019-09 calendar
2019-09-16,1.71,DGS3,Percent,Daily,2019-10-01,2019-10-01T16:15:00-04:00,2019-10-02T05:15:00+09:00,2019-10-03,post-2016-10-11 official daily H.15 calendar at 16:15 ET,deferred to next confirmed release after missing 2019-09 calendar
2019-09-17,1.68,DGS3,Percent,Daily,2019-10-01,2019-10-01T16:15:00-04:00,2019-10-02T05:15:00+09:00,2019-10-03,post-2016-10-11 official daily H.15 calendar at 16:15 ET,deferred to next confirmed release after missing 2019-09 calendar
2019-09-18,1.72,DGS3,Percent,Daily,2019-10-01,2019-10-01T16:15:00-04:00,2019-10-02T05:15:00+09:00,2019-10-03,post-2016-10-11 official daily H.15 calendar at 16:15 ET,deferred to next confirmed release after missing 2019-09 calendar
2019-09-19,1.68,DGS3,Percent,Daily,2019-10-01,2019-10-01T16:15:00-04:00,2019-10-02T05:15:00+09:00,2019-10-03,post-2016-10-11 official daily H.15 calendar at 16:15 ET,deferred to next confirmed release after missing 2019-09 calendar
2019-09-20,1.63,DGS3,Percent,Daily,2019-10-01,2019-10-01T16:15:00-04:00,2019-10-02T05:15:00+09:00,2019-10-03,post-2016-10-11 official daily H.15 calendar at 16:15 ET,deferred to next confirmed release after missing 2019-09 calendar
2019-09-23,1.61,DGS3,Percent,Daily,2019-10-01,2019-10-01T16:15:00-04:00,2019-10-02T05:15:00+09:00,2019-10-03,post-2016-10-11 official daily H.15 calendar at 16:15 ET,deferred to next confirmed release after missing 2019-09 calendar
2019-09-24,1.53,DGS3,Percent,Daily,2019-10-01,2019-10-01T16:15:00-04:00,2019-10-02T05:15:00+09:00,2019-10-03,post-2016-10-11 official daily H.15 calendar at 16:15 ET,deferred to next confirmed release after missing 2019-09 calendar
2019-09-25,1.61,DGS3,Percent,Daily,2019-10-01,2019-10-01T16:15:00-04:00,2019-10-02T05:15:00+09:00,2019-10-03,post-2016-10-11 official daily H.15 calendar at 16:15 ET,deferred to next confirmed release after missing 2019-09 calendar
2019-09-26,1.61,DGS3,Percent,Daily,2019-10-01,2019-10-01T16:15:00-04:00,2019-10-02T05:15:00+09:00,2019-10-03,post-2016-10-11 official daily H.15 calendar at 16:15 ET,deferred to next confirmed release after missing 2019-09 calendar
2019-09-27,1.58,DGS3,Percent,Daily,2019-10-01,2019-10-01T16:15:00-04:00,2019-10-02T05:15:00+09:00,2019-10-03,post-2016-10-11 official daily H.15 calendar at 16:15 ET,deferred to next confirmed release after missing 2019-09 calendar
2019-09-30,1.56,DGS3,Percent,Daily,2019-10-01,2019-10-01T16:15:00-04:00,2019-10-02T05:15:00+09:00,2019-10-03,post-2016-10-11 official daily H.15 calendar at 16:15 ET,deferred to next confirmed release after missing 2019-09 calendar
2019-10-01,1.51,DGS3,Percent,Daily,2019-10-02,2019-10-02T16:15:00-04:00,2019-10-03T05:15:00+09:00,2019-10-04,post-2016-10-11 official daily H.15 calendar at 16:15 ET,none
2019-10-02,1.43,DGS3,Percent,Daily,2019-10-03,2019-10-03T16:15:00-04:00,2019-10-04T05:15:00+09:00,2019-10-05,post-2016-10-11 official daily H.15 calendar at 16:15 ET,none
2019-10-03,1.34,DGS3,Percent,Daily,2019-10-04,2019-10-04T16:15:00-04:00,2019-10-05T05:15:00+09:00,2019-10-06,post-2016-10-11 official daily H.15 calendar at 16:15 ET,none
2019-10-04,1.35,DGS3,Percent,Daily,2019-10-07,2019-10-07T16:15:00-04:00,2019-10-08T05:15:00+09:00,2019-10-09,post-2016-10-11 official daily H.15 calendar at 16:15 ET,none
2019-10-07,1.41,DGS3,Percent,Daily,2019-10-08,2019-10-08T16:15:00-04:00,2019-10-09T05:15:00+09:00,2019-10-10,post-2016-10-11 official daily H.15 calendar at 16:15 ET,none
2019-10-08,1.38,DGS3,Percent,Daily,2019-10-09,2019-10-09T16:15:00-04:00,2019-10-10T05:15:00+09:00,2019-10-11,post-2016-10-11 official daily H.15 calendar at 16:15 ET,none
2019-10-09,1.43,DGS3,Percent,Daily,2019-10-10,2019-10-10T16:15:00-04:00,2019-10-11T05:15:00+09:00,2019-10-12,post-2016-10-11 official daily H.15 calendar at 16:15 ET,none
2019-10-10,1.49,DGS3,Percent,Daily,2019-10-11,2019-10-11T16:15:00-04:00,2019-10-12T05:15:00+09:00,2019-10-13,post-2016-10-11 official daily H.15 calendar at 16:15 ET,none
2019-10-11,1.6,DGS3,Percent,Daily,2019-10-15,2019-10-15T16:15:00-04:00,2019-10-16T05:15:00+09:00,2019-10-17,post-2016-10-11 official daily H.15 calendar at 16:15 ET,none
2019-10-14,,DGS3,Percent,Daily,2019-10-15,2019-10-15T16:15:00-04:00,2019-10-16T05:15:00+09:00,2019-10-17,post-2016-10-11 official daily H.15 calendar at 16:15 ET,none
2019-10-15,1.6,DGS3,Percent,Daily,2019-10-16,2019-10-16T16:15:00-04:00,2019-10-17T05:15:00+09:00,2019-10-18,post-2016-10-11 official daily H.15 calendar at 16:15 ET,none
2019-10-16,1.57,DGS3,Percent,Daily,2019-10-17,2019-10-17T16:15:00-04:00,2019-10-18T05:15:00+09:00,2019-10-19,post-2016-10-11 official daily H.15 calendar at 16:15 ET,none
2019-10-17,1.57,DGS3,Percent,Daily,2019-10-18,2019-10-18T16:15:00-04:00,2019-10-19T05:15:00+09:00,2019-10-20,post-2016-10-11 official daily H.15 calendar at 16:15 ET,none
2019-10-18,1.56,DGS3,Percent,Daily,2019-10-21,2019-10-21T16:15:00-04:00,2019-10-22T05:15:00+09:00,2019-10-23,post-2016-10-11 official daily H.15 calendar at 16:15 ET,none
2019-10-21,1.59,DGS3,Percent,Daily,2019-10-22,2019-10-22T16:15:00-04:00,2019-10-23T05:15:00+09:00,2019-10-24,post-2016-10-11 official daily H.15 calendar at 16:15 ET,none
2019-10-22,1.59,DGS3,Percent,Daily,2019-10-23,2019-10-23T16:15:00-04:00,2019-10-24T05:15:00+09:00,2019-10-25,post-2016-10-11 official daily H.15 calendar at 16:15 ET,none
2019-10-23,1.58,DGS3,Percent,Daily,2019-10-24,2019-10-24T16:15:00-04:00,2019-10-25T05:15:00+09:00,2019-10-26,post-2016-10-11 official daily H.15 calendar at 16:15 ET,none
2019-10-24,1.58,DGS3,Percent,Daily,2019-10-25,2019-10-25T16:15:00-04:00,2019-10-26T05:15:00+09:00,2019-10-27,post-2016-10-11 official daily H.15 calendar at 16:15 ET,none
2019-10-25,1.62,DGS3,Percent,Daily,2019-10-28,2019-10-28T16:15:00-04:00,2019-10-29T05:15:00+09:00,2019-10-30,post-2016-10-11 official daily H.15 calendar at 16:15 ET,none
2019-10-28,1.65,DGS3,Percent,Daily,2019-10-29,2019-10-29T16:15:00-04:00,2019-10-30T05:15:00+09:00,2019-10-31,post-2016-10-11 official daily H.15 calendar at 16:15 ET,none
2019-10-29,1.65,DGS3,Percent,Daily,2019-10-30,2019-10-30T16:15:00-04:00,2019-10-31T05:15:00+09:00,2019-11-01,post-2016-10-11 official daily H.15 calendar at 16:15 ET,none
2019-10-30,1.6,DGS3,Percent,Daily,2019-10-31,2019-10-31T16:15:00-04:00,2019-11-01T05:15:00+09:00,2019-11-02,post-2016-10-11 official daily H.15 calendar at 16:15 ET,none
2019-10-31,1.52,DGS3,Percent,Daily,2019-11-01,2019-11-01T16:15:00-04:00,2019-11-02T05:15:00+09:00,2019-11-03,post-2016-10-11 official daily H.15 calendar at 16:15 ET,none
2019-11-01,1.55,DGS3,Percent,Daily,2019-11-04,2019-11-04T16:15:00-05:00,2019-11-05T06:15:00+09:00,2019-11-06,post-2016-10-11 official daily H.15 calendar at 16:15 ET,none
2019-11-04,1.59,DGS3,Percent,Daily,2019-11-05,2019-11-05T16:15:00-05:00,2019-11-06T06:15:00+09:00,2019-11-07,post-2016-10-11 official daily H.15 calendar at 16:15 ET,none
2019-11-05,1.63,DGS3,Percent,Daily,2019-11-06,2019-11-06T16:15:00-05:00,2019-11-07T06:15:00+09:00,2019-11-08,post-2016-10-11 official daily H.15 calendar at 16:15 ET,none
2019-11-06,1.6,DGS3,Percent,Daily,2019-11-07,2019-11-07T16:15:00-05:00,2019-11-08T06:15:00+09:00,2019-11-09,post-2016-10-11 official daily H.15 calendar at 16:15 ET,none
2019-11-07,1.7,DGS3,Percent,Daily,2019-11-08,2019-11-08T16:15:00-05:00,2019-11-09T06:15:00+09:00,2019-11-10,post-2016-10-11 official daily H.15 calendar at 16:15 ET,none
2019-11-08,1.7,DGS3,Percent,Daily,2019-11-12,2019-11-12T16:15:00-05:00,2019-11-13T06:15:00+09:00,2019-11-14,post-2016-10-11 official daily H.15 calendar at 16:15 ET,none
2019-11-11,,DGS3,Percent,Daily,2019-11-12,2019-11-12T16:15:00-05:00,2019-11-13T06:15:00+09:00,2019-11-14,post-2016-10-11 official daily H.15 calendar at 16:15 ET,none
2019-11-12,1.69,DGS3,Percent,Daily,2019-11-13,2019-11-13T16:15:00-05:00,2019-11-14T06:15:00+09:00,2019-11-15,post-2016-10-11 official daily H.15 calendar at 16:15 ET,none
2019-11-13,1.65,DGS3,Percent,Daily,2019-11-14,2019-11-14T16:15:00-05:00,2019-11-15T06:15:00+09:00,2019-11-16,post-2016-10-11 official daily H.15 calendar at 16:15 ET,none
2019-11-14,1.59,DGS3,Percent,Daily,2019-11-15,2019-11-15T16:15:00-05:00,2019-11-16T06:15:00+09:00,2019-11-17,post-2016-10-11 official daily H.15 calendar at 16:15 ET,none
2019-11-15,1.61,DGS3,Percent,Daily,2019-11-18,2019-11-18T16:15:00-05:00,2019-11-19T06:15:00+09:00,2019-11-20,post-2016-10-11 official daily H.15 calendar at 16:15 ET,none
2019-11-18,1.59,DGS3,Percent,Daily,2019-11-19,2019-11-19T16:15:00-05:00,2019-11-20T06:15:00+09:00,2019-11-21,post-2016-10-11 official daily H.15 calendar at 16:15 ET,none
2019-11-19,1.59,DGS3,Percent,Daily,2019-11-20,2019-11-20T16:15:00-05:00,2019-11-21T06:15:00+09:00,2019-11-22,post-2016-10-11 official daily H.15 calendar at 16:15 ET,none
2019-11-20,1.55,DGS3,Percent,Daily,2019-11-21,2019-11-21T16:15:00-05:00,2019-11-22T06:15:00+09:00,2019-11-23,post-2016-10-11 official daily H.15 calendar at 16:15 ET,none
2019-11-21,1.59,DGS3,Percent,Daily,2019-11-22,2019-11-22T16:15:00-05:00,2019-11-23T06:15:00+09:00,2019-11-24,post-2016-10-11 official daily H.15 calendar at 16:15 ET,none
2019-11-22,1.6,DGS3,Percent,Daily,2019-11-25,2019-11-25T16:15:00-05:00,2019-11-26T06:15:00+09:00,2019-11-27,post-2016-10-11 official daily H.15 calendar at 16:15 ET,none
2019-11-25,1.6,DGS3,Percent,Daily,2019-11-26,2019-11-26T16:15:00-05:00,2019-11-27T06:15:00+09:00,2019-11-28,post-2016-10-11 official daily H.15 calendar at 16:15 ET,none
2019-11-26,1.58,DGS3,Percent,Daily,2019-11-27,2019-11-27T16:15:00-05:00,2019-11-28T06:15:00+09:00,2019-11-29,post-2016-10-11 official daily H.15 calendar at 16:15 ET,none
2019-11-27,1.61,DGS3,Percent,Daily,2019-11-29,2019-11-29T16:15:00-05:00,2019-11-30T06:15:00+09:00,2019-12-01,post-2016-10-11 official daily H.15 calendar at 16:15 ET,none
2019-11-28,,DGS3,Percent,Daily,2019-11-29,2019-11-29T16:15:00-05:00,2019-11-30T06:15:00+09:00,2019-12-01,post-2016-10-11 official daily H.15 calendar at 16:15 ET,none
2019-11-29,1.61,DGS3,Percent,Daily,2019-12-02,2019-12-02T16:15:00-05:00,2019-12-03T06:15:00+09:00,2019-12-04,post-2016-10-11 official daily H.15 calendar at 16:15 ET,none
2019-12-02,1.63,DGS3,Percent,Daily,2019-12-03,2019-12-03T16:15:00-05:00,2019-12-04T06:15:00+09:00,2019-12-05,post-2016-10-11 official daily H.15 calendar at 16:15 ET,none
2019-12-03,1.54,DGS3,Percent,Daily,2019-12-04,2019-12-04T16:15:00-05:00,2019-12-05T06:15:00+09:00,2019-12-06,post-2016-10-11 official daily H.15 calendar at 16:15 ET,none
2019-12-04,1.58,DGS3,Percent,Daily,2019-12-05,2019-12-05T16:15:00-05:00,2019-12-06T06:15:00+09:00,2019-12-07,post-2016-10-11 official daily H.15 calendar at 16:15 ET,none
2019-12-05,1.6,DGS3,Percent,Daily,2019-12-06,2019-12-06T16:15:00-05:00,2019-12-07T06:15:00+09:00,2019-12-08,post-2016-10-11 official daily H.15 calendar at 16:15 ET,none
2019-12-06,1.64,DGS3,Percent,Daily,2019-12-09,2019-12-09T16:15:00-05:00,2019-12-10T06:15:00+09:00,2019-12-11,post-2016-10-11 official daily H.15 calendar at 16:15 ET,none
2019-12-09,1.63,DGS3,Percent,Daily,2019-12-10,2019-12-10T16:15:00-05:00,2019-12-11T06:15:00+09:00,2019-12-12,post-2016-10-11 official daily H.15 calendar at 16:15 ET,none
2019-12-10,1.67,DGS3,Percent,Daily,2019-12-11,2019-12-11T16:15:00-05:00,2019-12-12T06:15:00+09:00,2019-12-13,post-2016-10-11 official daily H.15 calendar at 16:15 ET,none
2019-12-11,1.62,DGS3,Percent,Daily,2019-12-12,2019-12-12T16:15:00-05:00,2019-12-13T06:15:00+09:00,2019-12-14,post-2016-10-11 official daily H.15 calendar at 16:15 ET,none
2019-12-12,1.69,DGS3,Percent,Daily,2019-12-13,2019-12-13T16:15:00-05:00,2019-12-14T06:15:00+09:00,2019-12-15,post-2016-10-11 official daily H.15 calendar at 16:15 ET,none
2019-12-13,1.62,DGS3,Percent,Daily,2019-12-16,2019-12-16T16:15:00-05:00,2019-12-17T06:15:00+09:00,2019-12-18,post-2016-10-11 official daily H.15 calendar at 16:15 ET,none
2019-12-16,1.67,DGS3,Percent,Daily,2019-12-17,2019-12-17T16:15:00-05:00,2019-12-18T06:15:00+09:00,2019-12-19,post-2016-10-11 official daily H.15 calendar at 16:15 ET,none
2019-12-17,1.66,DGS3,Percent,Daily,2019-12-18,2019-12-18T16:15:00-05:00,2019-12-19T06:15:00+09:00,2019-12-20,post-2016-10-11 official daily H.15 calendar at 16:15 ET,none
2019-12-18,1.67,DGS3,Percent,Daily,2019-12-19,2019-12-19T16:15:00-05:00,2019-12-20T06:15:00+09:00,2019-12-21,post-2016-10-11 official daily H.15 calendar at 16:15 ET,none
2019-12-19,1.65,DGS3,Percent,Daily,2019-12-20,2019-12-20T16:15:00-05:00,2019-12-21T06:15:00+09:00,2019-12-22,post-2016-10-11 official daily H.15 calendar at 16:15 ET,none
2019-12-20,1.67,DGS3,Percent,Daily,2019-12-23,2019-12-23T16:15:00-05:00,2019-12-24T06:15:00+09:00,2019-12-25,post-2016-10-11 official daily H.15 calendar at 16:15 ET,none
2019-12-23,1.67,DGS3,Percent,Daily,2019-12-26,2019-12-26T16:15:00-05:00,2019-12-27T06:15:00+09:00,2019-12-28,post-2016-10-11 official daily H.15 calendar at 16:15 ET,none
2019-12-24,1.64,DGS3,Percent,Daily,2019-12-26,2019-12-26T16:15:00-05:00,2019-12-27T06:15:00+09:00,2019-12-28,post-2016-10-11 official daily H.15 calendar at 16:15 ET,none
2019-12-25,,DGS3,Percent,Daily,2019-12-26,2019-12-26T16:15:00-05:00,2019-12-27T06:15:00+09:00,2019-12-28,post-2016-10-11 official daily H.15 calendar at 16:15 ET,none
2019-12-26,1.65,DGS3,Percent,Daily,2019-12-27,2019-12-27T16:15:00-05:00,2019-12-28T06:15:00+09:00,2019-12-29,post-2016-10-11 official daily H.15 calendar at 16:15 ET,none
2019-12-27,1.6,DGS3,Percent,Daily,2019-12-30,2019-12-30T16:15:00-05:00,2019-12-31T06:15:00+09:00,2020-01-01,post-2016-10-11 official daily H.15 calendar at 16:15 ET,none
2019-12-30,1.59,DGS3,Percent,Daily,2019-12-31,2019-12-31T16:15:00-05:00,2020-01-01T06:15:00+09:00,2020-01-02,post-2016-10-11 official daily H.15 calendar at 16:15 ET,none
2019-12-31,1.62,DGS3,Percent,Daily,2020-01-02,2020-01-02T16:15:00-05:00,2020-01-03T06:15:00+09:00,2020-01-04,post-2016-10-11 official daily H.15 calendar at 16:15 ET,none
2020-01-01,,DGS3,Percent,Daily,2020-01-02,2020-01-02T16:15:00-05:00,2020-01-03T06:15:00+09:00,2020-01-04,post-2016-10-11 official daily H.15 calendar at 16:15 ET,none
2020-01-02,1.59,DGS3,Percent,Daily,2020-01-03,2020-01-03T16:15:00-05:00,2020-01-04T06:15:00+09:00,2020-01-05,post-2016-10-11 official daily H.15 calendar at 16:15 ET,none
2020-01-03,1.54,DGS3,Percent,Daily,2020-01-06,2020-01-06T16:15:00-05:00,2020-01-07T06:15:00+09:00,2020-01-08,post-2016-10-11 official daily H.15 calendar at 16:15 ET,none
2020-01-06,1.56,DGS3,Percent,Daily,2020-01-07,2020-01-07T16:15:00-05:00,2020-01-08T06:15:00+09:00,2020-01-09,post-2016-10-11 official daily H.15 calendar at 16:15 ET,none
2020-01-07,1.55,DGS3,Percent,Daily,2020-01-08,2020-01-08T16:15:00-05:00,2020-01-09T06:15:00+09:00,2020-01-10,post-2016-10-11 official daily H.15 calendar at 16:15 ET,none
2020-01-08,1.61,DGS3,Percent,Daily,2020-01-09,2020-01-09T16:15:00-05:00,2020-01-10T06:15:00+09:00,2020-01-11,post-2016-10-11 official daily H.15 calendar at 16:15 ET,none
2020-01-09,1.59,DGS3,Percent,Daily,2020-01-10,2020-01-10T16:15:00-05:00,2020-01-11T06:15:00+09:00,2020-01-12,post-2016-10-11 official daily H.15 calendar at 16:15 ET,none
2020-01-10,1.59,DGS3,Percent,Daily,2020-01-13,2020-01-13T16:15:00-05:00,2020-01-14T06:15:00+09:00,2020-01-15,post-2016-10-11 official daily H.15 calendar at 16:15 ET,none
2020-01-13,1.6,DGS3,Percent,Daily,2020-01-14,2020-01-14T16:15:00-05:00,2020-01-15T06:15:00+09:00,2020-01-16,post-2016-10-11 official daily H.15 calendar at 16:15 ET,none
2020-01-14,1.59,DGS3,Percent,Daily,2020-01-15,2020-01-15T16:15:00-05:00,2020-01-16T06:15:00+09:00,2020-01-17,post-2016-10-11 official daily H.15 calendar at 16:15 ET,none
2020-01-15,1.56,DGS3,Percent,Daily,2020-01-16,2020-01-16T16:15:00-05:00,2020-01-17T06:15:00+09:00,2020-01-18,post-2016-10-11 official daily H.15 calendar at 16:15 ET,none
2020-01-16,1.58,DGS3,Percent,Daily,2020-01-17,2020-01-17T16:15:00-05:00,2020-01-18T06:15:00+09:00,2020-01-19,post-2016-10-11 official daily H.15 calendar at 16:15 ET,none
2020-01-17,1.56,DGS3,Percent,Daily,2020-01-21,2020-01-21T16:15:00-05:00,2020-01-22T06:15:00+09:00,2020-01-23,post-2016-10-11 official daily H.15 calendar at 16:15 ET,none
2020-01-20,,DGS3,Percent,Daily,2020-01-21,2020-01-21T16:15:00-05:00,2020-01-22T06:15:00+09:00,2020-01-23,post-2016-10-11 official daily H.15 calendar at 16:15 ET,none
2020-01-21,1.53,DGS3,Percent,Daily,2020-01-22,2020-01-22T16:15:00-05:00,2020-01-23T06:15:00+09:00,2020-01-24,post-2016-10-11 official daily H.15 calendar at 16:15 ET,none
2020-01-22,1.52,DGS3,Percent,Daily,2020-01-23,2020-01-23T16:15:00-05:00,2020-01-24T06:15:00+09:00,2020-01-25,post-2016-10-11 official daily H.15 calendar at 16:15 ET,none
2020-01-23,1.51,DGS3,Percent,Daily,2020-01-24,2020-01-24T16:15:00-05:00,2020-01-25T06:15:00+09:00,2020-01-26,post-2016-10-11 official daily H.15 calendar at 16:15 ET,none
2020-01-24,1.48,DGS3,Percent,Daily,2020-01-27,2020-01-27T16:15:00-05:00,2020-01-28T06:15:00+09:00,2020-01-29,post-2016-10-11 official daily H.15 calendar at 16:15 ET,none
2020-01-27,1.41,DGS3,Percent,Daily,2020-01-28,2020-01-28T16:15:00-05:00,2020-01-29T06:15:00+09:00,2020-01-30,post-2016-10-11 official daily H.15 calendar at 16:15 ET,none
2020-01-28,1.45,DGS3,Percent,Daily,2020-01-29,2020-01-29T16:15:00-05:00,2020-01-30T06:15:00+09:00,2020-01-31,post-2016-10-11 official daily H.15 calendar at 16:15 ET,none
2020-01-29,1.39,DGS3,Percent,Daily,2020-01-30,2020-01-30T16:15:00-05:00,2020-01-31T06:15:00+09:00,2020-02-01,post-2016-10-11 official daily H.15 calendar at 16:15 ET,none
2020-01-30,1.37,DGS3,Percent,Daily,2020-01-31,2020-01-31T16:15:00-05:00,2020-02-01T06:15:00+09:00,2020-02-02,post-2016-10-11 official daily H.15 calendar at 16:15 ET,none
2020-01-31,1.3,DGS3,Percent,Daily,2020-02-03,2020-02-03T16:15:00-05:00,2020-02-04T06:15:00+09:00,2020-02-05,post-2016-10-11 official daily H.15 calendar at 16:15 ET,none
2020-02-03,1.34,DGS3,Percent,Daily,2020-02-04,2020-02-04T16:15:00-05:00,2020-02-05T06:15:00+09:00,2020-02-06,post-2016-10-11 official daily H.15 calendar at 16:15 ET,none
2020-02-04,1.4,DGS3,Percent,Daily,2020-02-05,2020-02-05T16:15:00-05:00,2020-02-06T06:15:00+09:00,2020-02-07,post-2016-10-11 official daily H.15 calendar at 16:15 ET,none
2020-02-05,1.43,DGS3,Percent,Daily,2020-02-06,2020-02-06T16:15:00-05:00,2020-02-07T06:15:00+09:00,2020-02-08,post-2016-10-11 official daily H.15 calendar at 16:15 ET,none
2020-02-06,1.43,DGS3,Percent,Daily,2020-02-07,2020-02-07T16:15:00-05:00,2020-02-08T06:15:00+09:00,2020-02-09,post-2016-10-11 official daily H.15 calendar at 16:15 ET,none
2020-02-07,1.39,DGS3,Percent,Daily,2020-02-10,2020-02-10T16:15:00-05:00,2020-02-11T06:15:00+09:00,2020-02-12,post-2016-10-11 official daily H.15 calendar at 16:15 ET,none
2020-02-10,1.36,DGS3,Percent,Daily,2020-02-11,2020-02-11T16:15:00-05:00,2020-02-12T06:15:00+09:00,2020-02-13,post-2016-10-11 official daily H.15 calendar at 16:15 ET,none
2020-02-11,1.39,DGS3,Percent,Daily,2020-02-12,2020-02-12T16:15:00-05:00,2020-02-13T06:15:00+09:00,2020-02-14,post-2016-10-11 official daily H.15 calendar at 16:15 ET,none
2020-02-12,1.42,DGS3,Percent,Daily,2020-02-13,2020-02-13T16:15:00-05:00,2020-02-14T06:15:00+09:00,2020-02-15,post-2016-10-11 official daily H.15 calendar at 16:15 ET,none
2020-02-13,1.42,DGS3,Percent,Daily,2020-02-14,2020-02-14T16:15:00-05:00,2020-02-15T06:15:00+09:00,2020-02-16,post-2016-10-11 official daily H.15 calendar at 16:15 ET,none
2020-02-14,1.4,DGS3,Percent,Daily,2020-02-18,2020-02-18T16:15:00-05:00,2020-02-19T06:15:00+09:00,2020-02-20,post-2016-10-11 official daily H.15 calendar at 16:15 ET,none
2020-02-17,,DGS3,Percent,Daily,2020-02-18,2020-02-18T16:15:00-05:00,2020-02-19T06:15:00+09:00,2020-02-20,post-2016-10-11 official daily H.15 calendar at 16:15 ET,none
2020-02-18,1.37,DGS3,Percent,Daily,2020-02-19,2020-02-19T16:15:00-05:00,2020-02-20T06:15:00+09:00,2020-02-21,post-2016-10-11 official daily H.15 calendar at 16:15 ET,none
2020-02-19,1.39,DGS3,Percent,Daily,2020-02-20,2020-02-20T16:15:00-05:00,2020-02-21T06:15:00+09:00,2020-02-22,post-2016-10-11 official daily H.15 calendar at 16:15 ET,none
2020-02-20,1.35,DGS3,Percent,Daily,2020-02-21,2020-02-21T16:15:00-05:00,2020-02-22T06:15:00+09:00,2020-02-23,post-2016-10-11 official daily H.15 calendar at 16:15 ET,none
2020-02-21,1.3,DGS3,Percent,Daily,2020-02-24,2020-02-24T16:15:00-05:00,2020-02-25T06:15:00+09:00,2020-02-26,post-2016-10-11 official daily H.15 calendar at 16:15 ET,none
2020-02-24,1.21,DGS3,Percent,Daily,2020-02-25,2020-02-25T16:15:00-05:00,2020-02-26T06:15:00+09:00,2020-02-27,post-2016-10-11 official daily H.15 calendar at 16:15 ET,none
2020-02-25,1.16,DGS3,Percent,Daily,2020-02-26,2020-02-26T16:15:00-05:00,2020-02-27T06:15:00+09:00,2020-02-28,post-2016-10-11 official daily H.15 calendar at 16:15 ET,none
2020-02-26,1.14,DGS3,Percent,Daily,2020-02-27,2020-02-27T16:15:00-05:00,2020-02-28T06:15:00+09:00,2020-02-29,post-2016-10-11 official daily H.15 calendar at 16:15 ET,none
2020-02-27,1.08,DGS3,Percent,Daily,2020-02-28,2020-02-28T16:15:00-05:00,2020-02-29T06:15:00+09:00,2020-03-01,post-2016-10-11 official daily H.15 calendar at 16:15 ET,none
2020-02-28,0.85,DGS3,Percent,Daily,2020-03-02,2020-03-02T16:15:00-05:00,2020-03-03T06:15:00+09:00,2020-03-04,post-2016-10-11 official daily H.15 calendar at 16:15 ET,none
2020-03-02,0.85,DGS3,Percent,Daily,2020-03-03,2020-03-03T16:15:00-05:00,2020-03-04T06:15:00+09:00,2020-03-05,post-2016-10-11 official daily H.15 calendar at 16:15 ET,none
2020-03-03,0.72,DGS3,Percent,Daily,2020-03-04,2020-03-04T16:15:00-05:00,2020-03-05T06:15:00+09:00,2020-03-06,post-2016-10-11 official daily H.15 calendar at 16:15 ET,none
2020-03-04,0.68,DGS3,Percent,Daily,2020-03-05,2020-03-05T16:15:00-05:00,2020-03-06T06:15:00+09:00,2020-03-07,post-2016-10-11 official daily H.15 calendar at 16:15 ET,none
2020-03-05,0.61,DGS3,Percent,Daily,2020-03-06,2020-03-06T16:15:00-05:00,2020-03-07T06:15:00+09:00,2020-03-08,post-2016-10-11 official daily H.15 calendar at 16:15 ET,none
2020-03-06,0.53,DGS3,Percent,Daily,2020-03-09,2020-03-09T16:15:00-04:00,2020-03-10T05:15:00+09:00,2020-03-11,post-2016-10-11 official daily H.15 calendar at 16:15 ET,none
2020-03-09,0.4,DGS3,Percent,Daily,2020-03-10,2020-03-10T16:15:00-04:00,2020-03-11T05:15:00+09:00,2020-03-12,post-2016-10-11 official daily H.15 calendar at 16:15 ET,none
2020-03-10,0.58,DGS3,Percent,Daily,2020-03-11,2020-03-11T16:15:00-04:00,2020-03-12T05:15:00+09:00,2020-03-13,post-2016-10-11 official daily H.15 calendar at 16:15 ET,none
2020-03-11,0.58,DGS3,Percent,Daily,2020-03-12,2020-03-12T16:15:00-04:00,2020-03-13T05:15:00+09:00,2020-03-14,post-2016-10-11 official daily H.15 calendar at 16:15 ET,none
2020-03-12,0.58,DGS3,Percent,Daily,2020-03-13,2020-03-13T16:15:00-04:00,2020-03-14T05:15:00+09:00,2020-03-15,post-2016-10-11 official daily H.15 calendar at 16:15 ET,none
2020-03-13,0.58,DGS3,Percent,Daily,2020-03-16,2020-03-16T16:15:00-04:00,2020-03-17T05:15:00+09:00,2020-03-18,post-2016-10-11 official daily H.15 calendar at 16:15 ET,none
2020-03-16,0.43,DGS3,Percent,Daily,2020-03-17,2020-03-17T16:15:00-04:00,2020-03-18T05:15:00+09:00,2020-03-19,post-2016-10-11 official daily H.15 calendar at 16:15 ET,none
2020-03-17,0.54,DGS3,Percent,Daily,2020-03-18,2020-03-18T16:15:00-04:00,2020-03-19T05:15:00+09:00,2020-03-20,post-2016-10-11 official daily H.15 calendar at 16:15 ET,none
2020-03-18,0.66,DGS3,Percent,Daily,2020-03-19,2020-03-19T16:15:00-04:00,2020-03-20T05:15:00+09:00,2020-03-21,post-2016-10-11 official daily H.15 calendar at 16:15 ET,none
2020-03-19,0.53,DGS3,Percent,Daily,2020-03-20,2020-03-20T16:15:00-04:00,2020-03-21T05:15:00+09:00,2020-03-22,post-2016-10-11 official daily H.15 calendar at 16:15 ET,none
2020-03-20,0.41,DGS3,Percent,Daily,2020-03-23,2020-03-23T16:15:00-04:00,2020-03-24T05:15:00+09:00,2020-03-25,post-2016-10-11 official daily H.15 calendar at 16:15 ET,none
2020-03-23,0.31,DGS3,Percent,Daily,2020-03-24,2020-03-24T16:15:00-04:00,2020-03-25T05:15:00+09:00,2020-03-26,post-2016-10-11 official daily H.15 calendar at 16:15 ET,none
2020-03-24,0.44,DGS3,Percent,Daily,2020-03-25,2020-03-25T16:15:00-04:00,2020-03-26T05:15:00+09:00,2020-03-27,post-2016-10-11 official daily H.15 calendar at 16:15 ET,none
2020-03-25,0.41,DGS3,Percent,Daily,2020-03-26,2020-03-26T16:15:00-04:00,2020-03-27T05:15:00+09:00,2020-03-28,post-2016-10-11 official daily H.15 calendar at 16:15 ET,none
2020-03-26,0.36,DGS3,Percent,Daily,2020-03-27,2020-03-27T16:15:00-04:00,2020-03-28T05:15:00+09:00,2020-03-29,post-2016-10-11 official daily H.15 calendar at 16:15 ET,none
2020-03-27,0.3,DGS3,Percent,Daily,2020-03-30,2020-03-30T16:15:00-04:00,2020-03-31T05:15:00+09:00,2020-04-01,post-2016-10-11 official daily H.15 calendar at 16:15 ET,none
2020-03-30,0.29,DGS3,Percent,Daily,2020-03-31,2020-03-31T16:15:00-04:00,2020-04-01T05:15:00+09:00,2020-04-02,post-2016-10-11 official daily H.15 calendar at 16:15 ET,none
2020-03-31,0.29,DGS3,Percent,Daily,2020-04-01,2020-04-01T16:15:00-04:00,2020-04-02T05:15:00+09:00,2020-04-03,post-2016-10-11 official daily H.15 calendar at 16:15 ET,none
2020-04-01,0.28,DGS3,Percent,Daily,2020-04-02,2020-04-02T16:15:00-04:00,2020-04-03T05:15:00+09:00,2020-04-04,post-2016-10-11 official daily H.15 calendar at 16:15 ET,none
2020-04-02,0.29,DGS3,Percent,Daily,2020-04-03,2020-04-03T16:15:00-04:00,2020-04-04T05:15:00+09:00,2020-04-05,post-2016-10-11 official daily H.15 calendar at 16:15 ET,none
2020-04-03,0.3,DGS3,Percent,Daily,2020-04-06,2020-04-06T16:15:00-04:00,2020-04-07T05:15:00+09:00,2020-04-08,post-2016-10-11 official daily H.15 calendar at 16:15 ET,none
2020-04-06,0.35,DGS3,Percent,Daily,2020-04-07,2020-04-07T16:15:00-04:00,2020-04-08T05:15:00+09:00,2020-04-09,post-2016-10-11 official daily H.15 calendar at 16:15 ET,none
2020-04-07,0.36,DGS3,Percent,Daily,2020-04-08,2020-04-08T16:15:00-04:00,2020-04-09T05:15:00+09:00,2020-04-10,post-2016-10-11 official daily H.15 calendar at 16:15 ET,none
2020-04-08,0.34,DGS3,Percent,Daily,2020-04-09,2020-04-09T16:15:00-04:00,2020-04-10T05:15:00+09:00,2020-04-11,post-2016-10-11 official daily H.15 calendar at 16:15 ET,none
2020-04-09,0.29,DGS3,Percent,Daily,2020-04-10,2020-04-10T16:15:00-04:00,2020-04-11T05:15:00+09:00,2020-04-12,post-2016-10-11 official daily H.15 calendar at 16:15 ET,none
2020-04-10,,DGS3,Percent,Daily,2020-04-13,2020-04-13T16:15:00-04:00,2020-04-14T05:15:00+09:00,2020-04-15,post-2016-10-11 official daily H.15 calendar at 16:15 ET,none
2020-04-13,0.31,DGS3,Percent,Daily,2020-04-14,2020-04-14T16:15:00-04:00,2020-04-15T05:15:00+09:00,2020-04-16,post-2016-10-11 official daily H.15 calendar at 16:15 ET,none
2020-04-14,0.29,DGS3,Percent,Daily,2020-04-15,2020-04-15T16:15:00-04:00,2020-04-16T05:15:00+09:00,2020-04-17,post-2016-10-11 official daily H.15 calendar at 16:15 ET,none
2020-04-15,0.24,DGS3,Percent,Daily,2020-04-16,2020-04-16T16:15:00-04:00,2020-04-17T05:15:00+09:00,2020-04-18,post-2016-10-11 official daily H.15 calendar at 16:15 ET,none
2020-04-16,0.25,DGS3,Percent,Daily,2020-04-17,2020-04-17T16:15:00-04:00,2020-04-18T05:15:00+09:00,2020-04-19,post-2016-10-11 official daily H.15 calendar at 16:15 ET,none
2020-04-17,0.26,DGS3,Percent,Daily,2020-04-20,2020-04-20T16:15:00-04:00,2020-04-21T05:15:00+09:00,2020-04-22,post-2016-10-11 official daily H.15 calendar at 16:15 ET,none
2020-04-20,0.26,DGS3,Percent,Daily,2020-04-21,2020-04-21T16:15:00-04:00,2020-04-22T05:15:00+09:00,2020-04-23,post-2016-10-11 official daily H.15 calendar at 16:15 ET,none
2020-04-21,0.24,DGS3,Percent,Daily,2020-04-22,2020-04-22T16:15:00-04:00,2020-04-23T05:15:00+09:00,2020-04-24,post-2016-10-11 official daily H.15 calendar at 16:15 ET,none
2020-04-22,0.26,DGS3,Percent,Daily,2020-04-23,2020-04-23T16:15:00-04:00,2020-04-24T05:15:00+09:00,2020-04-25,post-2016-10-11 official daily H.15 calendar at 16:15 ET,none
2020-04-23,0.26,DGS3,Percent,Daily,2020-04-24,2020-04-24T16:15:00-04:00,2020-04-25T05:15:00+09:00,2020-04-26,post-2016-10-11 official daily H.15 calendar at 16:15 ET,none
2020-04-24,0.26,DGS3,Percent,Daily,2020-04-27,2020-04-27T16:15:00-04:00,2020-04-28T05:15:00+09:00,2020-04-29,post-2016-10-11 official daily H.15 calendar at 16:15 ET,none
2020-04-27,0.29,DGS3,Percent,Daily,2020-04-28,2020-04-28T16:15:00-04:00,2020-04-29T05:15:00+09:00,2020-04-30,post-2016-10-11 official daily H.15 calendar at 16:15 ET,none
2020-04-28,0.26,DGS3,Percent,Daily,2020-04-29,2020-04-29T16:15:00-04:00,2020-04-30T05:15:00+09:00,2020-05-01,post-2016-10-11 official daily H.15 calendar at 16:15 ET,none
2020-04-29,0.24,DGS3,Percent,Daily,2020-04-30,2020-04-30T16:15:00-04:00,2020-05-01T05:15:00+09:00,2020-05-02,post-2016-10-11 official daily H.15 calendar at 16:15 ET,none
2020-04-30,0.24,DGS3,Percent,Daily,2020-05-01,2020-05-01T16:15:00-04:00,2020-05-02T05:15:00+09:00,2020-05-03,post-2016-10-11 official daily H.15 calendar at 16:15 ET,none
2020-05-01,0.25,DGS3,Percent,Daily,2020-05-04,2020-05-04T16:15:00-04:00,2020-05-05T05:15:00+09:00,2020-05-06,post-2016-10-11 official daily H.15 calendar at 16:15 ET,none
2020-05-04,0.24,DGS3,Percent,Daily,2020-05-05,2020-05-05T16:15:00-04:00,2020-05-06T05:15:00+09:00,2020-05-07,post-2016-10-11 official daily H.15 calendar at 16:15 ET,none
2020-05-05,0.24,DGS3,Percent,Daily,2020-05-06,2020-05-06T16:15:00-04:00,2020-05-07T05:15:00+09:00,2020-05-08,post-2016-10-11 official daily H.15 calendar at 16:15 ET,none
2020-05-06,0.24,DGS3,Percent,Daily,2020-05-07,2020-05-07T16:15:00-04:00,2020-05-08T05:15:00+09:00,2020-05-09,post-2016-10-11 official daily H.15 calendar at 16:15 ET,none
2020-05-07,0.19,DGS3,Percent,Daily,2020-05-08,2020-05-08T16:15:00-04:00,2020-05-09T05:15:00+09:00,2020-05-10,post-2016-10-11 official daily H.15 calendar at 16:15 ET,none
2020-05-08,0.21,DGS3,Percent,Daily,2020-05-11,2020-05-11T16:15:00-04:00,2020-05-12T05:15:00+09:00,2020-05-13,post-2016-10-11 official daily H.15 calendar at 16:15 ET,none
2020-05-11,0.24,DGS3,Percent,Daily,2020-05-12,2020-05-12T16:15:00-04:00,2020-05-13T05:15:00+09:00,2020-05-14,post-2016-10-11 official daily H.15 calendar at 16:15 ET,none
2020-05-12,0.22,DGS3,Percent,Daily,2020-05-13,2020-05-13T16:15:00-04:00,2020-05-14T05:15:00+09:00,2020-05-15,post-2016-10-11 official daily H.15 calendar at 16:15 ET,none
2020-05-13,0.2,DGS3,Percent,Daily,2020-05-14,2020-05-14T16:15:00-04:00,2020-05-15T05:15:00+09:00,2020-05-16,post-2016-10-11 official daily H.15 calendar at 16:15 ET,none
2020-05-14,0.2,DGS3,Percent,Daily,2020-05-15,2020-05-15T16:15:00-04:00,2020-05-16T05:15:00+09:00,2020-05-17,post-2016-10-11 official daily H.15 calendar at 16:15 ET,none
2020-05-15,0.19,DGS3,Percent,Daily,2020-05-18,2020-05-18T16:15:00-04:00,2020-05-19T05:15:00+09:00,2020-05-20,post-2016-10-11 official daily H.15 calendar at 16:15 ET,none
2020-05-18,0.24,DGS3,Percent,Daily,2020-05-19,2020-05-19T16:15:00-04:00,2020-05-20T05:15:00+09:00,2020-05-21,post-2016-10-11 official daily H.15 calendar at 16:15 ET,none
2020-05-19,0.22,DGS3,Percent,Daily,2020-05-20,2020-05-20T16:15:00-04:00,2020-05-21T05:15:00+09:00,2020-05-22,post-2016-10-11 official daily H.15 calendar at 16:15 ET,none
2020-05-20,0.21,DGS3,Percent,Daily,2020-05-21,2020-05-21T16:15:00-04:00,2020-05-22T05:15:00+09:00,2020-05-23,post-2016-10-11 official daily H.15 calendar at 16:15 ET,none
2020-05-21,0.21,DGS3,Percent,Daily,2020-05-22,2020-05-22T16:15:00-04:00,2020-05-23T05:15:00+09:00,2020-05-24,post-2016-10-11 official daily H.15 calendar at 16:15 ET,none
2020-05-22,0.21,DGS3,Percent,Daily,2020-05-26,2020-05-26T16:15:00-04:00,2020-05-27T05:15:00+09:00,2020-05-28,post-2016-10-11 official daily H.15 calendar at 16:15 ET,none
2020-05-25,,DGS3,Percent,Daily,2020-05-26,2020-05-26T16:15:00-04:00,2020-05-27T05:15:00+09:00,2020-05-28,post-2016-10-11 official daily H.15 calendar at 16:15 ET,none
2020-05-26,0.22,DGS3,Percent,Daily,2020-05-27,2020-05-27T16:15:00-04:00,2020-05-28T05:15:00+09:00,2020-05-29,post-2016-10-11 official daily H.15 calendar at 16:15 ET,none
2020-05-27,0.22,DGS3,Percent,Daily,2020-05-28,2020-05-28T16:15:00-04:00,2020-05-29T05:15:00+09:00,2020-05-30,post-2016-10-11 official daily H.15 calendar at 16:15 ET,none
2020-05-28,0.22,DGS3,Percent,Daily,2020-05-29,2020-05-29T16:15:00-04:00,2020-05-30T05:15:00+09:00,2020-05-31,post-2016-10-11 official daily H.15 calendar at 16:15 ET,none
2020-05-29,0.19,DGS3,Percent,Daily,2020-06-01,2020-06-01T16:15:00-04:00,2020-06-02T05:15:00+09:00,2020-06-03,post-2016-10-11 official daily H.15 calendar at 16:15 ET,none
2020-06-01,0.2,DGS3,Percent,Daily,2020-06-02,2020-06-02T16:15:00-04:00,2020-06-03T05:15:00+09:00,2020-06-04,post-2016-10-11 official daily H.15 calendar at 16:15 ET,none
2020-06-02,0.2,DGS3,Percent,Daily,2020-06-03,2020-06-03T16:15:00-04:00,2020-06-04T05:15:00+09:00,2020-06-05,post-2016-10-11 official daily H.15 calendar at 16:15 ET,none
2020-06-03,0.26,DGS3,Percent,Daily,2020-06-04,2020-06-04T16:15:00-04:00,2020-06-05T05:15:00+09:00,2020-06-06,post-2016-10-11 official daily H.15 calendar at 16:15 ET,none
2020-06-04,0.26,DGS3,Percent,Daily,2020-06-05,2020-06-05T16:15:00-04:00,2020-06-06T05:15:00+09:00,2020-06-07,post-2016-10-11 official daily H.15 calendar at 16:15 ET,none
2020-06-05,0.29,DGS3,Percent,Daily,2020-06-08,2020-06-08T16:15:00-04:00,2020-06-09T05:15:00+09:00,2020-06-10,post-2016-10-11 official daily H.15 calendar at 16:15 ET,none
2020-06-08,0.29,DGS3,Percent,Daily,2020-06-09,2020-06-09T16:15:00-04:00,2020-06-10T05:15:00+09:00,2020-06-11,post-2016-10-11 official daily H.15 calendar at 16:15 ET,none
2020-06-09,0.25,DGS3,Percent,Daily,2020-06-10,2020-06-10T16:15:00-04:00,2020-06-11T05:15:00+09:00,2020-06-12,post-2016-10-11 official daily H.15 calendar at 16:15 ET,none
2020-06-10,0.22,DGS3,Percent,Daily,2020-06-11,2020-06-11T16:15:00-04:00,2020-06-12T05:15:00+09:00,2020-06-13,post-2016-10-11 official daily H.15 calendar at 16:15 ET,none
2020-06-11,0.22,DGS3,Percent,Daily,2020-06-12,2020-06-12T16:15:00-04:00,2020-06-13T05:15:00+09:00,2020-06-14,post-2016-10-11 official daily H.15 calendar at 16:15 ET,none
2020-06-12,0.22,DGS3,Percent,Daily,2020-06-15,2020-06-15T16:15:00-04:00,2020-06-16T05:15:00+09:00,2020-06-17,post-2016-10-11 official daily H.15 calendar at 16:15 ET,none
2020-06-15,0.22,DGS3,Percent,Daily,2020-06-16,2020-06-16T16:15:00-04:00,2020-06-17T05:15:00+09:00,2020-06-18,post-2016-10-11 official daily H.15 calendar at 16:15 ET,none
2020-06-16,0.23,DGS3,Percent,Daily,2020-06-17,2020-06-17T16:15:00-04:00,2020-06-18T05:15:00+09:00,2020-06-19,post-2016-10-11 official daily H.15 calendar at 16:15 ET,none
2020-06-17,0.23,DGS3,Percent,Daily,2020-06-18,2020-06-18T16:15:00-04:00,2020-06-19T05:15:00+09:00,2020-06-20,post-2016-10-11 official daily H.15 calendar at 16:15 ET,none
2020-06-18,0.22,DGS3,Percent,Daily,2020-06-19,2020-06-19T16:15:00-04:00,2020-06-20T05:15:00+09:00,2020-06-21,post-2016-10-11 official daily H.15 calendar at 16:15 ET,none
2020-06-19,0.22,DGS3,Percent,Daily,2020-06-22,2020-06-22T16:15:00-04:00,2020-06-23T05:15:00+09:00,2020-06-24,post-2016-10-11 official daily H.15 calendar at 16:15 ET,none
2020-06-22,0.22,DGS3,Percent,Daily,2020-06-23,2020-06-23T16:15:00-04:00,2020-06-24T05:15:00+09:00,2020-06-25,post-2016-10-11 official daily H.15 calendar at 16:15 ET,none
2020-06-23,0.22,DGS3,Percent,Daily,2020-06-24,2020-06-24T16:15:00-04:00,2020-06-25T05:15:00+09:00,2020-06-26,post-2016-10-11 official daily H.15 calendar at 16:15 ET,none
2020-06-24,0.21,DGS3,Percent,Daily,2020-06-25,2020-06-25T16:15:00-04:00,2020-06-26T05:15:00+09:00,2020-06-27,post-2016-10-11 official daily H.15 calendar at 16:15 ET,none
2020-06-25,0.21,DGS3,Percent,Daily,2020-06-26,2020-06-26T16:15:00-04:00,2020-06-27T05:15:00+09:00,2020-06-28,post-2016-10-11 official daily H.15 calendar at 16:15 ET,none
2020-06-26,0.19,DGS3,Percent,Daily,2020-06-29,2020-06-29T16:15:00-04:00,2020-06-30T05:15:00+09:00,2020-07-01,post-2016-10-11 official daily H.15 calendar at 16:15 ET,none
2020-06-29,0.18,DGS3,Percent,Daily,2020-06-30,2020-06-30T16:15:00-04:00,2020-07-01T05:15:00+09:00,2020-07-02,post-2016-10-11 official daily H.15 calendar at 16:15 ET,none
2020-06-30,0.18,DGS3,Percent,Daily,2020-07-01,2020-07-01T16:15:00-04:00,2020-07-02T05:15:00+09:00,2020-07-03,post-2016-10-11 official daily H.15 calendar at 16:15 ET,none
2020-07-01,0.19,DGS3,Percent,Daily,2020-07-02,2020-07-02T16:15:00-04:00,2020-07-03T05:15:00+09:00,2020-07-04,post-2016-10-11 official daily H.15 calendar at 16:15 ET,none
2020-07-02,0.19,DGS3,Percent,Daily,2020-07-06,2020-07-06T16:15:00-04:00,2020-07-07T05:15:00+09:00,2020-07-08,post-2016-10-11 official daily H.15 calendar at 16:15 ET,none
2020-07-03,,DGS3,Percent,Daily,2020-07-06,2020-07-06T16:15:00-04:00,2020-07-07T05:15:00+09:00,2020-07-08,post-2016-10-11 official daily H.15 calendar at 16:15 ET,none
2020-07-06,0.19,DGS3,Percent,Daily,2020-07-07,2020-07-07T16:15:00-04:00,2020-07-08T05:15:00+09:00,2020-07-09,post-2016-10-11 official daily H.15 calendar at 16:15 ET,none
2020-07-07,0.19,DGS3,Percent,Daily,2020-07-08,2020-07-08T16:15:00-04:00,2020-07-09T05:15:00+09:00,2020-07-10,post-2016-10-11 official daily H.15 calendar at 16:15 ET,none
2020-07-08,0.19,DGS3,Percent,Daily,2020-07-09,2020-07-09T16:15:00-04:00,2020-07-10T05:15:00+09:00,2020-07-11,post-2016-10-11 official daily H.15 calendar at 16:15 ET,none
2020-07-09,0.18,DGS3,Percent,Daily,2020-07-10,2020-07-10T16:15:00-04:00,2020-07-11T05:15:00+09:00,2020-07-12,post-2016-10-11 official daily H.15 calendar at 16:15 ET,none
2020-07-10,0.19,DGS3,Percent,Daily,2020-07-13,2020-07-13T16:15:00-04:00,2020-07-14T05:15:00+09:00,2020-07-15,post-2016-10-11 official daily H.15 calendar at 16:15 ET,none
2020-07-13,0.19,DGS3,Percent,Daily,2020-07-14,2020-07-14T16:15:00-04:00,2020-07-15T05:15:00+09:00,2020-07-16,post-2016-10-11 official daily H.15 calendar at 16:15 ET,none
2020-07-14,0.19,DGS3,Percent,Daily,2020-07-15,2020-07-15T16:15:00-04:00,2020-07-16T05:15:00+09:00,2020-07-17,post-2016-10-11 official daily H.15 calendar at 16:15 ET,none
2020-07-15,0.18,DGS3,Percent,Daily,2020-07-16,2020-07-16T16:15:00-04:00,2020-07-17T05:15:00+09:00,2020-07-18,post-2016-10-11 official daily H.15 calendar at 16:15 ET,none
2020-07-16,0.17,DGS3,Percent,Daily,2020-07-17,2020-07-17T16:15:00-04:00,2020-07-18T05:15:00+09:00,2020-07-19,post-2016-10-11 official daily H.15 calendar at 16:15 ET,none
2020-07-17,0.18,DGS3,Percent,Daily,2020-07-20,2020-07-20T16:15:00-04:00,2020-07-21T05:15:00+09:00,2020-07-22,post-2016-10-11 official daily H.15 calendar at 16:15 ET,none
2020-07-20,0.18,DGS3,Percent,Daily,2020-07-21,2020-07-21T16:15:00-04:00,2020-07-22T05:15:00+09:00,2020-07-23,post-2016-10-11 official daily H.15 calendar at 16:15 ET,none
2020-07-21,0.17,DGS3,Percent,Daily,2020-07-22,2020-07-22T16:15:00-04:00,2020-07-23T05:15:00+09:00,2020-07-24,post-2016-10-11 official daily H.15 calendar at 16:15 ET,none
2020-07-22,0.17,DGS3,Percent,Daily,2020-07-23,2020-07-23T16:15:00-04:00,2020-07-24T05:15:00+09:00,2020-07-25,post-2016-10-11 official daily H.15 calendar at 16:15 ET,none
2020-07-23,0.16,DGS3,Percent,Daily,2020-07-24,2020-07-24T16:15:00-04:00,2020-07-25T05:15:00+09:00,2020-07-26,post-2016-10-11 official daily H.15 calendar at 16:15 ET,none
2020-07-24,0.17,DGS3,Percent,Daily,2020-07-27,2020-07-27T16:15:00-04:00,2020-07-28T05:15:00+09:00,2020-07-29,post-2016-10-11 official daily H.15 calendar at 16:15 ET,none
2020-07-27,0.18,DGS3,Percent,Daily,2020-07-28,2020-07-28T16:15:00-04:00,2020-07-29T05:15:00+09:00,2020-07-30,post-2016-10-11 official daily H.15 calendar at 16:15 ET,none
2020-07-28,0.16,DGS3,Percent,Daily,2020-07-29,2020-07-29T16:15:00-04:00,2020-07-30T05:15:00+09:00,2020-07-31,post-2016-10-11 official daily H.15 calendar at 16:15 ET,none
2020-07-29,0.15,DGS3,Percent,Daily,2020-07-30,2020-07-30T16:15:00-04:00,2020-07-31T05:15:00+09:00,2020-08-01,post-2016-10-11 official daily H.15 calendar at 16:15 ET,none
2020-07-30,0.14,DGS3,Percent,Daily,2020-07-31,2020-07-31T16:15:00-04:00,2020-08-01T05:15:00+09:00,2020-08-02,post-2016-10-11 official daily H.15 calendar at 16:15 ET,none
2020-07-31,0.11,DGS3,Percent,Daily,2020-08-03,2020-08-03T16:15:00-04:00,2020-08-04T05:15:00+09:00,2020-08-05,post-2016-10-11 official daily H.15 calendar at 16:15 ET,none
2020-08-03,0.13,DGS3,Percent,Daily,2020-08-04,2020-08-04T16:15:00-04:00,2020-08-05T05:15:00+09:00,2020-08-06,post-2016-10-11 official daily H.15 calendar at 16:15 ET,none
2020-08-04,0.1,DGS3,Percent,Daily,2020-08-05,2020-08-05T16:15:00-04:00,2020-08-06T05:15:00+09:00,2020-08-07,post-2016-10-11 official daily H.15 calendar at 16:15 ET,none
2020-08-05,0.13,DGS3,Percent,Daily,2020-08-06,2020-08-06T16:15:00-04:00,2020-08-07T05:15:00+09:00,2020-08-08,post-2016-10-11 official daily H.15 calendar at 16:15 ET,none
2020-08-06,0.13,DGS3,Percent,Daily,2020-08-07,2020-08-07T16:15:00-04:00,2020-08-08T05:15:00+09:00,2020-08-09,post-2016-10-11 official daily H.15 calendar at 16:15 ET,none
2020-08-07,0.14,DGS3,Percent,Daily,2020-08-10,2020-08-10T16:15:00-04:00,2020-08-11T05:15:00+09:00,2020-08-12,post-2016-10-11 official daily H.15 calendar at 16:15 ET,none
2020-08-10,0.15,DGS3,Percent,Daily,2020-08-11,2020-08-11T16:15:00-04:00,2020-08-12T05:15:00+09:00,2020-08-13,post-2016-10-11 official daily H.15 calendar at 16:15 ET,none
2020-08-11,0.18,DGS3,Percent,Daily,2020-08-12,2020-08-12T16:15:00-04:00,2020-08-13T05:15:00+09:00,2020-08-14,post-2016-10-11 official daily H.15 calendar at 16:15 ET,none
2020-08-12,0.19,DGS3,Percent,Daily,2020-08-13,2020-08-13T16:15:00-04:00,2020-08-14T05:15:00+09:00,2020-08-15,post-2016-10-11 official daily H.15 calendar at 16:15 ET,none
2020-08-13,0.19,DGS3,Percent,Daily,2020-08-14,2020-08-14T16:15:00-04:00,2020-08-15T05:15:00+09:00,2020-08-16,post-2016-10-11 official daily H.15 calendar at 16:15 ET,none
2020-08-14,0.18,DGS3,Percent,Daily,2020-08-17,2020-08-17T16:15:00-04:00,2020-08-18T05:15:00+09:00,2020-08-19,post-2016-10-11 official daily H.15 calendar at 16:15 ET,none
2020-08-17,0.18,DGS3,Percent,Daily,2020-08-18,2020-08-18T16:15:00-04:00,2020-08-19T05:15:00+09:00,2020-08-20,post-2016-10-11 official daily H.15 calendar at 16:15 ET,none
2020-08-18,0.17,DGS3,Percent,Daily,2020-08-19,2020-08-19T16:15:00-04:00,2020-08-20T05:15:00+09:00,2020-08-21,post-2016-10-11 official daily H.15 calendar at 16:15 ET,none
2020-08-19,0.17,DGS3,Percent,Daily,2020-08-20,2020-08-20T16:15:00-04:00,2020-08-21T05:15:00+09:00,2020-08-22,post-2016-10-11 official daily H.15 calendar at 16:15 ET,none
2020-08-20,0.15,DGS3,Percent,Daily,2020-08-21,2020-08-21T16:15:00-04:00,2020-08-22T05:15:00+09:00,2020-08-23,post-2016-10-11 official daily H.15 calendar at 16:15 ET,none
2020-08-21,0.16,DGS3,Percent,Daily,2020-08-24,2020-08-24T16:15:00-04:00,2020-08-25T05:15:00+09:00,2020-08-26,post-2016-10-11 official daily H.15 calendar at 16:15 ET,none
2020-08-24,0.18,DGS3,Percent,Daily,2020-08-25,2020-08-25T16:15:00-04:00,2020-08-26T05:15:00+09:00,2020-08-27,post-2016-10-11 official daily H.15 calendar at 16:15 ET,none
2020-08-25,0.18,DGS3,Percent,Daily,2020-08-26,2020-08-26T16:15:00-04:00,2020-08-27T05:15:00+09:00,2020-08-28,post-2016-10-11 official daily H.15 calendar at 16:15 ET,none
2020-08-26,0.18,DGS3,Percent,Daily,2020-08-27,2020-08-27T16:15:00-04:00,2020-08-28T05:15:00+09:00,2020-08-29,post-2016-10-11 official daily H.15 calendar at 16:15 ET,none
2020-08-27,0.19,DGS3,Percent,Daily,2020-08-28,2020-08-28T16:15:00-04:00,2020-08-29T05:15:00+09:00,2020-08-30,post-2016-10-11 official daily H.15 calendar at 16:15 ET,none
2020-08-28,0.16,DGS3,Percent,Daily,2020-08-31,2020-08-31T16:15:00-04:00,2020-09-01T05:15:00+09:00,2020-09-02,post-2016-10-11 official daily H.15 calendar at 16:15 ET,none
2020-08-31,0.15,DGS3,Percent,Daily,2020-09-01,2020-09-01T16:15:00-04:00,2020-09-02T05:15:00+09:00,2020-09-03,post-2016-10-11 official daily H.15 calendar at 16:15 ET,none
2020-09-01,0.14,DGS3,Percent,Daily,2020-09-02,2020-09-02T16:15:00-04:00,2020-09-03T05:15:00+09:00,2020-09-04,post-2016-10-11 official daily H.15 calendar at 16:15 ET,none
2020-09-02,0.16,DGS3,Percent,Daily,2020-09-03,2020-09-03T16:15:00-04:00,2020-09-04T05:15:00+09:00,2020-09-05,post-2016-10-11 official daily H.15 calendar at 16:15 ET,none
2020-09-03,0.15,DGS3,Percent,Daily,2020-09-04,2020-09-04T16:15:00-04:00,2020-09-05T05:15:00+09:00,2020-09-06,post-2016-10-11 official daily H.15 calendar at 16:15 ET,none
2020-09-04,0.18,DGS3,Percent,Daily,2020-09-08,2020-09-08T16:15:00-04:00,2020-09-09T05:15:00+09:00,2020-09-10,post-2016-10-11 official daily H.15 calendar at 16:15 ET,none
2020-09-07,,DGS3,Percent,Daily,2020-09-08,2020-09-08T16:15:00-04:00,2020-09-09T05:15:00+09:00,2020-09-10,post-2016-10-11 official daily H.15 calendar at 16:15 ET,none
2020-09-08,0.17,DGS3,Percent,Daily,2020-09-09,2020-09-09T16:15:00-04:00,2020-09-10T05:15:00+09:00,2020-09-11,post-2016-10-11 official daily H.15 calendar at 16:15 ET,none
2020-09-09,0.17,DGS3,Percent,Daily,2020-09-10,2020-09-10T16:15:00-04:00,2020-09-11T05:15:00+09:00,2020-09-12,post-2016-10-11 official daily H.15 calendar at 16:15 ET,none
2020-09-10,0.17,DGS3,Percent,Daily,2020-09-11,2020-09-11T16:15:00-04:00,2020-09-12T05:15:00+09:00,2020-09-13,post-2016-10-11 official daily H.15 calendar at 16:15 ET,none
2020-09-11,0.16,DGS3,Percent,Daily,2020-09-14,2020-09-14T16:15:00-04:00,2020-09-15T05:15:00+09:00,2020-09-16,post-2016-10-11 official daily H.15 calendar at 16:15 ET,none
2020-09-14,0.16,DGS3,Percent,Daily,2020-09-15,2020-09-15T16:15:00-04:00,2020-09-16T05:15:00+09:00,2020-09-17,post-2016-10-11 official daily H.15 calendar at 16:15 ET,none
2020-09-15,0.16,DGS3,Percent,Daily,2020-09-16,2020-09-16T16:15:00-04:00,2020-09-17T05:15:00+09:00,2020-09-18,post-2016-10-11 official daily H.15 calendar at 16:15 ET,none
2020-09-16,0.16,DGS3,Percent,Daily,2020-09-17,2020-09-17T16:15:00-04:00,2020-09-18T05:15:00+09:00,2020-09-19,post-2016-10-11 official daily H.15 calendar at 16:15 ET,none
2020-09-17,0.16,DGS3,Percent,Daily,2020-09-18,2020-09-18T16:15:00-04:00,2020-09-19T05:15:00+09:00,2020-09-20,post-2016-10-11 official daily H.15 calendar at 16:15 ET,none
2020-09-18,0.16,DGS3,Percent,Daily,2020-09-21,2020-09-21T16:15:00-04:00,2020-09-22T05:15:00+09:00,2020-09-23,post-2016-10-11 official daily H.15 calendar at 16:15 ET,none
2020-09-21,0.16,DGS3,Percent,Daily,2020-09-22,2020-09-22T16:15:00-04:00,2020-09-23T05:15:00+09:00,2020-09-24,post-2016-10-11 official daily H.15 calendar at 16:15 ET,none
2020-09-22,0.15,DGS3,Percent,Daily,2020-09-23,2020-09-23T16:15:00-04:00,2020-09-24T05:15:00+09:00,2020-09-25,post-2016-10-11 official daily H.15 calendar at 16:15 ET,none
2020-09-23,0.15,DGS3,Percent,Daily,2020-09-24,2020-09-24T16:15:00-04:00,2020-09-25T05:15:00+09:00,2020-09-26,post-2016-10-11 official daily H.15 calendar at 16:15 ET,none
2020-09-24,0.16,DGS3,Percent,Daily,2020-09-25,2020-09-25T16:15:00-04:00,2020-09-26T05:15:00+09:00,2020-09-27,post-2016-10-11 official daily H.15 calendar at 16:15 ET,none
2020-09-25,0.15,DGS3,Percent,Daily,2020-09-28,2020-09-28T16:15:00-04:00,2020-09-29T05:15:00+09:00,2020-09-30,post-2016-10-11 official daily H.15 calendar at 16:15 ET,none
2020-09-28,0.16,DGS3,Percent,Daily,2020-09-29,2020-09-29T16:15:00-04:00,2020-09-30T05:15:00+09:00,2020-10-01,post-2016-10-11 official daily H.15 calendar at 16:15 ET,none
2020-09-29,0.13,DGS3,Percent,Daily,2020-09-30,2020-09-30T16:15:00-04:00,2020-10-01T05:15:00+09:00,2020-10-02,post-2016-10-11 official daily H.15 calendar at 16:15 ET,none
2020-09-30,0.16,DGS3,Percent,Daily,2020-10-01,2020-10-01T16:15:00-04:00,2020-10-02T05:15:00+09:00,2020-10-03,post-2016-10-11 official daily H.15 calendar at 16:15 ET,none
2020-10-01,0.16,DGS3,Percent,Daily,2020-10-02,2020-10-02T16:15:00-04:00,2020-10-03T05:15:00+09:00,2020-10-04,post-2016-10-11 official daily H.15 calendar at 16:15 ET,none
2020-10-02,0.16,DGS3,Percent,Daily,2020-10-05,2020-10-05T16:15:00-04:00,2020-10-06T05:15:00+09:00,2020-10-07,post-2016-10-11 official daily H.15 calendar at 16:15 ET,none
2020-10-05,0.19,DGS3,Percent,Daily,2020-10-06,2020-10-06T16:15:00-04:00,2020-10-07T05:15:00+09:00,2020-10-08,post-2016-10-11 official daily H.15 calendar at 16:15 ET,none
2020-10-06,0.17,DGS3,Percent,Daily,2020-10-07,2020-10-07T16:15:00-04:00,2020-10-08T05:15:00+09:00,2020-10-09,post-2016-10-11 official daily H.15 calendar at 16:15 ET,none
2020-10-07,0.21,DGS3,Percent,Daily,2020-10-08,2020-10-08T16:15:00-04:00,2020-10-09T05:15:00+09:00,2020-10-10,post-2016-10-11 official daily H.15 calendar at 16:15 ET,none
2020-10-08,0.18,DGS3,Percent,Daily,2020-10-09,2020-10-09T16:15:00-04:00,2020-10-10T05:15:00+09:00,2020-10-11,post-2016-10-11 official daily H.15 calendar at 16:15 ET,none
2020-10-09,0.2,DGS3,Percent,Daily,2020-10-13,2020-10-13T16:15:00-04:00,2020-10-14T05:15:00+09:00,2020-10-15,post-2016-10-11 official daily H.15 calendar at 16:15 ET,none
2020-10-12,,DGS3,Percent,Daily,2020-10-13,2020-10-13T16:15:00-04:00,2020-10-14T05:15:00+09:00,2020-10-15,post-2016-10-11 official daily H.15 calendar at 16:15 ET,none
2020-10-13,0.18,DGS3,Percent,Daily,2020-10-14,2020-10-14T16:15:00-04:00,2020-10-15T05:15:00+09:00,2020-10-16,post-2016-10-11 official daily H.15 calendar at 16:15 ET,none
2020-10-14,0.18,DGS3,Percent,Daily,2020-10-15,2020-10-15T16:15:00-04:00,2020-10-16T05:15:00+09:00,2020-10-17,post-2016-10-11 official daily H.15 calendar at 16:15 ET,none
2020-10-15,0.18,DGS3,Percent,Daily,2020-10-16,2020-10-16T16:15:00-04:00,2020-10-17T05:15:00+09:00,2020-10-18,post-2016-10-11 official daily H.15 calendar at 16:15 ET,none
2020-10-16,0.18,DGS3,Percent,Daily,2020-10-19,2020-10-19T16:15:00-04:00,2020-10-20T05:15:00+09:00,2020-10-21,post-2016-10-11 official daily H.15 calendar at 16:15 ET,none
2020-10-19,0.19,DGS3,Percent,Daily,2020-10-20,2020-10-20T16:15:00-04:00,2020-10-21T05:15:00+09:00,2020-10-22,post-2016-10-11 official daily H.15 calendar at 16:15 ET,none
2020-10-20,0.19,DGS3,Percent,Daily,2020-10-21,2020-10-21T16:15:00-04:00,2020-10-22T05:15:00+09:00,2020-10-23,post-2016-10-11 official daily H.15 calendar at 16:15 ET,none
2020-10-21,0.2,DGS3,Percent,Daily,2020-10-22,2020-10-22T16:15:00-04:00,2020-10-23T05:15:00+09:00,2020-10-24,post-2016-10-11 official daily H.15 calendar at 16:15 ET,none
2020-10-22,0.21,DGS3,Percent,Daily,2020-10-23,2020-10-23T16:15:00-04:00,2020-10-24T05:15:00+09:00,2020-10-25,post-2016-10-11 official daily H.15 calendar at 16:15 ET,none
2020-10-23,0.21,DGS3,Percent,Daily,2020-10-26,2020-10-26T16:15:00-04:00,2020-10-27T05:15:00+09:00,2020-10-28,post-2016-10-11 official daily H.15 calendar at 16:15 ET,none
2020-10-26,0.18,DGS3,Percent,Daily,2020-10-27,2020-10-27T16:15:00-04:00,2020-10-28T05:15:00+09:00,2020-10-29,post-2016-10-11 official daily H.15 calendar at 16:15 ET,none
2020-10-27,0.19,DGS3,Percent,Daily,2020-10-28,2020-10-28T16:15:00-04:00,2020-10-29T05:15:00+09:00,2020-10-30,post-2016-10-11 official daily H.15 calendar at 16:15 ET,none
2020-10-28,0.19,DGS3,Percent,Daily,2020-10-29,2020-10-29T16:15:00-04:00,2020-10-30T05:15:00+09:00,2020-10-31,post-2016-10-11 official daily H.15 calendar at 16:15 ET,none
2020-10-29,0.2,DGS3,Percent,Daily,2020-10-30,2020-10-30T16:15:00-04:00,2020-10-31T05:15:00+09:00,2020-11-01,post-2016-10-11 official daily H.15 calendar at 16:15 ET,none
2020-10-30,0.19,DGS3,Percent,Daily,2020-11-02,2020-11-02T16:15:00-05:00,2020-11-03T06:15:00+09:00,2020-11-04,post-2016-10-11 official daily H.15 calendar at 16:15 ET,none
2020-11-02,0.2,DGS3,Percent,Daily,2020-11-03,2020-11-03T16:15:00-05:00,2020-11-04T06:15:00+09:00,2020-11-05,post-2016-10-11 official daily H.15 calendar at 16:15 ET,none
2020-11-03,0.21,DGS3,Percent,Daily,2020-11-04,2020-11-04T16:15:00-05:00,2020-11-05T06:15:00+09:00,2020-11-06,post-2016-10-11 official daily H.15 calendar at 16:15 ET,none
2020-11-04,0.18,DGS3,Percent,Daily,2020-11-05,2020-11-05T16:15:00-05:00,2020-11-06T06:15:00+09:00,2020-11-07,post-2016-10-11 official daily H.15 calendar at 16:15 ET,none
2020-11-05,0.18,DGS3,Percent,Daily,2020-11-06,2020-11-06T16:15:00-05:00,2020-11-07T06:15:00+09:00,2020-11-08,post-2016-10-11 official daily H.15 calendar at 16:15 ET,none
2020-11-06,0.21,DGS3,Percent,Daily,2020-11-09,2020-11-09T16:15:00-05:00,2020-11-10T06:15:00+09:00,2020-11-11,post-2016-10-11 official daily H.15 calendar at 16:15 ET,none
2020-11-09,0.25,DGS3,Percent,Daily,2020-11-10,2020-11-10T16:15:00-05:00,2020-11-11T06:15:00+09:00,2020-11-12,post-2016-10-11 official daily H.15 calendar at 16:15 ET,none
2020-11-10,0.26,DGS3,Percent,Daily,2020-11-12,2020-11-12T16:15:00-05:00,2020-11-13T06:15:00+09:00,2020-11-14,post-2016-10-11 official daily H.15 calendar at 16:15 ET,none
2020-11-11,,DGS3,Percent,Daily,2020-11-12,2020-11-12T16:15:00-05:00,2020-11-13T06:15:00+09:00,2020-11-14,post-2016-10-11 official daily H.15 calendar at 16:15 ET,none
2020-11-12,0.23,DGS3,Percent,Daily,2020-11-13,2020-11-13T16:15:00-05:00,2020-11-14T06:15:00+09:00,2020-11-15,post-2016-10-11 official daily H.15 calendar at 16:15 ET,none
2020-11-13,0.23,DGS3,Percent,Daily,2020-11-16,2020-11-16T16:15:00-05:00,2020-11-17T06:15:00+09:00,2020-11-18,post-2016-10-11 official daily H.15 calendar at 16:15 ET,none
2020-11-16,0.24,DGS3,Percent,Daily,2020-11-17,2020-11-17T16:15:00-05:00,2020-11-18T06:15:00+09:00,2020-11-19,post-2016-10-11 official daily H.15 calendar at 16:15 ET,none
2020-11-17,0.22,DGS3,Percent,Daily,2020-11-18,2020-11-18T16:15:00-05:00,2020-11-19T06:15:00+09:00,2020-11-20,post-2016-10-11 official daily H.15 calendar at 16:15 ET,none
2020-11-18,0.22,DGS3,Percent,Daily,2020-11-19,2020-11-19T16:15:00-05:00,2020-11-20T06:15:00+09:00,2020-11-21,post-2016-10-11 official daily H.15 calendar at 16:15 ET,none
2020-11-19,0.22,DGS3,Percent,Daily,2020-11-20,2020-11-20T16:15:00-05:00,2020-11-21T06:15:00+09:00,2020-11-22,post-2016-10-11 official daily H.15 calendar at 16:15 ET,none
2020-11-20,0.21,DGS3,Percent,Daily,2020-11-23,2020-11-23T16:15:00-05:00,2020-11-24T06:15:00+09:00,2020-11-25,post-2016-10-11 official daily H.15 calendar at 16:15 ET,none
2020-11-23,0.22,DGS3,Percent,Daily,2020-11-24,2020-11-24T16:15:00-05:00,2020-11-25T06:15:00+09:00,2020-11-26,post-2016-10-11 official daily H.15 calendar at 16:15 ET,none
2020-11-24,0.22,DGS3,Percent,Daily,2020-11-25,2020-11-25T16:15:00-05:00,2020-11-26T06:15:00+09:00,2020-11-27,post-2016-10-11 official daily H.15 calendar at 16:15 ET,none
2020-11-25,0.21,DGS3,Percent,Daily,2020-11-27,2020-11-27T16:15:00-05:00,2020-11-28T06:15:00+09:00,2020-11-29,post-2016-10-11 official daily H.15 calendar at 16:15 ET,none
2020-11-26,,DGS3,Percent,Daily,2020-11-27,2020-11-27T16:15:00-05:00,2020-11-28T06:15:00+09:00,2020-11-29,post-2016-10-11 official daily H.15 calendar at 16:15 ET,none
2020-11-27,0.2,DGS3,Percent,Daily,2020-11-30,2020-11-30T16:15:00-05:00,2020-12-01T06:15:00+09:00,2020-12-02,post-2016-10-11 official daily H.15 calendar at 16:15 ET,none
2020-11-30,0.19,DGS3,Percent,Daily,2020-12-01,2020-12-01T16:15:00-05:00,2020-12-02T06:15:00+09:00,2020-12-03,post-2016-10-11 official daily H.15 calendar at 16:15 ET,none
2020-12-01,0.22,DGS3,Percent,Daily,2020-12-02,2020-12-02T16:15:00-05:00,2020-12-03T06:15:00+09:00,2020-12-04,post-2016-10-11 official daily H.15 calendar at 16:15 ET,none
2020-12-02,0.22,DGS3,Percent,Daily,2020-12-03,2020-12-03T16:15:00-05:00,2020-12-04T06:15:00+09:00,2020-12-05,post-2016-10-11 official daily H.15 calendar at 16:15 ET,none
2020-12-03,0.21,DGS3,Percent,Daily,2020-12-04,2020-12-04T16:15:00-05:00,2020-12-05T06:15:00+09:00,2020-12-06,post-2016-10-11 official daily H.15 calendar at 16:15 ET,none
2020-12-04,0.21,DGS3,Percent,Daily,2020-12-07,2020-12-07T16:15:00-05:00,2020-12-08T06:15:00+09:00,2020-12-09,post-2016-10-11 official daily H.15 calendar at 16:15 ET,none
2020-12-07,0.2,DGS3,Percent,Daily,2020-12-08,2020-12-08T16:15:00-05:00,2020-12-09T06:15:00+09:00,2020-12-10,post-2016-10-11 official daily H.15 calendar at 16:15 ET,none
2020-12-08,0.2,DGS3,Percent,Daily,2020-12-09,2020-12-09T16:15:00-05:00,2020-12-10T06:15:00+09:00,2020-12-11,post-2016-10-11 official daily H.15 calendar at 16:15 ET,none
2020-12-09,0.21,DGS3,Percent,Daily,2020-12-10,2020-12-10T16:15:00-05:00,2020-12-11T06:15:00+09:00,2020-12-12,post-2016-10-11 official daily H.15 calendar at 16:15 ET,none
2020-12-10,0.2,DGS3,Percent,Daily,2020-12-11,2020-12-11T16:15:00-05:00,2020-12-12T06:15:00+09:00,2020-12-13,post-2016-10-11 official daily H.15 calendar at 16:15 ET,none
2020-12-11,0.18,DGS3,Percent,Daily,2020-12-14,2020-12-14T16:15:00-05:00,2020-12-15T06:15:00+09:00,2020-12-16,post-2016-10-11 official daily H.15 calendar at 16:15 ET,none
2020-12-14,0.17,DGS3,Percent,Daily,2020-12-15,2020-12-15T16:15:00-05:00,2020-12-16T06:15:00+09:00,2020-12-17,post-2016-10-11 official daily H.15 calendar at 16:15 ET,none
2020-12-15,0.18,DGS3,Percent,Daily,2020-12-16,2020-12-16T16:15:00-05:00,2020-12-17T06:15:00+09:00,2020-12-18,post-2016-10-11 official daily H.15 calendar at 16:15 ET,none
2020-12-16,0.18,DGS3,Percent,Daily,2020-12-17,2020-12-17T16:15:00-05:00,2020-12-18T06:15:00+09:00,2020-12-19,post-2016-10-11 official daily H.15 calendar at 16:15 ET,none
2020-12-17,0.19,DGS3,Percent,Daily,2020-12-18,2020-12-18T16:15:00-05:00,2020-12-19T06:15:00+09:00,2020-12-20,post-2016-10-11 official daily H.15 calendar at 16:15 ET,none
2020-12-18,0.19,DGS3,Percent,Daily,2020-12-21,2020-12-21T16:15:00-05:00,2020-12-22T06:15:00+09:00,2020-12-23,post-2016-10-11 official daily H.15 calendar at 16:15 ET,none
2020-12-21,0.18,DGS3,Percent,Daily,2020-12-22,2020-12-22T16:15:00-05:00,2020-12-23T06:15:00+09:00,2020-12-24,post-2016-10-11 official daily H.15 calendar at 16:15 ET,none
2020-12-22,0.17,DGS3,Percent,Daily,2020-12-23,2020-12-23T16:15:00-05:00,2020-12-24T06:15:00+09:00,2020-12-25,post-2016-10-11 official daily H.15 calendar at 16:15 ET,none
2020-12-23,0.18,DGS3,Percent,Daily,2020-12-28,2020-12-28T16:15:00-05:00,2020-12-29T06:15:00+09:00,2020-12-30,post-2016-10-11 official daily H.15 calendar at 16:15 ET,none
2020-12-24,0.17,DGS3,Percent,Daily,2020-12-28,2020-12-28T16:15:00-05:00,2020-12-29T06:15:00+09:00,2020-12-30,post-2016-10-11 official daily H.15 calendar at 16:15 ET,none
2020-12-25,,DGS3,Percent,Daily,2020-12-28,2020-12-28T16:15:00-05:00,2020-12-29T06:15:00+09:00,2020-12-30,post-2016-10-11 official daily H.15 calendar at 16:15 ET,none
2020-12-28,0.17,DGS3,Percent,Daily,2020-12-29,2020-12-29T16:15:00-05:00,2020-12-30T06:15:00+09:00,2020-12-31,post-2016-10-11 official daily H.15 calendar at 16:15 ET,none
2020-12-29,0.17,DGS3,Percent,Daily,2020-12-30,2020-12-30T16:15:00-05:00,2020-12-31T06:15:00+09:00,2021-01-01,post-2016-10-11 official daily H.15 calendar at 16:15 ET,none
2020-12-30,0.17,DGS3,Percent,Daily,2020-12-31,2020-12-31T16:15:00-05:00,2021-01-01T06:15:00+09:00,2021-01-02,post-2016-10-11 official daily H.15 calendar at 16:15 ET,none
2020-12-31,0.17,DGS3,Percent,Daily,2021-01-04,2021-01-04T16:15:00-05:00,2021-01-05T06:15:00+09:00,2021-01-06,post-2016-10-11 official daily H.15 calendar at 16:15 ET,none
2021-01-01,,DGS3,Percent,Daily,2021-01-04,2021-01-04T16:15:00-05:00,2021-01-05T06:15:00+09:00,2021-01-06,post-2016-10-11 official daily H.15 calendar at 16:15 ET,none
2021-01-04,0.16,DGS3,Percent,Daily,2021-01-05,2021-01-05T16:15:00-05:00,2021-01-06T06:15:00+09:00,2021-01-07,post-2016-10-11 official daily H.15 calendar at 16:15 ET,none
2021-01-05,0.17,DGS3,Percent,Daily,2021-01-06,2021-01-06T16:15:00-05:00,2021-01-07T06:15:00+09:00,2021-01-08,post-2016-10-11 official daily H.15 calendar at 16:15 ET,none
2021-01-06,0.2,DGS3,Percent,Daily,2021-01-07,2021-01-07T16:15:00-05:00,2021-01-08T06:15:00+09:00,2021-01-09,post-2016-10-11 official daily H.15 calendar at 16:15 ET,none
2021-01-07,0.22,DGS3,Percent,Daily,2021-01-08,2021-01-08T16:15:00-05:00,2021-01-09T06:15:00+09:00,2021-01-10,post-2016-10-11 official daily H.15 calendar at 16:15 ET,none
2021-01-08,0.24,DGS3,Percent,Daily,2021-01-11,2021-01-11T16:15:00-05:00,2021-01-12T06:15:00+09:00,2021-01-13,post-2016-10-11 official daily H.15 calendar at 16:15 ET,none
2021-01-11,0.22,DGS3,Percent,Daily,2021-01-12,2021-01-12T16:15:00-05:00,2021-01-13T06:15:00+09:00,2021-01-14,post-2016-10-11 official daily H.15 calendar at 16:15 ET,none
2021-01-12,0.23,DGS3,Percent,Daily,2021-01-13,2021-01-13T16:15:00-05:00,2021-01-14T06:15:00+09:00,2021-01-15,post-2016-10-11 official daily H.15 calendar at 16:15 ET,none
2021-01-13,0.22,DGS3,Percent,Daily,2021-01-14,2021-01-14T16:15:00-05:00,2021-01-15T06:15:00+09:00,2021-01-16,post-2016-10-11 official daily H.15 calendar at 16:15 ET,none
2021-01-14,0.23,DGS3,Percent,Daily,2021-01-15,2021-01-15T16:15:00-05:00,2021-01-16T06:15:00+09:00,2021-01-17,post-2016-10-11 official daily H.15 calendar at 16:15 ET,none
2021-01-15,0.2,DGS3,Percent,Daily,2021-01-19,2021-01-19T16:15:00-05:00,2021-01-20T06:15:00+09:00,2021-01-21,post-2016-10-11 official daily H.15 calendar at 16:15 ET,none
2021-01-18,,DGS3,Percent,Daily,2021-01-19,2021-01-19T16:15:00-05:00,2021-01-20T06:15:00+09:00,2021-01-21,post-2016-10-11 official daily H.15 calendar at 16:15 ET,none
2021-01-19,0.21,DGS3,Percent,Daily,2021-01-21,2021-01-21T16:15:00-05:00,2021-01-22T06:15:00+09:00,2021-01-23,post-2016-10-11 official daily H.15 calendar at 16:15 ET,none
2021-01-20,0.19,DGS3,Percent,Daily,2021-01-21,2021-01-21T16:15:00-05:00,2021-01-22T06:15:00+09:00,2021-01-23,post-2016-10-11 official daily H.15 calendar at 16:15 ET,none
2021-01-21,0.19,DGS3,Percent,Daily,2021-01-22,2021-01-22T16:15:00-05:00,2021-01-23T06:15:00+09:00,2021-01-24,post-2016-10-11 official daily H.15 calendar at 16:15 ET,none
2021-01-22,0.19,DGS3,Percent,Daily,2021-01-25,2021-01-25T16:15:00-05:00,2021-01-26T06:15:00+09:00,2021-01-27,post-2016-10-11 official daily H.15 calendar at 16:15 ET,none
2021-01-25,0.17,DGS3,Percent,Daily,2021-01-26,2021-01-26T16:15:00-05:00,2021-01-27T06:15:00+09:00,2021-01-28,post-2016-10-11 official daily H.15 calendar at 16:15 ET,none
2021-01-26,0.18,DGS3,Percent,Daily,2021-01-27,2021-01-27T16:15:00-05:00,2021-01-28T06:15:00+09:00,2021-01-29,post-2016-10-11 official daily H.15 calendar at 16:15 ET,none
2021-01-27,0.18,DGS3,Percent,Daily,2021-01-28,2021-01-28T16:15:00-05:00,2021-01-29T06:15:00+09:00,2021-01-30,post-2016-10-11 official daily H.15 calendar at 16:15 ET,none
2021-01-28,0.18,DGS3,Percent,Daily,2021-01-29,2021-01-29T16:15:00-05:00,2021-01-30T06:15:00+09:00,2021-01-31,post-2016-10-11 official daily H.15 calendar at 16:15 ET,none
2021-01-29,0.19,DGS3,Percent,Daily,2021-02-01,2021-02-01T16:15:00-05:00,2021-02-02T06:15:00+09:00,2021-02-03,post-2016-10-11 official daily H.15 calendar at 16:15 ET,none
2021-02-01,0.17,DGS3,Percent,Daily,2021-02-02,2021-02-02T16:15:00-05:00,2021-02-03T06:15:00+09:00,2021-02-04,post-2016-10-11 official daily H.15 calendar at 16:15 ET,none
2021-02-02,0.18,DGS3,Percent,Daily,2021-02-03,2021-02-03T16:15:00-05:00,2021-02-04T06:15:00+09:00,2021-02-05,post-2016-10-11 official daily H.15 calendar at 16:15 ET,none
2021-02-03,0.19,DGS3,Percent,Daily,2021-02-04,2021-02-04T16:15:00-05:00,2021-02-05T06:15:00+09:00,2021-02-06,post-2016-10-11 official daily H.15 calendar at 16:15 ET,none
2021-02-04,0.18,DGS3,Percent,Daily,2021-02-05,2021-02-05T16:15:00-05:00,2021-02-06T06:15:00+09:00,2021-02-07,post-2016-10-11 official daily H.15 calendar at 16:15 ET,none
2021-02-05,0.19,DGS3,Percent,Daily,2021-02-08,2021-02-08T16:15:00-05:00,2021-02-09T06:15:00+09:00,2021-02-10,post-2016-10-11 official daily H.15 calendar at 16:15 ET,none
2021-02-08,0.2,DGS3,Percent,Daily,2021-02-09,2021-02-09T16:15:00-05:00,2021-02-10T06:15:00+09:00,2021-02-11,post-2016-10-11 official daily H.15 calendar at 16:15 ET,none
2021-02-09,0.19,DGS3,Percent,Daily,2021-02-10,2021-02-10T16:15:00-05:00,2021-02-11T06:15:00+09:00,2021-02-12,post-2016-10-11 official daily H.15 calendar at 16:15 ET,none
2021-02-10,0.19,DGS3,Percent,Daily,2021-02-11,2021-02-11T16:15:00-05:00,2021-02-12T06:15:00+09:00,2021-02-13,post-2016-10-11 official daily H.15 calendar at 16:15 ET,none
2021-02-11,0.19,DGS3,Percent,Daily,2021-02-12,2021-02-12T16:15:00-05:00,2021-02-13T06:15:00+09:00,2021-02-14,post-2016-10-11 official daily H.15 calendar at 16:15 ET,none
2021-02-12,0.2,DGS3,Percent,Daily,2021-02-16,2021-02-16T16:15:00-05:00,2021-02-17T06:15:00+09:00,2021-02-18,post-2016-10-11 official daily H.15 calendar at 16:15 ET,none
2021-02-15,,DGS3,Percent,Daily,2021-02-16,2021-02-16T16:15:00-05:00,2021-02-17T06:15:00+09:00,2021-02-18,post-2016-10-11 official daily H.15 calendar at 16:15 ET,none
2021-02-16,0.23,DGS3,Percent,Daily,2021-02-17,2021-02-17T16:15:00-05:00,2021-02-18T06:15:00+09:00,2021-02-19,post-2016-10-11 official daily H.15 calendar at 16:15 ET,none
2021-02-17,0.21,DGS3,Percent,Daily,2021-02-18,2021-02-18T16:15:00-05:00,2021-02-19T06:15:00+09:00,2021-02-20,post-2016-10-11 official daily H.15 calendar at 16:15 ET,none
2021-02-18,0.21,DGS3,Percent,Daily,2021-02-19,2021-02-19T16:15:00-05:00,2021-02-20T06:15:00+09:00,2021-02-21,post-2016-10-11 official daily H.15 calendar at 16:15 ET,none
2021-02-19,0.22,DGS3,Percent,Daily,2021-02-22,2021-02-22T16:15:00-05:00,2021-02-23T06:15:00+09:00,2021-02-24,post-2016-10-11 official daily H.15 calendar at 16:15 ET,none
2021-02-22,0.22,DGS3,Percent,Daily,2021-02-23,2021-02-23T16:15:00-05:00,2021-02-24T06:15:00+09:00,2021-02-25,post-2016-10-11 official daily H.15 calendar at 16:15 ET,none
2021-02-23,0.22,DGS3,Percent,Daily,2021-02-24,2021-02-24T16:15:00-05:00,2021-02-25T06:15:00+09:00,2021-02-26,post-2016-10-11 official daily H.15 calendar at 16:15 ET,none
2021-02-24,0.24,DGS3,Percent,Daily,2021-02-25,2021-02-25T16:15:00-05:00,2021-02-26T06:15:00+09:00,2021-02-27,post-2016-10-11 official daily H.15 calendar at 16:15 ET,none
2021-02-25,0.34,DGS3,Percent,Daily,2021-02-26,2021-02-26T16:15:00-05:00,2021-02-27T06:15:00+09:00,2021-02-28,post-2016-10-11 official daily H.15 calendar at 16:15 ET,none
2021-02-26,0.3,DGS3,Percent,Daily,2021-03-01,2021-03-01T16:15:00-05:00,2021-03-02T06:15:00+09:00,2021-03-03,post-2016-10-11 official daily H.15 calendar at 16:15 ET,none
2021-03-01,0.27,DGS3,Percent,Daily,2021-03-02,2021-03-02T16:15:00-05:00,2021-03-03T06:15:00+09:00,2021-03-04,post-2016-10-11 official daily H.15 calendar at 16:15 ET,none
2021-03-02,0.26,DGS3,Percent,Daily,2021-03-03,2021-03-03T16:15:00-05:00,2021-03-04T06:15:00+09:00,2021-03-05,post-2016-10-11 official daily H.15 calendar at 16:15 ET,none
2021-03-03,0.29,DGS3,Percent,Daily,2021-03-04,2021-03-04T16:15:00-05:00,2021-03-05T06:15:00+09:00,2021-03-06,post-2016-10-11 official daily H.15 calendar at 16:15 ET,none
2021-03-04,0.32,DGS3,Percent,Daily,2021-03-05,2021-03-05T16:15:00-05:00,2021-03-06T06:15:00+09:00,2021-03-07,post-2016-10-11 official daily H.15 calendar at 16:15 ET,none
2021-03-05,0.32,DGS3,Percent,Daily,2021-03-08,2021-03-08T16:15:00-05:00,2021-03-09T06:15:00+09:00,2021-03-10,post-2016-10-11 official daily H.15 calendar at 16:15 ET,none
2021-03-08,0.34,DGS3,Percent,Daily,2021-03-09,2021-03-09T16:15:00-05:00,2021-03-10T06:15:00+09:00,2021-03-11,post-2016-10-11 official daily H.15 calendar at 16:15 ET,none
2021-03-09,0.35,DGS3,Percent,Daily,2021-03-10,2021-03-10T16:15:00-05:00,2021-03-11T06:15:00+09:00,2021-03-12,post-2016-10-11 official daily H.15 calendar at 16:15 ET,none
2021-03-10,0.32,DGS3,Percent,Daily,2021-03-11,2021-03-11T16:15:00-05:00,2021-03-12T06:15:00+09:00,2021-03-13,post-2016-10-11 official daily H.15 calendar at 16:15 ET,none
2021-03-11,0.31,DGS3,Percent,Daily,2021-03-12,2021-03-12T16:15:00-05:00,2021-03-13T06:15:00+09:00,2021-03-14,post-2016-10-11 official daily H.15 calendar at 16:15 ET,none
2021-03-12,0.34,DGS3,Percent,Daily,2021-03-15,2021-03-15T16:15:00-04:00,2021-03-16T05:15:00+09:00,2021-03-17,post-2016-10-11 official daily H.15 calendar at 16:15 ET,none
2021-03-15,0.33,DGS3,Percent,Daily,2021-03-16,2021-03-16T16:15:00-04:00,2021-03-17T05:15:00+09:00,2021-03-18,post-2016-10-11 official daily H.15 calendar at 16:15 ET,none
2021-03-16,0.33,DGS3,Percent,Daily,2021-03-17,2021-03-17T16:15:00-04:00,2021-03-18T05:15:00+09:00,2021-03-19,post-2016-10-11 official daily H.15 calendar at 16:15 ET,none
2021-03-17,0.29,DGS3,Percent,Daily,2021-03-18,2021-03-18T16:15:00-04:00,2021-03-19T05:15:00+09:00,2021-03-20,post-2016-10-11 official daily H.15 calendar at 16:15 ET,none
2021-03-18,0.33,DGS3,Percent,Daily,2021-03-19,2021-03-19T16:15:00-04:00,2021-03-20T05:15:00+09:00,2021-03-21,post-2016-10-11 official daily H.15 calendar at 16:15 ET,none
2021-03-19,0.33,DGS3,Percent,Daily,2021-03-22,2021-03-22T16:15:00-04:00,2021-03-23T05:15:00+09:00,2021-03-24,post-2016-10-11 official daily H.15 calendar at 16:15 ET,none
2021-03-22,0.32,DGS3,Percent,Daily,2021-03-23,2021-03-23T16:15:00-04:00,2021-03-24T05:15:00+09:00,2021-03-25,post-2016-10-11 official daily H.15 calendar at 16:15 ET,none
2021-03-23,0.31,DGS3,Percent,Daily,2021-03-24,2021-03-24T16:15:00-04:00,2021-03-25T05:15:00+09:00,2021-03-26,post-2016-10-11 official daily H.15 calendar at 16:15 ET,none
2021-03-24,0.31,DGS3,Percent,Daily,2021-03-25,2021-03-25T16:15:00-04:00,2021-03-26T05:15:00+09:00,2021-03-27,post-2016-10-11 official daily H.15 calendar at 16:15 ET,none
2021-03-25,0.3,DGS3,Percent,Daily,2021-03-26,2021-03-26T16:15:00-04:00,2021-03-27T05:15:00+09:00,2021-03-28,post-2016-10-11 official daily H.15 calendar at 16:15 ET,none
2021-03-26,0.31,DGS3,Percent,Daily,2021-03-29,2021-03-29T16:15:00-04:00,2021-03-30T05:15:00+09:00,2021-03-31,post-2016-10-11 official daily H.15 calendar at 16:15 ET,none
2021-03-29,0.32,DGS3,Percent,Daily,2021-03-30,2021-03-30T16:15:00-04:00,2021-03-31T05:15:00+09:00,2021-04-01,post-2016-10-11 official daily H.15 calendar at 16:15 ET,none
2021-03-30,0.33,DGS3,Percent,Daily,2021-03-31,2021-03-31T16:15:00-04:00,2021-04-01T05:15:00+09:00,2021-04-02,post-2016-10-11 official daily H.15 calendar at 16:15 ET,none
2021-03-31,0.35,DGS3,Percent,Daily,2021-04-01,2021-04-01T16:15:00-04:00,2021-04-02T05:15:00+09:00,2021-04-03,post-2016-10-11 official daily H.15 calendar at 16:15 ET,none
2021-04-01,0.35,DGS3,Percent,Daily,2021-04-02,2021-04-02T16:15:00-04:00,2021-04-03T05:15:00+09:00,2021-04-04,post-2016-10-11 official daily H.15 calendar at 16:15 ET,none
2021-04-02,0.39,DGS3,Percent,Daily,2021-04-05,2021-04-05T16:15:00-04:00,2021-04-06T05:15:00+09:00,2021-04-07,post-2016-10-11 official daily H.15 calendar at 16:15 ET,none
2021-04-05,0.37,DGS3,Percent,Daily,2021-04-06,2021-04-06T16:15:00-04:00,2021-04-07T05:15:00+09:00,2021-04-08,post-2016-10-11 official daily H.15 calendar at 16:15 ET,none
2021-04-06,0.35,DGS3,Percent,Daily,2021-04-07,2021-04-07T16:15:00-04:00,2021-04-08T05:15:00+09:00,2021-04-09,post-2016-10-11 official daily H.15 calendar at 16:15 ET,none
2021-04-07,0.34,DGS3,Percent,Daily,2021-04-08,2021-04-08T16:15:00-04:00,2021-04-09T05:15:00+09:00,2021-04-10,post-2016-10-11 official daily H.15 calendar at 16:15 ET,none
2021-04-08,0.33,DGS3,Percent,Daily,2021-04-09,2021-04-09T16:15:00-04:00,2021-04-10T05:15:00+09:00,2021-04-11,post-2016-10-11 official daily H.15 calendar at 16:15 ET,none
2021-04-09,0.35,DGS3,Percent,Daily,2021-04-12,2021-04-12T16:15:00-04:00,2021-04-13T05:15:00+09:00,2021-04-14,post-2016-10-11 official daily H.15 calendar at 16:15 ET,none
2021-04-12,0.38,DGS3,Percent,Daily,2021-04-13,2021-04-13T16:15:00-04:00,2021-04-14T05:15:00+09:00,2021-04-15,post-2016-10-11 official daily H.15 calendar at 16:15 ET,none
2021-04-13,0.35,DGS3,Percent,Daily,2021-04-14,2021-04-14T16:15:00-04:00,2021-04-15T05:15:00+09:00,2021-04-16,post-2016-10-11 official daily H.15 calendar at 16:15 ET,none
2021-04-14,0.35,DGS3,Percent,Daily,2021-04-15,2021-04-15T16:15:00-04:00,2021-04-16T05:15:00+09:00,2021-04-17,post-2016-10-11 official daily H.15 calendar at 16:15 ET,none
2021-04-15,0.32,DGS3,Percent,Daily,2021-04-16,2021-04-16T16:15:00-04:00,2021-04-17T05:15:00+09:00,2021-04-18,post-2016-10-11 official daily H.15 calendar at 16:15 ET,none
2021-04-16,0.34,DGS3,Percent,Daily,2021-04-19,2021-04-19T16:15:00-04:00,2021-04-20T05:15:00+09:00,2021-04-21,post-2016-10-11 official daily H.15 calendar at 16:15 ET,none
2021-04-19,0.34,DGS3,Percent,Daily,2021-04-20,2021-04-20T16:15:00-04:00,2021-04-21T05:15:00+09:00,2021-04-22,post-2016-10-11 official daily H.15 calendar at 16:15 ET,none
2021-04-20,0.31,DGS3,Percent,Daily,2021-04-21,2021-04-21T16:15:00-04:00,2021-04-22T05:15:00+09:00,2021-04-23,post-2016-10-11 official daily H.15 calendar at 16:15 ET,none
2021-04-21,0.32,DGS3,Percent,Daily,2021-04-22,2021-04-22T16:15:00-04:00,2021-04-23T05:15:00+09:00,2021-04-24,post-2016-10-11 official daily H.15 calendar at 16:15 ET,none
2021-04-22,0.32,DGS3,Percent,Daily,2021-04-23,2021-04-23T16:15:00-04:00,2021-04-24T05:15:00+09:00,2021-04-25,post-2016-10-11 official daily H.15 calendar at 16:15 ET,none
2021-04-23,0.34,DGS3,Percent,Daily,2021-04-26,2021-04-26T16:15:00-04:00,2021-04-27T05:15:00+09:00,2021-04-28,post-2016-10-11 official daily H.15 calendar at 16:15 ET,none
2021-04-26,0.35,DGS3,Percent,Daily,2021-04-27,2021-04-27T16:15:00-04:00,2021-04-28T05:15:00+09:00,2021-04-29,post-2016-10-11 official daily H.15 calendar at 16:15 ET,none
2021-04-27,0.36,DGS3,Percent,Daily,2021-04-28,2021-04-28T16:15:00-04:00,2021-04-29T05:15:00+09:00,2021-04-30,post-2016-10-11 official daily H.15 calendar at 16:15 ET,none
2021-04-28,0.35,DGS3,Percent,Daily,2021-04-29,2021-04-29T16:15:00-04:00,2021-04-30T05:15:00+09:00,2021-05-01,post-2016-10-11 official daily H.15 calendar at 16:15 ET,none
2021-04-29,0.35,DGS3,Percent,Daily,2021-04-30,2021-04-30T16:15:00-04:00,2021-05-01T05:15:00+09:00,2021-05-02,post-2016-10-11 official daily H.15 calendar at 16:15 ET,none
2021-04-30,0.35,DGS3,Percent,Daily,2021-05-03,2021-05-03T16:15:00-04:00,2021-05-04T05:15:00+09:00,2021-05-05,post-2016-10-11 official daily H.15 calendar at 16:15 ET,none
2021-05-03,0.33,DGS3,Percent,Daily,2021-05-04,2021-05-04T16:15:00-04:00,2021-05-05T05:15:00+09:00,2021-05-06,post-2016-10-11 official daily H.15 calendar at 16:15 ET,none
2021-05-04,0.33,DGS3,Percent,Daily,2021-05-05,2021-05-05T16:15:00-04:00,2021-05-06T05:15:00+09:00,2021-05-07,post-2016-10-11 official daily H.15 calendar at 16:15 ET,none
2021-05-05,0.32,DGS3,Percent,Daily,2021-05-06,2021-05-06T16:15:00-04:00,2021-05-07T05:15:00+09:00,2021-05-08,post-2016-10-11 official daily H.15 calendar at 16:15 ET,none
2021-05-06,0.32,DGS3,Percent,Daily,2021-05-07,2021-05-07T16:15:00-04:00,2021-05-08T05:15:00+09:00,2021-05-09,post-2016-10-11 official daily H.15 calendar at 16:15 ET,none
2021-05-07,0.29,DGS3,Percent,Daily,2021-05-10,2021-05-10T16:15:00-04:00,2021-05-11T05:15:00+09:00,2021-05-12,post-2016-10-11 official daily H.15 calendar at 16:15 ET,none
2021-05-10,0.32,DGS3,Percent,Daily,2021-05-11,2021-05-11T16:15:00-04:00,2021-05-12T05:15:00+09:00,2021-05-13,post-2016-10-11 official daily H.15 calendar at 16:15 ET,none
2021-05-11,0.31,DGS3,Percent,Daily,2021-05-12,2021-05-12T16:15:00-04:00,2021-05-13T05:15:00+09:00,2021-05-14,post-2016-10-11 official daily H.15 calendar at 16:15 ET,none
2021-05-12,0.35,DGS3,Percent,Daily,2021-05-13,2021-05-13T16:15:00-04:00,2021-05-14T05:15:00+09:00,2021-05-15,post-2016-10-11 official daily H.15 calendar at 16:15 ET,none
2021-05-13,0.33,DGS3,Percent,Daily,2021-05-14,2021-05-14T16:15:00-04:00,2021-05-15T05:15:00+09:00,2021-05-16,post-2016-10-11 official daily H.15 calendar at 16:15 ET,none
2021-05-14,0.33,DGS3,Percent,Daily,2021-05-17,2021-05-17T16:15:00-04:00,2021-05-18T05:15:00+09:00,2021-05-19,post-2016-10-11 official daily H.15 calendar at 16:15 ET,none
2021-05-17,0.34,DGS3,Percent,Daily,2021-05-18,2021-05-18T16:15:00-04:00,2021-05-19T05:15:00+09:00,2021-05-20,post-2016-10-11 official daily H.15 calendar at 16:15 ET,none
2021-05-18,0.34,DGS3,Percent,Daily,2021-05-19,2021-05-19T16:15:00-04:00,2021-05-20T05:15:00+09:00,2021-05-21,post-2016-10-11 official daily H.15 calendar at 16:15 ET,none
2021-05-19,0.35,DGS3,Percent,Daily,2021-05-20,2021-05-20T16:15:00-04:00,2021-05-21T05:15:00+09:00,2021-05-22,post-2016-10-11 official daily H.15 calendar at 16:15 ET,none
2021-05-20,0.34,DGS3,Percent,Daily,2021-05-21,2021-05-21T16:15:00-04:00,2021-05-22T05:15:00+09:00,2021-05-23,post-2016-10-11 official daily H.15 calendar at 16:15 ET,none
2021-05-21,0.34,DGS3,Percent,Daily,2021-05-24,2021-05-24T16:15:00-04:00,2021-05-25T05:15:00+09:00,2021-05-26,post-2016-10-11 official daily H.15 calendar at 16:15 ET,none
2021-05-24,0.32,DGS3,Percent,Daily,2021-05-25,2021-05-25T16:15:00-04:00,2021-05-26T05:15:00+09:00,2021-05-27,post-2016-10-11 official daily H.15 calendar at 16:15 ET,none
2021-05-25,0.3,DGS3,Percent,Daily,2021-05-26,2021-05-26T16:15:00-04:00,2021-05-27T05:15:00+09:00,2021-05-28,post-2016-10-11 official daily H.15 calendar at 16:15 ET,none
2021-05-26,0.31,DGS3,Percent,Daily,2021-05-27,2021-05-27T16:15:00-04:00,2021-05-28T05:15:00+09:00,2021-05-29,post-2016-10-11 official daily H.15 calendar at 16:15 ET,none
2021-05-27,0.31,DGS3,Percent,Daily,2021-05-28,2021-05-28T16:15:00-04:00,2021-05-29T05:15:00+09:00,2021-05-30,post-2016-10-11 official daily H.15 calendar at 16:15 ET,none
2021-05-28,0.3,DGS3,Percent,Daily,2021-06-01,2021-06-01T16:15:00-04:00,2021-06-02T05:15:00+09:00,2021-06-03,post-2016-10-11 official daily H.15 calendar at 16:15 ET,none
2021-05-31,,DGS3,Percent,Daily,2021-06-01,2021-06-01T16:15:00-04:00,2021-06-02T05:15:00+09:00,2021-06-03,post-2016-10-11 official daily H.15 calendar at 16:15 ET,none
2021-06-01,0.31,DGS3,Percent,Daily,2021-06-02,2021-06-02T16:15:00-04:00,2021-06-03T05:15:00+09:00,2021-06-04,post-2016-10-11 official daily H.15 calendar at 16:15 ET,none
2021-06-02,0.3,DGS3,Percent,Daily,2021-06-03,2021-06-03T16:15:00-04:00,2021-06-04T05:15:00+09:00,2021-06-05,post-2016-10-11 official daily H.15 calendar at 16:15 ET,none
2021-06-03,0.34,DGS3,Percent,Daily,2021-06-04,2021-06-04T16:15:00-04:00,2021-06-05T05:15:00+09:00,2021-06-06,post-2016-10-11 official daily H.15 calendar at 16:15 ET,none
2021-06-04,0.32,DGS3,Percent,Daily,2021-06-07,2021-06-07T16:15:00-04:00,2021-06-08T05:15:00+09:00,2021-06-09,post-2016-10-11 official daily H.15 calendar at 16:15 ET,none
2021-06-07,0.33,DGS3,Percent,Daily,2021-06-08,2021-06-08T16:15:00-04:00,2021-06-09T05:15:00+09:00,2021-06-10,post-2016-10-11 official daily H.15 calendar at 16:15 ET,none
2021-06-08,0.32,DGS3,Percent,Daily,2021-06-09,2021-06-09T16:15:00-04:00,2021-06-10T05:15:00+09:00,2021-06-11,post-2016-10-11 official daily H.15 calendar at 16:15 ET,none
2021-06-09,0.31,DGS3,Percent,Daily,2021-06-10,2021-06-10T16:15:00-04:00,2021-06-11T05:15:00+09:00,2021-06-12,post-2016-10-11 official daily H.15 calendar at 16:15 ET,none
2021-06-10,0.3,DGS3,Percent,Daily,2021-06-11,2021-06-11T16:15:00-04:00,2021-06-12T05:15:00+09:00,2021-06-13,post-2016-10-11 official daily H.15 calendar at 16:15 ET,none
2021-06-11,0.31,DGS3,Percent,Daily,2021-06-14,2021-06-14T16:15:00-04:00,2021-06-15T05:15:00+09:00,2021-06-16,post-2016-10-11 official daily H.15 calendar at 16:15 ET,none
2021-06-14,0.33,DGS3,Percent,Daily,2021-06-15,2021-06-15T16:15:00-04:00,2021-06-16T05:15:00+09:00,2021-06-17,post-2016-10-11 official daily H.15 calendar at 16:15 ET,none
2021-06-15,0.34,DGS3,Percent,Daily,2021-06-16,2021-06-16T16:15:00-04:00,2021-06-17T05:15:00+09:00,2021-06-18,post-2016-10-11 official daily H.15 calendar at 16:15 ET,none
2021-06-16,0.41,DGS3,Percent,Daily,2021-06-17,2021-06-17T16:15:00-04:00,2021-06-18T05:15:00+09:00,2021-06-19,post-2016-10-11 official daily H.15 calendar at 16:15 ET,none
2021-06-17,0.43,DGS3,Percent,Daily,2021-06-21,2021-06-21T16:15:00-04:00,2021-06-22T05:15:00+09:00,2021-06-23,post-2016-10-11 official daily H.15 calendar at 16:15 ET,none
2021-06-18,0.47,DGS3,Percent,Daily,2021-06-21,2021-06-21T16:15:00-04:00,2021-06-22T05:15:00+09:00,2021-06-23,post-2016-10-11 official daily H.15 calendar at 16:15 ET,none
2021-06-21,0.48,DGS3,Percent,Daily,2021-06-22,2021-06-22T16:15:00-04:00,2021-06-23T05:15:00+09:00,2021-06-24,post-2016-10-11 official daily H.15 calendar at 16:15 ET,none
2021-06-22,0.44,DGS3,Percent,Daily,2021-06-23,2021-06-23T16:15:00-04:00,2021-06-24T05:15:00+09:00,2021-06-25,post-2016-10-11 official daily H.15 calendar at 16:15 ET,none
2021-06-23,0.47,DGS3,Percent,Daily,2021-06-24,2021-06-24T16:15:00-04:00,2021-06-25T05:15:00+09:00,2021-06-26,post-2016-10-11 official daily H.15 calendar at 16:15 ET,none
2021-06-24,0.48,DGS3,Percent,Daily,2021-06-25,2021-06-25T16:15:00-04:00,2021-06-26T05:15:00+09:00,2021-06-27,post-2016-10-11 official daily H.15 calendar at 16:15 ET,none
2021-06-25,0.48,DGS3,Percent,Daily,2021-06-28,2021-06-28T16:15:00-04:00,2021-06-29T05:15:00+09:00,2021-06-30,post-2016-10-11 official daily H.15 calendar at 16:15 ET,none
2021-06-28,0.47,DGS3,Percent,Daily,2021-06-29,2021-06-29T16:15:00-04:00,2021-06-30T05:15:00+09:00,2021-07-01,post-2016-10-11 official daily H.15 calendar at 16:15 ET,none
2021-06-29,0.47,DGS3,Percent,Daily,2021-06-30,2021-06-30T16:15:00-04:00,2021-07-01T05:15:00+09:00,2021-07-02,post-2016-10-11 official daily H.15 calendar at 16:15 ET,none
2021-06-30,0.46,DGS3,Percent,Daily,2021-07-01,2021-07-01T16:15:00-04:00,2021-07-02T05:15:00+09:00,2021-07-03,post-2016-10-11 official daily H.15 calendar at 16:15 ET,none
2021-07-01,0.47,DGS3,Percent,Daily,2021-07-02,2021-07-02T16:15:00-04:00,2021-07-03T05:15:00+09:00,2021-07-04,post-2016-10-11 official daily H.15 calendar at 16:15 ET,none
2021-07-02,0.45,DGS3,Percent,Daily,2021-07-06,2021-07-06T16:15:00-04:00,2021-07-07T05:15:00+09:00,2021-07-08,post-2016-10-11 official daily H.15 calendar at 16:15 ET,none
2021-07-05,,DGS3,Percent,Daily,2021-07-06,2021-07-06T16:15:00-04:00,2021-07-07T05:15:00+09:00,2021-07-08,post-2016-10-11 official daily H.15 calendar at 16:15 ET,none
2021-07-06,0.42,DGS3,Percent,Daily,2021-07-07,2021-07-07T16:15:00-04:00,2021-07-08T05:15:00+09:00,2021-07-09,post-2016-10-11 official daily H.15 calendar at 16:15 ET,none
2021-07-07,0.41,DGS3,Percent,Daily,2021-07-08,2021-07-08T16:15:00-04:00,2021-07-09T05:15:00+09:00,2021-07-10,post-2016-10-11 official daily H.15 calendar at 16:15 ET,none
2021-07-08,0.37,DGS3,Percent,Daily,2021-07-09,2021-07-09T16:15:00-04:00,2021-07-10T05:15:00+09:00,2021-07-11,post-2016-10-11 official daily H.15 calendar at 16:15 ET,none
2021-07-09,0.41,DGS3,Percent,Daily,2021-07-12,2021-07-12T16:15:00-04:00,2021-07-13T05:15:00+09:00,2021-07-14,post-2016-10-11 official daily H.15 calendar at 16:15 ET,none
2021-07-12,0.43,DGS3,Percent,Daily,2021-07-13,2021-07-13T16:15:00-04:00,2021-07-14T05:15:00+09:00,2021-07-15,post-2016-10-11 official daily H.15 calendar at 16:15 ET,none
2021-07-13,0.47,DGS3,Percent,Daily,2021-07-14,2021-07-14T16:15:00-04:00,2021-07-15T05:15:00+09:00,2021-07-16,post-2016-10-11 official daily H.15 calendar at 16:15 ET,none
2021-07-14,0.44,DGS3,Percent,Daily,2021-07-15,2021-07-15T16:15:00-04:00,2021-07-16T05:15:00+09:00,2021-07-17,post-2016-10-11 official daily H.15 calendar at 16:15 ET,none
2021-07-15,0.43,DGS3,Percent,Daily,2021-07-16,2021-07-16T16:15:00-04:00,2021-07-17T05:15:00+09:00,2021-07-18,post-2016-10-11 official daily H.15 calendar at 16:15 ET,none
2021-07-16,0.43,DGS3,Percent,Daily,2021-07-19,2021-07-19T16:15:00-04:00,2021-07-20T05:15:00+09:00,2021-07-21,post-2016-10-11 official daily H.15 calendar at 16:15 ET,none
2021-07-19,0.38,DGS3,Percent,Daily,2021-07-20,2021-07-20T16:15:00-04:00,2021-07-21T05:15:00+09:00,2021-07-22,post-2016-10-11 official daily H.15 calendar at 16:15 ET,none
2021-07-20,0.37,DGS3,Percent,Daily,2021-07-21,2021-07-21T16:15:00-04:00,2021-07-22T05:15:00+09:00,2021-07-23,post-2016-10-11 official daily H.15 calendar at 16:15 ET,none
2021-07-21,0.39,DGS3,Percent,Daily,2021-07-22,2021-07-22T16:15:00-04:00,2021-07-23T05:15:00+09:00,2021-07-24,post-2016-10-11 official daily H.15 calendar at 16:15 ET,none
2021-07-22,0.37,DGS3,Percent,Daily,2021-07-23,2021-07-23T16:15:00-04:00,2021-07-24T05:15:00+09:00,2021-07-25,post-2016-10-11 official daily H.15 calendar at 16:15 ET,none
2021-07-23,0.38,DGS3,Percent,Daily,2021-07-26,2021-07-26T16:15:00-04:00,2021-07-27T05:15:00+09:00,2021-07-28,post-2016-10-11 official daily H.15 calendar at 16:15 ET,none
2021-07-26,0.38,DGS3,Percent,Daily,2021-07-27,2021-07-27T16:15:00-04:00,2021-07-28T05:15:00+09:00,2021-07-29,post-2016-10-11 official daily H.15 calendar at 16:15 ET,none
2021-07-27,0.37,DGS3,Percent,Daily,2021-07-28,2021-07-28T16:15:00-04:00,2021-07-29T05:15:00+09:00,2021-07-30,post-2016-10-11 official daily H.15 calendar at 16:15 ET,none
2021-07-28,0.38,DGS3,Percent,Daily,2021-07-29,2021-07-29T16:15:00-04:00,2021-07-30T05:15:00+09:00,2021-07-31,post-2016-10-11 official daily H.15 calendar at 16:15 ET,none
2021-07-29,0.37,DGS3,Percent,Daily,2021-07-30,2021-07-30T16:15:00-04:00,2021-07-31T05:15:00+09:00,2021-08-01,post-2016-10-11 official daily H.15 calendar at 16:15 ET,none
2021-07-30,0.35,DGS3,Percent,Daily,2021-08-02,2021-08-02T16:15:00-04:00,2021-08-03T05:15:00+09:00,2021-08-04,post-2016-10-11 official daily H.15 calendar at 16:15 ET,none
2021-08-02,0.33,DGS3,Percent,Daily,2021-08-03,2021-08-03T16:15:00-04:00,2021-08-04T05:15:00+09:00,2021-08-05,post-2016-10-11 official daily H.15 calendar at 16:15 ET,none
2021-08-03,0.33,DGS3,Percent,Daily,2021-08-04,2021-08-04T16:15:00-04:00,2021-08-05T05:15:00+09:00,2021-08-06,post-2016-10-11 official daily H.15 calendar at 16:15 ET,none
2021-08-04,0.34,DGS3,Percent,Daily,2021-08-05,2021-08-05T16:15:00-04:00,2021-08-06T05:15:00+09:00,2021-08-07,post-2016-10-11 official daily H.15 calendar at 16:15 ET,none
2021-08-05,0.38,DGS3,Percent,Daily,2021-08-06,2021-08-06T16:15:00-04:00,2021-08-07T05:15:00+09:00,2021-08-08,post-2016-10-11 official daily H.15 calendar at 16:15 ET,none
2021-08-06,0.42,DGS3,Percent,Daily,2021-08-09,2021-08-09T16:15:00-04:00,2021-08-10T05:15:00+09:00,2021-08-11,post-2016-10-11 official daily H.15 calendar at 16:15 ET,none
2021-08-09,0.43,DGS3,Percent,Daily,2021-08-10,2021-08-10T16:15:00-04:00,2021-08-11T05:15:00+09:00,2021-08-12,post-2016-10-11 official daily H.15 calendar at 16:15 ET,none
2021-08-10,0.47,DGS3,Percent,Daily,2021-08-11,2021-08-11T16:15:00-04:00,2021-08-12T05:15:00+09:00,2021-08-13,post-2016-10-11 official daily H.15 calendar at 16:15 ET,none
2021-08-11,0.45,DGS3,Percent,Daily,2021-08-12,2021-08-12T16:15:00-04:00,2021-08-13T05:15:00+09:00,2021-08-14,post-2016-10-11 official daily H.15 calendar at 16:15 ET,none
2021-08-12,0.46,DGS3,Percent,Daily,2021-08-13,2021-08-13T16:15:00-04:00,2021-08-14T05:15:00+09:00,2021-08-15,post-2016-10-11 official daily H.15 calendar at 16:15 ET,none
2021-08-13,0.44,DGS3,Percent,Daily,2021-08-16,2021-08-16T16:15:00-04:00,2021-08-17T05:15:00+09:00,2021-08-18,post-2016-10-11 official daily H.15 calendar at 16:15 ET,none
2021-08-16,0.42,DGS3,Percent,Daily,2021-08-17,2021-08-17T16:15:00-04:00,2021-08-18T05:15:00+09:00,2021-08-19,post-2016-10-11 official daily H.15 calendar at 16:15 ET,none
2021-08-17,0.43,DGS3,Percent,Daily,2021-08-18,2021-08-18T16:15:00-04:00,2021-08-19T05:15:00+09:00,2021-08-20,post-2016-10-11 official daily H.15 calendar at 16:15 ET,none
2021-08-18,0.43,DGS3,Percent,Daily,2021-08-19,2021-08-19T16:15:00-04:00,2021-08-20T05:15:00+09:00,2021-08-21,post-2016-10-11 official daily H.15 calendar at 16:15 ET,none
2021-08-19,0.44,DGS3,Percent,Daily,2021-08-20,2021-08-20T16:15:00-04:00,2021-08-21T05:15:00+09:00,2021-08-22,post-2016-10-11 official daily H.15 calendar at 16:15 ET,none
2021-08-20,0.44,DGS3,Percent,Daily,2021-08-23,2021-08-23T16:15:00-04:00,2021-08-24T05:15:00+09:00,2021-08-25,post-2016-10-11 official daily H.15 calendar at 16:15 ET,none
2021-08-23,0.43,DGS3,Percent,Daily,2021-08-25,2021-08-25T16:15:00-04:00,2021-08-26T05:15:00+09:00,2021-08-27,post-2016-10-11 official daily H.15 calendar at 16:15 ET,none
2021-08-24,0.44,DGS3,Percent,Daily,2021-08-25,2021-08-25T16:15:00-04:00,2021-08-26T05:15:00+09:00,2021-08-27,post-2016-10-11 official daily H.15 calendar at 16:15 ET,none
2021-08-25,0.47,DGS3,Percent,Daily,2021-08-26,2021-08-26T16:15:00-04:00,2021-08-27T05:15:00+09:00,2021-08-28,post-2016-10-11 official daily H.15 calendar at 16:15 ET,none
2021-08-26,0.46,DGS3,Percent,Daily,2021-08-27,2021-08-27T16:15:00-04:00,2021-08-28T05:15:00+09:00,2021-08-29,post-2016-10-11 official daily H.15 calendar at 16:15 ET,none
2021-08-27,0.41,DGS3,Percent,Daily,2021-08-30,2021-08-30T16:15:00-04:00,2021-08-31T05:15:00+09:00,2021-09-01,post-2016-10-11 official daily H.15 calendar at 16:15 ET,none
2021-08-30,0.4,DGS3,Percent,Daily,2021-08-31,2021-08-31T16:15:00-04:00,2021-09-01T05:15:00+09:00,2021-09-02,post-2016-10-11 official daily H.15 calendar at 16:15 ET,none
2021-08-31,0.4,DGS3,Percent,Daily,2021-09-01,2021-09-01T16:15:00-04:00,2021-09-02T05:15:00+09:00,2021-09-03,post-2016-10-11 official daily H.15 calendar at 16:15 ET,none
2021-09-01,0.42,DGS3,Percent,Daily,2021-09-02,2021-09-02T16:15:00-04:00,2021-09-03T05:15:00+09:00,2021-09-04,post-2016-10-11 official daily H.15 calendar at 16:15 ET,none
2021-09-02,0.42,DGS3,Percent,Daily,2021-09-03,2021-09-03T16:15:00-04:00,2021-09-04T05:15:00+09:00,2021-09-05,post-2016-10-11 official daily H.15 calendar at 16:15 ET,none
2021-09-03,0.42,DGS3,Percent,Daily,2021-09-07,2021-09-07T16:15:00-04:00,2021-09-08T05:15:00+09:00,2021-09-09,post-2016-10-11 official daily H.15 calendar at 16:15 ET,none
2021-09-06,,DGS3,Percent,Daily,2021-09-07,2021-09-07T16:15:00-04:00,2021-09-08T05:15:00+09:00,2021-09-09,post-2016-10-11 official daily H.15 calendar at 16:15 ET,none
2021-09-07,0.45,DGS3,Percent,Daily,2021-09-08,2021-09-08T16:15:00-04:00,2021-09-09T05:15:00+09:00,2021-09-10,post-2016-10-11 official daily H.15 calendar at 16:15 ET,none
2021-09-08,0.43,DGS3,Percent,Daily,2021-09-09,2021-09-09T16:15:00-04:00,2021-09-10T05:15:00+09:00,2021-09-11,post-2016-10-11 official daily H.15 calendar at 16:15 ET,none
2021-09-09,0.43,DGS3,Percent,Daily,2021-09-10,2021-09-10T16:15:00-04:00,2021-09-11T05:15:00+09:00,2021-09-12,post-2016-10-11 official daily H.15 calendar at 16:15 ET,none
2021-09-10,0.45,DGS3,Percent,Daily,2021-09-13,2021-09-13T16:15:00-04:00,2021-09-14T05:15:00+09:00,2021-09-15,post-2016-10-11 official daily H.15 calendar at 16:15 ET,none
2021-09-13,0.44,DGS3,Percent,Daily,2021-09-14,2021-09-14T16:15:00-04:00,2021-09-15T05:15:00+09:00,2021-09-16,post-2016-10-11 official daily H.15 calendar at 16:15 ET,none
2021-09-14,0.43,DGS3,Percent,Daily,2021-09-15,2021-09-15T16:15:00-04:00,2021-09-16T05:15:00+09:00,2021-09-17,post-2016-10-11 official daily H.15 calendar at 16:15 ET,none
2021-09-15,0.43,DGS3,Percent,Daily,2021-09-16,2021-09-16T16:15:00-04:00,2021-09-17T05:15:00+09:00,2021-09-18,post-2016-10-11 official daily H.15 calendar at 16:15 ET,none
2021-09-16,0.46,DGS3,Percent,Daily,2021-09-17,2021-09-17T16:15:00-04:00,2021-09-18T05:15:00+09:00,2021-09-19,post-2016-10-11 official daily H.15 calendar at 16:15 ET,none
2021-09-17,0.47,DGS3,Percent,Daily,2021-09-20,2021-09-20T16:15:00-04:00,2021-09-21T05:15:00+09:00,2021-09-22,post-2016-10-11 official daily H.15 calendar at 16:15 ET,none
2021-09-20,0.45,DGS3,Percent,Daily,2021-09-21,2021-09-21T16:15:00-04:00,2021-09-22T05:15:00+09:00,2021-09-23,post-2016-10-11 official daily H.15 calendar at 16:15 ET,none
2021-09-21,0.46,DGS3,Percent,Daily,2021-09-22,2021-09-22T16:15:00-04:00,2021-09-23T05:15:00+09:00,2021-09-24,post-2016-10-11 official daily H.15 calendar at 16:15 ET,none
2021-09-22,0.48,DGS3,Percent,Daily,2021-09-23,2021-09-23T16:15:00-04:00,2021-09-24T05:15:00+09:00,2021-09-25,post-2016-10-11 official daily H.15 calendar at 16:15 ET,none
2021-09-23,0.53,DGS3,Percent,Daily,2021-09-24,2021-09-24T16:15:00-04:00,2021-09-25T05:15:00+09:00,2021-09-26,post-2016-10-11 official daily H.15 calendar at 16:15 ET,none
2021-09-24,0.55,DGS3,Percent,Daily,2021-09-27,2021-09-27T16:15:00-04:00,2021-09-28T05:15:00+09:00,2021-09-29,post-2016-10-11 official daily H.15 calendar at 16:15 ET,none
2021-09-27,0.56,DGS3,Percent,Daily,2021-09-28,2021-09-28T16:15:00-04:00,2021-09-29T05:15:00+09:00,2021-09-30,post-2016-10-11 official daily H.15 calendar at 16:15 ET,none
2021-09-28,0.55,DGS3,Percent,Daily,2021-09-29,2021-09-29T16:15:00-04:00,2021-09-30T05:15:00+09:00,2021-10-01,post-2016-10-11 official daily H.15 calendar at 16:15 ET,none
2021-09-29,0.55,DGS3,Percent,Daily,2021-09-30,2021-09-30T16:15:00-04:00,2021-10-01T05:15:00+09:00,2021-10-02,post-2016-10-11 official daily H.15 calendar at 16:15 ET,none
2021-09-30,0.53,DGS3,Percent,Daily,2021-10-01,2021-10-01T16:15:00-04:00,2021-10-02T05:15:00+09:00,2021-10-03,post-2016-10-11 official daily H.15 calendar at 16:15 ET,none
2021-10-01,0.49,DGS3,Percent,Daily,2021-10-04,2021-10-04T16:15:00-04:00,2021-10-05T05:15:00+09:00,2021-10-06,post-2016-10-11 official daily H.15 calendar at 16:15 ET,none
2021-10-04,0.52,DGS3,Percent,Daily,2021-10-05,2021-10-05T16:15:00-04:00,2021-10-06T05:15:00+09:00,2021-10-07,post-2016-10-11 official daily H.15 calendar at 16:15 ET,none
2021-10-05,0.54,DGS3,Percent,Daily,2021-10-06,2021-10-06T16:15:00-04:00,2021-10-07T05:15:00+09:00,2021-10-08,post-2016-10-11 official daily H.15 calendar at 16:15 ET,none
2021-10-06,0.55,DGS3,Percent,Daily,2021-10-07,2021-10-07T16:15:00-04:00,2021-10-08T05:15:00+09:00,2021-10-09,post-2016-10-11 official daily H.15 calendar at 16:15 ET,none
2021-10-07,0.57,DGS3,Percent,Daily,2021-10-08,2021-10-08T16:15:00-04:00,2021-10-09T05:15:00+09:00,2021-10-10,post-2016-10-11 official daily H.15 calendar at 16:15 ET,none
2021-10-08,0.59,DGS3,Percent,Daily,2021-10-12,2021-10-12T16:15:00-04:00,2021-10-13T05:15:00+09:00,2021-10-14,post-2016-10-11 official daily H.15 calendar at 16:15 ET,none
2021-10-11,,DGS3,Percent,Daily,2021-10-12,2021-10-12T16:15:00-04:00,2021-10-13T05:15:00+09:00,2021-10-14,post-2016-10-11 official daily H.15 calendar at 16:15 ET,none
2021-10-12,0.64,DGS3,Percent,Daily,2021-10-13,2021-10-13T16:15:00-04:00,2021-10-14T05:15:00+09:00,2021-10-15,post-2016-10-11 official daily H.15 calendar at 16:15 ET,none
2021-10-13,0.66,DGS3,Percent,Daily,2021-10-14,2021-10-14T16:15:00-04:00,2021-10-15T05:15:00+09:00,2021-10-16,post-2016-10-11 official daily H.15 calendar at 16:15 ET,none
2021-10-14,0.62,DGS3,Percent,Daily,2021-10-15,2021-10-15T16:15:00-04:00,2021-10-16T05:15:00+09:00,2021-10-17,post-2016-10-11 official daily H.15 calendar at 16:15 ET,none
2021-10-15,0.7,DGS3,Percent,Daily,2021-10-18,2021-10-18T16:15:00-04:00,2021-10-19T05:15:00+09:00,2021-10-20,post-2016-10-11 official daily H.15 calendar at 16:15 ET,none
2021-10-18,0.72,DGS3,Percent,Daily,2021-10-19,2021-10-19T16:15:00-04:00,2021-10-20T05:15:00+09:00,2021-10-21,post-2016-10-11 official daily H.15 calendar at 16:15 ET,none
2021-10-19,0.71,DGS3,Percent,Daily,2021-10-20,2021-10-20T16:15:00-04:00,2021-10-21T05:15:00+09:00,2021-10-22,post-2016-10-11 official daily H.15 calendar at 16:15 ET,none
2021-10-20,0.7,DGS3,Percent,Daily,2021-10-21,2021-10-21T16:15:00-04:00,2021-10-22T05:15:00+09:00,2021-10-23,post-2016-10-11 official daily H.15 calendar at 16:15 ET,none
2021-10-21,0.78,DGS3,Percent,Daily,2021-10-22,2021-10-22T16:15:00-04:00,2021-10-23T05:15:00+09:00,2021-10-24,post-2016-10-11 official daily H.15 calendar at 16:15 ET,none
2021-10-22,0.79,DGS3,Percent,Daily,2021-10-25,2021-10-25T16:15:00-04:00,2021-10-26T05:15:00+09:00,2021-10-27,post-2016-10-11 official daily H.15 calendar at 16:15 ET,none
2021-10-25,0.76,DGS3,Percent,Daily,2021-10-26,2021-10-26T16:15:00-04:00,2021-10-27T05:15:00+09:00,2021-10-28,post-2016-10-11 official daily H.15 calendar at 16:15 ET,none
2021-10-26,0.77,DGS3,Percent,Daily,2021-10-27,2021-10-27T16:15:00-04:00,2021-10-28T05:15:00+09:00,2021-10-29,post-2016-10-11 official daily H.15 calendar at 16:15 ET,none
2021-10-27,0.77,DGS3,Percent,Daily,2021-10-28,2021-10-28T16:15:00-04:00,2021-10-29T05:15:00+09:00,2021-10-30,post-2016-10-11 official daily H.15 calendar at 16:15 ET,none
2021-10-28,0.77,DGS3,Percent,Daily,2021-10-29,2021-10-29T16:15:00-04:00,2021-10-30T05:15:00+09:00,2021-10-31,post-2016-10-11 official daily H.15 calendar at 16:15 ET,none
2021-10-29,0.75,DGS3,Percent,Daily,2021-11-01,2021-11-01T16:15:00-04:00,2021-11-02T05:15:00+09:00,2021-11-03,post-2016-10-11 official daily H.15 calendar at 16:15 ET,none
2021-11-01,0.79,DGS3,Percent,Daily,2021-11-02,2021-11-02T16:15:00-04:00,2021-11-03T05:15:00+09:00,2021-11-04,post-2016-10-11 official daily H.15 calendar at 16:15 ET,none
2021-11-02,0.73,DGS3,Percent,Daily,2021-11-03,2021-11-03T16:15:00-04:00,2021-11-04T05:15:00+09:00,2021-11-05,post-2016-10-11 official daily H.15 calendar at 16:15 ET,none
2021-11-03,0.77,DGS3,Percent,Daily,2021-11-04,2021-11-04T16:15:00-04:00,2021-11-05T05:15:00+09:00,2021-11-06,post-2016-10-11 official daily H.15 calendar at 16:15 ET,none
2021-11-04,0.69,DGS3,Percent,Daily,2021-11-05,2021-11-05T16:15:00-04:00,2021-11-06T05:15:00+09:00,2021-11-07,post-2016-10-11 official daily H.15 calendar at 16:15 ET,none
2021-11-05,0.66,DGS3,Percent,Daily,2021-11-08,2021-11-08T16:15:00-05:00,2021-11-09T06:15:00+09:00,2021-11-10,post-2016-10-11 official daily H.15 calendar at 16:15 ET,none
2021-11-08,0.75,DGS3,Percent,Daily,2021-11-09,2021-11-09T16:15:00-05:00,2021-11-10T06:15:00+09:00,2021-11-11,post-2016-10-11 official daily H.15 calendar at 16:15 ET,none
2021-11-09,0.71,DGS3,Percent,Daily,2021-11-10,2021-11-10T16:15:00-05:00,2021-11-11T06:15:00+09:00,2021-11-12,post-2016-10-11 official daily H.15 calendar at 16:15 ET,none
2021-11-10,0.83,DGS3,Percent,Daily,2021-11-12,2021-11-12T16:15:00-05:00,2021-11-13T06:15:00+09:00,2021-11-14,post-2016-10-11 official daily H.15 calendar at 16:15 ET,none
2021-11-11,,DGS3,Percent,Daily,2021-11-12,2021-11-12T16:15:00-05:00,2021-11-13T06:15:00+09:00,2021-11-14,post-2016-10-11 official daily H.15 calendar at 16:15 ET,none
2021-11-12,0.85,DGS3,Percent,Daily,2021-11-15,2021-11-15T16:15:00-05:00,2021-11-16T06:15:00+09:00,2021-11-17,post-2016-10-11 official daily H.15 calendar at 16:15 ET,none
2021-11-15,0.87,DGS3,Percent,Daily,2021-11-16,2021-11-16T16:15:00-05:00,2021-11-17T06:15:00+09:00,2021-11-18,post-2016-10-11 official daily H.15 calendar at 16:15 ET,none
2021-11-16,0.87,DGS3,Percent,Daily,2021-11-17,2021-11-17T16:15:00-05:00,2021-11-18T06:15:00+09:00,2021-11-19,post-2016-10-11 official daily H.15 calendar at 16:15 ET,none
2021-11-17,0.85,DGS3,Percent,Daily,2021-11-18,2021-11-18T16:15:00-05:00,2021-11-19T06:15:00+09:00,2021-11-20,post-2016-10-11 official daily H.15 calendar at 16:15 ET,none
2021-11-18,0.84,DGS3,Percent,Daily,2021-11-19,2021-11-19T16:15:00-05:00,2021-11-20T06:15:00+09:00,2021-11-21,post-2016-10-11 official daily H.15 calendar at 16:15 ET,none
2021-11-19,0.86,DGS3,Percent,Daily,2021-11-22,2021-11-22T16:15:00-05:00,2021-11-23T06:15:00+09:00,2021-11-24,post-2016-10-11 official daily H.15 calendar at 16:15 ET,none
2021-11-22,0.95,DGS3,Percent,Daily,2021-11-23,2021-11-23T16:15:00-05:00,2021-11-24T06:15:00+09:00,2021-11-25,post-2016-10-11 official daily H.15 calendar at 16:15 ET,none
2021-11-23,0.95,DGS3,Percent,Daily,2021-11-24,2021-11-24T16:15:00-05:00,2021-11-25T06:15:00+09:00,2021-11-26,post-2016-10-11 official daily H.15 calendar at 16:15 ET,none
2021-11-24,0.97,DGS3,Percent,Daily,2021-11-26,2021-11-26T16:15:00-05:00,2021-11-27T06:15:00+09:00,2021-11-28,post-2016-10-11 official daily H.15 calendar at 16:15 ET,none
2021-11-25,,DGS3,Percent,Daily,2021-11-26,2021-11-26T16:15:00-05:00,2021-11-27T06:15:00+09:00,2021-11-28,post-2016-10-11 official daily H.15 calendar at 16:15 ET,none
2021-11-26,0.81,DGS3,Percent,Daily,2021-11-29,2021-11-29T16:15:00-05:00,2021-11-30T06:15:00+09:00,2021-12-01,post-2016-10-11 official daily H.15 calendar at 16:15 ET,none
2021-11-29,0.83,DGS3,Percent,Daily,2021-11-30,2021-11-30T16:15:00-05:00,2021-12-01T06:15:00+09:00,2021-12-02,post-2016-10-11 official daily H.15 calendar at 16:15 ET,none
2021-11-30,0.81,DGS3,Percent,Daily,2021-12-01,2021-12-01T16:15:00-05:00,2021-12-02T06:15:00+09:00,2021-12-03,post-2016-10-11 official daily H.15 calendar at 16:15 ET,none
2021-12-01,0.85,DGS3,Percent,Daily,2021-12-02,2021-12-02T16:15:00-05:00,2021-12-03T06:15:00+09:00,2021-12-04,post-2016-10-11 official daily H.15 calendar at 16:15 ET,none
2021-12-02,0.9,DGS3,Percent,Daily,2021-12-03,2021-12-03T16:15:00-05:00,2021-12-04T06:15:00+09:00,2021-12-05,post-2016-10-11 official daily H.15 calendar at 16:15 ET,none
2021-12-03,0.86,DGS3,Percent,Daily,2021-12-06,2021-12-06T16:15:00-05:00,2021-12-07T06:15:00+09:00,2021-12-08,post-2016-10-11 official daily H.15 calendar at 16:15 ET,none
2021-12-06,0.91,DGS3,Percent,Daily,2021-12-07,2021-12-07T16:15:00-05:00,2021-12-08T06:15:00+09:00,2021-12-09,post-2016-10-11 official daily H.15 calendar at 16:15 ET,none
2021-12-07,0.99,DGS3,Percent,Daily,2021-12-08,2021-12-08T16:15:00-05:00,2021-12-09T06:15:00+09:00,2021-12-10,post-2016-10-11 official daily H.15 calendar at 16:15 ET,none
2021-12-08,0.99,DGS3,Percent,Daily,2021-12-09,2021-12-09T16:15:00-05:00,2021-12-10T06:15:00+09:00,2021-12-11,post-2016-10-11 official daily H.15 calendar at 16:15 ET,none
2021-12-09,0.99,DGS3,Percent,Daily,2021-12-10,2021-12-10T16:15:00-05:00,2021-12-11T06:15:00+09:00,2021-12-12,post-2016-10-11 official daily H.15 calendar at 16:15 ET,none
2021-12-10,0.98,DGS3,Percent,Daily,2021-12-13,2021-12-13T16:15:00-05:00,2021-12-14T06:15:00+09:00,2021-12-15,post-2016-10-11 official daily H.15 calendar at 16:15 ET,none
2021-12-13,0.95,DGS3,Percent,Daily,2021-12-14,2021-12-14T16:15:00-05:00,2021-12-15T06:15:00+09:00,2021-12-16,post-2016-10-11 official daily H.15 calendar at 16:15 ET,none
2021-12-14,0.98,DGS3,Percent,Daily,2021-12-15,2021-12-15T16:15:00-05:00,2021-12-16T06:15:00+09:00,2021-12-17,post-2016-10-11 official daily H.15 calendar at 16:15 ET,none
2021-12-15,1.0,DGS3,Percent,Daily,2021-12-16,2021-12-16T16:15:00-05:00,2021-12-17T06:15:00+09:00,2021-12-18,post-2016-10-11 official daily H.15 calendar at 16:15 ET,none
2021-12-16,0.92,DGS3,Percent,Daily,2021-12-17,2021-12-17T16:15:00-05:00,2021-12-18T06:15:00+09:00,2021-12-19,post-2016-10-11 official daily H.15 calendar at 16:15 ET,none
2021-12-17,0.93,DGS3,Percent,Daily,2021-12-20,2021-12-20T16:15:00-05:00,2021-12-21T06:15:00+09:00,2021-12-22,post-2016-10-11 official daily H.15 calendar at 16:15 ET,none
2021-12-20,0.91,DGS3,Percent,Daily,2021-12-21,2021-12-21T16:15:00-05:00,2021-12-22T06:15:00+09:00,2021-12-23,post-2016-10-11 official daily H.15 calendar at 16:15 ET,none
2021-12-21,0.96,DGS3,Percent,Daily,2021-12-22,2021-12-22T16:15:00-05:00,2021-12-23T06:15:00+09:00,2021-12-24,post-2016-10-11 official daily H.15 calendar at 16:15 ET,none
2021-12-22,0.96,DGS3,Percent,Daily,2021-12-23,2021-12-23T16:15:00-05:00,2021-12-24T06:15:00+09:00,2021-12-25,post-2016-10-11 official daily H.15 calendar at 16:15 ET,none
2021-12-23,0.97,DGS3,Percent,Daily,2021-12-27,2021-12-27T16:15:00-05:00,2021-12-28T06:15:00+09:00,2021-12-29,post-2016-10-11 official daily H.15 calendar at 16:15 ET,none
2021-12-24,,DGS3,Percent,Daily,2021-12-27,2021-12-27T16:15:00-05:00,2021-12-28T06:15:00+09:00,2021-12-29,post-2016-10-11 official daily H.15 calendar at 16:15 ET,none
2021-12-27,0.98,DGS3,Percent,Daily,2021-12-28,2021-12-28T16:15:00-05:00,2021-12-29T06:15:00+09:00,2021-12-30,post-2016-10-11 official daily H.15 calendar at 16:15 ET,none
2021-12-28,0.99,DGS3,Percent,Daily,2021-12-29,2021-12-29T16:15:00-05:00,2021-12-30T06:15:00+09:00,2021-12-31,post-2016-10-11 official daily H.15 calendar at 16:15 ET,none
2021-12-29,0.99,DGS3,Percent,Daily,2021-12-30,2021-12-30T16:15:00-05:00,2021-12-31T06:15:00+09:00,2022-01-01,post-2016-10-11 official daily H.15 calendar at 16:15 ET,none
2021-12-30,0.98,DGS3,Percent,Daily,2022-01-03,2022-01-03T16:15:00-05:00,2022-01-04T06:15:00+09:00,2022-01-05,post-2016-10-11 official daily H.15 calendar at 16:15 ET,none
2021-12-31,0.97,DGS3,Percent,Daily,2022-01-03,2022-01-03T16:15:00-05:00,2022-01-04T06:15:00+09:00,2022-01-05,post-2016-10-11 official daily H.15 calendar at 16:15 ET,none
