date,usd_krw_krw_per_usd,kr_yield_observation_date,kr_yield_safe_from_krw_date,kr_treasury_3y_percent,stat_code,item_code,normalized_unit,item_name,kr_yield_availability_rule,kr_yield_source_published_at_kst,h15_release_date,us_treasury_3y_percent,series_id,frequency,unit,us_yield_available_at_et,us_yield_release_regime,us_yield_gap_policy,us_yield_safe_from_krw_date,us_yield_available_at_kst,us_yield_observation_date,us_kr_3y_yield_spread_pct_point,kr_yield_age_calendar_days,us_yield_age_calendar_days
2014-12-10,1112.0,2014-12-09,2014-12-10,2.179,817Y002,010200000,연%,국고채(3년),KOFIA 16:00 KST source publication; usable from next calendar day; ECOS load time unverified,2014-12-09T16:00:00+09:00,2014-12-08,1.09,DGS3,Daily,Percent,2014-12-08T23:59:59-05:00,pre-2016-10-11 official weekly release; conservative ET day end,none,2014-12-10,2014-12-09T13:59:59+09:00,2014-12-05,-1.0889999999999997,1,5
2014-12-11,1104.5,2014-12-10,2014-12-11,2.18,817Y002,010200000,연%,국고채(3년),KOFIA 16:00 KST source publication; usable from next calendar day; ECOS load time unverified,2014-12-10T16:00:00+09:00,2014-12-08,1.09,DGS3,Daily,Percent,2014-12-08T23:59:59-05:00,pre-2016-10-11 official weekly release; conservative ET day end,none,2014-12-10,2014-12-09T13:59:59+09:00,2014-12-05,-1.09,1,6
2014-12-12,1098.1,2014-12-11,2014-12-12,2.126,817Y002,010200000,연%,국고채(3년),KOFIA 16:00 KST source publication; usable from next calendar day; ECOS load time unverified,2014-12-11T16:00:00+09:00,2014-12-08,1.09,DGS3,Daily,Percent,2014-12-08T23:59:59-05:00,pre-2016-10-11 official weekly release; conservative ET day end,none,2014-12-10,2014-12-09T13:59:59+09:00,2014-12-05,-1.0359999999999998,1,7
2014-12-15,1103.9,2014-12-12,2014-12-13,2.112,817Y002,010200000,연%,국고채(3년),KOFIA 16:00 KST source publication; usable from next calendar day; ECOS load time unverified,2014-12-12T16:00:00+09:00,2014-12-08,1.09,DGS3,Daily,Percent,2014-12-08T23:59:59-05:00,pre-2016-10-11 official weekly release; conservative ET day end,none,2014-12-10,2014-12-09T13:59:59+09:00,2014-12-05,-1.022,3,10
2014-12-16,1103.0,2014-12-15,2014-12-16,2.124,817Y002,010200000,연%,국고채(3년),KOFIA 16:00 KST source publication; usable from next calendar day; ECOS load time unverified,2014-12-15T16:00:00+09:00,2014-12-08,1.09,DGS3,Daily,Percent,2014-12-08T23:59:59-05:00,pre-2016-10-11 official weekly release; conservative ET day end,none,2014-12-10,2014-12-09T13:59:59+09:00,2014-12-05,-1.034,1,11
2014-12-17,1092.4,2014-12-16,2014-12-17,2.129,817Y002,010200000,연%,국고채(3년),KOFIA 16:00 KST source publication; usable from next calendar day; ECOS load time unverified,2014-12-16T16:00:00+09:00,2014-12-15,0.98,DGS3,Daily,Percent,2014-12-15T23:59:59-05:00,pre-2016-10-11 official weekly release; conservative ET day end,none,2014-12-17,2014-12-16T13:59:59+09:00,2014-12-12,-1.149,1,5
2014-12-18,1088.1,2014-12-17,2014-12-18,2.169,817Y002,010200000,연%,국고채(3년),KOFIA 16:00 KST source publication; usable from next calendar day; ECOS load time unverified,2014-12-17T16:00:00+09:00,2014-12-15,0.98,DGS3,Daily,Percent,2014-12-15T23:59:59-05:00,pre-2016-10-11 official weekly release; conservative ET day end,none,2014-12-17,2014-12-16T13:59:59+09:00,2014-12-12,-1.189,1,6
2014-12-19,1103.2,2014-12-18,2014-12-19,2.183,817Y002,010200000,연%,국고채(3년),KOFIA 16:00 KST source publication; usable from next calendar day; ECOS load time unverified,2014-12-18T16:00:00+09:00,2014-12-15,0.98,DGS3,Daily,Percent,2014-12-15T23:59:59-05:00,pre-2016-10-11 official weekly release; conservative ET day end,none,2014-12-17,2014-12-16T13:59:59+09:00,2014-12-12,-1.2029999999999998,1,7
2014-12-22,1101.3,2014-12-19,2014-12-20,2.18,817Y002,010200000,연%,국고채(3년),KOFIA 16:00 KST source publication; usable from next calendar day; ECOS load time unverified,2014-12-19T16:00:00+09:00,2014-12-15,0.98,DGS3,Daily,Percent,2014-12-15T23:59:59-05:00,pre-2016-10-11 official weekly release; conservative ET day end,none,2014-12-17,2014-12-16T13:59:59+09:00,2014-12-12,-1.2000000000000002,3,10
2014-12-23,1097.3,2014-12-22,2014-12-23,2.156,817Y002,010200000,연%,국고채(3년),KOFIA 16:00 KST source publication; usable from next calendar day; ECOS load time unverified,2014-12-22T16:00:00+09:00,2014-12-15,0.98,DGS3,Daily,Percent,2014-12-15T23:59:59-05:00,pre-2016-10-11 official weekly release; conservative ET day end,none,2014-12-17,2014-12-16T13:59:59+09:00,2014-12-12,-1.1760000000000002,1,11
2014-12-24,1100.5,2014-12-23,2014-12-24,2.156,817Y002,010200000,연%,국고채(3년),KOFIA 16:00 KST source publication; usable from next calendar day; ECOS load time unverified,2014-12-23T16:00:00+09:00,2014-12-22,1.1,DGS3,Daily,Percent,2014-12-22T23:59:59-05:00,pre-2016-10-11 official weekly release; conservative ET day end,none,2014-12-24,2014-12-23T13:59:59+09:00,2014-12-19,-1.056,1,5
2014-12-26,1104.3,2014-12-24,2014-12-25,2.147,817Y002,010200000,연%,국고채(3년),KOFIA 16:00 KST source publication; usable from next calendar day; ECOS load time unverified,2014-12-24T16:00:00+09:00,2014-12-22,1.1,DGS3,Daily,Percent,2014-12-22T23:59:59-05:00,pre-2016-10-11 official weekly release; conservative ET day end,none,2014-12-24,2014-12-23T13:59:59+09:00,2014-12-19,-1.0469999999999997,2,7
2014-12-29,1099.5,2014-12-26,2014-12-27,2.158,817Y002,010200000,연%,국고채(3년),KOFIA 16:00 KST source publication; usable from next calendar day; ECOS load time unverified,2014-12-26T16:00:00+09:00,2014-12-22,1.1,DGS3,Daily,Percent,2014-12-22T23:59:59-05:00,pre-2016-10-11 official weekly release; conservative ET day end,none,2014-12-24,2014-12-23T13:59:59+09:00,2014-12-19,-1.0579999999999998,3,10
2014-12-30,1098.2,2014-12-29,2014-12-30,2.134,817Y002,010200000,연%,국고채(3년),KOFIA 16:00 KST source publication; usable from next calendar day; ECOS load time unverified,2014-12-29T16:00:00+09:00,2014-12-22,1.1,DGS3,Daily,Percent,2014-12-22T23:59:59-05:00,pre-2016-10-11 official weekly release; conservative ET day end,none,2014-12-24,2014-12-23T13:59:59+09:00,2014-12-19,-1.0339999999999998,1,11
2014-12-31,1099.2,2014-12-30,2014-12-31,2.099,817Y002,010200000,연%,국고채(3년),KOFIA 16:00 KST source publication; usable from next calendar day; ECOS load time unverified,2014-12-30T16:00:00+09:00,2014-12-29,1.19,DGS3,Daily,Percent,2014-12-29T23:59:59-05:00,pre-2016-10-11 official weekly release; conservative ET day end,none,2014-12-31,2014-12-30T13:59:59+09:00,2014-12-26,-0.9090000000000003,1,5
2015-01-02,1099.2,2014-12-31,2015-01-01,2.098,817Y002,010200000,연%,국고채(3년),KOFIA 16:00 KST source publication; usable from next calendar day; ECOS load time unverified,2014-12-31T16:00:00+09:00,2014-12-29,1.19,DGS3,Daily,Percent,2014-12-29T23:59:59-05:00,pre-2016-10-11 official weekly release; conservative ET day end,none,2014-12-31,2014-12-30T13:59:59+09:00,2014-12-26,-0.9079999999999999,2,7
2015-01-05,1102.6,2015-01-02,2015-01-03,2.135,817Y002,010200000,연%,국고채(3년),KOFIA 16:00 KST source publication; usable from next calendar day; ECOS load time unverified,2015-01-02T16:00:00+09:00,2014-12-29,1.19,DGS3,Daily,Percent,2014-12-29T23:59:59-05:00,pre-2016-10-11 official weekly release; conservative ET day end,none,2014-12-31,2014-12-30T13:59:59+09:00,2014-12-26,-0.9449999999999998,3,10
2015-01-06,1108.7,2015-01-05,2015-01-06,2.118,817Y002,010200000,연%,국고채(3년),KOFIA 16:00 KST source publication; usable from next calendar day; ECOS load time unverified,2015-01-05T16:00:00+09:00,2014-12-29,1.19,DGS3,Daily,Percent,2014-12-29T23:59:59-05:00,pre-2016-10-11 official weekly release; conservative ET day end,none,2014-12-31,2014-12-30T13:59:59+09:00,2014-12-26,-0.9279999999999999,1,11
2015-01-07,1103.9,2015-01-06,2015-01-07,2.079,817Y002,010200000,연%,국고채(3년),KOFIA 16:00 KST source publication; usable from next calendar day; ECOS load time unverified,2015-01-06T16:00:00+09:00,2015-01-05,1.07,DGS3,Daily,Percent,2015-01-05T23:59:59-05:00,pre-2016-10-11 official weekly release; conservative ET day end,none,2015-01-07,2015-01-06T13:59:59+09:00,2015-01-02,-1.0090000000000001,1,5
2015-01-08,1099.7,2015-01-07,2015-01-08,2.076,817Y002,010200000,연%,국고채(3년),KOFIA 16:00 KST source publication; usable from next calendar day; ECOS load time unverified,2015-01-07T16:00:00+09:00,2015-01-05,1.07,DGS3,Daily,Percent,2015-01-05T23:59:59-05:00,pre-2016-10-11 official weekly release; conservative ET day end,none,2015-01-07,2015-01-06T13:59:59+09:00,2015-01-02,-1.006,1,6
2015-01-09,1098.5,2015-01-08,2015-01-09,2.072,817Y002,010200000,연%,국고채(3년),KOFIA 16:00 KST source publication; usable from next calendar day; ECOS load time unverified,2015-01-08T16:00:00+09:00,2015-01-05,1.07,DGS3,Daily,Percent,2015-01-05T23:59:59-05:00,pre-2016-10-11 official weekly release; conservative ET day end,none,2015-01-07,2015-01-06T13:59:59+09:00,2015-01-02,-1.002,1,7
2015-01-12,1092.2,2015-01-09,2015-01-10,2.056,817Y002,010200000,연%,국고채(3년),KOFIA 16:00 KST source publication; usable from next calendar day; ECOS load time unverified,2015-01-09T16:00:00+09:00,2015-01-05,1.07,DGS3,Daily,Percent,2015-01-05T23:59:59-05:00,pre-2016-10-11 official weekly release; conservative ET day end,none,2015-01-07,2015-01-06T13:59:59+09:00,2015-01-02,-0.986,3,10
2015-01-13,1083.0,2015-01-12,2015-01-13,2.006,817Y002,010200000,연%,국고채(3년),KOFIA 16:00 KST source publication; usable from next calendar day; ECOS load time unverified,2015-01-12T16:00:00+09:00,2015-01-05,1.07,DGS3,Daily,Percent,2015-01-05T23:59:59-05:00,pre-2016-10-11 official weekly release; conservative ET day end,none,2015-01-07,2015-01-06T13:59:59+09:00,2015-01-02,-0.9359999999999997,1,11
2015-01-14,1081.5,2015-01-13,2015-01-14,2.024,817Y002,010200000,연%,국고채(3년),KOFIA 16:00 KST source publication; usable from next calendar day; ECOS load time unverified,2015-01-13T16:00:00+09:00,2015-01-12,0.96,DGS3,Daily,Percent,2015-01-12T23:59:59-05:00,pre-2016-10-11 official weekly release; conservative ET day end,none,2015-01-14,2015-01-13T13:59:59+09:00,2015-01-09,-1.064,1,5
2015-01-15,1079.9,2015-01-14,2015-01-15,1.974,817Y002,010200000,연%,국고채(3년),KOFIA 16:00 KST source publication; usable from next calendar day; ECOS load time unverified,2015-01-14T16:00:00+09:00,2015-01-12,0.96,DGS3,Daily,Percent,2015-01-12T23:59:59-05:00,pre-2016-10-11 official weekly release; conservative ET day end,none,2015-01-14,2015-01-13T13:59:59+09:00,2015-01-09,-1.014,1,6
2015-01-16,1084.1,2015-01-15,2015-01-16,2.044,817Y002,010200000,연%,국고채(3년),KOFIA 16:00 KST source publication; usable from next calendar day; ECOS load time unverified,2015-01-15T16:00:00+09:00,2015-01-12,0.96,DGS3,Daily,Percent,2015-01-12T23:59:59-05:00,pre-2016-10-11 official weekly release; conservative ET day end,none,2015-01-14,2015-01-13T13:59:59+09:00,2015-01-09,-1.084,1,7
2015-01-19,1077.3,2015-01-16,2015-01-17,2.012,817Y002,010200000,연%,국고채(3년),KOFIA 16:00 KST source publication; usable from next calendar day; ECOS load time unverified,2015-01-16T16:00:00+09:00,2015-01-12,0.96,DGS3,Daily,Percent,2015-01-12T23:59:59-05:00,pre-2016-10-11 official weekly release; conservative ET day end,none,2015-01-14,2015-01-13T13:59:59+09:00,2015-01-09,-1.052,3,10
2015-01-20,1079.8,2015-01-19,2015-01-20,2.038,817Y002,010200000,연%,국고채(3년),KOFIA 16:00 KST source publication; usable from next calendar day; ECOS load time unverified,2015-01-19T16:00:00+09:00,2015-01-12,0.96,DGS3,Daily,Percent,2015-01-12T23:59:59-05:00,pre-2016-10-11 official weekly release; conservative ET day end,none,2015-01-14,2015-01-13T13:59:59+09:00,2015-01-09,-1.0779999999999998,1,11
2015-01-21,1084.4,2015-01-20,2015-01-21,2.031,817Y002,010200000,연%,국고채(3년),KOFIA 16:00 KST source publication; usable from next calendar day; ECOS load time unverified,2015-01-20T16:00:00+09:00,2015-01-12,0.96,DGS3,Daily,Percent,2015-01-12T23:59:59-05:00,pre-2016-10-11 official weekly release; conservative ET day end,none,2015-01-14,2015-01-13T13:59:59+09:00,2015-01-09,-1.0710000000000002,1,12
2015-01-22,1086.8,2015-01-21,2015-01-22,2.045,817Y002,010200000,연%,국고채(3년),KOFIA 16:00 KST source publication; usable from next calendar day; ECOS load time unverified,2015-01-21T16:00:00+09:00,2015-01-20,0.8,DGS3,Daily,Percent,2015-01-20T23:59:59-05:00,pre-2016-10-11 official weekly release; conservative ET day end,none,2015-01-22,2015-01-21T13:59:59+09:00,2015-01-16,-1.2449999999999999,1,6
2015-01-23,1085.3,2015-01-22,2015-01-23,2.063,817Y002,010200000,연%,국고채(3년),KOFIA 16:00 KST source publication; usable from next calendar day; ECOS load time unverified,2015-01-22T16:00:00+09:00,2015-01-20,0.8,DGS3,Daily,Percent,2015-01-20T23:59:59-05:00,pre-2016-10-11 official weekly release; conservative ET day end,none,2015-01-22,2015-01-21T13:59:59+09:00,2015-01-16,-1.2630000000000001,1,7
2015-01-26,1084.1,2015-01-23,2015-01-24,2.027,817Y002,010200000,연%,국고채(3년),KOFIA 16:00 KST source publication; usable from next calendar day; ECOS load time unverified,2015-01-23T16:00:00+09:00,2015-01-20,0.8,DGS3,Daily,Percent,2015-01-20T23:59:59-05:00,pre-2016-10-11 official weekly release; conservative ET day end,none,2015-01-22,2015-01-21T13:59:59+09:00,2015-01-16,-1.227,3,10
2015-01-27,1079.3,2015-01-26,2015-01-27,2.024,817Y002,010200000,연%,국고채(3년),KOFIA 16:00 KST source publication; usable from next calendar day; ECOS load time unverified,2015-01-26T16:00:00+09:00,2015-01-20,0.8,DGS3,Daily,Percent,2015-01-20T23:59:59-05:00,pre-2016-10-11 official weekly release; conservative ET day end,none,2015-01-22,2015-01-21T13:59:59+09:00,2015-01-16,-1.224,1,11
2015-01-28,1082.1,2015-01-27,2015-01-28,2.029,817Y002,010200000,연%,국고채(3년),KOFIA 16:00 KST source publication; usable from next calendar day; ECOS load time unverified,2015-01-27T16:00:00+09:00,2015-01-26,0.86,DGS3,Daily,Percent,2015-01-26T23:59:59-05:00,pre-2016-10-11 official weekly release; conservative ET day end,none,2015-01-28,2015-01-27T13:59:59+09:00,2015-01-23,-1.169,1,5
2015-01-29,1082.9,2015-01-28,2015-01-29,2.004,817Y002,010200000,연%,국고채(3년),KOFIA 16:00 KST source publication; usable from next calendar day; ECOS load time unverified,2015-01-28T16:00:00+09:00,2015-01-26,0.86,DGS3,Daily,Percent,2015-01-26T23:59:59-05:00,pre-2016-10-11 official weekly release; conservative ET day end,none,2015-01-28,2015-01-27T13:59:59+09:00,2015-01-23,-1.1440000000000001,1,6
2015-01-30,1090.8,2015-01-29,2015-01-30,1.998,817Y002,010200000,연%,국고채(3년),KOFIA 16:00 KST source publication; usable from next calendar day; ECOS load time unverified,2015-01-29T16:00:00+09:00,2015-01-26,0.86,DGS3,Daily,Percent,2015-01-26T23:59:59-05:00,pre-2016-10-11 official weekly release; conservative ET day end,none,2015-01-28,2015-01-27T13:59:59+09:00,2015-01-23,-1.138,1,7
2015-02-02,1095.9,2015-01-30,2015-01-31,1.97,817Y002,010200000,연%,국고채(3년),KOFIA 16:00 KST source publication; usable from next calendar day; ECOS load time unverified,2015-01-30T16:00:00+09:00,2015-01-26,0.86,DGS3,Daily,Percent,2015-01-26T23:59:59-05:00,pre-2016-10-11 official weekly release; conservative ET day end,none,2015-01-28,2015-01-27T13:59:59+09:00,2015-01-23,-1.1099999999999999,3,10
2015-02-03,1101.2,2015-02-02,2015-02-03,1.985,817Y002,010200000,연%,국고채(3년),KOFIA 16:00 KST source publication; usable from next calendar day; ECOS load time unverified,2015-02-02T16:00:00+09:00,2015-01-26,0.86,DGS3,Daily,Percent,2015-01-26T23:59:59-05:00,pre-2016-10-11 official weekly release; conservative ET day end,none,2015-01-28,2015-01-27T13:59:59+09:00,2015-01-23,-1.125,1,11
2015-02-04,1098.3,2015-02-03,2015-02-04,1.935,817Y002,010200000,연%,국고채(3년),KOFIA 16:00 KST source publication; usable from next calendar day; ECOS load time unverified,2015-02-03T16:00:00+09:00,2015-02-02,0.77,DGS3,Daily,Percent,2015-02-02T23:59:59-05:00,pre-2016-10-11 official weekly release; conservative ET day end,none,2015-02-04,2015-02-03T13:59:59+09:00,2015-01-30,-1.165,1,5
2015-02-05,1089.2,2015-02-04,2015-02-05,1.961,817Y002,010200000,연%,국고채(3년),KOFIA 16:00 KST source publication; usable from next calendar day; ECOS load time unverified,2015-02-04T16:00:00+09:00,2015-02-02,0.77,DGS3,Daily,Percent,2015-02-02T23:59:59-05:00,pre-2016-10-11 official weekly release; conservative ET day end,none,2015-02-04,2015-02-03T13:59:59+09:00,2015-01-30,-1.191,1,6
2015-02-06,1089.2,2015-02-05,2015-02-06,1.975,817Y002,010200000,연%,국고채(3년),KOFIA 16:00 KST source publication; usable from next calendar day; ECOS load time unverified,2015-02-05T16:00:00+09:00,2015-02-02,0.77,DGS3,Daily,Percent,2015-02-02T23:59:59-05:00,pre-2016-10-11 official weekly release; conservative ET day end,none,2015-02-04,2015-02-03T13:59:59+09:00,2015-01-30,-1.205,1,7
2015-02-09,1088.3,2015-02-06,2015-02-07,1.962,817Y002,010200000,연%,국고채(3년),KOFIA 16:00 KST source publication; usable from next calendar day; ECOS load time unverified,2015-02-06T16:00:00+09:00,2015-02-02,0.77,DGS3,Daily,Percent,2015-02-02T23:59:59-05:00,pre-2016-10-11 official weekly release; conservative ET day end,none,2015-02-04,2015-02-03T13:59:59+09:00,2015-01-30,-1.192,3,10
2015-02-10,1097.0,2015-02-09,2015-02-10,1.977,817Y002,010200000,연%,국고채(3년),KOFIA 16:00 KST source publication; usable from next calendar day; ECOS load time unverified,2015-02-09T16:00:00+09:00,2015-02-02,0.77,DGS3,Daily,Percent,2015-02-02T23:59:59-05:00,pre-2016-10-11 official weekly release; conservative ET day end,none,2015-02-04,2015-02-03T13:59:59+09:00,2015-01-30,-1.207,1,11
2015-02-11,1090.8,2015-02-10,2015-02-11,2.056,817Y002,010200000,연%,국고채(3년),KOFIA 16:00 KST source publication; usable from next calendar day; ECOS load time unverified,2015-02-10T16:00:00+09:00,2015-02-09,1.03,DGS3,Daily,Percent,2015-02-09T23:59:59-05:00,pre-2016-10-11 official weekly release; conservative ET day end,none,2015-02-11,2015-02-10T13:59:59+09:00,2015-02-06,-1.026,1,5
2015-02-12,1096.9,2015-02-11,2015-02-12,2.051,817Y002,010200000,연%,국고채(3년),KOFIA 16:00 KST source publication; usable from next calendar day; ECOS load time unverified,2015-02-11T16:00:00+09:00,2015-02-09,1.03,DGS3,Daily,Percent,2015-02-09T23:59:59-05:00,pre-2016-10-11 official weekly release; conservative ET day end,none,2015-02-11,2015-02-10T13:59:59+09:00,2015-02-06,-1.0210000000000001,1,6
2015-02-13,1107.5,2015-02-12,2015-02-13,2.075,817Y002,010200000,연%,국고채(3년),KOFIA 16:00 KST source publication; usable from next calendar day; ECOS load time unverified,2015-02-12T16:00:00+09:00,2015-02-09,1.03,DGS3,Daily,Percent,2015-02-09T23:59:59-05:00,pre-2016-10-11 official weekly release; conservative ET day end,none,2015-02-11,2015-02-10T13:59:59+09:00,2015-02-06,-1.0450000000000002,1,7
2015-02-16,1098.4,2015-02-13,2015-02-14,2.05,817Y002,010200000,연%,국고채(3년),KOFIA 16:00 KST source publication; usable from next calendar day; ECOS load time unverified,2015-02-13T16:00:00+09:00,2015-02-09,1.03,DGS3,Daily,Percent,2015-02-09T23:59:59-05:00,pre-2016-10-11 official weekly release; conservative ET day end,none,2015-02-11,2015-02-10T13:59:59+09:00,2015-02-06,-1.0199999999999998,3,10
2015-02-17,1098.7,2015-02-16,2015-02-17,2.091,817Y002,010200000,연%,국고채(3년),KOFIA 16:00 KST source publication; usable from next calendar day; ECOS load time unverified,2015-02-16T16:00:00+09:00,2015-02-09,1.03,DGS3,Daily,Percent,2015-02-09T23:59:59-05:00,pre-2016-10-11 official weekly release; conservative ET day end,none,2015-02-11,2015-02-10T13:59:59+09:00,2015-02-06,-1.0610000000000002,1,11
2015-02-23,1101.3,2015-02-17,2015-02-18,2.054,817Y002,010200000,연%,국고채(3년),KOFIA 16:00 KST source publication; usable from next calendar day; ECOS load time unverified,2015-02-17T16:00:00+09:00,2015-02-18,1.1,DGS3,Daily,Percent,2015-02-18T23:59:59-05:00,pre-2016-10-11 official weekly release; conservative ET day end,none,2015-02-20,2015-02-19T13:59:59+09:00,2015-02-17,-0.9539999999999997,6,6
2015-02-24,1109.8,2015-02-23,2015-02-24,2.061,817Y002,010200000,연%,국고채(3년),KOFIA 16:00 KST source publication; usable from next calendar day; ECOS load time unverified,2015-02-23T16:00:00+09:00,2015-02-18,1.1,DGS3,Daily,Percent,2015-02-18T23:59:59-05:00,pre-2016-10-11 official weekly release; conservative ET day end,none,2015-02-20,2015-02-19T13:59:59+09:00,2015-02-17,-0.9609999999999999,1,7
2015-02-25,1108.6,2015-02-24,2015-02-25,2.063,817Y002,010200000,연%,국고채(3년),KOFIA 16:00 KST source publication; usable from next calendar day; ECOS load time unverified,2015-02-24T16:00:00+09:00,2015-02-23,1.07,DGS3,Daily,Percent,2015-02-23T23:59:59-05:00,pre-2016-10-11 official weekly release; conservative ET day end,none,2015-02-25,2015-02-24T13:59:59+09:00,2015-02-20,-0.9930000000000001,1,5
2015-02-26,1102.5,2015-02-25,2015-02-26,2.037,817Y002,010200000,연%,국고채(3년),KOFIA 16:00 KST source publication; usable from next calendar day; ECOS load time unverified,2015-02-25T16:00:00+09:00,2015-02-23,1.07,DGS3,Daily,Percent,2015-02-23T23:59:59-05:00,pre-2016-10-11 official weekly release; conservative ET day end,none,2015-02-25,2015-02-24T13:59:59+09:00,2015-02-20,-0.9669999999999999,1,6
2015-02-27,1099.2,2015-02-26,2015-02-27,2.04,817Y002,010200000,연%,국고채(3년),KOFIA 16:00 KST source publication; usable from next calendar day; ECOS load time unverified,2015-02-26T16:00:00+09:00,2015-02-23,1.07,DGS3,Daily,Percent,2015-02-23T23:59:59-05:00,pre-2016-10-11 official weekly release; conservative ET day end,none,2015-02-25,2015-02-24T13:59:59+09:00,2015-02-20,-0.97,1,7
2015-03-02,1099.5,2015-02-27,2015-02-28,2.034,817Y002,010200000,연%,국고채(3년),KOFIA 16:00 KST source publication; usable from next calendar day; ECOS load time unverified,2015-02-27T16:00:00+09:00,2015-02-23,1.07,DGS3,Daily,Percent,2015-02-23T23:59:59-05:00,pre-2016-10-11 official weekly release; conservative ET day end,none,2015-02-25,2015-02-24T13:59:59+09:00,2015-02-20,-0.9639999999999997,3,10
2015-03-03,1102.5,2015-03-02,2015-03-03,2.0,817Y002,010200000,연%,국고채(3년),KOFIA 16:00 KST source publication; usable from next calendar day; ECOS load time unverified,2015-03-02T16:00:00+09:00,2015-02-23,1.07,DGS3,Daily,Percent,2015-02-23T23:59:59-05:00,pre-2016-10-11 official weekly release; conservative ET day end,none,2015-02-25,2015-02-24T13:59:59+09:00,2015-02-20,-0.9299999999999999,1,11
2015-03-04,1100.0,2015-03-03,2015-03-04,1.99,817Y002,010200000,연%,국고채(3년),KOFIA 16:00 KST source publication; usable from next calendar day; ECOS load time unverified,2015-03-03T16:00:00+09:00,2015-03-02,1.01,DGS3,Daily,Percent,2015-03-02T23:59:59-05:00,pre-2016-10-11 official weekly release; conservative ET day end,none,2015-03-04,2015-03-03T13:59:59+09:00,2015-02-27,-0.98,1,5
2015-03-05,1096.5,2015-03-04,2015-03-05,1.98,817Y002,010200000,연%,국고채(3년),KOFIA 16:00 KST source publication; usable from next calendar day; ECOS load time unverified,2015-03-04T16:00:00+09:00,2015-03-02,1.01,DGS3,Daily,Percent,2015-03-02T23:59:59-05:00,pre-2016-10-11 official weekly release; conservative ET day end,none,2015-03-04,2015-03-03T13:59:59+09:00,2015-02-27,-0.97,1,6
2015-03-06,1100.1,2015-03-05,2015-03-06,1.978,817Y002,010200000,연%,국고채(3년),KOFIA 16:00 KST source publication; usable from next calendar day; ECOS load time unverified,2015-03-05T16:00:00+09:00,2015-03-02,1.01,DGS3,Daily,Percent,2015-03-02T23:59:59-05:00,pre-2016-10-11 official weekly release; conservative ET day end,none,2015-03-04,2015-03-03T13:59:59+09:00,2015-02-27,-0.968,1,7
2015-03-09,1099.5,2015-03-06,2015-03-07,1.943,817Y002,010200000,연%,국고채(3년),KOFIA 16:00 KST source publication; usable from next calendar day; ECOS load time unverified,2015-03-06T16:00:00+09:00,2015-03-02,1.01,DGS3,Daily,Percent,2015-03-02T23:59:59-05:00,pre-2016-10-11 official weekly release; conservative ET day end,none,2015-03-04,2015-03-03T13:59:59+09:00,2015-02-27,-0.933,3,10
2015-03-10,1110.3,2015-03-09,2015-03-10,1.924,817Y002,010200000,연%,국고채(3년),KOFIA 16:00 KST source publication; usable from next calendar day; ECOS load time unverified,2015-03-09T16:00:00+09:00,2015-03-02,1.01,DGS3,Daily,Percent,2015-03-02T23:59:59-05:00,pre-2016-10-11 official weekly release; conservative ET day end,none,2015-03-04,2015-03-03T13:59:59+09:00,2015-02-27,-0.9139999999999999,1,11
2015-03-11,1119.5,2015-03-10,2015-03-11,1.937,817Y002,010200000,연%,국고채(3년),KOFIA 16:00 KST source publication; usable from next calendar day; ECOS load time unverified,2015-03-10T16:00:00+09:00,2015-03-09,1.16,DGS3,Daily,Percent,2015-03-09T23:59:59-04:00,pre-2016-10-11 official weekly release; conservative ET day end,none,2015-03-11,2015-03-10T12:59:59+09:00,2015-03-06,-0.7770000000000001,1,5
2015-03-12,1126.6,2015-03-11,2015-03-12,1.907,817Y002,010200000,연%,국고채(3년),KOFIA 16:00 KST source publication; usable from next calendar day; ECOS load time unverified,2015-03-11T16:00:00+09:00,2015-03-09,1.16,DGS3,Daily,Percent,2015-03-09T23:59:59-04:00,pre-2016-10-11 official weekly release; conservative ET day end,none,2015-03-11,2015-03-10T12:59:59+09:00,2015-03-06,-0.7470000000000001,1,6
2015-03-13,1130.9,2015-03-12,2015-03-13,1.896,817Y002,010200000,연%,국고채(3년),KOFIA 16:00 KST source publication; usable from next calendar day; ECOS load time unverified,2015-03-12T16:00:00+09:00,2015-03-09,1.16,DGS3,Daily,Percent,2015-03-09T23:59:59-04:00,pre-2016-10-11 official weekly release; conservative ET day end,none,2015-03-11,2015-03-10T12:59:59+09:00,2015-03-06,-0.736,1,7
2015-03-16,1125.6,2015-03-13,2015-03-14,1.869,817Y002,010200000,연%,국고채(3년),KOFIA 16:00 KST source publication; usable from next calendar day; ECOS load time unverified,2015-03-13T16:00:00+09:00,2015-03-09,1.16,DGS3,Daily,Percent,2015-03-09T23:59:59-04:00,pre-2016-10-11 official weekly release; conservative ET day end,none,2015-03-11,2015-03-10T12:59:59+09:00,2015-03-06,-0.7090000000000001,3,10
2015-03-17,1133.9,2015-03-16,2015-03-17,1.856,817Y002,010200000,연%,국고채(3년),KOFIA 16:00 KST source publication; usable from next calendar day; ECOS load time unverified,2015-03-16T16:00:00+09:00,2015-03-09,1.16,DGS3,Daily,Percent,2015-03-09T23:59:59-04:00,pre-2016-10-11 official weekly release; conservative ET day end,none,2015-03-11,2015-03-10T12:59:59+09:00,2015-03-06,-0.6960000000000002,1,11
2015-03-18,1130.1,2015-03-17,2015-03-18,1.872,817Y002,010200000,연%,국고채(3년),KOFIA 16:00 KST source publication; usable from next calendar day; ECOS load time unverified,2015-03-17T16:00:00+09:00,2015-03-16,1.07,DGS3,Daily,Percent,2015-03-16T23:59:59-04:00,pre-2016-10-11 official weekly release; conservative ET day end,none,2015-03-18,2015-03-17T12:59:59+09:00,2015-03-13,-0.802,1,5
2015-03-19,1126.6,2015-03-18,2015-03-19,1.859,817Y002,010200000,연%,국고채(3년),KOFIA 16:00 KST source publication; usable from next calendar day; ECOS load time unverified,2015-03-18T16:00:00+09:00,2015-03-16,1.07,DGS3,Daily,Percent,2015-03-16T23:59:59-04:00,pre-2016-10-11 official weekly release; conservative ET day end,none,2015-03-18,2015-03-17T12:59:59+09:00,2015-03-13,-0.7889999999999999,1,6
2015-03-20,1114.0,2015-03-19,2015-03-20,1.825,817Y002,010200000,연%,국고채(3년),KOFIA 16:00 KST source publication; usable from next calendar day; ECOS load time unverified,2015-03-19T16:00:00+09:00,2015-03-16,1.07,DGS3,Daily,Percent,2015-03-16T23:59:59-04:00,pre-2016-10-11 official weekly release; conservative ET day end,none,2015-03-18,2015-03-17T12:59:59+09:00,2015-03-13,-0.7549999999999999,1,7
2015-03-23,1121.7,2015-03-20,2015-03-21,1.797,817Y002,010200000,연%,국고채(3년),KOFIA 16:00 KST source publication; usable from next calendar day; ECOS load time unverified,2015-03-20T16:00:00+09:00,2015-03-16,1.07,DGS3,Daily,Percent,2015-03-16T23:59:59-04:00,pre-2016-10-11 official weekly release; conservative ET day end,none,2015-03-18,2015-03-17T12:59:59+09:00,2015-03-13,-0.7269999999999999,3,10
2015-03-24,1115.9,2015-03-23,2015-03-24,1.793,817Y002,010200000,연%,국고채(3년),KOFIA 16:00 KST source publication; usable from next calendar day; ECOS load time unverified,2015-03-23T16:00:00+09:00,2015-03-16,1.07,DGS3,Daily,Percent,2015-03-16T23:59:59-04:00,pre-2016-10-11 official weekly release; conservative ET day end,none,2015-03-18,2015-03-17T12:59:59+09:00,2015-03-13,-0.7229999999999999,1,11
2015-03-25,1107.1,2015-03-24,2015-03-25,1.795,817Y002,010200000,연%,국고채(3년),KOFIA 16:00 KST source publication; usable from next calendar day; ECOS load time unverified,2015-03-24T16:00:00+09:00,2015-03-23,0.95,DGS3,Daily,Percent,2015-03-23T23:59:59-04:00,pre-2016-10-11 official weekly release; conservative ET day end,none,2015-03-25,2015-03-24T12:59:59+09:00,2015-03-20,-0.845,1,5
2015-03-26,1102.7,2015-03-25,2015-03-26,1.785,817Y002,010200000,연%,국고채(3년),KOFIA 16:00 KST source publication; usable from next calendar day; ECOS load time unverified,2015-03-25T16:00:00+09:00,2015-03-23,0.95,DGS3,Daily,Percent,2015-03-23T23:59:59-04:00,pre-2016-10-11 official weekly release; conservative ET day end,none,2015-03-25,2015-03-24T12:59:59+09:00,2015-03-20,-0.835,1,6
2015-03-27,1104.2,2015-03-26,2015-03-27,1.779,817Y002,010200000,연%,국고채(3년),KOFIA 16:00 KST source publication; usable from next calendar day; ECOS load time unverified,2015-03-26T16:00:00+09:00,2015-03-23,0.95,DGS3,Daily,Percent,2015-03-23T23:59:59-04:00,pre-2016-10-11 official weekly release; conservative ET day end,none,2015-03-25,2015-03-24T12:59:59+09:00,2015-03-20,-0.829,1,7
2015-03-30,1104.3,2015-03-27,2015-03-28,1.77,817Y002,010200000,연%,국고채(3년),KOFIA 16:00 KST source publication; usable from next calendar day; ECOS load time unverified,2015-03-27T16:00:00+09:00,2015-03-23,0.95,DGS3,Daily,Percent,2015-03-23T23:59:59-04:00,pre-2016-10-11 official weekly release; conservative ET day end,none,2015-03-25,2015-03-24T12:59:59+09:00,2015-03-20,-0.8200000000000001,3,10
2015-03-31,1105.0,2015-03-30,2015-03-31,1.748,817Y002,010200000,연%,국고채(3년),KOFIA 16:00 KST source publication; usable from next calendar day; ECOS load time unverified,2015-03-30T16:00:00+09:00,2015-03-23,0.95,DGS3,Daily,Percent,2015-03-23T23:59:59-04:00,pre-2016-10-11 official weekly release; conservative ET day end,none,2015-03-25,2015-03-24T12:59:59+09:00,2015-03-20,-0.798,1,11
2015-04-01,1109.4,2015-03-31,2015-04-01,1.721,817Y002,010200000,연%,국고채(3년),KOFIA 16:00 KST source publication; usable from next calendar day; ECOS load time unverified,2015-03-31T16:00:00+09:00,2015-03-30,0.92,DGS3,Daily,Percent,2015-03-30T23:59:59-04:00,pre-2016-10-11 official weekly release; conservative ET day end,none,2015-04-01,2015-03-31T12:59:59+09:00,2015-03-27,-0.801,1,5
2015-04-02,1103.8,2015-04-01,2015-04-02,1.72,817Y002,010200000,연%,국고채(3년),KOFIA 16:00 KST source publication; usable from next calendar day; ECOS load time unverified,2015-04-01T16:00:00+09:00,2015-03-30,0.92,DGS3,Daily,Percent,2015-03-30T23:59:59-04:00,pre-2016-10-11 official weekly release; conservative ET day end,none,2015-04-01,2015-03-31T12:59:59+09:00,2015-03-27,-0.7999999999999999,1,6
2015-04-03,1098.0,2015-04-02,2015-04-03,1.721,817Y002,010200000,연%,국고채(3년),KOFIA 16:00 KST source publication; usable from next calendar day; ECOS load time unverified,2015-04-02T16:00:00+09:00,2015-03-30,0.92,DGS3,Daily,Percent,2015-03-30T23:59:59-04:00,pre-2016-10-11 official weekly release; conservative ET day end,none,2015-04-01,2015-03-31T12:59:59+09:00,2015-03-27,-0.801,1,7
2015-04-06,1094.6,2015-04-03,2015-04-04,1.714,817Y002,010200000,연%,국고채(3년),KOFIA 16:00 KST source publication; usable from next calendar day; ECOS load time unverified,2015-04-03T16:00:00+09:00,2015-03-30,0.92,DGS3,Daily,Percent,2015-03-30T23:59:59-04:00,pre-2016-10-11 official weekly release; conservative ET day end,none,2015-04-01,2015-03-31T12:59:59+09:00,2015-03-27,-0.7939999999999999,3,10
2015-04-07,1086.0,2015-04-06,2015-04-07,1.714,817Y002,010200000,연%,국고채(3년),KOFIA 16:00 KST source publication; usable from next calendar day; ECOS load time unverified,2015-04-06T16:00:00+09:00,2015-03-30,0.92,DGS3,Daily,Percent,2015-03-30T23:59:59-04:00,pre-2016-10-11 official weekly release; conservative ET day end,none,2015-04-01,2015-03-31T12:59:59+09:00,2015-03-27,-0.7939999999999999,1,11
2015-04-08,1089.7,2015-04-07,2015-04-08,1.721,817Y002,010200000,연%,국고채(3년),KOFIA 16:00 KST source publication; usable from next calendar day; ECOS load time unverified,2015-04-07T16:00:00+09:00,2015-04-06,0.8,DGS3,Daily,Percent,2015-04-06T23:59:59-04:00,pre-2016-10-11 official weekly release; conservative ET day end,none,2015-04-08,2015-04-07T12:59:59+09:00,2015-04-03,-0.921,1,5
2015-04-09,1093.4,2015-04-08,2015-04-09,1.727,817Y002,010200000,연%,국고채(3년),KOFIA 16:00 KST source publication; usable from next calendar day; ECOS load time unverified,2015-04-08T16:00:00+09:00,2015-04-06,0.8,DGS3,Daily,Percent,2015-04-06T23:59:59-04:00,pre-2016-10-11 official weekly release; conservative ET day end,none,2015-04-08,2015-04-07T12:59:59+09:00,2015-04-03,-0.927,1,6
2015-04-10,1093.9,2015-04-09,2015-04-10,1.698,817Y002,010200000,연%,국고채(3년),KOFIA 16:00 KST source publication; usable from next calendar day; ECOS load time unverified,2015-04-09T16:00:00+09:00,2015-04-06,0.8,DGS3,Daily,Percent,2015-04-06T23:59:59-04:00,pre-2016-10-11 official weekly release; conservative ET day end,none,2015-04-08,2015-04-07T12:59:59+09:00,2015-04-03,-0.8979999999999999,1,7
2015-04-13,1094.6,2015-04-10,2015-04-11,1.714,817Y002,010200000,연%,국고채(3년),KOFIA 16:00 KST source publication; usable from next calendar day; ECOS load time unverified,2015-04-10T16:00:00+09:00,2015-04-06,0.8,DGS3,Daily,Percent,2015-04-06T23:59:59-04:00,pre-2016-10-11 official weekly release; conservative ET day end,none,2015-04-08,2015-04-07T12:59:59+09:00,2015-04-03,-0.9139999999999999,3,10
2015-04-14,1096.6,2015-04-13,2015-04-14,1.732,817Y002,010200000,연%,국고채(3년),KOFIA 16:00 KST source publication; usable from next calendar day; ECOS load time unverified,2015-04-13T16:00:00+09:00,2015-04-06,0.8,DGS3,Daily,Percent,2015-04-06T23:59:59-04:00,pre-2016-10-11 official weekly release; conservative ET day end,none,2015-04-08,2015-04-07T12:59:59+09:00,2015-04-03,-0.9319999999999999,1,11
2015-04-15,1096.8,2015-04-14,2015-04-15,1.731,817Y002,010200000,연%,국고채(3년),KOFIA 16:00 KST source publication; usable from next calendar day; ECOS load time unverified,2015-04-14T16:00:00+09:00,2015-04-13,0.91,DGS3,Daily,Percent,2015-04-13T23:59:59-04:00,pre-2016-10-11 official weekly release; conservative ET day end,none,2015-04-15,2015-04-14T12:59:59+09:00,2015-04-10,-0.8210000000000001,1,5
2015-04-16,1096.0,2015-04-15,2015-04-16,1.721,817Y002,010200000,연%,국고채(3년),KOFIA 16:00 KST source publication; usable from next calendar day; ECOS load time unverified,2015-04-15T16:00:00+09:00,2015-04-13,0.91,DGS3,Daily,Percent,2015-04-13T23:59:59-04:00,pre-2016-10-11 official weekly release; conservative ET day end,none,2015-04-15,2015-04-14T12:59:59+09:00,2015-04-10,-0.811,1,6
2015-04-17,1089.0,2015-04-16,2015-04-17,1.724,817Y002,010200000,연%,국고채(3년),KOFIA 16:00 KST source publication; usable from next calendar day; ECOS load time unverified,2015-04-16T16:00:00+09:00,2015-04-13,0.91,DGS3,Daily,Percent,2015-04-13T23:59:59-04:00,pre-2016-10-11 official weekly release; conservative ET day end,none,2015-04-15,2015-04-14T12:59:59+09:00,2015-04-10,-0.814,1,7
2015-04-20,1085.1,2015-04-17,2015-04-18,1.691,817Y002,010200000,연%,국고채(3년),KOFIA 16:00 KST source publication; usable from next calendar day; ECOS load time unverified,2015-04-17T16:00:00+09:00,2015-04-13,0.91,DGS3,Daily,Percent,2015-04-13T23:59:59-04:00,pre-2016-10-11 official weekly release; conservative ET day end,none,2015-04-15,2015-04-14T12:59:59+09:00,2015-04-10,-0.781,3,10
2015-04-21,1082.7,2015-04-20,2015-04-21,1.693,817Y002,010200000,연%,국고채(3년),KOFIA 16:00 KST source publication; usable from next calendar day; ECOS load time unverified,2015-04-20T16:00:00+09:00,2015-04-13,0.91,DGS3,Daily,Percent,2015-04-13T23:59:59-04:00,pre-2016-10-11 official weekly release; conservative ET day end,none,2015-04-15,2015-04-14T12:59:59+09:00,2015-04-10,-0.783,1,11
2015-04-22,1083.5,2015-04-21,2015-04-22,1.71,817Y002,010200000,연%,국고채(3년),KOFIA 16:00 KST source publication; usable from next calendar day; ECOS load time unverified,2015-04-21T16:00:00+09:00,2015-04-20,0.84,DGS3,Daily,Percent,2015-04-20T23:59:59-04:00,pre-2016-10-11 official weekly release; conservative ET day end,none,2015-04-22,2015-04-21T12:59:59+09:00,2015-04-17,-0.87,1,5
2015-04-23,1081.8,2015-04-22,2015-04-23,1.71,817Y002,010200000,연%,국고채(3년),KOFIA 16:00 KST source publication; usable from next calendar day; ECOS load time unverified,2015-04-22T16:00:00+09:00,2015-04-20,0.84,DGS3,Daily,Percent,2015-04-20T23:59:59-04:00,pre-2016-10-11 official weekly release; conservative ET day end,none,2015-04-22,2015-04-21T12:59:59+09:00,2015-04-17,-0.87,1,6
2015-04-24,1083.2,2015-04-23,2015-04-24,1.745,817Y002,010200000,연%,국고채(3년),KOFIA 16:00 KST source publication; usable from next calendar day; ECOS load time unverified,2015-04-23T16:00:00+09:00,2015-04-20,0.84,DGS3,Daily,Percent,2015-04-20T23:59:59-04:00,pre-2016-10-11 official weekly release; conservative ET day end,none,2015-04-22,2015-04-21T12:59:59+09:00,2015-04-17,-0.9050000000000001,1,7
2015-04-27,1079.0,2015-04-24,2015-04-25,1.771,817Y002,010200000,연%,국고채(3년),KOFIA 16:00 KST source publication; usable from next calendar day; ECOS load time unverified,2015-04-24T16:00:00+09:00,2015-04-20,0.84,DGS3,Daily,Percent,2015-04-20T23:59:59-04:00,pre-2016-10-11 official weekly release; conservative ET day end,none,2015-04-22,2015-04-21T12:59:59+09:00,2015-04-17,-0.9309999999999999,3,10
2015-04-28,1074.5,2015-04-27,2015-04-28,1.786,817Y002,010200000,연%,국고채(3년),KOFIA 16:00 KST source publication; usable from next calendar day; ECOS load time unverified,2015-04-27T16:00:00+09:00,2015-04-20,0.84,DGS3,Daily,Percent,2015-04-20T23:59:59-04:00,pre-2016-10-11 official weekly release; conservative ET day end,none,2015-04-22,2015-04-21T12:59:59+09:00,2015-04-17,-0.9460000000000001,1,11
2015-04-29,1070.9,2015-04-28,2015-04-29,1.829,817Y002,010200000,연%,국고채(3년),KOFIA 16:00 KST source publication; usable from next calendar day; ECOS load time unverified,2015-04-28T16:00:00+09:00,2015-04-27,0.84,DGS3,Daily,Percent,2015-04-27T23:59:59-04:00,pre-2016-10-11 official weekly release; conservative ET day end,none,2015-04-29,2015-04-28T12:59:59+09:00,2015-04-24,-0.989,1,5
2015-04-30,1068.1,2015-04-29,2015-04-30,1.842,817Y002,010200000,연%,국고채(3년),KOFIA 16:00 KST source publication; usable from next calendar day; ECOS load time unverified,2015-04-29T16:00:00+09:00,2015-04-27,0.84,DGS3,Daily,Percent,2015-04-27T23:59:59-04:00,pre-2016-10-11 official weekly release; conservative ET day end,none,2015-04-29,2015-04-28T12:59:59+09:00,2015-04-24,-1.0020000000000002,1,6
2015-05-04,1069.5,2015-04-30,2015-05-01,1.843,817Y002,010200000,연%,국고채(3년),KOFIA 16:00 KST source publication; usable from next calendar day; ECOS load time unverified,2015-04-30T16:00:00+09:00,2015-04-27,0.84,DGS3,Daily,Percent,2015-04-27T23:59:59-04:00,pre-2016-10-11 official weekly release; conservative ET day end,none,2015-04-29,2015-04-28T12:59:59+09:00,2015-04-24,-1.0030000000000001,4,10
2015-05-06,1080.5,2015-05-04,2015-05-05,1.896,817Y002,010200000,연%,국고채(3년),KOFIA 16:00 KST source publication; usable from next calendar day; ECOS load time unverified,2015-05-04T16:00:00+09:00,2015-05-04,0.97,DGS3,Daily,Percent,2015-05-04T23:59:59-04:00,pre-2016-10-11 official weekly release; conservative ET day end,none,2015-05-06,2015-05-05T12:59:59+09:00,2015-05-01,-0.9259999999999999,2,5
2015-05-07,1081.0,2015-05-06,2015-05-07,1.969,817Y002,010200000,연%,국고채(3년),KOFIA 16:00 KST source publication; usable from next calendar day; ECOS load time unverified,2015-05-06T16:00:00+09:00,2015-05-04,0.97,DGS3,Daily,Percent,2015-05-04T23:59:59-04:00,pre-2016-10-11 official weekly release; conservative ET day end,none,2015-05-06,2015-05-05T12:59:59+09:00,2015-05-01,-0.9990000000000001,1,6
2015-05-08,1086.6,2015-05-07,2015-05-08,1.966,817Y002,010200000,연%,국고채(3년),KOFIA 16:00 KST source publication; usable from next calendar day; ECOS load time unverified,2015-05-07T16:00:00+09:00,2015-05-04,0.97,DGS3,Daily,Percent,2015-05-04T23:59:59-04:00,pre-2016-10-11 official weekly release; conservative ET day end,none,2015-05-06,2015-05-05T12:59:59+09:00,2015-05-01,-0.996,1,7
2015-05-11,1091.3,2015-05-08,2015-05-09,1.888,817Y002,010200000,연%,국고채(3년),KOFIA 16:00 KST source publication; usable from next calendar day; ECOS load time unverified,2015-05-08T16:00:00+09:00,2015-05-04,0.97,DGS3,Daily,Percent,2015-05-04T23:59:59-04:00,pre-2016-10-11 official weekly release; conservative ET day end,none,2015-05-06,2015-05-05T12:59:59+09:00,2015-05-01,-0.9179999999999999,3,10
2015-05-12,1089.9,2015-05-11,2015-05-12,1.876,817Y002,010200000,연%,국고채(3년),KOFIA 16:00 KST source publication; usable from next calendar day; ECOS load time unverified,2015-05-11T16:00:00+09:00,2015-05-04,0.97,DGS3,Daily,Percent,2015-05-04T23:59:59-04:00,pre-2016-10-11 official weekly release; conservative ET day end,none,2015-05-06,2015-05-05T12:59:59+09:00,2015-05-01,-0.9059999999999999,1,11
2015-05-13,1096.2,2015-05-12,2015-05-13,1.942,817Y002,010200000,연%,국고채(3년),KOFIA 16:00 KST source publication; usable from next calendar day; ECOS load time unverified,2015-05-12T16:00:00+09:00,2015-05-11,0.96,DGS3,Daily,Percent,2015-05-11T23:59:59-04:00,pre-2016-10-11 official weekly release; conservative ET day end,none,2015-05-13,2015-05-12T12:59:59+09:00,2015-05-08,-0.982,1,5
2015-05-14,1094.9,2015-05-13,2015-05-14,1.864,817Y002,010200000,연%,국고채(3년),KOFIA 16:00 KST source publication; usable from next calendar day; ECOS load time unverified,2015-05-13T16:00:00+09:00,2015-05-11,0.96,DGS3,Daily,Percent,2015-05-11T23:59:59-04:00,pre-2016-10-11 official weekly release; conservative ET day end,none,2015-05-13,2015-05-12T12:59:59+09:00,2015-05-08,-0.9040000000000001,1,6
2015-05-15,1093.6,2015-05-14,2015-05-15,1.857,817Y002,010200000,연%,국고채(3년),KOFIA 16:00 KST source publication; usable from next calendar day; ECOS load time unverified,2015-05-14T16:00:00+09:00,2015-05-11,0.96,DGS3,Daily,Percent,2015-05-11T23:59:59-04:00,pre-2016-10-11 official weekly release; conservative ET day end,none,2015-05-13,2015-05-12T12:59:59+09:00,2015-05-08,-0.897,1,7
2015-05-18,1089.2,2015-05-15,2015-05-16,1.881,817Y002,010200000,연%,국고채(3년),KOFIA 16:00 KST source publication; usable from next calendar day; ECOS load time unverified,2015-05-15T16:00:00+09:00,2015-05-11,0.96,DGS3,Daily,Percent,2015-05-11T23:59:59-04:00,pre-2016-10-11 official weekly release; conservative ET day end,none,2015-05-13,2015-05-12T12:59:59+09:00,2015-05-08,-0.921,3,10
2015-05-19,1085.5,2015-05-18,2015-05-19,1.889,817Y002,010200000,연%,국고채(3년),KOFIA 16:00 KST source publication; usable from next calendar day; ECOS load time unverified,2015-05-18T16:00:00+09:00,2015-05-11,0.96,DGS3,Daily,Percent,2015-05-11T23:59:59-04:00,pre-2016-10-11 official weekly release; conservative ET day end,none,2015-05-13,2015-05-12T12:59:59+09:00,2015-05-08,-0.929,1,11
2015-05-20,1090.9,2015-05-19,2015-05-20,1.903,817Y002,010200000,연%,국고채(3년),KOFIA 16:00 KST source publication; usable from next calendar day; ECOS load time unverified,2015-05-19T16:00:00+09:00,2015-05-18,0.9,DGS3,Daily,Percent,2015-05-18T23:59:59-04:00,pre-2016-10-11 official weekly release; conservative ET day end,none,2015-05-20,2015-05-19T12:59:59+09:00,2015-05-15,-1.0030000000000001,1,5
2015-05-21,1095.2,2015-05-20,2015-05-21,1.878,817Y002,010200000,연%,국고채(3년),KOFIA 16:00 KST source publication; usable from next calendar day; ECOS load time unverified,2015-05-20T16:00:00+09:00,2015-05-18,0.9,DGS3,Daily,Percent,2015-05-18T23:59:59-04:00,pre-2016-10-11 official weekly release; conservative ET day end,none,2015-05-20,2015-05-19T12:59:59+09:00,2015-05-15,-0.9779999999999999,1,6
2015-05-22,1094.4,2015-05-21,2015-05-22,1.88,817Y002,010200000,연%,국고채(3년),KOFIA 16:00 KST source publication; usable from next calendar day; ECOS load time unverified,2015-05-21T16:00:00+09:00,2015-05-18,0.9,DGS3,Daily,Percent,2015-05-18T23:59:59-04:00,pre-2016-10-11 official weekly release; conservative ET day end,none,2015-05-20,2015-05-19T12:59:59+09:00,2015-05-15,-0.9799999999999999,1,7
2015-05-26,1090.8,2015-05-22,2015-05-23,1.871,817Y002,010200000,연%,국고채(3년),KOFIA 16:00 KST source publication; usable from next calendar day; ECOS load time unverified,2015-05-22T16:00:00+09:00,2015-05-18,0.9,DGS3,Daily,Percent,2015-05-18T23:59:59-04:00,pre-2016-10-11 official weekly release; conservative ET day end,none,2015-05-20,2015-05-19T12:59:59+09:00,2015-05-15,-0.971,4,11
2015-05-27,1098.4,2015-05-26,2015-05-27,1.846,817Y002,010200000,연%,국고채(3년),KOFIA 16:00 KST source publication; usable from next calendar day; ECOS load time unverified,2015-05-26T16:00:00+09:00,2015-05-18,0.9,DGS3,Daily,Percent,2015-05-18T23:59:59-04:00,pre-2016-10-11 official weekly release; conservative ET day end,none,2015-05-20,2015-05-19T12:59:59+09:00,2015-05-15,-0.9460000000000001,1,12
2015-05-28,1107.0,2015-05-27,2015-05-28,1.809,817Y002,010200000,연%,국고채(3년),KOFIA 16:00 KST source publication; usable from next calendar day; ECOS load time unverified,2015-05-27T16:00:00+09:00,2015-05-26,1.01,DGS3,Daily,Percent,2015-05-26T23:59:59-04:00,pre-2016-10-11 official weekly release; conservative ET day end,none,2015-05-28,2015-05-27T12:59:59+09:00,2015-05-22,-0.7989999999999999,1,6
2015-05-29,1108.0,2015-05-28,2015-05-29,1.798,817Y002,010200000,연%,국고채(3년),KOFIA 16:00 KST source publication; usable from next calendar day; ECOS load time unverified,2015-05-28T16:00:00+09:00,2015-05-26,1.01,DGS3,Daily,Percent,2015-05-26T23:59:59-04:00,pre-2016-10-11 official weekly release; conservative ET day end,none,2015-05-28,2015-05-27T12:59:59+09:00,2015-05-22,-0.788,1,7
2015-06-01,1107.6,2015-05-29,2015-05-30,1.745,817Y002,010200000,연%,국고채(3년),KOFIA 16:00 KST source publication; usable from next calendar day; ECOS load time unverified,2015-05-29T16:00:00+09:00,2015-05-26,1.01,DGS3,Daily,Percent,2015-05-26T23:59:59-04:00,pre-2016-10-11 official weekly release; conservative ET day end,none,2015-05-28,2015-05-27T12:59:59+09:00,2015-05-22,-0.7350000000000001,3,10
2015-06-02,1111.6,2015-06-01,2015-06-02,1.746,817Y002,010200000,연%,국고채(3년),KOFIA 16:00 KST source publication; usable from next calendar day; ECOS load time unverified,2015-06-01T16:00:00+09:00,2015-05-26,1.01,DGS3,Daily,Percent,2015-05-26T23:59:59-04:00,pre-2016-10-11 official weekly release; conservative ET day end,none,2015-05-28,2015-05-27T12:59:59+09:00,2015-05-22,-0.736,1,11
2015-06-03,1114.5,2015-06-02,2015-06-03,1.726,817Y002,010200000,연%,국고채(3년),KOFIA 16:00 KST source publication; usable from next calendar day; ECOS load time unverified,2015-06-02T16:00:00+09:00,2015-06-01,0.94,DGS3,Daily,Percent,2015-06-01T23:59:59-04:00,pre-2016-10-11 official weekly release; conservative ET day end,none,2015-06-03,2015-06-02T12:59:59+09:00,2015-05-29,-0.786,1,5
2015-06-04,1106.0,2015-06-03,2015-06-04,1.757,817Y002,010200000,연%,국고채(3년),KOFIA 16:00 KST source publication; usable from next calendar day; ECOS load time unverified,2015-06-03T16:00:00+09:00,2015-06-01,0.94,DGS3,Daily,Percent,2015-06-01T23:59:59-04:00,pre-2016-10-11 official weekly release; conservative ET day end,none,2015-06-03,2015-06-02T12:59:59+09:00,2015-05-29,-0.817,1,6
2015-06-05,1109.9,2015-06-04,2015-06-05,1.767,817Y002,010200000,연%,국고채(3년),KOFIA 16:00 KST source publication; usable from next calendar day; ECOS load time unverified,2015-06-04T16:00:00+09:00,2015-06-01,0.94,DGS3,Daily,Percent,2015-06-01T23:59:59-04:00,pre-2016-10-11 official weekly release; conservative ET day end,none,2015-06-03,2015-06-02T12:59:59+09:00,2015-05-29,-0.827,1,7
2015-06-08,1112.1,2015-06-05,2015-06-06,1.741,817Y002,010200000,연%,국고채(3년),KOFIA 16:00 KST source publication; usable from next calendar day; ECOS load time unverified,2015-06-05T16:00:00+09:00,2015-06-01,0.94,DGS3,Daily,Percent,2015-06-01T23:59:59-04:00,pre-2016-10-11 official weekly release; conservative ET day end,none,2015-06-03,2015-06-02T12:59:59+09:00,2015-05-29,-0.8010000000000002,3,10
2015-06-09,1121.5,2015-06-08,2015-06-09,1.729,817Y002,010200000,연%,국고채(3년),KOFIA 16:00 KST source publication; usable from next calendar day; ECOS load time unverified,2015-06-08T16:00:00+09:00,2015-06-01,0.94,DGS3,Daily,Percent,2015-06-01T23:59:59-04:00,pre-2016-10-11 official weekly release; conservative ET day end,none,2015-06-03,2015-06-02T12:59:59+09:00,2015-05-29,-0.7890000000000001,1,11
2015-06-10,1119.3,2015-06-09,2015-06-10,1.733,817Y002,010200000,연%,국고채(3년),KOFIA 16:00 KST source publication; usable from next calendar day; ECOS load time unverified,2015-06-09T16:00:00+09:00,2015-06-08,1.13,DGS3,Daily,Percent,2015-06-08T23:59:59-04:00,pre-2016-10-11 official weekly release; conservative ET day end,none,2015-06-10,2015-06-09T12:59:59+09:00,2015-06-05,-0.6030000000000002,1,5
2015-06-11,1117.3,2015-06-10,2015-06-11,1.773,817Y002,010200000,연%,국고채(3년),KOFIA 16:00 KST source publication; usable from next calendar day; ECOS load time unverified,2015-06-10T16:00:00+09:00,2015-06-08,1.13,DGS3,Daily,Percent,2015-06-08T23:59:59-04:00,pre-2016-10-11 official weekly release; conservative ET day end,none,2015-06-10,2015-06-09T12:59:59+09:00,2015-06-05,-0.643,1,6
2015-06-12,1110.4,2015-06-11,2015-06-12,1.797,817Y002,010200000,연%,국고채(3년),KOFIA 16:00 KST source publication; usable from next calendar day; ECOS load time unverified,2015-06-11T16:00:00+09:00,2015-06-08,1.13,DGS3,Daily,Percent,2015-06-08T23:59:59-04:00,pre-2016-10-11 official weekly release; conservative ET day end,none,2015-06-10,2015-06-09T12:59:59+09:00,2015-06-05,-0.667,1,7
2015-06-15,1111.9,2015-06-12,2015-06-13,1.762,817Y002,010200000,연%,국고채(3년),KOFIA 16:00 KST source publication; usable from next calendar day; ECOS load time unverified,2015-06-12T16:00:00+09:00,2015-06-08,1.13,DGS3,Daily,Percent,2015-06-08T23:59:59-04:00,pre-2016-10-11 official weekly release; conservative ET day end,none,2015-06-10,2015-06-09T12:59:59+09:00,2015-06-05,-0.6320000000000001,3,10
2015-06-16,1116.2,2015-06-15,2015-06-16,1.764,817Y002,010200000,연%,국고채(3년),KOFIA 16:00 KST source publication; usable from next calendar day; ECOS load time unverified,2015-06-15T16:00:00+09:00,2015-06-08,1.13,DGS3,Daily,Percent,2015-06-08T23:59:59-04:00,pre-2016-10-11 official weekly release; conservative ET day end,none,2015-06-10,2015-06-09T12:59:59+09:00,2015-06-05,-0.6340000000000001,1,11
2015-06-17,1117.3,2015-06-16,2015-06-17,1.766,817Y002,010200000,연%,국고채(3년),KOFIA 16:00 KST source publication; usable from next calendar day; ECOS load time unverified,2015-06-16T16:00:00+09:00,2015-06-15,1.12,DGS3,Daily,Percent,2015-06-15T23:59:59-04:00,pre-2016-10-11 official weekly release; conservative ET day end,none,2015-06-17,2015-06-16T12:59:59+09:00,2015-06-12,-0.6459999999999999,1,5
2015-06-18,1117.6,2015-06-17,2015-06-18,1.8,817Y002,010200000,연%,국고채(3년),KOFIA 16:00 KST source publication; usable from next calendar day; ECOS load time unverified,2015-06-17T16:00:00+09:00,2015-06-15,1.12,DGS3,Daily,Percent,2015-06-15T23:59:59-04:00,pre-2016-10-11 official weekly release; conservative ET day end,none,2015-06-17,2015-06-16T12:59:59+09:00,2015-06-12,-0.6799999999999999,1,6
2015-06-19,1109.9,2015-06-18,2015-06-19,1.778,817Y002,010200000,연%,국고채(3년),KOFIA 16:00 KST source publication; usable from next calendar day; ECOS load time unverified,2015-06-18T16:00:00+09:00,2015-06-15,1.12,DGS3,Daily,Percent,2015-06-15T23:59:59-04:00,pre-2016-10-11 official weekly release; conservative ET day end,none,2015-06-17,2015-06-16T12:59:59+09:00,2015-06-12,-0.6579999999999999,1,7
2015-06-22,1104.0,2015-06-19,2015-06-20,1.77,817Y002,010200000,연%,국고채(3년),KOFIA 16:00 KST source publication; usable from next calendar day; ECOS load time unverified,2015-06-19T16:00:00+09:00,2015-06-15,1.12,DGS3,Daily,Percent,2015-06-15T23:59:59-04:00,pre-2016-10-11 official weekly release; conservative ET day end,none,2015-06-17,2015-06-16T12:59:59+09:00,2015-06-12,-0.6499999999999999,3,10
2015-06-23,1099.9,2015-06-22,2015-06-23,1.787,817Y002,010200000,연%,국고채(3년),KOFIA 16:00 KST source publication; usable from next calendar day; ECOS load time unverified,2015-06-22T16:00:00+09:00,2015-06-15,1.12,DGS3,Daily,Percent,2015-06-15T23:59:59-04:00,pre-2016-10-11 official weekly release; conservative ET day end,none,2015-06-17,2015-06-16T12:59:59+09:00,2015-06-12,-0.6669999999999998,1,11
2015-06-24,1104.1,2015-06-23,2015-06-24,1.795,817Y002,010200000,연%,국고채(3년),KOFIA 16:00 KST source publication; usable from next calendar day; ECOS load time unverified,2015-06-23T16:00:00+09:00,2015-06-22,0.99,DGS3,Daily,Percent,2015-06-22T23:59:59-04:00,pre-2016-10-11 official weekly release; conservative ET day end,none,2015-06-24,2015-06-23T12:59:59+09:00,2015-06-19,-0.8049999999999999,1,5
2015-06-25,1108.4,2015-06-24,2015-06-25,1.806,817Y002,010200000,연%,국고채(3년),KOFIA 16:00 KST source publication; usable from next calendar day; ECOS load time unverified,2015-06-24T16:00:00+09:00,2015-06-22,0.99,DGS3,Daily,Percent,2015-06-22T23:59:59-04:00,pre-2016-10-11 official weekly release; conservative ET day end,none,2015-06-24,2015-06-23T12:59:59+09:00,2015-06-19,-0.8160000000000001,1,6
2015-06-26,1109.6,2015-06-25,2015-06-26,1.814,817Y002,010200000,연%,국고채(3년),KOFIA 16:00 KST source publication; usable from next calendar day; ECOS load time unverified,2015-06-25T16:00:00+09:00,2015-06-22,0.99,DGS3,Daily,Percent,2015-06-22T23:59:59-04:00,pre-2016-10-11 official weekly release; conservative ET day end,none,2015-06-24,2015-06-23T12:59:59+09:00,2015-06-19,-0.8240000000000001,1,7
2015-06-29,1115.1,2015-06-26,2015-06-27,1.818,817Y002,010200000,연%,국고채(3년),KOFIA 16:00 KST source publication; usable from next calendar day; ECOS load time unverified,2015-06-26T16:00:00+09:00,2015-06-22,0.99,DGS3,Daily,Percent,2015-06-22T23:59:59-04:00,pre-2016-10-11 official weekly release; conservative ET day end,none,2015-06-24,2015-06-23T12:59:59+09:00,2015-06-19,-0.8280000000000001,3,10
2015-06-30,1124.1,2015-06-29,2015-06-30,1.793,817Y002,010200000,연%,국고채(3년),KOFIA 16:00 KST source publication; usable from next calendar day; ECOS load time unverified,2015-06-29T16:00:00+09:00,2015-06-22,0.99,DGS3,Daily,Percent,2015-06-22T23:59:59-04:00,pre-2016-10-11 official weekly release; conservative ET day end,none,2015-06-24,2015-06-23T12:59:59+09:00,2015-06-19,-0.8029999999999999,1,11
2015-07-01,1118.3,2015-06-30,2015-07-01,1.793,817Y002,010200000,연%,국고채(3년),KOFIA 16:00 KST source publication; usable from next calendar day; ECOS load time unverified,2015-06-30T16:00:00+09:00,2015-06-29,1.09,DGS3,Daily,Percent,2015-06-29T23:59:59-04:00,pre-2016-10-11 official weekly release; conservative ET day end,none,2015-07-01,2015-06-30T12:59:59+09:00,2015-06-26,-0.7029999999999998,1,5
2015-07-02,1118.5,2015-07-01,2015-07-02,1.805,817Y002,010200000,연%,국고채(3년),KOFIA 16:00 KST source publication; usable from next calendar day; ECOS load time unverified,2015-07-01T16:00:00+09:00,2015-06-29,1.09,DGS3,Daily,Percent,2015-06-29T23:59:59-04:00,pre-2016-10-11 official weekly release; conservative ET day end,none,2015-07-01,2015-06-30T12:59:59+09:00,2015-06-26,-0.7149999999999999,1,6
2015-07-03,1123.2,2015-07-02,2015-07-03,1.828,817Y002,010200000,연%,국고채(3년),KOFIA 16:00 KST source publication; usable from next calendar day; ECOS load time unverified,2015-07-02T16:00:00+09:00,2015-06-29,1.09,DGS3,Daily,Percent,2015-06-29T23:59:59-04:00,pre-2016-10-11 official weekly release; conservative ET day end,none,2015-07-01,2015-06-30T12:59:59+09:00,2015-06-26,-0.738,1,7
2015-07-06,1120.1,2015-07-03,2015-07-04,1.826,817Y002,010200000,연%,국고채(3년),KOFIA 16:00 KST source publication; usable from next calendar day; ECOS load time unverified,2015-07-03T16:00:00+09:00,2015-06-29,1.09,DGS3,Daily,Percent,2015-06-29T23:59:59-04:00,pre-2016-10-11 official weekly release; conservative ET day end,none,2015-07-01,2015-06-30T12:59:59+09:00,2015-06-26,-0.736,3,10
2015-07-07,1126.3,2015-07-06,2015-07-07,1.829,817Y002,010200000,연%,국고채(3년),KOFIA 16:00 KST source publication; usable from next calendar day; ECOS load time unverified,2015-07-06T16:00:00+09:00,2015-06-29,1.09,DGS3,Daily,Percent,2015-06-29T23:59:59-04:00,pre-2016-10-11 official weekly release; conservative ET day end,none,2015-07-01,2015-06-30T12:59:59+09:00,2015-06-26,-0.7389999999999999,1,11
2015-07-08,1129.6,2015-07-07,2015-07-08,1.825,817Y002,010200000,연%,국고채(3년),KOFIA 16:00 KST source publication; usable from next calendar day; ECOS load time unverified,2015-07-07T16:00:00+09:00,2015-07-06,1.01,DGS3,Daily,Percent,2015-07-06T23:59:59-04:00,pre-2016-10-11 official weekly release; conservative ET day end,none,2015-07-08,2015-07-07T12:59:59+09:00,2015-07-02,-0.815,1,6
2015-07-09,1135.7,2015-07-08,2015-07-09,1.807,817Y002,010200000,연%,국고채(3년),KOFIA 16:00 KST source publication; usable from next calendar day; ECOS load time unverified,2015-07-08T16:00:00+09:00,2015-07-06,1.01,DGS3,Daily,Percent,2015-07-06T23:59:59-04:00,pre-2016-10-11 official weekly release; conservative ET day end,none,2015-07-08,2015-07-07T12:59:59+09:00,2015-07-02,-0.7969999999999999,1,7
2015-07-10,1136.2,2015-07-09,2015-07-10,1.802,817Y002,010200000,연%,국고채(3년),KOFIA 16:00 KST source publication; usable from next calendar day; ECOS load time unverified,2015-07-09T16:00:00+09:00,2015-07-06,1.01,DGS3,Daily,Percent,2015-07-06T23:59:59-04:00,pre-2016-10-11 official weekly release; conservative ET day end,none,2015-07-08,2015-07-07T12:59:59+09:00,2015-07-02,-0.792,1,8
2015-07-13,1130.0,2015-07-10,2015-07-11,1.806,817Y002,010200000,연%,국고채(3년),KOFIA 16:00 KST source publication; usable from next calendar day; ECOS load time unverified,2015-07-10T16:00:00+09:00,2015-07-06,1.01,DGS3,Daily,Percent,2015-07-06T23:59:59-04:00,pre-2016-10-11 official weekly release; conservative ET day end,none,2015-07-08,2015-07-07T12:59:59+09:00,2015-07-02,-0.796,3,11
2015-07-14,1131.5,2015-07-13,2015-07-14,1.804,817Y002,010200000,연%,국고채(3년),KOFIA 16:00 KST source publication; usable from next calendar day; ECOS load time unverified,2015-07-13T16:00:00+09:00,2015-07-06,1.01,DGS3,Daily,Percent,2015-07-06T23:59:59-04:00,pre-2016-10-11 official weekly release; conservative ET day end,none,2015-07-08,2015-07-07T12:59:59+09:00,2015-07-02,-0.794,1,12
2015-07-15,1139.4,2015-07-14,2015-07-15,1.796,817Y002,010200000,연%,국고채(3년),KOFIA 16:00 KST source publication; usable from next calendar day; ECOS load time unverified,2015-07-14T16:00:00+09:00,2015-07-13,1.04,DGS3,Daily,Percent,2015-07-13T23:59:59-04:00,pre-2016-10-11 official weekly release; conservative ET day end,none,2015-07-15,2015-07-14T12:59:59+09:00,2015-07-10,-0.756,1,5
2015-07-16,1141.5,2015-07-15,2015-07-16,1.795,817Y002,010200000,연%,국고채(3년),KOFIA 16:00 KST source publication; usable from next calendar day; ECOS load time unverified,2015-07-15T16:00:00+09:00,2015-07-13,1.04,DGS3,Daily,Percent,2015-07-13T23:59:59-04:00,pre-2016-10-11 official weekly release; conservative ET day end,none,2015-07-15,2015-07-14T12:59:59+09:00,2015-07-10,-0.7549999999999999,1,6
2015-07-17,1148.4,2015-07-16,2015-07-17,1.789,817Y002,010200000,연%,국고채(3년),KOFIA 16:00 KST source publication; usable from next calendar day; ECOS load time unverified,2015-07-16T16:00:00+09:00,2015-07-13,1.04,DGS3,Daily,Percent,2015-07-13T23:59:59-04:00,pre-2016-10-11 official weekly release; conservative ET day end,none,2015-07-15,2015-07-14T12:59:59+09:00,2015-07-10,-0.7489999999999999,1,7
2015-07-20,1146.3,2015-07-17,2015-07-18,1.784,817Y002,010200000,연%,국고채(3년),KOFIA 16:00 KST source publication; usable from next calendar day; ECOS load time unverified,2015-07-17T16:00:00+09:00,2015-07-13,1.04,DGS3,Daily,Percent,2015-07-13T23:59:59-04:00,pre-2016-10-11 official weekly release; conservative ET day end,none,2015-07-15,2015-07-14T12:59:59+09:00,2015-07-10,-0.744,3,10
2015-07-21,1151.9,2015-07-20,2015-07-21,1.775,817Y002,010200000,연%,국고채(3년),KOFIA 16:00 KST source publication; usable from next calendar day; ECOS load time unverified,2015-07-20T16:00:00+09:00,2015-07-13,1.04,DGS3,Daily,Percent,2015-07-13T23:59:59-04:00,pre-2016-10-11 official weekly release; conservative ET day end,none,2015-07-15,2015-07-14T12:59:59+09:00,2015-07-10,-0.7349999999999999,1,11
2015-07-22,1158.4,2015-07-21,2015-07-22,1.771,817Y002,010200000,연%,국고채(3년),KOFIA 16:00 KST source publication; usable from next calendar day; ECOS load time unverified,2015-07-21T16:00:00+09:00,2015-07-20,1.05,DGS3,Daily,Percent,2015-07-20T23:59:59-04:00,pre-2016-10-11 official weekly release; conservative ET day end,none,2015-07-22,2015-07-21T12:59:59+09:00,2015-07-17,-0.7209999999999999,1,5
2015-07-23,1152.6,2015-07-22,2015-07-23,1.749,817Y002,010200000,연%,국고채(3년),KOFIA 16:00 KST source publication; usable from next calendar day; ECOS load time unverified,2015-07-22T16:00:00+09:00,2015-07-20,1.05,DGS3,Daily,Percent,2015-07-20T23:59:59-04:00,pre-2016-10-11 official weekly release; conservative ET day end,none,2015-07-22,2015-07-21T12:59:59+09:00,2015-07-17,-0.6990000000000001,1,6
2015-07-24,1162.3,2015-07-23,2015-07-24,1.716,817Y002,010200000,연%,국고채(3년),KOFIA 16:00 KST source publication; usable from next calendar day; ECOS load time unverified,2015-07-23T16:00:00+09:00,2015-07-20,1.05,DGS3,Daily,Percent,2015-07-20T23:59:59-04:00,pre-2016-10-11 official weekly release; conservative ET day end,none,2015-07-22,2015-07-21T12:59:59+09:00,2015-07-17,-0.6659999999999999,1,7
2015-07-27,1164.6,2015-07-24,2015-07-25,1.706,817Y002,010200000,연%,국고채(3년),KOFIA 16:00 KST source publication; usable from next calendar day; ECOS load time unverified,2015-07-24T16:00:00+09:00,2015-07-20,1.05,DGS3,Daily,Percent,2015-07-20T23:59:59-04:00,pre-2016-10-11 official weekly release; conservative ET day end,none,2015-07-22,2015-07-21T12:59:59+09:00,2015-07-17,-0.6559999999999999,3,10
2015-07-28,1168.9,2015-07-27,2015-07-28,1.703,817Y002,010200000,연%,국고채(3년),KOFIA 16:00 KST source publication; usable from next calendar day; ECOS load time unverified,2015-07-27T16:00:00+09:00,2015-07-20,1.05,DGS3,Daily,Percent,2015-07-20T23:59:59-04:00,pre-2016-10-11 official weekly release; conservative ET day end,none,2015-07-22,2015-07-21T12:59:59+09:00,2015-07-17,-0.653,1,11
2015-07-29,1166.2,2015-07-28,2015-07-29,1.731,817Y002,010200000,연%,국고채(3년),KOFIA 16:00 KST source publication; usable from next calendar day; ECOS load time unverified,2015-07-28T16:00:00+09:00,2015-07-27,1.04,DGS3,Daily,Percent,2015-07-27T23:59:59-04:00,pre-2016-10-11 official weekly release; conservative ET day end,none,2015-07-29,2015-07-28T12:59:59+09:00,2015-07-24,-0.6910000000000001,1,5
2015-07-30,1157.9,2015-07-29,2015-07-30,1.716,817Y002,010200000,연%,국고채(3년),KOFIA 16:00 KST source publication; usable from next calendar day; ECOS load time unverified,2015-07-29T16:00:00+09:00,2015-07-27,1.04,DGS3,Daily,Percent,2015-07-27T23:59:59-04:00,pre-2016-10-11 official weekly release; conservative ET day end,none,2015-07-29,2015-07-28T12:59:59+09:00,2015-07-24,-0.6759999999999999,1,6
2015-07-31,1166.3,2015-07-30,2015-07-31,1.735,817Y002,010200000,연%,국고채(3년),KOFIA 16:00 KST source publication; usable from next calendar day; ECOS load time unverified,2015-07-30T16:00:00+09:00,2015-07-27,1.04,DGS3,Daily,Percent,2015-07-27T23:59:59-04:00,pre-2016-10-11 official weekly release; conservative ET day end,none,2015-07-29,2015-07-28T12:59:59+09:00,2015-07-24,-0.6950000000000001,1,7
2015-08-03,1169.4,2015-07-31,2015-08-01,1.768,817Y002,010200000,연%,국고채(3년),KOFIA 16:00 KST source publication; usable from next calendar day; ECOS load time unverified,2015-07-31T16:00:00+09:00,2015-07-27,1.04,DGS3,Daily,Percent,2015-07-27T23:59:59-04:00,pre-2016-10-11 official weekly release; conservative ET day end,none,2015-07-29,2015-07-28T12:59:59+09:00,2015-07-24,-0.728,3,10
2015-08-04,1165.2,2015-08-03,2015-08-04,1.76,817Y002,010200000,연%,국고채(3년),KOFIA 16:00 KST source publication; usable from next calendar day; ECOS load time unverified,2015-08-03T16:00:00+09:00,2015-07-27,1.04,DGS3,Daily,Percent,2015-07-27T23:59:59-04:00,pre-2016-10-11 official weekly release; conservative ET day end,none,2015-07-29,2015-07-28T12:59:59+09:00,2015-07-24,-0.72,1,11
2015-08-05,1169.3,2015-08-04,2015-08-05,1.774,817Y002,010200000,연%,국고채(3년),KOFIA 16:00 KST source publication; usable from next calendar day; ECOS load time unverified,2015-08-04T16:00:00+09:00,2015-08-03,1.0,DGS3,Daily,Percent,2015-08-03T23:59:59-04:00,pre-2016-10-11 official weekly release; conservative ET day end,none,2015-08-05,2015-08-04T12:59:59+09:00,2015-07-31,-0.774,1,5
2015-08-06,1172.1,2015-08-05,2015-08-06,1.792,817Y002,010200000,연%,국고채(3년),KOFIA 16:00 KST source publication; usable from next calendar day; ECOS load time unverified,2015-08-05T16:00:00+09:00,2015-08-03,1.0,DGS3,Daily,Percent,2015-08-03T23:59:59-04:00,pre-2016-10-11 official weekly release; conservative ET day end,none,2015-08-05,2015-08-04T12:59:59+09:00,2015-07-31,-0.792,1,6
2015-08-07,1170.2,2015-08-06,2015-08-07,1.786,817Y002,010200000,연%,국고채(3년),KOFIA 16:00 KST source publication; usable from next calendar day; ECOS load time unverified,2015-08-06T16:00:00+09:00,2015-08-03,1.0,DGS3,Daily,Percent,2015-08-03T23:59:59-04:00,pre-2016-10-11 official weekly release; conservative ET day end,none,2015-08-05,2015-08-04T12:59:59+09:00,2015-07-31,-0.786,1,7
2015-08-10,1164.3,2015-08-07,2015-08-08,1.783,817Y002,010200000,연%,국고채(3년),KOFIA 16:00 KST source publication; usable from next calendar day; ECOS load time unverified,2015-08-07T16:00:00+09:00,2015-08-03,1.0,DGS3,Daily,Percent,2015-08-03T23:59:59-04:00,pre-2016-10-11 official weekly release; conservative ET day end,none,2015-08-05,2015-08-04T12:59:59+09:00,2015-07-31,-0.7829999999999999,3,10
2015-08-11,1165.3,2015-08-10,2015-08-11,1.763,817Y002,010200000,연%,국고채(3년),KOFIA 16:00 KST source publication; usable from next calendar day; ECOS load time unverified,2015-08-10T16:00:00+09:00,2015-08-03,1.0,DGS3,Daily,Percent,2015-08-03T23:59:59-04:00,pre-2016-10-11 official weekly release; conservative ET day end,none,2015-08-05,2015-08-04T12:59:59+09:00,2015-07-31,-0.7629999999999999,1,11
2015-08-12,1170.4,2015-08-11,2015-08-12,1.737,817Y002,010200000,연%,국고채(3년),KOFIA 16:00 KST source publication; usable from next calendar day; ECOS load time unverified,2015-08-11T16:00:00+09:00,2015-08-03,1.0,DGS3,Daily,Percent,2015-08-03T23:59:59-04:00,pre-2016-10-11 official weekly release; conservative ET day end,none,2015-08-05,2015-08-04T12:59:59+09:00,2015-07-31,-0.7370000000000001,1,12
2015-08-13,1190.3,2015-08-12,2015-08-13,1.705,817Y002,010200000,연%,국고채(3년),KOFIA 16:00 KST source publication; usable from next calendar day; ECOS load time unverified,2015-08-12T16:00:00+09:00,2015-08-11,1.09,DGS3,Daily,Percent,2015-08-11T23:59:59-04:00,pre-2016-10-11 official weekly release; conservative ET day end,none,2015-08-13,2015-08-12T12:59:59+09:00,2015-08-10,-0.615,1,3
2015-08-17,1174.2,2015-08-13,2015-08-14,1.729,817Y002,010200000,연%,국고채(3년),KOFIA 16:00 KST source publication; usable from next calendar day; ECOS load time unverified,2015-08-13T16:00:00+09:00,2015-08-11,1.09,DGS3,Daily,Percent,2015-08-11T23:59:59-04:00,pre-2016-10-11 official weekly release; conservative ET day end,none,2015-08-13,2015-08-12T12:59:59+09:00,2015-08-10,-0.639,4,7
2015-08-18,1182.2,2015-08-17,2015-08-18,1.723,817Y002,010200000,연%,국고채(3년),KOFIA 16:00 KST source publication; usable from next calendar day; ECOS load time unverified,2015-08-17T16:00:00+09:00,2015-08-11,1.09,DGS3,Daily,Percent,2015-08-11T23:59:59-04:00,pre-2016-10-11 official weekly release; conservative ET day end,none,2015-08-13,2015-08-12T12:59:59+09:00,2015-08-10,-0.633,1,8
2015-08-19,1184.7,2015-08-18,2015-08-19,1.716,817Y002,010200000,연%,국고채(3년),KOFIA 16:00 KST source publication; usable from next calendar day; ECOS load time unverified,2015-08-18T16:00:00+09:00,2015-08-17,1.08,DGS3,Daily,Percent,2015-08-17T23:59:59-04:00,pre-2016-10-11 official weekly release; conservative ET day end,none,2015-08-19,2015-08-18T12:59:59+09:00,2015-08-14,-0.6359999999999999,1,5
2015-08-20,1185.1,2015-08-19,2015-08-20,1.73,817Y002,010200000,연%,국고채(3년),KOFIA 16:00 KST source publication; usable from next calendar day; ECOS load time unverified,2015-08-19T16:00:00+09:00,2015-08-17,1.08,DGS3,Daily,Percent,2015-08-17T23:59:59-04:00,pre-2016-10-11 official weekly release; conservative ET day end,none,2015-08-19,2015-08-18T12:59:59+09:00,2015-08-14,-0.6499999999999999,1,6
2015-08-21,1185.1,2015-08-20,2015-08-21,1.714,817Y002,010200000,연%,국고채(3년),KOFIA 16:00 KST source publication; usable from next calendar day; ECOS load time unverified,2015-08-20T16:00:00+09:00,2015-08-17,1.08,DGS3,Daily,Percent,2015-08-17T23:59:59-04:00,pre-2016-10-11 official weekly release; conservative ET day end,none,2015-08-19,2015-08-18T12:59:59+09:00,2015-08-14,-0.6339999999999999,1,7
2015-08-24,1192.0,2015-08-21,2015-08-22,1.709,817Y002,010200000,연%,국고채(3년),KOFIA 16:00 KST source publication; usable from next calendar day; ECOS load time unverified,2015-08-21T16:00:00+09:00,2015-08-17,1.08,DGS3,Daily,Percent,2015-08-17T23:59:59-04:00,pre-2016-10-11 official weekly release; conservative ET day end,none,2015-08-19,2015-08-18T12:59:59+09:00,2015-08-14,-0.629,3,10
2015-08-25,1198.1,2015-08-24,2015-08-25,1.693,817Y002,010200000,연%,국고채(3년),KOFIA 16:00 KST source publication; usable from next calendar day; ECOS load time unverified,2015-08-24T16:00:00+09:00,2015-08-17,1.08,DGS3,Daily,Percent,2015-08-17T23:59:59-04:00,pre-2016-10-11 official weekly release; conservative ET day end,none,2015-08-19,2015-08-18T12:59:59+09:00,2015-08-14,-0.613,1,11
2015-08-26,1194.6,2015-08-25,2015-08-26,1.708,817Y002,010200000,연%,국고채(3년),KOFIA 16:00 KST source publication; usable from next calendar day; ECOS load time unverified,2015-08-25T16:00:00+09:00,2015-08-24,0.95,DGS3,Daily,Percent,2015-08-24T23:59:59-04:00,pre-2016-10-11 official weekly release; conservative ET day end,none,2015-08-26,2015-08-25T12:59:59+09:00,2015-08-21,-0.758,1,5
2015-08-27,1188.9,2015-08-26,2015-08-27,1.719,817Y002,010200000,연%,국고채(3년),KOFIA 16:00 KST source publication; usable from next calendar day; ECOS load time unverified,2015-08-26T16:00:00+09:00,2015-08-24,0.95,DGS3,Daily,Percent,2015-08-24T23:59:59-04:00,pre-2016-10-11 official weekly release; conservative ET day end,none,2015-08-26,2015-08-25T12:59:59+09:00,2015-08-21,-0.7690000000000001,1,6
2015-08-28,1184.3,2015-08-27,2015-08-28,1.705,817Y002,010200000,연%,국고채(3년),KOFIA 16:00 KST source publication; usable from next calendar day; ECOS load time unverified,2015-08-27T16:00:00+09:00,2015-08-24,0.95,DGS3,Daily,Percent,2015-08-24T23:59:59-04:00,pre-2016-10-11 official weekly release; conservative ET day end,none,2015-08-26,2015-08-25T12:59:59+09:00,2015-08-21,-0.7550000000000001,1,7
2015-08-31,1176.3,2015-08-28,2015-08-29,1.718,817Y002,010200000,연%,국고채(3년),KOFIA 16:00 KST source publication; usable from next calendar day; ECOS load time unverified,2015-08-28T16:00:00+09:00,2015-08-24,0.95,DGS3,Daily,Percent,2015-08-24T23:59:59-04:00,pre-2016-10-11 official weekly release; conservative ET day end,none,2015-08-26,2015-08-25T12:59:59+09:00,2015-08-21,-0.768,3,10
2015-09-01,1183.0,2015-08-31,2015-09-01,1.735,817Y002,010200000,연%,국고채(3년),KOFIA 16:00 KST source publication; usable from next calendar day; ECOS load time unverified,2015-08-31T16:00:00+09:00,2015-08-24,0.95,DGS3,Daily,Percent,2015-08-24T23:59:59-04:00,pre-2016-10-11 official weekly release; conservative ET day end,none,2015-08-26,2015-08-25T12:59:59+09:00,2015-08-21,-0.7850000000000001,1,11
2015-09-02,1175.6,2015-09-01,2015-09-02,1.725,817Y002,010200000,연%,국고채(3년),KOFIA 16:00 KST source publication; usable from next calendar day; ECOS load time unverified,2015-09-01T16:00:00+09:00,2015-08-31,1.04,DGS3,Daily,Percent,2015-08-31T23:59:59-04:00,pre-2016-10-11 official weekly release; conservative ET day end,none,2015-09-02,2015-09-01T12:59:59+09:00,2015-08-28,-0.685,1,5
2015-09-03,1178.0,2015-09-02,2015-09-03,1.696,817Y002,010200000,연%,국고채(3년),KOFIA 16:00 KST source publication; usable from next calendar day; ECOS load time unverified,2015-09-02T16:00:00+09:00,2015-08-31,1.04,DGS3,Daily,Percent,2015-08-31T23:59:59-04:00,pre-2016-10-11 official weekly release; conservative ET day end,none,2015-09-02,2015-09-01T12:59:59+09:00,2015-08-28,-0.6559999999999999,1,6
2015-09-04,1187.6,2015-09-03,2015-09-04,1.674,817Y002,010200000,연%,국고채(3년),KOFIA 16:00 KST source publication; usable from next calendar day; ECOS load time unverified,2015-09-03T16:00:00+09:00,2015-08-31,1.04,DGS3,Daily,Percent,2015-08-31T23:59:59-04:00,pre-2016-10-11 official weekly release; conservative ET day end,none,2015-09-02,2015-09-01T12:59:59+09:00,2015-08-28,-0.6339999999999999,1,7
2015-09-07,1191.0,2015-09-04,2015-09-05,1.645,817Y002,010200000,연%,국고채(3년),KOFIA 16:00 KST source publication; usable from next calendar day; ECOS load time unverified,2015-09-04T16:00:00+09:00,2015-08-31,1.04,DGS3,Daily,Percent,2015-08-31T23:59:59-04:00,pre-2016-10-11 official weekly release; conservative ET day end,none,2015-09-02,2015-09-01T12:59:59+09:00,2015-08-28,-0.605,3,10
2015-09-08,1202.0,2015-09-07,2015-09-08,1.651,817Y002,010200000,연%,국고채(3년),KOFIA 16:00 KST source publication; usable from next calendar day; ECOS load time unverified,2015-09-07T16:00:00+09:00,2015-08-31,1.04,DGS3,Daily,Percent,2015-08-31T23:59:59-04:00,pre-2016-10-11 official weekly release; conservative ET day end,none,2015-09-02,2015-09-01T12:59:59+09:00,2015-08-28,-0.611,1,11
2015-09-09,1203.1,2015-09-08,2015-09-09,1.668,817Y002,010200000,연%,국고채(3년),KOFIA 16:00 KST source publication; usable from next calendar day; ECOS load time unverified,2015-09-08T16:00:00+09:00,2015-08-31,1.04,DGS3,Daily,Percent,2015-08-31T23:59:59-04:00,pre-2016-10-11 official weekly release; conservative ET day end,none,2015-09-02,2015-09-01T12:59:59+09:00,2015-08-28,-0.6279999999999999,1,12
2015-09-10,1192.0,2015-09-09,2015-09-10,1.68,817Y002,010200000,연%,국고채(3년),KOFIA 16:00 KST source publication; usable from next calendar day; ECOS load time unverified,2015-09-09T16:00:00+09:00,2015-09-08,1.0,DGS3,Daily,Percent,2015-09-08T23:59:59-04:00,pre-2016-10-11 official weekly release; conservative ET day end,none,2015-09-10,2015-09-09T12:59:59+09:00,2015-09-04,-0.6799999999999999,1,6
2015-09-11,1195.8,2015-09-10,2015-09-11,1.65,817Y002,010200000,연%,국고채(3년),KOFIA 16:00 KST source publication; usable from next calendar day; ECOS load time unverified,2015-09-10T16:00:00+09:00,2015-09-08,1.0,DGS3,Daily,Percent,2015-09-08T23:59:59-04:00,pre-2016-10-11 official weekly release; conservative ET day end,none,2015-09-10,2015-09-09T12:59:59+09:00,2015-09-04,-0.6499999999999999,1,7
2015-09-14,1183.8,2015-09-11,2015-09-12,1.655,817Y002,010200000,연%,국고채(3년),KOFIA 16:00 KST source publication; usable from next calendar day; ECOS load time unverified,2015-09-11T16:00:00+09:00,2015-09-08,1.0,DGS3,Daily,Percent,2015-09-08T23:59:59-04:00,pre-2016-10-11 official weekly release; conservative ET day end,none,2015-09-10,2015-09-09T12:59:59+09:00,2015-09-04,-0.655,3,10
2015-09-15,1181.0,2015-09-14,2015-09-15,1.667,817Y002,010200000,연%,국고채(3년),KOFIA 16:00 KST source publication; usable from next calendar day; ECOS load time unverified,2015-09-14T16:00:00+09:00,2015-09-08,1.0,DGS3,Daily,Percent,2015-09-08T23:59:59-04:00,pre-2016-10-11 official weekly release; conservative ET day end,none,2015-09-10,2015-09-09T12:59:59+09:00,2015-09-04,-0.667,1,11
2015-09-16,1182.4,2015-09-15,2015-09-16,1.653,817Y002,010200000,연%,국고채(3년),KOFIA 16:00 KST source publication; usable from next calendar day; ECOS load time unverified,2015-09-15T16:00:00+09:00,2015-09-14,1.03,DGS3,Daily,Percent,2015-09-14T23:59:59-04:00,pre-2016-10-11 official weekly release; conservative ET day end,none,2015-09-16,2015-09-15T12:59:59+09:00,2015-09-11,-0.623,1,5
2015-09-17,1179.4,2015-09-16,2015-09-17,1.67,817Y002,010200000,연%,국고채(3년),KOFIA 16:00 KST source publication; usable from next calendar day; ECOS load time unverified,2015-09-16T16:00:00+09:00,2015-09-14,1.03,DGS3,Daily,Percent,2015-09-14T23:59:59-04:00,pre-2016-10-11 official weekly release; conservative ET day end,none,2015-09-16,2015-09-15T12:59:59+09:00,2015-09-11,-0.6399999999999999,1,6
2015-09-18,1169.7,2015-09-17,2015-09-18,1.683,817Y002,010200000,연%,국고채(3년),KOFIA 16:00 KST source publication; usable from next calendar day; ECOS load time unverified,2015-09-17T16:00:00+09:00,2015-09-14,1.03,DGS3,Daily,Percent,2015-09-14T23:59:59-04:00,pre-2016-10-11 official weekly release; conservative ET day end,none,2015-09-16,2015-09-15T12:59:59+09:00,2015-09-11,-0.653,1,7
2015-09-21,1166.7,2015-09-18,2015-09-19,1.635,817Y002,010200000,연%,국고채(3년),KOFIA 16:00 KST source publication; usable from next calendar day; ECOS load time unverified,2015-09-18T16:00:00+09:00,2015-09-14,1.03,DGS3,Daily,Percent,2015-09-14T23:59:59-04:00,pre-2016-10-11 official weekly release; conservative ET day end,none,2015-09-16,2015-09-15T12:59:59+09:00,2015-09-11,-0.605,3,10
2015-09-22,1173.0,2015-09-21,2015-09-22,1.617,817Y002,010200000,연%,국고채(3년),KOFIA 16:00 KST source publication; usable from next calendar day; ECOS load time unverified,2015-09-21T16:00:00+09:00,2015-09-14,1.03,DGS3,Daily,Percent,2015-09-14T23:59:59-04:00,pre-2016-10-11 official weekly release; conservative ET day end,none,2015-09-16,2015-09-15T12:59:59+09:00,2015-09-11,-0.587,1,11
2015-09-23,1177.2,2015-09-22,2015-09-23,1.624,817Y002,010200000,연%,국고채(3년),KOFIA 16:00 KST source publication; usable from next calendar day; ECOS load time unverified,2015-09-22T16:00:00+09:00,2015-09-21,0.97,DGS3,Daily,Percent,2015-09-21T23:59:59-04:00,pre-2016-10-11 official weekly release; conservative ET day end,none,2015-09-23,2015-09-22T12:59:59+09:00,2015-09-18,-0.6540000000000001,1,5
2015-09-24,1187.5,2015-09-23,2015-09-24,1.619,817Y002,010200000,연%,국고채(3년),KOFIA 16:00 KST source publication; usable from next calendar day; ECOS load time unverified,2015-09-23T16:00:00+09:00,2015-09-21,0.97,DGS3,Daily,Percent,2015-09-21T23:59:59-04:00,pre-2016-10-11 official weekly release; conservative ET day end,none,2015-09-23,2015-09-22T12:59:59+09:00,2015-09-18,-0.649,1,6
2015-09-25,1191.8,2015-09-24,2015-09-25,1.63,817Y002,010200000,연%,국고채(3년),KOFIA 16:00 KST source publication; usable from next calendar day; ECOS load time unverified,2015-09-24T16:00:00+09:00,2015-09-21,0.97,DGS3,Daily,Percent,2015-09-21T23:59:59-04:00,pre-2016-10-11 official weekly release; conservative ET day end,none,2015-09-23,2015-09-22T12:59:59+09:00,2015-09-18,-0.6599999999999999,1,7
2015-09-30,1194.5,2015-09-25,2015-09-26,1.615,817Y002,010200000,연%,국고채(3년),KOFIA 16:00 KST source publication; usable from next calendar day; ECOS load time unverified,2015-09-25T16:00:00+09:00,2015-09-28,1.0,DGS3,Daily,Percent,2015-09-28T23:59:59-04:00,pre-2016-10-11 official weekly release; conservative ET day end,none,2015-09-30,2015-09-29T12:59:59+09:00,2015-09-25,-0.615,5,5
2015-10-01,1190.4,2015-09-30,2015-10-01,1.568,817Y002,010200000,연%,국고채(3년),KOFIA 16:00 KST source publication; usable from next calendar day; ECOS load time unverified,2015-09-30T16:00:00+09:00,2015-09-28,1.0,DGS3,Daily,Percent,2015-09-28T23:59:59-04:00,pre-2016-10-11 official weekly release; conservative ET day end,none,2015-09-30,2015-09-29T12:59:59+09:00,2015-09-25,-0.5680000000000001,1,6
2015-10-02,1179.0,2015-10-01,2015-10-02,1.596,817Y002,010200000,연%,국고채(3년),KOFIA 16:00 KST source publication; usable from next calendar day; ECOS load time unverified,2015-10-01T16:00:00+09:00,2015-09-28,1.0,DGS3,Daily,Percent,2015-09-28T23:59:59-04:00,pre-2016-10-11 official weekly release; conservative ET day end,none,2015-09-30,2015-09-29T12:59:59+09:00,2015-09-25,-0.5960000000000001,1,7
2015-10-05,1180.5,2015-10-02,2015-10-03,1.584,817Y002,010200000,연%,국고채(3년),KOFIA 16:00 KST source publication; usable from next calendar day; ECOS load time unverified,2015-10-02T16:00:00+09:00,2015-09-28,1.0,DGS3,Daily,Percent,2015-09-28T23:59:59-04:00,pre-2016-10-11 official weekly release; conservative ET day end,none,2015-09-30,2015-09-29T12:59:59+09:00,2015-09-25,-0.5840000000000001,3,10
2015-10-06,1172.1,2015-10-05,2015-10-06,1.577,817Y002,010200000,연%,국고채(3년),KOFIA 16:00 KST source publication; usable from next calendar day; ECOS load time unverified,2015-10-05T16:00:00+09:00,2015-09-28,1.0,DGS3,Daily,Percent,2015-09-28T23:59:59-04:00,pre-2016-10-11 official weekly release; conservative ET day end,none,2015-09-30,2015-09-29T12:59:59+09:00,2015-09-25,-0.577,1,11
2015-10-07,1164.8,2015-10-06,2015-10-07,1.591,817Y002,010200000,연%,국고채(3년),KOFIA 16:00 KST source publication; usable from next calendar day; ECOS load time unverified,2015-10-06T16:00:00+09:00,2015-10-05,0.85,DGS3,Daily,Percent,2015-10-05T23:59:59-04:00,pre-2016-10-11 official weekly release; conservative ET day end,none,2015-10-07,2015-10-06T12:59:59+09:00,2015-10-02,-0.741,1,5
2015-10-08,1165.2,2015-10-07,2015-10-08,1.614,817Y002,010200000,연%,국고채(3년),KOFIA 16:00 KST source publication; usable from next calendar day; ECOS load time unverified,2015-10-07T16:00:00+09:00,2015-10-05,0.85,DGS3,Daily,Percent,2015-10-05T23:59:59-04:00,pre-2016-10-11 official weekly release; conservative ET day end,none,2015-10-07,2015-10-06T12:59:59+09:00,2015-10-02,-0.7640000000000001,1,6
2015-10-12,1159.4,2015-10-08,2015-10-09,1.615,817Y002,010200000,연%,국고채(3년),KOFIA 16:00 KST source publication; usable from next calendar day; ECOS load time unverified,2015-10-08T16:00:00+09:00,2015-10-05,0.85,DGS3,Daily,Percent,2015-10-05T23:59:59-04:00,pre-2016-10-11 official weekly release; conservative ET day end,none,2015-10-07,2015-10-06T12:59:59+09:00,2015-10-02,-0.765,4,10
2015-10-13,1147.4,2015-10-12,2015-10-13,1.646,817Y002,010200000,연%,국고채(3년),KOFIA 16:00 KST source publication; usable from next calendar day; ECOS load time unverified,2015-10-12T16:00:00+09:00,2015-10-05,0.85,DGS3,Daily,Percent,2015-10-05T23:59:59-04:00,pre-2016-10-11 official weekly release; conservative ET day end,none,2015-10-07,2015-10-06T12:59:59+09:00,2015-10-02,-0.7959999999999999,1,11
2015-10-14,1147.5,2015-10-13,2015-10-14,1.638,817Y002,010200000,연%,국고채(3년),KOFIA 16:00 KST source publication; usable from next calendar day; ECOS load time unverified,2015-10-13T16:00:00+09:00,2015-10-05,0.85,DGS3,Daily,Percent,2015-10-05T23:59:59-04:00,pre-2016-10-11 official weekly release; conservative ET day end,none,2015-10-07,2015-10-06T12:59:59+09:00,2015-10-02,-0.7879999999999999,1,12
2015-10-15,1150.1,2015-10-14,2015-10-15,1.657,817Y002,010200000,연%,국고채(3년),KOFIA 16:00 KST source publication; usable from next calendar day; ECOS load time unverified,2015-10-14T16:00:00+09:00,2015-10-13,0.96,DGS3,Daily,Percent,2015-10-13T23:59:59-04:00,pre-2016-10-11 official weekly release; conservative ET day end,none,2015-10-15,2015-10-14T12:59:59+09:00,2015-10-09,-0.6970000000000001,1,6
2015-10-16,1133.7,2015-10-15,2015-10-16,1.623,817Y002,010200000,연%,국고채(3년),KOFIA 16:00 KST source publication; usable from next calendar day; ECOS load time unverified,2015-10-15T16:00:00+09:00,2015-10-13,0.96,DGS3,Daily,Percent,2015-10-13T23:59:59-04:00,pre-2016-10-11 official weekly release; conservative ET day end,none,2015-10-15,2015-10-14T12:59:59+09:00,2015-10-09,-0.663,1,7
2015-10-19,1128.9,2015-10-16,2015-10-17,1.622,817Y002,010200000,연%,국고채(3년),KOFIA 16:00 KST source publication; usable from next calendar day; ECOS load time unverified,2015-10-16T16:00:00+09:00,2015-10-13,0.96,DGS3,Daily,Percent,2015-10-13T23:59:59-04:00,pre-2016-10-11 official weekly release; conservative ET day end,none,2015-10-15,2015-10-14T12:59:59+09:00,2015-10-09,-0.6620000000000001,3,10
2015-10-20,1125.3,2015-10-19,2015-10-20,1.622,817Y002,010200000,연%,국고채(3년),KOFIA 16:00 KST source publication; usable from next calendar day; ECOS load time unverified,2015-10-19T16:00:00+09:00,2015-10-13,0.96,DGS3,Daily,Percent,2015-10-13T23:59:59-04:00,pre-2016-10-11 official weekly release; conservative ET day end,none,2015-10-15,2015-10-14T12:59:59+09:00,2015-10-09,-0.6620000000000001,1,11
2015-10-21,1130.1,2015-10-20,2015-10-21,1.64,817Y002,010200000,연%,국고채(3년),KOFIA 16:00 KST source publication; usable from next calendar day; ECOS load time unverified,2015-10-20T16:00:00+09:00,2015-10-19,0.91,DGS3,Daily,Percent,2015-10-19T23:59:59-04:00,pre-2016-10-11 official weekly release; conservative ET day end,none,2015-10-21,2015-10-20T12:59:59+09:00,2015-10-16,-0.7299999999999999,1,5
2015-10-22,1131.3,2015-10-21,2015-10-22,1.649,817Y002,010200000,연%,국고채(3년),KOFIA 16:00 KST source publication; usable from next calendar day; ECOS load time unverified,2015-10-21T16:00:00+09:00,2015-10-19,0.91,DGS3,Daily,Percent,2015-10-19T23:59:59-04:00,pre-2016-10-11 official weekly release; conservative ET day end,none,2015-10-21,2015-10-20T12:59:59+09:00,2015-10-16,-0.739,1,6
2015-10-23,1138.2,2015-10-22,2015-10-23,1.654,817Y002,010200000,연%,국고채(3년),KOFIA 16:00 KST source publication; usable from next calendar day; ECOS load time unverified,2015-10-22T16:00:00+09:00,2015-10-19,0.91,DGS3,Daily,Percent,2015-10-19T23:59:59-04:00,pre-2016-10-11 official weekly release; conservative ET day end,none,2015-10-21,2015-10-20T12:59:59+09:00,2015-10-16,-0.7439999999999999,1,7
2015-10-26,1127.4,2015-10-23,2015-10-24,1.65,817Y002,010200000,연%,국고채(3년),KOFIA 16:00 KST source publication; usable from next calendar day; ECOS load time unverified,2015-10-23T16:00:00+09:00,2015-10-19,0.91,DGS3,Daily,Percent,2015-10-19T23:59:59-04:00,pre-2016-10-11 official weekly release; conservative ET day end,none,2015-10-21,2015-10-20T12:59:59+09:00,2015-10-16,-0.7399999999999999,3,10
2015-10-27,1134.1,2015-10-26,2015-10-27,1.645,817Y002,010200000,연%,국고채(3년),KOFIA 16:00 KST source publication; usable from next calendar day; ECOS load time unverified,2015-10-26T16:00:00+09:00,2015-10-19,0.91,DGS3,Daily,Percent,2015-10-19T23:59:59-04:00,pre-2016-10-11 official weekly release; conservative ET day end,none,2015-10-21,2015-10-20T12:59:59+09:00,2015-10-16,-0.735,1,11
2015-10-28,1131.2,2015-10-27,2015-10-28,1.63,817Y002,010200000,연%,국고채(3년),KOFIA 16:00 KST source publication; usable from next calendar day; ECOS load time unverified,2015-10-27T16:00:00+09:00,2015-10-26,0.94,DGS3,Daily,Percent,2015-10-26T23:59:59-04:00,pre-2016-10-11 official weekly release; conservative ET day end,none,2015-10-28,2015-10-27T12:59:59+09:00,2015-10-23,-0.69,1,5
2015-10-29,1132.9,2015-10-28,2015-10-29,1.626,817Y002,010200000,연%,국고채(3년),KOFIA 16:00 KST source publication; usable from next calendar day; ECOS load time unverified,2015-10-28T16:00:00+09:00,2015-10-26,0.94,DGS3,Daily,Percent,2015-10-26T23:59:59-04:00,pre-2016-10-11 official weekly release; conservative ET day end,none,2015-10-28,2015-10-27T12:59:59+09:00,2015-10-23,-0.6859999999999999,1,6
2015-10-30,1142.3,2015-10-29,2015-10-30,1.641,817Y002,010200000,연%,국고채(3년),KOFIA 16:00 KST source publication; usable from next calendar day; ECOS load time unverified,2015-10-29T16:00:00+09:00,2015-10-26,0.94,DGS3,Daily,Percent,2015-10-26T23:59:59-04:00,pre-2016-10-11 official weekly release; conservative ET day end,none,2015-10-28,2015-10-27T12:59:59+09:00,2015-10-23,-0.7010000000000001,1,7
2015-11-02,1138.6,2015-10-30,2015-10-31,1.657,817Y002,010200000,연%,국고채(3년),KOFIA 16:00 KST source publication; usable from next calendar day; ECOS load time unverified,2015-10-30T16:00:00+09:00,2015-10-26,0.94,DGS3,Daily,Percent,2015-10-26T23:59:59-04:00,pre-2016-10-11 official weekly release; conservative ET day end,none,2015-10-28,2015-10-27T12:59:59+09:00,2015-10-23,-0.7170000000000001,3,10
2015-11-03,1140.1,2015-11-02,2015-11-03,1.658,817Y002,010200000,연%,국고채(3년),KOFIA 16:00 KST source publication; usable from next calendar day; ECOS load time unverified,2015-11-02T16:00:00+09:00,2015-10-26,0.94,DGS3,Daily,Percent,2015-10-26T23:59:59-04:00,pre-2016-10-11 official weekly release; conservative ET day end,none,2015-10-28,2015-10-27T12:59:59+09:00,2015-10-23,-0.718,1,11
2015-11-04,1133.4,2015-11-03,2015-11-04,1.665,817Y002,010200000,연%,국고채(3년),KOFIA 16:00 KST source publication; usable from next calendar day; ECOS load time unverified,2015-11-03T16:00:00+09:00,2015-11-02,1.05,DGS3,Daily,Percent,2015-11-02T23:59:59-05:00,pre-2016-10-11 official weekly release; conservative ET day end,none,2015-11-04,2015-11-03T13:59:59+09:00,2015-10-30,-0.615,1,5
2015-11-05,1129.5,2015-11-04,2015-11-05,1.677,817Y002,010200000,연%,국고채(3년),KOFIA 16:00 KST source publication; usable from next calendar day; ECOS load time unverified,2015-11-04T16:00:00+09:00,2015-11-02,1.05,DGS3,Daily,Percent,2015-11-02T23:59:59-05:00,pre-2016-10-11 official weekly release; conservative ET day end,none,2015-11-04,2015-11-03T13:59:59+09:00,2015-10-30,-0.627,1,6
2015-11-06,1137.1,2015-11-05,2015-11-06,1.691,817Y002,010200000,연%,국고채(3년),KOFIA 16:00 KST source publication; usable from next calendar day; ECOS load time unverified,2015-11-05T16:00:00+09:00,2015-11-02,1.05,DGS3,Daily,Percent,2015-11-02T23:59:59-05:00,pre-2016-10-11 official weekly release; conservative ET day end,none,2015-11-04,2015-11-03T13:59:59+09:00,2015-10-30,-0.641,1,7
2015-11-09,1138.6,2015-11-06,2015-11-07,1.729,817Y002,010200000,연%,국고채(3년),KOFIA 16:00 KST source publication; usable from next calendar day; ECOS load time unverified,2015-11-06T16:00:00+09:00,2015-11-02,1.05,DGS3,Daily,Percent,2015-11-02T23:59:59-05:00,pre-2016-10-11 official weekly release; conservative ET day end,none,2015-11-04,2015-11-03T13:59:59+09:00,2015-10-30,-0.679,3,10
2015-11-10,1154.1,2015-11-09,2015-11-10,1.803,817Y002,010200000,연%,국고채(3년),KOFIA 16:00 KST source publication; usable from next calendar day; ECOS load time unverified,2015-11-09T16:00:00+09:00,2015-11-02,1.05,DGS3,Daily,Percent,2015-11-02T23:59:59-05:00,pre-2016-10-11 official weekly release; conservative ET day end,none,2015-11-04,2015-11-03T13:59:59+09:00,2015-10-30,-0.7529999999999999,1,11
2015-11-11,1158.2,2015-11-10,2015-11-11,1.781,817Y002,010200000,연%,국고채(3년),KOFIA 16:00 KST source publication; usable from next calendar day; ECOS load time unverified,2015-11-10T16:00:00+09:00,2015-11-09,1.23,DGS3,Daily,Percent,2015-11-09T23:59:59-05:00,pre-2016-10-11 official weekly release; conservative ET day end,none,2015-11-11,2015-11-10T13:59:59+09:00,2015-11-06,-0.5509999999999999,1,5
2015-11-12,1154.8,2015-11-11,2015-11-12,1.798,817Y002,010200000,연%,국고채(3년),KOFIA 16:00 KST source publication; usable from next calendar day; ECOS load time unverified,2015-11-11T16:00:00+09:00,2015-11-09,1.23,DGS3,Daily,Percent,2015-11-09T23:59:59-05:00,pre-2016-10-11 official weekly release; conservative ET day end,none,2015-11-11,2015-11-10T13:59:59+09:00,2015-11-06,-0.5680000000000001,1,6
2015-11-13,1154.5,2015-11-12,2015-11-13,1.787,817Y002,010200000,연%,국고채(3년),KOFIA 16:00 KST source publication; usable from next calendar day; ECOS load time unverified,2015-11-12T16:00:00+09:00,2015-11-09,1.23,DGS3,Daily,Percent,2015-11-09T23:59:59-05:00,pre-2016-10-11 official weekly release; conservative ET day end,none,2015-11-11,2015-11-10T13:59:59+09:00,2015-11-06,-0.5569999999999999,1,7
2015-11-16,1161.3,2015-11-13,2015-11-14,1.778,817Y002,010200000,연%,국고채(3년),KOFIA 16:00 KST source publication; usable from next calendar day; ECOS load time unverified,2015-11-13T16:00:00+09:00,2015-11-09,1.23,DGS3,Daily,Percent,2015-11-09T23:59:59-05:00,pre-2016-10-11 official weekly release; conservative ET day end,none,2015-11-11,2015-11-10T13:59:59+09:00,2015-11-06,-0.548,3,10
2015-11-17,1172.7,2015-11-16,2015-11-17,1.749,817Y002,010200000,연%,국고채(3년),KOFIA 16:00 KST source publication; usable from next calendar day; ECOS load time unverified,2015-11-16T16:00:00+09:00,2015-11-09,1.23,DGS3,Daily,Percent,2015-11-09T23:59:59-05:00,pre-2016-10-11 official weekly release; conservative ET day end,none,2015-11-11,2015-11-10T13:59:59+09:00,2015-11-06,-0.5190000000000001,1,11
2015-11-18,1169.2,2015-11-17,2015-11-18,1.758,817Y002,010200000,연%,국고채(3년),KOFIA 16:00 KST source publication; usable from next calendar day; ECOS load time unverified,2015-11-17T16:00:00+09:00,2015-11-16,1.2,DGS3,Daily,Percent,2015-11-16T23:59:59-05:00,pre-2016-10-11 official weekly release; conservative ET day end,none,2015-11-18,2015-11-17T13:59:59+09:00,2015-11-13,-0.558,1,5
2015-11-19,1173.4,2015-11-18,2015-11-19,1.752,817Y002,010200000,연%,국고채(3년),KOFIA 16:00 KST source publication; usable from next calendar day; ECOS load time unverified,2015-11-18T16:00:00+09:00,2015-11-16,1.2,DGS3,Daily,Percent,2015-11-16T23:59:59-05:00,pre-2016-10-11 official weekly release; conservative ET day end,none,2015-11-18,2015-11-17T13:59:59+09:00,2015-11-13,-0.552,1,6
2015-11-20,1164.2,2015-11-19,2015-11-20,1.736,817Y002,010200000,연%,국고채(3년),KOFIA 16:00 KST source publication; usable from next calendar day; ECOS load time unverified,2015-11-19T16:00:00+09:00,2015-11-16,1.2,DGS3,Daily,Percent,2015-11-16T23:59:59-05:00,pre-2016-10-11 official weekly release; conservative ET day end,none,2015-11-18,2015-11-17T13:59:59+09:00,2015-11-13,-0.536,1,7
2015-11-23,1156.9,2015-11-20,2015-11-21,1.762,817Y002,010200000,연%,국고채(3년),KOFIA 16:00 KST source publication; usable from next calendar day; ECOS load time unverified,2015-11-20T16:00:00+09:00,2015-11-16,1.2,DGS3,Daily,Percent,2015-11-16T23:59:59-05:00,pre-2016-10-11 official weekly release; conservative ET day end,none,2015-11-18,2015-11-17T13:59:59+09:00,2015-11-13,-0.562,3,10
2015-11-24,1157.9,2015-11-23,2015-11-24,1.761,817Y002,010200000,연%,국고채(3년),KOFIA 16:00 KST source publication; usable from next calendar day; ECOS load time unverified,2015-11-23T16:00:00+09:00,2015-11-16,1.2,DGS3,Daily,Percent,2015-11-16T23:59:59-05:00,pre-2016-10-11 official weekly release; conservative ET day end,none,2015-11-18,2015-11-17T13:59:59+09:00,2015-11-13,-0.5609999999999999,1,11
2015-11-25,1155.6,2015-11-24,2015-11-25,1.767,817Y002,010200000,연%,국고채(3년),KOFIA 16:00 KST source publication; usable from next calendar day; ECOS load time unverified,2015-11-24T16:00:00+09:00,2015-11-23,1.23,DGS3,Daily,Percent,2015-11-23T23:59:59-05:00,pre-2016-10-11 official weekly release; conservative ET day end,none,2015-11-25,2015-11-24T13:59:59+09:00,2015-11-20,-0.5369999999999999,1,5
2015-11-26,1145.1,2015-11-25,2015-11-26,1.769,817Y002,010200000,연%,국고채(3년),KOFIA 16:00 KST source publication; usable from next calendar day; ECOS load time unverified,2015-11-25T16:00:00+09:00,2015-11-23,1.23,DGS3,Daily,Percent,2015-11-23T23:59:59-05:00,pre-2016-10-11 official weekly release; conservative ET day end,none,2015-11-25,2015-11-24T13:59:59+09:00,2015-11-20,-0.5389999999999999,1,6
2015-11-27,1145.7,2015-11-26,2015-11-27,1.778,817Y002,010200000,연%,국고채(3년),KOFIA 16:00 KST source publication; usable from next calendar day; ECOS load time unverified,2015-11-26T16:00:00+09:00,2015-11-23,1.23,DGS3,Daily,Percent,2015-11-23T23:59:59-05:00,pre-2016-10-11 official weekly release; conservative ET day end,none,2015-11-25,2015-11-24T13:59:59+09:00,2015-11-20,-0.548,1,7
2015-11-30,1150.4,2015-11-27,2015-11-28,1.798,817Y002,010200000,연%,국고채(3년),KOFIA 16:00 KST source publication; usable from next calendar day; ECOS load time unverified,2015-11-27T16:00:00+09:00,2015-11-23,1.23,DGS3,Daily,Percent,2015-11-23T23:59:59-05:00,pre-2016-10-11 official weekly release; conservative ET day end,none,2015-11-25,2015-11-24T13:59:59+09:00,2015-11-20,-0.5680000000000001,3,10
2015-12-01,1157.7,2015-11-30,2015-12-01,1.785,817Y002,010200000,연%,국고채(3년),KOFIA 16:00 KST source publication; usable from next calendar day; ECOS load time unverified,2015-11-30T16:00:00+09:00,2015-11-23,1.23,DGS3,Daily,Percent,2015-11-23T23:59:59-05:00,pre-2016-10-11 official weekly release; conservative ET day end,none,2015-11-25,2015-11-24T13:59:59+09:00,2015-11-20,-0.5549999999999999,1,11
2015-12-02,1158.1,2015-12-01,2015-12-02,1.772,817Y002,010200000,연%,국고채(3년),KOFIA 16:00 KST source publication; usable from next calendar day; ECOS load time unverified,2015-12-01T16:00:00+09:00,2015-11-30,1.23,DGS3,Daily,Percent,2015-11-30T23:59:59-05:00,pre-2016-10-11 official weekly release; conservative ET day end,none,2015-12-02,2015-12-01T13:59:59+09:00,2015-11-27,-0.542,1,5
2015-12-03,1159.3,2015-12-02,2015-12-03,1.762,817Y002,010200000,연%,국고채(3년),KOFIA 16:00 KST source publication; usable from next calendar day; ECOS load time unverified,2015-12-02T16:00:00+09:00,2015-11-30,1.23,DGS3,Daily,Percent,2015-11-30T23:59:59-05:00,pre-2016-10-11 official weekly release; conservative ET day end,none,2015-12-02,2015-12-01T13:59:59+09:00,2015-11-27,-0.532,1,6
2015-12-04,1167.4,2015-12-03,2015-12-04,1.755,817Y002,010200000,연%,국고채(3년),KOFIA 16:00 KST source publication; usable from next calendar day; ECOS load time unverified,2015-12-03T16:00:00+09:00,2015-11-30,1.23,DGS3,Daily,Percent,2015-11-30T23:59:59-05:00,pre-2016-10-11 official weekly release; conservative ET day end,none,2015-12-02,2015-12-01T13:59:59+09:00,2015-11-27,-0.5249999999999999,1,7
2015-12-07,1156.8,2015-12-04,2015-12-05,1.781,817Y002,010200000,연%,국고채(3년),KOFIA 16:00 KST source publication; usable from next calendar day; ECOS load time unverified,2015-12-04T16:00:00+09:00,2015-11-30,1.23,DGS3,Daily,Percent,2015-11-30T23:59:59-05:00,pre-2016-10-11 official weekly release; conservative ET day end,none,2015-12-02,2015-12-01T13:59:59+09:00,2015-11-27,-0.5509999999999999,3,10
2015-12-08,1166.4,2015-12-07,2015-12-08,1.787,817Y002,010200000,연%,국고채(3년),KOFIA 16:00 KST source publication; usable from next calendar day; ECOS load time unverified,2015-12-07T16:00:00+09:00,2015-11-30,1.23,DGS3,Daily,Percent,2015-11-30T23:59:59-05:00,pre-2016-10-11 official weekly release; conservative ET day end,none,2015-12-02,2015-12-01T13:59:59+09:00,2015-11-27,-0.5569999999999999,1,11
2015-12-09,1176.0,2015-12-08,2015-12-09,1.763,817Y002,010200000,연%,국고채(3년),KOFIA 16:00 KST source publication; usable from next calendar day; ECOS load time unverified,2015-12-08T16:00:00+09:00,2015-12-07,1.25,DGS3,Daily,Percent,2015-12-07T23:59:59-05:00,pre-2016-10-11 official weekly release; conservative ET day end,none,2015-12-09,2015-12-08T13:59:59+09:00,2015-12-04,-0.5129999999999999,1,5
2015-12-10,1178.2,2015-12-09,2015-12-10,1.762,817Y002,010200000,연%,국고채(3년),KOFIA 16:00 KST source publication; usable from next calendar day; ECOS load time unverified,2015-12-09T16:00:00+09:00,2015-12-07,1.25,DGS3,Daily,Percent,2015-12-07T23:59:59-05:00,pre-2016-10-11 official weekly release; conservative ET day end,none,2015-12-09,2015-12-08T13:59:59+09:00,2015-12-04,-0.512,1,6
2015-12-11,1177.5,2015-12-10,2015-12-11,1.745,817Y002,010200000,연%,국고채(3년),KOFIA 16:00 KST source publication; usable from next calendar day; ECOS load time unverified,2015-12-10T16:00:00+09:00,2015-12-07,1.25,DGS3,Daily,Percent,2015-12-07T23:59:59-05:00,pre-2016-10-11 official weekly release; conservative ET day end,none,2015-12-09,2015-12-08T13:59:59+09:00,2015-12-04,-0.4950000000000001,1,7
2015-12-14,1179.7,2015-12-11,2015-12-12,1.748,817Y002,010200000,연%,국고채(3년),KOFIA 16:00 KST source publication; usable from next calendar day; ECOS load time unverified,2015-12-11T16:00:00+09:00,2015-12-07,1.25,DGS3,Daily,Percent,2015-12-07T23:59:59-05:00,pre-2016-10-11 official weekly release; conservative ET day end,none,2015-12-09,2015-12-08T13:59:59+09:00,2015-12-04,-0.498,3,10
2015-12-15,1186.1,2015-12-14,2015-12-15,1.732,817Y002,010200000,연%,국고채(3년),KOFIA 16:00 KST source publication; usable from next calendar day; ECOS load time unverified,2015-12-14T16:00:00+09:00,2015-12-07,1.25,DGS3,Daily,Percent,2015-12-07T23:59:59-05:00,pre-2016-10-11 official weekly release; conservative ET day end,none,2015-12-09,2015-12-08T13:59:59+09:00,2015-12-04,-0.482,1,11
2015-12-16,1182.9,2015-12-15,2015-12-16,1.733,817Y002,010200000,연%,국고채(3년),KOFIA 16:00 KST source publication; usable from next calendar day; ECOS load time unverified,2015-12-15T16:00:00+09:00,2015-12-14,1.16,DGS3,Daily,Percent,2015-12-14T23:59:59-05:00,pre-2016-10-11 official weekly release; conservative ET day end,none,2015-12-16,2015-12-15T13:59:59+09:00,2015-12-11,-0.5730000000000002,1,5
2015-12-17,1178.2,2015-12-16,2015-12-17,1.748,817Y002,010200000,연%,국고채(3년),KOFIA 16:00 KST source publication; usable from next calendar day; ECOS load time unverified,2015-12-16T16:00:00+09:00,2015-12-14,1.16,DGS3,Daily,Percent,2015-12-14T23:59:59-05:00,pre-2016-10-11 official weekly release; conservative ET day end,none,2015-12-16,2015-12-15T13:59:59+09:00,2015-12-11,-0.5880000000000001,1,6
2015-12-18,1178.9,2015-12-17,2015-12-18,1.726,817Y002,010200000,연%,국고채(3년),KOFIA 16:00 KST source publication; usable from next calendar day; ECOS load time unverified,2015-12-17T16:00:00+09:00,2015-12-14,1.16,DGS3,Daily,Percent,2015-12-14T23:59:59-05:00,pre-2016-10-11 official weekly release; conservative ET day end,none,2015-12-16,2015-12-15T13:59:59+09:00,2015-12-11,-0.5660000000000001,1,7
2015-12-21,1184.3,2015-12-18,2015-12-19,1.693,817Y002,010200000,연%,국고채(3년),KOFIA 16:00 KST source publication; usable from next calendar day; ECOS load time unverified,2015-12-18T16:00:00+09:00,2015-12-14,1.16,DGS3,Daily,Percent,2015-12-14T23:59:59-05:00,pre-2016-10-11 official weekly release; conservative ET day end,none,2015-12-16,2015-12-15T13:59:59+09:00,2015-12-11,-0.5330000000000001,3,10
2015-12-22,1178.2,2015-12-21,2015-12-22,1.658,817Y002,010200000,연%,국고채(3년),KOFIA 16:00 KST source publication; usable from next calendar day; ECOS load time unverified,2015-12-21T16:00:00+09:00,2015-12-14,1.16,DGS3,Daily,Percent,2015-12-14T23:59:59-05:00,pre-2016-10-11 official weekly release; conservative ET day end,none,2015-12-16,2015-12-15T13:59:59+09:00,2015-12-11,-0.498,1,11
2015-12-23,1176.1,2015-12-22,2015-12-23,1.672,817Y002,010200000,연%,국고채(3년),KOFIA 16:00 KST source publication; usable from next calendar day; ECOS load time unverified,2015-12-22T16:00:00+09:00,2015-12-21,1.27,DGS3,Daily,Percent,2015-12-21T23:59:59-05:00,pre-2016-10-11 official weekly release; conservative ET day end,none,2015-12-23,2015-12-22T13:59:59+09:00,2015-12-18,-0.4019999999999999,1,5
2015-12-24,1171.7,2015-12-23,2015-12-24,1.668,817Y002,010200000,연%,국고채(3년),KOFIA 16:00 KST source publication; usable from next calendar day; ECOS load time unverified,2015-12-23T16:00:00+09:00,2015-12-21,1.27,DGS3,Daily,Percent,2015-12-21T23:59:59-05:00,pre-2016-10-11 official weekly release; conservative ET day end,none,2015-12-23,2015-12-22T13:59:59+09:00,2015-12-18,-0.3979999999999999,1,6
2015-12-28,1171.0,2015-12-24,2015-12-25,1.662,817Y002,010200000,연%,국고채(3년),KOFIA 16:00 KST source publication; usable from next calendar day; ECOS load time unverified,2015-12-24T16:00:00+09:00,2015-12-21,1.27,DGS3,Daily,Percent,2015-12-21T23:59:59-05:00,pre-2016-10-11 official weekly release; conservative ET day end,none,2015-12-23,2015-12-22T13:59:59+09:00,2015-12-18,-0.3919999999999999,4,10
2015-12-29,1165.0,2015-12-28,2015-12-29,1.677,817Y002,010200000,연%,국고채(3년),KOFIA 16:00 KST source publication; usable from next calendar day; ECOS load time unverified,2015-12-28T16:00:00+09:00,2015-12-21,1.27,DGS3,Daily,Percent,2015-12-21T23:59:59-05:00,pre-2016-10-11 official weekly release; conservative ET day end,none,2015-12-23,2015-12-22T13:59:59+09:00,2015-12-18,-0.40700000000000003,1,11
2015-12-30,1167.7,2015-12-29,2015-12-30,1.655,817Y002,010200000,연%,국고채(3년),KOFIA 16:00 KST source publication; usable from next calendar day; ECOS load time unverified,2015-12-29T16:00:00+09:00,2015-12-28,1.33,DGS3,Daily,Percent,2015-12-28T23:59:59-05:00,pre-2016-10-11 official weekly release; conservative ET day end,none,2015-12-30,2015-12-29T13:59:59+09:00,2015-12-24,-0.32499999999999996,1,6
2015-12-31,1172.0,2015-12-30,2015-12-31,1.662,817Y002,010200000,연%,국고채(3년),KOFIA 16:00 KST source publication; usable from next calendar day; ECOS load time unverified,2015-12-30T16:00:00+09:00,2015-12-28,1.33,DGS3,Daily,Percent,2015-12-28T23:59:59-05:00,pre-2016-10-11 official weekly release; conservative ET day end,none,2015-12-30,2015-12-29T13:59:59+09:00,2015-12-24,-0.33199999999999985,1,7
2016-01-04,1172.0,2015-12-31,2016-01-01,1.662,817Y002,010200000,연%,국고채(3년),KOFIA 16:00 KST source publication; usable from next calendar day; ECOS load time unverified,2015-12-31T16:00:00+09:00,2015-12-28,1.33,DGS3,Daily,Percent,2015-12-28T23:59:59-05:00,pre-2016-10-11 official weekly release; conservative ET day end,none,2015-12-30,2015-12-29T13:59:59+09:00,2015-12-24,-0.33199999999999985,4,11
2016-01-05,1184.3,2016-01-04,2016-01-05,1.634,817Y002,010200000,연%,국고채(3년),KOFIA 16:00 KST source publication; usable from next calendar day; ECOS load time unverified,2016-01-04T16:00:00+09:00,2015-12-28,1.33,DGS3,Daily,Percent,2015-12-28T23:59:59-05:00,pre-2016-10-11 official weekly release; conservative ET day end,none,2015-12-30,2015-12-29T13:59:59+09:00,2015-12-24,-0.3039999999999998,1,12
2016-01-06,1187.7,2016-01-05,2016-01-06,1.643,817Y002,010200000,연%,국고채(3년),KOFIA 16:00 KST source publication; usable from next calendar day; ECOS load time unverified,2016-01-05T16:00:00+09:00,2016-01-04,1.31,DGS3,Daily,Percent,2016-01-04T23:59:59-05:00,pre-2016-10-11 official weekly release; conservative ET day end,none,2016-01-06,2016-01-05T13:59:59+09:00,2015-12-31,-0.33299999999999996,1,6
2016-01-07,1193.9,2016-01-06,2016-01-07,1.639,817Y002,010200000,연%,국고채(3년),KOFIA 16:00 KST source publication; usable from next calendar day; ECOS load time unverified,2016-01-06T16:00:00+09:00,2016-01-04,1.31,DGS3,Daily,Percent,2016-01-04T23:59:59-05:00,pre-2016-10-11 official weekly release; conservative ET day end,none,2016-01-06,2016-01-05T13:59:59+09:00,2015-12-31,-0.32899999999999996,1,7
2016-01-08,1199.7,2016-01-07,2016-01-08,1.639,817Y002,010200000,연%,국고채(3년),KOFIA 16:00 KST source publication; usable from next calendar day; ECOS load time unverified,2016-01-07T16:00:00+09:00,2016-01-04,1.31,DGS3,Daily,Percent,2016-01-04T23:59:59-05:00,pre-2016-10-11 official weekly release; conservative ET day end,none,2016-01-06,2016-01-05T13:59:59+09:00,2015-12-31,-0.32899999999999996,1,8
2016-01-11,1196.2,2016-01-08,2016-01-09,1.665,817Y002,010200000,연%,국고채(3년),KOFIA 16:00 KST source publication; usable from next calendar day; ECOS load time unverified,2016-01-08T16:00:00+09:00,2016-01-04,1.31,DGS3,Daily,Percent,2016-01-04T23:59:59-05:00,pre-2016-10-11 official weekly release; conservative ET day end,none,2016-01-06,2016-01-05T13:59:59+09:00,2015-12-31,-0.355,3,11
2016-01-12,1208.6,2016-01-11,2016-01-12,1.635,817Y002,010200000,연%,국고채(3년),KOFIA 16:00 KST source publication; usable from next calendar day; ECOS load time unverified,2016-01-11T16:00:00+09:00,2016-01-04,1.31,DGS3,Daily,Percent,2016-01-04T23:59:59-05:00,pre-2016-10-11 official weekly release; conservative ET day end,none,2016-01-06,2016-01-05T13:59:59+09:00,2015-12-31,-0.32499999999999996,1,12
2016-01-13,1208.5,2016-01-12,2016-01-13,1.638,817Y002,010200000,연%,국고채(3년),KOFIA 16:00 KST source publication; usable from next calendar day; ECOS load time unverified,2016-01-12T16:00:00+09:00,2016-01-11,1.2,DGS3,Daily,Percent,2016-01-11T23:59:59-05:00,pre-2016-10-11 official weekly release; conservative ET day end,none,2016-01-13,2016-01-12T13:59:59+09:00,2016-01-08,-0.43799999999999994,1,5
2016-01-14,1206.4,2016-01-13,2016-01-14,1.633,817Y002,010200000,연%,국고채(3년),KOFIA 16:00 KST source publication; usable from next calendar day; ECOS load time unverified,2016-01-13T16:00:00+09:00,2016-01-11,1.2,DGS3,Daily,Percent,2016-01-11T23:59:59-05:00,pre-2016-10-11 official weekly release; conservative ET day end,none,2016-01-13,2016-01-12T13:59:59+09:00,2016-01-08,-0.43300000000000005,1,6
2016-01-15,1212.7,2016-01-14,2016-01-15,1.648,817Y002,010200000,연%,국고채(3년),KOFIA 16:00 KST source publication; usable from next calendar day; ECOS load time unverified,2016-01-14T16:00:00+09:00,2016-01-11,1.2,DGS3,Daily,Percent,2016-01-11T23:59:59-05:00,pre-2016-10-11 official weekly release; conservative ET day end,none,2016-01-13,2016-01-12T13:59:59+09:00,2016-01-08,-0.44799999999999995,1,7
2016-01-18,1211.0,2016-01-15,2016-01-16,1.648,817Y002,010200000,연%,국고채(3년),KOFIA 16:00 KST source publication; usable from next calendar day; ECOS load time unverified,2016-01-15T16:00:00+09:00,2016-01-11,1.2,DGS3,Daily,Percent,2016-01-11T23:59:59-05:00,pre-2016-10-11 official weekly release; conservative ET day end,none,2016-01-13,2016-01-12T13:59:59+09:00,2016-01-08,-0.44799999999999995,3,10
2016-01-19,1212.5,2016-01-18,2016-01-19,1.646,817Y002,010200000,연%,국고채(3년),KOFIA 16:00 KST source publication; usable from next calendar day; ECOS load time unverified,2016-01-18T16:00:00+09:00,2016-01-11,1.2,DGS3,Daily,Percent,2016-01-11T23:59:59-05:00,pre-2016-10-11 official weekly release; conservative ET day end,none,2016-01-13,2016-01-12T13:59:59+09:00,2016-01-08,-0.44599999999999995,1,11
2016-01-20,1209.9,2016-01-19,2016-01-20,1.644,817Y002,010200000,연%,국고채(3년),KOFIA 16:00 KST source publication; usable from next calendar day; ECOS load time unverified,2016-01-19T16:00:00+09:00,2016-01-11,1.2,DGS3,Daily,Percent,2016-01-11T23:59:59-05:00,pre-2016-10-11 official weekly release; conservative ET day end,none,2016-01-13,2016-01-12T13:59:59+09:00,2016-01-08,-0.44399999999999995,1,12
2016-01-21,1211.6,2016-01-20,2016-01-21,1.617,817Y002,010200000,연%,국고채(3년),KOFIA 16:00 KST source publication; usable from next calendar day; ECOS load time unverified,2016-01-20T16:00:00+09:00,2016-01-19,1.08,DGS3,Daily,Percent,2016-01-19T23:59:59-05:00,pre-2016-10-11 official weekly release; conservative ET day end,none,2016-01-21,2016-01-20T13:59:59+09:00,2016-01-15,-0.5369999999999999,1,6
2016-01-22,1209.9,2016-01-21,2016-01-22,1.611,817Y002,010200000,연%,국고채(3년),KOFIA 16:00 KST source publication; usable from next calendar day; ECOS load time unverified,2016-01-21T16:00:00+09:00,2016-01-19,1.08,DGS3,Daily,Percent,2016-01-19T23:59:59-05:00,pre-2016-10-11 official weekly release; conservative ET day end,none,2016-01-21,2016-01-20T13:59:59+09:00,2016-01-15,-0.5309999999999999,1,7
2016-01-25,1203.2,2016-01-22,2016-01-23,1.621,817Y002,010200000,연%,국고채(3년),KOFIA 16:00 KST source publication; usable from next calendar day; ECOS load time unverified,2016-01-22T16:00:00+09:00,2016-01-19,1.08,DGS3,Daily,Percent,2016-01-19T23:59:59-05:00,pre-2016-10-11 official weekly release; conservative ET day end,none,2016-01-21,2016-01-20T13:59:59+09:00,2016-01-15,-0.5409999999999999,3,10
2016-01-26,1194.4,2016-01-25,2016-01-26,1.621,817Y002,010200000,연%,국고채(3년),KOFIA 16:00 KST source publication; usable from next calendar day; ECOS load time unverified,2016-01-25T16:00:00+09:00,2016-01-19,1.08,DGS3,Daily,Percent,2016-01-19T23:59:59-05:00,pre-2016-10-11 official weekly release; conservative ET day end,none,2016-01-21,2016-01-20T13:59:59+09:00,2016-01-15,-0.5409999999999999,1,11
2016-01-27,1201.4,2016-01-26,2016-01-27,1.599,817Y002,010200000,연%,국고채(3년),KOFIA 16:00 KST source publication; usable from next calendar day; ECOS load time unverified,2016-01-26T16:00:00+09:00,2016-01-19,1.08,DGS3,Daily,Percent,2016-01-19T23:59:59-05:00,pre-2016-10-11 official weekly release; conservative ET day end,none,2016-01-21,2016-01-20T13:59:59+09:00,2016-01-15,-0.5189999999999999,1,12
2016-01-28,1201.0,2016-01-27,2016-01-28,1.604,817Y002,010200000,연%,국고채(3년),KOFIA 16:00 KST source publication; usable from next calendar day; ECOS load time unverified,2016-01-27T16:00:00+09:00,2016-01-19,1.08,DGS3,Daily,Percent,2016-01-19T23:59:59-05:00,pre-2016-10-11 official weekly release; conservative ET day end,none,2016-01-21,2016-01-20T13:59:59+09:00,2016-01-15,-0.524,1,13
2016-01-29,1208.4,2016-01-28,2016-01-29,1.618,817Y002,010200000,연%,국고채(3년),KOFIA 16:00 KST source publication; usable from next calendar day; ECOS load time unverified,2016-01-28T16:00:00+09:00,2016-01-27,1.07,DGS3,Daily,Percent,2016-01-27T23:59:59-05:00,pre-2016-10-11 official weekly release; conservative ET day end,none,2016-01-29,2016-01-28T13:59:59+09:00,2016-01-26,-0.548,1,3
2016-02-01,1206.2,2016-01-29,2016-01-30,1.564,817Y002,010200000,연%,국고채(3년),KOFIA 16:00 KST source publication; usable from next calendar day; ECOS load time unverified,2016-01-29T16:00:00+09:00,2016-01-27,1.07,DGS3,Daily,Percent,2016-01-27T23:59:59-05:00,pre-2016-10-11 official weekly release; conservative ET day end,none,2016-01-29,2016-01-28T13:59:59+09:00,2016-01-26,-0.494,3,6
2016-02-02,1204.5,2016-02-01,2016-02-02,1.525,817Y002,010200000,연%,국고채(3년),KOFIA 16:00 KST source publication; usable from next calendar day; ECOS load time unverified,2016-02-01T16:00:00+09:00,2016-01-27,1.07,DGS3,Daily,Percent,2016-01-27T23:59:59-05:00,pre-2016-10-11 official weekly release; conservative ET day end,none,2016-01-29,2016-01-28T13:59:59+09:00,2016-01-26,-0.45499999999999985,1,7
2016-02-03,1203.1,2016-02-02,2016-02-03,1.516,817Y002,010200000,연%,국고채(3년),KOFIA 16:00 KST source publication; usable from next calendar day; ECOS load time unverified,2016-02-02T16:00:00+09:00,2016-02-01,0.97,DGS3,Daily,Percent,2016-02-01T23:59:59-05:00,pre-2016-10-11 official weekly release; conservative ET day end,none,2016-02-03,2016-02-02T13:59:59+09:00,2016-01-29,-0.546,1,5
2016-02-04,1216.7,2016-02-03,2016-02-04,1.496,817Y002,010200000,연%,국고채(3년),KOFIA 16:00 KST source publication; usable from next calendar day; ECOS load time unverified,2016-02-03T16:00:00+09:00,2016-02-01,0.97,DGS3,Daily,Percent,2016-02-01T23:59:59-05:00,pre-2016-10-11 official weekly release; conservative ET day end,none,2016-02-03,2016-02-02T13:59:59+09:00,2016-01-29,-0.526,1,6
2016-02-05,1202.7,2016-02-04,2016-02-05,1.494,817Y002,010200000,연%,국고채(3년),KOFIA 16:00 KST source publication; usable from next calendar day; ECOS load time unverified,2016-02-04T16:00:00+09:00,2016-02-01,0.97,DGS3,Daily,Percent,2016-02-01T23:59:59-05:00,pre-2016-10-11 official weekly release; conservative ET day end,none,2016-02-03,2016-02-02T13:59:59+09:00,2016-01-29,-0.524,1,7
2016-02-11,1195.1,2016-02-05,2016-02-06,1.506,817Y002,010200000,연%,국고채(3년),KOFIA 16:00 KST source publication; usable from next calendar day; ECOS load time unverified,2016-02-05T16:00:00+09:00,2016-02-08,0.91,DGS3,Daily,Percent,2016-02-08T23:59:59-05:00,pre-2016-10-11 official weekly release; conservative ET day end,none,2016-02-10,2016-02-09T13:59:59+09:00,2016-02-05,-0.596,6,6
2016-02-12,1197.0,2016-02-11,2016-02-12,1.45,817Y002,010200000,연%,국고채(3년),KOFIA 16:00 KST source publication; usable from next calendar day; ECOS load time unverified,2016-02-11T16:00:00+09:00,2016-02-08,0.91,DGS3,Daily,Percent,2016-02-08T23:59:59-05:00,pre-2016-10-11 official weekly release; conservative ET day end,none,2016-02-10,2016-02-09T13:59:59+09:00,2016-02-05,-0.5399999999999999,1,7
2016-02-15,1206.5,2016-02-12,2016-02-13,1.475,817Y002,010200000,연%,국고채(3년),KOFIA 16:00 KST source publication; usable from next calendar day; ECOS load time unverified,2016-02-12T16:00:00+09:00,2016-02-08,0.91,DGS3,Daily,Percent,2016-02-08T23:59:59-05:00,pre-2016-10-11 official weekly release; conservative ET day end,none,2016-02-10,2016-02-09T13:59:59+09:00,2016-02-05,-0.5650000000000001,3,10
2016-02-16,1209.9,2016-02-15,2016-02-16,1.484,817Y002,010200000,연%,국고채(3년),KOFIA 16:00 KST source publication; usable from next calendar day; ECOS load time unverified,2016-02-15T16:00:00+09:00,2016-02-08,0.91,DGS3,Daily,Percent,2016-02-08T23:59:59-05:00,pre-2016-10-11 official weekly release; conservative ET day end,none,2016-02-10,2016-02-09T13:59:59+09:00,2016-02-05,-0.574,1,11
2016-02-17,1216.6,2016-02-16,2016-02-17,1.431,817Y002,010200000,연%,국고채(3년),KOFIA 16:00 KST source publication; usable from next calendar day; ECOS load time unverified,2016-02-16T16:00:00+09:00,2016-02-08,0.91,DGS3,Daily,Percent,2016-02-08T23:59:59-05:00,pre-2016-10-11 official weekly release; conservative ET day end,none,2016-02-10,2016-02-09T13:59:59+09:00,2016-02-05,-0.521,1,12
2016-02-18,1224.8,2016-02-17,2016-02-18,1.435,817Y002,010200000,연%,국고채(3년),KOFIA 16:00 KST source publication; usable from next calendar day; ECOS load time unverified,2016-02-17T16:00:00+09:00,2016-02-16,0.89,DGS3,Daily,Percent,2016-02-16T23:59:59-05:00,pre-2016-10-11 official weekly release; conservative ET day end,none,2016-02-18,2016-02-17T13:59:59+09:00,2016-02-12,-0.545,1,6
2016-02-19,1225.7,2016-02-18,2016-02-19,1.451,817Y002,010200000,연%,국고채(3년),KOFIA 16:00 KST source publication; usable from next calendar day; ECOS load time unverified,2016-02-18T16:00:00+09:00,2016-02-16,0.89,DGS3,Daily,Percent,2016-02-16T23:59:59-05:00,pre-2016-10-11 official weekly release; conservative ET day end,none,2016-02-18,2016-02-17T13:59:59+09:00,2016-02-12,-0.561,1,7
2016-02-22,1233.9,2016-02-19,2016-02-20,1.468,817Y002,010200000,연%,국고채(3년),KOFIA 16:00 KST source publication; usable from next calendar day; ECOS load time unverified,2016-02-19T16:00:00+09:00,2016-02-16,0.89,DGS3,Daily,Percent,2016-02-16T23:59:59-05:00,pre-2016-10-11 official weekly release; conservative ET day end,none,2016-02-18,2016-02-17T13:59:59+09:00,2016-02-12,-0.578,3,10
2016-02-23,1233.2,2016-02-22,2016-02-23,1.48,817Y002,010200000,연%,국고채(3년),KOFIA 16:00 KST source publication; usable from next calendar day; ECOS load time unverified,2016-02-22T16:00:00+09:00,2016-02-16,0.89,DGS3,Daily,Percent,2016-02-16T23:59:59-05:00,pre-2016-10-11 official weekly release; conservative ET day end,none,2016-02-18,2016-02-17T13:59:59+09:00,2016-02-12,-0.59,1,11
2016-02-24,1230.1,2016-02-23,2016-02-24,1.481,817Y002,010200000,연%,국고채(3년),KOFIA 16:00 KST source publication; usable from next calendar day; ECOS load time unverified,2016-02-23T16:00:00+09:00,2016-02-22,0.91,DGS3,Daily,Percent,2016-02-22T23:59:59-05:00,pre-2016-10-11 official weekly release; conservative ET day end,none,2016-02-24,2016-02-23T13:59:59+09:00,2016-02-19,-0.5710000000000001,1,5
2016-02-25,1234.8,2016-02-24,2016-02-25,1.469,817Y002,010200000,연%,국고채(3년),KOFIA 16:00 KST source publication; usable from next calendar day; ECOS load time unverified,2016-02-24T16:00:00+09:00,2016-02-22,0.91,DGS3,Daily,Percent,2016-02-22T23:59:59-05:00,pre-2016-10-11 official weekly release; conservative ET day end,none,2016-02-24,2016-02-23T13:59:59+09:00,2016-02-19,-0.559,1,6
2016-02-26,1236.1,2016-02-25,2016-02-26,1.464,817Y002,010200000,연%,국고채(3년),KOFIA 16:00 KST source publication; usable from next calendar day; ECOS load time unverified,2016-02-25T16:00:00+09:00,2016-02-22,0.91,DGS3,Daily,Percent,2016-02-22T23:59:59-05:00,pre-2016-10-11 official weekly release; conservative ET day end,none,2016-02-24,2016-02-23T13:59:59+09:00,2016-02-19,-0.5539999999999999,1,7
2016-02-29,1235.4,2016-02-26,2016-02-27,1.452,817Y002,010200000,연%,국고채(3년),KOFIA 16:00 KST source publication; usable from next calendar day; ECOS load time unverified,2016-02-26T16:00:00+09:00,2016-02-22,0.91,DGS3,Daily,Percent,2016-02-22T23:59:59-05:00,pre-2016-10-11 official weekly release; conservative ET day end,none,2016-02-24,2016-02-23T13:59:59+09:00,2016-02-19,-0.5419999999999999,3,10
2016-03-02,1240.9,2016-02-29,2016-03-01,1.454,817Y002,010200000,연%,국고채(3년),KOFIA 16:00 KST source publication; usable from next calendar day; ECOS load time unverified,2016-02-29T16:00:00+09:00,2016-02-29,0.93,DGS3,Daily,Percent,2016-02-29T23:59:59-05:00,pre-2016-10-11 official weekly release; conservative ET day end,none,2016-03-02,2016-03-01T13:59:59+09:00,2016-02-26,-0.5239999999999999,2,5
2016-03-03,1232.7,2016-03-02,2016-03-03,1.469,817Y002,010200000,연%,국고채(3년),KOFIA 16:00 KST source publication; usable from next calendar day; ECOS load time unverified,2016-03-02T16:00:00+09:00,2016-02-29,0.93,DGS3,Daily,Percent,2016-02-29T23:59:59-05:00,pre-2016-10-11 official weekly release; conservative ET day end,none,2016-03-02,2016-03-01T13:59:59+09:00,2016-02-26,-0.539,1,6
2016-03-04,1218.9,2016-03-03,2016-03-04,1.504,817Y002,010200000,연%,국고채(3년),KOFIA 16:00 KST source publication; usable from next calendar day; ECOS load time unverified,2016-03-03T16:00:00+09:00,2016-02-29,0.93,DGS3,Daily,Percent,2016-02-29T23:59:59-05:00,pre-2016-10-11 official weekly release; conservative ET day end,none,2016-03-02,2016-03-01T13:59:59+09:00,2016-02-26,-0.574,1,7
2016-03-07,1208.5,2016-03-04,2016-03-05,1.522,817Y002,010200000,연%,국고채(3년),KOFIA 16:00 KST source publication; usable from next calendar day; ECOS load time unverified,2016-03-04T16:00:00+09:00,2016-02-29,0.93,DGS3,Daily,Percent,2016-02-29T23:59:59-05:00,pre-2016-10-11 official weekly release; conservative ET day end,none,2016-03-02,2016-03-01T13:59:59+09:00,2016-02-26,-0.592,3,10
2016-03-08,1200.7,2016-03-07,2016-03-08,1.502,817Y002,010200000,연%,국고채(3년),KOFIA 16:00 KST source publication; usable from next calendar day; ECOS load time unverified,2016-03-07T16:00:00+09:00,2016-02-29,0.93,DGS3,Daily,Percent,2016-02-29T23:59:59-05:00,pre-2016-10-11 official weekly release; conservative ET day end,none,2016-03-02,2016-03-01T13:59:59+09:00,2016-02-26,-0.572,1,11
2016-03-09,1205.2,2016-03-08,2016-03-09,1.481,817Y002,010200000,연%,국고채(3년),KOFIA 16:00 KST source publication; usable from next calendar day; ECOS load time unverified,2016-03-08T16:00:00+09:00,2016-03-07,1.04,DGS3,Daily,Percent,2016-03-07T23:59:59-05:00,pre-2016-10-11 official weekly release; conservative ET day end,none,2016-03-09,2016-03-08T13:59:59+09:00,2016-03-04,-0.44100000000000006,1,5
2016-03-10,1214.5,2016-03-09,2016-03-10,1.47,817Y002,010200000,연%,국고채(3년),KOFIA 16:00 KST source publication; usable from next calendar day; ECOS load time unverified,2016-03-09T16:00:00+09:00,2016-03-07,1.04,DGS3,Daily,Percent,2016-03-07T23:59:59-05:00,pre-2016-10-11 official weekly release; conservative ET day end,none,2016-03-09,2016-03-08T13:59:59+09:00,2016-03-04,-0.42999999999999994,1,6
2016-03-11,1208.8,2016-03-10,2016-03-11,1.5,817Y002,010200000,연%,국고채(3년),KOFIA 16:00 KST source publication; usable from next calendar day; ECOS load time unverified,2016-03-10T16:00:00+09:00,2016-03-07,1.04,DGS3,Daily,Percent,2016-03-07T23:59:59-05:00,pre-2016-10-11 official weekly release; conservative ET day end,none,2016-03-09,2016-03-08T13:59:59+09:00,2016-03-04,-0.45999999999999996,1,7
2016-03-14,1200.1,2016-03-11,2016-03-12,1.55,817Y002,010200000,연%,국고채(3년),KOFIA 16:00 KST source publication; usable from next calendar day; ECOS load time unverified,2016-03-11T16:00:00+09:00,2016-03-07,1.04,DGS3,Daily,Percent,2016-03-07T23:59:59-05:00,pre-2016-10-11 official weekly release; conservative ET day end,none,2016-03-09,2016-03-08T13:59:59+09:00,2016-03-04,-0.51,3,10
2016-03-15,1186.5,2016-03-14,2016-03-15,1.532,817Y002,010200000,연%,국고채(3년),KOFIA 16:00 KST source publication; usable from next calendar day; ECOS load time unverified,2016-03-14T16:00:00+09:00,2016-03-07,1.04,DGS3,Daily,Percent,2016-03-07T23:59:59-05:00,pre-2016-10-11 official weekly release; conservative ET day end,none,2016-03-09,2016-03-08T13:59:59+09:00,2016-03-04,-0.492,1,11
2016-03-16,1189.2,2016-03-15,2016-03-16,1.533,817Y002,010200000,연%,국고채(3년),KOFIA 16:00 KST source publication; usable from next calendar day; ECOS load time unverified,2016-03-15T16:00:00+09:00,2016-03-14,1.16,DGS3,Daily,Percent,2016-03-14T23:59:59-04:00,pre-2016-10-11 official weekly release; conservative ET day end,none,2016-03-16,2016-03-15T12:59:59+09:00,2016-03-11,-0.373,1,5
2016-03-17,1192.7,2016-03-16,2016-03-17,1.542,817Y002,010200000,연%,국고채(3년),KOFIA 16:00 KST source publication; usable from next calendar day; ECOS load time unverified,2016-03-16T16:00:00+09:00,2016-03-14,1.16,DGS3,Daily,Percent,2016-03-14T23:59:59-04:00,pre-2016-10-11 official weekly release; conservative ET day end,none,2016-03-16,2016-03-15T12:59:59+09:00,2016-03-11,-0.3820000000000001,1,6
2016-03-18,1174.5,2016-03-17,2016-03-18,1.515,817Y002,010200000,연%,국고채(3년),KOFIA 16:00 KST source publication; usable from next calendar day; ECOS load time unverified,2016-03-17T16:00:00+09:00,2016-03-14,1.16,DGS3,Daily,Percent,2016-03-14T23:59:59-04:00,pre-2016-10-11 official weekly release; conservative ET day end,none,2016-03-16,2016-03-15T12:59:59+09:00,2016-03-11,-0.355,1,7
2016-03-21,1161.3,2016-03-18,2016-03-19,1.499,817Y002,010200000,연%,국고채(3년),KOFIA 16:00 KST source publication; usable from next calendar day; ECOS load time unverified,2016-03-18T16:00:00+09:00,2016-03-14,1.16,DGS3,Daily,Percent,2016-03-14T23:59:59-04:00,pre-2016-10-11 official weekly release; conservative ET day end,none,2016-03-16,2016-03-15T12:59:59+09:00,2016-03-11,-0.3390000000000002,3,10
2016-03-22,1165.3,2016-03-21,2016-03-22,1.496,817Y002,010200000,연%,국고채(3년),KOFIA 16:00 KST source publication; usable from next calendar day; ECOS load time unverified,2016-03-21T16:00:00+09:00,2016-03-14,1.16,DGS3,Daily,Percent,2016-03-14T23:59:59-04:00,pre-2016-10-11 official weekly release; conservative ET day end,none,2016-03-16,2016-03-15T12:59:59+09:00,2016-03-11,-0.3360000000000001,1,11
2016-03-23,1159.5,2016-03-22,2016-03-23,1.512,817Y002,010200000,연%,국고채(3년),KOFIA 16:00 KST source publication; usable from next calendar day; ECOS load time unverified,2016-03-22T16:00:00+09:00,2016-03-21,1.0,DGS3,Daily,Percent,2016-03-21T23:59:59-04:00,pre-2016-10-11 official weekly release; conservative ET day end,none,2016-03-23,2016-03-22T12:59:59+09:00,2016-03-18,-0.512,1,5
2016-03-24,1158.8,2016-03-23,2016-03-24,1.512,817Y002,010200000,연%,국고채(3년),KOFIA 16:00 KST source publication; usable from next calendar day; ECOS load time unverified,2016-03-23T16:00:00+09:00,2016-03-21,1.0,DGS3,Daily,Percent,2016-03-21T23:59:59-04:00,pre-2016-10-11 official weekly release; conservative ET day end,none,2016-03-23,2016-03-22T12:59:59+09:00,2016-03-18,-0.512,1,6
2016-03-25,1167.1,2016-03-24,2016-03-25,1.5,817Y002,010200000,연%,국고채(3년),KOFIA 16:00 KST source publication; usable from next calendar day; ECOS load time unverified,2016-03-24T16:00:00+09:00,2016-03-21,1.0,DGS3,Daily,Percent,2016-03-21T23:59:59-04:00,pre-2016-10-11 official weekly release; conservative ET day end,none,2016-03-23,2016-03-22T12:59:59+09:00,2016-03-18,-0.5,1,7
2016-03-28,1169.4,2016-03-25,2016-03-26,1.495,817Y002,010200000,연%,국고채(3년),KOFIA 16:00 KST source publication; usable from next calendar day; ECOS load time unverified,2016-03-25T16:00:00+09:00,2016-03-21,1.0,DGS3,Daily,Percent,2016-03-21T23:59:59-04:00,pre-2016-10-11 official weekly release; conservative ET day end,none,2016-03-23,2016-03-22T12:59:59+09:00,2016-03-18,-0.4950000000000001,3,10
2016-03-29,1169.6,2016-03-28,2016-03-29,1.479,817Y002,010200000,연%,국고채(3년),KOFIA 16:00 KST source publication; usable from next calendar day; ECOS load time unverified,2016-03-28T16:00:00+09:00,2016-03-21,1.0,DGS3,Daily,Percent,2016-03-21T23:59:59-04:00,pre-2016-10-11 official weekly release; conservative ET day end,none,2016-03-23,2016-03-22T12:59:59+09:00,2016-03-18,-0.4790000000000001,1,11
2016-03-30,1163.0,2016-03-29,2016-03-30,1.449,817Y002,010200000,연%,국고채(3년),KOFIA 16:00 KST source publication; usable from next calendar day; ECOS load time unverified,2016-03-29T16:00:00+09:00,2016-03-28,1.05,DGS3,Daily,Percent,2016-03-28T23:59:59-04:00,pre-2016-10-11 official weekly release; conservative ET day end,none,2016-03-30,2016-03-29T12:59:59+09:00,2016-03-24,-0.399,1,6
2016-03-31,1153.5,2016-03-30,2016-03-31,1.45,817Y002,010200000,연%,국고채(3년),KOFIA 16:00 KST source publication; usable from next calendar day; ECOS load time unverified,2016-03-30T16:00:00+09:00,2016-03-28,1.05,DGS3,Daily,Percent,2016-03-28T23:59:59-04:00,pre-2016-10-11 official weekly release; conservative ET day end,none,2016-03-30,2016-03-29T12:59:59+09:00,2016-03-24,-0.3999999999999999,1,7
2016-04-01,1144.5,2016-03-31,2016-04-01,1.444,817Y002,010200000,연%,국고채(3년),KOFIA 16:00 KST source publication; usable from next calendar day; ECOS load time unverified,2016-03-31T16:00:00+09:00,2016-03-28,1.05,DGS3,Daily,Percent,2016-03-28T23:59:59-04:00,pre-2016-10-11 official weekly release; conservative ET day end,none,2016-03-30,2016-03-29T12:59:59+09:00,2016-03-24,-0.3939999999999999,1,8
2016-04-04,1148.9,2016-04-01,2016-04-02,1.448,817Y002,010200000,연%,국고채(3년),KOFIA 16:00 KST source publication; usable from next calendar day; ECOS load time unverified,2016-04-01T16:00:00+09:00,2016-03-28,1.05,DGS3,Daily,Percent,2016-03-28T23:59:59-04:00,pre-2016-10-11 official weekly release; conservative ET day end,none,2016-03-30,2016-03-29T12:59:59+09:00,2016-03-24,-0.3979999999999999,3,11
2016-04-05,1147.8,2016-04-04,2016-04-05,1.44,817Y002,010200000,연%,국고채(3년),KOFIA 16:00 KST source publication; usable from next calendar day; ECOS load time unverified,2016-04-04T16:00:00+09:00,2016-03-28,1.05,DGS3,Daily,Percent,2016-03-28T23:59:59-04:00,pre-2016-10-11 official weekly release; conservative ET day end,none,2016-03-30,2016-03-29T12:59:59+09:00,2016-03-24,-0.3899999999999999,1,12
2016-04-06,1155.0,2016-04-05,2016-04-06,1.453,817Y002,010200000,연%,국고채(3년),KOFIA 16:00 KST source publication; usable from next calendar day; ECOS load time unverified,2016-04-05T16:00:00+09:00,2016-04-04,0.9,DGS3,Daily,Percent,2016-04-04T23:59:59-04:00,pre-2016-10-11 official weekly release; conservative ET day end,none,2016-04-06,2016-04-05T12:59:59+09:00,2016-04-01,-0.553,1,5
2016-04-07,1155.9,2016-04-06,2016-04-07,1.458,817Y002,010200000,연%,국고채(3년),KOFIA 16:00 KST source publication; usable from next calendar day; ECOS load time unverified,2016-04-06T16:00:00+09:00,2016-04-04,0.9,DGS3,Daily,Percent,2016-04-04T23:59:59-04:00,pre-2016-10-11 official weekly release; conservative ET day end,none,2016-04-06,2016-04-05T12:59:59+09:00,2016-04-01,-0.5579999999999999,1,6
2016-04-08,1154.5,2016-04-07,2016-04-08,1.468,817Y002,010200000,연%,국고채(3년),KOFIA 16:00 KST source publication; usable from next calendar day; ECOS load time unverified,2016-04-07T16:00:00+09:00,2016-04-04,0.9,DGS3,Daily,Percent,2016-04-04T23:59:59-04:00,pre-2016-10-11 official weekly release; conservative ET day end,none,2016-04-06,2016-04-05T12:59:59+09:00,2016-04-01,-0.568,1,7
2016-04-11,1156.5,2016-04-08,2016-04-09,1.463,817Y002,010200000,연%,국고채(3년),KOFIA 16:00 KST source publication; usable from next calendar day; ECOS load time unverified,2016-04-08T16:00:00+09:00,2016-04-04,0.9,DGS3,Daily,Percent,2016-04-04T23:59:59-04:00,pre-2016-10-11 official weekly release; conservative ET day end,none,2016-04-06,2016-04-05T12:59:59+09:00,2016-04-01,-0.5630000000000001,3,10
2016-04-12,1149.2,2016-04-11,2016-04-12,1.466,817Y002,010200000,연%,국고채(3년),KOFIA 16:00 KST source publication; usable from next calendar day; ECOS load time unverified,2016-04-11T16:00:00+09:00,2016-04-04,0.9,DGS3,Daily,Percent,2016-04-04T23:59:59-04:00,pre-2016-10-11 official weekly release; conservative ET day end,none,2016-04-06,2016-04-05T12:59:59+09:00,2016-04-01,-0.566,1,11
2016-04-14,1144.7,2016-04-12,2016-04-13,1.465,817Y002,010200000,연%,국고채(3년),KOFIA 16:00 KST source publication; usable from next calendar day; ECOS load time unverified,2016-04-12T16:00:00+09:00,2016-04-11,0.84,DGS3,Daily,Percent,2016-04-11T23:59:59-04:00,pre-2016-10-11 official weekly release; conservative ET day end,none,2016-04-13,2016-04-12T12:59:59+09:00,2016-04-08,-0.6250000000000001,2,6
2016-04-15,1153.4,2016-04-14,2016-04-15,1.502,817Y002,010200000,연%,국고채(3년),KOFIA 16:00 KST source publication; usable from next calendar day; ECOS load time unverified,2016-04-14T16:00:00+09:00,2016-04-11,0.84,DGS3,Daily,Percent,2016-04-11T23:59:59-04:00,pre-2016-10-11 official weekly release; conservative ET day end,none,2016-04-13,2016-04-12T12:59:59+09:00,2016-04-08,-0.662,1,7
2016-04-18,1150.7,2016-04-15,2016-04-16,1.494,817Y002,010200000,연%,국고채(3년),KOFIA 16:00 KST source publication; usable from next calendar day; ECOS load time unverified,2016-04-15T16:00:00+09:00,2016-04-11,0.84,DGS3,Daily,Percent,2016-04-11T23:59:59-04:00,pre-2016-10-11 official weekly release; conservative ET day end,none,2016-04-13,2016-04-12T12:59:59+09:00,2016-04-08,-0.654,3,10
2016-04-19,1151.1,2016-04-18,2016-04-19,1.507,817Y002,010200000,연%,국고채(3년),KOFIA 16:00 KST source publication; usable from next calendar day; ECOS load time unverified,2016-04-18T16:00:00+09:00,2016-04-11,0.84,DGS3,Daily,Percent,2016-04-11T23:59:59-04:00,pre-2016-10-11 official weekly release; conservative ET day end,none,2016-04-13,2016-04-12T12:59:59+09:00,2016-04-08,-0.6669999999999999,1,11
2016-04-20,1140.5,2016-04-19,2016-04-20,1.501,817Y002,010200000,연%,국고채(3년),KOFIA 16:00 KST source publication; usable from next calendar day; ECOS load time unverified,2016-04-19T16:00:00+09:00,2016-04-18,0.87,DGS3,Daily,Percent,2016-04-18T23:59:59-04:00,pre-2016-10-11 official weekly release; conservative ET day end,none,2016-04-20,2016-04-19T12:59:59+09:00,2016-04-15,-0.6309999999999999,1,5
2016-04-21,1132.3,2016-04-20,2016-04-21,1.474,817Y002,010200000,연%,국고채(3년),KOFIA 16:00 KST source publication; usable from next calendar day; ECOS load time unverified,2016-04-20T16:00:00+09:00,2016-04-18,0.87,DGS3,Daily,Percent,2016-04-18T23:59:59-04:00,pre-2016-10-11 official weekly release; conservative ET day end,none,2016-04-20,2016-04-19T12:59:59+09:00,2016-04-15,-0.604,1,6
2016-04-22,1134.9,2016-04-21,2016-04-22,1.483,817Y002,010200000,연%,국고채(3년),KOFIA 16:00 KST source publication; usable from next calendar day; ECOS load time unverified,2016-04-21T16:00:00+09:00,2016-04-18,0.87,DGS3,Daily,Percent,2016-04-18T23:59:59-04:00,pre-2016-10-11 official weekly release; conservative ET day end,none,2016-04-20,2016-04-19T12:59:59+09:00,2016-04-15,-0.6130000000000001,1,7
2016-04-25,1141.1,2016-04-22,2016-04-23,1.472,817Y002,010200000,연%,국고채(3년),KOFIA 16:00 KST source publication; usable from next calendar day; ECOS load time unverified,2016-04-22T16:00:00+09:00,2016-04-18,0.87,DGS3,Daily,Percent,2016-04-18T23:59:59-04:00,pre-2016-10-11 official weekly release; conservative ET day end,none,2016-04-20,2016-04-19T12:59:59+09:00,2016-04-15,-0.602,3,10
2016-04-26,1149.7,2016-04-25,2016-04-26,1.455,817Y002,010200000,연%,국고채(3년),KOFIA 16:00 KST source publication; usable from next calendar day; ECOS load time unverified,2016-04-25T16:00:00+09:00,2016-04-18,0.87,DGS3,Daily,Percent,2016-04-18T23:59:59-04:00,pre-2016-10-11 official weekly release; conservative ET day end,none,2016-04-20,2016-04-19T12:59:59+09:00,2016-04-15,-0.5850000000000001,1,11
2016-04-27,1149.7,2016-04-26,2016-04-27,1.452,817Y002,010200000,연%,국고채(3년),KOFIA 16:00 KST source publication; usable from next calendar day; ECOS load time unverified,2016-04-26T16:00:00+09:00,2016-04-25,1.01,DGS3,Daily,Percent,2016-04-25T23:59:59-04:00,pre-2016-10-11 official weekly release; conservative ET day end,none,2016-04-27,2016-04-26T12:59:59+09:00,2016-04-22,-0.44199999999999995,1,5
2016-04-28,1145.9,2016-04-27,2016-04-28,1.456,817Y002,010200000,연%,국고채(3년),KOFIA 16:00 KST source publication; usable from next calendar day; ECOS load time unverified,2016-04-27T16:00:00+09:00,2016-04-25,1.01,DGS3,Daily,Percent,2016-04-25T23:59:59-04:00,pre-2016-10-11 official weekly release; conservative ET day end,none,2016-04-27,2016-04-26T12:59:59+09:00,2016-04-22,-0.44599999999999995,1,6
2016-04-29,1143.9,2016-04-28,2016-04-29,1.45,817Y002,010200000,연%,국고채(3년),KOFIA 16:00 KST source publication; usable from next calendar day; ECOS load time unverified,2016-04-28T16:00:00+09:00,2016-04-25,1.01,DGS3,Daily,Percent,2016-04-25T23:59:59-04:00,pre-2016-10-11 official weekly release; conservative ET day end,none,2016-04-27,2016-04-26T12:59:59+09:00,2016-04-22,-0.43999999999999995,1,7
2016-05-02,1138.1,2016-04-29,2016-04-30,1.453,817Y002,010200000,연%,국고채(3년),KOFIA 16:00 KST source publication; usable from next calendar day; ECOS load time unverified,2016-04-29T16:00:00+09:00,2016-04-25,1.01,DGS3,Daily,Percent,2016-04-25T23:59:59-04:00,pre-2016-10-11 official weekly release; conservative ET day end,none,2016-04-27,2016-04-26T12:59:59+09:00,2016-04-22,-0.44300000000000006,3,10
2016-05-03,1140.8,2016-05-02,2016-05-03,1.465,817Y002,010200000,연%,국고채(3년),KOFIA 16:00 KST source publication; usable from next calendar day; ECOS load time unverified,2016-05-02T16:00:00+09:00,2016-04-25,1.01,DGS3,Daily,Percent,2016-04-25T23:59:59-04:00,pre-2016-10-11 official weekly release; conservative ET day end,none,2016-04-27,2016-04-26T12:59:59+09:00,2016-04-22,-0.45500000000000007,1,11
2016-05-04,1137.1,2016-05-03,2016-05-04,1.445,817Y002,010200000,연%,국고채(3년),KOFIA 16:00 KST source publication; usable from next calendar day; ECOS load time unverified,2016-05-03T16:00:00+09:00,2016-05-02,0.92,DGS3,Daily,Percent,2016-05-02T23:59:59-04:00,pre-2016-10-11 official weekly release; conservative ET day end,none,2016-05-04,2016-05-03T12:59:59+09:00,2016-04-29,-0.525,1,5
2016-05-09,1153.5,2016-05-04,2016-05-05,1.434,817Y002,010200000,연%,국고채(3년),KOFIA 16:00 KST source publication; usable from next calendar day; ECOS load time unverified,2016-05-04T16:00:00+09:00,2016-05-02,0.92,DGS3,Daily,Percent,2016-05-02T23:59:59-04:00,pre-2016-10-11 official weekly release; conservative ET day end,none,2016-05-04,2016-05-03T12:59:59+09:00,2016-04-29,-0.5139999999999999,5,10
2016-05-10,1164.7,2016-05-09,2016-05-10,1.413,817Y002,010200000,연%,국고채(3년),KOFIA 16:00 KST source publication; usable from next calendar day; ECOS load time unverified,2016-05-09T16:00:00+09:00,2016-05-02,0.92,DGS3,Daily,Percent,2016-05-02T23:59:59-04:00,pre-2016-10-11 official weekly release; conservative ET day end,none,2016-05-04,2016-05-03T12:59:59+09:00,2016-04-29,-0.493,1,11
2016-05-11,1174.0,2016-05-10,2016-05-11,1.412,817Y002,010200000,연%,국고채(3년),KOFIA 16:00 KST source publication; usable from next calendar day; ECOS load time unverified,2016-05-10T16:00:00+09:00,2016-05-09,0.9,DGS3,Daily,Percent,2016-05-09T23:59:59-04:00,pre-2016-10-11 official weekly release; conservative ET day end,none,2016-05-11,2016-05-10T12:59:59+09:00,2016-05-06,-0.5119999999999999,1,5
2016-05-12,1168.1,2016-05-11,2016-05-12,1.417,817Y002,010200000,연%,국고채(3년),KOFIA 16:00 KST source publication; usable from next calendar day; ECOS load time unverified,2016-05-11T16:00:00+09:00,2016-05-09,0.9,DGS3,Daily,Percent,2016-05-09T23:59:59-04:00,pre-2016-10-11 official weekly release; conservative ET day end,none,2016-05-11,2016-05-10T12:59:59+09:00,2016-05-06,-0.517,1,6
2016-05-13,1164.1,2016-05-12,2016-05-13,1.422,817Y002,010200000,연%,국고채(3년),KOFIA 16:00 KST source publication; usable from next calendar day; ECOS load time unverified,2016-05-12T16:00:00+09:00,2016-05-09,0.9,DGS3,Daily,Percent,2016-05-09T23:59:59-04:00,pre-2016-10-11 official weekly release; conservative ET day end,none,2016-05-11,2016-05-10T12:59:59+09:00,2016-05-06,-0.5219999999999999,1,7
2016-05-16,1169.4,2016-05-13,2016-05-14,1.442,817Y002,010200000,연%,국고채(3년),KOFIA 16:00 KST source publication; usable from next calendar day; ECOS load time unverified,2016-05-13T16:00:00+09:00,2016-05-09,0.9,DGS3,Daily,Percent,2016-05-09T23:59:59-04:00,pre-2016-10-11 official weekly release; conservative ET day end,none,2016-05-11,2016-05-10T12:59:59+09:00,2016-05-06,-0.5419999999999999,3,10
2016-05-17,1178.6,2016-05-16,2016-05-17,1.443,817Y002,010200000,연%,국고채(3년),KOFIA 16:00 KST source publication; usable from next calendar day; ECOS load time unverified,2016-05-16T16:00:00+09:00,2016-05-09,0.9,DGS3,Daily,Percent,2016-05-09T23:59:59-04:00,pre-2016-10-11 official weekly release; conservative ET day end,none,2016-05-11,2016-05-10T12:59:59+09:00,2016-05-06,-0.543,1,11
2016-05-18,1173.3,2016-05-17,2016-05-18,1.455,817Y002,010200000,연%,국고채(3년),KOFIA 16:00 KST source publication; usable from next calendar day; ECOS load time unverified,2016-05-17T16:00:00+09:00,2016-05-16,0.91,DGS3,Daily,Percent,2016-05-16T23:59:59-04:00,pre-2016-10-11 official weekly release; conservative ET day end,none,2016-05-18,2016-05-17T12:59:59+09:00,2016-05-13,-0.545,1,5
2016-05-19,1180.9,2016-05-18,2016-05-19,1.472,817Y002,010200000,연%,국고채(3년),KOFIA 16:00 KST source publication; usable from next calendar day; ECOS load time unverified,2016-05-18T16:00:00+09:00,2016-05-16,0.91,DGS3,Daily,Percent,2016-05-16T23:59:59-04:00,pre-2016-10-11 official weekly release; conservative ET day end,none,2016-05-18,2016-05-17T12:59:59+09:00,2016-05-13,-0.5619999999999999,1,6
2016-05-20,1190.8,2016-05-19,2016-05-20,1.492,817Y002,010200000,연%,국고채(3년),KOFIA 16:00 KST source publication; usable from next calendar day; ECOS load time unverified,2016-05-19T16:00:00+09:00,2016-05-16,0.91,DGS3,Daily,Percent,2016-05-16T23:59:59-04:00,pre-2016-10-11 official weekly release; conservative ET day end,none,2016-05-18,2016-05-17T12:59:59+09:00,2016-05-13,-0.582,1,7
2016-05-23,1188.4,2016-05-20,2016-05-21,1.471,817Y002,010200000,연%,국고채(3년),KOFIA 16:00 KST source publication; usable from next calendar day; ECOS load time unverified,2016-05-20T16:00:00+09:00,2016-05-16,0.91,DGS3,Daily,Percent,2016-05-16T23:59:59-04:00,pre-2016-10-11 official weekly release; conservative ET day end,none,2016-05-18,2016-05-17T12:59:59+09:00,2016-05-13,-0.561,3,10
2016-05-24,1183.1,2016-05-23,2016-05-24,1.467,817Y002,010200000,연%,국고채(3년),KOFIA 16:00 KST source publication; usable from next calendar day; ECOS load time unverified,2016-05-23T16:00:00+09:00,2016-05-16,0.91,DGS3,Daily,Percent,2016-05-16T23:59:59-04:00,pre-2016-10-11 official weekly release; conservative ET day end,none,2016-05-18,2016-05-17T12:59:59+09:00,2016-05-13,-0.557,1,11
2016-05-25,1188.6,2016-05-24,2016-05-25,1.444,817Y002,010200000,연%,국고채(3년),KOFIA 16:00 KST source publication; usable from next calendar day; ECOS load time unverified,2016-05-24T16:00:00+09:00,2016-05-23,1.05,DGS3,Daily,Percent,2016-05-23T23:59:59-04:00,pre-2016-10-11 official weekly release; conservative ET day end,none,2016-05-25,2016-05-24T12:59:59+09:00,2016-05-20,-0.3939999999999999,1,5
2016-05-26,1185.8,2016-05-25,2016-05-26,1.461,817Y002,010200000,연%,국고채(3년),KOFIA 16:00 KST source publication; usable from next calendar day; ECOS load time unverified,2016-05-25T16:00:00+09:00,2016-05-23,1.05,DGS3,Daily,Percent,2016-05-23T23:59:59-04:00,pre-2016-10-11 official weekly release; conservative ET day end,none,2016-05-25,2016-05-24T12:59:59+09:00,2016-05-20,-0.41100000000000003,1,6
2016-05-27,1181.0,2016-05-26,2016-05-27,1.468,817Y002,010200000,연%,국고채(3년),KOFIA 16:00 KST source publication; usable from next calendar day; ECOS load time unverified,2016-05-26T16:00:00+09:00,2016-05-23,1.05,DGS3,Daily,Percent,2016-05-23T23:59:59-04:00,pre-2016-10-11 official weekly release; conservative ET day end,none,2016-05-25,2016-05-24T12:59:59+09:00,2016-05-20,-0.4179999999999999,1,7
2016-05-30,1179.3,2016-05-27,2016-05-28,1.468,817Y002,010200000,연%,국고채(3년),KOFIA 16:00 KST source publication; usable from next calendar day; ECOS load time unverified,2016-05-27T16:00:00+09:00,2016-05-23,1.05,DGS3,Daily,Percent,2016-05-23T23:59:59-04:00,pre-2016-10-11 official weekly release; conservative ET day end,none,2016-05-25,2016-05-24T12:59:59+09:00,2016-05-20,-0.4179999999999999,3,10
2016-05-31,1190.6,2016-05-30,2016-05-31,1.503,817Y002,010200000,연%,국고채(3년),KOFIA 16:00 KST source publication; usable from next calendar day; ECOS load time unverified,2016-05-30T16:00:00+09:00,2016-05-23,1.05,DGS3,Daily,Percent,2016-05-23T23:59:59-04:00,pre-2016-10-11 official weekly release; conservative ET day end,none,2016-05-25,2016-05-24T12:59:59+09:00,2016-05-20,-0.45299999999999985,1,11
2016-06-01,1190.5,2016-05-31,2016-06-01,1.496,817Y002,010200000,연%,국고채(3년),KOFIA 16:00 KST source publication; usable from next calendar day; ECOS load time unverified,2016-05-31T16:00:00+09:00,2016-05-23,1.05,DGS3,Daily,Percent,2016-05-23T23:59:59-04:00,pre-2016-10-11 official weekly release; conservative ET day end,none,2016-05-25,2016-05-24T12:59:59+09:00,2016-05-20,-0.44599999999999995,1,12
2016-06-02,1192.2,2016-06-01,2016-06-02,1.438,817Y002,010200000,연%,국고채(3년),KOFIA 16:00 KST source publication; usable from next calendar day; ECOS load time unverified,2016-06-01T16:00:00+09:00,2016-05-31,1.06,DGS3,Daily,Percent,2016-05-31T23:59:59-04:00,pre-2016-10-11 official weekly release; conservative ET day end,none,2016-06-02,2016-06-01T12:59:59+09:00,2016-05-27,-0.3779999999999999,1,6
2016-06-03,1189.6,2016-06-02,2016-06-03,1.443,817Y002,010200000,연%,국고채(3년),KOFIA 16:00 KST source publication; usable from next calendar day; ECOS load time unverified,2016-06-02T16:00:00+09:00,2016-05-31,1.06,DGS3,Daily,Percent,2016-05-31T23:59:59-04:00,pre-2016-10-11 official weekly release; conservative ET day end,none,2016-06-02,2016-06-01T12:59:59+09:00,2016-05-27,-0.383,1,7
2016-06-07,1186.5,2016-06-03,2016-06-04,1.423,817Y002,010200000,연%,국고채(3년),KOFIA 16:00 KST source publication; usable from next calendar day; ECOS load time unverified,2016-06-03T16:00:00+09:00,2016-05-31,1.06,DGS3,Daily,Percent,2016-05-31T23:59:59-04:00,pre-2016-10-11 official weekly release; conservative ET day end,none,2016-06-02,2016-06-01T12:59:59+09:00,2016-05-27,-0.363,4,11
2016-06-08,1163.2,2016-06-07,2016-06-08,1.405,817Y002,010200000,연%,국고채(3년),KOFIA 16:00 KST source publication; usable from next calendar day; ECOS load time unverified,2016-06-07T16:00:00+09:00,2016-06-06,0.92,DGS3,Daily,Percent,2016-06-06T23:59:59-04:00,pre-2016-10-11 official weekly release; conservative ET day end,none,2016-06-08,2016-06-07T12:59:59+09:00,2016-06-03,-0.485,1,5
2016-06-09,1156.5,2016-06-08,2016-06-09,1.378,817Y002,010200000,연%,국고채(3년),KOFIA 16:00 KST source publication; usable from next calendar day; ECOS load time unverified,2016-06-08T16:00:00+09:00,2016-06-06,0.92,DGS3,Daily,Percent,2016-06-06T23:59:59-04:00,pre-2016-10-11 official weekly release; conservative ET day end,none,2016-06-08,2016-06-07T12:59:59+09:00,2016-06-03,-0.45799999999999985,1,6
2016-06-10,1155.8,2016-06-09,2016-06-10,1.345,817Y002,010200000,연%,국고채(3년),KOFIA 16:00 KST source publication; usable from next calendar day; ECOS load time unverified,2016-06-09T16:00:00+09:00,2016-06-06,0.92,DGS3,Daily,Percent,2016-06-06T23:59:59-04:00,pre-2016-10-11 official weekly release; conservative ET day end,none,2016-06-08,2016-06-07T12:59:59+09:00,2016-06-03,-0.42499999999999993,1,7
2016-06-13,1163.1,2016-06-10,2016-06-11,1.322,817Y002,010200000,연%,국고채(3년),KOFIA 16:00 KST source publication; usable from next calendar day; ECOS load time unverified,2016-06-10T16:00:00+09:00,2016-06-06,0.92,DGS3,Daily,Percent,2016-06-06T23:59:59-04:00,pre-2016-10-11 official weekly release; conservative ET day end,none,2016-06-08,2016-06-07T12:59:59+09:00,2016-06-03,-0.402,3,10
2016-06-14,1172.8,2016-06-13,2016-06-14,1.311,817Y002,010200000,연%,국고채(3년),KOFIA 16:00 KST source publication; usable from next calendar day; ECOS load time unverified,2016-06-13T16:00:00+09:00,2016-06-06,0.92,DGS3,Daily,Percent,2016-06-06T23:59:59-04:00,pre-2016-10-11 official weekly release; conservative ET day end,none,2016-06-08,2016-06-07T12:59:59+09:00,2016-06-03,-0.3909999999999999,1,11
2016-06-15,1172.5,2016-06-14,2016-06-15,1.337,817Y002,010200000,연%,국고채(3년),KOFIA 16:00 KST source publication; usable from next calendar day; ECOS load time unverified,2016-06-14T16:00:00+09:00,2016-06-13,0.87,DGS3,Daily,Percent,2016-06-13T23:59:59-04:00,pre-2016-10-11 official weekly release; conservative ET day end,none,2016-06-15,2016-06-14T12:59:59+09:00,2016-06-10,-0.46699999999999997,1,5
2016-06-16,1176.3,2016-06-15,2016-06-16,1.339,817Y002,010200000,연%,국고채(3년),KOFIA 16:00 KST source publication; usable from next calendar day; ECOS load time unverified,2016-06-15T16:00:00+09:00,2016-06-13,0.87,DGS3,Daily,Percent,2016-06-13T23:59:59-04:00,pre-2016-10-11 official weekly release; conservative ET day end,none,2016-06-15,2016-06-14T12:59:59+09:00,2016-06-10,-0.469,1,6
2016-06-17,1170.1,2016-06-16,2016-06-17,1.318,817Y002,010200000,연%,국고채(3년),KOFIA 16:00 KST source publication; usable from next calendar day; ECOS load time unverified,2016-06-16T16:00:00+09:00,2016-06-13,0.87,DGS3,Daily,Percent,2016-06-13T23:59:59-04:00,pre-2016-10-11 official weekly release; conservative ET day end,none,2016-06-15,2016-06-14T12:59:59+09:00,2016-06-10,-0.44800000000000006,1,7
2016-06-20,1170.8,2016-06-17,2016-06-18,1.334,817Y002,010200000,연%,국고채(3년),KOFIA 16:00 KST source publication; usable from next calendar day; ECOS load time unverified,2016-06-17T16:00:00+09:00,2016-06-13,0.87,DGS3,Daily,Percent,2016-06-13T23:59:59-04:00,pre-2016-10-11 official weekly release; conservative ET day end,none,2016-06-15,2016-06-14T12:59:59+09:00,2016-06-10,-0.4640000000000001,3,10
2016-06-21,1163.2,2016-06-20,2016-06-21,1.359,817Y002,010200000,연%,국고채(3년),KOFIA 16:00 KST source publication; usable from next calendar day; ECOS load time unverified,2016-06-20T16:00:00+09:00,2016-06-13,0.87,DGS3,Daily,Percent,2016-06-13T23:59:59-04:00,pre-2016-10-11 official weekly release; conservative ET day end,none,2016-06-15,2016-06-14T12:59:59+09:00,2016-06-10,-0.489,1,11
2016-06-22,1158.2,2016-06-21,2016-06-22,1.343,817Y002,010200000,연%,국고채(3년),KOFIA 16:00 KST source publication; usable from next calendar day; ECOS load time unverified,2016-06-21T16:00:00+09:00,2016-06-20,0.83,DGS3,Daily,Percent,2016-06-20T23:59:59-04:00,pre-2016-10-11 official weekly release; conservative ET day end,none,2016-06-22,2016-06-21T12:59:59+09:00,2016-06-17,-0.513,1,5
2016-06-23,1155.7,2016-06-22,2016-06-23,1.355,817Y002,010200000,연%,국고채(3년),KOFIA 16:00 KST source publication; usable from next calendar day; ECOS load time unverified,2016-06-22T16:00:00+09:00,2016-06-20,0.83,DGS3,Daily,Percent,2016-06-20T23:59:59-04:00,pre-2016-10-11 official weekly release; conservative ET day end,none,2016-06-22,2016-06-21T12:59:59+09:00,2016-06-17,-0.525,1,6
2016-06-24,1151.2,2016-06-23,2016-06-24,1.337,817Y002,010200000,연%,국고채(3년),KOFIA 16:00 KST source publication; usable from next calendar day; ECOS load time unverified,2016-06-23T16:00:00+09:00,2016-06-20,0.83,DGS3,Daily,Percent,2016-06-20T23:59:59-04:00,pre-2016-10-11 official weekly release; conservative ET day end,none,2016-06-22,2016-06-21T12:59:59+09:00,2016-06-17,-0.507,1,7
2016-06-27,1168.5,2016-06-24,2016-06-25,1.249,817Y002,010200000,연%,국고채(3년),KOFIA 16:00 KST source publication; usable from next calendar day; ECOS load time unverified,2016-06-24T16:00:00+09:00,2016-06-20,0.83,DGS3,Daily,Percent,2016-06-20T23:59:59-04:00,pre-2016-10-11 official weekly release; conservative ET day end,none,2016-06-22,2016-06-21T12:59:59+09:00,2016-06-17,-0.41900000000000015,3,10
2016-06-28,1183.3,2016-06-27,2016-06-28,1.236,817Y002,010200000,연%,국고채(3년),KOFIA 16:00 KST source publication; usable from next calendar day; ECOS load time unverified,2016-06-27T16:00:00+09:00,2016-06-20,0.83,DGS3,Daily,Percent,2016-06-20T23:59:59-04:00,pre-2016-10-11 official weekly release; conservative ET day end,none,2016-06-22,2016-06-21T12:59:59+09:00,2016-06-17,-0.406,1,11
2016-06-29,1175.9,2016-06-28,2016-06-29,1.248,817Y002,010200000,연%,국고채(3년),KOFIA 16:00 KST source publication; usable from next calendar day; ECOS load time unverified,2016-06-28T16:00:00+09:00,2016-06-27,0.76,DGS3,Daily,Percent,2016-06-27T23:59:59-04:00,pre-2016-10-11 official weekly release; conservative ET day end,none,2016-06-29,2016-06-28T12:59:59+09:00,2016-06-24,-0.488,1,5
2016-06-30,1164.7,2016-06-29,2016-06-30,1.238,817Y002,010200000,연%,국고채(3년),KOFIA 16:00 KST source publication; usable from next calendar day; ECOS load time unverified,2016-06-29T16:00:00+09:00,2016-06-27,0.76,DGS3,Daily,Percent,2016-06-27T23:59:59-04:00,pre-2016-10-11 official weekly release; conservative ET day end,none,2016-06-29,2016-06-28T12:59:59+09:00,2016-06-24,-0.478,1,6
2016-07-01,1152.6,2016-06-30,2016-07-01,1.247,817Y002,010200000,연%,국고채(3년),KOFIA 16:00 KST source publication; usable from next calendar day; ECOS load time unverified,2016-06-30T16:00:00+09:00,2016-06-27,0.76,DGS3,Daily,Percent,2016-06-27T23:59:59-04:00,pre-2016-10-11 official weekly release; conservative ET day end,none,2016-06-29,2016-06-28T12:59:59+09:00,2016-06-24,-0.4870000000000001,1,7
2016-07-04,1147.5,2016-07-01,2016-07-02,1.21,817Y002,010200000,연%,국고채(3년),KOFIA 16:00 KST source publication; usable from next calendar day; ECOS load time unverified,2016-07-01T16:00:00+09:00,2016-06-27,0.76,DGS3,Daily,Percent,2016-06-27T23:59:59-04:00,pre-2016-10-11 official weekly release; conservative ET day end,none,2016-06-29,2016-06-28T12:59:59+09:00,2016-06-24,-0.44999999999999996,3,10
2016-07-05,1148.1,2016-07-04,2016-07-05,1.224,817Y002,010200000,연%,국고채(3년),KOFIA 16:00 KST source publication; usable from next calendar day; ECOS load time unverified,2016-07-04T16:00:00+09:00,2016-06-27,0.76,DGS3,Daily,Percent,2016-06-27T23:59:59-04:00,pre-2016-10-11 official weekly release; conservative ET day end,none,2016-06-29,2016-06-28T12:59:59+09:00,2016-06-24,-0.46399999999999997,1,11
2016-07-06,1153.0,2016-07-05,2016-07-06,1.217,817Y002,010200000,연%,국고채(3년),KOFIA 16:00 KST source publication; usable from next calendar day; ECOS load time unverified,2016-07-05T16:00:00+09:00,2016-06-27,0.76,DGS3,Daily,Percent,2016-06-27T23:59:59-04:00,pre-2016-10-11 official weekly release; conservative ET day end,none,2016-06-29,2016-06-28T12:59:59+09:00,2016-06-24,-0.4570000000000001,1,12
2016-07-07,1165.8,2016-07-06,2016-07-07,1.203,817Y002,010200000,연%,국고채(3년),KOFIA 16:00 KST source publication; usable from next calendar day; ECOS load time unverified,2016-07-06T16:00:00+09:00,2016-07-05,0.71,DGS3,Daily,Percent,2016-07-05T23:59:59-04:00,pre-2016-10-11 official weekly release; conservative ET day end,none,2016-07-07,2016-07-06T12:59:59+09:00,2016-07-01,-0.4930000000000001,1,6
2016-07-08,1156.6,2016-07-07,2016-07-08,1.208,817Y002,010200000,연%,국고채(3년),KOFIA 16:00 KST source publication; usable from next calendar day; ECOS load time unverified,2016-07-07T16:00:00+09:00,2016-07-05,0.71,DGS3,Daily,Percent,2016-07-05T23:59:59-04:00,pre-2016-10-11 official weekly release; conservative ET day end,none,2016-07-07,2016-07-06T12:59:59+09:00,2016-07-01,-0.498,1,7
2016-07-11,1159.2,2016-07-08,2016-07-09,1.216,817Y002,010200000,연%,국고채(3년),KOFIA 16:00 KST source publication; usable from next calendar day; ECOS load time unverified,2016-07-08T16:00:00+09:00,2016-07-05,0.71,DGS3,Daily,Percent,2016-07-05T23:59:59-04:00,pre-2016-10-11 official weekly release; conservative ET day end,none,2016-07-07,2016-07-06T12:59:59+09:00,2016-07-01,-0.506,3,10
2016-07-12,1147.8,2016-07-11,2016-07-12,1.213,817Y002,010200000,연%,국고채(3년),KOFIA 16:00 KST source publication; usable from next calendar day; ECOS load time unverified,2016-07-11T16:00:00+09:00,2016-07-05,0.71,DGS3,Daily,Percent,2016-07-05T23:59:59-04:00,pre-2016-10-11 official weekly release; conservative ET day end,none,2016-07-07,2016-07-06T12:59:59+09:00,2016-07-01,-0.5030000000000001,1,11
2016-07-13,1149.3,2016-07-12,2016-07-13,1.217,817Y002,010200000,연%,국고채(3년),KOFIA 16:00 KST source publication; usable from next calendar day; ECOS load time unverified,2016-07-12T16:00:00+09:00,2016-07-11,0.71,DGS3,Daily,Percent,2016-07-11T23:59:59-04:00,pre-2016-10-11 official weekly release; conservative ET day end,none,2016-07-13,2016-07-12T12:59:59+09:00,2016-07-08,-0.5070000000000001,1,5
2016-07-14,1145.7,2016-07-13,2016-07-14,1.211,817Y002,010200000,연%,국고채(3년),KOFIA 16:00 KST source publication; usable from next calendar day; ECOS load time unverified,2016-07-13T16:00:00+09:00,2016-07-11,0.71,DGS3,Daily,Percent,2016-07-11T23:59:59-04:00,pre-2016-10-11 official weekly release; conservative ET day end,none,2016-07-13,2016-07-12T12:59:59+09:00,2016-07-08,-0.5010000000000001,1,6
2016-07-15,1141.8,2016-07-14,2016-07-15,1.205,817Y002,010200000,연%,국고채(3년),KOFIA 16:00 KST source publication; usable from next calendar day; ECOS load time unverified,2016-07-14T16:00:00+09:00,2016-07-11,0.71,DGS3,Daily,Percent,2016-07-11T23:59:59-04:00,pre-2016-10-11 official weekly release; conservative ET day end,none,2016-07-13,2016-07-12T12:59:59+09:00,2016-07-08,-0.4950000000000001,1,7
2016-07-18,1132.7,2016-07-15,2016-07-16,1.221,817Y002,010200000,연%,국고채(3년),KOFIA 16:00 KST source publication; usable from next calendar day; ECOS load time unverified,2016-07-15T16:00:00+09:00,2016-07-11,0.71,DGS3,Daily,Percent,2016-07-11T23:59:59-04:00,pre-2016-10-11 official weekly release; conservative ET day end,none,2016-07-13,2016-07-12T12:59:59+09:00,2016-07-08,-0.5110000000000001,3,10
2016-07-19,1136.3,2016-07-18,2016-07-19,1.229,817Y002,010200000,연%,국고채(3년),KOFIA 16:00 KST source publication; usable from next calendar day; ECOS load time unverified,2016-07-18T16:00:00+09:00,2016-07-11,0.71,DGS3,Daily,Percent,2016-07-11T23:59:59-04:00,pre-2016-10-11 official weekly release; conservative ET day end,none,2016-07-13,2016-07-12T12:59:59+09:00,2016-07-08,-0.5190000000000001,1,11
2016-07-20,1138.4,2016-07-19,2016-07-20,1.227,817Y002,010200000,연%,국고채(3년),KOFIA 16:00 KST source publication; usable from next calendar day; ECOS load time unverified,2016-07-19T16:00:00+09:00,2016-07-18,0.87,DGS3,Daily,Percent,2016-07-18T23:59:59-04:00,pre-2016-10-11 official weekly release; conservative ET day end,none,2016-07-20,2016-07-19T12:59:59+09:00,2016-07-15,-0.3570000000000001,1,5
2016-07-21,1140.8,2016-07-20,2016-07-21,1.221,817Y002,010200000,연%,국고채(3년),KOFIA 16:00 KST source publication; usable from next calendar day; ECOS load time unverified,2016-07-20T16:00:00+09:00,2016-07-18,0.87,DGS3,Daily,Percent,2016-07-18T23:59:59-04:00,pre-2016-10-11 official weekly release; conservative ET day end,none,2016-07-20,2016-07-19T12:59:59+09:00,2016-07-15,-0.3510000000000001,1,6
2016-07-22,1140.2,2016-07-21,2016-07-22,1.233,817Y002,010200000,연%,국고채(3년),KOFIA 16:00 KST source publication; usable from next calendar day; ECOS load time unverified,2016-07-21T16:00:00+09:00,2016-07-18,0.87,DGS3,Daily,Percent,2016-07-18T23:59:59-04:00,pre-2016-10-11 official weekly release; conservative ET day end,none,2016-07-20,2016-07-19T12:59:59+09:00,2016-07-15,-0.3630000000000001,1,7
2016-07-25,1135.0,2016-07-22,2016-07-23,1.227,817Y002,010200000,연%,국고채(3년),KOFIA 16:00 KST source publication; usable from next calendar day; ECOS load time unverified,2016-07-22T16:00:00+09:00,2016-07-18,0.87,DGS3,Daily,Percent,2016-07-18T23:59:59-04:00,pre-2016-10-11 official weekly release; conservative ET day end,none,2016-07-20,2016-07-19T12:59:59+09:00,2016-07-15,-0.3570000000000001,3,10
2016-07-26,1136.9,2016-07-25,2016-07-26,1.225,817Y002,010200000,연%,국고채(3년),KOFIA 16:00 KST source publication; usable from next calendar day; ECOS load time unverified,2016-07-25T16:00:00+09:00,2016-07-18,0.87,DGS3,Daily,Percent,2016-07-18T23:59:59-04:00,pre-2016-10-11 official weekly release; conservative ET day end,none,2016-07-20,2016-07-19T12:59:59+09:00,2016-07-15,-0.3550000000000001,1,11
2016-07-27,1138.4,2016-07-26,2016-07-27,1.22,817Y002,010200000,연%,국고채(3년),KOFIA 16:00 KST source publication; usable from next calendar day; ECOS load time unverified,2016-07-26T16:00:00+09:00,2016-07-25,0.84,DGS3,Daily,Percent,2016-07-25T23:59:59-04:00,pre-2016-10-11 official weekly release; conservative ET day end,none,2016-07-27,2016-07-26T12:59:59+09:00,2016-07-22,-0.38,1,5
2016-07-28,1134.1,2016-07-27,2016-07-28,1.222,817Y002,010200000,연%,국고채(3년),KOFIA 16:00 KST source publication; usable from next calendar day; ECOS load time unverified,2016-07-27T16:00:00+09:00,2016-07-25,0.84,DGS3,Daily,Percent,2016-07-25T23:59:59-04:00,pre-2016-10-11 official weekly release; conservative ET day end,none,2016-07-27,2016-07-26T12:59:59+09:00,2016-07-22,-0.382,1,6
2016-07-29,1125.7,2016-07-28,2016-07-29,1.203,817Y002,010200000,연%,국고채(3년),KOFIA 16:00 KST source publication; usable from next calendar day; ECOS load time unverified,2016-07-28T16:00:00+09:00,2016-07-25,0.84,DGS3,Daily,Percent,2016-07-25T23:59:59-04:00,pre-2016-10-11 official weekly release; conservative ET day end,none,2016-07-27,2016-07-26T12:59:59+09:00,2016-07-22,-0.3630000000000001,1,7
2016-08-01,1122.4,2016-07-29,2016-07-30,1.216,817Y002,010200000,연%,국고채(3년),KOFIA 16:00 KST source publication; usable from next calendar day; ECOS load time unverified,2016-07-29T16:00:00+09:00,2016-07-25,0.84,DGS3,Daily,Percent,2016-07-25T23:59:59-04:00,pre-2016-10-11 official weekly release; conservative ET day end,none,2016-07-27,2016-07-26T12:59:59+09:00,2016-07-22,-0.376,3,10
2016-08-02,1111.0,2016-08-01,2016-08-02,1.212,817Y002,010200000,연%,국고채(3년),KOFIA 16:00 KST source publication; usable from next calendar day; ECOS load time unverified,2016-08-01T16:00:00+09:00,2016-07-25,0.84,DGS3,Daily,Percent,2016-07-25T23:59:59-04:00,pre-2016-10-11 official weekly release; conservative ET day end,none,2016-07-27,2016-07-26T12:59:59+09:00,2016-07-22,-0.372,1,11
2016-08-03,1108.9,2016-08-02,2016-08-03,1.212,817Y002,010200000,연%,국고채(3년),KOFIA 16:00 KST source publication; usable from next calendar day; ECOS load time unverified,2016-08-02T16:00:00+09:00,2016-08-01,0.76,DGS3,Daily,Percent,2016-08-01T23:59:59-04:00,pre-2016-10-11 official weekly release; conservative ET day end,none,2016-08-03,2016-08-02T12:59:59+09:00,2016-07-29,-0.45199999999999996,1,5
2016-08-04,1114.0,2016-08-03,2016-08-04,1.247,817Y002,010200000,연%,국고채(3년),KOFIA 16:00 KST source publication; usable from next calendar day; ECOS load time unverified,2016-08-03T16:00:00+09:00,2016-08-01,0.76,DGS3,Daily,Percent,2016-08-01T23:59:59-04:00,pre-2016-10-11 official weekly release; conservative ET day end,none,2016-08-03,2016-08-02T12:59:59+09:00,2016-07-29,-0.4870000000000001,1,6
2016-08-05,1113.8,2016-08-04,2016-08-05,1.238,817Y002,010200000,연%,국고채(3년),KOFIA 16:00 KST source publication; usable from next calendar day; ECOS load time unverified,2016-08-04T16:00:00+09:00,2016-08-01,0.76,DGS3,Daily,Percent,2016-08-01T23:59:59-04:00,pre-2016-10-11 official weekly release; conservative ET day end,none,2016-08-03,2016-08-02T12:59:59+09:00,2016-07-29,-0.478,1,7
2016-08-08,1111.3,2016-08-05,2016-08-06,1.225,817Y002,010200000,연%,국고채(3년),KOFIA 16:00 KST source publication; usable from next calendar day; ECOS load time unverified,2016-08-05T16:00:00+09:00,2016-08-01,0.76,DGS3,Daily,Percent,2016-08-01T23:59:59-04:00,pre-2016-10-11 official weekly release; conservative ET day end,none,2016-08-03,2016-08-02T12:59:59+09:00,2016-07-29,-0.4650000000000001,3,10
2016-08-09,1112.7,2016-08-08,2016-08-09,1.246,817Y002,010200000,연%,국고채(3년),KOFIA 16:00 KST source publication; usable from next calendar day; ECOS load time unverified,2016-08-08T16:00:00+09:00,2016-08-01,0.76,DGS3,Daily,Percent,2016-08-01T23:59:59-04:00,pre-2016-10-11 official weekly release; conservative ET day end,none,2016-08-03,2016-08-02T12:59:59+09:00,2016-07-29,-0.486,1,11
2016-08-10,1107.2,2016-08-09,2016-08-10,1.247,817Y002,010200000,연%,국고채(3년),KOFIA 16:00 KST source publication; usable from next calendar day; ECOS load time unverified,2016-08-09T16:00:00+09:00,2016-08-08,0.86,DGS3,Daily,Percent,2016-08-08T23:59:59-04:00,pre-2016-10-11 official weekly release; conservative ET day end,none,2016-08-10,2016-08-09T12:59:59+09:00,2016-08-05,-0.3870000000000001,1,5
2016-08-11,1096.1,2016-08-10,2016-08-11,1.215,817Y002,010200000,연%,국고채(3년),KOFIA 16:00 KST source publication; usable from next calendar day; ECOS load time unverified,2016-08-10T16:00:00+09:00,2016-08-08,0.86,DGS3,Daily,Percent,2016-08-08T23:59:59-04:00,pre-2016-10-11 official weekly release; conservative ET day end,none,2016-08-10,2016-08-09T12:59:59+09:00,2016-08-05,-0.3550000000000001,1,6
2016-08-12,1098.6,2016-08-11,2016-08-12,1.222,817Y002,010200000,연%,국고채(3년),KOFIA 16:00 KST source publication; usable from next calendar day; ECOS load time unverified,2016-08-11T16:00:00+09:00,2016-08-08,0.86,DGS3,Daily,Percent,2016-08-08T23:59:59-04:00,pre-2016-10-11 official weekly release; conservative ET day end,none,2016-08-10,2016-08-09T12:59:59+09:00,2016-08-05,-0.362,1,7
2016-08-16,1101.1,2016-08-12,2016-08-13,1.23,817Y002,010200000,연%,국고채(3년),KOFIA 16:00 KST source publication; usable from next calendar day; ECOS load time unverified,2016-08-12T16:00:00+09:00,2016-08-08,0.86,DGS3,Daily,Percent,2016-08-08T23:59:59-04:00,pre-2016-10-11 official weekly release; conservative ET day end,none,2016-08-10,2016-08-09T12:59:59+09:00,2016-08-05,-0.37,4,11
2016-08-17,1095.0,2016-08-16,2016-08-17,1.219,817Y002,010200000,연%,국고채(3년),KOFIA 16:00 KST source publication; usable from next calendar day; ECOS load time unverified,2016-08-16T16:00:00+09:00,2016-08-15,0.82,DGS3,Daily,Percent,2016-08-15T23:59:59-04:00,pre-2016-10-11 official weekly release; conservative ET day end,none,2016-08-17,2016-08-16T12:59:59+09:00,2016-08-12,-0.39900000000000013,1,5
2016-08-18,1102.3,2016-08-17,2016-08-18,1.233,817Y002,010200000,연%,국고채(3년),KOFIA 16:00 KST source publication; usable from next calendar day; ECOS load time unverified,2016-08-17T16:00:00+09:00,2016-08-15,0.82,DGS3,Daily,Percent,2016-08-15T23:59:59-04:00,pre-2016-10-11 official weekly release; conservative ET day end,none,2016-08-17,2016-08-16T12:59:59+09:00,2016-08-12,-0.41300000000000014,1,6
2016-08-19,1106.4,2016-08-18,2016-08-19,1.228,817Y002,010200000,연%,국고채(3년),KOFIA 16:00 KST source publication; usable from next calendar day; ECOS load time unverified,2016-08-18T16:00:00+09:00,2016-08-15,0.82,DGS3,Daily,Percent,2016-08-15T23:59:59-04:00,pre-2016-10-11 official weekly release; conservative ET day end,none,2016-08-17,2016-08-16T12:59:59+09:00,2016-08-12,-0.40800000000000003,1,7
2016-08-22,1115.2,2016-08-19,2016-08-20,1.231,817Y002,010200000,연%,국고채(3년),KOFIA 16:00 KST source publication; usable from next calendar day; ECOS load time unverified,2016-08-19T16:00:00+09:00,2016-08-15,0.82,DGS3,Daily,Percent,2016-08-15T23:59:59-04:00,pre-2016-10-11 official weekly release; conservative ET day end,none,2016-08-17,2016-08-16T12:59:59+09:00,2016-08-12,-0.41100000000000014,3,10
2016-08-23,1125.3,2016-08-22,2016-08-23,1.232,817Y002,010200000,연%,국고채(3년),KOFIA 16:00 KST source publication; usable from next calendar day; ECOS load time unverified,2016-08-22T16:00:00+09:00,2016-08-15,0.82,DGS3,Daily,Percent,2016-08-15T23:59:59-04:00,pre-2016-10-11 official weekly release; conservative ET day end,none,2016-08-17,2016-08-16T12:59:59+09:00,2016-08-12,-0.41200000000000003,1,11
2016-08-24,1117.4,2016-08-23,2016-08-24,1.228,817Y002,010200000,연%,국고채(3년),KOFIA 16:00 KST source publication; usable from next calendar day; ECOS load time unverified,2016-08-23T16:00:00+09:00,2016-08-22,0.88,DGS3,Daily,Percent,2016-08-22T23:59:59-04:00,pre-2016-10-11 official weekly release; conservative ET day end,none,2016-08-24,2016-08-23T12:59:59+09:00,2016-08-19,-0.348,1,5
2016-08-25,1121.6,2016-08-24,2016-08-25,1.229,817Y002,010200000,연%,국고채(3년),KOFIA 16:00 KST source publication; usable from next calendar day; ECOS load time unverified,2016-08-24T16:00:00+09:00,2016-08-22,0.88,DGS3,Daily,Percent,2016-08-22T23:59:59-04:00,pre-2016-10-11 official weekly release; conservative ET day end,none,2016-08-24,2016-08-23T12:59:59+09:00,2016-08-19,-0.3490000000000001,1,6
2016-08-26,1119.0,2016-08-25,2016-08-26,1.236,817Y002,010200000,연%,국고채(3년),KOFIA 16:00 KST source publication; usable from next calendar day; ECOS load time unverified,2016-08-25T16:00:00+09:00,2016-08-22,0.88,DGS3,Daily,Percent,2016-08-22T23:59:59-04:00,pre-2016-10-11 official weekly release; conservative ET day end,none,2016-08-24,2016-08-23T12:59:59+09:00,2016-08-19,-0.356,1,7
2016-08-29,1113.9,2016-08-26,2016-08-27,1.241,817Y002,010200000,연%,국고채(3년),KOFIA 16:00 KST source publication; usable from next calendar day; ECOS load time unverified,2016-08-26T16:00:00+09:00,2016-08-22,0.88,DGS3,Daily,Percent,2016-08-22T23:59:59-04:00,pre-2016-10-11 official weekly release; conservative ET day end,none,2016-08-24,2016-08-23T12:59:59+09:00,2016-08-19,-0.3610000000000001,3,10
2016-08-30,1125.2,2016-08-29,2016-08-30,1.272,817Y002,010200000,연%,국고채(3년),KOFIA 16:00 KST source publication; usable from next calendar day; ECOS load time unverified,2016-08-29T16:00:00+09:00,2016-08-22,0.88,DGS3,Daily,Percent,2016-08-22T23:59:59-04:00,pre-2016-10-11 official weekly release; conservative ET day end,none,2016-08-24,2016-08-23T12:59:59+09:00,2016-08-19,-0.392,1,11
2016-08-31,1118.5,2016-08-30,2016-08-31,1.283,817Y002,010200000,연%,국고채(3년),KOFIA 16:00 KST source publication; usable from next calendar day; ECOS load time unverified,2016-08-30T16:00:00+09:00,2016-08-29,0.96,DGS3,Daily,Percent,2016-08-29T23:59:59-04:00,pre-2016-10-11 official weekly release; conservative ET day end,none,2016-08-31,2016-08-30T12:59:59+09:00,2016-08-26,-0.32299999999999995,1,5
2016-09-01,1117.4,2016-08-31,2016-09-01,1.308,817Y002,010200000,연%,국고채(3년),KOFIA 16:00 KST source publication; usable from next calendar day; ECOS load time unverified,2016-08-31T16:00:00+09:00,2016-08-29,0.96,DGS3,Daily,Percent,2016-08-29T23:59:59-04:00,pre-2016-10-11 official weekly release; conservative ET day end,none,2016-08-31,2016-08-30T12:59:59+09:00,2016-08-26,-0.3480000000000001,1,6
2016-09-02,1119.3,2016-09-01,2016-09-02,1.333,817Y002,010200000,연%,국고채(3년),KOFIA 16:00 KST source publication; usable from next calendar day; ECOS load time unverified,2016-09-01T16:00:00+09:00,2016-08-29,0.96,DGS3,Daily,Percent,2016-08-29T23:59:59-04:00,pre-2016-10-11 official weekly release; conservative ET day end,none,2016-08-31,2016-08-30T12:59:59+09:00,2016-08-26,-0.373,1,7
2016-09-05,1117.6,2016-09-02,2016-09-03,1.326,817Y002,010200000,연%,국고채(3년),KOFIA 16:00 KST source publication; usable from next calendar day; ECOS load time unverified,2016-09-02T16:00:00+09:00,2016-08-29,0.96,DGS3,Daily,Percent,2016-08-29T23:59:59-04:00,pre-2016-10-11 official weekly release; conservative ET day end,none,2016-08-31,2016-08-30T12:59:59+09:00,2016-08-26,-0.3660000000000001,3,10
2016-09-06,1108.2,2016-09-05,2016-09-06,1.307,817Y002,010200000,연%,국고채(3년),KOFIA 16:00 KST source publication; usable from next calendar day; ECOS load time unverified,2016-09-05T16:00:00+09:00,2016-08-29,0.96,DGS3,Daily,Percent,2016-08-29T23:59:59-04:00,pre-2016-10-11 official weekly release; conservative ET day end,none,2016-08-31,2016-08-30T12:59:59+09:00,2016-08-26,-0.347,1,11
2016-09-07,1105.0,2016-09-06,2016-09-07,1.3,817Y002,010200000,연%,국고채(3년),KOFIA 16:00 KST source publication; usable from next calendar day; ECOS load time unverified,2016-09-06T16:00:00+09:00,2016-08-29,0.96,DGS3,Daily,Percent,2016-08-29T23:59:59-04:00,pre-2016-10-11 official weekly release; conservative ET day end,none,2016-08-31,2016-08-30T12:59:59+09:00,2016-08-26,-0.3400000000000001,1,12
2016-09-08,1093.2,2016-09-07,2016-09-08,1.278,817Y002,010200000,연%,국고채(3년),KOFIA 16:00 KST source publication; usable from next calendar day; ECOS load time unverified,2016-09-07T16:00:00+09:00,2016-09-06,0.92,DGS3,Daily,Percent,2016-09-06T23:59:59-04:00,pre-2016-10-11 official weekly release; conservative ET day end,none,2016-09-08,2016-09-07T12:59:59+09:00,2016-09-02,-0.358,1,6
2016-09-09,1093.2,2016-09-08,2016-09-09,1.288,817Y002,010200000,연%,국고채(3년),KOFIA 16:00 KST source publication; usable from next calendar day; ECOS load time unverified,2016-09-08T16:00:00+09:00,2016-09-06,0.92,DGS3,Daily,Percent,2016-09-06T23:59:59-04:00,pre-2016-10-11 official weekly release; conservative ET day end,none,2016-09-08,2016-09-07T12:59:59+09:00,2016-09-02,-0.368,1,7
2016-09-12,1099.5,2016-09-09,2016-09-10,1.328,817Y002,010200000,연%,국고채(3년),KOFIA 16:00 KST source publication; usable from next calendar day; ECOS load time unverified,2016-09-09T16:00:00+09:00,2016-09-06,0.92,DGS3,Daily,Percent,2016-09-06T23:59:59-04:00,pre-2016-10-11 official weekly release; conservative ET day end,none,2016-09-08,2016-09-07T12:59:59+09:00,2016-09-02,-0.40800000000000003,3,10
2016-09-13,1110.6,2016-09-12,2016-09-13,1.356,817Y002,010200000,연%,국고채(3년),KOFIA 16:00 KST source publication; usable from next calendar day; ECOS load time unverified,2016-09-12T16:00:00+09:00,2016-09-06,0.92,DGS3,Daily,Percent,2016-09-06T23:59:59-04:00,pre-2016-10-11 official weekly release; conservative ET day end,none,2016-09-08,2016-09-07T12:59:59+09:00,2016-09-02,-0.43600000000000005,1,11
2016-09-19,1112.3,2016-09-13,2016-09-14,1.35,817Y002,010200000,연%,국고채(3년),KOFIA 16:00 KST source publication; usable from next calendar day; ECOS load time unverified,2016-09-13T16:00:00+09:00,2016-09-12,0.93,DGS3,Daily,Percent,2016-09-12T23:59:59-04:00,pre-2016-10-11 official weekly release; conservative ET day end,none,2016-09-14,2016-09-13T12:59:59+09:00,2016-09-09,-0.42000000000000004,6,10
2016-09-20,1120.0,2016-09-19,2016-09-20,1.345,817Y002,010200000,연%,국고채(3년),KOFIA 16:00 KST source publication; usable from next calendar day; ECOS load time unverified,2016-09-19T16:00:00+09:00,2016-09-12,0.93,DGS3,Daily,Percent,2016-09-12T23:59:59-04:00,pre-2016-10-11 official weekly release; conservative ET day end,none,2016-09-14,2016-09-13T12:59:59+09:00,2016-09-09,-0.4149999999999999,1,11
2016-09-21,1119.5,2016-09-20,2016-09-21,1.336,817Y002,010200000,연%,국고채(3년),KOFIA 16:00 KST source publication; usable from next calendar day; ECOS load time unverified,2016-09-20T16:00:00+09:00,2016-09-19,0.91,DGS3,Daily,Percent,2016-09-19T23:59:59-04:00,pre-2016-10-11 official weekly release; conservative ET day end,none,2016-09-21,2016-09-20T12:59:59+09:00,2016-09-16,-0.42600000000000005,1,5
2016-09-22,1116.8,2016-09-21,2016-09-22,1.327,817Y002,010200000,연%,국고채(3년),KOFIA 16:00 KST source publication; usable from next calendar day; ECOS load time unverified,2016-09-21T16:00:00+09:00,2016-09-19,0.91,DGS3,Daily,Percent,2016-09-19T23:59:59-04:00,pre-2016-10-11 official weekly release; conservative ET day end,none,2016-09-21,2016-09-20T12:59:59+09:00,2016-09-16,-0.4169999999999999,1,6
2016-09-23,1103.1,2016-09-22,2016-09-23,1.296,817Y002,010200000,연%,국고채(3년),KOFIA 16:00 KST source publication; usable from next calendar day; ECOS load time unverified,2016-09-22T16:00:00+09:00,2016-09-19,0.91,DGS3,Daily,Percent,2016-09-19T23:59:59-04:00,pre-2016-10-11 official weekly release; conservative ET day end,none,2016-09-21,2016-09-20T12:59:59+09:00,2016-09-16,-0.386,1,7
2016-09-26,1104.2,2016-09-23,2016-09-24,1.303,817Y002,010200000,연%,국고채(3년),KOFIA 16:00 KST source publication; usable from next calendar day; ECOS load time unverified,2016-09-23T16:00:00+09:00,2016-09-19,0.91,DGS3,Daily,Percent,2016-09-19T23:59:59-04:00,pre-2016-10-11 official weekly release; conservative ET day end,none,2016-09-21,2016-09-20T12:59:59+09:00,2016-09-16,-0.3929999999999999,3,10
2016-09-27,1106.9,2016-09-26,2016-09-27,1.308,817Y002,010200000,연%,국고채(3년),KOFIA 16:00 KST source publication; usable from next calendar day; ECOS load time unverified,2016-09-26T16:00:00+09:00,2016-09-19,0.91,DGS3,Daily,Percent,2016-09-19T23:59:59-04:00,pre-2016-10-11 official weekly release; conservative ET day end,none,2016-09-21,2016-09-20T12:59:59+09:00,2016-09-16,-0.398,1,11
2016-09-28,1103.5,2016-09-27,2016-09-28,1.305,817Y002,010200000,연%,국고채(3년),KOFIA 16:00 KST source publication; usable from next calendar day; ECOS load time unverified,2016-09-27T16:00:00+09:00,2016-09-26,0.9,DGS3,Daily,Percent,2016-09-26T23:59:59-04:00,pre-2016-10-11 official weekly release; conservative ET day end,none,2016-09-28,2016-09-27T12:59:59+09:00,2016-09-23,-0.4049999999999999,1,5
2016-09-29,1095.7,2016-09-28,2016-09-29,1.304,817Y002,010200000,연%,국고채(3년),KOFIA 16:00 KST source publication; usable from next calendar day; ECOS load time unverified,2016-09-28T16:00:00+09:00,2016-09-26,0.9,DGS3,Daily,Percent,2016-09-26T23:59:59-04:00,pre-2016-10-11 official weekly release; conservative ET day end,none,2016-09-28,2016-09-27T12:59:59+09:00,2016-09-23,-0.404,1,6
2016-09-30,1096.3,2016-09-29,2016-09-30,1.297,817Y002,010200000,연%,국고채(3년),KOFIA 16:00 KST source publication; usable from next calendar day; ECOS load time unverified,2016-09-29T16:00:00+09:00,2016-09-26,0.9,DGS3,Daily,Percent,2016-09-26T23:59:59-04:00,pre-2016-10-11 official weekly release; conservative ET day end,none,2016-09-28,2016-09-27T12:59:59+09:00,2016-09-23,-0.3969999999999999,1,7
2016-10-04,1102.0,2016-09-30,2016-10-01,1.247,817Y002,010200000,연%,국고채(3년),KOFIA 16:00 KST source publication; usable from next calendar day; ECOS load time unverified,2016-09-30T16:00:00+09:00,2016-09-26,0.9,DGS3,Daily,Percent,2016-09-26T23:59:59-04:00,pre-2016-10-11 official weekly release; conservative ET day end,none,2016-09-28,2016-09-27T12:59:59+09:00,2016-09-23,-0.3470000000000001,4,11
2016-10-05,1105.1,2016-10-04,2016-10-05,1.276,817Y002,010200000,연%,국고채(3년),KOFIA 16:00 KST source publication; usable from next calendar day; ECOS load time unverified,2016-10-04T16:00:00+09:00,2016-09-26,0.9,DGS3,Daily,Percent,2016-09-26T23:59:59-04:00,pre-2016-10-11 official weekly release; conservative ET day end,none,2016-09-28,2016-09-27T12:59:59+09:00,2016-09-23,-0.376,1,12
2016-10-06,1113.8,2016-10-05,2016-10-06,1.316,817Y002,010200000,연%,국고채(3년),KOFIA 16:00 KST source publication; usable from next calendar day; ECOS load time unverified,2016-10-05T16:00:00+09:00,2016-09-26,0.9,DGS3,Daily,Percent,2016-09-26T23:59:59-04:00,pre-2016-10-11 official weekly release; conservative ET day end,none,2016-09-28,2016-09-27T12:59:59+09:00,2016-09-23,-0.41600000000000004,1,13
2016-10-07,1111.3,2016-10-06,2016-10-07,1.321,817Y002,010200000,연%,국고채(3년),KOFIA 16:00 KST source publication; usable from next calendar day; ECOS load time unverified,2016-10-06T16:00:00+09:00,2016-09-26,0.9,DGS3,Daily,Percent,2016-09-26T23:59:59-04:00,pre-2016-10-11 official weekly release; conservative ET day end,none,2016-09-28,2016-09-27T12:59:59+09:00,2016-09-23,-0.42099999999999993,1,14
2016-10-10,1115.7,2016-10-07,2016-10-08,1.326,817Y002,010200000,연%,국고채(3년),KOFIA 16:00 KST source publication; usable from next calendar day; ECOS load time unverified,2016-10-07T16:00:00+09:00,2016-09-26,0.9,DGS3,Daily,Percent,2016-09-26T23:59:59-04:00,pre-2016-10-11 official weekly release; conservative ET day end,none,2016-09-28,2016-09-27T12:59:59+09:00,2016-09-23,-0.42600000000000005,3,17
2016-10-11,1111.0,2016-10-10,2016-10-11,1.335,817Y002,010200000,연%,국고채(3년),KOFIA 16:00 KST source publication; usable from next calendar day; ECOS load time unverified,2016-10-10T16:00:00+09:00,2016-09-26,0.9,DGS3,Daily,Percent,2016-09-26T23:59:59-04:00,pre-2016-10-11 official weekly release; conservative ET day end,none,2016-09-28,2016-09-27T12:59:59+09:00,2016-09-23,-0.43499999999999994,1,18
2016-10-12,1117.2,2016-10-11,2016-10-12,1.373,817Y002,010200000,연%,국고채(3년),KOFIA 16:00 KST source publication; usable from next calendar day; ECOS load time unverified,2016-10-11T16:00:00+09:00,2016-09-26,0.9,DGS3,Daily,Percent,2016-09-26T23:59:59-04:00,pre-2016-10-11 official weekly release; conservative ET day end,none,2016-09-28,2016-09-27T12:59:59+09:00,2016-09-23,-0.473,1,19
2016-10-13,1123.3,2016-10-12,2016-10-13,1.353,817Y002,010200000,연%,국고채(3년),KOFIA 16:00 KST source publication; usable from next calendar day; ECOS load time unverified,2016-10-12T16:00:00+09:00,2016-09-26,0.9,DGS3,Daily,Percent,2016-09-26T23:59:59-04:00,pre-2016-10-11 official weekly release; conservative ET day end,none,2016-09-28,2016-09-27T12:59:59+09:00,2016-09-23,-0.45299999999999996,1,20
2016-10-14,1130.5,2016-10-13,2016-10-14,1.323,817Y002,010200000,연%,국고채(3년),KOFIA 16:00 KST source publication; usable from next calendar day; ECOS load time unverified,2016-10-13T16:00:00+09:00,2016-09-26,0.9,DGS3,Daily,Percent,2016-09-26T23:59:59-04:00,pre-2016-10-11 official weekly release; conservative ET day end,none,2016-09-28,2016-09-27T12:59:59+09:00,2016-09-23,-0.42299999999999993,1,21
2016-10-17,1132.9,2016-10-14,2016-10-15,1.319,817Y002,010200000,연%,국고채(3년),KOFIA 16:00 KST source publication; usable from next calendar day; ECOS load time unverified,2016-10-14T16:00:00+09:00,2016-09-26,0.9,DGS3,Daily,Percent,2016-09-26T23:59:59-04:00,pre-2016-10-11 official weekly release; conservative ET day end,none,2016-09-28,2016-09-27T12:59:59+09:00,2016-09-23,-0.41899999999999993,3,24
2016-10-18,1140.3,2016-10-17,2016-10-18,1.35,817Y002,010200000,연%,국고채(3년),KOFIA 16:00 KST source publication; usable from next calendar day; ECOS load time unverified,2016-10-17T16:00:00+09:00,2016-09-26,0.9,DGS3,Daily,Percent,2016-09-26T23:59:59-04:00,pre-2016-10-11 official weekly release; conservative ET day end,none,2016-09-28,2016-09-27T12:59:59+09:00,2016-09-23,-0.45000000000000007,1,25
2016-10-19,1132.3,2016-10-18,2016-10-19,1.353,817Y002,010200000,연%,국고채(3년),KOFIA 16:00 KST source publication; usable from next calendar day; ECOS load time unverified,2016-10-18T16:00:00+09:00,2016-09-26,0.9,DGS3,Daily,Percent,2016-09-26T23:59:59-04:00,pre-2016-10-11 official weekly release; conservative ET day end,none,2016-09-28,2016-09-27T12:59:59+09:00,2016-09-23,-0.45299999999999996,1,26
2016-10-20,1122.8,2016-10-19,2016-10-20,1.352,817Y002,010200000,연%,국고채(3년),KOFIA 16:00 KST source publication; usable from next calendar day; ECOS load time unverified,2016-10-19T16:00:00+09:00,2016-09-26,0.9,DGS3,Daily,Percent,2016-09-26T23:59:59-04:00,pre-2016-10-11 official weekly release; conservative ET day end,none,2016-09-28,2016-09-27T12:59:59+09:00,2016-09-23,-0.45200000000000007,1,27
2016-10-21,1124.0,2016-10-20,2016-10-21,1.354,817Y002,010200000,연%,국고채(3년),KOFIA 16:00 KST source publication; usable from next calendar day; ECOS load time unverified,2016-10-20T16:00:00+09:00,2016-09-26,0.9,DGS3,Daily,Percent,2016-09-26T23:59:59-04:00,pre-2016-10-11 official weekly release; conservative ET day end,none,2016-09-28,2016-09-27T12:59:59+09:00,2016-09-23,-0.45400000000000007,1,28
2016-10-24,1134.5,2016-10-21,2016-10-22,1.381,817Y002,010200000,연%,국고채(3년),KOFIA 16:00 KST source publication; usable from next calendar day; ECOS load time unverified,2016-10-21T16:00:00+09:00,2016-09-26,0.9,DGS3,Daily,Percent,2016-09-26T23:59:59-04:00,pre-2016-10-11 official weekly release; conservative ET day end,none,2016-09-28,2016-09-27T12:59:59+09:00,2016-09-23,-0.481,3,31
2016-10-25,1134.5,2016-10-24,2016-10-25,1.385,817Y002,010200000,연%,국고채(3년),KOFIA 16:00 KST source publication; usable from next calendar day; ECOS load time unverified,2016-10-24T16:00:00+09:00,2016-09-26,0.9,DGS3,Daily,Percent,2016-09-26T23:59:59-04:00,pre-2016-10-11 official weekly release; conservative ET day end,none,2016-09-28,2016-09-27T12:59:59+09:00,2016-09-23,-0.485,1,32
2016-10-26,1136.5,2016-10-25,2016-10-26,1.398,817Y002,010200000,연%,국고채(3년),KOFIA 16:00 KST source publication; usable from next calendar day; ECOS load time unverified,2016-10-25T16:00:00+09:00,2016-09-26,0.9,DGS3,Daily,Percent,2016-09-26T23:59:59-04:00,pre-2016-10-11 official weekly release; conservative ET day end,none,2016-09-28,2016-09-27T12:59:59+09:00,2016-09-23,-0.4979999999999999,1,33
2016-10-27,1132.4,2016-10-26,2016-10-27,1.405,817Y002,010200000,연%,국고채(3년),KOFIA 16:00 KST source publication; usable from next calendar day; ECOS load time unverified,2016-10-26T16:00:00+09:00,2016-09-26,0.9,DGS3,Daily,Percent,2016-09-26T23:59:59-04:00,pre-2016-10-11 official weekly release; conservative ET day end,none,2016-09-28,2016-09-27T12:59:59+09:00,2016-09-23,-0.505,1,34
2016-10-28,1140.2,2016-10-27,2016-10-28,1.418,817Y002,010200000,연%,국고채(3년),KOFIA 16:00 KST source publication; usable from next calendar day; ECOS load time unverified,2016-10-27T16:00:00+09:00,2016-09-26,0.9,DGS3,Daily,Percent,2016-09-26T23:59:59-04:00,pre-2016-10-11 official weekly release; conservative ET day end,none,2016-09-28,2016-09-27T12:59:59+09:00,2016-09-23,-0.5179999999999999,1,35
2016-10-31,1145.2,2016-10-28,2016-10-29,1.438,817Y002,010200000,연%,국고채(3년),KOFIA 16:00 KST source publication; usable from next calendar day; ECOS load time unverified,2016-10-28T16:00:00+09:00,2016-09-26,0.9,DGS3,Daily,Percent,2016-09-26T23:59:59-04:00,pre-2016-10-11 official weekly release; conservative ET day end,none,2016-09-28,2016-09-27T12:59:59+09:00,2016-09-23,-0.5379999999999999,3,38
2016-11-01,1144.6,2016-10-31,2016-11-01,1.438,817Y002,010200000,연%,국고채(3년),KOFIA 16:00 KST source publication; usable from next calendar day; ECOS load time unverified,2016-10-31T16:00:00+09:00,2016-09-26,0.9,DGS3,Daily,Percent,2016-09-26T23:59:59-04:00,pre-2016-10-11 official weekly release; conservative ET day end,none,2016-09-28,2016-09-27T12:59:59+09:00,2016-09-23,-0.5379999999999999,1,39
2016-11-02,1141.8,2016-11-01,2016-11-02,1.451,817Y002,010200000,연%,국고채(3년),KOFIA 16:00 KST source publication; usable from next calendar day; ECOS load time unverified,2016-11-01T16:00:00+09:00,2016-09-26,0.9,DGS3,Daily,Percent,2016-09-26T23:59:59-04:00,pre-2016-10-11 official weekly release; conservative ET day end,none,2016-09-28,2016-09-27T12:59:59+09:00,2016-09-23,-0.551,1,40
2016-11-03,1148.7,2016-11-02,2016-11-03,1.436,817Y002,010200000,연%,국고채(3년),KOFIA 16:00 KST source publication; usable from next calendar day; ECOS load time unverified,2016-11-02T16:00:00+09:00,2016-09-26,0.9,DGS3,Daily,Percent,2016-09-26T23:59:59-04:00,pre-2016-10-11 official weekly release; conservative ET day end,none,2016-09-28,2016-09-27T12:59:59+09:00,2016-09-23,-0.5359999999999999,1,41
2016-11-04,1140.6,2016-11-03,2016-11-04,1.428,817Y002,010200000,연%,국고채(3년),KOFIA 16:00 KST source publication; usable from next calendar day; ECOS load time unverified,2016-11-03T16:00:00+09:00,2016-09-26,0.9,DGS3,Daily,Percent,2016-09-26T23:59:59-04:00,pre-2016-10-11 official weekly release; conservative ET day end,none,2016-09-28,2016-09-27T12:59:59+09:00,2016-09-23,-0.5279999999999999,1,42
2016-11-07,1143.4,2016-11-04,2016-11-05,1.431,817Y002,010200000,연%,국고채(3년),KOFIA 16:00 KST source publication; usable from next calendar day; ECOS load time unverified,2016-11-04T16:00:00+09:00,2016-09-26,0.9,DGS3,Daily,Percent,2016-09-26T23:59:59-04:00,pre-2016-10-11 official weekly release; conservative ET day end,none,2016-09-28,2016-09-27T12:59:59+09:00,2016-09-23,-0.531,3,45
2016-11-08,1141.6,2016-11-07,2016-11-08,1.426,817Y002,010200000,연%,국고채(3년),KOFIA 16:00 KST source publication; usable from next calendar day; ECOS load time unverified,2016-11-07T16:00:00+09:00,2016-09-26,0.9,DGS3,Daily,Percent,2016-09-26T23:59:59-04:00,pre-2016-10-11 official weekly release; conservative ET day end,none,2016-09-28,2016-09-27T12:59:59+09:00,2016-09-23,-0.5259999999999999,1,46
2016-11-09,1137.5,2016-11-08,2016-11-09,1.425,817Y002,010200000,연%,국고채(3년),KOFIA 16:00 KST source publication; usable from next calendar day; ECOS load time unverified,2016-11-08T16:00:00+09:00,2016-09-26,0.9,DGS3,Daily,Percent,2016-09-26T23:59:59-04:00,pre-2016-10-11 official weekly release; conservative ET day end,none,2016-09-28,2016-09-27T12:59:59+09:00,2016-09-23,-0.525,1,47
2016-11-10,1145.8,2016-11-09,2016-11-10,1.402,817Y002,010200000,연%,국고채(3년),KOFIA 16:00 KST source publication; usable from next calendar day; ECOS load time unverified,2016-11-09T16:00:00+09:00,2016-09-26,0.9,DGS3,Daily,Percent,2016-09-26T23:59:59-04:00,pre-2016-10-11 official weekly release; conservative ET day end,none,2016-09-28,2016-09-27T12:59:59+09:00,2016-09-23,-0.5019999999999999,1,48
2016-11-11,1151.0,2016-11-10,2016-11-11,1.465,817Y002,010200000,연%,국고채(3년),KOFIA 16:00 KST source publication; usable from next calendar day; ECOS load time unverified,2016-11-10T16:00:00+09:00,2016-09-26,0.9,DGS3,Daily,Percent,2016-09-26T23:59:59-04:00,pre-2016-10-11 official weekly release; conservative ET day end,none,2016-09-28,2016-09-27T12:59:59+09:00,2016-09-23,-0.5650000000000001,1,49
2016-11-14,1164.4,2016-11-11,2016-11-12,1.508,817Y002,010200000,연%,국고채(3년),KOFIA 16:00 KST source publication; usable from next calendar day; ECOS load time unverified,2016-11-11T16:00:00+09:00,2016-09-26,0.9,DGS3,Daily,Percent,2016-09-26T23:59:59-04:00,pre-2016-10-11 official weekly release; conservative ET day end,none,2016-09-28,2016-09-27T12:59:59+09:00,2016-09-23,-0.608,3,52
2016-11-15,1169.8,2016-11-14,2016-11-15,1.61,817Y002,010200000,연%,국고채(3년),KOFIA 16:00 KST source publication; usable from next calendar day; ECOS load time unverified,2016-11-14T16:00:00+09:00,2016-09-26,0.9,DGS3,Daily,Percent,2016-09-26T23:59:59-04:00,pre-2016-10-11 official weekly release; conservative ET day end,none,2016-09-28,2016-09-27T12:59:59+09:00,2016-09-23,-0.7100000000000001,1,53
2016-11-16,1168.8,2016-11-15,2016-11-16,1.635,817Y002,010200000,연%,국고채(3년),KOFIA 16:00 KST source publication; usable from next calendar day; ECOS load time unverified,2016-11-15T16:00:00+09:00,2016-09-26,0.9,DGS3,Daily,Percent,2016-09-26T23:59:59-04:00,pre-2016-10-11 official weekly release; conservative ET day end,none,2016-09-28,2016-09-27T12:59:59+09:00,2016-09-23,-0.735,1,54
2016-11-17,1167.2,2016-11-16,2016-11-17,1.689,817Y002,010200000,연%,국고채(3년),KOFIA 16:00 KST source publication; usable from next calendar day; ECOS load time unverified,2016-11-16T16:00:00+09:00,2016-09-26,0.9,DGS3,Daily,Percent,2016-09-26T23:59:59-04:00,pre-2016-10-11 official weekly release; conservative ET day end,none,2016-09-28,2016-09-27T12:59:59+09:00,2016-09-23,-0.789,1,55
2016-11-18,1174.4,2016-11-17,2016-11-18,1.713,817Y002,010200000,연%,국고채(3년),KOFIA 16:00 KST source publication; usable from next calendar day; ECOS load time unverified,2016-11-17T16:00:00+09:00,2016-09-26,0.9,DGS3,Daily,Percent,2016-09-26T23:59:59-04:00,pre-2016-10-11 official weekly release; conservative ET day end,none,2016-09-28,2016-09-27T12:59:59+09:00,2016-09-23,-0.8130000000000001,1,56
2016-11-21,1182.3,2016-11-18,2016-11-19,1.736,817Y002,010200000,연%,국고채(3년),KOFIA 16:00 KST source publication; usable from next calendar day; ECOS load time unverified,2016-11-18T16:00:00+09:00,2016-09-26,0.9,DGS3,Daily,Percent,2016-09-26T23:59:59-04:00,pre-2016-10-11 official weekly release; conservative ET day end,none,2016-09-28,2016-09-27T12:59:59+09:00,2016-09-23,-0.836,3,59
2016-11-22,1183.6,2016-11-21,2016-11-22,1.725,817Y002,010200000,연%,국고채(3년),KOFIA 16:00 KST source publication; usable from next calendar day; ECOS load time unverified,2016-11-21T16:00:00+09:00,2016-09-26,0.9,DGS3,Daily,Percent,2016-09-26T23:59:59-04:00,pre-2016-10-11 official weekly release; conservative ET day end,none,2016-09-28,2016-09-27T12:59:59+09:00,2016-09-23,-0.8250000000000001,1,60
2016-11-23,1175.5,2016-11-22,2016-11-23,1.735,817Y002,010200000,연%,국고채(3년),KOFIA 16:00 KST source publication; usable from next calendar day; ECOS load time unverified,2016-11-22T16:00:00+09:00,2016-09-26,0.9,DGS3,Daily,Percent,2016-09-26T23:59:59-04:00,pre-2016-10-11 official weekly release; conservative ET day end,none,2016-09-28,2016-09-27T12:59:59+09:00,2016-09-23,-0.8350000000000001,1,61
2016-11-24,1174.9,2016-11-23,2016-11-24,1.775,817Y002,010200000,연%,국고채(3년),KOFIA 16:00 KST source publication; usable from next calendar day; ECOS load time unverified,2016-11-23T16:00:00+09:00,2016-09-26,0.9,DGS3,Daily,Percent,2016-09-26T23:59:59-04:00,pre-2016-10-11 official weekly release; conservative ET day end,none,2016-09-28,2016-09-27T12:59:59+09:00,2016-09-23,-0.8749999999999999,1,62
2016-11-25,1182.4,2016-11-24,2016-11-25,1.811,817Y002,010200000,연%,국고채(3년),KOFIA 16:00 KST source publication; usable from next calendar day; ECOS load time unverified,2016-11-24T16:00:00+09:00,2016-09-26,0.9,DGS3,Daily,Percent,2016-09-26T23:59:59-04:00,pre-2016-10-11 official weekly release; conservative ET day end,none,2016-09-28,2016-09-27T12:59:59+09:00,2016-09-23,-0.9109999999999999,1,63
2016-11-28,1178.9,2016-11-25,2016-11-26,1.811,817Y002,010200000,연%,국고채(3년),KOFIA 16:00 KST source publication; usable from next calendar day; ECOS load time unverified,2016-11-25T16:00:00+09:00,2016-09-26,0.9,DGS3,Daily,Percent,2016-09-26T23:59:59-04:00,pre-2016-10-11 official weekly release; conservative ET day end,none,2016-09-28,2016-09-27T12:59:59+09:00,2016-09-23,-0.9109999999999999,3,66
2016-11-29,1170.3,2016-11-28,2016-11-29,1.764,817Y002,010200000,연%,국고채(3년),KOFIA 16:00 KST source publication; usable from next calendar day; ECOS load time unverified,2016-11-28T16:00:00+09:00,2016-09-26,0.9,DGS3,Daily,Percent,2016-09-26T23:59:59-04:00,pre-2016-10-11 official weekly release; conservative ET day end,none,2016-09-28,2016-09-27T12:59:59+09:00,2016-09-23,-0.864,1,67
2016-11-30,1168.5,2016-11-29,2016-11-30,1.709,817Y002,010200000,연%,국고채(3년),KOFIA 16:00 KST source publication; usable from next calendar day; ECOS load time unverified,2016-11-29T16:00:00+09:00,2016-09-26,0.9,DGS3,Daily,Percent,2016-09-26T23:59:59-04:00,pre-2016-10-11 official weekly release; conservative ET day end,none,2016-09-28,2016-09-27T12:59:59+09:00,2016-09-23,-0.809,1,68
2016-12-01,1168.0,2016-11-30,2016-12-01,1.71,817Y002,010200000,연%,국고채(3년),KOFIA 16:00 KST source publication; usable from next calendar day; ECOS load time unverified,2016-11-30T16:00:00+09:00,2016-09-26,0.9,DGS3,Daily,Percent,2016-09-26T23:59:59-04:00,pre-2016-10-11 official weekly release; conservative ET day end,none,2016-09-28,2016-09-27T12:59:59+09:00,2016-09-23,-0.8099999999999999,1,69
2016-12-02,1172.6,2016-12-01,2016-12-02,1.726,817Y002,010200000,연%,국고채(3년),KOFIA 16:00 KST source publication; usable from next calendar day; ECOS load time unverified,2016-12-01T16:00:00+09:00,2016-09-26,0.9,DGS3,Daily,Percent,2016-09-26T23:59:59-04:00,pre-2016-10-11 official weekly release; conservative ET day end,none,2016-09-28,2016-09-27T12:59:59+09:00,2016-09-23,-0.826,1,70
2016-12-05,1170.5,2016-12-02,2016-12-03,1.745,817Y002,010200000,연%,국고채(3년),KOFIA 16:00 KST source publication; usable from next calendar day; ECOS load time unverified,2016-12-02T16:00:00+09:00,2016-09-26,0.9,DGS3,Daily,Percent,2016-09-26T23:59:59-04:00,pre-2016-10-11 official weekly release; conservative ET day end,none,2016-09-28,2016-09-27T12:59:59+09:00,2016-09-23,-0.8450000000000001,3,73
2016-12-06,1173.8,2016-12-05,2016-12-06,1.727,817Y002,010200000,연%,국고채(3년),KOFIA 16:00 KST source publication; usable from next calendar day; ECOS load time unverified,2016-12-05T16:00:00+09:00,2016-09-26,0.9,DGS3,Daily,Percent,2016-09-26T23:59:59-04:00,pre-2016-10-11 official weekly release; conservative ET day end,none,2016-09-28,2016-09-27T12:59:59+09:00,2016-09-23,-0.8270000000000001,1,74
2016-12-07,1169.5,2016-12-06,2016-12-07,1.737,817Y002,010200000,연%,국고채(3년),KOFIA 16:00 KST source publication; usable from next calendar day; ECOS load time unverified,2016-12-06T16:00:00+09:00,2016-09-26,0.9,DGS3,Daily,Percent,2016-09-26T23:59:59-04:00,pre-2016-10-11 official weekly release; conservative ET day end,none,2016-09-28,2016-09-27T12:59:59+09:00,2016-09-23,-0.8370000000000001,1,75
2016-12-08,1169.4,2016-12-07,2016-12-08,1.736,817Y002,010200000,연%,국고채(3년),KOFIA 16:00 KST source publication; usable from next calendar day; ECOS load time unverified,2016-12-07T16:00:00+09:00,2016-09-26,0.9,DGS3,Daily,Percent,2016-09-26T23:59:59-04:00,pre-2016-10-11 official weekly release; conservative ET day end,none,2016-09-28,2016-09-27T12:59:59+09:00,2016-09-23,-0.836,1,76
2016-12-09,1159.1,2016-12-08,2016-12-09,1.714,817Y002,010200000,연%,국고채(3년),KOFIA 16:00 KST source publication; usable from next calendar day; ECOS load time unverified,2016-12-08T16:00:00+09:00,2016-09-26,0.9,DGS3,Daily,Percent,2016-09-26T23:59:59-04:00,pre-2016-10-11 official weekly release; conservative ET day end,none,2016-09-28,2016-09-27T12:59:59+09:00,2016-09-23,-0.814,1,77
2016-12-12,1166.2,2016-12-09,2016-12-10,1.735,817Y002,010200000,연%,국고채(3년),KOFIA 16:00 KST source publication; usable from next calendar day; ECOS load time unverified,2016-12-09T16:00:00+09:00,2016-09-26,0.9,DGS3,Daily,Percent,2016-09-26T23:59:59-04:00,pre-2016-10-11 official weekly release; conservative ET day end,none,2016-09-28,2016-09-27T12:59:59+09:00,2016-09-23,-0.8350000000000001,3,80
2016-12-13,1170.2,2016-12-12,2016-12-13,1.734,817Y002,010200000,연%,국고채(3년),KOFIA 16:00 KST source publication; usable from next calendar day; ECOS load time unverified,2016-12-12T16:00:00+09:00,2016-09-26,0.9,DGS3,Daily,Percent,2016-09-26T23:59:59-04:00,pre-2016-10-11 official weekly release; conservative ET day end,none,2016-09-28,2016-09-27T12:59:59+09:00,2016-09-23,-0.834,1,81
2016-12-14,1165.5,2016-12-13,2016-12-14,1.676,817Y002,010200000,연%,국고채(3년),KOFIA 16:00 KST source publication; usable from next calendar day; ECOS load time unverified,2016-12-13T16:00:00+09:00,2016-09-26,0.9,DGS3,Daily,Percent,2016-09-26T23:59:59-04:00,pre-2016-10-11 official weekly release; conservative ET day end,none,2016-09-28,2016-09-27T12:59:59+09:00,2016-09-23,-0.7759999999999999,1,82
2016-12-15,1168.3,2016-12-14,2016-12-15,1.644,817Y002,010200000,연%,국고채(3년),KOFIA 16:00 KST source publication; usable from next calendar day; ECOS load time unverified,2016-12-14T16:00:00+09:00,2016-09-26,0.9,DGS3,Daily,Percent,2016-09-26T23:59:59-04:00,pre-2016-10-11 official weekly release; conservative ET day end,none,2016-09-28,2016-09-27T12:59:59+09:00,2016-09-23,-0.7439999999999999,1,83
2016-12-16,1180.1,2016-12-15,2016-12-16,1.697,817Y002,010200000,연%,국고채(3년),KOFIA 16:00 KST source publication; usable from next calendar day; ECOS load time unverified,2016-12-15T16:00:00+09:00,2016-09-26,0.9,DGS3,Daily,Percent,2016-09-26T23:59:59-04:00,pre-2016-10-11 official weekly release; conservative ET day end,none,2016-09-28,2016-09-27T12:59:59+09:00,2016-09-23,-0.797,1,84
2016-12-19,1183.4,2016-12-16,2016-12-17,1.688,817Y002,010200000,연%,국고채(3년),KOFIA 16:00 KST source publication; usable from next calendar day; ECOS load time unverified,2016-12-16T16:00:00+09:00,2016-09-26,0.9,DGS3,Daily,Percent,2016-09-26T23:59:59-04:00,pre-2016-10-11 official weekly release; conservative ET day end,none,2016-09-28,2016-09-27T12:59:59+09:00,2016-09-23,-0.7879999999999999,3,87
2016-12-20,1186.4,2016-12-19,2016-12-20,1.694,817Y002,010200000,연%,국고채(3년),KOFIA 16:00 KST source publication; usable from next calendar day; ECOS load time unverified,2016-12-19T16:00:00+09:00,2016-09-26,0.9,DGS3,Daily,Percent,2016-09-26T23:59:59-04:00,pre-2016-10-11 official weekly release; conservative ET day end,none,2016-09-28,2016-09-27T12:59:59+09:00,2016-09-23,-0.7939999999999999,1,88
2016-12-21,1191.2,2016-12-20,2016-12-21,1.714,817Y002,010200000,연%,국고채(3년),KOFIA 16:00 KST source publication; usable from next calendar day; ECOS load time unverified,2016-12-20T16:00:00+09:00,2016-09-26,0.9,DGS3,Daily,Percent,2016-09-26T23:59:59-04:00,pre-2016-10-11 official weekly release; conservative ET day end,none,2016-09-28,2016-09-27T12:59:59+09:00,2016-09-23,-0.814,1,89
2016-12-22,1194.2,2016-12-21,2016-12-22,1.687,817Y002,010200000,연%,국고채(3년),KOFIA 16:00 KST source publication; usable from next calendar day; ECOS load time unverified,2016-12-21T16:00:00+09:00,2016-09-26,0.9,DGS3,Daily,Percent,2016-09-26T23:59:59-04:00,pre-2016-10-11 official weekly release; conservative ET day end,none,2016-09-28,2016-09-27T12:59:59+09:00,2016-09-23,-0.787,1,90
2016-12-23,1198.0,2016-12-22,2016-12-23,1.657,817Y002,010200000,연%,국고채(3년),KOFIA 16:00 KST source publication; usable from next calendar day; ECOS load time unverified,2016-12-22T16:00:00+09:00,2016-09-26,0.9,DGS3,Daily,Percent,2016-09-26T23:59:59-04:00,pre-2016-10-11 official weekly release; conservative ET day end,none,2016-09-28,2016-09-27T12:59:59+09:00,2016-09-23,-0.757,1,91
2016-12-26,1202.9,2016-12-23,2016-12-24,1.665,817Y002,010200000,연%,국고채(3년),KOFIA 16:00 KST source publication; usable from next calendar day; ECOS load time unverified,2016-12-23T16:00:00+09:00,2016-09-26,0.9,DGS3,Daily,Percent,2016-09-26T23:59:59-04:00,pre-2016-10-11 official weekly release; conservative ET day end,none,2016-09-28,2016-09-27T12:59:59+09:00,2016-09-23,-0.765,3,94
2016-12-27,1199.4,2016-12-26,2016-12-27,1.669,817Y002,010200000,연%,국고채(3년),KOFIA 16:00 KST source publication; usable from next calendar day; ECOS load time unverified,2016-12-26T16:00:00+09:00,2016-09-26,0.9,DGS3,Daily,Percent,2016-09-26T23:59:59-04:00,pre-2016-10-11 official weekly release; conservative ET day end,none,2016-09-28,2016-09-27T12:59:59+09:00,2016-09-23,-0.769,1,95
2016-12-28,1205.3,2016-12-27,2016-12-28,1.654,817Y002,010200000,연%,국고채(3년),KOFIA 16:00 KST source publication; usable from next calendar day; ECOS load time unverified,2016-12-27T16:00:00+09:00,2016-09-26,0.9,DGS3,Daily,Percent,2016-09-26T23:59:59-04:00,pre-2016-10-11 official weekly release; conservative ET day end,none,2016-09-28,2016-09-27T12:59:59+09:00,2016-09-23,-0.7539999999999999,1,96
2016-12-29,1207.6,2016-12-28,2016-12-29,1.643,817Y002,010200000,연%,국고채(3년),KOFIA 16:00 KST source publication; usable from next calendar day; ECOS load time unverified,2016-12-28T16:00:00+09:00,2016-09-26,0.9,DGS3,Daily,Percent,2016-09-26T23:59:59-04:00,pre-2016-10-11 official weekly release; conservative ET day end,none,2016-09-28,2016-09-27T12:59:59+09:00,2016-09-23,-0.743,1,97
2016-12-30,1208.5,2016-12-29,2016-12-30,1.638,817Y002,010200000,연%,국고채(3년),KOFIA 16:00 KST source publication; usable from next calendar day; ECOS load time unverified,2016-12-29T16:00:00+09:00,2016-09-26,0.9,DGS3,Daily,Percent,2016-09-26T23:59:59-04:00,pre-2016-10-11 official weekly release; conservative ET day end,none,2016-09-28,2016-09-27T12:59:59+09:00,2016-09-23,-0.7379999999999999,1,98
2017-01-02,1208.5,2016-12-30,2016-12-31,1.638,817Y002,010200000,연%,국고채(3년),KOFIA 16:00 KST source publication; usable from next calendar day; ECOS load time unverified,2016-12-30T16:00:00+09:00,2016-09-26,0.9,DGS3,Daily,Percent,2016-09-26T23:59:59-04:00,pre-2016-10-11 official weekly release; conservative ET day end,none,2016-09-28,2016-09-27T12:59:59+09:00,2016-09-23,-0.7379999999999999,3,101
2017-01-03,1207.8,2017-01-02,2017-01-03,1.638,817Y002,010200000,연%,국고채(3년),KOFIA 16:00 KST source publication; usable from next calendar day; ECOS load time unverified,2017-01-02T16:00:00+09:00,2016-09-26,0.9,DGS3,Daily,Percent,2016-09-26T23:59:59-04:00,pre-2016-10-11 official weekly release; conservative ET day end,none,2016-09-28,2016-09-27T12:59:59+09:00,2016-09-23,-0.7379999999999999,1,102
2017-01-04,1206.2,2017-01-03,2017-01-04,1.617,817Y002,010200000,연%,국고채(3년),KOFIA 16:00 KST source publication; usable from next calendar day; ECOS load time unverified,2017-01-03T16:00:00+09:00,2016-09-26,0.9,DGS3,Daily,Percent,2016-09-26T23:59:59-04:00,pre-2016-10-11 official weekly release; conservative ET day end,none,2016-09-28,2016-09-27T12:59:59+09:00,2016-09-23,-0.717,1,103
2017-01-05,1206.7,2017-01-04,2017-01-05,1.63,817Y002,010200000,연%,국고채(3년),KOFIA 16:00 KST source publication; usable from next calendar day; ECOS load time unverified,2017-01-04T16:00:00+09:00,2017-01-03,1.47,DGS3,Daily,Percent,2017-01-03T16:15:00-05:00,post-2016-10-11 official daily H.15 calendar at 16:15 ET,deferred to first confirmed daily release on 2017-01-03,2017-01-05,2017-01-04T06:15:00+09:00,2016-12-30,-0.15999999999999992,1,6
2017-01-06,1191.6,2017-01-05,2017-01-06,1.607,817Y002,010200000,연%,국고채(3년),KOFIA 16:00 KST source publication; usable from next calendar day; ECOS load time unverified,2017-01-05T16:00:00+09:00,2017-01-04,1.5,DGS3,Daily,Percent,2017-01-04T16:15:00-05:00,post-2016-10-11 official daily H.15 calendar at 16:15 ET,none,2017-01-06,2017-01-05T06:15:00+09:00,2017-01-03,-0.10699999999999998,1,3
2017-01-09,1189.1,2017-01-06,2017-01-07,1.626,817Y002,010200000,연%,국고채(3년),KOFIA 16:00 KST source publication; usable from next calendar day; ECOS load time unverified,2017-01-06T16:00:00+09:00,2017-01-06,1.43,DGS3,Daily,Percent,2017-01-06T16:15:00-05:00,post-2016-10-11 official daily H.15 calendar at 16:15 ET,none,2017-01-08,2017-01-07T06:15:00+09:00,2017-01-05,-0.19599999999999995,3,4
2017-01-10,1205.5,2017-01-09,2017-01-10,1.663,817Y002,010200000,연%,국고채(3년),KOFIA 16:00 KST source publication; usable from next calendar day; ECOS load time unverified,2017-01-09T16:00:00+09:00,2017-01-06,1.43,DGS3,Daily,Percent,2017-01-06T16:15:00-05:00,post-2016-10-11 official daily H.15 calendar at 16:15 ET,none,2017-01-08,2017-01-07T06:15:00+09:00,2017-01-05,-0.2330000000000001,1,5
2017-01-11,1198.7,2017-01-10,2017-01-11,1.647,817Y002,010200000,연%,국고채(3년),KOFIA 16:00 KST source publication; usable from next calendar day; ECOS load time unverified,2017-01-10T16:00:00+09:00,2017-01-09,1.5,DGS3,Daily,Percent,2017-01-09T16:15:00-05:00,post-2016-10-11 official daily H.15 calendar at 16:15 ET,none,2017-01-11,2017-01-10T06:15:00+09:00,2017-01-06,-0.14700000000000002,1,5
2017-01-12,1196.4,2017-01-11,2017-01-12,1.653,817Y002,010200000,연%,국고채(3년),KOFIA 16:00 KST source publication; usable from next calendar day; ECOS load time unverified,2017-01-11T16:00:00+09:00,2017-01-10,1.47,DGS3,Daily,Percent,2017-01-10T16:15:00-05:00,post-2016-10-11 official daily H.15 calendar at 16:15 ET,none,2017-01-12,2017-01-11T06:15:00+09:00,2017-01-09,-0.18300000000000005,1,3
2017-01-13,1182.8,2017-01-12,2017-01-13,1.624,817Y002,010200000,연%,국고채(3년),KOFIA 16:00 KST source publication; usable from next calendar day; ECOS load time unverified,2017-01-12T16:00:00+09:00,2017-01-11,1.47,DGS3,Daily,Percent,2017-01-11T16:15:00-05:00,post-2016-10-11 official daily H.15 calendar at 16:15 ET,none,2017-01-13,2017-01-12T06:15:00+09:00,2017-01-10,-0.15400000000000014,1,3
2017-01-16,1177.7,2017-01-13,2017-01-14,1.635,817Y002,010200000,연%,국고채(3년),KOFIA 16:00 KST source publication; usable from next calendar day; ECOS load time unverified,2017-01-13T16:00:00+09:00,2017-01-13,1.45,DGS3,Daily,Percent,2017-01-13T16:15:00-05:00,post-2016-10-11 official daily H.15 calendar at 16:15 ET,none,2017-01-15,2017-01-14T06:15:00+09:00,2017-01-12,-0.18500000000000005,3,4
2017-01-17,1180.5,2017-01-16,2017-01-17,1.633,817Y002,010200000,연%,국고채(3년),KOFIA 16:00 KST source publication; usable from next calendar day; ECOS load time unverified,2017-01-16T16:00:00+09:00,2017-01-13,1.45,DGS3,Daily,Percent,2017-01-13T16:15:00-05:00,post-2016-10-11 official daily H.15 calendar at 16:15 ET,none,2017-01-15,2017-01-14T06:15:00+09:00,2017-01-12,-0.18300000000000005,1,5
2017-01-18,1180.9,2017-01-17,2017-01-18,1.628,817Y002,010200000,연%,국고채(3년),KOFIA 16:00 KST source publication; usable from next calendar day; ECOS load time unverified,2017-01-17T16:00:00+09:00,2017-01-13,1.45,DGS3,Daily,Percent,2017-01-13T16:15:00-05:00,post-2016-10-11 official daily H.15 calendar at 16:15 ET,none,2017-01-15,2017-01-14T06:15:00+09:00,2017-01-12,-0.17799999999999994,1,6
2017-01-19,1165.6,2017-01-18,2017-01-19,1.649,817Y002,010200000,연%,국고채(3년),KOFIA 16:00 KST source publication; usable from next calendar day; ECOS load time unverified,2017-01-18T16:00:00+09:00,2017-01-17,1.48,DGS3,Daily,Percent,2017-01-17T16:15:00-05:00,post-2016-10-11 official daily H.15 calendar at 16:15 ET,none,2017-01-19,2017-01-18T06:15:00+09:00,2017-01-13,-0.16900000000000004,1,6
2017-01-20,1177.1,2017-01-19,2017-01-20,1.677,817Y002,010200000,연%,국고채(3년),KOFIA 16:00 KST source publication; usable from next calendar day; ECOS load time unverified,2017-01-19T16:00:00+09:00,2017-01-18,1.42,DGS3,Daily,Percent,2017-01-18T16:15:00-05:00,post-2016-10-11 official daily H.15 calendar at 16:15 ET,none,2017-01-20,2017-01-19T06:15:00+09:00,2017-01-17,-0.2570000000000001,1,3
2017-01-23,1172.5,2017-01-20,2017-01-21,1.655,817Y002,010200000,연%,국고채(3년),KOFIA 16:00 KST source publication; usable from next calendar day; ECOS load time unverified,2017-01-20T16:00:00+09:00,2017-01-19,1.51,DGS3,Daily,Percent,2017-01-19T16:15:00-05:00,post-2016-10-11 official daily H.15 calendar at 16:15 ET,none,2017-01-21,2017-01-20T06:15:00+09:00,2017-01-18,-0.14500000000000002,3,5
2017-01-24,1166.7,2017-01-23,2017-01-24,1.64,817Y002,010200000,연%,국고채(3년),KOFIA 16:00 KST source publication; usable from next calendar day; ECOS load time unverified,2017-01-23T16:00:00+09:00,2017-01-19,1.51,DGS3,Daily,Percent,2017-01-19T16:15:00-05:00,post-2016-10-11 official daily H.15 calendar at 16:15 ET,none,2017-01-21,2017-01-20T06:15:00+09:00,2017-01-18,-0.1299999999999999,1,6
2017-01-25,1163.6,2017-01-24,2017-01-25,1.628,817Y002,010200000,연%,국고채(3년),KOFIA 16:00 KST source publication; usable from next calendar day; ECOS load time unverified,2017-01-24T16:00:00+09:00,2017-01-23,1.5,DGS3,Daily,Percent,2017-01-23T16:15:00-05:00,post-2016-10-11 official daily H.15 calendar at 16:15 ET,none,2017-01-25,2017-01-24T06:15:00+09:00,2017-01-20,-0.1279999999999999,1,5
2017-01-26,1166.2,2017-01-25,2017-01-26,1.647,817Y002,010200000,연%,국고채(3년),KOFIA 16:00 KST source publication; usable from next calendar day; ECOS load time unverified,2017-01-25T16:00:00+09:00,2017-01-24,1.43,DGS3,Daily,Percent,2017-01-24T16:15:00-05:00,post-2016-10-11 official daily H.15 calendar at 16:15 ET,none,2017-01-26,2017-01-25T06:15:00+09:00,2017-01-23,-0.21700000000000008,1,3
2017-01-31,1157.8,2017-01-26,2017-01-27,1.687,817Y002,010200000,연%,국고채(3년),KOFIA 16:00 KST source publication; usable from next calendar day; ECOS load time unverified,2017-01-26T16:00:00+09:00,2017-01-27,1.49,DGS3,Daily,Percent,2017-01-27T16:15:00-05:00,post-2016-10-11 official daily H.15 calendar at 16:15 ET,none,2017-01-29,2017-01-28T06:15:00+09:00,2017-01-26,-0.19700000000000006,5,5
2017-02-01,1165.5,2017-01-31,2017-02-01,1.675,817Y002,010200000,연%,국고채(3년),KOFIA 16:00 KST source publication; usable from next calendar day; ECOS load time unverified,2017-01-31T16:00:00+09:00,2017-01-30,1.48,DGS3,Daily,Percent,2017-01-30T16:15:00-05:00,post-2016-10-11 official daily H.15 calendar at 16:15 ET,none,2017-02-01,2017-01-31T06:15:00+09:00,2017-01-27,-0.19500000000000006,1,5
2017-02-02,1155.2,2017-02-01,2017-02-02,1.685,817Y002,010200000,연%,국고채(3년),KOFIA 16:00 KST source publication; usable from next calendar day; ECOS load time unverified,2017-02-01T16:00:00+09:00,2017-01-31,1.48,DGS3,Daily,Percent,2017-01-31T16:15:00-05:00,post-2016-10-11 official daily H.15 calendar at 16:15 ET,none,2017-02-02,2017-02-01T06:15:00+09:00,2017-01-30,-0.20500000000000007,1,3
2017-02-03,1149.2,2017-02-02,2017-02-03,1.674,817Y002,010200000,연%,국고채(3년),KOFIA 16:00 KST source publication; usable from next calendar day; ECOS load time unverified,2017-02-02T16:00:00+09:00,2017-02-01,1.46,DGS3,Daily,Percent,2017-02-01T16:15:00-05:00,post-2016-10-11 official daily H.15 calendar at 16:15 ET,none,2017-02-03,2017-02-02T06:15:00+09:00,2017-01-31,-0.21399999999999997,1,3
2017-02-06,1146.8,2017-02-03,2017-02-04,1.685,817Y002,010200000,연%,국고채(3년),KOFIA 16:00 KST source publication; usable from next calendar day; ECOS load time unverified,2017-02-03T16:00:00+09:00,2017-02-03,1.48,DGS3,Daily,Percent,2017-02-03T16:15:00-05:00,post-2016-10-11 official daily H.15 calendar at 16:15 ET,none,2017-02-05,2017-02-04T06:15:00+09:00,2017-02-02,-0.20500000000000007,3,4
2017-02-07,1137.7,2017-02-06,2017-02-07,1.662,817Y002,010200000,연%,국고채(3년),KOFIA 16:00 KST source publication; usable from next calendar day; ECOS load time unverified,2017-02-06T16:00:00+09:00,2017-02-03,1.48,DGS3,Daily,Percent,2017-02-03T16:15:00-05:00,post-2016-10-11 official daily H.15 calendar at 16:15 ET,none,2017-02-05,2017-02-04T06:15:00+09:00,2017-02-02,-0.18199999999999994,1,5
2017-02-08,1142.1,2017-02-07,2017-02-08,1.641,817Y002,010200000,연%,국고채(3년),KOFIA 16:00 KST source publication; usable from next calendar day; ECOS load time unverified,2017-02-07T16:00:00+09:00,2017-02-06,1.49,DGS3,Daily,Percent,2017-02-06T16:15:00-05:00,post-2016-10-11 official daily H.15 calendar at 16:15 ET,none,2017-02-08,2017-02-07T06:15:00+09:00,2017-02-03,-0.15100000000000002,1,5
2017-02-09,1145.4,2017-02-08,2017-02-09,1.652,817Y002,010200000,연%,국고채(3년),KOFIA 16:00 KST source publication; usable from next calendar day; ECOS load time unverified,2017-02-08T16:00:00+09:00,2017-02-07,1.43,DGS3,Daily,Percent,2017-02-07T16:15:00-05:00,post-2016-10-11 official daily H.15 calendar at 16:15 ET,none,2017-02-09,2017-02-08T06:15:00+09:00,2017-02-06,-0.22199999999999998,1,3
2017-02-10,1145.7,2017-02-09,2017-02-10,1.648,817Y002,010200000,연%,국고채(3년),KOFIA 16:00 KST source publication; usable from next calendar day; ECOS load time unverified,2017-02-09T16:00:00+09:00,2017-02-08,1.43,DGS3,Daily,Percent,2017-02-08T16:15:00-05:00,post-2016-10-11 official daily H.15 calendar at 16:15 ET,none,2017-02-10,2017-02-09T06:15:00+09:00,2017-02-07,-0.21799999999999997,1,3
2017-02-13,1151.4,2017-02-10,2017-02-11,1.668,817Y002,010200000,연%,국고채(3년),KOFIA 16:00 KST source publication; usable from next calendar day; ECOS load time unverified,2017-02-10T16:00:00+09:00,2017-02-10,1.46,DGS3,Daily,Percent,2017-02-10T16:15:00-05:00,post-2016-10-11 official daily H.15 calendar at 16:15 ET,none,2017-02-12,2017-02-11T06:15:00+09:00,2017-02-09,-0.20799999999999996,3,4
2017-02-14,1151.9,2017-02-13,2017-02-14,1.663,817Y002,010200000,연%,국고채(3년),KOFIA 16:00 KST source publication; usable from next calendar day; ECOS load time unverified,2017-02-13T16:00:00+09:00,2017-02-10,1.46,DGS3,Daily,Percent,2017-02-10T16:15:00-05:00,post-2016-10-11 official daily H.15 calendar at 16:15 ET,none,2017-02-12,2017-02-11T06:15:00+09:00,2017-02-09,-0.20300000000000007,1,5
2017-02-15,1144.5,2017-02-14,2017-02-15,1.653,817Y002,010200000,연%,국고채(3년),KOFIA 16:00 KST source publication; usable from next calendar day; ECOS load time unverified,2017-02-14T16:00:00+09:00,2017-02-13,1.47,DGS3,Daily,Percent,2017-02-13T16:15:00-05:00,post-2016-10-11 official daily H.15 calendar at 16:15 ET,none,2017-02-15,2017-02-14T06:15:00+09:00,2017-02-10,-0.18300000000000005,1,5
2017-02-16,1141.6,2017-02-15,2017-02-16,1.661,817Y002,010200000,연%,국고채(3년),KOFIA 16:00 KST source publication; usable from next calendar day; ECOS load time unverified,2017-02-15T16:00:00+09:00,2017-02-14,1.48,DGS3,Daily,Percent,2017-02-14T16:15:00-05:00,post-2016-10-11 official daily H.15 calendar at 16:15 ET,none,2017-02-16,2017-02-15T06:15:00+09:00,2017-02-13,-0.18100000000000005,1,3
2017-02-17,1138.9,2017-02-16,2017-02-17,1.656,817Y002,010200000,연%,국고채(3년),KOFIA 16:00 KST source publication; usable from next calendar day; ECOS load time unverified,2017-02-16T16:00:00+09:00,2017-02-15,1.53,DGS3,Daily,Percent,2017-02-15T16:15:00-05:00,post-2016-10-11 official daily H.15 calendar at 16:15 ET,none,2017-02-17,2017-02-16T06:15:00+09:00,2017-02-14,-0.1259999999999999,1,3
2017-02-20,1145.3,2017-02-17,2017-02-18,1.655,817Y002,010200000,연%,국고채(3년),KOFIA 16:00 KST source publication; usable from next calendar day; ECOS load time unverified,2017-02-17T16:00:00+09:00,2017-02-17,1.5,DGS3,Daily,Percent,2017-02-17T16:15:00-05:00,post-2016-10-11 official daily H.15 calendar at 16:15 ET,none,2017-02-19,2017-02-18T06:15:00+09:00,2017-02-16,-0.15500000000000003,3,4
2017-02-21,1147.6,2017-02-20,2017-02-21,1.67,817Y002,010200000,연%,국고채(3년),KOFIA 16:00 KST source publication; usable from next calendar day; ECOS load time unverified,2017-02-20T16:00:00+09:00,2017-02-17,1.5,DGS3,Daily,Percent,2017-02-17T16:15:00-05:00,post-2016-10-11 official daily H.15 calendar at 16:15 ET,none,2017-02-19,2017-02-18T06:15:00+09:00,2017-02-16,-0.16999999999999993,1,5
2017-02-22,1146.8,2017-02-21,2017-02-22,1.671,817Y002,010200000,연%,국고채(3년),KOFIA 16:00 KST source publication; usable from next calendar day; ECOS load time unverified,2017-02-21T16:00:00+09:00,2017-02-17,1.5,DGS3,Daily,Percent,2017-02-17T16:15:00-05:00,post-2016-10-11 official daily H.15 calendar at 16:15 ET,none,2017-02-19,2017-02-18T06:15:00+09:00,2017-02-16,-0.17100000000000004,1,6
2017-02-23,1140.9,2017-02-22,2017-02-23,1.69,817Y002,010200000,연%,국고채(3년),KOFIA 16:00 KST source publication; usable from next calendar day; ECOS load time unverified,2017-02-22T16:00:00+09:00,2017-02-21,1.48,DGS3,Daily,Percent,2017-02-21T16:15:00-05:00,post-2016-10-11 official daily H.15 calendar at 16:15 ET,none,2017-02-23,2017-02-22T06:15:00+09:00,2017-02-17,-0.20999999999999996,1,6
2017-02-24,1138.8,2017-02-23,2017-02-24,1.676,817Y002,010200000,연%,국고채(3년),KOFIA 16:00 KST source publication; usable from next calendar day; ECOS load time unverified,2017-02-23T16:00:00+09:00,2017-02-22,1.5,DGS3,Daily,Percent,2017-02-22T16:15:00-05:00,post-2016-10-11 official daily H.15 calendar at 16:15 ET,none,2017-02-24,2017-02-23T06:15:00+09:00,2017-02-21,-0.17599999999999993,1,3
2017-02-27,1131.0,2017-02-24,2017-02-25,1.666,817Y002,010200000,연%,국고채(3년),KOFIA 16:00 KST source publication; usable from next calendar day; ECOS load time unverified,2017-02-24T16:00:00+09:00,2017-02-24,1.44,DGS3,Daily,Percent,2017-02-24T16:15:00-05:00,post-2016-10-11 official daily H.15 calendar at 16:15 ET,none,2017-02-26,2017-02-25T06:15:00+09:00,2017-02-23,-0.22599999999999998,3,4
2017-02-28,1132.1,2017-02-27,2017-02-28,1.663,817Y002,010200000,연%,국고채(3년),KOFIA 16:00 KST source publication; usable from next calendar day; ECOS load time unverified,2017-02-27T16:00:00+09:00,2017-02-24,1.44,DGS3,Daily,Percent,2017-02-24T16:15:00-05:00,post-2016-10-11 official daily H.15 calendar at 16:15 ET,none,2017-02-26,2017-02-25T06:15:00+09:00,2017-02-23,-0.2230000000000001,1,5
2017-03-02,1132.3,2017-02-28,2017-03-01,1.67,817Y002,010200000,연%,국고채(3년),KOFIA 16:00 KST source publication; usable from next calendar day; ECOS load time unverified,2017-02-28T16:00:00+09:00,2017-02-28,1.46,DGS3,Daily,Percent,2017-02-28T16:15:00-05:00,post-2016-10-11 official daily H.15 calendar at 16:15 ET,none,2017-03-02,2017-03-01T06:15:00+09:00,2017-02-27,-0.20999999999999996,2,3
2017-03-03,1142.0,2017-03-02,2017-03-03,1.713,817Y002,010200000,연%,국고채(3년),KOFIA 16:00 KST source publication; usable from next calendar day; ECOS load time unverified,2017-03-02T16:00:00+09:00,2017-03-01,1.49,DGS3,Daily,Percent,2017-03-01T16:15:00-05:00,post-2016-10-11 official daily H.15 calendar at 16:15 ET,none,2017-03-03,2017-03-02T06:15:00+09:00,2017-02-28,-0.2230000000000001,1,3
2017-03-06,1152.7,2017-03-03,2017-03-04,1.713,817Y002,010200000,연%,국고채(3년),KOFIA 16:00 KST source publication; usable from next calendar day; ECOS load time unverified,2017-03-03T16:00:00+09:00,2017-03-03,1.6,DGS3,Daily,Percent,2017-03-03T16:15:00-05:00,post-2016-10-11 official daily H.15 calendar at 16:15 ET,none,2017-03-05,2017-03-04T06:15:00+09:00,2017-03-02,-0.11299999999999999,3,4
2017-03-07,1156.1,2017-03-06,2017-03-07,1.746,817Y002,010200000,연%,국고채(3년),KOFIA 16:00 KST source publication; usable from next calendar day; ECOS load time unverified,2017-03-06T16:00:00+09:00,2017-03-03,1.6,DGS3,Daily,Percent,2017-03-03T16:15:00-05:00,post-2016-10-11 official daily H.15 calendar at 16:15 ET,none,2017-03-05,2017-03-04T06:15:00+09:00,2017-03-02,-0.1459999999999999,1,5
2017-03-08,1151.2,2017-03-07,2017-03-08,1.784,817Y002,010200000,연%,국고채(3년),KOFIA 16:00 KST source publication; usable from next calendar day; ECOS load time unverified,2017-03-07T16:00:00+09:00,2017-03-06,1.59,DGS3,Daily,Percent,2017-03-06T16:15:00-05:00,post-2016-10-11 official daily H.15 calendar at 16:15 ET,none,2017-03-08,2017-03-07T06:15:00+09:00,2017-03-03,-0.19399999999999995,1,5
2017-03-09,1146.6,2017-03-08,2017-03-09,1.784,817Y002,010200000,연%,국고채(3년),KOFIA 16:00 KST source publication; usable from next calendar day; ECOS load time unverified,2017-03-08T16:00:00+09:00,2017-03-07,1.6,DGS3,Daily,Percent,2017-03-07T16:15:00-05:00,post-2016-10-11 official daily H.15 calendar at 16:15 ET,none,2017-03-09,2017-03-08T06:15:00+09:00,2017-03-06,-0.18399999999999994,1,3
2017-03-10,1156.1,2017-03-09,2017-03-10,1.789,817Y002,010200000,연%,국고채(3년),KOFIA 16:00 KST source publication; usable from next calendar day; ECOS load time unverified,2017-03-09T16:00:00+09:00,2017-03-08,1.62,DGS3,Daily,Percent,2017-03-08T16:15:00-05:00,post-2016-10-11 official daily H.15 calendar at 16:15 ET,none,2017-03-10,2017-03-09T06:15:00+09:00,2017-03-07,-0.16899999999999982,1,3
2017-03-13,1158.2,2017-03-10,2017-03-11,1.78,817Y002,010200000,연%,국고채(3년),KOFIA 16:00 KST source publication; usable from next calendar day; ECOS load time unverified,2017-03-10T16:00:00+09:00,2017-03-10,1.67,DGS3,Daily,Percent,2017-03-10T16:15:00-05:00,post-2016-10-11 official daily H.15 calendar at 16:15 ET,none,2017-03-12,2017-03-11T06:15:00+09:00,2017-03-09,-0.1100000000000001,3,4
2017-03-14,1147.7,2017-03-13,2017-03-14,1.765,817Y002,010200000,연%,국고채(3년),KOFIA 16:00 KST source publication; usable from next calendar day; ECOS load time unverified,2017-03-13T16:00:00+09:00,2017-03-10,1.67,DGS3,Daily,Percent,2017-03-10T16:15:00-05:00,post-2016-10-11 official daily H.15 calendar at 16:15 ET,none,2017-03-12,2017-03-11T06:15:00+09:00,2017-03-09,-0.09499999999999997,1,5
2017-03-15,1147.3,2017-03-14,2017-03-15,1.758,817Y002,010200000,연%,국고채(3년),KOFIA 16:00 KST source publication; usable from next calendar day; ECOS load time unverified,2017-03-14T16:00:00+09:00,2017-03-13,1.66,DGS3,Daily,Percent,2017-03-13T16:15:00-04:00,post-2016-10-11 official daily H.15 calendar at 16:15 ET,none,2017-03-15,2017-03-14T05:15:00+09:00,2017-03-10,-0.09800000000000009,1,5
2017-03-16,1146.3,2017-03-15,2017-03-16,1.759,817Y002,010200000,연%,국고채(3년),KOFIA 16:00 KST source publication; usable from next calendar day; ECOS load time unverified,2017-03-15T16:00:00+09:00,2017-03-14,1.69,DGS3,Daily,Percent,2017-03-14T16:15:00-04:00,post-2016-10-11 official daily H.15 calendar at 16:15 ET,none,2017-03-16,2017-03-15T05:15:00+09:00,2017-03-13,-0.06899999999999995,1,3
2017-03-17,1131.7,2017-03-16,2017-03-17,1.695,817Y002,010200000,연%,국고채(3년),KOFIA 16:00 KST source publication; usable from next calendar day; ECOS load time unverified,2017-03-16T16:00:00+09:00,2017-03-15,1.68,DGS3,Daily,Percent,2017-03-15T16:15:00-04:00,post-2016-10-11 official daily H.15 calendar at 16:15 ET,none,2017-03-17,2017-03-16T05:15:00+09:00,2017-03-14,-0.015000000000000124,1,3
2017-03-20,1131.4,2017-03-17,2017-03-18,1.675,817Y002,010200000,연%,국고채(3년),KOFIA 16:00 KST source publication; usable from next calendar day; ECOS load time unverified,2017-03-17T16:00:00+09:00,2017-03-17,1.63,DGS3,Daily,Percent,2017-03-17T16:15:00-04:00,post-2016-10-11 official daily H.15 calendar at 16:15 ET,none,2017-03-19,2017-03-18T05:15:00+09:00,2017-03-16,-0.04500000000000015,3,4
2017-03-21,1124.5,2017-03-20,2017-03-21,1.67,817Y002,010200000,연%,국고채(3년),KOFIA 16:00 KST source publication; usable from next calendar day; ECOS load time unverified,2017-03-20T16:00:00+09:00,2017-03-17,1.63,DGS3,Daily,Percent,2017-03-17T16:15:00-04:00,post-2016-10-11 official daily H.15 calendar at 16:15 ET,none,2017-03-19,2017-03-18T05:15:00+09:00,2017-03-16,-0.040000000000000036,1,5
2017-03-22,1117.5,2017-03-21,2017-03-22,1.67,817Y002,010200000,연%,국고채(3년),KOFIA 16:00 KST source publication; usable from next calendar day; ECOS load time unverified,2017-03-21T16:00:00+09:00,2017-03-20,1.6,DGS3,Daily,Percent,2017-03-20T16:15:00-04:00,post-2016-10-11 official daily H.15 calendar at 16:15 ET,none,2017-03-22,2017-03-21T05:15:00+09:00,2017-03-17,-0.06999999999999984,1,5
2017-03-23,1123.8,2017-03-22,2017-03-23,1.663,817Y002,010200000,연%,국고채(3년),KOFIA 16:00 KST source publication; usable from next calendar day; ECOS load time unverified,2017-03-22T16:00:00+09:00,2017-03-21,1.57,DGS3,Daily,Percent,2017-03-21T16:15:00-04:00,post-2016-10-11 official daily H.15 calendar at 16:15 ET,none,2017-03-23,2017-03-22T05:15:00+09:00,2017-03-20,-0.09299999999999997,1,3
2017-03-24,1120.0,2017-03-23,2017-03-24,1.666,817Y002,010200000,연%,국고채(3년),KOFIA 16:00 KST source publication; usable from next calendar day; ECOS load time unverified,2017-03-23T16:00:00+09:00,2017-03-22,1.54,DGS3,Daily,Percent,2017-03-22T16:15:00-04:00,post-2016-10-11 official daily H.15 calendar at 16:15 ET,none,2017-03-24,2017-03-23T05:15:00+09:00,2017-03-21,-0.1259999999999999,1,3
2017-03-27,1122.7,2017-03-24,2017-03-25,1.678,817Y002,010200000,연%,국고채(3년),KOFIA 16:00 KST source publication; usable from next calendar day; ECOS load time unverified,2017-03-24T16:00:00+09:00,2017-03-24,1.52,DGS3,Daily,Percent,2017-03-24T16:15:00-04:00,post-2016-10-11 official daily H.15 calendar at 16:15 ET,none,2017-03-26,2017-03-25T05:15:00+09:00,2017-03-23,-0.15799999999999992,3,4
2017-03-28,1114.2,2017-03-27,2017-03-28,1.65,817Y002,010200000,연%,국고채(3년),KOFIA 16:00 KST source publication; usable from next calendar day; ECOS load time unverified,2017-03-27T16:00:00+09:00,2017-03-24,1.52,DGS3,Daily,Percent,2017-03-24T16:15:00-04:00,post-2016-10-11 official daily H.15 calendar at 16:15 ET,none,2017-03-26,2017-03-25T05:15:00+09:00,2017-03-23,-0.1299999999999999,1,5
2017-03-29,1112.5,2017-03-28,2017-03-29,1.657,817Y002,010200000,연%,국고채(3년),KOFIA 16:00 KST source publication; usable from next calendar day; ECOS load time unverified,2017-03-28T16:00:00+09:00,2017-03-27,1.52,DGS3,Daily,Percent,2017-03-27T16:15:00-04:00,post-2016-10-11 official daily H.15 calendar at 16:15 ET,none,2017-03-29,2017-03-28T05:15:00+09:00,2017-03-24,-0.137,1,5
2017-03-30,1114.0,2017-03-29,2017-03-30,1.653,817Y002,010200000,연%,국고채(3년),KOFIA 16:00 KST source publication; usable from next calendar day; ECOS load time unverified,2017-03-29T16:00:00+09:00,2017-03-28,1.51,DGS3,Daily,Percent,2017-03-28T16:15:00-04:00,post-2016-10-11 official daily H.15 calendar at 16:15 ET,none,2017-03-30,2017-03-29T05:15:00+09:00,2017-03-27,-0.14300000000000002,1,3
2017-03-31,1116.1,2017-03-30,2017-03-31,1.665,817Y002,010200000,연%,국고채(3년),KOFIA 16:00 KST source publication; usable from next calendar day; ECOS load time unverified,2017-03-30T16:00:00+09:00,2017-03-29,1.56,DGS3,Daily,Percent,2017-03-29T16:15:00-04:00,post-2016-10-11 official daily H.15 calendar at 16:15 ET,none,2017-03-31,2017-03-30T05:15:00+09:00,2017-03-28,-0.10499999999999998,1,3
2017-04-03,1119.3,2017-03-31,2017-04-01,1.662,817Y002,010200000,연%,국고채(3년),KOFIA 16:00 KST source publication; usable from next calendar day; ECOS load time unverified,2017-03-31T16:00:00+09:00,2017-03-31,1.55,DGS3,Daily,Percent,2017-03-31T16:15:00-04:00,post-2016-10-11 official daily H.15 calendar at 16:15 ET,none,2017-04-02,2017-04-01T05:15:00+09:00,2017-03-30,-0.11199999999999988,3,4
2017-04-04,1113.8,2017-04-03,2017-04-04,1.668,817Y002,010200000,연%,국고채(3년),KOFIA 16:00 KST source publication; usable from next calendar day; ECOS load time unverified,2017-04-03T16:00:00+09:00,2017-03-31,1.55,DGS3,Daily,Percent,2017-03-31T16:15:00-04:00,post-2016-10-11 official daily H.15 calendar at 16:15 ET,none,2017-04-02,2017-04-01T05:15:00+09:00,2017-03-30,-0.11799999999999988,1,5
2017-04-05,1118.9,2017-04-04,2017-04-05,1.646,817Y002,010200000,연%,국고채(3년),KOFIA 16:00 KST source publication; usable from next calendar day; ECOS load time unverified,2017-04-04T16:00:00+09:00,2017-04-03,1.5,DGS3,Daily,Percent,2017-04-03T16:15:00-04:00,post-2016-10-11 official daily H.15 calendar at 16:15 ET,none,2017-04-05,2017-04-04T05:15:00+09:00,2017-03-31,-0.1459999999999999,1,5
2017-04-06,1124.0,2017-04-05,2017-04-06,1.654,817Y002,010200000,연%,국고채(3년),KOFIA 16:00 KST source publication; usable from next calendar day; ECOS load time unverified,2017-04-05T16:00:00+09:00,2017-04-04,1.47,DGS3,Daily,Percent,2017-04-04T16:15:00-04:00,post-2016-10-11 official daily H.15 calendar at 16:15 ET,none,2017-04-06,2017-04-05T05:15:00+09:00,2017-04-03,-0.18399999999999994,1,3
2017-04-07,1131.0,2017-04-06,2017-04-07,1.679,817Y002,010200000,연%,국고채(3년),KOFIA 16:00 KST source publication; usable from next calendar day; ECOS load time unverified,2017-04-06T16:00:00+09:00,2017-04-05,1.47,DGS3,Daily,Percent,2017-04-05T16:15:00-04:00,post-2016-10-11 official daily H.15 calendar at 16:15 ET,none,2017-04-07,2017-04-06T05:15:00+09:00,2017-04-04,-0.20900000000000007,1,3
2017-04-10,1134.6,2017-04-07,2017-04-08,1.681,817Y002,010200000,연%,국고채(3년),KOFIA 16:00 KST source publication; usable from next calendar day; ECOS load time unverified,2017-04-07T16:00:00+09:00,2017-04-07,1.45,DGS3,Daily,Percent,2017-04-07T16:15:00-04:00,post-2016-10-11 official daily H.15 calendar at 16:15 ET,none,2017-04-09,2017-04-08T05:15:00+09:00,2017-04-06,-0.2310000000000001,3,4
2017-04-11,1141.6,2017-04-10,2017-04-11,1.722,817Y002,010200000,연%,국고채(3년),KOFIA 16:00 KST source publication; usable from next calendar day; ECOS load time unverified,2017-04-10T16:00:00+09:00,2017-04-07,1.45,DGS3,Daily,Percent,2017-04-07T16:15:00-04:00,post-2016-10-11 official daily H.15 calendar at 16:15 ET,none,2017-04-09,2017-04-08T05:15:00+09:00,2017-04-06,-0.272,1,5
2017-04-12,1145.8,2017-04-11,2017-04-12,1.693,817Y002,010200000,연%,국고채(3년),KOFIA 16:00 KST source publication; usable from next calendar day; ECOS load time unverified,2017-04-11T16:00:00+09:00,2017-04-10,1.52,DGS3,Daily,Percent,2017-04-10T16:15:00-04:00,post-2016-10-11 official daily H.15 calendar at 16:15 ET,none,2017-04-12,2017-04-11T05:15:00+09:00,2017-04-07,-0.17300000000000004,1,5
2017-04-13,1145.2,2017-04-12,2017-04-13,1.686,817Y002,010200000,연%,국고채(3년),KOFIA 16:00 KST source publication; usable from next calendar day; ECOS load time unverified,2017-04-12T16:00:00+09:00,2017-04-11,1.52,DGS3,Daily,Percent,2017-04-11T16:15:00-04:00,post-2016-10-11 official daily H.15 calendar at 16:15 ET,none,2017-04-13,2017-04-12T05:15:00+09:00,2017-04-10,-0.16599999999999993,1,3
2017-04-14,1131.9,2017-04-13,2017-04-14,1.674,817Y002,010200000,연%,국고채(3년),KOFIA 16:00 KST source publication; usable from next calendar day; ECOS load time unverified,2017-04-13T16:00:00+09:00,2017-04-12,1.45,DGS3,Daily,Percent,2017-04-12T16:15:00-04:00,post-2016-10-11 official daily H.15 calendar at 16:15 ET,none,2017-04-14,2017-04-13T05:15:00+09:00,2017-04-11,-0.22399999999999998,1,3
2017-04-17,1138.8,2017-04-14,2017-04-15,1.677,817Y002,010200000,연%,국고채(3년),KOFIA 16:00 KST source publication; usable from next calendar day; ECOS load time unverified,2017-04-14T16:00:00+09:00,2017-04-14,1.4,DGS3,Daily,Percent,2017-04-14T16:15:00-04:00,post-2016-10-11 official daily H.15 calendar at 16:15 ET,none,2017-04-16,2017-04-15T05:15:00+09:00,2017-04-13,-0.27700000000000014,3,4
2017-04-18,1136.5,2017-04-17,2017-04-18,1.673,817Y002,010200000,연%,국고채(3년),KOFIA 16:00 KST source publication; usable from next calendar day; ECOS load time unverified,2017-04-17T16:00:00+09:00,2017-04-14,1.4,DGS3,Daily,Percent,2017-04-14T16:15:00-04:00,post-2016-10-11 official daily H.15 calendar at 16:15 ET,none,2017-04-16,2017-04-15T05:15:00+09:00,2017-04-13,-0.27300000000000013,1,5
2017-04-19,1137.9,2017-04-18,2017-04-19,1.676,817Y002,010200000,연%,국고채(3년),KOFIA 16:00 KST source publication; usable from next calendar day; ECOS load time unverified,2017-04-18T16:00:00+09:00,2017-04-14,1.4,DGS3,Daily,Percent,2017-04-14T16:15:00-04:00,post-2016-10-11 official daily H.15 calendar at 16:15 ET,none,2017-04-16,2017-04-15T05:15:00+09:00,2017-04-13,-0.276,1,6
2017-04-20,1139.8,2017-04-19,2017-04-20,1.67,817Y002,010200000,연%,국고채(3년),KOFIA 16:00 KST source publication; usable from next calendar day; ECOS load time unverified,2017-04-19T16:00:00+09:00,2017-04-18,1.42,DGS3,Daily,Percent,2017-04-18T16:15:00-04:00,post-2016-10-11 official daily H.15 calendar at 16:15 ET,none,2017-04-20,2017-04-19T05:15:00+09:00,2017-04-17,-0.25,1,3
2017-04-21,1141.4,2017-04-20,2017-04-21,1.674,817Y002,010200000,연%,국고채(3년),KOFIA 16:00 KST source publication; usable from next calendar day; ECOS load time unverified,2017-04-20T16:00:00+09:00,2017-04-19,1.35,DGS3,Daily,Percent,2017-04-19T16:15:00-04:00,post-2016-10-11 official daily H.15 calendar at 16:15 ET,none,2017-04-21,2017-04-20T05:15:00+09:00,2017-04-18,-0.32399999999999984,1,3
2017-04-24,1136.6,2017-04-21,2017-04-22,1.684,817Y002,010200000,연%,국고채(3년),KOFIA 16:00 KST source publication; usable from next calendar day; ECOS load time unverified,2017-04-21T16:00:00+09:00,2017-04-21,1.41,DGS3,Daily,Percent,2017-04-21T16:15:00-04:00,post-2016-10-11 official daily H.15 calendar at 16:15 ET,none,2017-04-23,2017-04-22T05:15:00+09:00,2017-04-20,-0.274,3,4
2017-04-25,1131.7,2017-04-24,2017-04-25,1.701,817Y002,010200000,연%,국고채(3년),KOFIA 16:00 KST source publication; usable from next calendar day; ECOS load time unverified,2017-04-24T16:00:00+09:00,2017-04-21,1.41,DGS3,Daily,Percent,2017-04-21T16:15:00-04:00,post-2016-10-11 official daily H.15 calendar at 16:15 ET,none,2017-04-23,2017-04-22T05:15:00+09:00,2017-04-20,-0.29100000000000015,1,5
2017-04-26,1130.5,2017-04-25,2017-04-26,1.677,817Y002,010200000,연%,국고채(3년),KOFIA 16:00 KST source publication; usable from next calendar day; ECOS load time unverified,2017-04-25T16:00:00+09:00,2017-04-24,1.4,DGS3,Daily,Percent,2017-04-24T16:15:00-04:00,post-2016-10-11 official daily H.15 calendar at 16:15 ET,none,2017-04-26,2017-04-25T05:15:00+09:00,2017-04-21,-0.27700000000000014,1,5
2017-04-27,1125.1,2017-04-26,2017-04-27,1.682,817Y002,010200000,연%,국고채(3년),KOFIA 16:00 KST source publication; usable from next calendar day; ECOS load time unverified,2017-04-26T16:00:00+09:00,2017-04-25,1.44,DGS3,Daily,Percent,2017-04-25T16:15:00-04:00,post-2016-10-11 official daily H.15 calendar at 16:15 ET,none,2017-04-27,2017-04-26T05:15:00+09:00,2017-04-24,-0.242,1,3
2017-04-28,1130.1,2017-04-27,2017-04-28,1.673,817Y002,010200000,연%,국고채(3년),KOFIA 16:00 KST source publication; usable from next calendar day; ECOS load time unverified,2017-04-27T16:00:00+09:00,2017-04-26,1.49,DGS3,Daily,Percent,2017-04-26T16:15:00-04:00,post-2016-10-11 official daily H.15 calendar at 16:15 ET,none,2017-04-28,2017-04-27T05:15:00+09:00,2017-04-25,-0.18300000000000005,1,3
2017-05-02,1133.4,2017-04-28,2017-04-29,1.675,817Y002,010200000,연%,국고채(3년),KOFIA 16:00 KST source publication; usable from next calendar day; ECOS load time unverified,2017-04-28T16:00:00+09:00,2017-04-28,1.44,DGS3,Daily,Percent,2017-04-28T16:15:00-04:00,post-2016-10-11 official daily H.15 calendar at 16:15 ET,none,2017-04-30,2017-04-29T05:15:00+09:00,2017-04-27,-0.2350000000000001,4,5
2017-05-04,1130.7,2017-05-02,2017-05-03,1.69,817Y002,010200000,연%,국고채(3년),KOFIA 16:00 KST source publication; usable from next calendar day; ECOS load time unverified,2017-05-02T16:00:00+09:00,2017-05-02,1.48,DGS3,Daily,Percent,2017-05-02T16:15:00-04:00,post-2016-10-11 official daily H.15 calendar at 16:15 ET,none,2017-05-04,2017-05-03T05:15:00+09:00,2017-05-01,-0.20999999999999996,2,3
2017-05-08,1132.1,2017-05-04,2017-05-05,1.681,817Y002,010200000,연%,국고채(3년),KOFIA 16:00 KST source publication; usable from next calendar day; ECOS load time unverified,2017-05-04T16:00:00+09:00,2017-05-05,1.51,DGS3,Daily,Percent,2017-05-05T16:15:00-04:00,post-2016-10-11 official daily H.15 calendar at 16:15 ET,none,2017-05-07,2017-05-06T05:15:00+09:00,2017-05-04,-0.17100000000000004,4,4
2017-05-10,1132.4,2017-05-08,2017-05-09,1.707,817Y002,010200000,연%,국고채(3년),KOFIA 16:00 KST source publication; usable from next calendar day; ECOS load time unverified,2017-05-08T16:00:00+09:00,2017-05-08,1.52,DGS3,Daily,Percent,2017-05-08T16:15:00-04:00,post-2016-10-11 official daily H.15 calendar at 16:15 ET,none,2017-05-10,2017-05-09T05:15:00+09:00,2017-05-05,-0.18700000000000006,2,5
2017-05-11,1134.5,2017-05-10,2017-05-11,1.733,817Y002,010200000,연%,국고채(3년),KOFIA 16:00 KST source publication; usable from next calendar day; ECOS load time unverified,2017-05-10T16:00:00+09:00,2017-05-09,1.53,DGS3,Daily,Percent,2017-05-09T16:15:00-04:00,post-2016-10-11 official daily H.15 calendar at 16:15 ET,none,2017-05-11,2017-05-10T05:15:00+09:00,2017-05-08,-0.20300000000000007,1,3
2017-05-12,1130.4,2017-05-11,2017-05-12,1.727,817Y002,010200000,연%,국고채(3년),KOFIA 16:00 KST source publication; usable from next calendar day; ECOS load time unverified,2017-05-11T16:00:00+09:00,2017-05-10,1.57,DGS3,Daily,Percent,2017-05-10T16:15:00-04:00,post-2016-10-11 official daily H.15 calendar at 16:15 ET,none,2017-05-12,2017-05-11T05:15:00+09:00,2017-05-09,-0.15700000000000003,1,3
2017-05-15,1126.8,2017-05-12,2017-05-13,1.71,817Y002,010200000,연%,국고채(3년),KOFIA 16:00 KST source publication; usable from next calendar day; ECOS load time unverified,2017-05-12T16:00:00+09:00,2017-05-12,1.55,DGS3,Daily,Percent,2017-05-12T16:15:00-04:00,post-2016-10-11 official daily H.15 calendar at 16:15 ET,none,2017-05-14,2017-05-13T05:15:00+09:00,2017-05-11,-0.15999999999999992,3,4
2017-05-16,1125.4,2017-05-15,2017-05-16,1.71,817Y002,010200000,연%,국고채(3년),KOFIA 16:00 KST source publication; usable from next calendar day; ECOS load time unverified,2017-05-15T16:00:00+09:00,2017-05-12,1.55,DGS3,Daily,Percent,2017-05-12T16:15:00-04:00,post-2016-10-11 official daily H.15 calendar at 16:15 ET,none,2017-05-14,2017-05-13T05:15:00+09:00,2017-05-11,-0.15999999999999992,1,5
2017-05-17,1117.7,2017-05-16,2017-05-17,1.717,817Y002,010200000,연%,국고채(3년),KOFIA 16:00 KST source publication; usable from next calendar day; ECOS load time unverified,2017-05-16T16:00:00+09:00,2017-05-15,1.49,DGS3,Daily,Percent,2017-05-15T16:15:00-04:00,post-2016-10-11 official daily H.15 calendar at 16:15 ET,none,2017-05-17,2017-05-16T05:15:00+09:00,2017-05-12,-0.2270000000000001,1,5
2017-05-18,1118.4,2017-05-17,2017-05-18,1.684,817Y002,010200000,연%,국고채(3년),KOFIA 16:00 KST source publication; usable from next calendar day; ECOS load time unverified,2017-05-17T16:00:00+09:00,2017-05-16,1.49,DGS3,Daily,Percent,2017-05-16T16:15:00-04:00,post-2016-10-11 official daily H.15 calendar at 16:15 ET,none,2017-05-18,2017-05-17T05:15:00+09:00,2017-05-15,-0.19399999999999995,1,3
2017-05-19,1125.2,2017-05-18,2017-05-19,1.683,817Y002,010200000,연%,국고채(3년),KOFIA 16:00 KST source publication; usable from next calendar day; ECOS load time unverified,2017-05-18T16:00:00+09:00,2017-05-17,1.48,DGS3,Daily,Percent,2017-05-17T16:15:00-04:00,post-2016-10-11 official daily H.15 calendar at 16:15 ET,none,2017-05-19,2017-05-18T05:15:00+09:00,2017-05-16,-0.20300000000000007,1,3
2017-05-22,1127.5,2017-05-19,2017-05-20,1.671,817Y002,010200000,연%,국고채(3년),KOFIA 16:00 KST source publication; usable from next calendar day; ECOS load time unverified,2017-05-19T16:00:00+09:00,2017-05-19,1.44,DGS3,Daily,Percent,2017-05-19T16:15:00-04:00,post-2016-10-11 official daily H.15 calendar at 16:15 ET,none,2017-05-21,2017-05-20T05:15:00+09:00,2017-05-18,-0.2310000000000001,3,4
2017-05-23,1117.1,2017-05-22,2017-05-23,1.685,817Y002,010200000,연%,국고채(3년),KOFIA 16:00 KST source publication; usable from next calendar day; ECOS load time unverified,2017-05-22T16:00:00+09:00,2017-05-19,1.44,DGS3,Daily,Percent,2017-05-19T16:15:00-04:00,post-2016-10-11 official daily H.15 calendar at 16:15 ET,none,2017-05-21,2017-05-20T05:15:00+09:00,2017-05-18,-0.2450000000000001,1,5
2017-05-24,1120.6,2017-05-23,2017-05-24,1.676,817Y002,010200000,연%,국고채(3년),KOFIA 16:00 KST source publication; usable from next calendar day; ECOS load time unverified,2017-05-23T16:00:00+09:00,2017-05-22,1.45,DGS3,Daily,Percent,2017-05-22T16:15:00-04:00,post-2016-10-11 official daily H.15 calendar at 16:15 ET,none,2017-05-24,2017-05-23T05:15:00+09:00,2017-05-19,-0.22599999999999998,1,5
2017-05-25,1126.6,2017-05-24,2017-05-25,1.691,817Y002,010200000,연%,국고채(3년),KOFIA 16:00 KST source publication; usable from next calendar day; ECOS load time unverified,2017-05-24T16:00:00+09:00,2017-05-23,1.45,DGS3,Daily,Percent,2017-05-23T16:15:00-04:00,post-2016-10-11 official daily H.15 calendar at 16:15 ET,none,2017-05-25,2017-05-24T05:15:00+09:00,2017-05-22,-0.2410000000000001,1,3
2017-05-26,1118.0,2017-05-25,2017-05-26,1.681,817Y002,010200000,연%,국고채(3년),KOFIA 16:00 KST source publication; usable from next calendar day; ECOS load time unverified,2017-05-25T16:00:00+09:00,2017-05-24,1.49,DGS3,Daily,Percent,2017-05-24T16:15:00-04:00,post-2016-10-11 official daily H.15 calendar at 16:15 ET,none,2017-05-26,2017-05-25T05:15:00+09:00,2017-05-23,-0.19100000000000006,1,3
2017-05-29,1119.5,2017-05-26,2017-05-27,1.677,817Y002,010200000,연%,국고채(3년),KOFIA 16:00 KST source publication; usable from next calendar day; ECOS load time unverified,2017-05-26T16:00:00+09:00,2017-05-26,1.46,DGS3,Daily,Percent,2017-05-26T16:15:00-04:00,post-2016-10-11 official daily H.15 calendar at 16:15 ET,none,2017-05-28,2017-05-27T05:15:00+09:00,2017-05-25,-0.21700000000000008,3,4
2017-05-30,1120.1,2017-05-29,2017-05-30,1.672,817Y002,010200000,연%,국고채(3년),KOFIA 16:00 KST source publication; usable from next calendar day; ECOS load time unverified,2017-05-29T16:00:00+09:00,2017-05-26,1.46,DGS3,Daily,Percent,2017-05-26T16:15:00-04:00,post-2016-10-11 official daily H.15 calendar at 16:15 ET,none,2017-05-28,2017-05-27T05:15:00+09:00,2017-05-25,-0.21199999999999997,1,5
2017-05-31,1123.9,2017-05-30,2017-05-31,1.658,817Y002,010200000,연%,국고채(3년),KOFIA 16:00 KST source publication; usable from next calendar day; ECOS load time unverified,2017-05-30T16:00:00+09:00,2017-05-26,1.46,DGS3,Daily,Percent,2017-05-26T16:15:00-04:00,post-2016-10-11 official daily H.15 calendar at 16:15 ET,none,2017-05-28,2017-05-27T05:15:00+09:00,2017-05-25,-0.19799999999999995,1,6
2017-06-01,1121.8,2017-05-31,2017-06-01,1.661,817Y002,010200000,연%,국고채(3년),KOFIA 16:00 KST source publication; usable from next calendar day; ECOS load time unverified,2017-05-31T16:00:00+09:00,2017-05-30,1.46,DGS3,Daily,Percent,2017-05-30T16:15:00-04:00,post-2016-10-11 official daily H.15 calendar at 16:15 ET,none,2017-06-01,2017-05-31T05:15:00+09:00,2017-05-26,-0.20100000000000007,1,6
2017-06-02,1120.4,2017-06-01,2017-06-02,1.645,817Y002,010200000,연%,국고채(3년),KOFIA 16:00 KST source publication; usable from next calendar day; ECOS load time unverified,2017-06-01T16:00:00+09:00,2017-05-31,1.44,DGS3,Daily,Percent,2017-05-31T16:15:00-04:00,post-2016-10-11 official daily H.15 calendar at 16:15 ET,none,2017-06-02,2017-06-01T05:15:00+09:00,2017-05-30,-0.20500000000000007,1,3
2017-06-05,1120.9,2017-06-02,2017-06-03,1.63,817Y002,010200000,연%,국고채(3년),KOFIA 16:00 KST source publication; usable from next calendar day; ECOS load time unverified,2017-06-02T16:00:00+09:00,2017-06-02,1.45,DGS3,Daily,Percent,2017-06-02T16:15:00-04:00,post-2016-10-11 official daily H.15 calendar at 16:15 ET,none,2017-06-04,2017-06-03T05:15:00+09:00,2017-06-01,-0.17999999999999994,3,4
2017-06-07,1118.4,2017-06-05,2017-06-06,1.623,817Y002,010200000,연%,국고채(3년),KOFIA 16:00 KST source publication; usable from next calendar day; ECOS load time unverified,2017-06-05T16:00:00+09:00,2017-06-05,1.42,DGS3,Daily,Percent,2017-06-05T16:15:00-04:00,post-2016-10-11 official daily H.15 calendar at 16:15 ET,none,2017-06-07,2017-06-06T05:15:00+09:00,2017-06-02,-0.20300000000000007,2,5
2017-06-08,1122.0,2017-06-07,2017-06-08,1.621,817Y002,010200000,연%,국고채(3년),KOFIA 16:00 KST source publication; usable from next calendar day; ECOS load time unverified,2017-06-07T16:00:00+09:00,2017-06-06,1.45,DGS3,Daily,Percent,2017-06-06T16:15:00-04:00,post-2016-10-11 official daily H.15 calendar at 16:15 ET,none,2017-06-08,2017-06-07T05:15:00+09:00,2017-06-05,-0.17100000000000004,1,3
2017-06-09,1125.0,2017-06-08,2017-06-09,1.637,817Y002,010200000,연%,국고채(3년),KOFIA 16:00 KST source publication; usable from next calendar day; ECOS load time unverified,2017-06-08T16:00:00+09:00,2017-06-07,1.42,DGS3,Daily,Percent,2017-06-07T16:15:00-04:00,post-2016-10-11 official daily H.15 calendar at 16:15 ET,none,2017-06-09,2017-06-08T05:15:00+09:00,2017-06-06,-0.21700000000000008,1,3
2017-06-12,1121.6,2017-06-09,2017-06-10,1.632,817Y002,010200000,연%,국고채(3년),KOFIA 16:00 KST source publication; usable from next calendar day; ECOS load time unverified,2017-06-09T16:00:00+09:00,2017-06-09,1.47,DGS3,Daily,Percent,2017-06-09T16:15:00-04:00,post-2016-10-11 official daily H.15 calendar at 16:15 ET,none,2017-06-11,2017-06-10T05:15:00+09:00,2017-06-08,-0.16199999999999992,3,4
2017-06-13,1126.0,2017-06-12,2017-06-13,1.697,817Y002,010200000,연%,국고채(3년),KOFIA 16:00 KST source publication; usable from next calendar day; ECOS load time unverified,2017-06-12T16:00:00+09:00,2017-06-09,1.47,DGS3,Daily,Percent,2017-06-09T16:15:00-04:00,post-2016-10-11 official daily H.15 calendar at 16:15 ET,none,2017-06-11,2017-06-10T05:15:00+09:00,2017-06-08,-0.2270000000000001,1,5
2017-06-14,1128.9,2017-06-13,2017-06-14,1.661,817Y002,010200000,연%,국고채(3년),KOFIA 16:00 KST source publication; usable from next calendar day; ECOS load time unverified,2017-06-13T16:00:00+09:00,2017-06-12,1.5,DGS3,Daily,Percent,2017-06-12T16:15:00-04:00,post-2016-10-11 official daily H.15 calendar at 16:15 ET,none,2017-06-14,2017-06-13T05:15:00+09:00,2017-06-09,-0.16100000000000003,1,5
2017-06-15,1125.6,2017-06-14,2017-06-15,1.681,817Y002,010200000,연%,국고채(3년),KOFIA 16:00 KST source publication; usable from next calendar day; ECOS load time unverified,2017-06-14T16:00:00+09:00,2017-06-13,1.5,DGS3,Daily,Percent,2017-06-13T16:15:00-04:00,post-2016-10-11 official daily H.15 calendar at 16:15 ET,none,2017-06-15,2017-06-14T05:15:00+09:00,2017-06-12,-0.18100000000000005,1,3
2017-06-16,1122.8,2017-06-15,2017-06-16,1.682,817Y002,010200000,연%,국고채(3년),KOFIA 16:00 KST source publication; usable from next calendar day; ECOS load time unverified,2017-06-15T16:00:00+09:00,2017-06-14,1.51,DGS3,Daily,Percent,2017-06-14T16:15:00-04:00,post-2016-10-11 official daily H.15 calendar at 16:15 ET,none,2017-06-16,2017-06-15T05:15:00+09:00,2017-06-13,-0.17199999999999993,1,3
2017-06-19,1133.0,2017-06-16,2017-06-17,1.695,817Y002,010200000,연%,국고채(3년),KOFIA 16:00 KST source publication; usable from next calendar day; ECOS load time unverified,2017-06-16T16:00:00+09:00,2017-06-16,1.49,DGS3,Daily,Percent,2017-06-16T16:15:00-04:00,post-2016-10-11 official daily H.15 calendar at 16:15 ET,none,2017-06-18,2017-06-17T05:15:00+09:00,2017-06-15,-0.20500000000000007,3,4
2017-06-20,1131.4,2017-06-19,2017-06-20,1.683,817Y002,010200000,연%,국고채(3년),KOFIA 16:00 KST source publication; usable from next calendar day; ECOS load time unverified,2017-06-19T16:00:00+09:00,2017-06-16,1.49,DGS3,Daily,Percent,2017-06-16T16:15:00-04:00,post-2016-10-11 official daily H.15 calendar at 16:15 ET,none,2017-06-18,2017-06-17T05:15:00+09:00,2017-06-15,-0.19300000000000006,1,5
2017-06-21,1137.0,2017-06-20,2017-06-21,1.685,817Y002,010200000,연%,국고채(3년),KOFIA 16:00 KST source publication; usable from next calendar day; ECOS load time unverified,2017-06-20T16:00:00+09:00,2017-06-19,1.48,DGS3,Daily,Percent,2017-06-19T16:15:00-04:00,post-2016-10-11 official daily H.15 calendar at 16:15 ET,none,2017-06-21,2017-06-20T05:15:00+09:00,2017-06-16,-0.20500000000000007,1,5
2017-06-22,1142.2,2017-06-21,2017-06-22,1.692,817Y002,010200000,연%,국고채(3년),KOFIA 16:00 KST source publication; usable from next calendar day; ECOS load time unverified,2017-06-21T16:00:00+09:00,2017-06-20,1.52,DGS3,Daily,Percent,2017-06-20T16:15:00-04:00,post-2016-10-11 official daily H.15 calendar at 16:15 ET,none,2017-06-22,2017-06-21T05:15:00+09:00,2017-06-19,-0.17199999999999993,1,3
2017-06-23,1140.8,2017-06-22,2017-06-23,1.701,817Y002,010200000,연%,국고채(3년),KOFIA 16:00 KST source publication; usable from next calendar day; ECOS load time unverified,2017-06-22T16:00:00+09:00,2017-06-21,1.5,DGS3,Daily,Percent,2017-06-21T16:15:00-04:00,post-2016-10-11 official daily H.15 calendar at 16:15 ET,none,2017-06-23,2017-06-22T05:15:00+09:00,2017-06-20,-0.20100000000000007,1,3
2017-06-26,1140.1,2017-06-23,2017-06-24,1.688,817Y002,010200000,연%,국고채(3년),KOFIA 16:00 KST source publication; usable from next calendar day; ECOS load time unverified,2017-06-23T16:00:00+09:00,2017-06-23,1.48,DGS3,Daily,Percent,2017-06-23T16:15:00-04:00,post-2016-10-11 official daily H.15 calendar at 16:15 ET,none,2017-06-25,2017-06-24T05:15:00+09:00,2017-06-22,-0.20799999999999996,3,4
2017-06-27,1135.2,2017-06-26,2017-06-27,1.686,817Y002,010200000,연%,국고채(3년),KOFIA 16:00 KST source publication; usable from next calendar day; ECOS load time unverified,2017-06-26T16:00:00+09:00,2017-06-23,1.48,DGS3,Daily,Percent,2017-06-23T16:15:00-04:00,post-2016-10-11 official daily H.15 calendar at 16:15 ET,none,2017-06-25,2017-06-24T05:15:00+09:00,2017-06-22,-0.20599999999999996,1,5
2017-06-28,1136.4,2017-06-27,2017-06-28,1.681,817Y002,010200000,연%,국고채(3년),KOFIA 16:00 KST source publication; usable from next calendar day; ECOS load time unverified,2017-06-27T16:00:00+09:00,2017-06-26,1.48,DGS3,Daily,Percent,2017-06-26T16:15:00-04:00,post-2016-10-11 official daily H.15 calendar at 16:15 ET,none,2017-06-28,2017-06-27T05:15:00+09:00,2017-06-23,-0.20100000000000007,1,5
2017-06-29,1141.7,2017-06-28,2017-06-29,1.711,817Y002,010200000,연%,국고채(3년),KOFIA 16:00 KST source publication; usable from next calendar day; ECOS load time unverified,2017-06-28T16:00:00+09:00,2017-06-27,1.48,DGS3,Daily,Percent,2017-06-27T16:15:00-04:00,post-2016-10-11 official daily H.15 calendar at 16:15 ET,none,2017-06-29,2017-06-28T05:15:00+09:00,2017-06-26,-0.2310000000000001,1,3
2017-06-30,1139.6,2017-06-29,2017-06-30,1.7,817Y002,010200000,연%,국고채(3년),KOFIA 16:00 KST source publication; usable from next calendar day; ECOS load time unverified,2017-06-29T16:00:00+09:00,2017-06-28,1.53,DGS3,Daily,Percent,2017-06-28T16:15:00-04:00,post-2016-10-11 official daily H.15 calendar at 16:15 ET,none,2017-06-30,2017-06-29T05:15:00+09:00,2017-06-27,-0.16999999999999993,1,3
2017-07-03,1144.0,2017-06-30,2017-07-01,1.698,817Y002,010200000,연%,국고채(3년),KOFIA 16:00 KST source publication; usable from next calendar day; ECOS load time unverified,2017-06-30T16:00:00+09:00,2017-06-30,1.53,DGS3,Daily,Percent,2017-06-30T16:15:00-04:00,post-2016-10-11 official daily H.15 calendar at 16:15 ET,none,2017-07-02,2017-07-01T05:15:00+09:00,2017-06-29,-0.16799999999999993,3,4
2017-07-04,1145.0,2017-07-03,2017-07-04,1.716,817Y002,010200000,연%,국고채(3년),KOFIA 16:00 KST source publication; usable from next calendar day; ECOS load time unverified,2017-07-03T16:00:00+09:00,2017-06-30,1.53,DGS3,Daily,Percent,2017-06-30T16:15:00-04:00,post-2016-10-11 official daily H.15 calendar at 16:15 ET,none,2017-07-02,2017-07-01T05:15:00+09:00,2017-06-29,-0.18599999999999994,1,5
2017-07-05,1149.3,2017-07-04,2017-07-05,1.74,817Y002,010200000,연%,국고채(3년),KOFIA 16:00 KST source publication; usable from next calendar day; ECOS load time unverified,2017-07-04T16:00:00+09:00,2017-07-03,1.55,DGS3,Daily,Percent,2017-07-03T16:15:00-04:00,post-2016-10-11 official daily H.15 calendar at 16:15 ET,none,2017-07-05,2017-07-04T05:15:00+09:00,2017-06-30,-0.18999999999999995,1,5
2017-07-06,1149.3,2017-07-05,2017-07-06,1.745,817Y002,010200000,연%,국고채(3년),KOFIA 16:00 KST source publication; usable from next calendar day; ECOS load time unverified,2017-07-05T16:00:00+09:00,2017-07-03,1.55,DGS3,Daily,Percent,2017-07-03T16:15:00-04:00,post-2016-10-11 official daily H.15 calendar at 16:15 ET,none,2017-07-05,2017-07-04T05:15:00+09:00,2017-06-30,-0.19500000000000006,1,6
2017-07-07,1153.5,2017-07-06,2017-07-07,1.75,817Y002,010200000,연%,국고채(3년),KOFIA 16:00 KST source publication; usable from next calendar day; ECOS load time unverified,2017-07-06T16:00:00+09:00,2017-07-05,1.6,DGS3,Daily,Percent,2017-07-05T16:15:00-04:00,post-2016-10-11 official daily H.15 calendar at 16:15 ET,none,2017-07-07,2017-07-06T05:15:00+09:00,2017-07-03,-0.1499999999999999,1,4
2017-07-10,1155.8,2017-07-07,2017-07-08,1.781,817Y002,010200000,연%,국고채(3년),KOFIA 16:00 KST source publication; usable from next calendar day; ECOS load time unverified,2017-07-07T16:00:00+09:00,2017-07-07,1.6,DGS3,Daily,Percent,2017-07-07T16:15:00-04:00,post-2016-10-11 official daily H.15 calendar at 16:15 ET,none,2017-07-09,2017-07-08T05:15:00+09:00,2017-07-06,-0.18099999999999983,3,4
2017-07-11,1149.9,2017-07-10,2017-07-11,1.756,817Y002,010200000,연%,국고채(3년),KOFIA 16:00 KST source publication; usable from next calendar day; ECOS load time unverified,2017-07-10T16:00:00+09:00,2017-07-07,1.6,DGS3,Daily,Percent,2017-07-07T16:15:00-04:00,post-2016-10-11 official daily H.15 calendar at 16:15 ET,none,2017-07-09,2017-07-08T05:15:00+09:00,2017-07-06,-0.15599999999999992,1,5
2017-07-12,1150.1,2017-07-11,2017-07-12,1.762,817Y002,010200000,연%,국고채(3년),KOFIA 16:00 KST source publication; usable from next calendar day; ECOS load time unverified,2017-07-11T16:00:00+09:00,2017-07-10,1.6,DGS3,Daily,Percent,2017-07-10T16:15:00-04:00,post-2016-10-11 official daily H.15 calendar at 16:15 ET,none,2017-07-12,2017-07-11T05:15:00+09:00,2017-07-07,-0.16199999999999992,1,5
2017-07-13,1145.6,2017-07-12,2017-07-13,1.762,817Y002,010200000,연%,국고채(3년),KOFIA 16:00 KST source publication; usable from next calendar day; ECOS load time unverified,2017-07-12T16:00:00+09:00,2017-07-11,1.59,DGS3,Daily,Percent,2017-07-11T16:15:00-04:00,post-2016-10-11 official daily H.15 calendar at 16:15 ET,none,2017-07-13,2017-07-12T05:15:00+09:00,2017-07-10,-0.17199999999999993,1,3
2017-07-14,1137.5,2017-07-13,2017-07-14,1.745,817Y002,010200000,연%,국고채(3년),KOFIA 16:00 KST source publication; usable from next calendar day; ECOS load time unverified,2017-07-13T16:00:00+09:00,2017-07-12,1.57,DGS3,Daily,Percent,2017-07-12T16:15:00-04:00,post-2016-10-11 official daily H.15 calendar at 16:15 ET,none,2017-07-14,2017-07-13T05:15:00+09:00,2017-07-11,-0.17500000000000004,1,3
2017-07-17,1136.0,2017-07-14,2017-07-15,1.75,817Y002,010200000,연%,국고채(3년),KOFIA 16:00 KST source publication; usable from next calendar day; ECOS load time unverified,2017-07-14T16:00:00+09:00,2017-07-14,1.55,DGS3,Daily,Percent,2017-07-14T16:15:00-04:00,post-2016-10-11 official daily H.15 calendar at 16:15 ET,none,2017-07-16,2017-07-15T05:15:00+09:00,2017-07-13,-0.19999999999999996,3,4
2017-07-18,1128.2,2017-07-17,2017-07-18,1.754,817Y002,010200000,연%,국고채(3년),KOFIA 16:00 KST source publication; usable from next calendar day; ECOS load time unverified,2017-07-17T16:00:00+09:00,2017-07-14,1.55,DGS3,Daily,Percent,2017-07-14T16:15:00-04:00,post-2016-10-11 official daily H.15 calendar at 16:15 ET,none,2017-07-16,2017-07-15T05:15:00+09:00,2017-07-13,-0.20399999999999996,1,5
2017-07-19,1126.3,2017-07-18,2017-07-19,1.746,817Y002,010200000,연%,국고채(3년),KOFIA 16:00 KST source publication; usable from next calendar day; ECOS load time unverified,2017-07-18T16:00:00+09:00,2017-07-17,1.54,DGS3,Daily,Percent,2017-07-17T16:15:00-04:00,post-2016-10-11 official daily H.15 calendar at 16:15 ET,none,2017-07-19,2017-07-18T05:15:00+09:00,2017-07-14,-0.20599999999999996,1,5
2017-07-20,1121.8,2017-07-19,2017-07-20,1.747,817Y002,010200000,연%,국고채(3년),KOFIA 16:00 KST source publication; usable from next calendar day; ECOS load time unverified,2017-07-19T16:00:00+09:00,2017-07-18,1.53,DGS3,Daily,Percent,2017-07-18T16:15:00-04:00,post-2016-10-11 official daily H.15 calendar at 16:15 ET,none,2017-07-20,2017-07-19T05:15:00+09:00,2017-07-17,-0.21700000000000008,1,3
2017-07-21,1124.9,2017-07-20,2017-07-21,1.74,817Y002,010200000,연%,국고채(3년),KOFIA 16:00 KST source publication; usable from next calendar day; ECOS load time unverified,2017-07-20T16:00:00+09:00,2017-07-19,1.52,DGS3,Daily,Percent,2017-07-19T16:15:00-04:00,post-2016-10-11 official daily H.15 calendar at 16:15 ET,none,2017-07-21,2017-07-20T05:15:00+09:00,2017-07-18,-0.21999999999999997,1,3
2017-07-24,1121.2,2017-07-21,2017-07-22,1.721,817Y002,010200000,연%,국고채(3년),KOFIA 16:00 KST source publication; usable from next calendar day; ECOS load time unverified,2017-07-21T16:00:00+09:00,2017-07-21,1.51,DGS3,Daily,Percent,2017-07-21T16:15:00-04:00,post-2016-10-11 official daily H.15 calendar at 16:15 ET,none,2017-07-23,2017-07-22T05:15:00+09:00,2017-07-20,-0.21100000000000008,3,4
2017-07-25,1116.1,2017-07-24,2017-07-25,1.72,817Y002,010200000,연%,국고채(3년),KOFIA 16:00 KST source publication; usable from next calendar day; ECOS load time unverified,2017-07-24T16:00:00+09:00,2017-07-21,1.51,DGS3,Daily,Percent,2017-07-21T16:15:00-04:00,post-2016-10-11 official daily H.15 calendar at 16:15 ET,none,2017-07-23,2017-07-22T05:15:00+09:00,2017-07-20,-0.20999999999999996,1,5
2017-07-26,1116.1,2017-07-25,2017-07-26,1.709,817Y002,010200000,연%,국고채(3년),KOFIA 16:00 KST source publication; usable from next calendar day; ECOS load time unverified,2017-07-25T16:00:00+09:00,2017-07-24,1.5,DGS3,Daily,Percent,2017-07-24T16:15:00-04:00,post-2016-10-11 official daily H.15 calendar at 16:15 ET,none,2017-07-26,2017-07-25T05:15:00+09:00,2017-07-21,-0.20900000000000007,1,5
2017-07-27,1120.3,2017-07-26,2017-07-27,1.729,817Y002,010200000,연%,국고채(3년),KOFIA 16:00 KST source publication; usable from next calendar day; ECOS load time unverified,2017-07-26T16:00:00+09:00,2017-07-25,1.53,DGS3,Daily,Percent,2017-07-25T16:15:00-04:00,post-2016-10-11 official daily H.15 calendar at 16:15 ET,none,2017-07-27,2017-07-26T05:15:00+09:00,2017-07-24,-0.19900000000000007,1,3
2017-07-28,1112.5,2017-07-27,2017-07-28,1.712,817Y002,010200000,연%,국고채(3년),KOFIA 16:00 KST source publication; usable from next calendar day; ECOS load time unverified,2017-07-27T16:00:00+09:00,2017-07-26,1.56,DGS3,Daily,Percent,2017-07-26T16:15:00-04:00,post-2016-10-11 official daily H.15 calendar at 16:15 ET,none,2017-07-28,2017-07-27T05:15:00+09:00,2017-07-25,-0.1519999999999999,1,3
2017-07-31,1119.1,2017-07-28,2017-07-29,1.723,817Y002,010200000,연%,국고채(3년),KOFIA 16:00 KST source publication; usable from next calendar day; ECOS load time unverified,2017-07-28T16:00:00+09:00,2017-07-28,1.52,DGS3,Daily,Percent,2017-07-28T16:15:00-04:00,post-2016-10-11 official daily H.15 calendar at 16:15 ET,none,2017-07-30,2017-07-29T05:15:00+09:00,2017-07-27,-0.20300000000000007,3,4
2017-08-01,1121.9,2017-07-31,2017-08-01,1.724,817Y002,010200000,연%,국고채(3년),KOFIA 16:00 KST source publication; usable from next calendar day; ECOS load time unverified,2017-07-31T16:00:00+09:00,2017-07-28,1.52,DGS3,Daily,Percent,2017-07-28T16:15:00-04:00,post-2016-10-11 official daily H.15 calendar at 16:15 ET,none,2017-07-30,2017-07-29T05:15:00+09:00,2017-07-27,-0.20399999999999996,1,5
2017-08-02,1118.0,2017-08-01,2017-08-02,1.733,817Y002,010200000,연%,국고채(3년),KOFIA 16:00 KST source publication; usable from next calendar day; ECOS load time unverified,2017-08-01T16:00:00+09:00,2017-07-31,1.51,DGS3,Daily,Percent,2017-07-31T16:15:00-04:00,post-2016-10-11 official daily H.15 calendar at 16:15 ET,none,2017-08-02,2017-08-01T05:15:00+09:00,2017-07-28,-0.2230000000000001,1,5
2017-08-03,1123.2,2017-08-02,2017-08-03,1.73,817Y002,010200000,연%,국고채(3년),KOFIA 16:00 KST source publication; usable from next calendar day; ECOS load time unverified,2017-08-02T16:00:00+09:00,2017-08-01,1.51,DGS3,Daily,Percent,2017-08-01T16:15:00-04:00,post-2016-10-11 official daily H.15 calendar at 16:15 ET,none,2017-08-03,2017-08-02T05:15:00+09:00,2017-07-31,-0.21999999999999997,1,3
2017-08-04,1127.6,2017-08-03,2017-08-04,1.737,817Y002,010200000,연%,국고채(3년),KOFIA 16:00 KST source publication; usable from next calendar day; ECOS load time unverified,2017-08-03T16:00:00+09:00,2017-08-02,1.5,DGS3,Daily,Percent,2017-08-02T16:15:00-04:00,post-2016-10-11 official daily H.15 calendar at 16:15 ET,none,2017-08-04,2017-08-03T05:15:00+09:00,2017-08-01,-0.2370000000000001,1,3
2017-08-07,1125.4,2017-08-04,2017-08-05,1.742,817Y002,010200000,연%,국고채(3년),KOFIA 16:00 KST source publication; usable from next calendar day; ECOS load time unverified,2017-08-04T16:00:00+09:00,2017-08-04,1.49,DGS3,Daily,Percent,2017-08-04T16:15:00-04:00,post-2016-10-11 official daily H.15 calendar at 16:15 ET,none,2017-08-06,2017-08-05T05:15:00+09:00,2017-08-03,-0.252,3,4
2017-08-08,1127.3,2017-08-07,2017-08-08,1.772,817Y002,010200000,연%,국고채(3년),KOFIA 16:00 KST source publication; usable from next calendar day; ECOS load time unverified,2017-08-07T16:00:00+09:00,2017-08-04,1.49,DGS3,Daily,Percent,2017-08-04T16:15:00-04:00,post-2016-10-11 official daily H.15 calendar at 16:15 ET,none,2017-08-06,2017-08-05T05:15:00+09:00,2017-08-03,-0.28200000000000003,1,5
2017-08-09,1125.4,2017-08-08,2017-08-09,1.805,817Y002,010200000,연%,국고채(3년),KOFIA 16:00 KST source publication; usable from next calendar day; ECOS load time unverified,2017-08-08T16:00:00+09:00,2017-08-07,1.51,DGS3,Daily,Percent,2017-08-07T16:15:00-04:00,post-2016-10-11 official daily H.15 calendar at 16:15 ET,none,2017-08-09,2017-08-08T05:15:00+09:00,2017-08-04,-0.29499999999999993,1,5
2017-08-10,1134.7,2017-08-09,2017-08-10,1.833,817Y002,010200000,연%,국고채(3년),KOFIA 16:00 KST source publication; usable from next calendar day; ECOS load time unverified,2017-08-09T16:00:00+09:00,2017-08-08,1.52,DGS3,Daily,Percent,2017-08-08T16:15:00-04:00,post-2016-10-11 official daily H.15 calendar at 16:15 ET,none,2017-08-10,2017-08-09T05:15:00+09:00,2017-08-07,-0.31299999999999994,1,3
2017-08-11,1141.1,2017-08-10,2017-08-11,1.824,817Y002,010200000,연%,국고채(3년),KOFIA 16:00 KST source publication; usable from next calendar day; ECOS load time unverified,2017-08-10T16:00:00+09:00,2017-08-09,1.53,DGS3,Daily,Percent,2017-08-09T16:15:00-04:00,post-2016-10-11 official daily H.15 calendar at 16:15 ET,none,2017-08-11,2017-08-10T05:15:00+09:00,2017-08-08,-0.29400000000000004,1,3
2017-08-14,1146.3,2017-08-11,2017-08-12,1.804,817Y002,010200000,연%,국고채(3년),KOFIA 16:00 KST source publication; usable from next calendar day; ECOS load time unverified,2017-08-11T16:00:00+09:00,2017-08-11,1.49,DGS3,Daily,Percent,2017-08-11T16:15:00-04:00,post-2016-10-11 official daily H.15 calendar at 16:15 ET,none,2017-08-13,2017-08-12T05:15:00+09:00,2017-08-10,-0.31400000000000006,3,4
2017-08-16,1138.2,2017-08-14,2017-08-15,1.802,817Y002,010200000,연%,국고채(3년),KOFIA 16:00 KST source publication; usable from next calendar day; ECOS load time unverified,2017-08-14T16:00:00+09:00,2017-08-14,1.43,DGS3,Daily,Percent,2017-08-14T16:15:00-04:00,post-2016-10-11 official daily H.15 calendar at 16:15 ET,none,2017-08-16,2017-08-15T05:15:00+09:00,2017-08-11,-0.3720000000000001,2,5
2017-08-17,1139.6,2017-08-16,2017-08-17,1.821,817Y002,010200000,연%,국고채(3년),KOFIA 16:00 KST source publication; usable from next calendar day; ECOS load time unverified,2017-08-16T16:00:00+09:00,2017-08-15,1.48,DGS3,Daily,Percent,2017-08-15T16:15:00-04:00,post-2016-10-11 official daily H.15 calendar at 16:15 ET,none,2017-08-17,2017-08-16T05:15:00+09:00,2017-08-14,-0.34099999999999997,1,3
2017-08-18,1135.9,2017-08-17,2017-08-18,1.801,817Y002,010200000,연%,국고채(3년),KOFIA 16:00 KST source publication; usable from next calendar day; ECOS load time unverified,2017-08-17T16:00:00+09:00,2017-08-16,1.51,DGS3,Daily,Percent,2017-08-16T16:15:00-04:00,post-2016-10-11 official daily H.15 calendar at 16:15 ET,none,2017-08-18,2017-08-17T05:15:00+09:00,2017-08-15,-0.2909999999999999,1,3
2017-08-21,1142.0,2017-08-18,2017-08-19,1.777,817Y002,010200000,연%,국고채(3년),KOFIA 16:00 KST source publication; usable from next calendar day; ECOS load time unverified,2017-08-18T16:00:00+09:00,2017-08-18,1.46,DGS3,Daily,Percent,2017-08-18T16:15:00-04:00,post-2016-10-11 official daily H.15 calendar at 16:15 ET,none,2017-08-20,2017-08-19T05:15:00+09:00,2017-08-17,-0.31699999999999995,3,4
2017-08-22,1138.3,2017-08-21,2017-08-22,1.784,817Y002,010200000,연%,국고채(3년),KOFIA 16:00 KST source publication; usable from next calendar day; ECOS load time unverified,2017-08-21T16:00:00+09:00,2017-08-18,1.46,DGS3,Daily,Percent,2017-08-18T16:15:00-04:00,post-2016-10-11 official daily H.15 calendar at 16:15 ET,none,2017-08-20,2017-08-19T05:15:00+09:00,2017-08-17,-0.32400000000000007,1,5
2017-08-23,1135.6,2017-08-22,2017-08-23,1.803,817Y002,010200000,연%,국고채(3년),KOFIA 16:00 KST source publication; usable from next calendar day; ECOS load time unverified,2017-08-22T16:00:00+09:00,2017-08-21,1.47,DGS3,Daily,Percent,2017-08-21T16:15:00-04:00,post-2016-10-11 official daily H.15 calendar at 16:15 ET,none,2017-08-23,2017-08-22T05:15:00+09:00,2017-08-18,-0.33299999999999996,1,5
2017-08-24,1130.9,2017-08-23,2017-08-24,1.797,817Y002,010200000,연%,국고채(3년),KOFIA 16:00 KST source publication; usable from next calendar day; ECOS load time unverified,2017-08-23T16:00:00+09:00,2017-08-22,1.46,DGS3,Daily,Percent,2017-08-22T16:15:00-04:00,post-2016-10-11 official daily H.15 calendar at 16:15 ET,none,2017-08-24,2017-08-23T05:15:00+09:00,2017-08-21,-0.33699999999999997,1,3
2017-08-25,1127.3,2017-08-24,2017-08-25,1.801,817Y002,010200000,연%,국고채(3년),KOFIA 16:00 KST source publication; usable from next calendar day; ECOS load time unverified,2017-08-24T16:00:00+09:00,2017-08-23,1.48,DGS3,Daily,Percent,2017-08-23T16:15:00-04:00,post-2016-10-11 official daily H.15 calendar at 16:15 ET,none,2017-08-25,2017-08-24T05:15:00+09:00,2017-08-22,-0.32099999999999995,1,3
2017-08-28,1129.2,2017-08-25,2017-08-26,1.755,817Y002,010200000,연%,국고채(3년),KOFIA 16:00 KST source publication; usable from next calendar day; ECOS load time unverified,2017-08-25T16:00:00+09:00,2017-08-25,1.47,DGS3,Daily,Percent,2017-08-25T16:15:00-04:00,post-2016-10-11 official daily H.15 calendar at 16:15 ET,none,2017-08-27,2017-08-26T05:15:00+09:00,2017-08-24,-0.2849999999999999,3,4
2017-08-29,1120.4,2017-08-28,2017-08-29,1.758,817Y002,010200000,연%,국고채(3년),KOFIA 16:00 KST source publication; usable from next calendar day; ECOS load time unverified,2017-08-28T16:00:00+09:00,2017-08-25,1.47,DGS3,Daily,Percent,2017-08-25T16:15:00-04:00,post-2016-10-11 official daily H.15 calendar at 16:15 ET,none,2017-08-27,2017-08-26T05:15:00+09:00,2017-08-24,-0.28800000000000003,1,5
2017-08-30,1126.2,2017-08-29,2017-08-30,1.772,817Y002,010200000,연%,국고채(3년),KOFIA 16:00 KST source publication; usable from next calendar day; ECOS load time unverified,2017-08-29T16:00:00+09:00,2017-08-28,1.47,DGS3,Daily,Percent,2017-08-28T16:15:00-04:00,post-2016-10-11 official daily H.15 calendar at 16:15 ET,none,2017-08-30,2017-08-29T05:15:00+09:00,2017-08-25,-0.30200000000000005,1,5
2017-08-31,1122.8,2017-08-30,2017-08-31,1.752,817Y002,010200000,연%,국고채(3년),KOFIA 16:00 KST source publication; usable from next calendar day; ECOS load time unverified,2017-08-30T16:00:00+09:00,2017-08-29,1.46,DGS3,Daily,Percent,2017-08-29T16:15:00-04:00,post-2016-10-11 official daily H.15 calendar at 16:15 ET,none,2017-08-31,2017-08-30T05:15:00+09:00,2017-08-28,-0.29200000000000004,1,3
2017-09-01,1125.8,2017-08-31,2017-09-01,1.747,817Y002,010200000,연%,국고채(3년),KOFIA 16:00 KST source publication; usable from next calendar day; ECOS load time unverified,2017-08-31T16:00:00+09:00,2017-08-30,1.43,DGS3,Daily,Percent,2017-08-30T16:15:00-04:00,post-2016-10-11 official daily H.15 calendar at 16:15 ET,none,2017-09-01,2017-08-31T05:15:00+09:00,2017-08-29,-0.31700000000000017,1,3
2017-09-04,1122.7,2017-09-01,2017-09-02,1.747,817Y002,010200000,연%,국고채(3년),KOFIA 16:00 KST source publication; usable from next calendar day; ECOS load time unverified,2017-09-01T16:00:00+09:00,2017-09-01,1.44,DGS3,Daily,Percent,2017-09-01T16:15:00-04:00,post-2016-10-11 official daily H.15 calendar at 16:15 ET,none,2017-09-03,2017-09-02T05:15:00+09:00,2017-08-31,-0.30700000000000016,3,4
2017-09-05,1131.5,2017-09-04,2017-09-05,1.782,817Y002,010200000,연%,국고채(3년),KOFIA 16:00 KST source publication; usable from next calendar day; ECOS load time unverified,2017-09-04T16:00:00+09:00,2017-09-01,1.44,DGS3,Daily,Percent,2017-09-01T16:15:00-04:00,post-2016-10-11 official daily H.15 calendar at 16:15 ET,none,2017-09-03,2017-09-02T05:15:00+09:00,2017-08-31,-0.3420000000000001,1,5
2017-09-06,1131.3,2017-09-05,2017-09-06,1.78,817Y002,010200000,연%,국고채(3년),KOFIA 16:00 KST source publication; usable from next calendar day; ECOS load time unverified,2017-09-05T16:00:00+09:00,2017-09-01,1.44,DGS3,Daily,Percent,2017-09-01T16:15:00-04:00,post-2016-10-11 official daily H.15 calendar at 16:15 ET,none,2017-09-03,2017-09-02T05:15:00+09:00,2017-08-31,-0.3400000000000001,1,6
2017-09-07,1133.7,2017-09-06,2017-09-07,1.775,817Y002,010200000,연%,국고채(3년),KOFIA 16:00 KST source publication; usable from next calendar day; ECOS load time unverified,2017-09-06T16:00:00+09:00,2017-09-05,1.46,DGS3,Daily,Percent,2017-09-05T16:15:00-04:00,post-2016-10-11 official daily H.15 calendar at 16:15 ET,none,2017-09-07,2017-09-06T05:15:00+09:00,2017-09-01,-0.31499999999999995,1,6
2017-09-08,1129.6,2017-09-07,2017-09-08,1.782,817Y002,010200000,연%,국고채(3년),KOFIA 16:00 KST source publication; usable from next calendar day; ECOS load time unverified,2017-09-07T16:00:00+09:00,2017-09-06,1.4,DGS3,Daily,Percent,2017-09-06T16:15:00-04:00,post-2016-10-11 official daily H.15 calendar at 16:15 ET,none,2017-09-08,2017-09-07T05:15:00+09:00,2017-09-05,-0.3820000000000001,1,3
2017-09-11,1126.8,2017-09-08,2017-09-09,1.758,817Y002,010200000,연%,국고채(3년),KOFIA 16:00 KST source publication; usable from next calendar day; ECOS load time unverified,2017-09-08T16:00:00+09:00,2017-09-08,1.38,DGS3,Daily,Percent,2017-09-08T16:15:00-04:00,post-2016-10-11 official daily H.15 calendar at 16:15 ET,none,2017-09-10,2017-09-09T05:15:00+09:00,2017-09-07,-0.3780000000000001,3,4
2017-09-12,1129.5,2017-09-11,2017-09-12,1.757,817Y002,010200000,연%,국고채(3년),KOFIA 16:00 KST source publication; usable from next calendar day; ECOS load time unverified,2017-09-11T16:00:00+09:00,2017-09-08,1.38,DGS3,Daily,Percent,2017-09-08T16:15:00-04:00,post-2016-10-11 official daily H.15 calendar at 16:15 ET,none,2017-09-10,2017-09-09T05:15:00+09:00,2017-09-07,-0.377,1,5
2017-09-13,1129.8,2017-09-12,2017-09-13,1.753,817Y002,010200000,연%,국고채(3년),KOFIA 16:00 KST source publication; usable from next calendar day; ECOS load time unverified,2017-09-12T16:00:00+09:00,2017-09-11,1.39,DGS3,Daily,Percent,2017-09-11T16:15:00-04:00,post-2016-10-11 official daily H.15 calendar at 16:15 ET,none,2017-09-13,2017-09-12T05:15:00+09:00,2017-09-08,-0.363,1,5
2017-09-14,1127.5,2017-09-13,2017-09-14,1.742,817Y002,010200000,연%,국고채(3년),KOFIA 16:00 KST source publication; usable from next calendar day; ECOS load time unverified,2017-09-13T16:00:00+09:00,2017-09-12,1.44,DGS3,Daily,Percent,2017-09-12T16:15:00-04:00,post-2016-10-11 official daily H.15 calendar at 16:15 ET,none,2017-09-14,2017-09-13T05:15:00+09:00,2017-09-11,-0.30200000000000005,1,3
2017-09-15,1132.5,2017-09-14,2017-09-15,1.742,817Y002,010200000,연%,국고채(3년),KOFIA 16:00 KST source publication; usable from next calendar day; ECOS load time unverified,2017-09-14T16:00:00+09:00,2017-09-13,1.46,DGS3,Daily,Percent,2017-09-13T16:15:00-04:00,post-2016-10-11 official daily H.15 calendar at 16:15 ET,none,2017-09-15,2017-09-14T05:15:00+09:00,2017-09-12,-0.28200000000000003,1,3
2017-09-18,1133.5,2017-09-15,2017-09-16,1.739,817Y002,010200000,연%,국고채(3년),KOFIA 16:00 KST source publication; usable from next calendar day; ECOS load time unverified,2017-09-15T16:00:00+09:00,2017-09-15,1.5,DGS3,Daily,Percent,2017-09-15T16:15:00-04:00,post-2016-10-11 official daily H.15 calendar at 16:15 ET,none,2017-09-17,2017-09-16T05:15:00+09:00,2017-09-14,-0.2390000000000001,3,4
2017-09-19,1127.9,2017-09-18,2017-09-19,1.742,817Y002,010200000,연%,국고채(3년),KOFIA 16:00 KST source publication; usable from next calendar day; ECOS load time unverified,2017-09-18T16:00:00+09:00,2017-09-15,1.5,DGS3,Daily,Percent,2017-09-15T16:15:00-04:00,post-2016-10-11 official daily H.15 calendar at 16:15 ET,none,2017-09-17,2017-09-16T05:15:00+09:00,2017-09-14,-0.242,1,5
2017-09-20,1130.0,2017-09-19,2017-09-20,1.779,817Y002,010200000,연%,국고채(3년),KOFIA 16:00 KST source publication; usable from next calendar day; ECOS load time unverified,2017-09-19T16:00:00+09:00,2017-09-18,1.53,DGS3,Daily,Percent,2017-09-18T16:15:00-04:00,post-2016-10-11 official daily H.15 calendar at 16:15 ET,none,2017-09-20,2017-09-19T05:15:00+09:00,2017-09-15,-0.2489999999999999,1,5
2017-09-21,1129.1,2017-09-20,2017-09-21,1.775,817Y002,010200000,연%,국고채(3년),KOFIA 16:00 KST source publication; usable from next calendar day; ECOS load time unverified,2017-09-20T16:00:00+09:00,2017-09-19,1.54,DGS3,Daily,Percent,2017-09-19T16:15:00-04:00,post-2016-10-11 official daily H.15 calendar at 16:15 ET,none,2017-09-21,2017-09-20T05:15:00+09:00,2017-09-18,-0.23499999999999988,1,3
2017-09-22,1132.8,2017-09-21,2017-09-22,1.781,817Y002,010200000,연%,국고채(3년),KOFIA 16:00 KST source publication; usable from next calendar day; ECOS load time unverified,2017-09-21T16:00:00+09:00,2017-09-20,1.55,DGS3,Daily,Percent,2017-09-20T16:15:00-04:00,post-2016-10-11 official daily H.15 calendar at 16:15 ET,none,2017-09-22,2017-09-21T05:15:00+09:00,2017-09-19,-0.23099999999999987,1,3
2017-09-25,1136.3,2017-09-22,2017-09-23,1.775,817Y002,010200000,연%,국고채(3년),KOFIA 16:00 KST source publication; usable from next calendar day; ECOS load time unverified,2017-09-22T16:00:00+09:00,2017-09-22,1.59,DGS3,Daily,Percent,2017-09-22T16:15:00-04:00,post-2016-10-11 official daily H.15 calendar at 16:15 ET,none,2017-09-24,2017-09-23T05:15:00+09:00,2017-09-21,-0.18499999999999983,3,4
2017-09-26,1130.7,2017-09-25,2017-09-26,1.786,817Y002,010200000,연%,국고채(3년),KOFIA 16:00 KST source publication; usable from next calendar day; ECOS load time unverified,2017-09-25T16:00:00+09:00,2017-09-22,1.59,DGS3,Daily,Percent,2017-09-22T16:15:00-04:00,post-2016-10-11 official daily H.15 calendar at 16:15 ET,none,2017-09-24,2017-09-23T05:15:00+09:00,2017-09-21,-0.19599999999999995,1,5
2017-09-27,1136.3,2017-09-26,2017-09-27,1.832,817Y002,010200000,연%,국고채(3년),KOFIA 16:00 KST source publication; usable from next calendar day; ECOS load time unverified,2017-09-26T16:00:00+09:00,2017-09-25,1.58,DGS3,Daily,Percent,2017-09-25T16:15:00-04:00,post-2016-10-11 official daily H.15 calendar at 16:15 ET,none,2017-09-27,2017-09-26T05:15:00+09:00,2017-09-22,-0.252,1,5
2017-09-28,1139.4,2017-09-27,2017-09-28,1.887,817Y002,010200000,연%,국고채(3년),KOFIA 16:00 KST source publication; usable from next calendar day; ECOS load time unverified,2017-09-27T16:00:00+09:00,2017-09-26,1.56,DGS3,Daily,Percent,2017-09-26T16:15:00-04:00,post-2016-10-11 official daily H.15 calendar at 16:15 ET,none,2017-09-28,2017-09-27T05:15:00+09:00,2017-09-25,-0.32699999999999996,1,3
2017-09-29,1146.7,2017-09-28,2017-09-29,1.888,817Y002,010200000,연%,국고채(3년),KOFIA 16:00 KST source publication; usable from next calendar day; ECOS load time unverified,2017-09-28T16:00:00+09:00,2017-09-27,1.57,DGS3,Daily,Percent,2017-09-27T16:15:00-04:00,post-2016-10-11 official daily H.15 calendar at 16:15 ET,none,2017-09-29,2017-09-28T05:15:00+09:00,2017-09-26,-0.31799999999999984,1,3
2017-10-10,1145.7,2017-09-29,2017-09-30,1.888,817Y002,010200000,연%,국고채(3년),KOFIA 16:00 KST source publication; usable from next calendar day; ECOS load time unverified,2017-09-29T16:00:00+09:00,2017-10-06,1.63,DGS3,Daily,Percent,2017-10-06T16:15:00-04:00,post-2016-10-11 official daily H.15 calendar at 16:15 ET,none,2017-10-08,2017-10-07T05:15:00+09:00,2017-10-05,-0.258,11,5
2017-10-11,1138.2,2017-10-10,2017-10-11,1.938,817Y002,010200000,연%,국고채(3년),KOFIA 16:00 KST source publication; usable from next calendar day; ECOS load time unverified,2017-10-10T16:00:00+09:00,2017-10-06,1.63,DGS3,Daily,Percent,2017-10-06T16:15:00-04:00,post-2016-10-11 official daily H.15 calendar at 16:15 ET,none,2017-10-08,2017-10-07T05:15:00+09:00,2017-10-05,-0.30800000000000005,1,6
2017-10-12,1135.2,2017-10-11,2017-10-12,1.929,817Y002,010200000,연%,국고채(3년),KOFIA 16:00 KST source publication; usable from next calendar day; ECOS load time unverified,2017-10-11T16:00:00+09:00,2017-10-10,1.66,DGS3,Daily,Percent,2017-10-10T16:15:00-04:00,post-2016-10-11 official daily H.15 calendar at 16:15 ET,none,2017-10-12,2017-10-11T05:15:00+09:00,2017-10-06,-0.26900000000000013,1,6
2017-10-13,1133.7,2017-10-12,2017-10-13,1.9,817Y002,010200000,연%,국고채(3년),KOFIA 16:00 KST source publication; usable from next calendar day; ECOS load time unverified,2017-10-12T16:00:00+09:00,2017-10-11,1.64,DGS3,Daily,Percent,2017-10-11T16:15:00-04:00,post-2016-10-11 official daily H.15 calendar at 16:15 ET,none,2017-10-13,2017-10-12T05:15:00+09:00,2017-10-10,-0.26,1,3
2017-10-16,1130.8,2017-10-13,2017-10-14,1.916,817Y002,010200000,연%,국고채(3년),KOFIA 16:00 KST source publication; usable from next calendar day; ECOS load time unverified,2017-10-13T16:00:00+09:00,2017-10-13,1.66,DGS3,Daily,Percent,2017-10-13T16:15:00-04:00,post-2016-10-11 official daily H.15 calendar at 16:15 ET,none,2017-10-15,2017-10-14T05:15:00+09:00,2017-10-12,-0.256,3,4
2017-10-17,1127.3,2017-10-16,2017-10-17,1.927,817Y002,010200000,연%,국고채(3년),KOFIA 16:00 KST source publication; usable from next calendar day; ECOS load time unverified,2017-10-16T16:00:00+09:00,2017-10-13,1.66,DGS3,Daily,Percent,2017-10-13T16:15:00-04:00,post-2016-10-11 official daily H.15 calendar at 16:15 ET,none,2017-10-15,2017-10-14T05:15:00+09:00,2017-10-12,-0.2670000000000001,1,5
2017-10-18,1131.4,2017-10-17,2017-10-18,1.947,817Y002,010200000,연%,국고채(3년),KOFIA 16:00 KST source publication; usable from next calendar day; ECOS load time unverified,2017-10-17T16:00:00+09:00,2017-10-16,1.64,DGS3,Daily,Percent,2017-10-16T16:15:00-04:00,post-2016-10-11 official daily H.15 calendar at 16:15 ET,none,2017-10-18,2017-10-17T05:15:00+09:00,2017-10-13,-0.30700000000000016,1,5
2017-10-19,1130.4,2017-10-18,2017-10-19,1.935,817Y002,010200000,연%,국고채(3년),KOFIA 16:00 KST source publication; usable from next calendar day; ECOS load time unverified,2017-10-18T16:00:00+09:00,2017-10-17,1.68,DGS3,Daily,Percent,2017-10-17T16:15:00-04:00,post-2016-10-11 official daily H.15 calendar at 16:15 ET,none,2017-10-19,2017-10-18T05:15:00+09:00,2017-10-16,-0.2550000000000001,1,3
2017-10-20,1132.3,2017-10-19,2017-10-20,2.006,817Y002,010200000,연%,국고채(3년),KOFIA 16:00 KST source publication; usable from next calendar day; ECOS load time unverified,2017-10-19T16:00:00+09:00,2017-10-18,1.69,DGS3,Daily,Percent,2017-10-18T16:15:00-04:00,post-2016-10-11 official daily H.15 calendar at 16:15 ET,none,2017-10-20,2017-10-19T05:15:00+09:00,2017-10-17,-0.31599999999999984,1,3
2017-10-23,1131.9,2017-10-20,2017-10-21,2.088,817Y002,010200000,연%,국고채(3년),KOFIA 16:00 KST source publication; usable from next calendar day; ECOS load time unverified,2017-10-20T16:00:00+09:00,2017-10-20,1.69,DGS3,Daily,Percent,2017-10-20T16:15:00-04:00,post-2016-10-11 official daily H.15 calendar at 16:15 ET,none,2017-10-22,2017-10-21T05:15:00+09:00,2017-10-19,-0.39800000000000013,3,4
2017-10-24,1131.9,2017-10-23,2017-10-24,2.032,817Y002,010200000,연%,국고채(3년),KOFIA 16:00 KST source publication; usable from next calendar day; ECOS load time unverified,2017-10-23T16:00:00+09:00,2017-10-20,1.69,DGS3,Daily,Percent,2017-10-20T16:15:00-04:00,post-2016-10-11 official daily H.15 calendar at 16:15 ET,none,2017-10-22,2017-10-21T05:15:00+09:00,2017-10-19,-0.3420000000000001,1,5
2017-10-25,1128.3,2017-10-24,2017-10-25,2.057,817Y002,010200000,연%,국고채(3년),KOFIA 16:00 KST source publication; usable from next calendar day; ECOS load time unverified,2017-10-24T16:00:00+09:00,2017-10-23,1.72,DGS3,Daily,Percent,2017-10-23T16:15:00-04:00,post-2016-10-11 official daily H.15 calendar at 16:15 ET,none,2017-10-25,2017-10-24T05:15:00+09:00,2017-10-20,-0.33699999999999997,1,5
2017-10-26,1128.3,2017-10-25,2017-10-26,2.094,817Y002,010200000,연%,국고채(3년),KOFIA 16:00 KST source publication; usable from next calendar day; ECOS load time unverified,2017-10-25T16:00:00+09:00,2017-10-24,1.7,DGS3,Daily,Percent,2017-10-24T16:15:00-04:00,post-2016-10-11 official daily H.15 calendar at 16:15 ET,none,2017-10-26,2017-10-25T05:15:00+09:00,2017-10-23,-0.3939999999999999,1,3
2017-10-27,1124.7,2017-10-26,2017-10-27,2.182,817Y002,010200000,연%,국고채(3년),KOFIA 16:00 KST source publication; usable from next calendar day; ECOS load time unverified,2017-10-26T16:00:00+09:00,2017-10-25,1.73,DGS3,Daily,Percent,2017-10-25T16:15:00-04:00,post-2016-10-11 official daily H.15 calendar at 16:15 ET,none,2017-10-27,2017-10-26T05:15:00+09:00,2017-10-24,-0.45199999999999996,1,3
2017-10-30,1130.0,2017-10-27,2017-10-28,2.164,817Y002,010200000,연%,국고채(3년),KOFIA 16:00 KST source publication; usable from next calendar day; ECOS load time unverified,2017-10-27T16:00:00+09:00,2017-10-27,1.76,DGS3,Daily,Percent,2017-10-27T16:15:00-04:00,post-2016-10-11 official daily H.15 calendar at 16:15 ET,none,2017-10-29,2017-10-28T05:15:00+09:00,2017-10-26,-0.40400000000000014,3,4
2017-10-31,1125.0,2017-10-30,2017-10-31,2.137,817Y002,010200000,연%,국고채(3년),KOFIA 16:00 KST source publication; usable from next calendar day; ECOS load time unverified,2017-10-30T16:00:00+09:00,2017-10-27,1.76,DGS3,Daily,Percent,2017-10-27T16:15:00-04:00,post-2016-10-11 official daily H.15 calendar at 16:15 ET,none,2017-10-29,2017-10-28T05:15:00+09:00,2017-10-26,-0.377,1,5
2017-11-01,1121.2,2017-10-31,2017-11-01,2.164,817Y002,010200000,연%,국고채(3년),KOFIA 16:00 KST source publication; usable from next calendar day; ECOS load time unverified,2017-10-31T16:00:00+09:00,2017-10-30,1.73,DGS3,Daily,Percent,2017-10-30T16:15:00-04:00,post-2016-10-11 official daily H.15 calendar at 16:15 ET,none,2017-11-01,2017-10-31T05:15:00+09:00,2017-10-27,-0.43400000000000016,1,5
2017-11-02,1116.8,2017-11-01,2017-11-02,2.14,817Y002,010200000,연%,국고채(3년),KOFIA 16:00 KST source publication; usable from next calendar day; ECOS load time unverified,2017-11-01T16:00:00+09:00,2017-10-31,1.71,DGS3,Daily,Percent,2017-10-31T16:15:00-04:00,post-2016-10-11 official daily H.15 calendar at 16:15 ET,none,2017-11-02,2017-11-01T05:15:00+09:00,2017-10-30,-0.43000000000000016,1,3
2017-11-03,1113.3,2017-11-02,2017-11-03,2.126,817Y002,010200000,연%,국고채(3년),KOFIA 16:00 KST source publication; usable from next calendar day; ECOS load time unverified,2017-11-02T16:00:00+09:00,2017-11-01,1.73,DGS3,Daily,Percent,2017-11-01T16:15:00-04:00,post-2016-10-11 official daily H.15 calendar at 16:15 ET,none,2017-11-03,2017-11-02T05:15:00+09:00,2017-10-31,-0.3959999999999999,1,3
2017-11-06,1112.7,2017-11-03,2017-11-04,2.133,817Y002,010200000,연%,국고채(3년),KOFIA 16:00 KST source publication; usable from next calendar day; ECOS load time unverified,2017-11-03T16:00:00+09:00,2017-11-03,1.73,DGS3,Daily,Percent,2017-11-03T16:15:00-04:00,post-2016-10-11 official daily H.15 calendar at 16:15 ET,none,2017-11-05,2017-11-04T05:15:00+09:00,2017-11-02,-0.403,3,4
2017-11-07,1116.7,2017-11-06,2017-11-07,2.152,817Y002,010200000,연%,국고채(3년),KOFIA 16:00 KST source publication; usable from next calendar day; ECOS load time unverified,2017-11-06T16:00:00+09:00,2017-11-03,1.73,DGS3,Daily,Percent,2017-11-03T16:15:00-04:00,post-2016-10-11 official daily H.15 calendar at 16:15 ET,none,2017-11-05,2017-11-04T05:15:00+09:00,2017-11-02,-0.42200000000000015,1,5
2017-11-08,1111.6,2017-11-07,2017-11-08,2.133,817Y002,010200000,연%,국고채(3년),KOFIA 16:00 KST source publication; usable from next calendar day; ECOS load time unverified,2017-11-07T16:00:00+09:00,2017-11-06,1.74,DGS3,Daily,Percent,2017-11-06T16:15:00-05:00,post-2016-10-11 official daily H.15 calendar at 16:15 ET,none,2017-11-08,2017-11-07T06:15:00+09:00,2017-11-03,-0.393,1,5
2017-11-09,1114.3,2017-11-08,2017-11-09,2.151,817Y002,010200000,연%,국고채(3년),KOFIA 16:00 KST source publication; usable from next calendar day; ECOS load time unverified,2017-11-08T16:00:00+09:00,2017-11-07,1.73,DGS3,Daily,Percent,2017-11-07T16:15:00-05:00,post-2016-10-11 official daily H.15 calendar at 16:15 ET,none,2017-11-09,2017-11-08T06:15:00+09:00,2017-11-06,-0.4209999999999998,1,3
2017-11-10,1114.3,2017-11-09,2017-11-10,2.147,817Y002,010200000,연%,국고채(3년),KOFIA 16:00 KST source publication; usable from next calendar day; ECOS load time unverified,2017-11-09T16:00:00+09:00,2017-11-08,1.75,DGS3,Daily,Percent,2017-11-08T16:15:00-05:00,post-2016-10-11 official daily H.15 calendar at 16:15 ET,none,2017-11-10,2017-11-09T06:15:00+09:00,2017-11-07,-0.3969999999999998,1,3
2017-11-13,1117.2,2017-11-10,2017-11-11,2.157,817Y002,010200000,연%,국고채(3년),KOFIA 16:00 KST source publication; usable from next calendar day; ECOS load time unverified,2017-11-10T16:00:00+09:00,2017-11-09,1.77,DGS3,Daily,Percent,2017-11-09T16:15:00-05:00,post-2016-10-11 official daily H.15 calendar at 16:15 ET,none,2017-11-11,2017-11-10T06:15:00+09:00,2017-11-08,-0.387,3,5
2017-11-14,1120.7,2017-11-13,2017-11-14,2.18,817Y002,010200000,연%,국고채(3년),KOFIA 16:00 KST source publication; usable from next calendar day; ECOS load time unverified,2017-11-13T16:00:00+09:00,2017-11-09,1.77,DGS3,Daily,Percent,2017-11-09T16:15:00-05:00,post-2016-10-11 official daily H.15 calendar at 16:15 ET,none,2017-11-11,2017-11-10T06:15:00+09:00,2017-11-08,-0.41000000000000014,1,6
2017-11-15,1118.5,2017-11-14,2017-11-15,2.211,817Y002,010200000,연%,국고채(3년),KOFIA 16:00 KST source publication; usable from next calendar day; ECOS load time unverified,2017-11-14T16:00:00+09:00,2017-11-13,1.79,DGS3,Daily,Percent,2017-11-13T16:15:00-05:00,post-2016-10-11 official daily H.15 calendar at 16:15 ET,none,2017-11-15,2017-11-14T06:15:00+09:00,2017-11-10,-0.4209999999999998,1,5
2017-11-16,1114.4,2017-11-15,2017-11-16,2.177,817Y002,010200000,연%,국고채(3년),KOFIA 16:00 KST source publication; usable from next calendar day; ECOS load time unverified,2017-11-15T16:00:00+09:00,2017-11-14,1.82,DGS3,Daily,Percent,2017-11-14T16:15:00-05:00,post-2016-10-11 official daily H.15 calendar at 16:15 ET,none,2017-11-16,2017-11-15T06:15:00+09:00,2017-11-13,-0.357,1,3
2017-11-17,1104.1,2017-11-16,2017-11-17,2.171,817Y002,010200000,연%,국고채(3년),KOFIA 16:00 KST source publication; usable from next calendar day; ECOS load time unverified,2017-11-16T16:00:00+09:00,2017-11-15,1.81,DGS3,Daily,Percent,2017-11-15T16:15:00-05:00,post-2016-10-11 official daily H.15 calendar at 16:15 ET,none,2017-11-17,2017-11-16T06:15:00+09:00,2017-11-14,-0.36099999999999977,1,3
2017-11-20,1096.1,2017-11-17,2017-11-18,2.174,817Y002,010200000,연%,국고채(3년),KOFIA 16:00 KST source publication; usable from next calendar day; ECOS load time unverified,2017-11-17T16:00:00+09:00,2017-11-17,1.83,DGS3,Daily,Percent,2017-11-17T16:15:00-05:00,post-2016-10-11 official daily H.15 calendar at 16:15 ET,none,2017-11-19,2017-11-18T06:15:00+09:00,2017-11-16,-0.34399999999999986,3,4
2017-11-21,1098.9,2017-11-20,2017-11-21,2.156,817Y002,010200000,연%,국고채(3년),KOFIA 16:00 KST source publication; usable from next calendar day; ECOS load time unverified,2017-11-20T16:00:00+09:00,2017-11-17,1.83,DGS3,Daily,Percent,2017-11-17T16:15:00-05:00,post-2016-10-11 official daily H.15 calendar at 16:15 ET,none,2017-11-19,2017-11-18T06:15:00+09:00,2017-11-16,-0.32600000000000007,1,5
2017-11-22,1097.3,2017-11-21,2017-11-22,2.156,817Y002,010200000,연%,국고채(3년),KOFIA 16:00 KST source publication; usable from next calendar day; ECOS load time unverified,2017-11-21T16:00:00+09:00,2017-11-20,1.83,DGS3,Daily,Percent,2017-11-20T16:15:00-05:00,post-2016-10-11 official daily H.15 calendar at 16:15 ET,none,2017-11-22,2017-11-21T06:15:00+09:00,2017-11-17,-0.32600000000000007,1,5
2017-11-23,1091.3,2017-11-22,2017-11-23,2.17,817Y002,010200000,연%,국고채(3년),KOFIA 16:00 KST source publication; usable from next calendar day; ECOS load time unverified,2017-11-22T16:00:00+09:00,2017-11-21,1.86,DGS3,Daily,Percent,2017-11-21T16:15:00-05:00,post-2016-10-11 official daily H.15 calendar at 16:15 ET,none,2017-11-23,2017-11-22T06:15:00+09:00,2017-11-20,-0.30999999999999983,1,3
2017-11-24,1088.2,2017-11-23,2017-11-24,2.134,817Y002,010200000,연%,국고채(3년),KOFIA 16:00 KST source publication; usable from next calendar day; ECOS load time unverified,2017-11-23T16:00:00+09:00,2017-11-22,1.88,DGS3,Daily,Percent,2017-11-22T16:15:00-05:00,post-2016-10-11 official daily H.15 calendar at 16:15 ET,none,2017-11-24,2017-11-23T06:15:00+09:00,2017-11-21,-0.254,1,3
2017-11-27,1085.0,2017-11-24,2017-11-25,2.169,817Y002,010200000,연%,국고채(3년),KOFIA 16:00 KST source publication; usable from next calendar day; ECOS load time unverified,2017-11-24T16:00:00+09:00,2017-11-24,1.84,DGS3,Daily,Percent,2017-11-24T16:15:00-05:00,post-2016-10-11 official daily H.15 calendar at 16:15 ET,none,2017-11-26,2017-11-25T06:15:00+09:00,2017-11-22,-0.32899999999999996,3,5
2017-11-28,1087.6,2017-11-27,2017-11-28,2.153,817Y002,010200000,연%,국고채(3년),KOFIA 16:00 KST source publication; usable from next calendar day; ECOS load time unverified,2017-11-27T16:00:00+09:00,2017-11-24,1.84,DGS3,Daily,Percent,2017-11-24T16:15:00-05:00,post-2016-10-11 official daily H.15 calendar at 16:15 ET,none,2017-11-26,2017-11-25T06:15:00+09:00,2017-11-22,-0.31299999999999994,1,6
2017-11-29,1088.3,2017-11-28,2017-11-29,2.119,817Y002,010200000,연%,국고채(3년),KOFIA 16:00 KST source publication; usable from next calendar day; ECOS load time unverified,2017-11-28T16:00:00+09:00,2017-11-27,1.85,DGS3,Daily,Percent,2017-11-27T16:15:00-05:00,post-2016-10-11 official daily H.15 calendar at 16:15 ET,none,2017-11-29,2017-11-28T06:15:00+09:00,2017-11-24,-0.26900000000000013,1,5
2017-11-30,1082.4,2017-11-29,2017-11-30,2.112,817Y002,010200000,연%,국고채(3년),KOFIA 16:00 KST source publication; usable from next calendar day; ECOS load time unverified,2017-11-29T16:00:00+09:00,2017-11-28,1.84,DGS3,Daily,Percent,2017-11-28T16:15:00-05:00,post-2016-10-11 official daily H.15 calendar at 16:15 ET,none,2017-11-30,2017-11-29T06:15:00+09:00,2017-11-27,-0.272,1,3
2017-12-01,1085.1,2017-11-30,2017-12-01,2.075,817Y002,010200000,연%,국고채(3년),KOFIA 16:00 KST source publication; usable from next calendar day; ECOS load time unverified,2017-11-30T16:00:00+09:00,2017-11-29,1.85,DGS3,Daily,Percent,2017-11-29T16:15:00-05:00,post-2016-10-11 official daily H.15 calendar at 16:15 ET,none,2017-12-01,2017-11-30T06:15:00+09:00,2017-11-28,-0.2250000000000001,1,3
2017-12-04,1087.1,2017-12-01,2017-12-02,2.081,817Y002,010200000,연%,국고채(3년),KOFIA 16:00 KST source publication; usable from next calendar day; ECOS load time unverified,2017-12-01T16:00:00+09:00,2017-12-01,1.9,DGS3,Daily,Percent,2017-12-01T16:15:00-05:00,post-2016-10-11 official daily H.15 calendar at 16:15 ET,none,2017-12-03,2017-12-02T06:15:00+09:00,2017-11-30,-0.18100000000000005,3,4
2017-12-05,1088.3,2017-12-04,2017-12-05,2.083,817Y002,010200000,연%,국고채(3년),KOFIA 16:00 KST source publication; usable from next calendar day; ECOS load time unverified,2017-12-04T16:00:00+09:00,2017-12-01,1.9,DGS3,Daily,Percent,2017-12-01T16:15:00-05:00,post-2016-10-11 official daily H.15 calendar at 16:15 ET,none,2017-12-03,2017-12-02T06:15:00+09:00,2017-11-30,-0.18300000000000027,1,5
2017-12-06,1084.3,2017-12-05,2017-12-06,2.112,817Y002,010200000,연%,국고채(3년),KOFIA 16:00 KST source publication; usable from next calendar day; ECOS load time unverified,2017-12-05T16:00:00+09:00,2017-12-04,1.9,DGS3,Daily,Percent,2017-12-04T16:15:00-05:00,post-2016-10-11 official daily H.15 calendar at 16:15 ET,none,2017-12-06,2017-12-05T06:15:00+09:00,2017-12-01,-0.2120000000000002,1,5
2017-12-07,1091.9,2017-12-06,2017-12-07,2.084,817Y002,010200000,연%,국고채(3년),KOFIA 16:00 KST source publication; usable from next calendar day; ECOS load time unverified,2017-12-06T16:00:00+09:00,2017-12-05,1.93,DGS3,Daily,Percent,2017-12-05T16:15:00-05:00,post-2016-10-11 official daily H.15 calendar at 16:15 ET,none,2017-12-07,2017-12-06T06:15:00+09:00,2017-12-04,-0.15400000000000014,1,3
2017-12-08,1092.7,2017-12-07,2017-12-08,2.094,817Y002,010200000,연%,국고채(3년),KOFIA 16:00 KST source publication; usable from next calendar day; ECOS load time unverified,2017-12-07T16:00:00+09:00,2017-12-06,1.94,DGS3,Daily,Percent,2017-12-06T16:15:00-05:00,post-2016-10-11 official daily H.15 calendar at 16:15 ET,none,2017-12-08,2017-12-07T06:15:00+09:00,2017-12-05,-0.15399999999999991,1,3
2017-12-11,1093.4,2017-12-08,2017-12-09,2.094,817Y002,010200000,연%,국고채(3년),KOFIA 16:00 KST source publication; usable from next calendar day; ECOS load time unverified,2017-12-08T16:00:00+09:00,2017-12-08,1.92,DGS3,Daily,Percent,2017-12-08T16:15:00-05:00,post-2016-10-11 official daily H.15 calendar at 16:15 ET,none,2017-12-10,2017-12-09T06:15:00+09:00,2017-12-07,-0.17399999999999993,3,4
2017-12-12,1092.4,2017-12-11,2017-12-12,2.087,817Y002,010200000,연%,국고채(3년),KOFIA 16:00 KST source publication; usable from next calendar day; ECOS load time unverified,2017-12-11T16:00:00+09:00,2017-12-08,1.92,DGS3,Daily,Percent,2017-12-08T16:15:00-05:00,post-2016-10-11 official daily H.15 calendar at 16:15 ET,none,2017-12-10,2017-12-09T06:15:00+09:00,2017-12-07,-0.16700000000000026,1,5
2017-12-13,1090.1,2017-12-12,2017-12-13,2.077,817Y002,010200000,연%,국고채(3년),KOFIA 16:00 KST source publication; usable from next calendar day; ECOS load time unverified,2017-12-12T16:00:00+09:00,2017-12-11,1.92,DGS3,Daily,Percent,2017-12-11T16:15:00-05:00,post-2016-10-11 official daily H.15 calendar at 16:15 ET,none,2017-12-13,2017-12-12T06:15:00+09:00,2017-12-08,-0.15700000000000003,1,5
2017-12-14,1091.9,2017-12-13,2017-12-14,2.078,817Y002,010200000,연%,국고채(3년),KOFIA 16:00 KST source publication; usable from next calendar day; ECOS load time unverified,2017-12-13T16:00:00+09:00,2017-12-12,1.95,DGS3,Daily,Percent,2017-12-12T16:15:00-05:00,post-2016-10-11 official daily H.15 calendar at 16:15 ET,none,2017-12-14,2017-12-13T06:15:00+09:00,2017-12-11,-0.1279999999999999,1,3
2017-12-15,1086.7,2017-12-14,2017-12-15,2.08,817Y002,010200000,연%,국고채(3년),KOFIA 16:00 KST source publication; usable from next calendar day; ECOS load time unverified,2017-12-14T16:00:00+09:00,2017-12-13,1.95,DGS3,Daily,Percent,2017-12-13T16:15:00-05:00,post-2016-10-11 official daily H.15 calendar at 16:15 ET,none,2017-12-15,2017-12-14T06:15:00+09:00,2017-12-12,-0.13000000000000012,1,3
2017-12-18,1089.3,2017-12-15,2017-12-16,2.078,817Y002,010200000,연%,국고채(3년),KOFIA 16:00 KST source publication; usable from next calendar day; ECOS load time unverified,2017-12-15T16:00:00+09:00,2017-12-15,1.92,DGS3,Daily,Percent,2017-12-15T16:15:00-05:00,post-2016-10-11 official daily H.15 calendar at 16:15 ET,none,2017-12-17,2017-12-16T06:15:00+09:00,2017-12-14,-0.15799999999999992,3,4
2017-12-19,1089.1,2017-12-18,2017-12-19,2.09,817Y002,010200000,연%,국고채(3년),KOFIA 16:00 KST source publication; usable from next calendar day; ECOS load time unverified,2017-12-18T16:00:00+09:00,2017-12-15,1.92,DGS3,Daily,Percent,2017-12-15T16:15:00-05:00,post-2016-10-11 official daily H.15 calendar at 16:15 ET,none,2017-12-17,2017-12-16T06:15:00+09:00,2017-12-14,-0.16999999999999993,1,5
2017-12-20,1086.8,2017-12-19,2017-12-20,2.097,817Y002,010200000,연%,국고채(3년),KOFIA 16:00 KST source publication; usable from next calendar day; ECOS load time unverified,2017-12-19T16:00:00+09:00,2017-12-18,1.95,DGS3,Daily,Percent,2017-12-18T16:15:00-05:00,post-2016-10-11 official daily H.15 calendar at 16:15 ET,none,2017-12-20,2017-12-19T06:15:00+09:00,2017-12-15,-0.14700000000000002,1,5
2017-12-21,1082.9,2017-12-20,2017-12-21,2.087,817Y002,010200000,연%,국고채(3년),KOFIA 16:00 KST source publication; usable from next calendar day; ECOS load time unverified,2017-12-20T16:00:00+09:00,2017-12-19,1.94,DGS3,Daily,Percent,2017-12-19T16:15:00-05:00,post-2016-10-11 official daily H.15 calendar at 16:15 ET,none,2017-12-21,2017-12-20T06:15:00+09:00,2017-12-18,-0.14700000000000024,1,3
2017-12-22,1080.6,2017-12-21,2017-12-22,2.094,817Y002,010200000,연%,국고채(3년),KOFIA 16:00 KST source publication; usable from next calendar day; ECOS load time unverified,2017-12-21T16:00:00+09:00,2017-12-20,1.97,DGS3,Daily,Percent,2017-12-20T16:15:00-05:00,post-2016-10-11 official daily H.15 calendar at 16:15 ET,none,2017-12-22,2017-12-21T06:15:00+09:00,2017-12-19,-0.12399999999999989,1,3
2017-12-26,1079.2,2017-12-22,2017-12-23,2.131,817Y002,010200000,연%,국고채(3년),KOFIA 16:00 KST source publication; usable from next calendar day; ECOS load time unverified,2017-12-22T16:00:00+09:00,2017-12-22,2.01,DGS3,Daily,Percent,2017-12-22T16:15:00-05:00,post-2016-10-11 official daily H.15 calendar at 16:15 ET,none,2017-12-24,2017-12-23T06:15:00+09:00,2017-12-21,-0.121,4,5
2017-12-27,1077.1,2017-12-26,2017-12-27,2.129,817Y002,010200000,연%,국고채(3년),KOFIA 16:00 KST source publication; usable from next calendar day; ECOS load time unverified,2017-12-26T16:00:00+09:00,2017-12-22,2.01,DGS3,Daily,Percent,2017-12-22T16:15:00-05:00,post-2016-10-11 official daily H.15 calendar at 16:15 ET,none,2017-12-24,2017-12-23T06:15:00+09:00,2017-12-21,-0.11900000000000022,1,6
2017-12-28,1075.2,2017-12-27,2017-12-28,2.15,817Y002,010200000,연%,국고채(3년),KOFIA 16:00 KST source publication; usable from next calendar day; ECOS load time unverified,2017-12-27T16:00:00+09:00,2017-12-26,2.01,DGS3,Daily,Percent,2017-12-26T16:15:00-05:00,post-2016-10-11 official daily H.15 calendar at 16:15 ET,none,2017-12-28,2017-12-27T06:15:00+09:00,2017-12-22,-0.14000000000000012,1,6
2017-12-29,1071.4,2017-12-28,2017-12-29,2.134,817Y002,010200000,연%,국고채(3년),KOFIA 16:00 KST source publication; usable from next calendar day; ECOS load time unverified,2017-12-28T16:00:00+09:00,2017-12-27,2.02,DGS3,Daily,Percent,2017-12-27T16:15:00-05:00,post-2016-10-11 official daily H.15 calendar at 16:15 ET,none,2017-12-29,2017-12-28T06:15:00+09:00,2017-12-26,-0.11399999999999988,1,3
2018-01-02,1071.4,2017-12-29,2017-12-30,2.135,817Y002,010200000,연%,국고채(3년),KOFIA 16:00 KST source publication; usable from next calendar day; ECOS load time unverified,2017-12-29T16:00:00+09:00,2017-12-29,2.0,DGS3,Daily,Percent,2017-12-29T16:15:00-05:00,post-2016-10-11 official daily H.15 calendar at 16:15 ET,none,2017-12-31,2017-12-30T06:15:00+09:00,2017-12-28,-0.1349999999999998,4,5
2018-01-03,1064.3,2018-01-02,2018-01-03,2.119,817Y002,010200000,연%,국고채(3년),KOFIA 16:00 KST source publication; usable from next calendar day; ECOS load time unverified,2018-01-02T16:00:00+09:00,2017-12-29,2.0,DGS3,Daily,Percent,2017-12-29T16:15:00-05:00,post-2016-10-11 official daily H.15 calendar at 16:15 ET,none,2017-12-31,2017-12-30T06:15:00+09:00,2017-12-28,-0.11900000000000022,1,6
2018-01-04,1065.4,2018-01-03,2018-01-04,2.127,817Y002,010200000,연%,국고채(3년),KOFIA 16:00 KST source publication; usable from next calendar day; ECOS load time unverified,2018-01-03T16:00:00+09:00,2018-01-02,1.98,DGS3,Daily,Percent,2018-01-02T16:15:00-05:00,post-2016-10-11 official daily H.15 calendar at 16:15 ET,none,2018-01-04,2018-01-03T06:15:00+09:00,2017-12-29,-0.1469999999999998,1,6
2018-01-05,1065.5,2018-01-04,2018-01-05,2.142,817Y002,010200000,연%,국고채(3년),KOFIA 16:00 KST source publication; usable from next calendar day; ECOS load time unverified,2018-01-04T16:00:00+09:00,2018-01-03,2.01,DGS3,Daily,Percent,2018-01-03T16:15:00-05:00,post-2016-10-11 official daily H.15 calendar at 16:15 ET,none,2018-01-05,2018-01-04T06:15:00+09:00,2018-01-02,-0.13200000000000012,1,3
2018-01-08,1062.1,2018-01-05,2018-01-06,2.099,817Y002,010200000,연%,국고채(3년),KOFIA 16:00 KST source publication; usable from next calendar day; ECOS load time unverified,2018-01-05T16:00:00+09:00,2018-01-05,2.05,DGS3,Daily,Percent,2018-01-05T16:15:00-05:00,post-2016-10-11 official daily H.15 calendar at 16:15 ET,none,2018-01-07,2018-01-06T06:15:00+09:00,2018-01-04,-0.04900000000000038,3,4
2018-01-09,1065.2,2018-01-08,2018-01-09,2.135,817Y002,010200000,연%,국고채(3년),KOFIA 16:00 KST source publication; usable from next calendar day; ECOS load time unverified,2018-01-08T16:00:00+09:00,2018-01-05,2.05,DGS3,Daily,Percent,2018-01-05T16:15:00-05:00,post-2016-10-11 official daily H.15 calendar at 16:15 ET,none,2018-01-07,2018-01-06T06:15:00+09:00,2018-01-04,-0.08499999999999996,1,5
2018-01-10,1067.1,2018-01-09,2018-01-10,2.149,817Y002,010200000,연%,국고채(3년),KOFIA 16:00 KST source publication; usable from next calendar day; ECOS load time unverified,2018-01-09T16:00:00+09:00,2018-01-08,2.06,DGS3,Daily,Percent,2018-01-08T16:15:00-05:00,post-2016-10-11 official daily H.15 calendar at 16:15 ET,none,2018-01-10,2018-01-09T06:15:00+09:00,2018-01-05,-0.08899999999999997,1,5
2018-01-11,1070.7,2018-01-10,2018-01-11,2.172,817Y002,010200000,연%,국고채(3년),KOFIA 16:00 KST source publication; usable from next calendar day; ECOS load time unverified,2018-01-10T16:00:00+09:00,2018-01-09,2.07,DGS3,Daily,Percent,2018-01-09T16:15:00-05:00,post-2016-10-11 official daily H.15 calendar at 16:15 ET,none,2018-01-11,2018-01-10T06:15:00+09:00,2018-01-08,-0.10200000000000031,1,3
2018-01-12,1071.2,2018-01-11,2018-01-12,2.152,817Y002,010200000,연%,국고채(3년),KOFIA 16:00 KST source publication; usable from next calendar day; ECOS load time unverified,2018-01-11T16:00:00+09:00,2018-01-10,2.09,DGS3,Daily,Percent,2018-01-10T16:15:00-05:00,post-2016-10-11 official daily H.15 calendar at 16:15 ET,none,2018-01-12,2018-01-11T06:15:00+09:00,2018-01-09,-0.06200000000000028,1,3
2018-01-15,1064.7,2018-01-12,2018-01-13,2.174,817Y002,010200000,연%,국고채(3년),KOFIA 16:00 KST source publication; usable from next calendar day; ECOS load time unverified,2018-01-12T16:00:00+09:00,2018-01-12,2.09,DGS3,Daily,Percent,2018-01-12T16:15:00-05:00,post-2016-10-11 official daily H.15 calendar at 16:15 ET,none,2018-01-14,2018-01-13T06:15:00+09:00,2018-01-11,-0.08400000000000007,3,4
2018-01-16,1061.3,2018-01-15,2018-01-16,2.223,817Y002,010200000,연%,국고채(3년),KOFIA 16:00 KST source publication; usable from next calendar day; ECOS load time unverified,2018-01-15T16:00:00+09:00,2018-01-12,2.09,DGS3,Daily,Percent,2018-01-12T16:15:00-05:00,post-2016-10-11 official daily H.15 calendar at 16:15 ET,none,2018-01-14,2018-01-13T06:15:00+09:00,2018-01-11,-0.133,1,5
2018-01-17,1064.0,2018-01-16,2018-01-17,2.225,817Y002,010200000,연%,국고채(3년),KOFIA 16:00 KST source publication; usable from next calendar day; ECOS load time unverified,2018-01-16T16:00:00+09:00,2018-01-12,2.09,DGS3,Daily,Percent,2018-01-12T16:15:00-05:00,post-2016-10-11 official daily H.15 calendar at 16:15 ET,none,2018-01-14,2018-01-13T06:15:00+09:00,2018-01-11,-0.13500000000000023,1,6
2018-01-18,1065.8,2018-01-17,2018-01-18,2.227,817Y002,010200000,연%,국고채(3년),KOFIA 16:00 KST source publication; usable from next calendar day; ECOS load time unverified,2018-01-17T16:00:00+09:00,2018-01-16,2.12,DGS3,Daily,Percent,2018-01-16T16:15:00-05:00,post-2016-10-11 official daily H.15 calendar at 16:15 ET,none,2018-01-18,2018-01-17T06:15:00+09:00,2018-01-12,-0.10699999999999976,1,6
2018-01-19,1069.4,2018-01-18,2018-01-19,2.172,817Y002,010200000,연%,국고채(3년),KOFIA 16:00 KST source publication; usable from next calendar day; ECOS load time unverified,2018-01-18T16:00:00+09:00,2018-01-17,2.12,DGS3,Daily,Percent,2018-01-17T16:15:00-05:00,post-2016-10-11 official daily H.15 calendar at 16:15 ET,none,2018-01-19,2018-01-18T06:15:00+09:00,2018-01-16,-0.052000000000000046,1,3
2018-01-22,1067.3,2018-01-19,2018-01-20,2.17,817Y002,010200000,연%,국고채(3년),KOFIA 16:00 KST source publication; usable from next calendar day; ECOS load time unverified,2018-01-19T16:00:00+09:00,2018-01-19,2.17,DGS3,Daily,Percent,2018-01-19T16:15:00-05:00,post-2016-10-11 official daily H.15 calendar at 16:15 ET,none,2018-01-21,2018-01-20T06:15:00+09:00,2018-01-18,0.0,3,4
2018-01-23,1068.9,2018-01-22,2018-01-23,2.203,817Y002,010200000,연%,국고채(3년),KOFIA 16:00 KST source publication; usable from next calendar day; ECOS load time unverified,2018-01-22T16:00:00+09:00,2018-01-19,2.17,DGS3,Daily,Percent,2018-01-19T16:15:00-05:00,post-2016-10-11 official daily H.15 calendar at 16:15 ET,none,2018-01-21,2018-01-20T06:15:00+09:00,2018-01-18,-0.03299999999999992,1,5
2018-01-24,1069.7,2018-01-23,2018-01-24,2.192,817Y002,010200000,연%,국고채(3년),KOFIA 16:00 KST source publication; usable from next calendar day; ECOS load time unverified,2018-01-23T16:00:00+09:00,2018-01-22,2.2,DGS3,Daily,Percent,2018-01-22T16:15:00-05:00,post-2016-10-11 official daily H.15 calendar at 16:15 ET,none,2018-01-24,2018-01-23T06:15:00+09:00,2018-01-19,0.008000000000000007,1,5
2018-01-25,1070.6,2018-01-24,2018-01-25,2.197,817Y002,010200000,연%,국고채(3년),KOFIA 16:00 KST source publication; usable from next calendar day; ECOS load time unverified,2018-01-24T16:00:00+09:00,2018-01-23,2.21,DGS3,Daily,Percent,2018-01-23T16:15:00-05:00,post-2016-10-11 official daily H.15 calendar at 16:15 ET,none,2018-01-25,2018-01-24T06:15:00+09:00,2018-01-22,0.0129999999999999,1,3
2018-01-26,1061.7,2018-01-25,2018-01-26,2.215,817Y002,010200000,연%,국고채(3년),KOFIA 16:00 KST source publication; usable from next calendar day; ECOS load time unverified,2018-01-25T16:00:00+09:00,2018-01-24,2.18,DGS3,Daily,Percent,2018-01-24T16:15:00-05:00,post-2016-10-11 official daily H.15 calendar at 16:15 ET,none,2018-01-26,2018-01-25T06:15:00+09:00,2018-01-23,-0.0349999999999997,1,3
2018-01-29,1064.8,2018-01-26,2018-01-27,2.222,817Y002,010200000,연%,국고채(3년),KOFIA 16:00 KST source publication; usable from next calendar day; ECOS load time unverified,2018-01-26T16:00:00+09:00,2018-01-26,2.2,DGS3,Daily,Percent,2018-01-26T16:15:00-05:00,post-2016-10-11 official daily H.15 calendar at 16:15 ET,none,2018-01-28,2018-01-27T06:15:00+09:00,2018-01-25,-0.021999999999999797,3,4
2018-01-30,1064.8,2018-01-29,2018-01-30,2.281,817Y002,010200000,연%,국고채(3년),KOFIA 16:00 KST source publication; usable from next calendar day; ECOS load time unverified,2018-01-29T16:00:00+09:00,2018-01-26,2.2,DGS3,Daily,Percent,2018-01-26T16:15:00-05:00,post-2016-10-11 official daily H.15 calendar at 16:15 ET,none,2018-01-28,2018-01-27T06:15:00+09:00,2018-01-25,-0.08099999999999996,1,5
2018-01-31,1071.5,2018-01-30,2018-01-31,2.304,817Y002,010200000,연%,국고채(3년),KOFIA 16:00 KST source publication; usable from next calendar day; ECOS load time unverified,2018-01-30T16:00:00+09:00,2018-01-29,2.24,DGS3,Daily,Percent,2018-01-29T16:15:00-05:00,post-2016-10-11 official daily H.15 calendar at 16:15 ET,none,2018-01-31,2018-01-30T06:15:00+09:00,2018-01-26,-0.06399999999999961,1,5
2018-02-01,1071.0,2018-01-31,2018-02-01,2.274,817Y002,010200000,연%,국고채(3년),KOFIA 16:00 KST source publication; usable from next calendar day; ECOS load time unverified,2018-01-31T16:00:00+09:00,2018-01-30,2.26,DGS3,Daily,Percent,2018-01-30T16:15:00-05:00,post-2016-10-11 official daily H.15 calendar at 16:15 ET,none,2018-02-01,2018-01-31T06:15:00+09:00,2018-01-29,-0.014000000000000234,1,3
2018-02-02,1071.1,2018-02-01,2018-02-02,2.249,817Y002,010200000,연%,국고채(3년),KOFIA 16:00 KST source publication; usable from next calendar day; ECOS load time unverified,2018-02-01T16:00:00+09:00,2018-01-31,2.27,DGS3,Daily,Percent,2018-01-31T16:15:00-05:00,post-2016-10-11 official daily H.15 calendar at 16:15 ET,none,2018-02-02,2018-02-01T06:15:00+09:00,2018-01-30,0.020999999999999908,1,3
2018-02-05,1076.7,2018-02-02,2018-02-03,2.25,817Y002,010200000,연%,국고채(3년),KOFIA 16:00 KST source publication; usable from next calendar day; ECOS load time unverified,2018-02-02T16:00:00+09:00,2018-02-02,2.33,DGS3,Daily,Percent,2018-02-02T16:15:00-05:00,post-2016-10-11 official daily H.15 calendar at 16:15 ET,none,2018-02-04,2018-02-03T06:15:00+09:00,2018-02-01,0.08000000000000007,3,4
2018-02-06,1089.8,2018-02-05,2018-02-06,2.287,817Y002,010200000,연%,국고채(3년),KOFIA 16:00 KST source publication; usable from next calendar day; ECOS load time unverified,2018-02-05T16:00:00+09:00,2018-02-02,2.33,DGS3,Daily,Percent,2018-02-02T16:15:00-05:00,post-2016-10-11 official daily H.15 calendar at 16:15 ET,none,2018-02-04,2018-02-03T06:15:00+09:00,2018-02-01,0.04300000000000015,1,5
2018-02-07,1094.3,2018-02-06,2018-02-07,2.253,817Y002,010200000,연%,국고채(3년),KOFIA 16:00 KST source publication; usable from next calendar day; ECOS load time unverified,2018-02-06T16:00:00+09:00,2018-02-05,2.33,DGS3,Daily,Percent,2018-02-05T16:15:00-05:00,post-2016-10-11 official daily H.15 calendar at 16:15 ET,none,2018-02-07,2018-02-06T06:15:00+09:00,2018-02-02,0.07699999999999996,1,5
2018-02-08,1083.3,2018-02-07,2018-02-08,2.248,817Y002,010200000,연%,국고채(3년),KOFIA 16:00 KST source publication; usable from next calendar day; ECOS load time unverified,2018-02-07T16:00:00+09:00,2018-02-06,2.25,DGS3,Daily,Percent,2018-02-06T16:15:00-05:00,post-2016-10-11 official daily H.15 calendar at 16:15 ET,none,2018-02-08,2018-02-07T06:15:00+09:00,2018-02-05,0.0019999999999997797,1,3
2018-02-09,1087.8,2018-02-08,2018-02-09,2.272,817Y002,010200000,연%,국고채(3년),KOFIA 16:00 KST source publication; usable from next calendar day; ECOS load time unverified,2018-02-08T16:00:00+09:00,2018-02-07,2.3,DGS3,Daily,Percent,2018-02-07T16:15:00-05:00,post-2016-10-11 official daily H.15 calendar at 16:15 ET,none,2018-02-09,2018-02-08T06:15:00+09:00,2018-02-06,0.028000000000000025,1,3
2018-02-12,1092.7,2018-02-09,2018-02-10,2.278,817Y002,010200000,연%,국고채(3년),KOFIA 16:00 KST source publication; usable from next calendar day; ECOS load time unverified,2018-02-09T16:00:00+09:00,2018-02-09,2.32,DGS3,Daily,Percent,2018-02-09T16:15:00-05:00,post-2016-10-11 official daily H.15 calendar at 16:15 ET,none,2018-02-11,2018-02-10T06:15:00+09:00,2018-02-08,0.041999999999999815,3,4
2018-02-13,1083.4,2018-02-12,2018-02-13,2.302,817Y002,010200000,연%,국고채(3년),KOFIA 16:00 KST source publication; usable from next calendar day; ECOS load time unverified,2018-02-12T16:00:00+09:00,2018-02-09,2.32,DGS3,Daily,Percent,2018-02-09T16:15:00-05:00,post-2016-10-11 official daily H.15 calendar at 16:15 ET,none,2018-02-11,2018-02-10T06:15:00+09:00,2018-02-08,0.017999999999999794,1,5
2018-02-14,1082.8,2018-02-13,2018-02-14,2.278,817Y002,010200000,연%,국고채(3년),KOFIA 16:00 KST source publication; usable from next calendar day; ECOS load time unverified,2018-02-13T16:00:00+09:00,2018-02-12,2.26,DGS3,Daily,Percent,2018-02-12T16:15:00-05:00,post-2016-10-11 official daily H.15 calendar at 16:15 ET,none,2018-02-14,2018-02-13T06:15:00+09:00,2018-02-09,-0.018000000000000238,1,5
2018-02-19,1079.9,2018-02-14,2018-02-15,2.265,817Y002,010200000,연%,국고채(3년),KOFIA 16:00 KST source publication; usable from next calendar day; ECOS load time unverified,2018-02-14T16:00:00+09:00,2018-02-16,2.4,DGS3,Daily,Percent,2018-02-16T16:15:00-05:00,post-2016-10-11 official daily H.15 calendar at 16:15 ET,none,2018-02-18,2018-02-17T06:15:00+09:00,2018-02-15,0.1349999999999998,5,4
2018-02-20,1068.0,2018-02-19,2018-02-20,2.302,817Y002,010200000,연%,국고채(3년),KOFIA 16:00 KST source publication; usable from next calendar day; ECOS load time unverified,2018-02-19T16:00:00+09:00,2018-02-16,2.4,DGS3,Daily,Percent,2018-02-16T16:15:00-05:00,post-2016-10-11 official daily H.15 calendar at 16:15 ET,none,2018-02-18,2018-02-17T06:15:00+09:00,2018-02-15,0.09799999999999986,1,5
2018-02-21,1070.3,2018-02-20,2018-02-21,2.316,817Y002,010200000,연%,국고채(3년),KOFIA 16:00 KST source publication; usable from next calendar day; ECOS load time unverified,2018-02-20T16:00:00+09:00,2018-02-16,2.4,DGS3,Daily,Percent,2018-02-16T16:15:00-05:00,post-2016-10-11 official daily H.15 calendar at 16:15 ET,none,2018-02-18,2018-02-17T06:15:00+09:00,2018-02-15,0.08400000000000007,1,6
2018-02-22,1075.3,2018-02-21,2018-02-22,2.306,817Y002,010200000,연%,국고채(3년),KOFIA 16:00 KST source publication; usable from next calendar day; ECOS load time unverified,2018-02-21T16:00:00+09:00,2018-02-20,2.38,DGS3,Daily,Percent,2018-02-20T16:15:00-05:00,post-2016-10-11 official daily H.15 calendar at 16:15 ET,none,2018-02-22,2018-02-21T06:15:00+09:00,2018-02-16,0.07399999999999984,1,6
2018-02-23,1082.9,2018-02-22,2018-02-23,2.303,817Y002,010200000,연%,국고채(3년),KOFIA 16:00 KST source publication; usable from next calendar day; ECOS load time unverified,2018-02-22T16:00:00+09:00,2018-02-21,2.4,DGS3,Daily,Percent,2018-02-21T16:15:00-05:00,post-2016-10-11 official daily H.15 calendar at 16:15 ET,none,2018-02-23,2018-02-22T06:15:00+09:00,2018-02-20,0.09699999999999998,1,3
2018-02-26,1078.5,2018-02-23,2018-02-24,2.285,817Y002,010200000,연%,국고채(3년),KOFIA 16:00 KST source publication; usable from next calendar day; ECOS load time unverified,2018-02-23T16:00:00+09:00,2018-02-23,2.42,DGS3,Daily,Percent,2018-02-23T16:15:00-05:00,post-2016-10-11 official daily H.15 calendar at 16:15 ET,none,2018-02-25,2018-02-24T06:15:00+09:00,2018-02-22,0.1349999999999998,3,4
2018-02-27,1073.7,2018-02-26,2018-02-27,2.263,817Y002,010200000,연%,국고채(3년),KOFIA 16:00 KST source publication; usable from next calendar day; ECOS load time unverified,2018-02-26T16:00:00+09:00,2018-02-23,2.42,DGS3,Daily,Percent,2018-02-23T16:15:00-05:00,post-2016-10-11 official daily H.15 calendar at 16:15 ET,none,2018-02-25,2018-02-24T06:15:00+09:00,2018-02-22,0.15700000000000003,1,5
2018-02-28,1071.0,2018-02-27,2018-02-28,2.258,817Y002,010200000,연%,국고채(3년),KOFIA 16:00 KST source publication; usable from next calendar day; ECOS load time unverified,2018-02-27T16:00:00+09:00,2018-02-26,2.39,DGS3,Daily,Percent,2018-02-26T16:15:00-05:00,post-2016-10-11 official daily H.15 calendar at 16:15 ET,none,2018-02-28,2018-02-27T06:15:00+09:00,2018-02-23,0.13200000000000012,1,5
2018-03-02,1081.9,2018-02-28,2018-03-01,2.266,817Y002,010200000,연%,국고채(3년),KOFIA 16:00 KST source publication; usable from next calendar day; ECOS load time unverified,2018-02-28T16:00:00+09:00,2018-02-28,2.43,DGS3,Daily,Percent,2018-02-28T16:15:00-05:00,post-2016-10-11 official daily H.15 calendar at 16:15 ET,none,2018-03-02,2018-03-01T06:15:00+09:00,2018-02-27,0.16400000000000015,2,3
2018-03-05,1081.3,2018-03-02,2018-03-03,2.29,817Y002,010200000,연%,국고채(3년),KOFIA 16:00 KST source publication; usable from next calendar day; ECOS load time unverified,2018-03-02T16:00:00+09:00,2018-03-02,2.36,DGS3,Daily,Percent,2018-03-02T16:15:00-05:00,post-2016-10-11 official daily H.15 calendar at 16:15 ET,none,2018-03-04,2018-03-03T06:15:00+09:00,2018-03-01,0.06999999999999984,3,4
2018-03-06,1080.5,2018-03-05,2018-03-06,2.311,817Y002,010200000,연%,국고채(3년),KOFIA 16:00 KST source publication; usable from next calendar day; ECOS load time unverified,2018-03-05T16:00:00+09:00,2018-03-02,2.36,DGS3,Daily,Percent,2018-03-02T16:15:00-05:00,post-2016-10-11 official daily H.15 calendar at 16:15 ET,none,2018-03-04,2018-03-03T06:15:00+09:00,2018-03-01,0.04899999999999993,1,5
2018-03-07,1075.4,2018-03-06,2018-03-07,2.312,817Y002,010200000,연%,국고채(3년),KOFIA 16:00 KST source publication; usable from next calendar day; ECOS load time unverified,2018-03-06T16:00:00+09:00,2018-03-05,2.4,DGS3,Daily,Percent,2018-03-05T16:15:00-05:00,post-2016-10-11 official daily H.15 calendar at 16:15 ET,none,2018-03-07,2018-03-06T06:15:00+09:00,2018-03-02,0.08800000000000008,1,5
2018-03-08,1068.7,2018-03-07,2018-03-08,2.297,817Y002,010200000,연%,국고채(3년),KOFIA 16:00 KST source publication; usable from next calendar day; ECOS load time unverified,2018-03-07T16:00:00+09:00,2018-03-06,2.41,DGS3,Daily,Percent,2018-03-06T16:15:00-05:00,post-2016-10-11 official daily H.15 calendar at 16:15 ET,none,2018-03-08,2018-03-07T06:15:00+09:00,2018-03-05,0.11299999999999999,1,3
2018-03-09,1068.4,2018-03-08,2018-03-09,2.286,817Y002,010200000,연%,국고채(3년),KOFIA 16:00 KST source publication; usable from next calendar day; ECOS load time unverified,2018-03-08T16:00:00+09:00,2018-03-07,2.42,DGS3,Daily,Percent,2018-03-07T16:15:00-05:00,post-2016-10-11 official daily H.15 calendar at 16:15 ET,none,2018-03-09,2018-03-08T06:15:00+09:00,2018-03-06,0.1339999999999999,1,3
2018-03-12,1069.2,2018-03-09,2018-03-10,2.293,817Y002,010200000,연%,국고채(3년),KOFIA 16:00 KST source publication; usable from next calendar day; ECOS load time unverified,2018-03-09T16:00:00+09:00,2018-03-09,2.42,DGS3,Daily,Percent,2018-03-09T16:15:00-05:00,post-2016-10-11 official daily H.15 calendar at 16:15 ET,none,2018-03-11,2018-03-10T06:15:00+09:00,2018-03-08,0.12699999999999978,3,4
2018-03-13,1064.3,2018-03-12,2018-03-13,2.305,817Y002,010200000,연%,국고채(3년),KOFIA 16:00 KST source publication; usable from next calendar day; ECOS load time unverified,2018-03-12T16:00:00+09:00,2018-03-09,2.42,DGS3,Daily,Percent,2018-03-09T16:15:00-05:00,post-2016-10-11 official daily H.15 calendar at 16:15 ET,none,2018-03-11,2018-03-10T06:15:00+09:00,2018-03-08,0.11499999999999977,1,5
2018-03-14,1065.8,2018-03-13,2018-03-14,2.301,817Y002,010200000,연%,국고채(3년),KOFIA 16:00 KST source publication; usable from next calendar day; ECOS load time unverified,2018-03-13T16:00:00+09:00,2018-03-12,2.45,DGS3,Daily,Percent,2018-03-12T16:15:00-04:00,post-2016-10-11 official daily H.15 calendar at 16:15 ET,none,2018-03-14,2018-03-13T05:15:00+09:00,2018-03-09,0.14900000000000002,1,5
2018-03-15,1065.8,2018-03-14,2018-03-15,2.274,817Y002,010200000,연%,국고채(3년),KOFIA 16:00 KST source publication; usable from next calendar day; ECOS load time unverified,2018-03-14T16:00:00+09:00,2018-03-13,2.43,DGS3,Daily,Percent,2018-03-13T16:15:00-04:00,post-2016-10-11 official daily H.15 calendar at 16:15 ET,none,2018-03-15,2018-03-14T05:15:00+09:00,2018-03-12,0.15600000000000014,1,3
2018-03-16,1065.8,2018-03-15,2018-03-16,2.268,817Y002,010200000,연%,국고채(3년),KOFIA 16:00 KST source publication; usable from next calendar day; ECOS load time unverified,2018-03-15T16:00:00+09:00,2018-03-14,2.41,DGS3,Daily,Percent,2018-03-14T16:15:00-04:00,post-2016-10-11 official daily H.15 calendar at 16:15 ET,none,2018-03-16,2018-03-15T05:15:00+09:00,2018-03-13,0.14200000000000035,1,3
2018-03-19,1069.6,2018-03-16,2018-03-17,2.276,817Y002,010200000,연%,국고채(3년),KOFIA 16:00 KST source publication; usable from next calendar day; ECOS load time unverified,2018-03-16T16:00:00+09:00,2018-03-16,2.42,DGS3,Daily,Percent,2018-03-16T16:15:00-04:00,post-2016-10-11 official daily H.15 calendar at 16:15 ET,none,2018-03-18,2018-03-17T05:15:00+09:00,2018-03-15,0.14400000000000013,3,4
2018-03-20,1071.2,2018-03-19,2018-03-20,2.275,817Y002,010200000,연%,국고채(3년),KOFIA 16:00 KST source publication; usable from next calendar day; ECOS load time unverified,2018-03-19T16:00:00+09:00,2018-03-16,2.42,DGS3,Daily,Percent,2018-03-16T16:15:00-04:00,post-2016-10-11 official daily H.15 calendar at 16:15 ET,none,2018-03-18,2018-03-17T05:15:00+09:00,2018-03-15,0.14500000000000002,1,5
2018-03-21,1071.0,2018-03-20,2018-03-21,2.286,817Y002,010200000,연%,국고채(3년),KOFIA 16:00 KST source publication; usable from next calendar day; ECOS load time unverified,2018-03-20T16:00:00+09:00,2018-03-19,2.44,DGS3,Daily,Percent,2018-03-19T16:15:00-04:00,post-2016-10-11 official daily H.15 calendar at 16:15 ET,none,2018-03-21,2018-03-20T05:15:00+09:00,2018-03-16,0.15399999999999991,1,5
2018-03-22,1071.4,2018-03-21,2018-03-22,2.291,817Y002,010200000,연%,국고채(3년),KOFIA 16:00 KST source publication; usable from next calendar day; ECOS load time unverified,2018-03-21T16:00:00+09:00,2018-03-20,2.45,DGS3,Daily,Percent,2018-03-20T16:15:00-04:00,post-2016-10-11 official daily H.15 calendar at 16:15 ET,none,2018-03-22,2018-03-21T05:15:00+09:00,2018-03-19,0.15900000000000025,1,3
2018-03-23,1069.2,2018-03-22,2018-03-23,2.256,817Y002,010200000,연%,국고채(3년),KOFIA 16:00 KST source publication; usable from next calendar day; ECOS load time unverified,2018-03-22T16:00:00+09:00,2018-03-21,2.49,DGS3,Daily,Percent,2018-03-21T16:15:00-04:00,post-2016-10-11 official daily H.15 calendar at 16:15 ET,none,2018-03-23,2018-03-22T05:15:00+09:00,2018-03-20,0.23400000000000043,1,3
2018-03-26,1080.8,2018-03-23,2018-03-24,2.223,817Y002,010200000,연%,국고채(3년),KOFIA 16:00 KST source publication; usable from next calendar day; ECOS load time unverified,2018-03-23T16:00:00+09:00,2018-03-23,2.43,DGS3,Daily,Percent,2018-03-23T16:15:00-04:00,post-2016-10-11 official daily H.15 calendar at 16:15 ET,none,2018-03-25,2018-03-24T05:15:00+09:00,2018-03-22,0.2070000000000003,3,4
2018-03-27,1081.2,2018-03-26,2018-03-27,2.244,817Y002,010200000,연%,국고채(3년),KOFIA 16:00 KST source publication; usable from next calendar day; ECOS load time unverified,2018-03-26T16:00:00+09:00,2018-03-23,2.43,DGS3,Daily,Percent,2018-03-23T16:15:00-04:00,post-2016-10-11 official daily H.15 calendar at 16:15 ET,none,2018-03-25,2018-03-24T05:15:00+09:00,2018-03-22,0.18599999999999994,1,5
2018-03-28,1072.2,2018-03-27,2018-03-28,2.232,817Y002,010200000,연%,국고채(3년),KOFIA 16:00 KST source publication; usable from next calendar day; ECOS load time unverified,2018-03-27T16:00:00+09:00,2018-03-26,2.41,DGS3,Daily,Percent,2018-03-26T16:15:00-04:00,post-2016-10-11 official daily H.15 calendar at 16:15 ET,none,2018-03-28,2018-03-27T05:15:00+09:00,2018-03-23,0.17799999999999994,1,5
2018-03-29,1069.4,2018-03-28,2018-03-29,2.222,817Y002,010200000,연%,국고채(3년),KOFIA 16:00 KST source publication; usable from next calendar day; ECOS load time unverified,2018-03-28T16:00:00+09:00,2018-03-27,2.44,DGS3,Daily,Percent,2018-03-27T16:15:00-04:00,post-2016-10-11 official daily H.15 calendar at 16:15 ET,none,2018-03-29,2018-03-28T05:15:00+09:00,2018-03-26,0.21799999999999997,1,3
2018-03-30,1066.5,2018-03-29,2018-03-30,2.227,817Y002,010200000,연%,국고채(3년),KOFIA 16:00 KST source publication; usable from next calendar day; ECOS load time unverified,2018-03-29T16:00:00+09:00,2018-03-28,2.39,DGS3,Daily,Percent,2018-03-28T16:15:00-04:00,post-2016-10-11 official daily H.15 calendar at 16:15 ET,none,2018-03-30,2018-03-29T05:15:00+09:00,2018-03-27,0.16300000000000026,1,3
2018-04-02,1064.4,2018-03-30,2018-03-31,2.216,817Y002,010200000,연%,국고채(3년),KOFIA 16:00 KST source publication; usable from next calendar day; ECOS load time unverified,2018-03-30T16:00:00+09:00,2018-03-30,2.39,DGS3,Daily,Percent,2018-03-30T16:15:00-04:00,post-2016-10-11 official daily H.15 calendar at 16:15 ET,none,2018-04-01,2018-03-31T05:15:00+09:00,2018-03-29,0.17399999999999993,3,4
2018-04-03,1058.1,2018-04-02,2018-04-03,2.225,817Y002,010200000,연%,국고채(3년),KOFIA 16:00 KST source publication; usable from next calendar day; ECOS load time unverified,2018-04-02T16:00:00+09:00,2018-03-30,2.39,DGS3,Daily,Percent,2018-03-30T16:15:00-04:00,post-2016-10-11 official daily H.15 calendar at 16:15 ET,none,2018-04-01,2018-03-31T05:15:00+09:00,2018-03-29,0.16500000000000004,1,5
2018-04-04,1057.8,2018-04-03,2018-04-04,2.193,817Y002,010200000,연%,국고채(3년),KOFIA 16:00 KST source publication; usable from next calendar day; ECOS load time unverified,2018-04-03T16:00:00+09:00,2018-03-30,2.39,DGS3,Daily,Percent,2018-03-30T16:15:00-04:00,post-2016-10-11 official daily H.15 calendar at 16:15 ET,none,2018-04-01,2018-03-31T05:15:00+09:00,2018-03-29,0.19700000000000006,1,6
2018-04-05,1057.6,2018-04-04,2018-04-05,2.168,817Y002,010200000,연%,국고채(3년),KOFIA 16:00 KST source publication; usable from next calendar day; ECOS load time unverified,2018-04-04T16:00:00+09:00,2018-04-03,2.37,DGS3,Daily,Percent,2018-04-03T16:15:00-04:00,post-2016-10-11 official daily H.15 calendar at 16:15 ET,none,2018-04-05,2018-04-04T05:15:00+09:00,2018-04-02,0.20199999999999996,1,3
2018-04-06,1059.5,2018-04-05,2018-04-06,2.175,817Y002,010200000,연%,국고채(3년),KOFIA 16:00 KST source publication; usable from next calendar day; ECOS load time unverified,2018-04-05T16:00:00+09:00,2018-04-04,2.41,DGS3,Daily,Percent,2018-04-04T16:15:00-04:00,post-2016-10-11 official daily H.15 calendar at 16:15 ET,none,2018-04-06,2018-04-05T05:15:00+09:00,2018-04-03,0.23500000000000032,1,3
2018-04-09,1066.0,2018-04-06,2018-04-07,2.156,817Y002,010200000,연%,국고채(3년),KOFIA 16:00 KST source publication; usable from next calendar day; ECOS load time unverified,2018-04-06T16:00:00+09:00,2018-04-06,2.45,DGS3,Daily,Percent,2018-04-06T16:15:00-04:00,post-2016-10-11 official daily H.15 calendar at 16:15 ET,none,2018-04-08,2018-04-07T05:15:00+09:00,2018-04-05,0.29400000000000004,3,4
2018-04-10,1067.5,2018-04-09,2018-04-10,2.167,817Y002,010200000,연%,국고채(3년),KOFIA 16:00 KST source publication; usable from next calendar day; ECOS load time unverified,2018-04-09T16:00:00+09:00,2018-04-06,2.45,DGS3,Daily,Percent,2018-04-06T16:15:00-04:00,post-2016-10-11 official daily H.15 calendar at 16:15 ET,none,2018-04-08,2018-04-07T05:15:00+09:00,2018-04-05,0.28300000000000036,1,5
2018-04-11,1067.7,2018-04-10,2018-04-11,2.185,817Y002,010200000,연%,국고채(3년),KOFIA 16:00 KST source publication; usable from next calendar day; ECOS load time unverified,2018-04-10T16:00:00+09:00,2018-04-09,2.4,DGS3,Daily,Percent,2018-04-09T16:15:00-04:00,post-2016-10-11 official daily H.15 calendar at 16:15 ET,none,2018-04-11,2018-04-10T05:15:00+09:00,2018-04-06,0.21499999999999986,1,5
2018-04-12,1066.4,2018-04-11,2018-04-12,2.165,817Y002,010200000,연%,국고채(3년),KOFIA 16:00 KST source publication; usable from next calendar day; ECOS load time unverified,2018-04-11T16:00:00+09:00,2018-04-10,2.43,DGS3,Daily,Percent,2018-04-10T16:15:00-04:00,post-2016-10-11 official daily H.15 calendar at 16:15 ET,none,2018-04-12,2018-04-11T05:15:00+09:00,2018-04-09,0.2650000000000001,1,3
2018-04-13,1068.7,2018-04-12,2018-04-13,2.156,817Y002,010200000,연%,국고채(3년),KOFIA 16:00 KST source publication; usable from next calendar day; ECOS load time unverified,2018-04-12T16:00:00+09:00,2018-04-11,2.45,DGS3,Daily,Percent,2018-04-11T16:15:00-04:00,post-2016-10-11 official daily H.15 calendar at 16:15 ET,none,2018-04-13,2018-04-12T05:15:00+09:00,2018-04-10,0.29400000000000004,1,3
2018-04-16,1070.0,2018-04-13,2018-04-14,2.155,817Y002,010200000,연%,국고채(3년),KOFIA 16:00 KST source publication; usable from next calendar day; ECOS load time unverified,2018-04-13T16:00:00+09:00,2018-04-13,2.49,DGS3,Daily,Percent,2018-04-13T16:15:00-04:00,post-2016-10-11 official daily H.15 calendar at 16:15 ET,none,2018-04-15,2018-04-14T05:15:00+09:00,2018-04-12,0.3350000000000004,3,4
2018-04-17,1073.1,2018-04-16,2018-04-17,2.169,817Y002,010200000,연%,국고채(3년),KOFIA 16:00 KST source publication; usable from next calendar day; ECOS load time unverified,2018-04-16T16:00:00+09:00,2018-04-13,2.49,DGS3,Daily,Percent,2018-04-13T16:15:00-04:00,post-2016-10-11 official daily H.15 calendar at 16:15 ET,none,2018-04-15,2018-04-14T05:15:00+09:00,2018-04-12,0.3210000000000002,1,5
2018-04-18,1068.4,2018-04-17,2018-04-18,2.178,817Y002,010200000,연%,국고채(3년),KOFIA 16:00 KST source publication; usable from next calendar day; ECOS load time unverified,2018-04-17T16:00:00+09:00,2018-04-16,2.51,DGS3,Daily,Percent,2018-04-16T16:15:00-04:00,post-2016-10-11 official daily H.15 calendar at 16:15 ET,none,2018-04-18,2018-04-17T05:15:00+09:00,2018-04-13,0.33199999999999985,1,5
2018-04-19,1066.5,2018-04-18,2018-04-19,2.196,817Y002,010200000,연%,국고채(3년),KOFIA 16:00 KST source publication; usable from next calendar day; ECOS load time unverified,2018-04-18T16:00:00+09:00,2018-04-17,2.52,DGS3,Daily,Percent,2018-04-17T16:15:00-04:00,post-2016-10-11 official daily H.15 calendar at 16:15 ET,none,2018-04-19,2018-04-18T05:15:00+09:00,2018-04-16,0.32399999999999984,1,3
2018-04-20,1063.5,2018-04-19,2018-04-20,2.195,817Y002,010200000,연%,국고채(3년),KOFIA 16:00 KST source publication; usable from next calendar day; ECOS load time unverified,2018-04-19T16:00:00+09:00,2018-04-18,2.52,DGS3,Daily,Percent,2018-04-18T16:15:00-04:00,post-2016-10-11 official daily H.15 calendar at 16:15 ET,none,2018-04-20,2018-04-19T05:15:00+09:00,2018-04-17,0.3250000000000002,1,3
2018-04-23,1067.3,2018-04-20,2018-04-21,2.2,817Y002,010200000,연%,국고채(3년),KOFIA 16:00 KST source publication; usable from next calendar day; ECOS load time unverified,2018-04-20T16:00:00+09:00,2018-04-20,2.58,DGS3,Daily,Percent,2018-04-20T16:15:00-04:00,post-2016-10-11 official daily H.15 calendar at 16:15 ET,none,2018-04-22,2018-04-21T05:15:00+09:00,2018-04-19,0.3799999999999999,3,4
2018-04-24,1068.9,2018-04-23,2018-04-24,2.235,817Y002,010200000,연%,국고채(3년),KOFIA 16:00 KST source publication; usable from next calendar day; ECOS load time unverified,2018-04-23T16:00:00+09:00,2018-04-20,2.58,DGS3,Daily,Percent,2018-04-20T16:15:00-04:00,post-2016-10-11 official daily H.15 calendar at 16:15 ET,none,2018-04-22,2018-04-21T05:15:00+09:00,2018-04-19,0.3450000000000002,1,5
2018-04-25,1076.9,2018-04-24,2018-04-25,2.227,817Y002,010200000,연%,국고채(3년),KOFIA 16:00 KST source publication; usable from next calendar day; ECOS load time unverified,2018-04-24T16:00:00+09:00,2018-04-23,2.62,DGS3,Daily,Percent,2018-04-23T16:15:00-04:00,post-2016-10-11 official daily H.15 calendar at 16:15 ET,none,2018-04-25,2018-04-24T05:15:00+09:00,2018-04-20,0.39300000000000024,1,5
2018-04-26,1078.7,2018-04-25,2018-04-26,2.246,817Y002,010200000,연%,국고채(3년),KOFIA 16:00 KST source publication; usable from next calendar day; ECOS load time unverified,2018-04-25T16:00:00+09:00,2018-04-24,2.64,DGS3,Daily,Percent,2018-04-24T16:15:00-04:00,post-2016-10-11 official daily H.15 calendar at 16:15 ET,none,2018-04-26,2018-04-25T05:15:00+09:00,2018-04-23,0.39400000000000013,1,3
2018-04-27,1079.7,2018-04-26,2018-04-27,2.234,817Y002,010200000,연%,국고채(3년),KOFIA 16:00 KST source publication; usable from next calendar day; ECOS load time unverified,2018-04-26T16:00:00+09:00,2018-04-25,2.63,DGS3,Daily,Percent,2018-04-25T16:15:00-04:00,post-2016-10-11 official daily H.15 calendar at 16:15 ET,none,2018-04-27,2018-04-26T05:15:00+09:00,2018-04-24,0.3959999999999999,1,3
2018-04-30,1076.2,2018-04-27,2018-04-28,2.201,817Y002,010200000,연%,국고채(3년),KOFIA 16:00 KST source publication; usable from next calendar day; ECOS load time unverified,2018-04-27T16:00:00+09:00,2018-04-27,2.63,DGS3,Daily,Percent,2018-04-27T16:15:00-04:00,post-2016-10-11 official daily H.15 calendar at 16:15 ET,none,2018-04-29,2018-04-28T05:15:00+09:00,2018-04-26,0.4289999999999998,3,4
2018-05-02,1067.5,2018-04-30,2018-05-01,2.216,817Y002,010200000,연%,국고채(3년),KOFIA 16:00 KST source publication; usable from next calendar day; ECOS load time unverified,2018-04-30T16:00:00+09:00,2018-04-30,2.62,DGS3,Daily,Percent,2018-04-30T16:15:00-04:00,post-2016-10-11 official daily H.15 calendar at 16:15 ET,none,2018-05-02,2018-05-01T05:15:00+09:00,2018-04-27,0.4039999999999999,2,5
2018-05-03,1074.9,2018-05-02,2018-05-03,2.237,817Y002,010200000,연%,국고채(3년),KOFIA 16:00 KST source publication; usable from next calendar day; ECOS load time unverified,2018-05-02T16:00:00+09:00,2018-05-01,2.62,DGS3,Daily,Percent,2018-05-01T16:15:00-04:00,post-2016-10-11 official daily H.15 calendar at 16:15 ET,none,2018-05-03,2018-05-02T05:15:00+09:00,2018-04-30,0.383,1,3
2018-05-04,1076.5,2018-05-03,2018-05-04,2.246,817Y002,010200000,연%,국고채(3년),KOFIA 16:00 KST source publication; usable from next calendar day; ECOS load time unverified,2018-05-03T16:00:00+09:00,2018-05-02,2.66,DGS3,Daily,Percent,2018-05-02T16:15:00-04:00,post-2016-10-11 official daily H.15 calendar at 16:15 ET,none,2018-05-04,2018-05-03T05:15:00+09:00,2018-05-01,0.41400000000000015,1,3
2018-05-08,1076.7,2018-05-04,2018-05-05,2.28,817Y002,010200000,연%,국고채(3년),KOFIA 16:00 KST source publication; usable from next calendar day; ECOS load time unverified,2018-05-04T16:00:00+09:00,2018-05-04,2.62,DGS3,Daily,Percent,2018-05-04T16:15:00-04:00,post-2016-10-11 official daily H.15 calendar at 16:15 ET,none,2018-05-06,2018-05-05T05:15:00+09:00,2018-05-03,0.3400000000000003,4,5
2018-05-09,1078.2,2018-05-08,2018-05-09,2.311,817Y002,010200000,연%,국고채(3년),KOFIA 16:00 KST source publication; usable from next calendar day; ECOS load time unverified,2018-05-08T16:00:00+09:00,2018-05-07,2.63,DGS3,Daily,Percent,2018-05-07T16:15:00-04:00,post-2016-10-11 official daily H.15 calendar at 16:15 ET,none,2018-05-09,2018-05-08T05:15:00+09:00,2018-05-04,0.31899999999999995,1,5
2018-05-10,1081.3,2018-05-09,2018-05-10,2.309,817Y002,010200000,연%,국고채(3년),KOFIA 16:00 KST source publication; usable from next calendar day; ECOS load time unverified,2018-05-09T16:00:00+09:00,2018-05-08,2.64,DGS3,Daily,Percent,2018-05-08T16:15:00-04:00,post-2016-10-11 official daily H.15 calendar at 16:15 ET,none,2018-05-10,2018-05-09T05:15:00+09:00,2018-05-07,0.33099999999999996,1,3
2018-05-11,1075.3,2018-05-10,2018-05-11,2.276,817Y002,010200000,연%,국고채(3년),KOFIA 16:00 KST source publication; usable from next calendar day; ECOS load time unverified,2018-05-10T16:00:00+09:00,2018-05-09,2.66,DGS3,Daily,Percent,2018-05-09T16:15:00-04:00,post-2016-10-11 official daily H.15 calendar at 16:15 ET,none,2018-05-11,2018-05-10T05:15:00+09:00,2018-05-08,0.38400000000000034,1,3
2018-05-14,1068.6,2018-05-11,2018-05-12,2.286,817Y002,010200000,연%,국고채(3년),KOFIA 16:00 KST source publication; usable from next calendar day; ECOS load time unverified,2018-05-11T16:00:00+09:00,2018-05-11,2.69,DGS3,Daily,Percent,2018-05-11T16:15:00-04:00,post-2016-10-11 official daily H.15 calendar at 16:15 ET,none,2018-05-13,2018-05-12T05:15:00+09:00,2018-05-10,0.4039999999999999,3,4
2018-05-15,1066.6,2018-05-14,2018-05-15,2.309,817Y002,010200000,연%,국고채(3년),KOFIA 16:00 KST source publication; usable from next calendar day; ECOS load time unverified,2018-05-14T16:00:00+09:00,2018-05-11,2.69,DGS3,Daily,Percent,2018-05-11T16:15:00-04:00,post-2016-10-11 official daily H.15 calendar at 16:15 ET,none,2018-05-13,2018-05-12T05:15:00+09:00,2018-05-10,0.3809999999999998,1,5
2018-05-16,1072.6,2018-05-15,2018-05-16,2.312,817Y002,010200000,연%,국고채(3년),KOFIA 16:00 KST source publication; usable from next calendar day; ECOS load time unverified,2018-05-15T16:00:00+09:00,2018-05-14,2.69,DGS3,Daily,Percent,2018-05-14T16:15:00-04:00,post-2016-10-11 official daily H.15 calendar at 16:15 ET,none,2018-05-16,2018-05-15T05:15:00+09:00,2018-05-11,0.3780000000000001,1,5
2018-05-17,1078.7,2018-05-16,2018-05-17,2.285,817Y002,010200000,연%,국고채(3년),KOFIA 16:00 KST source publication; usable from next calendar day; ECOS load time unverified,2018-05-16T16:00:00+09:00,2018-05-15,2.7,DGS3,Daily,Percent,2018-05-15T16:15:00-04:00,post-2016-10-11 official daily H.15 calendar at 16:15 ET,none,2018-05-17,2018-05-16T05:15:00+09:00,2018-05-14,0.41500000000000004,1,3
2018-05-18,1079.3,2018-05-17,2018-05-18,2.262,817Y002,010200000,연%,국고채(3년),KOFIA 16:00 KST source publication; usable from next calendar day; ECOS load time unverified,2018-05-17T16:00:00+09:00,2018-05-16,2.75,DGS3,Daily,Percent,2018-05-16T16:15:00-04:00,post-2016-10-11 official daily H.15 calendar at 16:15 ET,none,2018-05-18,2018-05-17T05:15:00+09:00,2018-05-15,0.488,1,3
2018-05-21,1080.0,2018-05-18,2018-05-19,2.231,817Y002,010200000,연%,국고채(3년),KOFIA 16:00 KST source publication; usable from next calendar day; ECOS load time unverified,2018-05-18T16:00:00+09:00,2018-05-18,2.75,DGS3,Daily,Percent,2018-05-18T16:15:00-04:00,post-2016-10-11 official daily H.15 calendar at 16:15 ET,none,2018-05-20,2018-05-19T05:15:00+09:00,2018-05-17,0.5190000000000001,3,4
2018-05-23,1083.8,2018-05-21,2018-05-22,2.251,817Y002,010200000,연%,국고채(3년),KOFIA 16:00 KST source publication; usable from next calendar day; ECOS load time unverified,2018-05-21T16:00:00+09:00,2018-05-21,2.71,DGS3,Daily,Percent,2018-05-21T16:15:00-04:00,post-2016-10-11 official daily H.15 calendar at 16:15 ET,none,2018-05-23,2018-05-22T05:15:00+09:00,2018-05-18,0.4590000000000001,2,5
2018-05-24,1078.8,2018-05-23,2018-05-24,2.235,817Y002,010200000,연%,국고채(3년),KOFIA 16:00 KST source publication; usable from next calendar day; ECOS load time unverified,2018-05-23T16:00:00+09:00,2018-05-22,2.73,DGS3,Daily,Percent,2018-05-22T16:15:00-04:00,post-2016-10-11 official daily H.15 calendar at 16:15 ET,none,2018-05-24,2018-05-23T05:15:00+09:00,2018-05-21,0.4950000000000001,1,3
2018-05-25,1079.7,2018-05-24,2018-05-25,2.191,817Y002,010200000,연%,국고채(3년),KOFIA 16:00 KST source publication; usable from next calendar day; ECOS load time unverified,2018-05-24T16:00:00+09:00,2018-05-23,2.73,DGS3,Daily,Percent,2018-05-23T16:15:00-04:00,post-2016-10-11 official daily H.15 calendar at 16:15 ET,none,2018-05-25,2018-05-24T05:15:00+09:00,2018-05-22,0.5390000000000001,1,3
2018-05-28,1078.7,2018-05-25,2018-05-26,2.198,817Y002,010200000,연%,국고채(3년),KOFIA 16:00 KST source publication; usable from next calendar day; ECOS load time unverified,2018-05-25T16:00:00+09:00,2018-05-25,2.65,DGS3,Daily,Percent,2018-05-25T16:15:00-04:00,post-2016-10-11 official daily H.15 calendar at 16:15 ET,none,2018-05-27,2018-05-26T05:15:00+09:00,2018-05-24,0.45199999999999996,3,4
2018-05-29,1073.2,2018-05-28,2018-05-29,2.208,817Y002,010200000,연%,국고채(3년),KOFIA 16:00 KST source publication; usable from next calendar day; ECOS load time unverified,2018-05-28T16:00:00+09:00,2018-05-25,2.65,DGS3,Daily,Percent,2018-05-25T16:15:00-04:00,post-2016-10-11 official daily H.15 calendar at 16:15 ET,none,2018-05-27,2018-05-26T05:15:00+09:00,2018-05-24,0.4419999999999997,1,5
2018-05-30,1076.1,2018-05-29,2018-05-30,2.189,817Y002,010200000,연%,국고채(3년),KOFIA 16:00 KST source publication; usable from next calendar day; ECOS load time unverified,2018-05-29T16:00:00+09:00,2018-05-25,2.65,DGS3,Daily,Percent,2018-05-25T16:15:00-04:00,post-2016-10-11 official daily H.15 calendar at 16:15 ET,none,2018-05-27,2018-05-26T05:15:00+09:00,2018-05-24,0.46099999999999985,1,6
2018-05-31,1081.3,2018-05-30,2018-05-31,2.192,817Y002,010200000,연%,국고채(3년),KOFIA 16:00 KST source publication; usable from next calendar day; ECOS load time unverified,2018-05-30T16:00:00+09:00,2018-05-29,2.6,DGS3,Daily,Percent,2018-05-29T16:15:00-04:00,post-2016-10-11 official daily H.15 calendar at 16:15 ET,none,2018-05-31,2018-05-30T05:15:00+09:00,2018-05-25,0.4079999999999999,1,6
2018-06-01,1076.4,2018-05-31,2018-06-01,2.195,817Y002,010200000,연%,국고채(3년),KOFIA 16:00 KST source publication; usable from next calendar day; ECOS load time unverified,2018-05-31T16:00:00+09:00,2018-05-30,2.43,DGS3,Daily,Percent,2018-05-30T16:15:00-04:00,post-2016-10-11 official daily H.15 calendar at 16:15 ET,none,2018-06-01,2018-05-31T05:15:00+09:00,2018-05-29,0.23500000000000032,1,3
2018-06-04,1076.0,2018-06-01,2018-06-02,2.193,817Y002,010200000,연%,국고채(3년),KOFIA 16:00 KST source publication; usable from next calendar day; ECOS load time unverified,2018-06-01T16:00:00+09:00,2018-06-01,2.54,DGS3,Daily,Percent,2018-06-01T16:15:00-04:00,post-2016-10-11 official daily H.15 calendar at 16:15 ET,none,2018-06-03,2018-06-02T05:15:00+09:00,2018-05-31,0.347,3,4
2018-06-05,1070.9,2018-06-04,2018-06-05,2.213,817Y002,010200000,연%,국고채(3년),KOFIA 16:00 KST source publication; usable from next calendar day; ECOS load time unverified,2018-06-04T16:00:00+09:00,2018-06-01,2.54,DGS3,Daily,Percent,2018-06-01T16:15:00-04:00,post-2016-10-11 official daily H.15 calendar at 16:15 ET,none,2018-06-03,2018-06-02T05:15:00+09:00,2018-05-31,0.32699999999999996,1,5
2018-06-07,1069.6,2018-06-05,2018-06-06,2.201,817Y002,010200000,연%,국고채(3년),KOFIA 16:00 KST source publication; usable from next calendar day; ECOS load time unverified,2018-06-05T16:00:00+09:00,2018-06-05,2.64,DGS3,Daily,Percent,2018-06-05T16:15:00-04:00,post-2016-10-11 official daily H.15 calendar at 16:15 ET,none,2018-06-07,2018-06-06T05:15:00+09:00,2018-06-04,0.43900000000000006,2,3
2018-06-08,1067.9,2018-06-07,2018-06-08,2.217,817Y002,010200000,연%,국고채(3년),KOFIA 16:00 KST source publication; usable from next calendar day; ECOS load time unverified,2018-06-07T16:00:00+09:00,2018-06-06,2.62,DGS3,Daily,Percent,2018-06-06T16:15:00-04:00,post-2016-10-11 official daily H.15 calendar at 16:15 ET,none,2018-06-08,2018-06-07T05:15:00+09:00,2018-06-05,0.403,1,3
2018-06-11,1073.2,2018-06-08,2018-06-09,2.189,817Y002,010200000,연%,국고채(3년),KOFIA 16:00 KST source publication; usable from next calendar day; ECOS load time unverified,2018-06-08T16:00:00+09:00,2018-06-08,2.63,DGS3,Daily,Percent,2018-06-08T16:15:00-04:00,post-2016-10-11 official daily H.15 calendar at 16:15 ET,none,2018-06-10,2018-06-09T05:15:00+09:00,2018-06-07,0.44099999999999984,3,4
2018-06-12,1073.5,2018-06-11,2018-06-12,2.223,817Y002,010200000,연%,국고채(3년),KOFIA 16:00 KST source publication; usable from next calendar day; ECOS load time unverified,2018-06-11T16:00:00+09:00,2018-06-08,2.63,DGS3,Daily,Percent,2018-06-08T16:15:00-04:00,post-2016-10-11 official daily H.15 calendar at 16:15 ET,none,2018-06-10,2018-06-09T05:15:00+09:00,2018-06-07,0.40700000000000003,1,5
2018-06-14,1075.1,2018-06-12,2018-06-13,2.223,817Y002,010200000,연%,국고채(3년),KOFIA 16:00 KST source publication; usable from next calendar day; ECOS load time unverified,2018-06-12T16:00:00+09:00,2018-06-12,2.66,DGS3,Daily,Percent,2018-06-12T16:15:00-04:00,post-2016-10-11 official daily H.15 calendar at 16:15 ET,none,2018-06-14,2018-06-13T05:15:00+09:00,2018-06-11,0.4370000000000003,2,3
2018-06-15,1082.5,2018-06-14,2018-06-15,2.227,817Y002,010200000,연%,국고채(3년),KOFIA 16:00 KST source publication; usable from next calendar day; ECOS load time unverified,2018-06-14T16:00:00+09:00,2018-06-13,2.67,DGS3,Daily,Percent,2018-06-13T16:15:00-04:00,post-2016-10-11 official daily H.15 calendar at 16:15 ET,none,2018-06-15,2018-06-14T05:15:00+09:00,2018-06-12,0.44300000000000006,1,3
2018-06-18,1091.4,2018-06-15,2018-06-16,2.186,817Y002,010200000,연%,국고채(3년),KOFIA 16:00 KST source publication; usable from next calendar day; ECOS load time unverified,2018-06-15T16:00:00+09:00,2018-06-15,2.69,DGS3,Daily,Percent,2018-06-15T16:15:00-04:00,post-2016-10-11 official daily H.15 calendar at 16:15 ET,none,2018-06-17,2018-06-16T05:15:00+09:00,2018-06-14,0.504,3,4
2018-06-19,1104.4,2018-06-18,2018-06-19,2.178,817Y002,010200000,연%,국고채(3년),KOFIA 16:00 KST source publication; usable from next calendar day; ECOS load time unverified,2018-06-18T16:00:00+09:00,2018-06-15,2.69,DGS3,Daily,Percent,2018-06-15T16:15:00-04:00,post-2016-10-11 official daily H.15 calendar at 16:15 ET,none,2018-06-17,2018-06-16T05:15:00+09:00,2018-06-14,0.512,1,5
2018-06-20,1105.5,2018-06-19,2018-06-20,2.164,817Y002,010200000,연%,국고채(3년),KOFIA 16:00 KST source publication; usable from next calendar day; ECOS load time unverified,2018-06-19T16:00:00+09:00,2018-06-18,2.68,DGS3,Daily,Percent,2018-06-18T16:15:00-04:00,post-2016-10-11 official daily H.15 calendar at 16:15 ET,none,2018-06-20,2018-06-19T05:15:00+09:00,2018-06-15,0.516,1,5
2018-06-21,1108.0,2018-06-20,2018-06-21,2.163,817Y002,010200000,연%,국고채(3년),KOFIA 16:00 KST source publication; usable from next calendar day; ECOS load time unverified,2018-06-20T16:00:00+09:00,2018-06-19,2.67,DGS3,Daily,Percent,2018-06-19T16:15:00-04:00,post-2016-10-11 official daily H.15 calendar at 16:15 ET,none,2018-06-21,2018-06-20T05:15:00+09:00,2018-06-18,0.5070000000000001,1,3
2018-06-22,1109.0,2018-06-21,2018-06-22,2.149,817Y002,010200000,연%,국고채(3년),KOFIA 16:00 KST source publication; usable from next calendar day; ECOS load time unverified,2018-06-21T16:00:00+09:00,2018-06-20,2.64,DGS3,Daily,Percent,2018-06-20T16:15:00-04:00,post-2016-10-11 official daily H.15 calendar at 16:15 ET,none,2018-06-22,2018-06-21T05:15:00+09:00,2018-06-19,0.4910000000000001,1,3
2018-06-25,1108.9,2018-06-22,2018-06-23,2.147,817Y002,010200000,연%,국고채(3년),KOFIA 16:00 KST source publication; usable from next calendar day; ECOS load time unverified,2018-06-22T16:00:00+09:00,2018-06-22,2.65,DGS3,Daily,Percent,2018-06-22T16:15:00-04:00,post-2016-10-11 official daily H.15 calendar at 16:15 ET,none,2018-06-24,2018-06-23T05:15:00+09:00,2018-06-21,0.5030000000000001,3,4
2018-06-26,1116.1,2018-06-25,2018-06-26,2.143,817Y002,010200000,연%,국고채(3년),KOFIA 16:00 KST source publication; usable from next calendar day; ECOS load time unverified,2018-06-25T16:00:00+09:00,2018-06-22,2.65,DGS3,Daily,Percent,2018-06-22T16:15:00-04:00,post-2016-10-11 official daily H.15 calendar at 16:15 ET,none,2018-06-24,2018-06-23T05:15:00+09:00,2018-06-21,0.5070000000000001,1,5
2018-06-27,1115.2,2018-06-26,2018-06-27,2.148,817Y002,010200000,연%,국고채(3년),KOFIA 16:00 KST source publication; usable from next calendar day; ECOS load time unverified,2018-06-26T16:00:00+09:00,2018-06-25,2.65,DGS3,Daily,Percent,2018-06-25T16:15:00-04:00,post-2016-10-11 official daily H.15 calendar at 16:15 ET,none,2018-06-27,2018-06-26T05:15:00+09:00,2018-06-22,0.5019999999999998,1,5
2018-06-28,1117.9,2018-06-27,2018-06-28,2.122,817Y002,010200000,연%,국고채(3년),KOFIA 16:00 KST source publication; usable from next calendar day; ECOS load time unverified,2018-06-27T16:00:00+09:00,2018-06-26,2.63,DGS3,Daily,Percent,2018-06-26T16:15:00-04:00,post-2016-10-11 official daily H.15 calendar at 16:15 ET,none,2018-06-28,2018-06-27T05:15:00+09:00,2018-06-25,0.508,1,3
2018-06-29,1121.7,2018-06-28,2018-06-29,2.115,817Y002,010200000,연%,국고채(3년),KOFIA 16:00 KST source publication; usable from next calendar day; ECOS load time unverified,2018-06-28T16:00:00+09:00,2018-06-27,2.63,DGS3,Daily,Percent,2018-06-27T16:15:00-04:00,post-2016-10-11 official daily H.15 calendar at 16:15 ET,none,2018-06-29,2018-06-28T05:15:00+09:00,2018-06-26,0.5149999999999997,1,3
2018-07-02,1117.2,2018-06-29,2018-06-30,2.122,817Y002,010200000,연%,국고채(3년),KOFIA 16:00 KST source publication; usable from next calendar day; ECOS load time unverified,2018-06-29T16:00:00+09:00,2018-06-29,2.6,DGS3,Daily,Percent,2018-06-29T16:15:00-04:00,post-2016-10-11 official daily H.15 calendar at 16:15 ET,none,2018-07-01,2018-06-30T05:15:00+09:00,2018-06-28,0.4780000000000002,3,4
2018-07-03,1117.4,2018-07-02,2018-07-03,2.123,817Y002,010200000,연%,국고채(3년),KOFIA 16:00 KST source publication; usable from next calendar day; ECOS load time unverified,2018-07-02T16:00:00+09:00,2018-06-29,2.6,DGS3,Daily,Percent,2018-06-29T16:15:00-04:00,post-2016-10-11 official daily H.15 calendar at 16:15 ET,none,2018-07-01,2018-06-30T05:15:00+09:00,2018-06-28,0.47699999999999987,1,5
2018-07-04,1121.1,2018-07-03,2018-07-04,2.138,817Y002,010200000,연%,국고채(3년),KOFIA 16:00 KST source publication; usable from next calendar day; ECOS load time unverified,2018-07-03T16:00:00+09:00,2018-07-02,2.63,DGS3,Daily,Percent,2018-07-02T16:15:00-04:00,post-2016-10-11 official daily H.15 calendar at 16:15 ET,none,2018-07-04,2018-07-03T05:15:00+09:00,2018-06-29,0.492,1,5
2018-07-05,1115.3,2018-07-04,2018-07-05,2.116,817Y002,010200000,연%,국고채(3년),KOFIA 16:00 KST source publication; usable from next calendar day; ECOS load time unverified,2018-07-04T16:00:00+09:00,2018-07-03,2.65,DGS3,Daily,Percent,2018-07-03T16:15:00-04:00,post-2016-10-11 official daily H.15 calendar at 16:15 ET,none,2018-07-05,2018-07-04T05:15:00+09:00,2018-07-02,0.5339999999999998,1,3
2018-07-06,1118.4,2018-07-05,2018-07-06,2.093,817Y002,010200000,연%,국고채(3년),KOFIA 16:00 KST source publication; usable from next calendar day; ECOS load time unverified,2018-07-05T16:00:00+09:00,2018-07-03,2.65,DGS3,Daily,Percent,2018-07-03T16:15:00-04:00,post-2016-10-11 official daily H.15 calendar at 16:15 ET,none,2018-07-05,2018-07-04T05:15:00+09:00,2018-07-02,0.5569999999999999,1,4
2018-07-09,1117.8,2018-07-06,2018-07-07,2.101,817Y002,010200000,연%,국고채(3년),KOFIA 16:00 KST source publication; usable from next calendar day; ECOS load time unverified,2018-07-06T16:00:00+09:00,2018-07-06,2.65,DGS3,Daily,Percent,2018-07-06T16:15:00-04:00,post-2016-10-11 official daily H.15 calendar at 16:15 ET,none,2018-07-08,2018-07-07T05:15:00+09:00,2018-07-05,0.5489999999999999,3,4
2018-07-10,1112.3,2018-07-09,2018-07-10,2.107,817Y002,010200000,연%,국고채(3년),KOFIA 16:00 KST source publication; usable from next calendar day; ECOS load time unverified,2018-07-09T16:00:00+09:00,2018-07-06,2.65,DGS3,Daily,Percent,2018-07-06T16:15:00-04:00,post-2016-10-11 official daily H.15 calendar at 16:15 ET,none,2018-07-08,2018-07-07T05:15:00+09:00,2018-07-05,0.5429999999999997,1,5
2018-07-11,1113.8,2018-07-10,2018-07-11,2.095,817Y002,010200000,연%,국고채(3년),KOFIA 16:00 KST source publication; usable from next calendar day; ECOS load time unverified,2018-07-10T16:00:00+09:00,2018-07-09,2.64,DGS3,Daily,Percent,2018-07-09T16:15:00-04:00,post-2016-10-11 official daily H.15 calendar at 16:15 ET,none,2018-07-11,2018-07-10T05:15:00+09:00,2018-07-06,0.5449999999999999,1,5
2018-07-12,1120.8,2018-07-11,2018-07-12,2.054,817Y002,010200000,연%,국고채(3년),KOFIA 16:00 KST source publication; usable from next calendar day; ECOS load time unverified,2018-07-11T16:00:00+09:00,2018-07-10,2.66,DGS3,Daily,Percent,2018-07-10T16:15:00-04:00,post-2016-10-11 official daily H.15 calendar at 16:15 ET,none,2018-07-12,2018-07-11T05:15:00+09:00,2018-07-09,0.6060000000000003,1,3
2018-07-13,1127.8,2018-07-12,2018-07-13,2.09,817Y002,010200000,연%,국고채(3년),KOFIA 16:00 KST source publication; usable from next calendar day; ECOS load time unverified,2018-07-12T16:00:00+09:00,2018-07-11,2.69,DGS3,Daily,Percent,2018-07-11T16:15:00-04:00,post-2016-10-11 official daily H.15 calendar at 16:15 ET,none,2018-07-13,2018-07-12T05:15:00+09:00,2018-07-10,0.6000000000000001,1,3
2018-07-16,1123.4,2018-07-13,2018-07-14,2.105,817Y002,010200000,연%,국고채(3년),KOFIA 16:00 KST source publication; usable from next calendar day; ECOS load time unverified,2018-07-13T16:00:00+09:00,2018-07-13,2.68,DGS3,Daily,Percent,2018-07-13T16:15:00-04:00,post-2016-10-11 official daily H.15 calendar at 16:15 ET,none,2018-07-15,2018-07-14T05:15:00+09:00,2018-07-12,0.5750000000000002,3,4
2018-07-17,1128.7,2018-07-16,2018-07-17,2.088,817Y002,010200000,연%,국고채(3년),KOFIA 16:00 KST source publication; usable from next calendar day; ECOS load time unverified,2018-07-16T16:00:00+09:00,2018-07-13,2.68,DGS3,Daily,Percent,2018-07-13T16:15:00-04:00,post-2016-10-11 official daily H.15 calendar at 16:15 ET,none,2018-07-15,2018-07-14T05:15:00+09:00,2018-07-12,0.5920000000000001,1,5
2018-07-18,1125.2,2018-07-17,2018-07-18,2.094,817Y002,010200000,연%,국고채(3년),KOFIA 16:00 KST source publication; usable from next calendar day; ECOS load time unverified,2018-07-17T16:00:00+09:00,2018-07-16,2.66,DGS3,Daily,Percent,2018-07-16T16:15:00-04:00,post-2016-10-11 official daily H.15 calendar at 16:15 ET,none,2018-07-18,2018-07-17T05:15:00+09:00,2018-07-13,0.5660000000000003,1,5
2018-07-19,1128.9,2018-07-18,2018-07-19,2.087,817Y002,010200000,연%,국고채(3년),KOFIA 16:00 KST source publication; usable from next calendar day; ECOS load time unverified,2018-07-18T16:00:00+09:00,2018-07-17,2.67,DGS3,Daily,Percent,2018-07-17T16:15:00-04:00,post-2016-10-11 official daily H.15 calendar at 16:15 ET,none,2018-07-19,2018-07-18T05:15:00+09:00,2018-07-16,0.5829999999999997,1,3
2018-07-20,1131.2,2018-07-19,2018-07-20,2.089,817Y002,010200000,연%,국고채(3년),KOFIA 16:00 KST source publication; usable from next calendar day; ECOS load time unverified,2018-07-19T16:00:00+09:00,2018-07-18,2.69,DGS3,Daily,Percent,2018-07-18T16:15:00-04:00,post-2016-10-11 official daily H.15 calendar at 16:15 ET,none,2018-07-20,2018-07-19T05:15:00+09:00,2018-07-17,0.601,1,3
2018-07-23,1134.8,2018-07-20,2018-07-21,2.077,817Y002,010200000,연%,국고채(3년),KOFIA 16:00 KST source publication; usable from next calendar day; ECOS load time unverified,2018-07-20T16:00:00+09:00,2018-07-20,2.67,DGS3,Daily,Percent,2018-07-20T16:15:00-04:00,post-2016-10-11 official daily H.15 calendar at 16:15 ET,none,2018-07-22,2018-07-21T05:15:00+09:00,2018-07-19,0.593,3,4
2018-07-24,1128.5,2018-07-23,2018-07-24,2.077,817Y002,010200000,연%,국고채(3년),KOFIA 16:00 KST source publication; usable from next calendar day; ECOS load time unverified,2018-07-23T16:00:00+09:00,2018-07-20,2.67,DGS3,Daily,Percent,2018-07-20T16:15:00-04:00,post-2016-10-11 official daily H.15 calendar at 16:15 ET,none,2018-07-22,2018-07-21T05:15:00+09:00,2018-07-19,0.593,1,5
2018-07-25,1135.2,2018-07-24,2018-07-25,2.092,817Y002,010200000,연%,국고채(3년),KOFIA 16:00 KST source publication; usable from next calendar day; ECOS load time unverified,2018-07-24T16:00:00+09:00,2018-07-23,2.68,DGS3,Daily,Percent,2018-07-23T16:15:00-04:00,post-2016-10-11 official daily H.15 calendar at 16:15 ET,none,2018-07-25,2018-07-24T05:15:00+09:00,2018-07-20,0.5880000000000001,1,5
2018-07-26,1127.5,2018-07-25,2018-07-26,2.079,817Y002,010200000,연%,국고채(3년),KOFIA 16:00 KST source publication; usable from next calendar day; ECOS load time unverified,2018-07-25T16:00:00+09:00,2018-07-24,2.72,DGS3,Daily,Percent,2018-07-24T16:15:00-04:00,post-2016-10-11 official daily H.15 calendar at 16:15 ET,none,2018-07-26,2018-07-25T05:15:00+09:00,2018-07-23,0.641,1,3
2018-07-27,1119.6,2018-07-26,2018-07-27,2.071,817Y002,010200000,연%,국고채(3년),KOFIA 16:00 KST source publication; usable from next calendar day; ECOS load time unverified,2018-07-26T16:00:00+09:00,2018-07-25,2.74,DGS3,Daily,Percent,2018-07-25T16:15:00-04:00,post-2016-10-11 official daily H.15 calendar at 16:15 ET,none,2018-07-27,2018-07-26T05:15:00+09:00,2018-07-24,0.669,1,3
2018-07-30,1120.0,2018-07-27,2018-07-28,2.112,817Y002,010200000,연%,국고채(3년),KOFIA 16:00 KST source publication; usable from next calendar day; ECOS load time unverified,2018-07-27T16:00:00+09:00,2018-07-27,2.78,DGS3,Daily,Percent,2018-07-27T16:15:00-04:00,post-2016-10-11 official daily H.15 calendar at 16:15 ET,none,2018-07-29,2018-07-28T05:15:00+09:00,2018-07-26,0.6679999999999997,3,4
2018-07-31,1116.7,2018-07-30,2018-07-31,2.128,817Y002,010200000,연%,국고채(3년),KOFIA 16:00 KST source publication; usable from next calendar day; ECOS load time unverified,2018-07-30T16:00:00+09:00,2018-07-27,2.78,DGS3,Daily,Percent,2018-07-27T16:15:00-04:00,post-2016-10-11 official daily H.15 calendar at 16:15 ET,none,2018-07-29,2018-07-28T05:15:00+09:00,2018-07-26,0.6519999999999997,1,5
2018-08-01,1117.9,2018-07-31,2018-08-01,2.123,817Y002,010200000,연%,국고채(3년),KOFIA 16:00 KST source publication; usable from next calendar day; ECOS load time unverified,2018-07-31T16:00:00+09:00,2018-07-30,2.76,DGS3,Daily,Percent,2018-07-30T16:15:00-04:00,post-2016-10-11 official daily H.15 calendar at 16:15 ET,none,2018-08-01,2018-07-31T05:15:00+09:00,2018-07-27,0.6369999999999996,1,5
2018-08-02,1119.3,2018-08-01,2018-08-02,2.124,817Y002,010200000,연%,국고채(3년),KOFIA 16:00 KST source publication; usable from next calendar day; ECOS load time unverified,2018-08-01T16:00:00+09:00,2018-07-31,2.77,DGS3,Daily,Percent,2018-07-31T16:15:00-04:00,post-2016-10-11 official daily H.15 calendar at 16:15 ET,none,2018-08-02,2018-08-01T05:15:00+09:00,2018-07-30,0.6459999999999999,1,3
2018-08-03,1122.6,2018-08-02,2018-08-03,2.113,817Y002,010200000,연%,국고채(3년),KOFIA 16:00 KST source publication; usable from next calendar day; ECOS load time unverified,2018-08-02T16:00:00+09:00,2018-08-01,2.77,DGS3,Daily,Percent,2018-08-01T16:15:00-04:00,post-2016-10-11 official daily H.15 calendar at 16:15 ET,none,2018-08-03,2018-08-02T05:15:00+09:00,2018-07-31,0.657,1,3
2018-08-06,1128.1,2018-08-03,2018-08-04,2.108,817Y002,010200000,연%,국고채(3년),KOFIA 16:00 KST source publication; usable from next calendar day; ECOS load time unverified,2018-08-03T16:00:00+09:00,2018-08-03,2.76,DGS3,Daily,Percent,2018-08-03T16:15:00-04:00,post-2016-10-11 official daily H.15 calendar at 16:15 ET,none,2018-08-05,2018-08-04T05:15:00+09:00,2018-08-02,0.6519999999999997,3,4
2018-08-07,1123.5,2018-08-06,2018-08-07,2.097,817Y002,010200000,연%,국고채(3년),KOFIA 16:00 KST source publication; usable from next calendar day; ECOS load time unverified,2018-08-06T16:00:00+09:00,2018-08-03,2.76,DGS3,Daily,Percent,2018-08-03T16:15:00-04:00,post-2016-10-11 official daily H.15 calendar at 16:15 ET,none,2018-08-05,2018-08-04T05:15:00+09:00,2018-08-02,0.6629999999999998,1,5
2018-08-08,1125.7,2018-08-07,2018-08-08,2.082,817Y002,010200000,연%,국고채(3년),KOFIA 16:00 KST source publication; usable from next calendar day; ECOS load time unverified,2018-08-07T16:00:00+09:00,2018-08-06,2.74,DGS3,Daily,Percent,2018-08-06T16:15:00-04:00,post-2016-10-11 official daily H.15 calendar at 16:15 ET,none,2018-08-08,2018-08-07T05:15:00+09:00,2018-08-03,0.6580000000000004,1,5
2018-08-09,1118.8,2018-08-08,2018-08-09,2.07,817Y002,010200000,연%,국고채(3년),KOFIA 16:00 KST source publication; usable from next calendar day; ECOS load time unverified,2018-08-08T16:00:00+09:00,2018-08-07,2.73,DGS3,Daily,Percent,2018-08-07T16:15:00-04:00,post-2016-10-11 official daily H.15 calendar at 16:15 ET,none,2018-08-09,2018-08-08T05:15:00+09:00,2018-08-06,0.6600000000000001,1,3
2018-08-10,1117.9,2018-08-09,2018-08-10,2.05,817Y002,010200000,연%,국고채(3년),KOFIA 16:00 KST source publication; usable from next calendar day; ECOS load time unverified,2018-08-09T16:00:00+09:00,2018-08-08,2.76,DGS3,Daily,Percent,2018-08-08T16:15:00-04:00,post-2016-10-11 official daily H.15 calendar at 16:15 ET,none,2018-08-10,2018-08-09T05:15:00+09:00,2018-08-07,0.71,1,3
2018-08-13,1126.3,2018-08-10,2018-08-11,2.04,817Y002,010200000,연%,국고채(3년),KOFIA 16:00 KST source publication; usable from next calendar day; ECOS load time unverified,2018-08-10T16:00:00+09:00,2018-08-10,2.74,DGS3,Daily,Percent,2018-08-10T16:15:00-04:00,post-2016-10-11 official daily H.15 calendar at 16:15 ET,none,2018-08-12,2018-08-11T05:15:00+09:00,2018-08-09,0.7000000000000002,3,4
2018-08-14,1133.7,2018-08-13,2018-08-14,2.051,817Y002,010200000,연%,국고채(3년),KOFIA 16:00 KST source publication; usable from next calendar day; ECOS load time unverified,2018-08-13T16:00:00+09:00,2018-08-10,2.74,DGS3,Daily,Percent,2018-08-10T16:15:00-04:00,post-2016-10-11 official daily H.15 calendar at 16:15 ET,none,2018-08-12,2018-08-11T05:15:00+09:00,2018-08-09,0.6890000000000001,1,5
2018-08-16,1132.1,2018-08-14,2018-08-15,2.063,817Y002,010200000,연%,국고채(3년),KOFIA 16:00 KST source publication; usable from next calendar day; ECOS load time unverified,2018-08-14T16:00:00+09:00,2018-08-14,2.68,DGS3,Daily,Percent,2018-08-14T16:15:00-04:00,post-2016-10-11 official daily H.15 calendar at 16:15 ET,none,2018-08-16,2018-08-15T05:15:00+09:00,2018-08-13,0.617,2,3
2018-08-17,1130.7,2018-08-16,2018-08-17,2.05,817Y002,010200000,연%,국고채(3년),KOFIA 16:00 KST source publication; usable from next calendar day; ECOS load time unverified,2018-08-16T16:00:00+09:00,2018-08-15,2.71,DGS3,Daily,Percent,2018-08-15T16:15:00-04:00,post-2016-10-11 official daily H.15 calendar at 16:15 ET,none,2018-08-17,2018-08-16T05:15:00+09:00,2018-08-14,0.6600000000000001,1,3
2018-08-20,1125.6,2018-08-17,2018-08-18,1.997,817Y002,010200000,연%,국고채(3년),KOFIA 16:00 KST source publication; usable from next calendar day; ECOS load time unverified,2018-08-17T16:00:00+09:00,2018-08-17,2.7,DGS3,Daily,Percent,2018-08-17T16:15:00-04:00,post-2016-10-11 official daily H.15 calendar at 16:15 ET,none,2018-08-19,2018-08-18T05:15:00+09:00,2018-08-16,0.7030000000000001,3,4
2018-08-21,1121.7,2018-08-20,2018-08-21,1.985,817Y002,010200000,연%,국고채(3년),KOFIA 16:00 KST source publication; usable from next calendar day; ECOS load time unverified,2018-08-20T16:00:00+09:00,2018-08-17,2.7,DGS3,Daily,Percent,2018-08-17T16:15:00-04:00,post-2016-10-11 official daily H.15 calendar at 16:15 ET,none,2018-08-19,2018-08-18T05:15:00+09:00,2018-08-16,0.7150000000000001,1,5
2018-08-22,1118.2,2018-08-21,2018-08-22,1.919,817Y002,010200000,연%,국고채(3년),KOFIA 16:00 KST source publication; usable from next calendar day; ECOS load time unverified,2018-08-21T16:00:00+09:00,2018-08-20,2.68,DGS3,Daily,Percent,2018-08-20T16:15:00-04:00,post-2016-10-11 official daily H.15 calendar at 16:15 ET,none,2018-08-22,2018-08-21T05:15:00+09:00,2018-08-17,0.7610000000000001,1,5
2018-08-23,1118.7,2018-08-22,2018-08-23,1.962,817Y002,010200000,연%,국고채(3년),KOFIA 16:00 KST source publication; usable from next calendar day; ECOS load time unverified,2018-08-22T16:00:00+09:00,2018-08-21,2.65,DGS3,Daily,Percent,2018-08-21T16:15:00-04:00,post-2016-10-11 official daily H.15 calendar at 16:15 ET,none,2018-08-23,2018-08-22T05:15:00+09:00,2018-08-20,0.688,1,3
2018-08-24,1120.8,2018-08-23,2018-08-24,1.963,817Y002,010200000,연%,국고채(3년),KOFIA 16:00 KST source publication; usable from next calendar day; ECOS load time unverified,2018-08-23T16:00:00+09:00,2018-08-22,2.67,DGS3,Daily,Percent,2018-08-22T16:15:00-04:00,post-2016-10-11 official daily H.15 calendar at 16:15 ET,none,2018-08-24,2018-08-23T05:15:00+09:00,2018-08-21,0.7069999999999999,1,3
2018-08-27,1121.8,2018-08-24,2018-08-25,1.963,817Y002,010200000,연%,국고채(3년),KOFIA 16:00 KST source publication; usable from next calendar day; ECOS load time unverified,2018-08-24T16:00:00+09:00,2018-08-24,2.66,DGS3,Daily,Percent,2018-08-24T16:15:00-04:00,post-2016-10-11 official daily H.15 calendar at 16:15 ET,none,2018-08-26,2018-08-25T05:15:00+09:00,2018-08-23,0.6970000000000001,3,4
2018-08-28,1114.3,2018-08-27,2018-08-28,1.963,817Y002,010200000,연%,국고채(3년),KOFIA 16:00 KST source publication; usable from next calendar day; ECOS load time unverified,2018-08-27T16:00:00+09:00,2018-08-24,2.66,DGS3,Daily,Percent,2018-08-24T16:15:00-04:00,post-2016-10-11 official daily H.15 calendar at 16:15 ET,none,2018-08-26,2018-08-25T05:15:00+09:00,2018-08-23,0.6970000000000001,1,5
2018-08-29,1110.0,2018-08-28,2018-08-29,1.965,817Y002,010200000,연%,국고채(3년),KOFIA 16:00 KST source publication; usable from next calendar day; ECOS load time unverified,2018-08-28T16:00:00+09:00,2018-08-27,2.68,DGS3,Daily,Percent,2018-08-27T16:15:00-04:00,post-2016-10-11 official daily H.15 calendar at 16:15 ET,none,2018-08-29,2018-08-28T05:15:00+09:00,2018-08-24,0.7150000000000001,1,5
2018-08-30,1108.8,2018-08-29,2018-08-30,1.955,817Y002,010200000,연%,국고채(3년),KOFIA 16:00 KST source publication; usable from next calendar day; ECOS load time unverified,2018-08-29T16:00:00+09:00,2018-08-28,2.7,DGS3,Daily,Percent,2018-08-28T16:15:00-04:00,post-2016-10-11 official daily H.15 calendar at 16:15 ET,none,2018-08-30,2018-08-29T05:15:00+09:00,2018-08-27,0.7450000000000001,1,3
2018-08-31,1108.8,2018-08-30,2018-08-31,1.98,817Y002,010200000,연%,국고채(3년),KOFIA 16:00 KST source publication; usable from next calendar day; ECOS load time unverified,2018-08-30T16:00:00+09:00,2018-08-29,2.73,DGS3,Daily,Percent,2018-08-29T16:15:00-04:00,post-2016-10-11 official daily H.15 calendar at 16:15 ET,none,2018-08-31,2018-08-30T05:15:00+09:00,2018-08-28,0.75,1,3
2018-09-03,1113.3,2018-08-31,2018-09-01,1.916,817Y002,010200000,연%,국고채(3년),KOFIA 16:00 KST source publication; usable from next calendar day; ECOS load time unverified,2018-08-31T16:00:00+09:00,2018-08-31,2.72,DGS3,Daily,Percent,2018-08-31T16:15:00-04:00,post-2016-10-11 official daily H.15 calendar at 16:15 ET,none,2018-09-02,2018-09-01T05:15:00+09:00,2018-08-30,0.8040000000000003,3,4
2018-09-04,1113.5,2018-09-03,2018-09-04,1.922,817Y002,010200000,연%,국고채(3년),KOFIA 16:00 KST source publication; usable from next calendar day; ECOS load time unverified,2018-09-03T16:00:00+09:00,2018-08-31,2.72,DGS3,Daily,Percent,2018-08-31T16:15:00-04:00,post-2016-10-11 official daily H.15 calendar at 16:15 ET,none,2018-09-02,2018-09-01T05:15:00+09:00,2018-08-30,0.7980000000000003,1,5
2018-09-05,1114.2,2018-09-04,2018-09-05,1.917,817Y002,010200000,연%,국고채(3년),KOFIA 16:00 KST source publication; usable from next calendar day; ECOS load time unverified,2018-09-04T16:00:00+09:00,2018-08-31,2.72,DGS3,Daily,Percent,2018-08-31T16:15:00-04:00,post-2016-10-11 official daily H.15 calendar at 16:15 ET,none,2018-09-02,2018-09-01T05:15:00+09:00,2018-08-30,0.8030000000000002,1,6
2018-09-06,1117.6,2018-09-05,2018-09-06,1.9,817Y002,010200000,연%,국고채(3년),KOFIA 16:00 KST source publication; usable from next calendar day; ECOS load time unverified,2018-09-05T16:00:00+09:00,2018-09-04,2.7,DGS3,Daily,Percent,2018-09-04T16:15:00-04:00,post-2016-10-11 official daily H.15 calendar at 16:15 ET,none,2018-09-06,2018-09-05T05:15:00+09:00,2018-08-31,0.8000000000000003,1,6
2018-09-07,1121.2,2018-09-06,2018-09-07,1.912,817Y002,010200000,연%,국고채(3년),KOFIA 16:00 KST source publication; usable from next calendar day; ECOS load time unverified,2018-09-06T16:00:00+09:00,2018-09-05,2.73,DGS3,Daily,Percent,2018-09-05T16:15:00-04:00,post-2016-10-11 official daily H.15 calendar at 16:15 ET,none,2018-09-07,2018-09-06T05:15:00+09:00,2018-09-04,0.8180000000000001,1,3
2018-09-10,1123.1,2018-09-07,2018-09-08,1.919,817Y002,010200000,연%,국고채(3년),KOFIA 16:00 KST source publication; usable from next calendar day; ECOS load time unverified,2018-09-07T16:00:00+09:00,2018-09-07,2.71,DGS3,Daily,Percent,2018-09-07T16:15:00-04:00,post-2016-10-11 official daily H.15 calendar at 16:15 ET,none,2018-09-09,2018-09-08T05:15:00+09:00,2018-09-06,0.7909999999999999,3,4
2018-09-11,1128.1,2018-09-10,2018-09-11,1.918,817Y002,010200000,연%,국고채(3년),KOFIA 16:00 KST source publication; usable from next calendar day; ECOS load time unverified,2018-09-10T16:00:00+09:00,2018-09-07,2.71,DGS3,Daily,Percent,2018-09-07T16:15:00-04:00,post-2016-10-11 official daily H.15 calendar at 16:15 ET,none,2018-09-09,2018-09-08T05:15:00+09:00,2018-09-06,0.792,1,5
2018-09-12,1126.8,2018-09-11,2018-09-12,1.923,817Y002,010200000,연%,국고채(3년),KOFIA 16:00 KST source publication; usable from next calendar day; ECOS load time unverified,2018-09-11T16:00:00+09:00,2018-09-10,2.78,DGS3,Daily,Percent,2018-09-10T16:15:00-04:00,post-2016-10-11 official daily H.15 calendar at 16:15 ET,none,2018-09-12,2018-09-11T05:15:00+09:00,2018-09-07,0.8569999999999998,1,5
2018-09-13,1127.3,2018-09-12,2018-09-13,1.893,817Y002,010200000,연%,국고채(3년),KOFIA 16:00 KST source publication; usable from next calendar day; ECOS load time unverified,2018-09-12T16:00:00+09:00,2018-09-11,2.78,DGS3,Daily,Percent,2018-09-11T16:15:00-04:00,post-2016-10-11 official daily H.15 calendar at 16:15 ET,none,2018-09-13,2018-09-12T05:15:00+09:00,2018-09-10,0.8869999999999998,1,3
2018-09-14,1121.2,2018-09-13,2018-09-14,1.921,817Y002,010200000,연%,국고채(3년),KOFIA 16:00 KST source publication; usable from next calendar day; ECOS load time unverified,2018-09-13T16:00:00+09:00,2018-09-12,2.83,DGS3,Daily,Percent,2018-09-12T16:15:00-04:00,post-2016-10-11 official daily H.15 calendar at 16:15 ET,none,2018-09-14,2018-09-13T05:15:00+09:00,2018-09-11,0.909,1,3
2018-09-17,1119.2,2018-09-14,2018-09-15,1.96,817Y002,010200000,연%,국고채(3년),KOFIA 16:00 KST source publication; usable from next calendar day; ECOS load time unverified,2018-09-14T16:00:00+09:00,2018-09-14,2.83,DGS3,Daily,Percent,2018-09-14T16:15:00-04:00,post-2016-10-11 official daily H.15 calendar at 16:15 ET,none,2018-09-16,2018-09-15T05:15:00+09:00,2018-09-13,0.8700000000000001,3,4
2018-09-18,1126.2,2018-09-17,2018-09-18,1.967,817Y002,010200000,연%,국고채(3년),KOFIA 16:00 KST source publication; usable from next calendar day; ECOS load time unverified,2018-09-17T16:00:00+09:00,2018-09-14,2.83,DGS3,Daily,Percent,2018-09-14T16:15:00-04:00,post-2016-10-11 official daily H.15 calendar at 16:15 ET,none,2018-09-16,2018-09-15T05:15:00+09:00,2018-09-13,0.863,1,5
2018-09-19,1126.3,2018-09-18,2018-09-19,1.98,817Y002,010200000,연%,국고채(3년),KOFIA 16:00 KST source publication; usable from next calendar day; ECOS load time unverified,2018-09-18T16:00:00+09:00,2018-09-17,2.85,DGS3,Daily,Percent,2018-09-17T16:15:00-04:00,post-2016-10-11 official daily H.15 calendar at 16:15 ET,none,2018-09-19,2018-09-18T05:15:00+09:00,2018-09-14,0.8700000000000001,1,5
2018-09-20,1123.0,2018-09-19,2018-09-20,1.996,817Y002,010200000,연%,국고채(3년),KOFIA 16:00 KST source publication; usable from next calendar day; ECOS load time unverified,2018-09-19T16:00:00+09:00,2018-09-18,2.85,DGS3,Daily,Percent,2018-09-18T16:15:00-04:00,post-2016-10-11 official daily H.15 calendar at 16:15 ET,none,2018-09-20,2018-09-19T05:15:00+09:00,2018-09-17,0.8540000000000001,1,3
2018-09-21,1119.9,2018-09-20,2018-09-21,2.035,817Y002,010200000,연%,국고채(3년),KOFIA 16:00 KST source publication; usable from next calendar day; ECOS load time unverified,2018-09-20T16:00:00+09:00,2018-09-19,2.88,DGS3,Daily,Percent,2018-09-19T16:15:00-04:00,post-2016-10-11 official daily H.15 calendar at 16:15 ET,none,2018-09-21,2018-09-20T05:15:00+09:00,2018-09-18,0.8449999999999998,1,3
2018-09-27,1116.6,2018-09-21,2018-09-22,2.022,817Y002,010200000,연%,국고채(3년),KOFIA 16:00 KST source publication; usable from next calendar day; ECOS load time unverified,2018-09-21T16:00:00+09:00,2018-09-25,2.89,DGS3,Daily,Percent,2018-09-25T16:15:00-04:00,post-2016-10-11 official daily H.15 calendar at 16:15 ET,none,2018-09-27,2018-09-26T05:15:00+09:00,2018-09-24,0.8680000000000003,6,3
2018-09-28,1112.7,2018-09-27,2018-09-28,2.006,817Y002,010200000,연%,국고채(3년),KOFIA 16:00 KST source publication; usable from next calendar day; ECOS load time unverified,2018-09-27T16:00:00+09:00,2018-09-26,2.91,DGS3,Daily,Percent,2018-09-26T16:15:00-04:00,post-2016-10-11 official daily H.15 calendar at 16:15 ET,none,2018-09-28,2018-09-27T05:15:00+09:00,2018-09-25,0.9040000000000004,1,3
2018-10-01,1110.2,2018-09-28,2018-09-29,2.005,817Y002,010200000,연%,국고채(3년),KOFIA 16:00 KST source publication; usable from next calendar day; ECOS load time unverified,2018-09-28T16:00:00+09:00,2018-09-28,2.89,DGS3,Daily,Percent,2018-09-28T16:15:00-04:00,post-2016-10-11 official daily H.15 calendar at 16:15 ET,none,2018-09-30,2018-09-29T05:15:00+09:00,2018-09-27,0.8850000000000002,3,4
2018-10-02,1110.9,2018-10-01,2018-10-02,2.022,817Y002,010200000,연%,국고채(3년),KOFIA 16:00 KST source publication; usable from next calendar day; ECOS load time unverified,2018-10-01T16:00:00+09:00,2018-09-28,2.89,DGS3,Daily,Percent,2018-09-28T16:15:00-04:00,post-2016-10-11 official daily H.15 calendar at 16:15 ET,none,2018-09-30,2018-09-29T05:15:00+09:00,2018-09-27,0.8680000000000003,1,5
2018-10-04,1116.4,2018-10-02,2018-10-03,2.015,817Y002,010200000,연%,국고채(3년),KOFIA 16:00 KST source publication; usable from next calendar day; ECOS load time unverified,2018-10-02T16:00:00+09:00,2018-10-02,2.9,DGS3,Daily,Percent,2018-10-02T16:15:00-04:00,post-2016-10-11 official daily H.15 calendar at 16:15 ET,none,2018-10-04,2018-10-03T05:15:00+09:00,2018-10-01,0.8849999999999998,2,3
2018-10-05,1128.3,2018-10-04,2018-10-05,2.066,817Y002,010200000,연%,국고채(3년),KOFIA 16:00 KST source publication; usable from next calendar day; ECOS load time unverified,2018-10-04T16:00:00+09:00,2018-10-03,2.88,DGS3,Daily,Percent,2018-10-03T16:15:00-04:00,post-2016-10-11 official daily H.15 calendar at 16:15 ET,none,2018-10-05,2018-10-04T05:15:00+09:00,2018-10-02,0.8140000000000001,1,3
2018-10-08,1130.7,2018-10-05,2018-10-06,2.084,817Y002,010200000,연%,국고채(3년),KOFIA 16:00 KST source publication; usable from next calendar day; ECOS load time unverified,2018-10-05T16:00:00+09:00,2018-10-05,2.97,DGS3,Daily,Percent,2018-10-05T16:15:00-04:00,post-2016-10-11 official daily H.15 calendar at 16:15 ET,none,2018-10-07,2018-10-06T05:15:00+09:00,2018-10-04,0.8860000000000001,3,4
2018-10-10,1131.7,2018-10-08,2018-10-09,2.091,817Y002,010200000,연%,국고채(3년),KOFIA 16:00 KST source publication; usable from next calendar day; ECOS load time unverified,2018-10-08T16:00:00+09:00,2018-10-05,2.97,DGS3,Daily,Percent,2018-10-05T16:15:00-04:00,post-2016-10-11 official daily H.15 calendar at 16:15 ET,none,2018-10-07,2018-10-06T05:15:00+09:00,2018-10-04,0.879,2,6
2018-10-11,1132.5,2018-10-10,2018-10-11,2.059,817Y002,010200000,연%,국고채(3년),KOFIA 16:00 KST source publication; usable from next calendar day; ECOS load time unverified,2018-10-10T16:00:00+09:00,2018-10-09,2.99,DGS3,Daily,Percent,2018-10-09T16:15:00-04:00,post-2016-10-11 official daily H.15 calendar at 16:15 ET,none,2018-10-11,2018-10-10T05:15:00+09:00,2018-10-05,0.931,1,6
2018-10-12,1142.5,2018-10-11,2018-10-12,2.012,817Y002,010200000,연%,국고채(3년),KOFIA 16:00 KST source publication; usable from next calendar day; ECOS load time unverified,2018-10-11T16:00:00+09:00,2018-10-10,2.98,DGS3,Daily,Percent,2018-10-10T16:15:00-04:00,post-2016-10-11 official daily H.15 calendar at 16:15 ET,none,2018-10-12,2018-10-11T05:15:00+09:00,2018-10-09,0.968,1,3
2018-10-15,1133.3,2018-10-12,2018-10-13,2.05,817Y002,010200000,연%,국고채(3년),KOFIA 16:00 KST source publication; usable from next calendar day; ECOS load time unverified,2018-10-12T16:00:00+09:00,2018-10-12,2.94,DGS3,Daily,Percent,2018-10-12T16:15:00-04:00,post-2016-10-11 official daily H.15 calendar at 16:15 ET,none,2018-10-14,2018-10-13T05:15:00+09:00,2018-10-11,0.8900000000000001,3,4
2018-10-16,1133.4,2018-10-15,2018-10-16,2.051,817Y002,010200000,연%,국고채(3년),KOFIA 16:00 KST source publication; usable from next calendar day; ECOS load time unverified,2018-10-15T16:00:00+09:00,2018-10-12,2.94,DGS3,Daily,Percent,2018-10-12T16:15:00-04:00,post-2016-10-11 official daily H.15 calendar at 16:15 ET,none,2018-10-14,2018-10-13T05:15:00+09:00,2018-10-11,0.8889999999999998,1,5
2018-10-17,1128.1,2018-10-16,2018-10-17,2.048,817Y002,010200000,연%,국고채(3년),KOFIA 16:00 KST source publication; usable from next calendar day; ECOS load time unverified,2018-10-16T16:00:00+09:00,2018-10-15,2.93,DGS3,Daily,Percent,2018-10-15T16:15:00-04:00,post-2016-10-11 official daily H.15 calendar at 16:15 ET,none,2018-10-17,2018-10-16T05:15:00+09:00,2018-10-12,0.8820000000000001,1,5
2018-10-18,1125.0,2018-10-17,2018-10-18,2.023,817Y002,010200000,연%,국고채(3년),KOFIA 16:00 KST source publication; usable from next calendar day; ECOS load time unverified,2018-10-17T16:00:00+09:00,2018-10-16,2.94,DGS3,Daily,Percent,2018-10-16T16:15:00-04:00,post-2016-10-11 official daily H.15 calendar at 16:15 ET,none,2018-10-18,2018-10-17T05:15:00+09:00,2018-10-15,0.9169999999999998,1,3
2018-10-19,1132.6,2018-10-18,2018-10-19,1.981,817Y002,010200000,연%,국고채(3년),KOFIA 16:00 KST source publication; usable from next calendar day; ECOS load time unverified,2018-10-18T16:00:00+09:00,2018-10-17,2.95,DGS3,Daily,Percent,2018-10-17T16:15:00-04:00,post-2016-10-11 official daily H.15 calendar at 16:15 ET,none,2018-10-19,2018-10-18T05:15:00+09:00,2018-10-16,0.9690000000000001,1,3
2018-10-22,1134.3,2018-10-19,2018-10-20,1.989,817Y002,010200000,연%,국고채(3년),KOFIA 16:00 KST source publication; usable from next calendar day; ECOS load time unverified,2018-10-19T16:00:00+09:00,2018-10-19,2.95,DGS3,Daily,Percent,2018-10-19T16:15:00-04:00,post-2016-10-11 official daily H.15 calendar at 16:15 ET,none,2018-10-21,2018-10-20T05:15:00+09:00,2018-10-18,0.9610000000000001,3,4
2018-10-23,1130.9,2018-10-22,2018-10-23,2.009,817Y002,010200000,연%,국고채(3년),KOFIA 16:00 KST source publication; usable from next calendar day; ECOS load time unverified,2018-10-22T16:00:00+09:00,2018-10-19,2.95,DGS3,Daily,Percent,2018-10-19T16:15:00-04:00,post-2016-10-11 official daily H.15 calendar at 16:15 ET,none,2018-10-21,2018-10-20T05:15:00+09:00,2018-10-18,0.9410000000000003,1,5
2018-10-24,1135.8,2018-10-23,2018-10-24,1.989,817Y002,010200000,연%,국고채(3년),KOFIA 16:00 KST source publication; usable from next calendar day; ECOS load time unverified,2018-10-23T16:00:00+09:00,2018-10-22,2.99,DGS3,Daily,Percent,2018-10-22T16:15:00-04:00,post-2016-10-11 official daily H.15 calendar at 16:15 ET,none,2018-10-24,2018-10-23T05:15:00+09:00,2018-10-19,1.0010000000000001,1,5
2018-10-25,1132.2,2018-10-24,2018-10-25,2.007,817Y002,010200000,연%,국고채(3년),KOFIA 16:00 KST source publication; usable from next calendar day; ECOS load time unverified,2018-10-24T16:00:00+09:00,2018-10-23,2.99,DGS3,Daily,Percent,2018-10-23T16:15:00-04:00,post-2016-10-11 official daily H.15 calendar at 16:15 ET,none,2018-10-25,2018-10-24T05:15:00+09:00,2018-10-22,0.9830000000000001,1,3
2018-10-26,1138.5,2018-10-25,2018-10-26,1.982,817Y002,010200000,연%,국고채(3년),KOFIA 16:00 KST source publication; usable from next calendar day; ECOS load time unverified,2018-10-25T16:00:00+09:00,2018-10-24,2.95,DGS3,Daily,Percent,2018-10-24T16:15:00-04:00,post-2016-10-11 official daily H.15 calendar at 16:15 ET,none,2018-10-26,2018-10-25T05:15:00+09:00,2018-10-23,0.9680000000000002,1,3
2018-10-29,1140.6,2018-10-26,2018-10-27,1.968,817Y002,010200000,연%,국고채(3년),KOFIA 16:00 KST source publication; usable from next calendar day; ECOS load time unverified,2018-10-26T16:00:00+09:00,2018-10-26,2.92,DGS3,Daily,Percent,2018-10-26T16:15:00-04:00,post-2016-10-11 official daily H.15 calendar at 16:15 ET,none,2018-10-28,2018-10-27T05:15:00+09:00,2018-10-25,0.952,3,4
2018-10-30,1138.6,2018-10-29,2018-10-30,1.894,817Y002,010200000,연%,국고채(3년),KOFIA 16:00 KST source publication; usable from next calendar day; ECOS load time unverified,2018-10-29T16:00:00+09:00,2018-10-26,2.92,DGS3,Daily,Percent,2018-10-26T16:15:00-04:00,post-2016-10-11 official daily H.15 calendar at 16:15 ET,none,2018-10-28,2018-10-27T05:15:00+09:00,2018-10-25,1.026,1,5
2018-10-31,1140.6,2018-10-30,2018-10-31,1.931,817Y002,010200000,연%,국고채(3년),KOFIA 16:00 KST source publication; usable from next calendar day; ECOS load time unverified,2018-10-30T16:00:00+09:00,2018-10-29,2.85,DGS3,Daily,Percent,2018-10-29T16:15:00-04:00,post-2016-10-11 official daily H.15 calendar at 16:15 ET,none,2018-10-31,2018-10-30T05:15:00+09:00,2018-10-26,0.919,1,5
2018-11-01,1139.2,2018-10-31,2018-11-01,1.939,817Y002,010200000,연%,국고채(3년),KOFIA 16:00 KST source publication; usable from next calendar day; ECOS load time unverified,2018-10-31T16:00:00+09:00,2018-10-30,2.86,DGS3,Daily,Percent,2018-10-30T16:15:00-04:00,post-2016-10-11 official daily H.15 calendar at 16:15 ET,none,2018-11-01,2018-10-31T05:15:00+09:00,2018-10-29,0.9209999999999998,1,3
2018-11-02,1138.8,2018-11-01,2018-11-02,1.942,817Y002,010200000,연%,국고채(3년),KOFIA 16:00 KST source publication; usable from next calendar day; ECOS load time unverified,2018-11-01T16:00:00+09:00,2018-10-31,2.9,DGS3,Daily,Percent,2018-10-31T16:15:00-04:00,post-2016-10-11 official daily H.15 calendar at 16:15 ET,none,2018-11-02,2018-11-01T05:15:00+09:00,2018-10-30,0.958,1,3
2018-11-05,1125.5,2018-11-02,2018-11-03,1.982,817Y002,010200000,연%,국고채(3년),KOFIA 16:00 KST source publication; usable from next calendar day; ECOS load time unverified,2018-11-02T16:00:00+09:00,2018-11-02,2.91,DGS3,Daily,Percent,2018-11-02T16:15:00-04:00,post-2016-10-11 official daily H.15 calendar at 16:15 ET,none,2018-11-04,2018-11-03T05:15:00+09:00,2018-11-01,0.9280000000000002,3,4
2018-11-06,1122.7,2018-11-05,2018-11-06,1.982,817Y002,010200000,연%,국고채(3년),KOFIA 16:00 KST source publication; usable from next calendar day; ECOS load time unverified,2018-11-05T16:00:00+09:00,2018-11-02,2.91,DGS3,Daily,Percent,2018-11-02T16:15:00-04:00,post-2016-10-11 official daily H.15 calendar at 16:15 ET,none,2018-11-04,2018-11-03T05:15:00+09:00,2018-11-01,0.9280000000000002,1,5
2018-11-07,1122.5,2018-11-06,2018-11-07,1.984,817Y002,010200000,연%,국고채(3년),KOFIA 16:00 KST source publication; usable from next calendar day; ECOS load time unverified,2018-11-06T16:00:00+09:00,2018-11-05,2.98,DGS3,Daily,Percent,2018-11-05T16:15:00-05:00,post-2016-10-11 official daily H.15 calendar at 16:15 ET,none,2018-11-07,2018-11-06T06:15:00+09:00,2018-11-02,0.996,1,5
2018-11-08,1120.9,2018-11-07,2018-11-08,1.964,817Y002,010200000,연%,국고채(3년),KOFIA 16:00 KST source publication; usable from next calendar day; ECOS load time unverified,2018-11-07T16:00:00+09:00,2018-11-06,2.99,DGS3,Daily,Percent,2018-11-06T16:15:00-05:00,post-2016-10-11 official daily H.15 calendar at 16:15 ET,none,2018-11-08,2018-11-07T06:15:00+09:00,2018-11-05,1.0260000000000002,1,3
2018-11-09,1118.4,2018-11-08,2018-11-09,1.966,817Y002,010200000,연%,국고채(3년),KOFIA 16:00 KST source publication; usable from next calendar day; ECOS load time unverified,2018-11-08T16:00:00+09:00,2018-11-07,3.01,DGS3,Daily,Percent,2018-11-07T16:15:00-05:00,post-2016-10-11 official daily H.15 calendar at 16:15 ET,none,2018-11-09,2018-11-08T06:15:00+09:00,2018-11-06,1.0439999999999998,1,3
2018-11-12,1125.7,2018-11-09,2018-11-10,1.96,817Y002,010200000,연%,국고채(3년),KOFIA 16:00 KST source publication; usable from next calendar day; ECOS load time unverified,2018-11-09T16:00:00+09:00,2018-11-09,3.05,DGS3,Daily,Percent,2018-11-09T16:15:00-05:00,post-2016-10-11 official daily H.15 calendar at 16:15 ET,none,2018-11-11,2018-11-10T06:15:00+09:00,2018-11-08,1.0899999999999999,3,4
2018-11-13,1132.0,2018-11-12,2018-11-13,1.945,817Y002,010200000,연%,국고채(3년),KOFIA 16:00 KST source publication; usable from next calendar day; ECOS load time unverified,2018-11-12T16:00:00+09:00,2018-11-09,3.05,DGS3,Daily,Percent,2018-11-09T16:15:00-05:00,post-2016-10-11 official daily H.15 calendar at 16:15 ET,none,2018-11-11,2018-11-10T06:15:00+09:00,2018-11-08,1.1049999999999998,1,5
2018-11-14,1135.7,2018-11-13,2018-11-14,1.94,817Y002,010200000,연%,국고채(3년),KOFIA 16:00 KST source publication; usable from next calendar day; ECOS load time unverified,2018-11-13T16:00:00+09:00,2018-11-09,3.05,DGS3,Daily,Percent,2018-11-09T16:15:00-05:00,post-2016-10-11 official daily H.15 calendar at 16:15 ET,none,2018-11-11,2018-11-10T06:15:00+09:00,2018-11-08,1.1099999999999999,1,6
2018-11-15,1132.4,2018-11-14,2018-11-15,1.922,817Y002,010200000,연%,국고채(3년),KOFIA 16:00 KST source publication; usable from next calendar day; ECOS load time unverified,2018-11-14T16:00:00+09:00,2018-11-13,3.01,DGS3,Daily,Percent,2018-11-13T16:15:00-05:00,post-2016-10-11 official daily H.15 calendar at 16:15 ET,none,2018-11-15,2018-11-14T06:15:00+09:00,2018-11-09,1.0879999999999999,1,6
2018-11-16,1130.3,2018-11-15,2018-11-16,1.943,817Y002,010200000,연%,국고채(3년),KOFIA 16:00 KST source publication; usable from next calendar day; ECOS load time unverified,2018-11-15T16:00:00+09:00,2018-11-14,2.95,DGS3,Daily,Percent,2018-11-14T16:15:00-05:00,post-2016-10-11 official daily H.15 calendar at 16:15 ET,none,2018-11-16,2018-11-15T06:15:00+09:00,2018-11-13,1.0070000000000001,1,3
2018-11-19,1128.7,2018-11-16,2018-11-17,1.947,817Y002,010200000,연%,국고채(3년),KOFIA 16:00 KST source publication; usable from next calendar day; ECOS load time unverified,2018-11-16T16:00:00+09:00,2018-11-16,2.91,DGS3,Daily,Percent,2018-11-16T16:15:00-05:00,post-2016-10-11 official daily H.15 calendar at 16:15 ET,none,2018-11-18,2018-11-17T06:15:00+09:00,2018-11-15,0.9630000000000001,3,4
2018-11-20,1127.4,2018-11-19,2018-11-20,1.942,817Y002,010200000,연%,국고채(3년),KOFIA 16:00 KST source publication; usable from next calendar day; ECOS load time unverified,2018-11-19T16:00:00+09:00,2018-11-16,2.91,DGS3,Daily,Percent,2018-11-16T16:15:00-05:00,post-2016-10-11 official daily H.15 calendar at 16:15 ET,none,2018-11-18,2018-11-17T06:15:00+09:00,2018-11-15,0.9680000000000002,1,5
2018-11-21,1127.5,2018-11-20,2018-11-21,1.94,817Y002,010200000,연%,국고채(3년),KOFIA 16:00 KST source publication; usable from next calendar day; ECOS load time unverified,2018-11-20T16:00:00+09:00,2018-11-19,2.85,DGS3,Daily,Percent,2018-11-19T16:15:00-05:00,post-2016-10-11 official daily H.15 calendar at 16:15 ET,none,2018-11-21,2018-11-20T06:15:00+09:00,2018-11-16,0.9100000000000001,1,5
2018-11-22,1131.3,2018-11-21,2018-11-22,1.946,817Y002,010200000,연%,국고채(3년),KOFIA 16:00 KST source publication; usable from next calendar day; ECOS load time unverified,2018-11-21T16:00:00+09:00,2018-11-20,2.82,DGS3,Daily,Percent,2018-11-20T16:15:00-05:00,post-2016-10-11 official daily H.15 calendar at 16:15 ET,none,2018-11-22,2018-11-21T06:15:00+09:00,2018-11-19,0.8739999999999999,1,3
2018-11-23,1129.0,2018-11-22,2018-11-23,1.942,817Y002,010200000,연%,국고채(3년),KOFIA 16:00 KST source publication; usable from next calendar day; ECOS load time unverified,2018-11-22T16:00:00+09:00,2018-11-21,2.83,DGS3,Daily,Percent,2018-11-21T16:15:00-05:00,post-2016-10-11 official daily H.15 calendar at 16:15 ET,none,2018-11-23,2018-11-22T06:15:00+09:00,2018-11-20,0.8880000000000001,1,3
2018-11-26,1130.5,2018-11-23,2018-11-24,1.914,817Y002,010200000,연%,국고채(3년),KOFIA 16:00 KST source publication; usable from next calendar day; ECOS load time unverified,2018-11-23T16:00:00+09:00,2018-11-23,2.84,DGS3,Daily,Percent,2018-11-23T16:15:00-05:00,post-2016-10-11 official daily H.15 calendar at 16:15 ET,none,2018-11-25,2018-11-24T06:15:00+09:00,2018-11-21,0.9259999999999999,3,5
2018-11-27,1129.9,2018-11-26,2018-11-27,1.914,817Y002,010200000,연%,국고채(3년),KOFIA 16:00 KST source publication; usable from next calendar day; ECOS load time unverified,2018-11-26T16:00:00+09:00,2018-11-23,2.84,DGS3,Daily,Percent,2018-11-23T16:15:00-05:00,post-2016-10-11 official daily H.15 calendar at 16:15 ET,none,2018-11-25,2018-11-24T06:15:00+09:00,2018-11-21,0.9259999999999999,1,6
2018-11-28,1129.7,2018-11-27,2018-11-28,1.908,817Y002,010200000,연%,국고채(3년),KOFIA 16:00 KST source publication; usable from next calendar day; ECOS load time unverified,2018-11-27T16:00:00+09:00,2018-11-26,2.83,DGS3,Daily,Percent,2018-11-26T16:15:00-05:00,post-2016-10-11 official daily H.15 calendar at 16:15 ET,none,2018-11-28,2018-11-27T06:15:00+09:00,2018-11-23,0.9220000000000002,1,5
2018-11-29,1128.9,2018-11-28,2018-11-29,1.92,817Y002,010200000,연%,국고채(3년),KOFIA 16:00 KST source publication; usable from next calendar day; ECOS load time unverified,2018-11-28T16:00:00+09:00,2018-11-27,2.86,DGS3,Daily,Percent,2018-11-27T16:15:00-05:00,post-2016-10-11 official daily H.15 calendar at 16:15 ET,none,2018-11-29,2018-11-28T06:15:00+09:00,2018-11-26,0.94,1,3
2018-11-30,1121.8,2018-11-29,2018-11-30,1.889,817Y002,010200000,연%,국고채(3년),KOFIA 16:00 KST source publication; usable from next calendar day; ECOS load time unverified,2018-11-29T16:00:00+09:00,2018-11-28,2.86,DGS3,Daily,Percent,2018-11-28T16:15:00-05:00,post-2016-10-11 official daily H.15 calendar at 16:15 ET,none,2018-11-30,2018-11-29T06:15:00+09:00,2018-11-27,0.9709999999999999,1,3
2018-12-03,1120.3,2018-11-30,2018-12-01,1.897,817Y002,010200000,연%,국고채(3년),KOFIA 16:00 KST source publication; usable from next calendar day; ECOS load time unverified,2018-11-30T16:00:00+09:00,2018-11-30,2.83,DGS3,Daily,Percent,2018-11-30T16:15:00-05:00,post-2016-10-11 official daily H.15 calendar at 16:15 ET,none,2018-12-02,2018-12-01T06:15:00+09:00,2018-11-29,0.933,3,4
2018-12-04,1113.7,2018-12-03,2018-12-04,1.924,817Y002,010200000,연%,국고채(3년),KOFIA 16:00 KST source publication; usable from next calendar day; ECOS load time unverified,2018-12-03T16:00:00+09:00,2018-11-30,2.83,DGS3,Daily,Percent,2018-11-30T16:15:00-05:00,post-2016-10-11 official daily H.15 calendar at 16:15 ET,none,2018-12-02,2018-12-01T06:15:00+09:00,2018-11-29,0.9060000000000001,1,5
2018-12-05,1109.8,2018-12-04,2018-12-05,1.914,817Y002,010200000,연%,국고채(3년),KOFIA 16:00 KST source publication; usable from next calendar day; ECOS load time unverified,2018-12-04T16:00:00+09:00,2018-12-03,2.83,DGS3,Daily,Percent,2018-12-03T16:15:00-05:00,post-2016-10-11 official daily H.15 calendar at 16:15 ET,none,2018-12-05,2018-12-04T06:15:00+09:00,2018-11-30,0.9160000000000001,1,5
2018-12-06,1113.6,2018-12-05,2018-12-06,1.901,817Y002,010200000,연%,국고채(3년),KOFIA 16:00 KST source publication; usable from next calendar day; ECOS load time unverified,2018-12-05T16:00:00+09:00,2018-12-04,2.84,DGS3,Daily,Percent,2018-12-04T16:15:00-05:00,post-2016-10-11 official daily H.15 calendar at 16:15 ET,none,2018-12-06,2018-12-05T06:15:00+09:00,2018-12-03,0.9389999999999998,1,3
2018-12-07,1117.8,2018-12-06,2018-12-07,1.839,817Y002,010200000,연%,국고채(3년),KOFIA 16:00 KST source publication; usable from next calendar day; ECOS load time unverified,2018-12-06T16:00:00+09:00,2018-12-05,2.81,DGS3,Daily,Percent,2018-12-05T16:15:00-05:00,post-2016-10-11 official daily H.15 calendar at 16:15 ET,none,2018-12-07,2018-12-06T06:15:00+09:00,2018-12-04,0.9710000000000001,1,3
2018-12-10,1118.2,2018-12-07,2018-12-08,1.834,817Y002,010200000,연%,국고채(3년),KOFIA 16:00 KST source publication; usable from next calendar day; ECOS load time unverified,2018-12-07T16:00:00+09:00,2018-12-07,2.76,DGS3,Daily,Percent,2018-12-07T16:15:00-05:00,post-2016-10-11 official daily H.15 calendar at 16:15 ET,none,2018-12-09,2018-12-08T06:15:00+09:00,2018-12-06,0.9259999999999997,3,4
2018-12-11,1124.7,2018-12-10,2018-12-11,1.803,817Y002,010200000,연%,국고채(3년),KOFIA 16:00 KST source publication; usable from next calendar day; ECOS load time unverified,2018-12-10T16:00:00+09:00,2018-12-07,2.76,DGS3,Daily,Percent,2018-12-07T16:15:00-05:00,post-2016-10-11 official daily H.15 calendar at 16:15 ET,none,2018-12-09,2018-12-08T06:15:00+09:00,2018-12-06,0.9569999999999999,1,5
2018-12-12,1129.4,2018-12-11,2018-12-12,1.792,817Y002,010200000,연%,국고채(3년),KOFIA 16:00 KST source publication; usable from next calendar day; ECOS load time unverified,2018-12-11T16:00:00+09:00,2018-12-10,2.72,DGS3,Daily,Percent,2018-12-10T16:15:00-05:00,post-2016-10-11 official daily H.15 calendar at 16:15 ET,none,2018-12-12,2018-12-11T06:15:00+09:00,2018-12-07,0.9280000000000002,1,5
2018-12-13,1127.6,2018-12-12,2018-12-13,1.803,817Y002,010200000,연%,국고채(3년),KOFIA 16:00 KST source publication; usable from next calendar day; ECOS load time unverified,2018-12-12T16:00:00+09:00,2018-12-11,2.73,DGS3,Daily,Percent,2018-12-11T16:15:00-05:00,post-2016-10-11 official daily H.15 calendar at 16:15 ET,none,2018-12-13,2018-12-12T06:15:00+09:00,2018-12-10,0.927,1,3
2018-12-14,1124.0,2018-12-13,2018-12-14,1.795,817Y002,010200000,연%,국고채(3년),KOFIA 16:00 KST source publication; usable from next calendar day; ECOS load time unverified,2018-12-13T16:00:00+09:00,2018-12-12,2.78,DGS3,Daily,Percent,2018-12-12T16:15:00-05:00,post-2016-10-11 official daily H.15 calendar at 16:15 ET,none,2018-12-14,2018-12-13T06:15:00+09:00,2018-12-11,0.9849999999999999,1,3
2018-12-17,1129.2,2018-12-14,2018-12-15,1.781,817Y002,010200000,연%,국고채(3년),KOFIA 16:00 KST source publication; usable from next calendar day; ECOS load time unverified,2018-12-14T16:00:00+09:00,2018-12-14,2.76,DGS3,Daily,Percent,2018-12-14T16:15:00-05:00,post-2016-10-11 official daily H.15 calendar at 16:15 ET,none,2018-12-16,2018-12-15T06:15:00+09:00,2018-12-13,0.9789999999999999,3,4
2018-12-18,1131.6,2018-12-17,2018-12-18,1.795,817Y002,010200000,연%,국고채(3년),KOFIA 16:00 KST source publication; usable from next calendar day; ECOS load time unverified,2018-12-17T16:00:00+09:00,2018-12-14,2.76,DGS3,Daily,Percent,2018-12-14T16:15:00-05:00,post-2016-10-11 official daily H.15 calendar at 16:15 ET,none,2018-12-16,2018-12-15T06:15:00+09:00,2018-12-13,0.9649999999999999,1,5
2018-12-19,1129.9,2018-12-18,2018-12-19,1.795,817Y002,010200000,연%,국고채(3년),KOFIA 16:00 KST source publication; usable from next calendar day; ECOS load time unverified,2018-12-18T16:00:00+09:00,2018-12-17,2.72,DGS3,Daily,Percent,2018-12-17T16:15:00-05:00,post-2016-10-11 official daily H.15 calendar at 16:15 ET,none,2018-12-19,2018-12-18T06:15:00+09:00,2018-12-14,0.9250000000000003,1,5
2018-12-20,1125.1,2018-12-19,2018-12-20,1.783,817Y002,010200000,연%,국고채(3년),KOFIA 16:00 KST source publication; usable from next calendar day; ECOS load time unverified,2018-12-19T16:00:00+09:00,2018-12-18,2.68,DGS3,Daily,Percent,2018-12-18T16:15:00-05:00,post-2016-10-11 official daily H.15 calendar at 16:15 ET,none,2018-12-20,2018-12-19T06:15:00+09:00,2018-12-17,0.8970000000000002,1,3
2018-12-21,1128.9,2018-12-20,2018-12-21,1.8,817Y002,010200000,연%,국고채(3년),KOFIA 16:00 KST source publication; usable from next calendar day; ECOS load time unverified,2018-12-20T16:00:00+09:00,2018-12-19,2.64,DGS3,Daily,Percent,2018-12-19T16:15:00-05:00,post-2016-10-11 official daily H.15 calendar at 16:15 ET,none,2018-12-21,2018-12-20T06:15:00+09:00,2018-12-18,0.8400000000000001,1,3
2018-12-24,1123.9,2018-12-21,2018-12-22,1.838,817Y002,010200000,연%,국고채(3년),KOFIA 16:00 KST source publication; usable from next calendar day; ECOS load time unverified,2018-12-21T16:00:00+09:00,2018-12-21,2.65,DGS3,Daily,Percent,2018-12-21T16:15:00-05:00,post-2016-10-11 official daily H.15 calendar at 16:15 ET,none,2018-12-23,2018-12-22T06:15:00+09:00,2018-12-20,0.8119999999999998,3,4
2018-12-26,1125.2,2018-12-24,2018-12-25,1.846,817Y002,010200000,연%,국고채(3년),KOFIA 16:00 KST source publication; usable from next calendar day; ECOS load time unverified,2018-12-24T16:00:00+09:00,2018-12-21,2.65,DGS3,Daily,Percent,2018-12-21T16:15:00-05:00,post-2016-10-11 official daily H.15 calendar at 16:15 ET,none,2018-12-23,2018-12-22T06:15:00+09:00,2018-12-20,0.8039999999999998,2,6
2018-12-27,1125.6,2018-12-26,2018-12-27,1.807,817Y002,010200000,연%,국고채(3년),KOFIA 16:00 KST source publication; usable from next calendar day; ECOS load time unverified,2018-12-26T16:00:00+09:00,2018-12-21,2.65,DGS3,Daily,Percent,2018-12-21T16:15:00-05:00,post-2016-10-11 official daily H.15 calendar at 16:15 ET,none,2018-12-23,2018-12-22T06:15:00+09:00,2018-12-20,0.843,1,7
2018-12-28,1121.3,2018-12-27,2018-12-28,1.81,817Y002,010200000,연%,국고채(3년),KOFIA 16:00 KST source publication; usable from next calendar day; ECOS load time unverified,2018-12-27T16:00:00+09:00,2018-12-26,2.56,DGS3,Daily,Percent,2018-12-26T16:15:00-05:00,post-2016-10-11 official daily H.15 calendar at 16:15 ET,none,2018-12-28,2018-12-27T06:15:00+09:00,2018-12-24,0.75,1,4
2018-12-31,1118.1,2018-12-28,2018-12-29,1.817,817Y002,010200000,연%,국고채(3년),KOFIA 16:00 KST source publication; usable from next calendar day; ECOS load time unverified,2018-12-28T16:00:00+09:00,2018-12-28,2.55,DGS3,Daily,Percent,2018-12-28T16:15:00-05:00,post-2016-10-11 official daily H.15 calendar at 16:15 ET,none,2018-12-30,2018-12-29T06:15:00+09:00,2018-12-27,0.7329999999999999,3,4
2019-01-02,1118.1,2018-12-31,2019-01-01,1.817,817Y002,010200000,연%,국고채(3년),KOFIA 16:00 KST source publication; usable from next calendar day; ECOS load time unverified,2018-12-31T16:00:00+09:00,2018-12-31,2.5,DGS3,Daily,Percent,2018-12-31T16:15:00-05:00,post-2016-10-11 official daily H.15 calendar at 16:15 ET,none,2019-01-02,2019-01-01T06:15:00+09:00,2018-12-28,0.683,2,5
2019-01-03,1119.0,2019-01-02,2019-01-03,1.802,817Y002,010200000,연%,국고채(3년),KOFIA 16:00 KST source publication; usable from next calendar day; ECOS load time unverified,2019-01-02T16:00:00+09:00,2018-12-31,2.5,DGS3,Daily,Percent,2018-12-31T16:15:00-05:00,post-2016-10-11 official daily H.15 calendar at 16:15 ET,none,2019-01-02,2019-01-01T06:15:00+09:00,2018-12-28,0.698,1,6
2019-01-04,1127.5,2019-01-03,2019-01-04,1.796,817Y002,010200000,연%,국고채(3년),KOFIA 16:00 KST source publication; usable from next calendar day; ECOS load time unverified,2019-01-03T16:00:00+09:00,2019-01-02,2.46,DGS3,Daily,Percent,2019-01-02T16:15:00-05:00,post-2016-10-11 official daily H.15 calendar at 16:15 ET,none,2019-01-04,2019-01-03T06:15:00+09:00,2018-12-31,0.6639999999999999,1,4
2019-01-07,1125.2,2019-01-04,2019-01-05,1.797,817Y002,010200000,연%,국고채(3년),KOFIA 16:00 KST source publication; usable from next calendar day; ECOS load time unverified,2019-01-04T16:00:00+09:00,2019-01-04,2.35,DGS3,Daily,Percent,2019-01-04T16:15:00-05:00,post-2016-10-11 official daily H.15 calendar at 16:15 ET,none,2019-01-06,2019-01-05T06:15:00+09:00,2019-01-03,0.5530000000000002,3,4
2019-01-08,1118.0,2019-01-07,2019-01-08,1.807,817Y002,010200000,연%,국고채(3년),KOFIA 16:00 KST source publication; usable from next calendar day; ECOS load time unverified,2019-01-07T16:00:00+09:00,2019-01-04,2.35,DGS3,Daily,Percent,2019-01-04T16:15:00-05:00,post-2016-10-11 official daily H.15 calendar at 16:15 ET,none,2019-01-06,2019-01-05T06:15:00+09:00,2019-01-03,0.5430000000000001,1,5
2019-01-09,1121.7,2019-01-08,2019-01-09,1.81,817Y002,010200000,연%,국고채(3년),KOFIA 16:00 KST source publication; usable from next calendar day; ECOS load time unverified,2019-01-08T16:00:00+09:00,2019-01-07,2.47,DGS3,Daily,Percent,2019-01-07T16:15:00-05:00,post-2016-10-11 official daily H.15 calendar at 16:15 ET,none,2019-01-09,2019-01-08T06:15:00+09:00,2019-01-04,0.6600000000000001,1,5
2019-01-10,1121.6,2019-01-09,2019-01-10,1.809,817Y002,010200000,연%,국고채(3년),KOFIA 16:00 KST source publication; usable from next calendar day; ECOS load time unverified,2019-01-09T16:00:00+09:00,2019-01-08,2.51,DGS3,Daily,Percent,2019-01-08T16:15:00-05:00,post-2016-10-11 official daily H.15 calendar at 16:15 ET,none,2019-01-10,2019-01-09T06:15:00+09:00,2019-01-07,0.7009999999999998,1,3
2019-01-11,1118.9,2019-01-10,2019-01-11,1.796,817Y002,010200000,연%,국고채(3년),KOFIA 16:00 KST source publication; usable from next calendar day; ECOS load time unverified,2019-01-10T16:00:00+09:00,2019-01-09,2.57,DGS3,Daily,Percent,2019-01-09T16:15:00-05:00,post-2016-10-11 official daily H.15 calendar at 16:15 ET,none,2019-01-11,2019-01-10T06:15:00+09:00,2019-01-08,0.7739999999999998,1,3
2019-01-14,1117.6,2019-01-11,2019-01-12,1.804,817Y002,010200000,연%,국고채(3년),KOFIA 16:00 KST source publication; usable from next calendar day; ECOS load time unverified,2019-01-11T16:00:00+09:00,2019-01-11,2.54,DGS3,Daily,Percent,2019-01-11T16:15:00-05:00,post-2016-10-11 official daily H.15 calendar at 16:15 ET,none,2019-01-13,2019-01-12T06:15:00+09:00,2019-01-10,0.736,3,4
2019-01-15,1121.4,2019-01-14,2019-01-15,1.797,817Y002,010200000,연%,국고채(3년),KOFIA 16:00 KST source publication; usable from next calendar day; ECOS load time unverified,2019-01-14T16:00:00+09:00,2019-01-11,2.54,DGS3,Daily,Percent,2019-01-11T16:15:00-05:00,post-2016-10-11 official daily H.15 calendar at 16:15 ET,none,2019-01-13,2019-01-12T06:15:00+09:00,2019-01-10,0.7430000000000001,1,5
2019-01-16,1120.1,2019-01-15,2019-01-16,1.797,817Y002,010200000,연%,국고채(3년),KOFIA 16:00 KST source publication; usable from next calendar day; ECOS load time unverified,2019-01-15T16:00:00+09:00,2019-01-14,2.51,DGS3,Daily,Percent,2019-01-14T16:15:00-05:00,post-2016-10-11 official daily H.15 calendar at 16:15 ET,none,2019-01-16,2019-01-15T06:15:00+09:00,2019-01-11,0.7129999999999999,1,5
2019-01-17,1122.0,2019-01-16,2019-01-17,1.803,817Y002,010200000,연%,국고채(3년),KOFIA 16:00 KST source publication; usable from next calendar day; ECOS load time unverified,2019-01-16T16:00:00+09:00,2019-01-15,2.51,DGS3,Daily,Percent,2019-01-15T16:15:00-05:00,post-2016-10-11 official daily H.15 calendar at 16:15 ET,none,2019-01-17,2019-01-16T06:15:00+09:00,2019-01-14,0.7069999999999999,1,3
2019-01-18,1121.4,2019-01-17,2019-01-18,1.795,817Y002,010200000,연%,국고채(3년),KOFIA 16:00 KST source publication; usable from next calendar day; ECOS load time unverified,2019-01-17T16:00:00+09:00,2019-01-16,2.51,DGS3,Daily,Percent,2019-01-16T16:15:00-05:00,post-2016-10-11 official daily H.15 calendar at 16:15 ET,none,2019-01-18,2019-01-17T06:15:00+09:00,2019-01-15,0.7149999999999999,1,3
2019-01-21,1121.3,2019-01-18,2019-01-19,1.814,817Y002,010200000,연%,국고채(3년),KOFIA 16:00 KST source publication; usable from next calendar day; ECOS load time unverified,2019-01-18T16:00:00+09:00,2019-01-18,2.55,DGS3,Daily,Percent,2019-01-18T16:15:00-05:00,post-2016-10-11 official daily H.15 calendar at 16:15 ET,none,2019-01-20,2019-01-19T06:15:00+09:00,2019-01-17,0.7359999999999998,3,4
2019-01-22,1126.5,2019-01-21,2019-01-22,1.821,817Y002,010200000,연%,국고채(3년),KOFIA 16:00 KST source publication; usable from next calendar day; ECOS load time unverified,2019-01-21T16:00:00+09:00,2019-01-18,2.55,DGS3,Daily,Percent,2019-01-18T16:15:00-05:00,post-2016-10-11 official daily H.15 calendar at 16:15 ET,none,2019-01-20,2019-01-19T06:15:00+09:00,2019-01-17,0.7289999999999999,1,5
2019-01-23,1130.2,2019-01-22,2019-01-23,1.803,817Y002,010200000,연%,국고채(3년),KOFIA 16:00 KST source publication; usable from next calendar day; ECOS load time unverified,2019-01-22T16:00:00+09:00,2019-01-18,2.55,DGS3,Daily,Percent,2019-01-18T16:15:00-05:00,post-2016-10-11 official daily H.15 calendar at 16:15 ET,none,2019-01-20,2019-01-19T06:15:00+09:00,2019-01-17,0.7469999999999999,1,6
2019-01-24,1128.2,2019-01-23,2019-01-24,1.803,817Y002,010200000,연%,국고채(3년),KOFIA 16:00 KST source publication; usable from next calendar day; ECOS load time unverified,2019-01-23T16:00:00+09:00,2019-01-22,2.6,DGS3,Daily,Percent,2019-01-22T16:15:00-05:00,post-2016-10-11 official daily H.15 calendar at 16:15 ET,none,2019-01-24,2019-01-23T06:15:00+09:00,2019-01-18,0.7970000000000002,1,6
2019-01-25,1128.0,2019-01-24,2019-01-25,1.81,817Y002,010200000,연%,국고채(3년),KOFIA 16:00 KST source publication; usable from next calendar day; ECOS load time unverified,2019-01-24T16:00:00+09:00,2019-01-23,2.55,DGS3,Daily,Percent,2019-01-23T16:15:00-05:00,post-2016-10-11 official daily H.15 calendar at 16:15 ET,none,2019-01-25,2019-01-24T06:15:00+09:00,2019-01-22,0.7399999999999998,1,3
2019-01-28,1125.1,2019-01-25,2019-01-26,1.812,817Y002,010200000,연%,국고채(3년),KOFIA 16:00 KST source publication; usable from next calendar day; ECOS load time unverified,2019-01-25T16:00:00+09:00,2019-01-25,2.54,DGS3,Daily,Percent,2019-01-25T16:15:00-05:00,post-2016-10-11 official daily H.15 calendar at 16:15 ET,none,2019-01-27,2019-01-26T06:15:00+09:00,2019-01-24,0.728,3,4
2019-01-29,1116.9,2019-01-28,2019-01-29,1.82,817Y002,010200000,연%,국고채(3년),KOFIA 16:00 KST source publication; usable from next calendar day; ECOS load time unverified,2019-01-28T16:00:00+09:00,2019-01-25,2.54,DGS3,Daily,Percent,2019-01-25T16:15:00-05:00,post-2016-10-11 official daily H.15 calendar at 16:15 ET,none,2019-01-27,2019-01-26T06:15:00+09:00,2019-01-24,0.72,1,5
2019-01-30,1118.1,2019-01-29,2019-01-30,1.823,817Y002,010200000,연%,국고채(3년),KOFIA 16:00 KST source publication; usable from next calendar day; ECOS load time unverified,2019-01-29T16:00:00+09:00,2019-01-28,2.58,DGS3,Daily,Percent,2019-01-28T16:15:00-05:00,post-2016-10-11 official daily H.15 calendar at 16:15 ET,none,2019-01-30,2019-01-29T06:15:00+09:00,2019-01-25,0.7570000000000001,1,5
2019-01-31,1117.2,2019-01-30,2019-01-31,1.827,817Y002,010200000,연%,국고채(3년),KOFIA 16:00 KST source publication; usable from next calendar day; ECOS load time unverified,2019-01-30T16:00:00+09:00,2019-01-29,2.58,DGS3,Daily,Percent,2019-01-29T16:15:00-05:00,post-2016-10-11 official daily H.15 calendar at 16:15 ET,none,2019-01-31,2019-01-30T06:15:00+09:00,2019-01-28,0.7530000000000001,1,3
2019-02-01,1111.6,2019-01-31,2019-02-01,1.809,817Y002,010200000,연%,국고채(3년),KOFIA 16:00 KST source publication; usable from next calendar day; ECOS load time unverified,2019-01-31T16:00:00+09:00,2019-01-30,2.54,DGS3,Daily,Percent,2019-01-30T16:15:00-05:00,post-2016-10-11 official daily H.15 calendar at 16:15 ET,none,2019-02-01,2019-01-31T06:15:00+09:00,2019-01-29,0.7310000000000001,1,3
2019-02-07,1116.8,2019-02-01,2019-02-02,1.803,817Y002,010200000,연%,국고채(3년),KOFIA 16:00 KST source publication; usable from next calendar day; ECOS load time unverified,2019-02-01T16:00:00+09:00,2019-02-05,2.52,DGS3,Daily,Percent,2019-02-05T16:15:00-05:00,post-2016-10-11 official daily H.15 calendar at 16:15 ET,none,2019-02-07,2019-02-06T06:15:00+09:00,2019-02-04,0.7170000000000001,6,3
2019-02-08,1123.4,2019-02-07,2019-02-08,1.801,817Y002,010200000,연%,국고채(3년),KOFIA 16:00 KST source publication; usable from next calendar day; ECOS load time unverified,2019-02-07T16:00:00+09:00,2019-02-06,2.5,DGS3,Daily,Percent,2019-02-06T16:15:00-05:00,post-2016-10-11 official daily H.15 calendar at 16:15 ET,none,2019-02-08,2019-02-07T06:15:00+09:00,2019-02-05,0.6990000000000001,1,3
2019-02-11,1124.5,2019-02-08,2019-02-09,1.786,817Y002,010200000,연%,국고채(3년),KOFIA 16:00 KST source publication; usable from next calendar day; ECOS load time unverified,2019-02-08T16:00:00+09:00,2019-02-08,2.46,DGS3,Daily,Percent,2019-02-08T16:15:00-05:00,post-2016-10-11 official daily H.15 calendar at 16:15 ET,none,2019-02-10,2019-02-09T06:15:00+09:00,2019-02-07,0.6739999999999999,3,4
2019-02-12,1124.5,2019-02-11,2019-02-12,1.781,817Y002,010200000,연%,국고채(3년),KOFIA 16:00 KST source publication; usable from next calendar day; ECOS load time unverified,2019-02-11T16:00:00+09:00,2019-02-08,2.46,DGS3,Daily,Percent,2019-02-08T16:15:00-05:00,post-2016-10-11 official daily H.15 calendar at 16:15 ET,none,2019-02-10,2019-02-09T06:15:00+09:00,2019-02-07,0.679,1,5
2019-02-13,1124.6,2019-02-12,2019-02-13,1.796,817Y002,010200000,연%,국고채(3년),KOFIA 16:00 KST source publication; usable from next calendar day; ECOS load time unverified,2019-02-12T16:00:00+09:00,2019-02-11,2.43,DGS3,Daily,Percent,2019-02-11T16:15:00-05:00,post-2016-10-11 official daily H.15 calendar at 16:15 ET,none,2019-02-13,2019-02-12T06:15:00+09:00,2019-02-08,0.6340000000000001,1,5
2019-02-14,1121.7,2019-02-13,2019-02-14,1.801,817Y002,010200000,연%,국고채(3년),KOFIA 16:00 KST source publication; usable from next calendar day; ECOS load time unverified,2019-02-13T16:00:00+09:00,2019-02-12,2.47,DGS3,Daily,Percent,2019-02-12T16:15:00-05:00,post-2016-10-11 official daily H.15 calendar at 16:15 ET,none,2019-02-14,2019-02-13T06:15:00+09:00,2019-02-11,0.6690000000000003,1,3
2019-02-15,1125.0,2019-02-14,2019-02-15,1.794,817Y002,010200000,연%,국고채(3년),KOFIA 16:00 KST source publication; usable from next calendar day; ECOS load time unverified,2019-02-14T16:00:00+09:00,2019-02-13,2.48,DGS3,Daily,Percent,2019-02-13T16:15:00-05:00,post-2016-10-11 official daily H.15 calendar at 16:15 ET,none,2019-02-15,2019-02-14T06:15:00+09:00,2019-02-12,0.6859999999999999,1,3
2019-02-18,1127.7,2019-02-15,2019-02-16,1.779,817Y002,010200000,연%,국고채(3년),KOFIA 16:00 KST source publication; usable from next calendar day; ECOS load time unverified,2019-02-15T16:00:00+09:00,2019-02-15,2.48,DGS3,Daily,Percent,2019-02-15T16:15:00-05:00,post-2016-10-11 official daily H.15 calendar at 16:15 ET,none,2019-02-17,2019-02-16T06:15:00+09:00,2019-02-14,0.7010000000000001,3,4
2019-02-19,1124.7,2019-02-18,2019-02-19,1.804,817Y002,010200000,연%,국고채(3년),KOFIA 16:00 KST source publication; usable from next calendar day; ECOS load time unverified,2019-02-18T16:00:00+09:00,2019-02-15,2.48,DGS3,Daily,Percent,2019-02-15T16:15:00-05:00,post-2016-10-11 official daily H.15 calendar at 16:15 ET,none,2019-02-17,2019-02-16T06:15:00+09:00,2019-02-14,0.6759999999999999,1,5
2019-02-20,1127.5,2019-02-19,2019-02-20,1.8,817Y002,010200000,연%,국고채(3년),KOFIA 16:00 KST source publication; usable from next calendar day; ECOS load time unverified,2019-02-19T16:00:00+09:00,2019-02-15,2.48,DGS3,Daily,Percent,2019-02-15T16:15:00-05:00,post-2016-10-11 official daily H.15 calendar at 16:15 ET,none,2019-02-17,2019-02-16T06:15:00+09:00,2019-02-14,0.6799999999999999,1,6
2019-02-21,1122.6,2019-02-20,2019-02-21,1.802,817Y002,010200000,연%,국고채(3년),KOFIA 16:00 KST source publication; usable from next calendar day; ECOS load time unverified,2019-02-20T16:00:00+09:00,2019-02-19,2.5,DGS3,Daily,Percent,2019-02-19T16:15:00-05:00,post-2016-10-11 official daily H.15 calendar at 16:15 ET,none,2019-02-21,2019-02-20T06:15:00+09:00,2019-02-15,0.698,1,6
2019-02-22,1124.4,2019-02-21,2019-02-22,1.811,817Y002,010200000,연%,국고채(3년),KOFIA 16:00 KST source publication; usable from next calendar day; ECOS load time unverified,2019-02-21T16:00:00+09:00,2019-02-20,2.47,DGS3,Daily,Percent,2019-02-20T16:15:00-05:00,post-2016-10-11 official daily H.15 calendar at 16:15 ET,none,2019-02-22,2019-02-21T06:15:00+09:00,2019-02-19,0.6590000000000003,1,3
2019-02-25,1125.7,2019-02-22,2019-02-23,1.814,817Y002,010200000,연%,국고채(3년),KOFIA 16:00 KST source publication; usable from next calendar day; ECOS load time unverified,2019-02-22T16:00:00+09:00,2019-02-22,2.49,DGS3,Daily,Percent,2019-02-22T16:15:00-05:00,post-2016-10-11 official daily H.15 calendar at 16:15 ET,none,2019-02-24,2019-02-23T06:15:00+09:00,2019-02-21,0.6760000000000002,3,4
2019-02-26,1120.8,2019-02-25,2019-02-26,1.819,817Y002,010200000,연%,국고채(3년),KOFIA 16:00 KST source publication; usable from next calendar day; ECOS load time unverified,2019-02-25T16:00:00+09:00,2019-02-22,2.49,DGS3,Daily,Percent,2019-02-22T16:15:00-05:00,post-2016-10-11 official daily H.15 calendar at 16:15 ET,none,2019-02-24,2019-02-23T06:15:00+09:00,2019-02-21,0.6710000000000003,1,5
2019-02-27,1118.3,2019-02-26,2019-02-27,1.816,817Y002,010200000,연%,국고채(3년),KOFIA 16:00 KST source publication; usable from next calendar day; ECOS load time unverified,2019-02-26T16:00:00+09:00,2019-02-25,2.46,DGS3,Daily,Percent,2019-02-25T16:15:00-05:00,post-2016-10-11 official daily H.15 calendar at 16:15 ET,none,2019-02-27,2019-02-26T06:15:00+09:00,2019-02-22,0.6439999999999999,1,5
2019-02-28,1117.8,2019-02-27,2019-02-28,1.808,817Y002,010200000,연%,국고채(3년),KOFIA 16:00 KST source publication; usable from next calendar day; ECOS load time unverified,2019-02-27T16:00:00+09:00,2019-02-26,2.48,DGS3,Daily,Percent,2019-02-26T16:15:00-05:00,post-2016-10-11 official daily H.15 calendar at 16:15 ET,none,2019-02-28,2019-02-27T06:15:00+09:00,2019-02-25,0.6719999999999999,1,3
2019-03-04,1119.9,2019-02-28,2019-03-01,1.813,817Y002,010200000,연%,국고채(3년),KOFIA 16:00 KST source publication; usable from next calendar day; ECOS load time unverified,2019-02-28T16:00:00+09:00,2019-03-01,2.5,DGS3,Daily,Percent,2019-03-01T16:15:00-05:00,post-2016-10-11 official daily H.15 calendar at 16:15 ET,none,2019-03-03,2019-03-02T06:15:00+09:00,2019-02-28,0.687,4,4
2019-03-05,1125.0,2019-03-04,2019-03-05,1.834,817Y002,010200000,연%,국고채(3년),KOFIA 16:00 KST source publication; usable from next calendar day; ECOS load time unverified,2019-03-04T16:00:00+09:00,2019-03-01,2.5,DGS3,Daily,Percent,2019-03-01T16:15:00-05:00,post-2016-10-11 official daily H.15 calendar at 16:15 ET,none,2019-03-03,2019-03-02T06:15:00+09:00,2019-02-28,0.6659999999999999,1,5
2019-03-06,1125.8,2019-03-05,2019-03-06,1.836,817Y002,010200000,연%,국고채(3년),KOFIA 16:00 KST source publication; usable from next calendar day; ECOS load time unverified,2019-03-05T16:00:00+09:00,2019-03-04,2.54,DGS3,Daily,Percent,2019-03-04T16:15:00-05:00,post-2016-10-11 official daily H.15 calendar at 16:15 ET,none,2019-03-06,2019-03-05T06:15:00+09:00,2019-03-01,0.704,1,5
2019-03-07,1127.8,2019-03-06,2019-03-07,1.828,817Y002,010200000,연%,국고채(3년),KOFIA 16:00 KST source publication; usable from next calendar day; ECOS load time unverified,2019-03-06T16:00:00+09:00,2019-03-05,2.52,DGS3,Daily,Percent,2019-03-05T16:15:00-05:00,post-2016-10-11 official daily H.15 calendar at 16:15 ET,none,2019-03-07,2019-03-06T06:15:00+09:00,2019-03-04,0.692,1,3
2019-03-08,1128.3,2019-03-07,2019-03-08,1.817,817Y002,010200000,연%,국고채(3년),KOFIA 16:00 KST source publication; usable from next calendar day; ECOS load time unverified,2019-03-07T16:00:00+09:00,2019-03-06,2.52,DGS3,Daily,Percent,2019-03-06T16:15:00-05:00,post-2016-10-11 official daily H.15 calendar at 16:15 ET,none,2019-03-08,2019-03-07T06:15:00+09:00,2019-03-05,0.7030000000000001,1,3
2019-03-11,1134.0,2019-03-08,2019-03-09,1.802,817Y002,010200000,연%,국고채(3년),KOFIA 16:00 KST source publication; usable from next calendar day; ECOS load time unverified,2019-03-08T16:00:00+09:00,2019-03-08,2.44,DGS3,Daily,Percent,2019-03-08T16:15:00-05:00,post-2016-10-11 official daily H.15 calendar at 16:15 ET,none,2019-03-10,2019-03-09T06:15:00+09:00,2019-03-07,0.6379999999999999,3,4
2019-03-12,1134.5,2019-03-11,2019-03-12,1.81,817Y002,010200000,연%,국고채(3년),KOFIA 16:00 KST source publication; usable from next calendar day; ECOS load time unverified,2019-03-11T16:00:00+09:00,2019-03-08,2.44,DGS3,Daily,Percent,2019-03-08T16:15:00-05:00,post-2016-10-11 official daily H.15 calendar at 16:15 ET,none,2019-03-10,2019-03-09T06:15:00+09:00,2019-03-07,0.6299999999999999,1,5
2019-03-13,1128.7,2019-03-12,2019-03-13,1.81,817Y002,010200000,연%,국고채(3년),KOFIA 16:00 KST source publication; usable from next calendar day; ECOS load time unverified,2019-03-12T16:00:00+09:00,2019-03-11,2.43,DGS3,Daily,Percent,2019-03-11T16:15:00-04:00,post-2016-10-11 official daily H.15 calendar at 16:15 ET,none,2019-03-13,2019-03-12T05:15:00+09:00,2019-03-08,0.6200000000000001,1,5
2019-03-14,1131.5,2019-03-13,2019-03-14,1.795,817Y002,010200000,연%,국고채(3년),KOFIA 16:00 KST source publication; usable from next calendar day; ECOS load time unverified,2019-03-13T16:00:00+09:00,2019-03-12,2.45,DGS3,Daily,Percent,2019-03-12T16:15:00-04:00,post-2016-10-11 official daily H.15 calendar at 16:15 ET,none,2019-03-14,2019-03-13T05:15:00+09:00,2019-03-11,0.6550000000000002,1,3
2019-03-15,1132.7,2019-03-14,2019-03-15,1.793,817Y002,010200000,연%,국고채(3년),KOFIA 16:00 KST source publication; usable from next calendar day; ECOS load time unverified,2019-03-14T16:00:00+09:00,2019-03-13,2.41,DGS3,Daily,Percent,2019-03-13T16:15:00-04:00,post-2016-10-11 official daily H.15 calendar at 16:15 ET,none,2019-03-15,2019-03-14T05:15:00+09:00,2019-03-12,0.6170000000000002,1,3
2019-03-18,1136.1,2019-03-15,2019-03-16,1.803,817Y002,010200000,연%,국고채(3년),KOFIA 16:00 KST source publication; usable from next calendar day; ECOS load time unverified,2019-03-15T16:00:00+09:00,2019-03-15,2.42,DGS3,Daily,Percent,2019-03-15T16:15:00-04:00,post-2016-10-11 official daily H.15 calendar at 16:15 ET,none,2019-03-17,2019-03-16T05:15:00+09:00,2019-03-14,0.617,3,4
2019-03-19,1133.7,2019-03-18,2019-03-19,1.812,817Y002,010200000,연%,국고채(3년),KOFIA 16:00 KST source publication; usable from next calendar day; ECOS load time unverified,2019-03-18T16:00:00+09:00,2019-03-15,2.42,DGS3,Daily,Percent,2019-03-15T16:15:00-04:00,post-2016-10-11 official daily H.15 calendar at 16:15 ET,none,2019-03-17,2019-03-16T05:15:00+09:00,2019-03-14,0.6079999999999999,1,5
2019-03-20,1130.9,2019-03-19,2019-03-20,1.81,817Y002,010200000,연%,국고채(3년),KOFIA 16:00 KST source publication; usable from next calendar day; ECOS load time unverified,2019-03-19T16:00:00+09:00,2019-03-18,2.39,DGS3,Daily,Percent,2019-03-18T16:15:00-04:00,post-2016-10-11 official daily H.15 calendar at 16:15 ET,none,2019-03-20,2019-03-19T05:15:00+09:00,2019-03-15,0.5800000000000001,1,5
2019-03-21,1130.4,2019-03-20,2019-03-21,1.813,817Y002,010200000,연%,국고채(3년),KOFIA 16:00 KST source publication; usable from next calendar day; ECOS load time unverified,2019-03-20T16:00:00+09:00,2019-03-19,2.41,DGS3,Daily,Percent,2019-03-19T16:15:00-04:00,post-2016-10-11 official daily H.15 calendar at 16:15 ET,none,2019-03-21,2019-03-20T05:15:00+09:00,2019-03-18,0.5970000000000002,1,3
2019-03-22,1125.8,2019-03-21,2019-03-22,1.793,817Y002,010200000,연%,국고채(3년),KOFIA 16:00 KST source publication; usable from next calendar day; ECOS load time unverified,2019-03-21T16:00:00+09:00,2019-03-20,2.42,DGS3,Daily,Percent,2019-03-20T16:15:00-04:00,post-2016-10-11 official daily H.15 calendar at 16:15 ET,none,2019-03-22,2019-03-21T05:15:00+09:00,2019-03-19,0.627,1,3
2019-03-25,1129.8,2019-03-22,2019-03-23,1.8,817Y002,010200000,연%,국고채(3년),KOFIA 16:00 KST source publication; usable from next calendar day; ECOS load time unverified,2019-03-22T16:00:00+09:00,2019-03-22,2.34,DGS3,Daily,Percent,2019-03-22T16:15:00-04:00,post-2016-10-11 official daily H.15 calendar at 16:15 ET,none,2019-03-24,2019-03-23T05:15:00+09:00,2019-03-21,0.5399999999999998,3,4
2019-03-26,1134.9,2019-03-25,2019-03-26,1.77,817Y002,010200000,연%,국고채(3년),KOFIA 16:00 KST source publication; usable from next calendar day; ECOS load time unverified,2019-03-25T16:00:00+09:00,2019-03-22,2.34,DGS3,Daily,Percent,2019-03-22T16:15:00-04:00,post-2016-10-11 official daily H.15 calendar at 16:15 ET,none,2019-03-24,2019-03-23T05:15:00+09:00,2019-03-21,0.5699999999999998,1,5
2019-03-27,1132.1,2019-03-26,2019-03-27,1.763,817Y002,010200000,연%,국고채(3년),KOFIA 16:00 KST source publication; usable from next calendar day; ECOS load time unverified,2019-03-26T16:00:00+09:00,2019-03-25,2.24,DGS3,Daily,Percent,2019-03-25T16:15:00-04:00,post-2016-10-11 official daily H.15 calendar at 16:15 ET,none,2019-03-27,2019-03-26T05:15:00+09:00,2019-03-22,0.4770000000000003,1,5
2019-03-28,1134.7,2019-03-27,2019-03-28,1.722,817Y002,010200000,연%,국고채(3년),KOFIA 16:00 KST source publication; usable from next calendar day; ECOS load time unverified,2019-03-27T16:00:00+09:00,2019-03-26,2.19,DGS3,Daily,Percent,2019-03-26T16:15:00-04:00,post-2016-10-11 official daily H.15 calendar at 16:15 ET,none,2019-03-28,2019-03-27T05:15:00+09:00,2019-03-25,0.46799999999999997,1,3
2019-03-29,1137.8,2019-03-28,2019-03-29,1.679,817Y002,010200000,연%,국고채(3년),KOFIA 16:00 KST source publication; usable from next calendar day; ECOS load time unverified,2019-03-28T16:00:00+09:00,2019-03-27,2.18,DGS3,Daily,Percent,2019-03-27T16:15:00-04:00,post-2016-10-11 official daily H.15 calendar at 16:15 ET,none,2019-03-29,2019-03-28T05:15:00+09:00,2019-03-26,0.5010000000000001,1,3
2019-04-01,1136.1,2019-03-29,2019-03-30,1.69,817Y002,010200000,연%,국고채(3년),KOFIA 16:00 KST source publication; usable from next calendar day; ECOS load time unverified,2019-03-29T16:00:00+09:00,2019-03-29,2.18,DGS3,Daily,Percent,2019-03-29T16:15:00-04:00,post-2016-10-11 official daily H.15 calendar at 16:15 ET,none,2019-03-31,2019-03-30T05:15:00+09:00,2019-03-28,0.4900000000000002,3,4
2019-04-02,1132.7,2019-04-01,2019-04-02,1.726,817Y002,010200000,연%,국고채(3년),KOFIA 16:00 KST source publication; usable from next calendar day; ECOS load time unverified,2019-04-01T16:00:00+09:00,2019-03-29,2.18,DGS3,Daily,Percent,2019-03-29T16:15:00-04:00,post-2016-10-11 official daily H.15 calendar at 16:15 ET,none,2019-03-31,2019-03-30T05:15:00+09:00,2019-03-28,0.4540000000000002,1,5
2019-04-03,1135.8,2019-04-02,2019-04-03,1.706,817Y002,010200000,연%,국고채(3년),KOFIA 16:00 KST source publication; usable from next calendar day; ECOS load time unverified,2019-04-02T16:00:00+09:00,2019-04-01,2.21,DGS3,Daily,Percent,2019-04-01T16:15:00-04:00,post-2016-10-11 official daily H.15 calendar at 16:15 ET,none,2019-04-03,2019-04-02T05:15:00+09:00,2019-03-29,0.504,1,5
2019-04-04,1134.9,2019-04-03,2019-04-04,1.72,817Y002,010200000,연%,국고채(3년),KOFIA 16:00 KST source publication; usable from next calendar day; ECOS load time unverified,2019-04-03T16:00:00+09:00,2019-04-02,2.29,DGS3,Daily,Percent,2019-04-02T16:15:00-04:00,post-2016-10-11 official daily H.15 calendar at 16:15 ET,none,2019-04-04,2019-04-03T05:15:00+09:00,2019-04-01,0.5700000000000001,1,3
2019-04-05,1135.5,2019-04-04,2019-04-05,1.72,817Y002,010200000,연%,국고채(3년),KOFIA 16:00 KST source publication; usable from next calendar day; ECOS load time unverified,2019-04-04T16:00:00+09:00,2019-04-03,2.26,DGS3,Daily,Percent,2019-04-03T16:15:00-04:00,post-2016-10-11 official daily H.15 calendar at 16:15 ET,none,2019-04-05,2019-04-04T05:15:00+09:00,2019-04-02,0.5399999999999998,1,3
2019-04-08,1136.4,2019-04-05,2019-04-06,1.735,817Y002,010200000,연%,국고채(3년),KOFIA 16:00 KST source publication; usable from next calendar day; ECOS load time unverified,2019-04-05T16:00:00+09:00,2019-04-05,2.29,DGS3,Daily,Percent,2019-04-05T16:15:00-04:00,post-2016-10-11 official daily H.15 calendar at 16:15 ET,none,2019-04-07,2019-04-06T05:15:00+09:00,2019-04-04,0.5549999999999999,3,4
2019-04-09,1141.4,2019-04-08,2019-04-09,1.723,817Y002,010200000,연%,국고채(3년),KOFIA 16:00 KST source publication; usable from next calendar day; ECOS load time unverified,2019-04-08T16:00:00+09:00,2019-04-05,2.29,DGS3,Daily,Percent,2019-04-05T16:15:00-04:00,post-2016-10-11 official daily H.15 calendar at 16:15 ET,none,2019-04-07,2019-04-06T05:15:00+09:00,2019-04-04,0.567,1,5
2019-04-10,1142.8,2019-04-09,2019-04-10,1.725,817Y002,010200000,연%,국고채(3년),KOFIA 16:00 KST source publication; usable from next calendar day; ECOS load time unverified,2019-04-09T16:00:00+09:00,2019-04-08,2.3,DGS3,Daily,Percent,2019-04-08T16:15:00-04:00,post-2016-10-11 official daily H.15 calendar at 16:15 ET,none,2019-04-10,2019-04-09T05:15:00+09:00,2019-04-05,0.5749999999999997,1,5
2019-04-11,1141.2,2019-04-10,2019-04-11,1.731,817Y002,010200000,연%,국고채(3년),KOFIA 16:00 KST source publication; usable from next calendar day; ECOS load time unverified,2019-04-10T16:00:00+09:00,2019-04-09,2.31,DGS3,Daily,Percent,2019-04-09T16:15:00-04:00,post-2016-10-11 official daily H.15 calendar at 16:15 ET,none,2019-04-11,2019-04-10T05:15:00+09:00,2019-04-08,0.579,1,3
2019-04-12,1139.2,2019-04-11,2019-04-12,1.732,817Y002,010200000,연%,국고채(3년),KOFIA 16:00 KST source publication; usable from next calendar day; ECOS load time unverified,2019-04-11T16:00:00+09:00,2019-04-10,2.31,DGS3,Daily,Percent,2019-04-10T16:15:00-04:00,post-2016-10-11 official daily H.15 calendar at 16:15 ET,none,2019-04-12,2019-04-11T05:15:00+09:00,2019-04-09,0.5780000000000001,1,3
2019-04-15,1140.5,2019-04-12,2019-04-13,1.733,817Y002,010200000,연%,국고채(3년),KOFIA 16:00 KST source publication; usable from next calendar day; ECOS load time unverified,2019-04-12T16:00:00+09:00,2019-04-12,2.3,DGS3,Daily,Percent,2019-04-12T16:15:00-04:00,post-2016-10-11 official daily H.15 calendar at 16:15 ET,none,2019-04-14,2019-04-13T05:15:00+09:00,2019-04-11,0.5669999999999997,3,4
2019-04-16,1133.9,2019-04-15,2019-04-16,1.761,817Y002,010200000,연%,국고채(3년),KOFIA 16:00 KST source publication; usable from next calendar day; ECOS load time unverified,2019-04-15T16:00:00+09:00,2019-04-12,2.3,DGS3,Daily,Percent,2019-04-12T16:15:00-04:00,post-2016-10-11 official daily H.15 calendar at 16:15 ET,none,2019-04-14,2019-04-13T05:15:00+09:00,2019-04-11,0.5389999999999999,1,5
2019-04-17,1135.7,2019-04-16,2019-04-17,1.765,817Y002,010200000,연%,국고채(3년),KOFIA 16:00 KST source publication; usable from next calendar day; ECOS load time unverified,2019-04-16T16:00:00+09:00,2019-04-15,2.36,DGS3,Daily,Percent,2019-04-15T16:15:00-04:00,post-2016-10-11 official daily H.15 calendar at 16:15 ET,none,2019-04-17,2019-04-16T05:15:00+09:00,2019-04-12,0.595,1,5
2019-04-18,1136.1,2019-04-17,2019-04-18,1.778,817Y002,010200000,연%,국고채(3년),KOFIA 16:00 KST source publication; usable from next calendar day; ECOS load time unverified,2019-04-17T16:00:00+09:00,2019-04-16,2.36,DGS3,Daily,Percent,2019-04-16T16:15:00-04:00,post-2016-10-11 official daily H.15 calendar at 16:15 ET,none,2019-04-18,2019-04-17T05:15:00+09:00,2019-04-15,0.5819999999999999,1,3
2019-04-19,1136.2,2019-04-18,2019-04-19,1.741,817Y002,010200000,연%,국고채(3년),KOFIA 16:00 KST source publication; usable from next calendar day; ECOS load time unverified,2019-04-18T16:00:00+09:00,2019-04-17,2.38,DGS3,Daily,Percent,2019-04-17T16:15:00-04:00,post-2016-10-11 official daily H.15 calendar at 16:15 ET,none,2019-04-19,2019-04-18T05:15:00+09:00,2019-04-16,0.6389999999999998,1,3
2019-04-22,1137.1,2019-04-19,2019-04-20,1.756,817Y002,010200000,연%,국고채(3년),KOFIA 16:00 KST source publication; usable from next calendar day; ECOS load time unverified,2019-04-19T16:00:00+09:00,2019-04-19,2.36,DGS3,Daily,Percent,2019-04-19T16:15:00-04:00,post-2016-10-11 official daily H.15 calendar at 16:15 ET,none,2019-04-21,2019-04-20T05:15:00+09:00,2019-04-18,0.6039999999999999,3,4
2019-04-23,1140.8,2019-04-22,2019-04-23,1.769,817Y002,010200000,연%,국고채(3년),KOFIA 16:00 KST source publication; usable from next calendar day; ECOS load time unverified,2019-04-22T16:00:00+09:00,2019-04-19,2.36,DGS3,Daily,Percent,2019-04-19T16:15:00-04:00,post-2016-10-11 official daily H.15 calendar at 16:15 ET,none,2019-04-21,2019-04-20T05:15:00+09:00,2019-04-18,0.591,1,5
2019-04-24,1141.1,2019-04-23,2019-04-24,1.768,817Y002,010200000,연%,국고채(3년),KOFIA 16:00 KST source publication; usable from next calendar day; ECOS load time unverified,2019-04-23T16:00:00+09:00,2019-04-19,2.36,DGS3,Daily,Percent,2019-04-19T16:15:00-04:00,post-2016-10-11 official daily H.15 calendar at 16:15 ET,none,2019-04-21,2019-04-20T05:15:00+09:00,2019-04-18,0.5919999999999999,1,6
2019-04-25,1146.9,2019-04-24,2019-04-25,1.749,817Y002,010200000,연%,국고채(3년),KOFIA 16:00 KST source publication; usable from next calendar day; ECOS load time unverified,2019-04-24T16:00:00+09:00,2019-04-23,2.36,DGS3,Daily,Percent,2019-04-23T16:15:00-04:00,post-2016-10-11 official daily H.15 calendar at 16:15 ET,none,2019-04-25,2019-04-24T05:15:00+09:00,2019-04-22,0.6109999999999998,1,3
2019-04-26,1158.7,2019-04-25,2019-04-26,1.724,817Y002,010200000,연%,국고채(3년),KOFIA 16:00 KST source publication; usable from next calendar day; ECOS load time unverified,2019-04-25T16:00:00+09:00,2019-04-24,2.34,DGS3,Daily,Percent,2019-04-24T16:15:00-04:00,post-2016-10-11 official daily H.15 calendar at 16:15 ET,none,2019-04-26,2019-04-25T05:15:00+09:00,2019-04-23,0.6159999999999999,1,3
2019-04-29,1159.7,2019-04-26,2019-04-27,1.72,817Y002,010200000,연%,국고채(3년),KOFIA 16:00 KST source publication; usable from next calendar day; ECOS load time unverified,2019-04-26T16:00:00+09:00,2019-04-26,2.29,DGS3,Daily,Percent,2019-04-26T16:15:00-04:00,post-2016-10-11 official daily H.15 calendar at 16:15 ET,none,2019-04-28,2019-04-27T05:15:00+09:00,2019-04-25,0.5700000000000001,3,4
2019-04-30,1158.2,2019-04-29,2019-04-30,1.712,817Y002,010200000,연%,국고채(3년),KOFIA 16:00 KST source publication; usable from next calendar day; ECOS load time unverified,2019-04-29T16:00:00+09:00,2019-04-26,2.29,DGS3,Daily,Percent,2019-04-26T16:15:00-04:00,post-2016-10-11 official daily H.15 calendar at 16:15 ET,none,2019-04-28,2019-04-27T05:15:00+09:00,2019-04-25,0.5780000000000001,1,5
2019-05-02,1163.8,2019-04-30,2019-05-01,1.699,817Y002,010200000,연%,국고채(3년),KOFIA 16:00 KST source publication; usable from next calendar day; ECOS load time unverified,2019-04-30T16:00:00+09:00,2019-04-30,2.27,DGS3,Daily,Percent,2019-04-30T16:15:00-04:00,post-2016-10-11 official daily H.15 calendar at 16:15 ET,none,2019-05-02,2019-05-01T05:15:00+09:00,2019-04-29,0.571,2,3
2019-05-03,1163.9,2019-05-02,2019-05-03,1.732,817Y002,010200000,연%,국고채(3년),KOFIA 16:00 KST source publication; usable from next calendar day; ECOS load time unverified,2019-05-02T16:00:00+09:00,2019-05-01,2.24,DGS3,Daily,Percent,2019-05-01T16:15:00-04:00,post-2016-10-11 official daily H.15 calendar at 16:15 ET,none,2019-05-03,2019-05-02T05:15:00+09:00,2019-04-30,0.5080000000000002,1,3
2019-05-07,1169.4,2019-05-03,2019-05-04,1.739,817Y002,010200000,연%,국고채(3년),KOFIA 16:00 KST source publication; usable from next calendar day; ECOS load time unverified,2019-05-03T16:00:00+09:00,2019-05-03,2.32,DGS3,Daily,Percent,2019-05-03T16:15:00-04:00,post-2016-10-11 official daily H.15 calendar at 16:15 ET,none,2019-05-05,2019-05-04T05:15:00+09:00,2019-05-02,0.5809999999999997,4,5
2019-05-08,1169.8,2019-05-07,2019-05-08,1.723,817Y002,010200000,연%,국고채(3년),KOFIA 16:00 KST source publication; usable from next calendar day; ECOS load time unverified,2019-05-07T16:00:00+09:00,2019-05-06,2.3,DGS3,Daily,Percent,2019-05-06T16:15:00-04:00,post-2016-10-11 official daily H.15 calendar at 16:15 ET,none,2019-05-08,2019-05-07T05:15:00+09:00,2019-05-03,0.5769999999999997,1,5
2019-05-09,1169.9,2019-05-08,2019-05-09,1.717,817Y002,010200000,연%,국고채(3년),KOFIA 16:00 KST source publication; usable from next calendar day; ECOS load time unverified,2019-05-08T16:00:00+09:00,2019-05-07,2.27,DGS3,Daily,Percent,2019-05-07T16:15:00-04:00,post-2016-10-11 official daily H.15 calendar at 16:15 ET,none,2019-05-09,2019-05-08T05:15:00+09:00,2019-05-06,0.5529999999999999,1,3
2019-05-10,1175.8,2019-05-09,2019-05-10,1.708,817Y002,010200000,연%,국고채(3년),KOFIA 16:00 KST source publication; usable from next calendar day; ECOS load time unverified,2019-05-09T16:00:00+09:00,2019-05-08,2.24,DGS3,Daily,Percent,2019-05-08T16:15:00-04:00,post-2016-10-11 official daily H.15 calendar at 16:15 ET,none,2019-05-10,2019-05-09T05:15:00+09:00,2019-05-07,0.5320000000000003,1,3
2019-05-13,1178.1,2019-05-10,2019-05-11,1.719,817Y002,010200000,연%,국고채(3년),KOFIA 16:00 KST source publication; usable from next calendar day; ECOS load time unverified,2019-05-10T16:00:00+09:00,2019-05-10,2.22,DGS3,Daily,Percent,2019-05-10T16:15:00-04:00,post-2016-10-11 official daily H.15 calendar at 16:15 ET,none,2019-05-12,2019-05-11T05:15:00+09:00,2019-05-09,0.5010000000000001,3,4
2019-05-14,1183.1,2019-05-13,2019-05-14,1.721,817Y002,010200000,연%,국고채(3년),KOFIA 16:00 KST source publication; usable from next calendar day; ECOS load time unverified,2019-05-13T16:00:00+09:00,2019-05-10,2.22,DGS3,Daily,Percent,2019-05-10T16:15:00-04:00,post-2016-10-11 official daily H.15 calendar at 16:15 ET,none,2019-05-12,2019-05-11T05:15:00+09:00,2019-05-09,0.4990000000000001,1,5
2019-05-15,1187.0,2019-05-14,2019-05-15,1.711,817Y002,010200000,연%,국고채(3년),KOFIA 16:00 KST source publication; usable from next calendar day; ECOS load time unverified,2019-05-14T16:00:00+09:00,2019-05-13,2.23,DGS3,Daily,Percent,2019-05-13T16:15:00-04:00,post-2016-10-11 official daily H.15 calendar at 16:15 ET,none,2019-05-15,2019-05-14T05:15:00+09:00,2019-05-10,0.5189999999999999,1,5
2019-05-16,1189.4,2019-05-15,2019-05-16,1.71,817Y002,010200000,연%,국고채(3년),KOFIA 16:00 KST source publication; usable from next calendar day; ECOS load time unverified,2019-05-15T16:00:00+09:00,2019-05-14,2.15,DGS3,Daily,Percent,2019-05-14T16:15:00-04:00,post-2016-10-11 official daily H.15 calendar at 16:15 ET,none,2019-05-16,2019-05-15T05:15:00+09:00,2019-05-13,0.43999999999999995,1,3
2019-05-17,1189.8,2019-05-16,2019-05-17,1.675,817Y002,010200000,연%,국고채(3년),KOFIA 16:00 KST source publication; usable from next calendar day; ECOS load time unverified,2019-05-16T16:00:00+09:00,2019-05-15,2.17,DGS3,Daily,Percent,2019-05-15T16:15:00-04:00,post-2016-10-11 official daily H.15 calendar at 16:15 ET,none,2019-05-17,2019-05-16T05:15:00+09:00,2019-05-14,0.4949999999999999,1,3
2019-05-20,1192.7,2019-05-17,2019-05-18,1.67,817Y002,010200000,연%,국고채(3년),KOFIA 16:00 KST source publication; usable from next calendar day; ECOS load time unverified,2019-05-17T16:00:00+09:00,2019-05-17,2.15,DGS3,Daily,Percent,2019-05-17T16:15:00-04:00,post-2016-10-11 official daily H.15 calendar at 16:15 ET,none,2019-05-19,2019-05-18T05:15:00+09:00,2019-05-16,0.48,3,4
2019-05-21,1192.9,2019-05-20,2019-05-21,1.681,817Y002,010200000,연%,국고채(3년),KOFIA 16:00 KST source publication; usable from next calendar day; ECOS load time unverified,2019-05-20T16:00:00+09:00,2019-05-17,2.15,DGS3,Daily,Percent,2019-05-17T16:15:00-04:00,post-2016-10-11 official daily H.15 calendar at 16:15 ET,none,2019-05-19,2019-05-18T05:15:00+09:00,2019-05-16,0.46899999999999986,1,5
2019-05-22,1193.3,2019-05-21,2019-05-22,1.663,817Y002,010200000,연%,국고채(3년),KOFIA 16:00 KST source publication; usable from next calendar day; ECOS load time unverified,2019-05-21T16:00:00+09:00,2019-05-20,2.15,DGS3,Daily,Percent,2019-05-20T16:15:00-04:00,post-2016-10-11 official daily H.15 calendar at 16:15 ET,none,2019-05-22,2019-05-21T05:15:00+09:00,2019-05-17,0.4869999999999999,1,5
2019-05-23,1194.6,2019-05-22,2019-05-23,1.667,817Y002,010200000,연%,국고채(3년),KOFIA 16:00 KST source publication; usable from next calendar day; ECOS load time unverified,2019-05-22T16:00:00+09:00,2019-05-21,2.17,DGS3,Daily,Percent,2019-05-21T16:15:00-04:00,post-2016-10-11 official daily H.15 calendar at 16:15 ET,none,2019-05-23,2019-05-22T05:15:00+09:00,2019-05-20,0.5029999999999999,1,3
2019-05-24,1191.2,2019-05-23,2019-05-24,1.648,817Y002,010200000,연%,국고채(3년),KOFIA 16:00 KST source publication; usable from next calendar day; ECOS load time unverified,2019-05-23T16:00:00+09:00,2019-05-22,2.2,DGS3,Daily,Percent,2019-05-22T16:15:00-04:00,post-2016-10-11 official daily H.15 calendar at 16:15 ET,none,2019-05-24,2019-05-23T05:15:00+09:00,2019-05-21,0.5520000000000003,1,3
2019-05-27,1189.6,2019-05-24,2019-05-25,1.643,817Y002,010200000,연%,국고채(3년),KOFIA 16:00 KST source publication; usable from next calendar day; ECOS load time unverified,2019-05-24T16:00:00+09:00,2019-05-24,2.08,DGS3,Daily,Percent,2019-05-24T16:15:00-04:00,post-2016-10-11 official daily H.15 calendar at 16:15 ET,none,2019-05-26,2019-05-25T05:15:00+09:00,2019-05-23,0.43700000000000006,3,4
2019-05-28,1184.1,2019-05-27,2019-05-28,1.652,817Y002,010200000,연%,국고채(3년),KOFIA 16:00 KST source publication; usable from next calendar day; ECOS load time unverified,2019-05-27T16:00:00+09:00,2019-05-24,2.08,DGS3,Daily,Percent,2019-05-24T16:15:00-04:00,post-2016-10-11 official daily H.15 calendar at 16:15 ET,none,2019-05-26,2019-05-25T05:15:00+09:00,2019-05-23,0.42800000000000016,1,5
2019-05-29,1187.6,2019-05-28,2019-05-29,1.654,817Y002,010200000,연%,국고채(3년),KOFIA 16:00 KST source publication; usable from next calendar day; ECOS load time unverified,2019-05-28T16:00:00+09:00,2019-05-24,2.08,DGS3,Daily,Percent,2019-05-24T16:15:00-04:00,post-2016-10-11 official daily H.15 calendar at 16:15 ET,none,2019-05-26,2019-05-25T05:15:00+09:00,2019-05-23,0.42600000000000016,1,6
2019-05-30,1193.1,2019-05-29,2019-05-30,1.619,817Y002,010200000,연%,국고채(3년),KOFIA 16:00 KST source publication; usable from next calendar day; ECOS load time unverified,2019-05-29T16:00:00+09:00,2019-05-28,2.1,DGS3,Daily,Percent,2019-05-28T16:15:00-04:00,post-2016-10-11 official daily H.15 calendar at 16:15 ET,none,2019-05-30,2019-05-29T05:15:00+09:00,2019-05-24,0.4810000000000001,1,6
2019-05-31,1190.0,2019-05-30,2019-05-31,1.626,817Y002,010200000,연%,국고채(3년),KOFIA 16:00 KST source publication; usable from next calendar day; ECOS load time unverified,2019-05-30T16:00:00+09:00,2019-05-29,2.06,DGS3,Daily,Percent,2019-05-29T16:15:00-04:00,post-2016-10-11 official daily H.15 calendar at 16:15 ET,none,2019-05-31,2019-05-30T05:15:00+09:00,2019-05-28,0.43400000000000016,1,3
2019-06-03,1191.2,2019-05-31,2019-06-01,1.587,817Y002,010200000,연%,국고채(3년),KOFIA 16:00 KST source publication; usable from next calendar day; ECOS load time unverified,2019-05-31T16:00:00+09:00,2019-05-31,2.0,DGS3,Daily,Percent,2019-05-31T16:15:00-04:00,post-2016-10-11 official daily H.15 calendar at 16:15 ET,none,2019-06-02,2019-06-01T05:15:00+09:00,2019-05-30,0.41300000000000003,3,4
2019-06-04,1183.0,2019-06-03,2019-06-04,1.575,817Y002,010200000,연%,국고채(3년),KOFIA 16:00 KST source publication; usable from next calendar day; ECOS load time unverified,2019-06-03T16:00:00+09:00,2019-05-31,2.0,DGS3,Daily,Percent,2019-05-31T16:15:00-04:00,post-2016-10-11 official daily H.15 calendar at 16:15 ET,none,2019-06-02,2019-06-01T05:15:00+09:00,2019-05-30,0.42500000000000004,1,5
2019-06-05,1181.5,2019-06-04,2019-06-05,1.57,817Y002,010200000,연%,국고채(3년),KOFIA 16:00 KST source publication; usable from next calendar day; ECOS load time unverified,2019-06-04T16:00:00+09:00,2019-06-03,1.9,DGS3,Daily,Percent,2019-06-03T16:15:00-04:00,post-2016-10-11 official daily H.15 calendar at 16:15 ET,none,2019-06-05,2019-06-04T05:15:00+09:00,2019-05-31,0.32999999999999985,1,5
2019-06-07,1179.8,2019-06-05,2019-06-06,1.542,817Y002,010200000,연%,국고채(3년),KOFIA 16:00 KST source publication; usable from next calendar day; ECOS load time unverified,2019-06-05T16:00:00+09:00,2019-06-05,1.84,DGS3,Daily,Percent,2019-06-05T16:15:00-04:00,post-2016-10-11 official daily H.15 calendar at 16:15 ET,none,2019-06-07,2019-06-06T05:15:00+09:00,2019-06-04,0.29800000000000004,2,3
2019-06-10,1179.5,2019-06-07,2019-06-08,1.537,817Y002,010200000,연%,국고채(3년),KOFIA 16:00 KST source publication; usable from next calendar day; ECOS load time unverified,2019-06-07T16:00:00+09:00,2019-06-07,1.85,DGS3,Daily,Percent,2019-06-07T16:15:00-04:00,post-2016-10-11 official daily H.15 calendar at 16:15 ET,none,2019-06-09,2019-06-08T05:15:00+09:00,2019-06-06,0.31300000000000017,3,4
2019-06-11,1184.0,2019-06-10,2019-06-11,1.533,817Y002,010200000,연%,국고채(3년),KOFIA 16:00 KST source publication; usable from next calendar day; ECOS load time unverified,2019-06-10T16:00:00+09:00,2019-06-07,1.85,DGS3,Daily,Percent,2019-06-07T16:15:00-04:00,post-2016-10-11 official daily H.15 calendar at 16:15 ET,none,2019-06-09,2019-06-08T05:15:00+09:00,2019-06-06,0.31700000000000017,1,5
2019-06-12,1181.7,2019-06-11,2019-06-12,1.542,817Y002,010200000,연%,국고채(3년),KOFIA 16:00 KST source publication; usable from next calendar day; ECOS load time unverified,2019-06-11T16:00:00+09:00,2019-06-10,1.82,DGS3,Daily,Percent,2019-06-10T16:15:00-04:00,post-2016-10-11 official daily H.15 calendar at 16:15 ET,none,2019-06-12,2019-06-11T05:15:00+09:00,2019-06-07,0.278,1,5
2019-06-13,1181.7,2019-06-12,2019-06-13,1.469,817Y002,010200000,연%,국고채(3년),KOFIA 16:00 KST source publication; usable from next calendar day; ECOS load time unverified,2019-06-12T16:00:00+09:00,2019-06-11,1.87,DGS3,Daily,Percent,2019-06-11T16:15:00-04:00,post-2016-10-11 official daily H.15 calendar at 16:15 ET,none,2019-06-13,2019-06-12T05:15:00+09:00,2019-06-10,0.401,1,3
2019-06-14,1184.7,2019-06-13,2019-06-14,1.48,817Y002,010200000,연%,국고채(3년),KOFIA 16:00 KST source publication; usable from next calendar day; ECOS load time unverified,2019-06-13T16:00:00+09:00,2019-06-12,1.87,DGS3,Daily,Percent,2019-06-12T16:15:00-04:00,post-2016-10-11 official daily H.15 calendar at 16:15 ET,none,2019-06-14,2019-06-13T05:15:00+09:00,2019-06-11,0.3900000000000001,1,3
2019-06-17,1184.0,2019-06-14,2019-06-15,1.47,817Y002,010200000,연%,국고채(3년),KOFIA 16:00 KST source publication; usable from next calendar day; ECOS load time unverified,2019-06-14T16:00:00+09:00,2019-06-14,1.78,DGS3,Daily,Percent,2019-06-14T16:15:00-04:00,post-2016-10-11 official daily H.15 calendar at 16:15 ET,none,2019-06-16,2019-06-15T05:15:00+09:00,2019-06-13,0.31000000000000005,3,4
2019-06-18,1186.3,2019-06-17,2019-06-18,1.491,817Y002,010200000,연%,국고채(3년),KOFIA 16:00 KST source publication; usable from next calendar day; ECOS load time unverified,2019-06-17T16:00:00+09:00,2019-06-14,1.78,DGS3,Daily,Percent,2019-06-14T16:15:00-04:00,post-2016-10-11 official daily H.15 calendar at 16:15 ET,none,2019-06-16,2019-06-15T05:15:00+09:00,2019-06-13,0.2889999999999999,1,5
2019-06-19,1185.0,2019-06-18,2019-06-19,1.493,817Y002,010200000,연%,국고채(3년),KOFIA 16:00 KST source publication; usable from next calendar day; ECOS load time unverified,2019-06-18T16:00:00+09:00,2019-06-17,1.79,DGS3,Daily,Percent,2019-06-17T16:15:00-04:00,post-2016-10-11 official daily H.15 calendar at 16:15 ET,none,2019-06-19,2019-06-18T05:15:00+09:00,2019-06-14,0.29699999999999993,1,5
2019-06-20,1177.0,2019-06-19,2019-06-20,1.484,817Y002,010200000,연%,국고채(3년),KOFIA 16:00 KST source publication; usable from next calendar day; ECOS load time unverified,2019-06-19T16:00:00+09:00,2019-06-18,1.8,DGS3,Daily,Percent,2019-06-18T16:15:00-04:00,post-2016-10-11 official daily H.15 calendar at 16:15 ET,none,2019-06-20,2019-06-19T05:15:00+09:00,2019-06-17,0.31600000000000006,1,3
2019-06-21,1167.7,2019-06-20,2019-06-21,1.42,817Y002,010200000,연%,국고채(3년),KOFIA 16:00 KST source publication; usable from next calendar day; ECOS load time unverified,2019-06-20T16:00:00+09:00,2019-06-19,1.8,DGS3,Daily,Percent,2019-06-19T16:15:00-04:00,post-2016-10-11 official daily H.15 calendar at 16:15 ET,none,2019-06-21,2019-06-20T05:15:00+09:00,2019-06-18,0.3800000000000001,1,3
2019-06-24,1162.0,2019-06-21,2019-06-22,1.44,817Y002,010200000,연%,국고채(3년),KOFIA 16:00 KST source publication; usable from next calendar day; ECOS load time unverified,2019-06-21T16:00:00+09:00,2019-06-21,1.69,DGS3,Daily,Percent,2019-06-21T16:15:00-04:00,post-2016-10-11 official daily H.15 calendar at 16:15 ET,none,2019-06-23,2019-06-22T05:15:00+09:00,2019-06-20,0.25,3,4
2019-06-25,1157.9,2019-06-24,2019-06-25,1.44,817Y002,010200000,연%,국고채(3년),KOFIA 16:00 KST source publication; usable from next calendar day; ECOS load time unverified,2019-06-24T16:00:00+09:00,2019-06-21,1.69,DGS3,Daily,Percent,2019-06-21T16:15:00-04:00,post-2016-10-11 official daily H.15 calendar at 16:15 ET,none,2019-06-23,2019-06-22T05:15:00+09:00,2019-06-20,0.25,1,5
2019-06-26,1154.7,2019-06-25,2019-06-26,1.478,817Y002,010200000,연%,국고채(3년),KOFIA 16:00 KST source publication; usable from next calendar day; ECOS load time unverified,2019-06-25T16:00:00+09:00,2019-06-24,1.74,DGS3,Daily,Percent,2019-06-24T16:15:00-04:00,post-2016-10-11 official daily H.15 calendar at 16:15 ET,none,2019-06-26,2019-06-25T05:15:00+09:00,2019-06-21,0.262,1,5
2019-06-27,1158.2,2019-06-26,2019-06-27,1.496,817Y002,010200000,연%,국고채(3년),KOFIA 16:00 KST source publication; usable from next calendar day; ECOS load time unverified,2019-06-26T16:00:00+09:00,2019-06-25,1.69,DGS3,Daily,Percent,2019-06-25T16:15:00-04:00,post-2016-10-11 official daily H.15 calendar at 16:15 ET,none,2019-06-27,2019-06-26T05:15:00+09:00,2019-06-24,0.19399999999999995,1,3
2019-06-28,1156.8,2019-06-27,2019-06-28,1.494,817Y002,010200000,연%,국고채(3년),KOFIA 16:00 KST source publication; usable from next calendar day; ECOS load time unverified,2019-06-27T16:00:00+09:00,2019-06-26,1.67,DGS3,Daily,Percent,2019-06-26T16:15:00-04:00,post-2016-10-11 official daily H.15 calendar at 16:15 ET,none,2019-06-28,2019-06-27T05:15:00+09:00,2019-06-25,0.17599999999999993,1,3
2019-07-01,1156.4,2019-06-28,2019-06-29,1.472,817Y002,010200000,연%,국고채(3년),KOFIA 16:00 KST source publication; usable from next calendar day; ECOS load time unverified,2019-06-28T16:00:00+09:00,2019-06-28,1.71,DGS3,Daily,Percent,2019-06-28T16:15:00-04:00,post-2016-10-11 official daily H.15 calendar at 16:15 ET,none,2019-06-30,2019-06-29T05:15:00+09:00,2019-06-27,0.238,3,4
2019-07-02,1155.4,2019-07-01,2019-07-02,1.479,817Y002,010200000,연%,국고채(3년),KOFIA 16:00 KST source publication; usable from next calendar day; ECOS load time unverified,2019-07-01T16:00:00+09:00,2019-06-28,1.71,DGS3,Daily,Percent,2019-06-28T16:15:00-04:00,post-2016-10-11 official daily H.15 calendar at 16:15 ET,none,2019-06-30,2019-06-29T05:15:00+09:00,2019-06-27,0.23099999999999987,1,5
2019-07-03,1164.8,2019-07-02,2019-07-03,1.463,817Y002,010200000,연%,국고채(3년),KOFIA 16:00 KST source publication; usable from next calendar day; ECOS load time unverified,2019-07-02T16:00:00+09:00,2019-07-01,1.71,DGS3,Daily,Percent,2019-07-01T16:15:00-04:00,post-2016-10-11 official daily H.15 calendar at 16:15 ET,none,2019-07-03,2019-07-02T05:15:00+09:00,2019-06-28,0.2469999999999999,1,5
2019-07-04,1170.4,2019-07-03,2019-07-04,1.429,817Y002,010200000,연%,국고채(3년),KOFIA 16:00 KST source publication; usable from next calendar day; ECOS load time unverified,2019-07-03T16:00:00+09:00,2019-07-02,1.74,DGS3,Daily,Percent,2019-07-02T16:15:00-04:00,post-2016-10-11 official daily H.15 calendar at 16:15 ET,none,2019-07-04,2019-07-03T05:15:00+09:00,2019-07-01,0.31099999999999994,1,3
2019-07-05,1169.2,2019-07-04,2019-07-05,1.416,817Y002,010200000,연%,국고채(3년),KOFIA 16:00 KST source publication; usable from next calendar day; ECOS load time unverified,2019-07-04T16:00:00+09:00,2019-07-03,1.71,DGS3,Daily,Percent,2019-07-03T16:15:00-04:00,post-2016-10-11 official daily H.15 calendar at 16:15 ET,none,2019-07-05,2019-07-04T05:15:00+09:00,2019-07-02,0.29400000000000004,1,3
2019-07-08,1170.4,2019-07-05,2019-07-06,1.423,817Y002,010200000,연%,국고채(3년),KOFIA 16:00 KST source publication; usable from next calendar day; ECOS load time unverified,2019-07-05T16:00:00+09:00,2019-07-05,1.71,DGS3,Daily,Percent,2019-07-05T16:15:00-04:00,post-2016-10-11 official daily H.15 calendar at 16:15 ET,none,2019-07-07,2019-07-06T05:15:00+09:00,2019-07-03,0.2869999999999999,3,5
2019-07-09,1178.5,2019-07-08,2019-07-09,1.422,817Y002,010200000,연%,국고채(3년),KOFIA 16:00 KST source publication; usable from next calendar day; ECOS load time unverified,2019-07-08T16:00:00+09:00,2019-07-05,1.71,DGS3,Daily,Percent,2019-07-05T16:15:00-04:00,post-2016-10-11 official daily H.15 calendar at 16:15 ET,none,2019-07-07,2019-07-06T05:15:00+09:00,2019-07-03,0.28800000000000003,1,6
2019-07-10,1179.9,2019-07-09,2019-07-10,1.424,817Y002,010200000,연%,국고채(3년),KOFIA 16:00 KST source publication; usable from next calendar day; ECOS load time unverified,2019-07-09T16:00:00+09:00,2019-07-08,1.82,DGS3,Daily,Percent,2019-07-08T16:15:00-04:00,post-2016-10-11 official daily H.15 calendar at 16:15 ET,none,2019-07-10,2019-07-09T05:15:00+09:00,2019-07-05,0.39600000000000013,1,5
2019-07-11,1181.4,2019-07-10,2019-07-11,1.438,817Y002,010200000,연%,국고채(3년),KOFIA 16:00 KST source publication; usable from next calendar day; ECOS load time unverified,2019-07-10T16:00:00+09:00,2019-07-09,1.84,DGS3,Daily,Percent,2019-07-09T16:15:00-04:00,post-2016-10-11 official daily H.15 calendar at 16:15 ET,none,2019-07-11,2019-07-10T05:15:00+09:00,2019-07-08,0.40200000000000014,1,3
2019-07-12,1173.8,2019-07-11,2019-07-12,1.419,817Y002,010200000,연%,국고채(3년),KOFIA 16:00 KST source publication; usable from next calendar day; ECOS load time unverified,2019-07-11T16:00:00+09:00,2019-07-10,1.88,DGS3,Daily,Percent,2019-07-10T16:15:00-04:00,post-2016-10-11 official daily H.15 calendar at 16:15 ET,none,2019-07-12,2019-07-11T05:15:00+09:00,2019-07-09,0.46099999999999985,1,3
2019-07-15,1177.3,2019-07-12,2019-07-13,1.424,817Y002,010200000,연%,국고채(3년),KOFIA 16:00 KST source publication; usable from next calendar day; ECOS load time unverified,2019-07-12T16:00:00+09:00,2019-07-12,1.84,DGS3,Daily,Percent,2019-07-12T16:15:00-04:00,post-2016-10-11 official daily H.15 calendar at 16:15 ET,none,2019-07-14,2019-07-13T05:15:00+09:00,2019-07-11,0.41600000000000015,3,4
2019-07-16,1179.2,2019-07-15,2019-07-16,1.434,817Y002,010200000,연%,국고채(3년),KOFIA 16:00 KST source publication; usable from next calendar day; ECOS load time unverified,2019-07-15T16:00:00+09:00,2019-07-12,1.84,DGS3,Daily,Percent,2019-07-12T16:15:00-04:00,post-2016-10-11 official daily H.15 calendar at 16:15 ET,none,2019-07-14,2019-07-13T05:15:00+09:00,2019-07-11,0.40600000000000014,1,5
2019-07-17,1178.5,2019-07-16,2019-07-17,1.431,817Y002,010200000,연%,국고채(3년),KOFIA 16:00 KST source publication; usable from next calendar day; ECOS load time unverified,2019-07-16T16:00:00+09:00,2019-07-15,1.81,DGS3,Daily,Percent,2019-07-15T16:15:00-04:00,post-2016-10-11 official daily H.15 calendar at 16:15 ET,none,2019-07-17,2019-07-16T05:15:00+09:00,2019-07-12,0.379,1,5
2019-07-18,1180.4,2019-07-17,2019-07-18,1.399,817Y002,010200000,연%,국고채(3년),KOFIA 16:00 KST source publication; usable from next calendar day; ECOS load time unverified,2019-07-17T16:00:00+09:00,2019-07-16,1.8,DGS3,Daily,Percent,2019-07-16T16:15:00-04:00,post-2016-10-11 official daily H.15 calendar at 16:15 ET,none,2019-07-18,2019-07-17T05:15:00+09:00,2019-07-15,0.401,1,3
2019-07-19,1179.5,2019-07-18,2019-07-19,1.345,817Y002,010200000,연%,국고채(3년),KOFIA 16:00 KST source publication; usable from next calendar day; ECOS load time unverified,2019-07-18T16:00:00+09:00,2019-07-17,1.84,DGS3,Daily,Percent,2019-07-17T16:15:00-04:00,post-2016-10-11 official daily H.15 calendar at 16:15 ET,none,2019-07-19,2019-07-18T05:15:00+09:00,2019-07-16,0.4950000000000001,1,3
2019-07-22,1173.4,2019-07-19,2019-07-20,1.327,817Y002,010200000,연%,국고채(3년),KOFIA 16:00 KST source publication; usable from next calendar day; ECOS load time unverified,2019-07-19T16:00:00+09:00,2019-07-19,1.74,DGS3,Daily,Percent,2019-07-19T16:15:00-04:00,post-2016-10-11 official daily H.15 calendar at 16:15 ET,none,2019-07-21,2019-07-20T05:15:00+09:00,2019-07-18,0.41300000000000003,3,4
2019-07-23,1177.6,2019-07-22,2019-07-23,1.333,817Y002,010200000,연%,국고채(3년),KOFIA 16:00 KST source publication; usable from next calendar day; ECOS load time unverified,2019-07-22T16:00:00+09:00,2019-07-19,1.74,DGS3,Daily,Percent,2019-07-19T16:15:00-04:00,post-2016-10-11 official daily H.15 calendar at 16:15 ET,none,2019-07-21,2019-07-20T05:15:00+09:00,2019-07-18,0.40700000000000003,1,5
2019-07-24,1178.4,2019-07-23,2019-07-24,1.339,817Y002,010200000,연%,국고채(3년),KOFIA 16:00 KST source publication; usable from next calendar day; ECOS load time unverified,2019-07-23T16:00:00+09:00,2019-07-22,1.77,DGS3,Daily,Percent,2019-07-22T16:15:00-04:00,post-2016-10-11 official daily H.15 calendar at 16:15 ET,none,2019-07-24,2019-07-23T05:15:00+09:00,2019-07-19,0.43100000000000005,1,5
2019-07-25,1178.2,2019-07-24,2019-07-25,1.321,817Y002,010200000,연%,국고채(3년),KOFIA 16:00 KST source publication; usable from next calendar day; ECOS load time unverified,2019-07-24T16:00:00+09:00,2019-07-23,1.77,DGS3,Daily,Percent,2019-07-23T16:15:00-04:00,post-2016-10-11 official daily H.15 calendar at 16:15 ET,none,2019-07-25,2019-07-24T05:15:00+09:00,2019-07-22,0.44900000000000007,1,3
2019-07-26,1179.8,2019-07-25,2019-07-26,1.302,817Y002,010200000,연%,국고채(3년),KOFIA 16:00 KST source publication; usable from next calendar day; ECOS load time unverified,2019-07-25T16:00:00+09:00,2019-07-24,1.79,DGS3,Daily,Percent,2019-07-24T16:15:00-04:00,post-2016-10-11 official daily H.15 calendar at 16:15 ET,none,2019-07-26,2019-07-25T05:15:00+09:00,2019-07-23,0.488,1,3
2019-07-29,1184.2,2019-07-26,2019-07-27,1.308,817Y002,010200000,연%,국고채(3년),KOFIA 16:00 KST source publication; usable from next calendar day; ECOS load time unverified,2019-07-26T16:00:00+09:00,2019-07-26,1.83,DGS3,Daily,Percent,2019-07-26T16:15:00-04:00,post-2016-10-11 official daily H.15 calendar at 16:15 ET,none,2019-07-28,2019-07-27T05:15:00+09:00,2019-07-25,0.522,3,4
2019-07-30,1183.4,2019-07-29,2019-07-30,1.306,817Y002,010200000,연%,국고채(3년),KOFIA 16:00 KST source publication; usable from next calendar day; ECOS load time unverified,2019-07-29T16:00:00+09:00,2019-07-26,1.83,DGS3,Daily,Percent,2019-07-26T16:15:00-04:00,post-2016-10-11 official daily H.15 calendar at 16:15 ET,none,2019-07-28,2019-07-27T05:15:00+09:00,2019-07-25,0.524,1,5
2019-07-31,1182.0,2019-07-30,2019-07-31,1.301,817Y002,010200000,연%,국고채(3년),KOFIA 16:00 KST source publication; usable from next calendar day; ECOS load time unverified,2019-07-30T16:00:00+09:00,2019-07-29,1.83,DGS3,Daily,Percent,2019-07-29T16:15:00-04:00,post-2016-10-11 official daily H.15 calendar at 16:15 ET,none,2019-07-31,2019-07-30T05:15:00+09:00,2019-07-26,0.5290000000000001,1,5
2019-08-01,1181.9,2019-07-31,2019-08-01,1.292,817Y002,010200000,연%,국고채(3년),KOFIA 16:00 KST source publication; usable from next calendar day; ECOS load time unverified,2019-07-31T16:00:00+09:00,2019-07-30,1.81,DGS3,Daily,Percent,2019-07-30T16:15:00-04:00,post-2016-10-11 official daily H.15 calendar at 16:15 ET,none,2019-08-01,2019-07-31T05:15:00+09:00,2019-07-29,0.518,1,3
2019-08-02,1188.5,2019-08-01,2019-08-02,1.309,817Y002,010200000,연%,국고채(3년),KOFIA 16:00 KST source publication; usable from next calendar day; ECOS load time unverified,2019-08-01T16:00:00+09:00,2019-07-31,1.82,DGS3,Daily,Percent,2019-07-31T16:15:00-04:00,post-2016-10-11 official daily H.15 calendar at 16:15 ET,none,2019-08-02,2019-08-01T05:15:00+09:00,2019-07-30,0.5110000000000001,1,3
2019-08-05,1194.8,2019-08-02,2019-08-03,1.26,817Y002,010200000,연%,국고채(3년),KOFIA 16:00 KST source publication; usable from next calendar day; ECOS load time unverified,2019-08-02T16:00:00+09:00,2019-08-02,1.67,DGS3,Daily,Percent,2019-08-02T16:15:00-04:00,post-2016-10-11 official daily H.15 calendar at 16:15 ET,none,2019-08-04,2019-08-03T05:15:00+09:00,2019-08-01,0.4099999999999999,3,4
2019-08-06,1211.8,2019-08-05,2019-08-06,1.172,817Y002,010200000,연%,국고채(3년),KOFIA 16:00 KST source publication; usable from next calendar day; ECOS load time unverified,2019-08-05T16:00:00+09:00,2019-08-02,1.67,DGS3,Daily,Percent,2019-08-02T16:15:00-04:00,post-2016-10-11 official daily H.15 calendar at 16:15 ET,none,2019-08-04,2019-08-03T05:15:00+09:00,2019-08-01,0.498,1,5
2019-08-07,1214.3,2019-08-06,2019-08-07,1.163,817Y002,010200000,연%,국고채(3년),KOFIA 16:00 KST source publication; usable from next calendar day; ECOS load time unverified,2019-08-06T16:00:00+09:00,2019-08-05,1.67,DGS3,Daily,Percent,2019-08-05T16:15:00-04:00,post-2016-10-11 official daily H.15 calendar at 16:15 ET,none,2019-08-07,2019-08-06T05:15:00+09:00,2019-08-02,0.5069999999999999,1,5
2019-08-08,1214.5,2019-08-07,2019-08-08,1.153,817Y002,010200000,연%,국고채(3년),KOFIA 16:00 KST source publication; usable from next calendar day; ECOS load time unverified,2019-08-07T16:00:00+09:00,2019-08-06,1.55,DGS3,Daily,Percent,2019-08-06T16:15:00-04:00,post-2016-10-11 official daily H.15 calendar at 16:15 ET,none,2019-08-08,2019-08-07T05:15:00+09:00,2019-08-05,0.397,1,3
2019-08-09,1211.3,2019-08-08,2019-08-09,1.165,817Y002,010200000,연%,국고채(3년),KOFIA 16:00 KST source publication; usable from next calendar day; ECOS load time unverified,2019-08-08T16:00:00+09:00,2019-08-07,1.54,DGS3,Daily,Percent,2019-08-07T16:15:00-04:00,post-2016-10-11 official daily H.15 calendar at 16:15 ET,none,2019-08-09,2019-08-08T05:15:00+09:00,2019-08-06,0.375,1,3
2019-08-12,1209.7,2019-08-09,2019-08-10,1.186,817Y002,010200000,연%,국고채(3년),KOFIA 16:00 KST source publication; usable from next calendar day; ECOS load time unverified,2019-08-09T16:00:00+09:00,2019-08-09,1.54,DGS3,Daily,Percent,2019-08-09T16:15:00-04:00,post-2016-10-11 official daily H.15 calendar at 16:15 ET,none,2019-08-11,2019-08-10T05:15:00+09:00,2019-08-08,0.3540000000000001,3,4
2019-08-13,1215.6,2019-08-12,2019-08-13,1.182,817Y002,010200000,연%,국고채(3년),KOFIA 16:00 KST source publication; usable from next calendar day; ECOS load time unverified,2019-08-12T16:00:00+09:00,2019-08-09,1.54,DGS3,Daily,Percent,2019-08-09T16:15:00-04:00,post-2016-10-11 official daily H.15 calendar at 16:15 ET,none,2019-08-11,2019-08-10T05:15:00+09:00,2019-08-08,0.3580000000000001,1,5
2019-08-14,1218.9,2019-08-13,2019-08-14,1.15,817Y002,010200000,연%,국고채(3년),KOFIA 16:00 KST source publication; usable from next calendar day; ECOS load time unverified,2019-08-13T16:00:00+09:00,2019-08-12,1.58,DGS3,Daily,Percent,2019-08-12T16:15:00-04:00,post-2016-10-11 official daily H.15 calendar at 16:15 ET,none,2019-08-14,2019-08-13T05:15:00+09:00,2019-08-09,0.43000000000000016,1,5
2019-08-16,1211.7,2019-08-14,2019-08-15,1.149,817Y002,010200000,연%,국고채(3년),KOFIA 16:00 KST source publication; usable from next calendar day; ECOS load time unverified,2019-08-14T16:00:00+09:00,2019-08-14,1.6,DGS3,Daily,Percent,2019-08-14T16:15:00-04:00,post-2016-10-11 official daily H.15 calendar at 16:15 ET,none,2019-08-16,2019-08-15T05:15:00+09:00,2019-08-13,0.45100000000000007,2,3
2019-08-19,1213.3,2019-08-16,2019-08-17,1.095,817Y002,010200000,연%,국고채(3년),KOFIA 16:00 KST source publication; usable from next calendar day; ECOS load time unverified,2019-08-16T16:00:00+09:00,2019-08-16,1.44,DGS3,Daily,Percent,2019-08-16T16:15:00-04:00,post-2016-10-11 official daily H.15 calendar at 16:15 ET,none,2019-08-18,2019-08-17T05:15:00+09:00,2019-08-15,0.345,3,4
2019-08-20,1210.7,2019-08-19,2019-08-20,1.093,817Y002,010200000,연%,국고채(3년),KOFIA 16:00 KST source publication; usable from next calendar day; ECOS load time unverified,2019-08-19T16:00:00+09:00,2019-08-16,1.44,DGS3,Daily,Percent,2019-08-16T16:15:00-04:00,post-2016-10-11 official daily H.15 calendar at 16:15 ET,none,2019-08-18,2019-08-17T05:15:00+09:00,2019-08-15,0.347,1,5
2019-08-21,1210.2,2019-08-20,2019-08-21,1.101,817Y002,010200000,연%,국고채(3년),KOFIA 16:00 KST source publication; usable from next calendar day; ECOS load time unverified,2019-08-20T16:00:00+09:00,2019-08-19,1.44,DGS3,Daily,Percent,2019-08-19T16:15:00-04:00,post-2016-10-11 official daily H.15 calendar at 16:15 ET,none,2019-08-21,2019-08-20T05:15:00+09:00,2019-08-16,0.33899999999999997,1,5
2019-08-22,1204.0,2019-08-21,2019-08-22,1.156,817Y002,010200000,연%,국고채(3년),KOFIA 16:00 KST source publication; usable from next calendar day; ECOS load time unverified,2019-08-21T16:00:00+09:00,2019-08-20,1.49,DGS3,Daily,Percent,2019-08-20T16:15:00-04:00,post-2016-10-11 official daily H.15 calendar at 16:15 ET,none,2019-08-22,2019-08-21T05:15:00+09:00,2019-08-19,0.3340000000000001,1,3
2019-08-23,1205.1,2019-08-22,2019-08-23,1.13,817Y002,010200000,연%,국고채(3년),KOFIA 16:00 KST source publication; usable from next calendar day; ECOS load time unverified,2019-08-22T16:00:00+09:00,2019-08-21,1.44,DGS3,Daily,Percent,2019-08-21T16:15:00-04:00,post-2016-10-11 official daily H.15 calendar at 16:15 ET,none,2019-08-23,2019-08-22T05:15:00+09:00,2019-08-20,0.31000000000000005,1,3
2019-08-26,1212.2,2019-08-23,2019-08-24,1.169,817Y002,010200000,연%,국고채(3년),KOFIA 16:00 KST source publication; usable from next calendar day; ECOS load time unverified,2019-08-23T16:00:00+09:00,2019-08-23,1.53,DGS3,Daily,Percent,2019-08-23T16:15:00-04:00,post-2016-10-11 official daily H.15 calendar at 16:15 ET,none,2019-08-25,2019-08-24T05:15:00+09:00,2019-08-22,0.361,3,4
2019-08-27,1218.2,2019-08-26,2019-08-27,1.121,817Y002,010200000,연%,국고채(3년),KOFIA 16:00 KST source publication; usable from next calendar day; ECOS load time unverified,2019-08-26T16:00:00+09:00,2019-08-23,1.53,DGS3,Daily,Percent,2019-08-23T16:15:00-04:00,post-2016-10-11 official daily H.15 calendar at 16:15 ET,none,2019-08-25,2019-08-24T05:15:00+09:00,2019-08-22,0.40900000000000003,1,5
2019-08-28,1213.1,2019-08-27,2019-08-28,1.171,817Y002,010200000,연%,국고채(3년),KOFIA 16:00 KST source publication; usable from next calendar day; ECOS load time unverified,2019-08-27T16:00:00+09:00,2019-08-26,1.43,DGS3,Daily,Percent,2019-08-26T16:15:00-04:00,post-2016-10-11 official daily H.15 calendar at 16:15 ET,none,2019-08-28,2019-08-27T05:15:00+09:00,2019-08-23,0.2589999999999999,1,5
2019-08-29,1213.5,2019-08-28,2019-08-29,1.18,817Y002,010200000,연%,국고채(3년),KOFIA 16:00 KST source publication; usable from next calendar day; ECOS load time unverified,2019-08-28T16:00:00+09:00,2019-08-27,1.47,DGS3,Daily,Percent,2019-08-27T16:15:00-04:00,post-2016-10-11 official daily H.15 calendar at 16:15 ET,none,2019-08-29,2019-08-28T05:15:00+09:00,2019-08-26,0.29000000000000004,1,3
2019-08-30,1215.2,2019-08-29,2019-08-30,1.167,817Y002,010200000,연%,국고채(3년),KOFIA 16:00 KST source publication; usable from next calendar day; ECOS load time unverified,2019-08-29T16:00:00+09:00,2019-08-28,1.43,DGS3,Daily,Percent,2019-08-28T16:15:00-04:00,post-2016-10-11 official daily H.15 calendar at 16:15 ET,none,2019-08-30,2019-08-29T05:15:00+09:00,2019-08-27,0.2629999999999999,1,3
2019-09-02,1209.6,2019-08-30,2019-08-31,1.168,817Y002,010200000,연%,국고채(3년),KOFIA 16:00 KST source publication; usable from next calendar day; ECOS load time unverified,2019-08-30T16:00:00+09:00,2019-08-30,1.44,DGS3,Daily,Percent,2019-08-30T16:15:00-04:00,post-2016-10-11 official daily H.15 calendar at 16:15 ET,none,2019-09-01,2019-08-31T05:15:00+09:00,2019-08-29,0.272,3,4
2019-09-03,1211.9,2019-09-02,2019-09-03,1.233,817Y002,010200000,연%,국고채(3년),KOFIA 16:00 KST source publication; usable from next calendar day; ECOS load time unverified,2019-09-02T16:00:00+09:00,2019-08-30,1.44,DGS3,Daily,Percent,2019-08-30T16:15:00-04:00,post-2016-10-11 official daily H.15 calendar at 16:15 ET,none,2019-09-01,2019-08-31T05:15:00+09:00,2019-08-29,0.20699999999999985,1,5
2019-09-04,1215.2,2019-09-03,2019-09-04,1.228,817Y002,010200000,연%,국고채(3년),KOFIA 16:00 KST source publication; usable from next calendar day; ECOS load time unverified,2019-09-03T16:00:00+09:00,2019-08-30,1.44,DGS3,Daily,Percent,2019-08-30T16:15:00-04:00,post-2016-10-11 official daily H.15 calendar at 16:15 ET,none,2019-09-01,2019-08-31T05:15:00+09:00,2019-08-29,0.21199999999999997,1,6
2019-09-05,1209.7,2019-09-04,2019-09-05,1.241,817Y002,010200000,연%,국고채(3년),KOFIA 16:00 KST source publication; usable from next calendar day; ECOS load time unverified,2019-09-04T16:00:00+09:00,2019-08-30,1.44,DGS3,Daily,Percent,2019-08-30T16:15:00-04:00,post-2016-10-11 official daily H.15 calendar at 16:15 ET,none,2019-09-01,2019-08-31T05:15:00+09:00,2019-08-29,0.19899999999999984,1,7
2019-09-06,1199.6,2019-09-05,2019-09-06,1.259,817Y002,010200000,연%,국고채(3년),KOFIA 16:00 KST source publication; usable from next calendar day; ECOS load time unverified,2019-09-05T16:00:00+09:00,2019-08-30,1.44,DGS3,Daily,Percent,2019-08-30T16:15:00-04:00,post-2016-10-11 official daily H.15 calendar at 16:15 ET,none,2019-09-01,2019-08-31T05:15:00+09:00,2019-08-29,0.18100000000000005,1,8
2019-09-09,1196.9,2019-09-06,2019-09-07,1.265,817Y002,010200000,연%,국고채(3년),KOFIA 16:00 KST source publication; usable from next calendar day; ECOS load time unverified,2019-09-06T16:00:00+09:00,2019-08-30,1.44,DGS3,Daily,Percent,2019-08-30T16:15:00-04:00,post-2016-10-11 official daily H.15 calendar at 16:15 ET,none,2019-09-01,2019-08-31T05:15:00+09:00,2019-08-29,0.17500000000000004,3,11
2019-09-10,1192.4,2019-09-09,2019-09-10,1.235,817Y002,010200000,연%,국고채(3년),KOFIA 16:00 KST source publication; usable from next calendar day; ECOS load time unverified,2019-09-09T16:00:00+09:00,2019-08-30,1.44,DGS3,Daily,Percent,2019-08-30T16:15:00-04:00,post-2016-10-11 official daily H.15 calendar at 16:15 ET,none,2019-09-01,2019-08-31T05:15:00+09:00,2019-08-29,0.20499999999999985,1,12
2019-09-11,1191.9,2019-09-10,2019-09-11,1.242,817Y002,010200000,연%,국고채(3년),KOFIA 16:00 KST source publication; usable from next calendar day; ECOS load time unverified,2019-09-10T16:00:00+09:00,2019-08-30,1.44,DGS3,Daily,Percent,2019-08-30T16:15:00-04:00,post-2016-10-11 official daily H.15 calendar at 16:15 ET,none,2019-09-01,2019-08-31T05:15:00+09:00,2019-08-29,0.19799999999999995,1,13
2019-09-16,1191.4,2019-09-11,2019-09-12,1.258,817Y002,010200000,연%,국고채(3년),KOFIA 16:00 KST source publication; usable from next calendar day; ECOS load time unverified,2019-09-11T16:00:00+09:00,2019-08-30,1.44,DGS3,Daily,Percent,2019-08-30T16:15:00-04:00,post-2016-10-11 official daily H.15 calendar at 16:15 ET,none,2019-09-01,2019-08-31T05:15:00+09:00,2019-08-29,0.18199999999999994,5,18
2019-09-17,1184.0,2019-09-16,2019-09-17,1.348,817Y002,010200000,연%,국고채(3년),KOFIA 16:00 KST source publication; usable from next calendar day; ECOS load time unverified,2019-09-16T16:00:00+09:00,2019-08-30,1.44,DGS3,Daily,Percent,2019-08-30T16:15:00-04:00,post-2016-10-11 official daily H.15 calendar at 16:15 ET,none,2019-09-01,2019-08-31T05:15:00+09:00,2019-08-29,0.09199999999999986,1,19
2019-09-18,1188.3,2019-09-17,2019-09-18,1.315,817Y002,010200000,연%,국고채(3년),KOFIA 16:00 KST source publication; usable from next calendar day; ECOS load time unverified,2019-09-17T16:00:00+09:00,2019-08-30,1.44,DGS3,Daily,Percent,2019-08-30T16:15:00-04:00,post-2016-10-11 official daily H.15 calendar at 16:15 ET,none,2019-09-01,2019-08-31T05:15:00+09:00,2019-08-29,0.125,1,20
2019-09-19,1190.5,2019-09-18,2019-09-19,1.309,817Y002,010200000,연%,국고채(3년),KOFIA 16:00 KST source publication; usable from next calendar day; ECOS load time unverified,2019-09-18T16:00:00+09:00,2019-08-30,1.44,DGS3,Daily,Percent,2019-08-30T16:15:00-04:00,post-2016-10-11 official daily H.15 calendar at 16:15 ET,none,2019-09-01,2019-08-31T05:15:00+09:00,2019-08-29,0.131,1,21
2019-09-20,1195.1,2019-09-19,2019-09-20,1.329,817Y002,010200000,연%,국고채(3년),KOFIA 16:00 KST source publication; usable from next calendar day; ECOS load time unverified,2019-09-19T16:00:00+09:00,2019-08-30,1.44,DGS3,Daily,Percent,2019-08-30T16:15:00-04:00,post-2016-10-11 official daily H.15 calendar at 16:15 ET,none,2019-09-01,2019-08-31T05:15:00+09:00,2019-08-29,0.11099999999999999,1,22
2019-09-23,1191.1,2019-09-20,2019-09-21,1.332,817Y002,010200000,연%,국고채(3년),KOFIA 16:00 KST source publication; usable from next calendar day; ECOS load time unverified,2019-09-20T16:00:00+09:00,2019-08-30,1.44,DGS3,Daily,Percent,2019-08-30T16:15:00-04:00,post-2016-10-11 official daily H.15 calendar at 16:15 ET,none,2019-09-01,2019-08-31T05:15:00+09:00,2019-08-29,0.10799999999999987,3,25
2019-09-24,1193.1,2019-09-23,2019-09-24,1.331,817Y002,010200000,연%,국고채(3년),KOFIA 16:00 KST source publication; usable from next calendar day; ECOS load time unverified,2019-09-23T16:00:00+09:00,2019-08-30,1.44,DGS3,Daily,Percent,2019-08-30T16:15:00-04:00,post-2016-10-11 official daily H.15 calendar at 16:15 ET,none,2019-09-01,2019-08-31T05:15:00+09:00,2019-08-29,0.10899999999999999,1,26
2019-09-25,1194.0,2019-09-24,2019-09-25,1.325,817Y002,010200000,연%,국고채(3년),KOFIA 16:00 KST source publication; usable from next calendar day; ECOS load time unverified,2019-09-24T16:00:00+09:00,2019-08-30,1.44,DGS3,Daily,Percent,2019-08-30T16:15:00-04:00,post-2016-10-11 official daily H.15 calendar at 16:15 ET,none,2019-09-01,2019-08-31T05:15:00+09:00,2019-08-29,0.11499999999999999,1,27
2019-09-26,1198.3,2019-09-25,2019-09-26,1.304,817Y002,010200000,연%,국고채(3년),KOFIA 16:00 KST source publication; usable from next calendar day; ECOS load time unverified,2019-09-25T16:00:00+09:00,2019-08-30,1.44,DGS3,Daily,Percent,2019-08-30T16:15:00-04:00,post-2016-10-11 official daily H.15 calendar at 16:15 ET,none,2019-09-01,2019-08-31T05:15:00+09:00,2019-08-29,0.1359999999999999,1,28
2019-09-27,1199.1,2019-09-26,2019-09-27,1.301,817Y002,010200000,연%,국고채(3년),KOFIA 16:00 KST source publication; usable from next calendar day; ECOS load time unverified,2019-09-26T16:00:00+09:00,2019-08-30,1.44,DGS3,Daily,Percent,2019-08-30T16:15:00-04:00,post-2016-10-11 official daily H.15 calendar at 16:15 ET,none,2019-09-01,2019-08-31T05:15:00+09:00,2019-08-29,0.139,1,29
2019-09-30,1201.3,2019-09-27,2019-09-28,1.301,817Y002,010200000,연%,국고채(3년),KOFIA 16:00 KST source publication; usable from next calendar day; ECOS load time unverified,2019-09-27T16:00:00+09:00,2019-08-30,1.44,DGS3,Daily,Percent,2019-08-30T16:15:00-04:00,post-2016-10-11 official daily H.15 calendar at 16:15 ET,none,2019-09-01,2019-08-31T05:15:00+09:00,2019-08-29,0.139,3,32
2019-10-01,1199.2,2019-09-30,2019-10-01,1.297,817Y002,010200000,연%,국고채(3년),KOFIA 16:00 KST source publication; usable from next calendar day; ECOS load time unverified,2019-09-30T16:00:00+09:00,2019-08-30,1.44,DGS3,Daily,Percent,2019-08-30T16:15:00-04:00,post-2016-10-11 official daily H.15 calendar at 16:15 ET,none,2019-09-01,2019-08-31T05:15:00+09:00,2019-08-29,0.14300000000000002,1,33
2019-10-02,1198.2,2019-10-01,2019-10-02,1.323,817Y002,010200000,연%,국고채(3년),KOFIA 16:00 KST source publication; usable from next calendar day; ECOS load time unverified,2019-10-01T16:00:00+09:00,2019-08-30,1.44,DGS3,Daily,Percent,2019-08-30T16:15:00-04:00,post-2016-10-11 official daily H.15 calendar at 16:15 ET,none,2019-09-01,2019-08-31T05:15:00+09:00,2019-08-29,0.11699999999999999,1,34
2019-10-04,1203.7,2019-10-02,2019-10-03,1.303,817Y002,010200000,연%,국고채(3년),KOFIA 16:00 KST source publication; usable from next calendar day; ECOS load time unverified,2019-10-02T16:00:00+09:00,2019-10-02,1.51,DGS3,Daily,Percent,2019-10-02T16:15:00-04:00,post-2016-10-11 official daily H.15 calendar at 16:15 ET,none,2019-10-04,2019-10-03T05:15:00+09:00,2019-10-01,0.20700000000000007,2,3
2019-10-07,1197.0,2019-10-04,2019-10-05,1.21,817Y002,010200000,연%,국고채(3년),KOFIA 16:00 KST source publication; usable from next calendar day; ECOS load time unverified,2019-10-04T16:00:00+09:00,2019-10-04,1.34,DGS3,Daily,Percent,2019-10-04T16:15:00-04:00,post-2016-10-11 official daily H.15 calendar at 16:15 ET,none,2019-10-06,2019-10-05T05:15:00+09:00,2019-10-03,0.13000000000000012,3,4
2019-10-08,1196.5,2019-10-07,2019-10-08,1.232,817Y002,010200000,연%,국고채(3년),KOFIA 16:00 KST source publication; usable from next calendar day; ECOS load time unverified,2019-10-07T16:00:00+09:00,2019-10-04,1.34,DGS3,Daily,Percent,2019-10-04T16:15:00-04:00,post-2016-10-11 official daily H.15 calendar at 16:15 ET,none,2019-10-06,2019-10-05T05:15:00+09:00,2019-10-03,0.1080000000000001,1,5
2019-10-10,1194.7,2019-10-08,2019-10-09,1.264,817Y002,010200000,연%,국고채(3년),KOFIA 16:00 KST source publication; usable from next calendar day; ECOS load time unverified,2019-10-08T16:00:00+09:00,2019-10-08,1.41,DGS3,Daily,Percent,2019-10-08T16:15:00-04:00,post-2016-10-11 official daily H.15 calendar at 16:15 ET,none,2019-10-10,2019-10-09T05:15:00+09:00,2019-10-07,0.1459999999999999,2,3
2019-10-11,1196.1,2019-10-10,2019-10-11,1.276,817Y002,010200000,연%,국고채(3년),KOFIA 16:00 KST source publication; usable from next calendar day; ECOS load time unverified,2019-10-10T16:00:00+09:00,2019-10-09,1.38,DGS3,Daily,Percent,2019-10-09T16:15:00-04:00,post-2016-10-11 official daily H.15 calendar at 16:15 ET,none,2019-10-11,2019-10-10T05:15:00+09:00,2019-10-08,0.10399999999999987,1,3
2019-10-14,1189.3,2019-10-11,2019-10-12,1.281,817Y002,010200000,연%,국고채(3년),KOFIA 16:00 KST source publication; usable from next calendar day; ECOS load time unverified,2019-10-11T16:00:00+09:00,2019-10-11,1.49,DGS3,Daily,Percent,2019-10-11T16:15:00-04:00,post-2016-10-11 official daily H.15 calendar at 16:15 ET,none,2019-10-13,2019-10-12T05:15:00+09:00,2019-10-10,0.20900000000000007,3,4
2019-10-15,1183.7,2019-10-14,2019-10-15,1.281,817Y002,010200000,연%,국고채(3년),KOFIA 16:00 KST source publication; usable from next calendar day; ECOS load time unverified,2019-10-14T16:00:00+09:00,2019-10-11,1.49,DGS3,Daily,Percent,2019-10-11T16:15:00-04:00,post-2016-10-11 official daily H.15 calendar at 16:15 ET,none,2019-10-13,2019-10-12T05:15:00+09:00,2019-10-10,0.20900000000000007,1,5
2019-10-16,1184.1,2019-10-15,2019-10-16,1.281,817Y002,010200000,연%,국고채(3년),KOFIA 16:00 KST source publication; usable from next calendar day; ECOS load time unverified,2019-10-15T16:00:00+09:00,2019-10-11,1.49,DGS3,Daily,Percent,2019-10-11T16:15:00-04:00,post-2016-10-11 official daily H.15 calendar at 16:15 ET,none,2019-10-13,2019-10-12T05:15:00+09:00,2019-10-10,0.20900000000000007,1,6
2019-10-17,1187.0,2019-10-16,2019-10-17,1.32,817Y002,010200000,연%,국고채(3년),KOFIA 16:00 KST source publication; usable from next calendar day; ECOS load time unverified,2019-10-16T16:00:00+09:00,2019-10-15,1.6,DGS3,Daily,Percent,2019-10-15T16:15:00-04:00,post-2016-10-11 official daily H.15 calendar at 16:15 ET,none,2019-10-17,2019-10-16T05:15:00+09:00,2019-10-11,0.28,1,6
2019-10-18,1186.6,2019-10-17,2019-10-18,1.375,817Y002,010200000,연%,국고채(3년),KOFIA 16:00 KST source publication; usable from next calendar day; ECOS load time unverified,2019-10-17T16:00:00+09:00,2019-10-16,1.6,DGS3,Daily,Percent,2019-10-16T16:15:00-04:00,post-2016-10-11 official daily H.15 calendar at 16:15 ET,none,2019-10-18,2019-10-17T05:15:00+09:00,2019-10-15,0.2250000000000001,1,3
2019-10-21,1180.5,2019-10-18,2019-10-19,1.375,817Y002,010200000,연%,국고채(3년),KOFIA 16:00 KST source publication; usable from next calendar day; ECOS load time unverified,2019-10-18T16:00:00+09:00,2019-10-18,1.57,DGS3,Daily,Percent,2019-10-18T16:15:00-04:00,post-2016-10-11 official daily H.15 calendar at 16:15 ET,none,2019-10-20,2019-10-19T05:15:00+09:00,2019-10-17,0.19500000000000006,3,4
2019-10-22,1175.4,2019-10-21,2019-10-22,1.408,817Y002,010200000,연%,국고채(3년),KOFIA 16:00 KST source publication; usable from next calendar day; ECOS load time unverified,2019-10-21T16:00:00+09:00,2019-10-18,1.57,DGS3,Daily,Percent,2019-10-18T16:15:00-04:00,post-2016-10-11 official daily H.15 calendar at 16:15 ET,none,2019-10-20,2019-10-19T05:15:00+09:00,2019-10-17,0.16200000000000014,1,5
2019-10-23,1171.4,2019-10-22,2019-10-23,1.379,817Y002,010200000,연%,국고채(3년),KOFIA 16:00 KST source publication; usable from next calendar day; ECOS load time unverified,2019-10-22T16:00:00+09:00,2019-10-21,1.56,DGS3,Daily,Percent,2019-10-21T16:15:00-04:00,post-2016-10-11 official daily H.15 calendar at 16:15 ET,none,2019-10-23,2019-10-22T05:15:00+09:00,2019-10-18,0.18100000000000005,1,5
2019-10-24,1173.7,2019-10-23,2019-10-24,1.388,817Y002,010200000,연%,국고채(3년),KOFIA 16:00 KST source publication; usable from next calendar day; ECOS load time unverified,2019-10-23T16:00:00+09:00,2019-10-22,1.59,DGS3,Daily,Percent,2019-10-22T16:15:00-04:00,post-2016-10-11 official daily H.15 calendar at 16:15 ET,none,2019-10-24,2019-10-23T05:15:00+09:00,2019-10-21,0.20200000000000018,1,3
2019-10-25,1171.0,2019-10-24,2019-10-25,1.396,817Y002,010200000,연%,국고채(3년),KOFIA 16:00 KST source publication; usable from next calendar day; ECOS load time unverified,2019-10-24T16:00:00+09:00,2019-10-23,1.59,DGS3,Daily,Percent,2019-10-23T16:15:00-04:00,post-2016-10-11 official daily H.15 calendar at 16:15 ET,none,2019-10-25,2019-10-24T05:15:00+09:00,2019-10-22,0.19400000000000017,1,3
2019-10-28,1174.2,2019-10-25,2019-10-26,1.435,817Y002,010200000,연%,국고채(3년),KOFIA 16:00 KST source publication; usable from next calendar day; ECOS load time unverified,2019-10-25T16:00:00+09:00,2019-10-25,1.58,DGS3,Daily,Percent,2019-10-25T16:15:00-04:00,post-2016-10-11 official daily H.15 calendar at 16:15 ET,none,2019-10-27,2019-10-26T05:15:00+09:00,2019-10-24,0.14500000000000002,3,4
2019-10-29,1169.6,2019-10-28,2019-10-29,1.523,817Y002,010200000,연%,국고채(3년),KOFIA 16:00 KST source publication; usable from next calendar day; ECOS load time unverified,2019-10-28T16:00:00+09:00,2019-10-25,1.58,DGS3,Daily,Percent,2019-10-25T16:15:00-04:00,post-2016-10-11 official daily H.15 calendar at 16:15 ET,none,2019-10-27,2019-10-26T05:15:00+09:00,2019-10-24,0.05700000000000016,1,5
2019-10-30,1166.5,2019-10-29,2019-10-30,1.499,817Y002,010200000,연%,국고채(3년),KOFIA 16:00 KST source publication; usable from next calendar day; ECOS load time unverified,2019-10-29T16:00:00+09:00,2019-10-28,1.62,DGS3,Daily,Percent,2019-10-28T16:15:00-04:00,post-2016-10-11 official daily H.15 calendar at 16:15 ET,none,2019-10-30,2019-10-29T05:15:00+09:00,2019-10-25,0.121,1,5
2019-10-31,1168.4,2019-10-30,2019-10-31,1.481,817Y002,010200000,연%,국고채(3년),KOFIA 16:00 KST source publication; usable from next calendar day; ECOS load time unverified,2019-10-30T16:00:00+09:00,2019-10-29,1.65,DGS3,Daily,Percent,2019-10-29T16:15:00-04:00,post-2016-10-11 official daily H.15 calendar at 16:15 ET,none,2019-10-31,2019-10-30T05:15:00+09:00,2019-10-28,0.16899999999999982,1,3
2019-11-01,1161.7,2019-10-31,2019-11-01,1.466,817Y002,010200000,연%,국고채(3년),KOFIA 16:00 KST source publication; usable from next calendar day; ECOS load time unverified,2019-10-31T16:00:00+09:00,2019-10-30,1.65,DGS3,Daily,Percent,2019-10-30T16:15:00-04:00,post-2016-10-11 official daily H.15 calendar at 16:15 ET,none,2019-11-01,2019-10-31T05:15:00+09:00,2019-10-29,0.18399999999999994,1,3
2019-11-04,1167.6,2019-11-01,2019-11-02,1.467,817Y002,010200000,연%,국고채(3년),KOFIA 16:00 KST source publication; usable from next calendar day; ECOS load time unverified,2019-11-01T16:00:00+09:00,2019-11-01,1.52,DGS3,Daily,Percent,2019-11-01T16:15:00-04:00,post-2016-10-11 official daily H.15 calendar at 16:15 ET,none,2019-11-03,2019-11-02T05:15:00+09:00,2019-10-31,0.052999999999999936,3,4
2019-11-05,1160.4,2019-11-04,2019-11-05,1.55,817Y002,010200000,연%,국고채(3년),KOFIA 16:00 KST source publication; usable from next calendar day; ECOS load time unverified,2019-11-04T16:00:00+09:00,2019-11-01,1.52,DGS3,Daily,Percent,2019-11-01T16:15:00-04:00,post-2016-10-11 official daily H.15 calendar at 16:15 ET,none,2019-11-03,2019-11-02T05:15:00+09:00,2019-10-31,-0.030000000000000027,1,5
2019-11-06,1160.1,2019-11-05,2019-11-06,1.522,817Y002,010200000,연%,국고채(3년),KOFIA 16:00 KST source publication; usable from next calendar day; ECOS load time unverified,2019-11-05T16:00:00+09:00,2019-11-04,1.55,DGS3,Daily,Percent,2019-11-04T16:15:00-05:00,post-2016-10-11 official daily H.15 calendar at 16:15 ET,none,2019-11-06,2019-11-05T06:15:00+09:00,2019-11-01,0.028000000000000025,1,5
2019-11-07,1157.5,2019-11-06,2019-11-07,1.53,817Y002,010200000,연%,국고채(3년),KOFIA 16:00 KST source publication; usable from next calendar day; ECOS load time unverified,2019-11-06T16:00:00+09:00,2019-11-05,1.59,DGS3,Daily,Percent,2019-11-05T16:15:00-05:00,post-2016-10-11 official daily H.15 calendar at 16:15 ET,none,2019-11-07,2019-11-06T06:15:00+09:00,2019-11-04,0.06000000000000005,1,3
2019-11-08,1160.6,2019-11-07,2019-11-08,1.541,817Y002,010200000,연%,국고채(3년),KOFIA 16:00 KST source publication; usable from next calendar day; ECOS load time unverified,2019-11-07T16:00:00+09:00,2019-11-06,1.63,DGS3,Daily,Percent,2019-11-06T16:15:00-05:00,post-2016-10-11 official daily H.15 calendar at 16:15 ET,none,2019-11-08,2019-11-07T06:15:00+09:00,2019-11-05,0.08899999999999997,1,3
2019-11-11,1156.1,2019-11-08,2019-11-09,1.518,817Y002,010200000,연%,국고채(3년),KOFIA 16:00 KST source publication; usable from next calendar day; ECOS load time unverified,2019-11-08T16:00:00+09:00,2019-11-08,1.7,DGS3,Daily,Percent,2019-11-08T16:15:00-05:00,post-2016-10-11 official daily H.15 calendar at 16:15 ET,none,2019-11-10,2019-11-09T06:15:00+09:00,2019-11-07,0.18199999999999994,3,4
2019-11-12,1161.3,2019-11-11,2019-11-12,1.5,817Y002,010200000,연%,국고채(3년),KOFIA 16:00 KST source publication; usable from next calendar day; ECOS load time unverified,2019-11-11T16:00:00+09:00,2019-11-08,1.7,DGS3,Daily,Percent,2019-11-08T16:15:00-05:00,post-2016-10-11 official daily H.15 calendar at 16:15 ET,none,2019-11-10,2019-11-09T06:15:00+09:00,2019-11-07,0.19999999999999996,1,5
2019-11-13,1163.5,2019-11-12,2019-11-13,1.564,817Y002,010200000,연%,국고채(3년),KOFIA 16:00 KST source publication; usable from next calendar day; ECOS load time unverified,2019-11-12T16:00:00+09:00,2019-11-08,1.7,DGS3,Daily,Percent,2019-11-08T16:15:00-05:00,post-2016-10-11 official daily H.15 calendar at 16:15 ET,none,2019-11-10,2019-11-09T06:15:00+09:00,2019-11-07,0.1359999999999999,1,6
2019-11-14,1167.6,2019-11-13,2019-11-14,1.51,817Y002,010200000,연%,국고채(3년),KOFIA 16:00 KST source publication; usable from next calendar day; ECOS load time unverified,2019-11-13T16:00:00+09:00,2019-11-12,1.7,DGS3,Daily,Percent,2019-11-12T16:15:00-05:00,post-2016-10-11 official daily H.15 calendar at 16:15 ET,none,2019-11-14,2019-11-13T06:15:00+09:00,2019-11-08,0.18999999999999995,1,6
2019-11-15,1170.4,2019-11-14,2019-11-15,1.515,817Y002,010200000,연%,국고채(3년),KOFIA 16:00 KST source publication; usable from next calendar day; ECOS load time unverified,2019-11-14T16:00:00+09:00,2019-11-13,1.69,DGS3,Daily,Percent,2019-11-13T16:15:00-05:00,post-2016-10-11 official daily H.15 calendar at 16:15 ET,none,2019-11-15,2019-11-14T06:15:00+09:00,2019-11-12,0.17500000000000004,1,3
2019-11-18,1166.3,2019-11-15,2019-11-16,1.513,817Y002,010200000,연%,국고채(3년),KOFIA 16:00 KST source publication; usable from next calendar day; ECOS load time unverified,2019-11-15T16:00:00+09:00,2019-11-15,1.59,DGS3,Daily,Percent,2019-11-15T16:15:00-05:00,post-2016-10-11 official daily H.15 calendar at 16:15 ET,none,2019-11-17,2019-11-16T06:15:00+09:00,2019-11-14,0.07700000000000018,3,4
2019-11-19,1164.5,2019-11-18,2019-11-19,1.518,817Y002,010200000,연%,국고채(3년),KOFIA 16:00 KST source publication; usable from next calendar day; ECOS load time unverified,2019-11-18T16:00:00+09:00,2019-11-15,1.59,DGS3,Daily,Percent,2019-11-15T16:15:00-05:00,post-2016-10-11 official daily H.15 calendar at 16:15 ET,none,2019-11-17,2019-11-16T06:15:00+09:00,2019-11-14,0.07200000000000006,1,5
2019-11-20,1168.6,2019-11-19,2019-11-20,1.485,817Y002,010200000,연%,국고채(3년),KOFIA 16:00 KST source publication; usable from next calendar day; ECOS load time unverified,2019-11-19T16:00:00+09:00,2019-11-18,1.61,DGS3,Daily,Percent,2019-11-18T16:15:00-05:00,post-2016-10-11 official daily H.15 calendar at 16:15 ET,none,2019-11-20,2019-11-19T06:15:00+09:00,2019-11-15,0.125,1,5
2019-11-21,1170.1,2019-11-20,2019-11-21,1.45,817Y002,010200000,연%,국고채(3년),KOFIA 16:00 KST source publication; usable from next calendar day; ECOS load time unverified,2019-11-20T16:00:00+09:00,2019-11-19,1.59,DGS3,Daily,Percent,2019-11-19T16:15:00-05:00,post-2016-10-11 official daily H.15 calendar at 16:15 ET,none,2019-11-21,2019-11-20T06:15:00+09:00,2019-11-18,0.14000000000000012,1,3
2019-11-22,1176.5,2019-11-21,2019-11-22,1.462,817Y002,010200000,연%,국고채(3년),KOFIA 16:00 KST source publication; usable from next calendar day; ECOS load time unverified,2019-11-21T16:00:00+09:00,2019-11-20,1.59,DGS3,Daily,Percent,2019-11-20T16:15:00-05:00,post-2016-10-11 official daily H.15 calendar at 16:15 ET,none,2019-11-22,2019-11-21T06:15:00+09:00,2019-11-19,0.1280000000000001,1,3
2019-11-25,1177.8,2019-11-22,2019-11-23,1.456,817Y002,010200000,연%,국고채(3년),KOFIA 16:00 KST source publication; usable from next calendar day; ECOS load time unverified,2019-11-22T16:00:00+09:00,2019-11-22,1.59,DGS3,Daily,Percent,2019-11-22T16:15:00-05:00,post-2016-10-11 official daily H.15 calendar at 16:15 ET,none,2019-11-24,2019-11-23T06:15:00+09:00,2019-11-21,0.13400000000000012,3,4
2019-11-26,1176.2,2019-11-25,2019-11-26,1.475,817Y002,010200000,연%,국고채(3년),KOFIA 16:00 KST source publication; usable from next calendar day; ECOS load time unverified,2019-11-25T16:00:00+09:00,2019-11-22,1.59,DGS3,Daily,Percent,2019-11-22T16:15:00-05:00,post-2016-10-11 official daily H.15 calendar at 16:15 ET,none,2019-11-24,2019-11-23T06:15:00+09:00,2019-11-21,0.11499999999999999,1,5
2019-11-27,1174.4,2019-11-26,2019-11-27,1.475,817Y002,010200000,연%,국고채(3년),KOFIA 16:00 KST source publication; usable from next calendar day; ECOS load time unverified,2019-11-26T16:00:00+09:00,2019-11-25,1.6,DGS3,Daily,Percent,2019-11-25T16:15:00-05:00,post-2016-10-11 official daily H.15 calendar at 16:15 ET,none,2019-11-27,2019-11-26T06:15:00+09:00,2019-11-22,0.125,1,5
2019-11-28,1176.0,2019-11-27,2019-11-28,1.456,817Y002,010200000,연%,국고채(3년),KOFIA 16:00 KST source publication; usable from next calendar day; ECOS load time unverified,2019-11-27T16:00:00+09:00,2019-11-26,1.6,DGS3,Daily,Percent,2019-11-26T16:15:00-05:00,post-2016-10-11 official daily H.15 calendar at 16:15 ET,none,2019-11-28,2019-11-27T06:15:00+09:00,2019-11-25,0.14400000000000013,1,3
2019-11-29,1179.3,2019-11-28,2019-11-29,1.43,817Y002,010200000,연%,국고채(3년),KOFIA 16:00 KST source publication; usable from next calendar day; ECOS load time unverified,2019-11-28T16:00:00+09:00,2019-11-27,1.58,DGS3,Daily,Percent,2019-11-27T16:15:00-05:00,post-2016-10-11 official daily H.15 calendar at 16:15 ET,none,2019-11-29,2019-11-28T06:15:00+09:00,2019-11-26,0.15000000000000013,1,3
2019-12-02,1180.3,2019-11-29,2019-11-30,1.385,817Y002,010200000,연%,국고채(3년),KOFIA 16:00 KST source publication; usable from next calendar day; ECOS load time unverified,2019-11-29T16:00:00+09:00,2019-11-29,1.61,DGS3,Daily,Percent,2019-11-29T16:15:00-05:00,post-2016-10-11 official daily H.15 calendar at 16:15 ET,none,2019-12-01,2019-11-30T06:15:00+09:00,2019-11-27,0.2250000000000001,3,5
2019-12-03,1180.4,2019-12-02,2019-12-03,1.425,817Y002,010200000,연%,국고채(3년),KOFIA 16:00 KST source publication; usable from next calendar day; ECOS load time unverified,2019-12-02T16:00:00+09:00,2019-11-29,1.61,DGS3,Daily,Percent,2019-11-29T16:15:00-05:00,post-2016-10-11 official daily H.15 calendar at 16:15 ET,none,2019-12-01,2019-11-30T06:15:00+09:00,2019-11-27,0.18500000000000005,1,6
2019-12-04,1186.2,2019-12-03,2019-12-04,1.46,817Y002,010200000,연%,국고채(3년),KOFIA 16:00 KST source publication; usable from next calendar day; ECOS load time unverified,2019-12-03T16:00:00+09:00,2019-12-02,1.61,DGS3,Daily,Percent,2019-12-02T16:15:00-05:00,post-2016-10-11 official daily H.15 calendar at 16:15 ET,none,2019-12-04,2019-12-03T06:15:00+09:00,2019-11-29,0.15000000000000013,1,5
2019-12-05,1193.7,2019-12-04,2019-12-05,1.406,817Y002,010200000,연%,국고채(3년),KOFIA 16:00 KST source publication; usable from next calendar day; ECOS load time unverified,2019-12-04T16:00:00+09:00,2019-12-03,1.63,DGS3,Daily,Percent,2019-12-03T16:15:00-05:00,post-2016-10-11 official daily H.15 calendar at 16:15 ET,none,2019-12-05,2019-12-04T06:15:00+09:00,2019-12-02,0.22399999999999998,1,3
2019-12-06,1190.2,2019-12-05,2019-12-06,1.423,817Y002,010200000,연%,국고채(3년),KOFIA 16:00 KST source publication; usable from next calendar day; ECOS load time unverified,2019-12-05T16:00:00+09:00,2019-12-04,1.54,DGS3,Daily,Percent,2019-12-04T16:15:00-05:00,post-2016-10-11 official daily H.15 calendar at 16:15 ET,none,2019-12-06,2019-12-05T06:15:00+09:00,2019-12-03,0.11699999999999999,1,3
2019-12-09,1189.7,2019-12-06,2019-12-07,1.43,817Y002,010200000,연%,국고채(3년),KOFIA 16:00 KST source publication; usable from next calendar day; ECOS load time unverified,2019-12-06T16:00:00+09:00,2019-12-06,1.6,DGS3,Daily,Percent,2019-12-06T16:15:00-05:00,post-2016-10-11 official daily H.15 calendar at 16:15 ET,none,2019-12-08,2019-12-07T06:15:00+09:00,2019-12-05,0.17000000000000015,3,4
2019-12-10,1189.3,2019-12-09,2019-12-10,1.412,817Y002,010200000,연%,국고채(3년),KOFIA 16:00 KST source publication; usable from next calendar day; ECOS load time unverified,2019-12-09T16:00:00+09:00,2019-12-06,1.6,DGS3,Daily,Percent,2019-12-06T16:15:00-05:00,post-2016-10-11 official daily H.15 calendar at 16:15 ET,none,2019-12-08,2019-12-07T06:15:00+09:00,2019-12-05,0.18800000000000017,1,5
2019-12-11,1192.0,2019-12-10,2019-12-11,1.39,817Y002,010200000,연%,국고채(3년),KOFIA 16:00 KST source publication; usable from next calendar day; ECOS load time unverified,2019-12-10T16:00:00+09:00,2019-12-09,1.64,DGS3,Daily,Percent,2019-12-09T16:15:00-05:00,post-2016-10-11 official daily H.15 calendar at 16:15 ET,none,2019-12-11,2019-12-10T06:15:00+09:00,2019-12-06,0.25,1,5
2019-12-12,1193.3,2019-12-11,2019-12-12,1.381,817Y002,010200000,연%,국고채(3년),KOFIA 16:00 KST source publication; usable from next calendar day; ECOS load time unverified,2019-12-11T16:00:00+09:00,2019-12-10,1.63,DGS3,Daily,Percent,2019-12-10T16:15:00-05:00,post-2016-10-11 official daily H.15 calendar at 16:15 ET,none,2019-12-12,2019-12-11T06:15:00+09:00,2019-12-09,0.2489999999999999,1,3
2019-12-13,1188.6,2019-12-12,2019-12-13,1.382,817Y002,010200000,연%,국고채(3년),KOFIA 16:00 KST source publication; usable from next calendar day; ECOS load time unverified,2019-12-12T16:00:00+09:00,2019-12-11,1.67,DGS3,Daily,Percent,2019-12-11T16:15:00-05:00,post-2016-10-11 official daily H.15 calendar at 16:15 ET,none,2019-12-13,2019-12-12T06:15:00+09:00,2019-12-10,0.28800000000000003,1,3
2019-12-16,1171.7,2019-12-13,2019-12-14,1.402,817Y002,010200000,연%,국고채(3년),KOFIA 16:00 KST source publication; usable from next calendar day; ECOS load time unverified,2019-12-13T16:00:00+09:00,2019-12-13,1.69,DGS3,Daily,Percent,2019-12-13T16:15:00-05:00,post-2016-10-11 official daily H.15 calendar at 16:15 ET,none,2019-12-15,2019-12-14T06:15:00+09:00,2019-12-12,0.28800000000000003,3,4
2019-12-17,1172.9,2019-12-16,2019-12-17,1.369,817Y002,010200000,연%,국고채(3년),KOFIA 16:00 KST source publication; usable from next calendar day; ECOS load time unverified,2019-12-16T16:00:00+09:00,2019-12-13,1.69,DGS3,Daily,Percent,2019-12-13T16:15:00-05:00,post-2016-10-11 official daily H.15 calendar at 16:15 ET,none,2019-12-15,2019-12-14T06:15:00+09:00,2019-12-12,0.32099999999999995,1,5
2019-12-18,1166.7,2019-12-17,2019-12-18,1.363,817Y002,010200000,연%,국고채(3년),KOFIA 16:00 KST source publication; usable from next calendar day; ECOS load time unverified,2019-12-17T16:00:00+09:00,2019-12-16,1.62,DGS3,Daily,Percent,2019-12-16T16:15:00-05:00,post-2016-10-11 official daily H.15 calendar at 16:15 ET,none,2019-12-18,2019-12-17T06:15:00+09:00,2019-12-13,0.2570000000000001,1,5
2019-12-19,1165.3,2019-12-18,2019-12-19,1.357,817Y002,010200000,연%,국고채(3년),KOFIA 16:00 KST source publication; usable from next calendar day; ECOS load time unverified,2019-12-18T16:00:00+09:00,2019-12-17,1.67,DGS3,Daily,Percent,2019-12-17T16:15:00-05:00,post-2016-10-11 official daily H.15 calendar at 16:15 ET,none,2019-12-19,2019-12-18T06:15:00+09:00,2019-12-16,0.31299999999999994,1,3
2019-12-20,1164.5,2019-12-19,2019-12-20,1.383,817Y002,010200000,연%,국고채(3년),KOFIA 16:00 KST source publication; usable from next calendar day; ECOS load time unverified,2019-12-19T16:00:00+09:00,2019-12-18,1.66,DGS3,Daily,Percent,2019-12-18T16:15:00-05:00,post-2016-10-11 official daily H.15 calendar at 16:15 ET,none,2019-12-20,2019-12-19T06:15:00+09:00,2019-12-17,0.2769999999999999,1,3
2019-12-23,1162.6,2019-12-20,2019-12-21,1.392,817Y002,010200000,연%,국고채(3년),KOFIA 16:00 KST source publication; usable from next calendar day; ECOS load time unverified,2019-12-20T16:00:00+09:00,2019-12-20,1.65,DGS3,Daily,Percent,2019-12-20T16:15:00-05:00,post-2016-10-11 official daily H.15 calendar at 16:15 ET,none,2019-12-22,2019-12-21T06:15:00+09:00,2019-12-19,0.258,3,4
2019-12-24,1161.7,2019-12-23,2019-12-24,1.38,817Y002,010200000,연%,국고채(3년),KOFIA 16:00 KST source publication; usable from next calendar day; ECOS load time unverified,2019-12-23T16:00:00+09:00,2019-12-20,1.65,DGS3,Daily,Percent,2019-12-20T16:15:00-05:00,post-2016-10-11 official daily H.15 calendar at 16:15 ET,none,2019-12-22,2019-12-21T06:15:00+09:00,2019-12-19,0.27,1,5
2019-12-26,1163.7,2019-12-24,2019-12-25,1.37,817Y002,010200000,연%,국고채(3년),KOFIA 16:00 KST source publication; usable from next calendar day; ECOS load time unverified,2019-12-24T16:00:00+09:00,2019-12-23,1.67,DGS3,Daily,Percent,2019-12-23T16:15:00-05:00,post-2016-10-11 official daily H.15 calendar at 16:15 ET,none,2019-12-25,2019-12-24T06:15:00+09:00,2019-12-20,0.2999999999999998,2,6
2019-12-27,1161.2,2019-12-26,2019-12-27,1.367,817Y002,010200000,연%,국고채(3년),KOFIA 16:00 KST source publication; usable from next calendar day; ECOS load time unverified,2019-12-26T16:00:00+09:00,2019-12-23,1.67,DGS3,Daily,Percent,2019-12-23T16:15:00-05:00,post-2016-10-11 official daily H.15 calendar at 16:15 ET,none,2019-12-25,2019-12-24T06:15:00+09:00,2019-12-20,0.30299999999999994,1,7
2019-12-30,1160.9,2019-12-27,2019-12-28,1.37,817Y002,010200000,연%,국고채(3년),KOFIA 16:00 KST source publication; usable from next calendar day; ECOS load time unverified,2019-12-27T16:00:00+09:00,2019-12-27,1.65,DGS3,Daily,Percent,2019-12-27T16:15:00-05:00,post-2016-10-11 official daily H.15 calendar at 16:15 ET,none,2019-12-29,2019-12-28T06:15:00+09:00,2019-12-26,0.2799999999999998,3,4
2019-12-31,1157.8,2019-12-30,2019-12-31,1.36,817Y002,010200000,연%,국고채(3년),KOFIA 16:00 KST source publication; usable from next calendar day; ECOS load time unverified,2019-12-30T16:00:00+09:00,2019-12-27,1.65,DGS3,Daily,Percent,2019-12-27T16:15:00-05:00,post-2016-10-11 official daily H.15 calendar at 16:15 ET,none,2019-12-29,2019-12-28T06:15:00+09:00,2019-12-26,0.2899999999999998,1,5
2020-01-02,1157.8,2019-12-31,2020-01-01,1.36,817Y002,010200000,연%,국고채(3년),KOFIA 16:00 KST source publication; usable from next calendar day; ECOS load time unverified,2019-12-31T16:00:00+09:00,2019-12-31,1.59,DGS3,Daily,Percent,2019-12-31T16:15:00-05:00,post-2016-10-11 official daily H.15 calendar at 16:15 ET,none,2020-01-02,2020-01-01T06:15:00+09:00,2019-12-30,0.22999999999999998,2,3
2020-01-03,1156.9,2020-01-02,2020-01-03,1.327,817Y002,010200000,연%,국고채(3년),KOFIA 16:00 KST source publication; usable from next calendar day; ECOS load time unverified,2020-01-02T16:00:00+09:00,2019-12-31,1.59,DGS3,Daily,Percent,2019-12-31T16:15:00-05:00,post-2016-10-11 official daily H.15 calendar at 16:15 ET,none,2020-01-02,2020-01-01T06:15:00+09:00,2019-12-30,0.2630000000000001,1,4
2020-01-06,1162.7,2020-01-03,2020-01-04,1.27,817Y002,010200000,연%,국고채(3년),KOFIA 16:00 KST source publication; usable from next calendar day; ECOS load time unverified,2020-01-03T16:00:00+09:00,2020-01-03,1.59,DGS3,Daily,Percent,2020-01-03T16:15:00-05:00,post-2016-10-11 official daily H.15 calendar at 16:15 ET,none,2020-01-05,2020-01-04T06:15:00+09:00,2020-01-02,0.32000000000000006,3,4
2020-01-07,1169.6,2020-01-06,2020-01-07,1.277,817Y002,010200000,연%,국고채(3년),KOFIA 16:00 KST source publication; usable from next calendar day; ECOS load time unverified,2020-01-06T16:00:00+09:00,2020-01-03,1.59,DGS3,Daily,Percent,2020-01-03T16:15:00-05:00,post-2016-10-11 official daily H.15 calendar at 16:15 ET,none,2020-01-05,2020-01-04T06:15:00+09:00,2020-01-02,0.31300000000000017,1,5
2020-01-08,1165.3,2020-01-07,2020-01-08,1.331,817Y002,010200000,연%,국고채(3년),KOFIA 16:00 KST source publication; usable from next calendar day; ECOS load time unverified,2020-01-07T16:00:00+09:00,2020-01-06,1.54,DGS3,Daily,Percent,2020-01-06T16:15:00-05:00,post-2016-10-11 official daily H.15 calendar at 16:15 ET,none,2020-01-08,2020-01-07T06:15:00+09:00,2020-01-03,0.20900000000000007,1,5
2020-01-09,1174.1,2020-01-08,2020-01-09,1.363,817Y002,010200000,연%,국고채(3년),KOFIA 16:00 KST source publication; usable from next calendar day; ECOS load time unverified,2020-01-08T16:00:00+09:00,2020-01-07,1.56,DGS3,Daily,Percent,2020-01-07T16:15:00-05:00,post-2016-10-11 official daily H.15 calendar at 16:15 ET,none,2020-01-09,2020-01-08T06:15:00+09:00,2020-01-06,0.19700000000000006,1,3
2020-01-10,1160.0,2020-01-09,2020-01-10,1.416,817Y002,010200000,연%,국고채(3년),KOFIA 16:00 KST source publication; usable from next calendar day; ECOS load time unverified,2020-01-09T16:00:00+09:00,2020-01-08,1.55,DGS3,Daily,Percent,2020-01-08T16:15:00-05:00,post-2016-10-11 official daily H.15 calendar at 16:15 ET,none,2020-01-10,2020-01-09T06:15:00+09:00,2020-01-07,0.13400000000000012,1,3
2020-01-13,1161.1,2020-01-10,2020-01-11,1.425,817Y002,010200000,연%,국고채(3년),KOFIA 16:00 KST source publication; usable from next calendar day; ECOS load time unverified,2020-01-10T16:00:00+09:00,2020-01-10,1.59,DGS3,Daily,Percent,2020-01-10T16:15:00-05:00,post-2016-10-11 official daily H.15 calendar at 16:15 ET,none,2020-01-12,2020-01-11T06:15:00+09:00,2020-01-09,0.16500000000000004,3,4
2020-01-14,1155.7,2020-01-13,2020-01-14,1.418,817Y002,010200000,연%,국고채(3년),KOFIA 16:00 KST source publication; usable from next calendar day; ECOS load time unverified,2020-01-13T16:00:00+09:00,2020-01-10,1.59,DGS3,Daily,Percent,2020-01-10T16:15:00-05:00,post-2016-10-11 official daily H.15 calendar at 16:15 ET,none,2020-01-12,2020-01-11T06:15:00+09:00,2020-01-09,0.17200000000000015,1,5
2020-01-15,1153.1,2020-01-14,2020-01-15,1.386,817Y002,010200000,연%,국고채(3년),KOFIA 16:00 KST source publication; usable from next calendar day; ECOS load time unverified,2020-01-14T16:00:00+09:00,2020-01-13,1.59,DGS3,Daily,Percent,2020-01-13T16:15:00-05:00,post-2016-10-11 official daily H.15 calendar at 16:15 ET,none,2020-01-15,2020-01-14T06:15:00+09:00,2020-01-10,0.20400000000000018,1,5
2020-01-16,1158.8,2020-01-15,2020-01-16,1.391,817Y002,010200000,연%,국고채(3년),KOFIA 16:00 KST source publication; usable from next calendar day; ECOS load time unverified,2020-01-15T16:00:00+09:00,2020-01-14,1.6,DGS3,Daily,Percent,2020-01-14T16:15:00-05:00,post-2016-10-11 official daily H.15 calendar at 16:15 ET,none,2020-01-16,2020-01-15T06:15:00+09:00,2020-01-13,0.20900000000000007,1,3
2020-01-17,1159.6,2020-01-16,2020-01-17,1.426,817Y002,010200000,연%,국고채(3년),KOFIA 16:00 KST source publication; usable from next calendar day; ECOS load time unverified,2020-01-16T16:00:00+09:00,2020-01-15,1.59,DGS3,Daily,Percent,2020-01-15T16:15:00-05:00,post-2016-10-11 official daily H.15 calendar at 16:15 ET,none,2020-01-17,2020-01-16T06:15:00+09:00,2020-01-14,0.16400000000000015,1,3
2020-01-20,1158.8,2020-01-17,2020-01-18,1.433,817Y002,010200000,연%,국고채(3년),KOFIA 16:00 KST source publication; usable from next calendar day; ECOS load time unverified,2020-01-17T16:00:00+09:00,2020-01-17,1.58,DGS3,Daily,Percent,2020-01-17T16:15:00-05:00,post-2016-10-11 official daily H.15 calendar at 16:15 ET,none,2020-01-19,2020-01-18T06:15:00+09:00,2020-01-16,0.14700000000000002,3,4
2020-01-21,1158.8,2020-01-20,2020-01-21,1.455,817Y002,010200000,연%,국고채(3년),KOFIA 16:00 KST source publication; usable from next calendar day; ECOS load time unverified,2020-01-20T16:00:00+09:00,2020-01-17,1.58,DGS3,Daily,Percent,2020-01-17T16:15:00-05:00,post-2016-10-11 official daily H.15 calendar at 16:15 ET,none,2020-01-19,2020-01-18T06:15:00+09:00,2020-01-16,0.125,1,5
2020-01-22,1164.7,2020-01-21,2020-01-22,1.395,817Y002,010200000,연%,국고채(3년),KOFIA 16:00 KST source publication; usable from next calendar day; ECOS load time unverified,2020-01-21T16:00:00+09:00,2020-01-17,1.58,DGS3,Daily,Percent,2020-01-17T16:15:00-05:00,post-2016-10-11 official daily H.15 calendar at 16:15 ET,none,2020-01-19,2020-01-18T06:15:00+09:00,2020-01-16,0.18500000000000005,1,6
2020-01-23,1165.1,2020-01-22,2020-01-23,1.437,817Y002,010200000,연%,국고채(3년),KOFIA 16:00 KST source publication; usable from next calendar day; ECOS load time unverified,2020-01-22T16:00:00+09:00,2020-01-21,1.56,DGS3,Daily,Percent,2020-01-21T16:15:00-05:00,post-2016-10-11 official daily H.15 calendar at 16:15 ET,none,2020-01-23,2020-01-22T06:15:00+09:00,2020-01-17,0.123,1,6
2020-01-28,1167.2,2020-01-23,2020-01-24,1.424,817Y002,010200000,연%,국고채(3년),KOFIA 16:00 KST source publication; usable from next calendar day; ECOS load time unverified,2020-01-23T16:00:00+09:00,2020-01-24,1.51,DGS3,Daily,Percent,2020-01-24T16:15:00-05:00,post-2016-10-11 official daily H.15 calendar at 16:15 ET,none,2020-01-26,2020-01-25T06:15:00+09:00,2020-01-23,0.08600000000000008,5,5
2020-01-29,1176.7,2020-01-28,2020-01-29,1.352,817Y002,010200000,연%,국고채(3년),KOFIA 16:00 KST source publication; usable from next calendar day; ECOS load time unverified,2020-01-28T16:00:00+09:00,2020-01-27,1.48,DGS3,Daily,Percent,2020-01-27T16:15:00-05:00,post-2016-10-11 official daily H.15 calendar at 16:15 ET,none,2020-01-29,2020-01-28T06:15:00+09:00,2020-01-24,0.1279999999999999,1,5
2020-01-30,1176.0,2020-01-29,2020-01-30,1.33,817Y002,010200000,연%,국고채(3년),KOFIA 16:00 KST source publication; usable from next calendar day; ECOS load time unverified,2020-01-29T16:00:00+09:00,2020-01-28,1.41,DGS3,Daily,Percent,2020-01-28T16:15:00-05:00,post-2016-10-11 official daily H.15 calendar at 16:15 ET,none,2020-01-30,2020-01-29T06:15:00+09:00,2020-01-27,0.07999999999999985,1,3
2020-01-31,1183.5,2020-01-30,2020-01-31,1.301,817Y002,010200000,연%,국고채(3년),KOFIA 16:00 KST source publication; usable from next calendar day; ECOS load time unverified,2020-01-30T16:00:00+09:00,2020-01-29,1.45,DGS3,Daily,Percent,2020-01-29T16:15:00-05:00,post-2016-10-11 official daily H.15 calendar at 16:15 ET,none,2020-01-31,2020-01-30T06:15:00+09:00,2020-01-28,0.14900000000000002,1,3
2020-02-03,1187.8,2020-01-31,2020-02-01,1.303,817Y002,010200000,연%,국고채(3년),KOFIA 16:00 KST source publication; usable from next calendar day; ECOS load time unverified,2020-01-31T16:00:00+09:00,2020-01-31,1.37,DGS3,Daily,Percent,2020-01-31T16:15:00-05:00,post-2016-10-11 official daily H.15 calendar at 16:15 ET,none,2020-02-02,2020-02-01T06:15:00+09:00,2020-01-30,0.06700000000000017,3,4
2020-02-04,1196.0,2020-02-03,2020-02-04,1.291,817Y002,010200000,연%,국고채(3년),KOFIA 16:00 KST source publication; usable from next calendar day; ECOS load time unverified,2020-02-03T16:00:00+09:00,2020-01-31,1.37,DGS3,Daily,Percent,2020-01-31T16:15:00-05:00,post-2016-10-11 official daily H.15 calendar at 16:15 ET,none,2020-02-02,2020-02-01T06:15:00+09:00,2020-01-30,0.07900000000000018,1,5
2020-02-05,1189.4,2020-02-04,2020-02-05,1.331,817Y002,010200000,연%,국고채(3년),KOFIA 16:00 KST source publication; usable from next calendar day; ECOS load time unverified,2020-02-04T16:00:00+09:00,2020-02-03,1.3,DGS3,Daily,Percent,2020-02-03T16:15:00-05:00,post-2016-10-11 official daily H.15 calendar at 16:15 ET,none,2020-02-05,2020-02-04T06:15:00+09:00,2020-01-31,-0.030999999999999917,1,5
2020-02-06,1188.5,2020-02-05,2020-02-06,1.307,817Y002,010200000,연%,국고채(3년),KOFIA 16:00 KST source publication; usable from next calendar day; ECOS load time unverified,2020-02-05T16:00:00+09:00,2020-02-04,1.34,DGS3,Daily,Percent,2020-02-04T16:15:00-05:00,post-2016-10-11 official daily H.15 calendar at 16:15 ET,none,2020-02-06,2020-02-05T06:15:00+09:00,2020-02-03,0.03300000000000014,1,3
2020-02-07,1181.4,2020-02-06,2020-02-07,1.311,817Y002,010200000,연%,국고채(3년),KOFIA 16:00 KST source publication; usable from next calendar day; ECOS load time unverified,2020-02-06T16:00:00+09:00,2020-02-05,1.4,DGS3,Daily,Percent,2020-02-05T16:15:00-05:00,post-2016-10-11 official daily H.15 calendar at 16:15 ET,none,2020-02-07,2020-02-06T06:15:00+09:00,2020-02-04,0.08899999999999997,1,3
2020-02-10,1187.2,2020-02-07,2020-02-08,1.28,817Y002,010200000,연%,국고채(3년),KOFIA 16:00 KST source publication; usable from next calendar day; ECOS load time unverified,2020-02-07T16:00:00+09:00,2020-02-07,1.43,DGS3,Daily,Percent,2020-02-07T16:15:00-05:00,post-2016-10-11 official daily H.15 calendar at 16:15 ET,none,2020-02-09,2020-02-08T06:15:00+09:00,2020-02-06,0.1499999999999999,3,4
2020-02-11,1189.8,2020-02-10,2020-02-11,1.296,817Y002,010200000,연%,국고채(3년),KOFIA 16:00 KST source publication; usable from next calendar day; ECOS load time unverified,2020-02-10T16:00:00+09:00,2020-02-07,1.43,DGS3,Daily,Percent,2020-02-07T16:15:00-05:00,post-2016-10-11 official daily H.15 calendar at 16:15 ET,none,2020-02-09,2020-02-08T06:15:00+09:00,2020-02-06,0.1339999999999999,1,5
2020-02-12,1184.1,2020-02-11,2020-02-12,1.299,817Y002,010200000,연%,국고채(3년),KOFIA 16:00 KST source publication; usable from next calendar day; ECOS load time unverified,2020-02-11T16:00:00+09:00,2020-02-10,1.39,DGS3,Daily,Percent,2020-02-10T16:15:00-05:00,post-2016-10-11 official daily H.15 calendar at 16:15 ET,none,2020-02-12,2020-02-11T06:15:00+09:00,2020-02-07,0.09099999999999997,1,5
2020-02-13,1179.8,2020-02-12,2020-02-13,1.297,817Y002,010200000,연%,국고채(3년),KOFIA 16:00 KST source publication; usable from next calendar day; ECOS load time unverified,2020-02-12T16:00:00+09:00,2020-02-11,1.36,DGS3,Daily,Percent,2020-02-11T16:15:00-05:00,post-2016-10-11 official daily H.15 calendar at 16:15 ET,none,2020-02-13,2020-02-12T06:15:00+09:00,2020-02-10,0.06300000000000017,1,3
2020-02-14,1181.5,2020-02-13,2020-02-14,1.275,817Y002,010200000,연%,국고채(3년),KOFIA 16:00 KST source publication; usable from next calendar day; ECOS load time unverified,2020-02-13T16:00:00+09:00,2020-02-12,1.39,DGS3,Daily,Percent,2020-02-12T16:15:00-05:00,post-2016-10-11 official daily H.15 calendar at 16:15 ET,none,2020-02-14,2020-02-13T06:15:00+09:00,2020-02-11,0.11499999999999999,1,3
2020-02-17,1183.5,2020-02-14,2020-02-15,1.33,817Y002,010200000,연%,국고채(3년),KOFIA 16:00 KST source publication; usable from next calendar day; ECOS load time unverified,2020-02-14T16:00:00+09:00,2020-02-14,1.42,DGS3,Daily,Percent,2020-02-14T16:15:00-05:00,post-2016-10-11 official daily H.15 calendar at 16:15 ET,none,2020-02-16,2020-02-15T06:15:00+09:00,2020-02-13,0.08999999999999986,3,4
2020-02-18,1182.2,2020-02-17,2020-02-18,1.32,817Y002,010200000,연%,국고채(3년),KOFIA 16:00 KST source publication; usable from next calendar day; ECOS load time unverified,2020-02-17T16:00:00+09:00,2020-02-14,1.42,DGS3,Daily,Percent,2020-02-14T16:15:00-05:00,post-2016-10-11 official daily H.15 calendar at 16:15 ET,none,2020-02-16,2020-02-15T06:15:00+09:00,2020-02-13,0.09999999999999987,1,5
2020-02-19,1188.1,2020-02-18,2020-02-19,1.271,817Y002,010200000,연%,국고채(3년),KOFIA 16:00 KST source publication; usable from next calendar day; ECOS load time unverified,2020-02-18T16:00:00+09:00,2020-02-14,1.42,DGS3,Daily,Percent,2020-02-14T16:15:00-05:00,post-2016-10-11 official daily H.15 calendar at 16:15 ET,none,2020-02-16,2020-02-15T06:15:00+09:00,2020-02-13,0.14900000000000002,1,6
2020-02-20,1190.8,2020-02-19,2020-02-20,1.284,817Y002,010200000,연%,국고채(3년),KOFIA 16:00 KST source publication; usable from next calendar day; ECOS load time unverified,2020-02-19T16:00:00+09:00,2020-02-18,1.4,DGS3,Daily,Percent,2020-02-18T16:15:00-05:00,post-2016-10-11 official daily H.15 calendar at 16:15 ET,none,2020-02-20,2020-02-19T06:15:00+09:00,2020-02-14,0.11599999999999988,1,6
2020-02-21,1197.0,2020-02-20,2020-02-21,1.234,817Y002,010200000,연%,국고채(3년),KOFIA 16:00 KST source publication; usable from next calendar day; ECOS load time unverified,2020-02-20T16:00:00+09:00,2020-02-19,1.37,DGS3,Daily,Percent,2020-02-19T16:15:00-05:00,post-2016-10-11 official daily H.15 calendar at 16:15 ET,none,2020-02-21,2020-02-20T06:15:00+09:00,2020-02-18,0.13600000000000012,1,3
2020-02-24,1205.6,2020-02-21,2020-02-22,1.182,817Y002,010200000,연%,국고채(3년),KOFIA 16:00 KST source publication; usable from next calendar day; ECOS load time unverified,2020-02-21T16:00:00+09:00,2020-02-21,1.35,DGS3,Daily,Percent,2020-02-21T16:15:00-05:00,post-2016-10-11 official daily H.15 calendar at 16:15 ET,none,2020-02-23,2020-02-22T06:15:00+09:00,2020-02-20,0.16800000000000015,3,4
2020-02-25,1217.7,2020-02-24,2020-02-25,1.139,817Y002,010200000,연%,국고채(3년),KOFIA 16:00 KST source publication; usable from next calendar day; ECOS load time unverified,2020-02-24T16:00:00+09:00,2020-02-21,1.35,DGS3,Daily,Percent,2020-02-21T16:15:00-05:00,post-2016-10-11 official daily H.15 calendar at 16:15 ET,none,2020-02-23,2020-02-22T06:15:00+09:00,2020-02-20,0.21100000000000008,1,5
2020-02-26,1212.7,2020-02-25,2020-02-26,1.171,817Y002,010200000,연%,국고채(3년),KOFIA 16:00 KST source publication; usable from next calendar day; ECOS load time unverified,2020-02-25T16:00:00+09:00,2020-02-24,1.3,DGS3,Daily,Percent,2020-02-24T16:15:00-05:00,post-2016-10-11 official daily H.15 calendar at 16:15 ET,none,2020-02-26,2020-02-25T06:15:00+09:00,2020-02-21,0.129,1,5
2020-02-27,1216.8,2020-02-26,2020-02-27,1.135,817Y002,010200000,연%,국고채(3년),KOFIA 16:00 KST source publication; usable from next calendar day; ECOS load time unverified,2020-02-26T16:00:00+09:00,2020-02-25,1.21,DGS3,Daily,Percent,2020-02-25T16:15:00-05:00,post-2016-10-11 official daily H.15 calendar at 16:15 ET,none,2020-02-27,2020-02-26T06:15:00+09:00,2020-02-24,0.07499999999999996,1,3
2020-02-28,1215.9,2020-02-27,2020-02-28,1.194,817Y002,010200000,연%,국고채(3년),KOFIA 16:00 KST source publication; usable from next calendar day; ECOS load time unverified,2020-02-27T16:00:00+09:00,2020-02-26,1.16,DGS3,Daily,Percent,2020-02-26T16:15:00-05:00,post-2016-10-11 official daily H.15 calendar at 16:15 ET,none,2020-02-28,2020-02-27T06:15:00+09:00,2020-02-25,-0.03400000000000003,1,3
2020-03-02,1215.3,2020-02-28,2020-02-29,1.104,817Y002,010200000,연%,국고채(3년),KOFIA 16:00 KST source publication; usable from next calendar day; ECOS load time unverified,2020-02-28T16:00:00+09:00,2020-02-28,1.08,DGS3,Daily,Percent,2020-02-28T16:15:00-05:00,post-2016-10-11 official daily H.15 calendar at 16:15 ET,none,2020-03-01,2020-02-29T06:15:00+09:00,2020-02-27,-0.02400000000000002,3,4
2020-03-03,1200.3,2020-03-02,2020-03-03,1.128,817Y002,010200000,연%,국고채(3년),KOFIA 16:00 KST source publication; usable from next calendar day; ECOS load time unverified,2020-03-02T16:00:00+09:00,2020-02-28,1.08,DGS3,Daily,Percent,2020-02-28T16:15:00-05:00,post-2016-10-11 official daily H.15 calendar at 16:15 ET,none,2020-03-01,2020-02-29T06:15:00+09:00,2020-02-27,-0.04799999999999982,1,5
2020-03-04,1191.4,2020-03-03,2020-03-04,1.11,817Y002,010200000,연%,국고채(3년),KOFIA 16:00 KST source publication; usable from next calendar day; ECOS load time unverified,2020-03-03T16:00:00+09:00,2020-03-02,0.85,DGS3,Daily,Percent,2020-03-02T16:15:00-05:00,post-2016-10-11 official daily H.15 calendar at 16:15 ET,none,2020-03-04,2020-03-03T06:15:00+09:00,2020-02-28,-0.2600000000000001,1,5
2020-03-05,1186.4,2020-03-04,2020-03-05,1.029,817Y002,010200000,연%,국고채(3년),KOFIA 16:00 KST source publication; usable from next calendar day; ECOS load time unverified,2020-03-04T16:00:00+09:00,2020-03-03,0.85,DGS3,Daily,Percent,2020-03-03T16:15:00-05:00,post-2016-10-11 official daily H.15 calendar at 16:15 ET,none,2020-03-05,2020-03-04T06:15:00+09:00,2020-03-02,-0.17899999999999994,1,3
2020-03-06,1185.0,2020-03-05,2020-03-06,1.051,817Y002,010200000,연%,국고채(3년),KOFIA 16:00 KST source publication; usable from next calendar day; ECOS load time unverified,2020-03-05T16:00:00+09:00,2020-03-04,0.72,DGS3,Daily,Percent,2020-03-04T16:15:00-05:00,post-2016-10-11 official daily H.15 calendar at 16:15 ET,none,2020-03-06,2020-03-05T06:15:00+09:00,2020-03-03,-0.33099999999999996,1,3
2020-03-09,1191.4,2020-03-06,2020-03-07,1.078,817Y002,010200000,연%,국고채(3년),KOFIA 16:00 KST source publication; usable from next calendar day; ECOS load time unverified,2020-03-06T16:00:00+09:00,2020-03-06,0.61,DGS3,Daily,Percent,2020-03-06T16:15:00-05:00,post-2016-10-11 official daily H.15 calendar at 16:15 ET,none,2020-03-08,2020-03-07T06:15:00+09:00,2020-03-05,-0.4680000000000001,3,4
2020-03-10,1201.4,2020-03-09,2020-03-10,1.038,817Y002,010200000,연%,국고채(3년),KOFIA 16:00 KST source publication; usable from next calendar day; ECOS load time unverified,2020-03-09T16:00:00+09:00,2020-03-06,0.61,DGS3,Daily,Percent,2020-03-06T16:15:00-05:00,post-2016-10-11 official daily H.15 calendar at 16:15 ET,none,2020-03-08,2020-03-07T06:15:00+09:00,2020-03-05,-0.42800000000000005,1,5
2020-03-11,1196.7,2020-03-10,2020-03-11,1.082,817Y002,010200000,연%,국고채(3년),KOFIA 16:00 KST source publication; usable from next calendar day; ECOS load time unverified,2020-03-10T16:00:00+09:00,2020-03-09,0.53,DGS3,Daily,Percent,2020-03-09T16:15:00-04:00,post-2016-10-11 official daily H.15 calendar at 16:15 ET,none,2020-03-11,2020-03-10T05:15:00+09:00,2020-03-06,-0.552,1,5
2020-03-12,1192.8,2020-03-11,2020-03-12,1.086,817Y002,010200000,연%,국고채(3년),KOFIA 16:00 KST source publication; usable from next calendar day; ECOS load time unverified,2020-03-11T16:00:00+09:00,2020-03-10,0.4,DGS3,Daily,Percent,2020-03-10T16:15:00-04:00,post-2016-10-11 official daily H.15 calendar at 16:15 ET,none,2020-03-12,2020-03-11T05:15:00+09:00,2020-03-09,-0.686,1,3
2020-03-13,1202.0,2020-03-12,2020-03-13,1.062,817Y002,010200000,연%,국고채(3년),KOFIA 16:00 KST source publication; usable from next calendar day; ECOS load time unverified,2020-03-12T16:00:00+09:00,2020-03-11,0.58,DGS3,Daily,Percent,2020-03-11T16:15:00-04:00,post-2016-10-11 official daily H.15 calendar at 16:15 ET,none,2020-03-13,2020-03-12T05:15:00+09:00,2020-03-10,-0.4820000000000001,1,3
2020-03-16,1222.2,2020-03-13,2020-03-14,1.149,817Y002,010200000,연%,국고채(3년),KOFIA 16:00 KST source publication; usable from next calendar day; ECOS load time unverified,2020-03-13T16:00:00+09:00,2020-03-13,0.58,DGS3,Daily,Percent,2020-03-13T16:15:00-04:00,post-2016-10-11 official daily H.15 calendar at 16:15 ET,none,2020-03-15,2020-03-14T05:15:00+09:00,2020-03-12,-0.5690000000000001,3,4
2020-03-17,1219.6,2020-03-16,2020-03-17,1.099,817Y002,010200000,연%,국고채(3년),KOFIA 16:00 KST source publication; usable from next calendar day; ECOS load time unverified,2020-03-16T16:00:00+09:00,2020-03-13,0.58,DGS3,Daily,Percent,2020-03-13T16:15:00-04:00,post-2016-10-11 official daily H.15 calendar at 16:15 ET,none,2020-03-15,2020-03-14T05:15:00+09:00,2020-03-12,-0.519,1,5
2020-03-18,1241.2,2020-03-17,2020-03-18,1.03,817Y002,010200000,연%,국고채(3년),KOFIA 16:00 KST source publication; usable from next calendar day; ECOS load time unverified,2020-03-17T16:00:00+09:00,2020-03-16,0.58,DGS3,Daily,Percent,2020-03-16T16:15:00-04:00,post-2016-10-11 official daily H.15 calendar at 16:15 ET,none,2020-03-18,2020-03-17T05:15:00+09:00,2020-03-13,-0.45000000000000007,1,5
2020-03-19,1237.8,2020-03-18,2020-03-19,1.05,817Y002,010200000,연%,국고채(3년),KOFIA 16:00 KST source publication; usable from next calendar day; ECOS load time unverified,2020-03-18T16:00:00+09:00,2020-03-17,0.43,DGS3,Daily,Percent,2020-03-17T16:15:00-04:00,post-2016-10-11 official daily H.15 calendar at 16:15 ET,none,2020-03-19,2020-03-18T05:15:00+09:00,2020-03-16,-0.6200000000000001,1,3
2020-03-20,1280.1,2020-03-19,2020-03-20,1.193,817Y002,010200000,연%,국고채(3년),KOFIA 16:00 KST source publication; usable from next calendar day; ECOS load time unverified,2020-03-19T16:00:00+09:00,2020-03-18,0.54,DGS3,Daily,Percent,2020-03-18T16:15:00-04:00,post-2016-10-11 official daily H.15 calendar at 16:15 ET,none,2020-03-20,2020-03-19T05:15:00+09:00,2020-03-17,-0.653,1,3
2020-03-23,1254.1,2020-03-20,2020-03-21,1.107,817Y002,010200000,연%,국고채(3년),KOFIA 16:00 KST source publication; usable from next calendar day; ECOS load time unverified,2020-03-20T16:00:00+09:00,2020-03-20,0.53,DGS3,Daily,Percent,2020-03-20T16:15:00-04:00,post-2016-10-11 official daily H.15 calendar at 16:15 ET,none,2020-03-22,2020-03-21T05:15:00+09:00,2020-03-19,-0.577,3,4
2020-03-24,1274.6,2020-03-23,2020-03-24,1.153,817Y002,010200000,연%,국고채(3년),KOFIA 16:00 KST source publication; usable from next calendar day; ECOS load time unverified,2020-03-23T16:00:00+09:00,2020-03-20,0.53,DGS3,Daily,Percent,2020-03-20T16:15:00-04:00,post-2016-10-11 official daily H.15 calendar at 16:15 ET,none,2020-03-22,2020-03-21T05:15:00+09:00,2020-03-19,-0.623,1,5
2020-03-25,1256.0,2020-03-24,2020-03-25,1.127,817Y002,010200000,연%,국고채(3년),KOFIA 16:00 KST source publication; usable from next calendar day; ECOS load time unverified,2020-03-24T16:00:00+09:00,2020-03-23,0.41,DGS3,Daily,Percent,2020-03-23T16:15:00-04:00,post-2016-10-11 official daily H.15 calendar at 16:15 ET,none,2020-03-25,2020-03-24T05:15:00+09:00,2020-03-20,-0.7170000000000001,1,5
2020-03-26,1230.7,2020-03-25,2020-03-26,1.131,817Y002,010200000,연%,국고채(3년),KOFIA 16:00 KST source publication; usable from next calendar day; ECOS load time unverified,2020-03-25T16:00:00+09:00,2020-03-24,0.31,DGS3,Daily,Percent,2020-03-24T16:15:00-04:00,post-2016-10-11 official daily H.15 calendar at 16:15 ET,none,2020-03-26,2020-03-25T05:15:00+09:00,2020-03-23,-0.821,1,3
2020-03-27,1227.9,2020-03-26,2020-03-27,1.067,817Y002,010200000,연%,국고채(3년),KOFIA 16:00 KST source publication; usable from next calendar day; ECOS load time unverified,2020-03-26T16:00:00+09:00,2020-03-25,0.44,DGS3,Daily,Percent,2020-03-25T16:15:00-04:00,post-2016-10-11 official daily H.15 calendar at 16:15 ET,none,2020-03-27,2020-03-26T05:15:00+09:00,2020-03-24,-0.627,1,3
2020-03-30,1212.4,2020-03-27,2020-03-28,1.06,817Y002,010200000,연%,국고채(3년),KOFIA 16:00 KST source publication; usable from next calendar day; ECOS load time unverified,2020-03-27T16:00:00+09:00,2020-03-27,0.36,DGS3,Daily,Percent,2020-03-27T16:15:00-04:00,post-2016-10-11 official daily H.15 calendar at 16:15 ET,none,2020-03-29,2020-03-28T05:15:00+09:00,2020-03-26,-0.7000000000000001,3,4
2020-03-31,1222.6,2020-03-30,2020-03-31,1.098,817Y002,010200000,연%,국고채(3년),KOFIA 16:00 KST source publication; usable from next calendar day; ECOS load time unverified,2020-03-30T16:00:00+09:00,2020-03-27,0.36,DGS3,Daily,Percent,2020-03-27T16:15:00-04:00,post-2016-10-11 official daily H.15 calendar at 16:15 ET,none,2020-03-29,2020-03-28T05:15:00+09:00,2020-03-26,-0.7380000000000001,1,5
2020-04-01,1220.0,2020-03-31,2020-04-01,1.07,817Y002,010200000,연%,국고채(3년),KOFIA 16:00 KST source publication; usable from next calendar day; ECOS load time unverified,2020-03-31T16:00:00+09:00,2020-03-30,0.3,DGS3,Daily,Percent,2020-03-30T16:15:00-04:00,post-2016-10-11 official daily H.15 calendar at 16:15 ET,none,2020-04-01,2020-03-31T05:15:00+09:00,2020-03-27,-0.77,1,5
2020-04-02,1222.2,2020-04-01,2020-04-02,1.092,817Y002,010200000,연%,국고채(3년),KOFIA 16:00 KST source publication; usable from next calendar day; ECOS load time unverified,2020-04-01T16:00:00+09:00,2020-03-31,0.29,DGS3,Daily,Percent,2020-03-31T16:15:00-04:00,post-2016-10-11 official daily H.15 calendar at 16:15 ET,none,2020-04-02,2020-04-01T05:15:00+09:00,2020-03-30,-0.802,1,3
2020-04-03,1237.6,2020-04-02,2020-04-03,1.059,817Y002,010200000,연%,국고채(3년),KOFIA 16:00 KST source publication; usable from next calendar day; ECOS load time unverified,2020-04-02T16:00:00+09:00,2020-04-01,0.29,DGS3,Daily,Percent,2020-04-01T16:15:00-04:00,post-2016-10-11 official daily H.15 calendar at 16:15 ET,none,2020-04-03,2020-04-02T05:15:00+09:00,2020-03-31,-0.7689999999999999,1,3
2020-04-06,1229.8,2020-04-03,2020-04-04,1.066,817Y002,010200000,연%,국고채(3년),KOFIA 16:00 KST source publication; usable from next calendar day; ECOS load time unverified,2020-04-03T16:00:00+09:00,2020-04-03,0.29,DGS3,Daily,Percent,2020-04-03T16:15:00-04:00,post-2016-10-11 official daily H.15 calendar at 16:15 ET,none,2020-04-05,2020-04-04T05:15:00+09:00,2020-04-02,-0.776,3,4
2020-04-07,1233.4,2020-04-06,2020-04-07,1.052,817Y002,010200000,연%,국고채(3년),KOFIA 16:00 KST source publication; usable from next calendar day; ECOS load time unverified,2020-04-06T16:00:00+09:00,2020-04-03,0.29,DGS3,Daily,Percent,2020-04-03T16:15:00-04:00,post-2016-10-11 official daily H.15 calendar at 16:15 ET,none,2020-04-05,2020-04-04T05:15:00+09:00,2020-04-02,-0.762,1,5
2020-04-08,1222.4,2020-04-07,2020-04-08,1.047,817Y002,010200000,연%,국고채(3년),KOFIA 16:00 KST source publication; usable from next calendar day; ECOS load time unverified,2020-04-07T16:00:00+09:00,2020-04-06,0.3,DGS3,Daily,Percent,2020-04-06T16:15:00-04:00,post-2016-10-11 official daily H.15 calendar at 16:15 ET,none,2020-04-08,2020-04-07T05:15:00+09:00,2020-04-03,-0.7469999999999999,1,5
2020-04-09,1219.7,2020-04-08,2020-04-09,1.024,817Y002,010200000,연%,국고채(3년),KOFIA 16:00 KST source publication; usable from next calendar day; ECOS load time unverified,2020-04-08T16:00:00+09:00,2020-04-07,0.35,DGS3,Daily,Percent,2020-04-07T16:15:00-04:00,post-2016-10-11 official daily H.15 calendar at 16:15 ET,none,2020-04-09,2020-04-08T05:15:00+09:00,2020-04-06,-0.674,1,3
2020-04-10,1216.4,2020-04-09,2020-04-10,0.986,817Y002,010200000,연%,국고채(3년),KOFIA 16:00 KST source publication; usable from next calendar day; ECOS load time unverified,2020-04-09T16:00:00+09:00,2020-04-08,0.36,DGS3,Daily,Percent,2020-04-08T16:15:00-04:00,post-2016-10-11 official daily H.15 calendar at 16:15 ET,none,2020-04-10,2020-04-09T05:15:00+09:00,2020-04-07,-0.626,1,3
2020-04-13,1212.3,2020-04-10,2020-04-11,0.97,817Y002,010200000,연%,국고채(3년),KOFIA 16:00 KST source publication; usable from next calendar day; ECOS load time unverified,2020-04-10T16:00:00+09:00,2020-04-10,0.29,DGS3,Daily,Percent,2020-04-10T16:15:00-04:00,post-2016-10-11 official daily H.15 calendar at 16:15 ET,none,2020-04-12,2020-04-11T05:15:00+09:00,2020-04-09,-0.6799999999999999,3,4
2020-04-14,1218.7,2020-04-13,2020-04-14,0.996,817Y002,010200000,연%,국고채(3년),KOFIA 16:00 KST source publication; usable from next calendar day; ECOS load time unverified,2020-04-13T16:00:00+09:00,2020-04-10,0.29,DGS3,Daily,Percent,2020-04-10T16:15:00-04:00,post-2016-10-11 official daily H.15 calendar at 16:15 ET,none,2020-04-12,2020-04-11T05:15:00+09:00,2020-04-09,-0.706,1,5
2020-04-16,1216.7,2020-04-14,2020-04-15,0.996,817Y002,010200000,연%,국고채(3년),KOFIA 16:00 KST source publication; usable from next calendar day; ECOS load time unverified,2020-04-14T16:00:00+09:00,2020-04-14,0.31,DGS3,Daily,Percent,2020-04-14T16:15:00-04:00,post-2016-10-11 official daily H.15 calendar at 16:15 ET,none,2020-04-16,2020-04-15T05:15:00+09:00,2020-04-13,-0.6859999999999999,2,3
2020-04-17,1227.5,2020-04-16,2020-04-17,0.982,817Y002,010200000,연%,국고채(3년),KOFIA 16:00 KST source publication; usable from next calendar day; ECOS load time unverified,2020-04-16T16:00:00+09:00,2020-04-15,0.29,DGS3,Daily,Percent,2020-04-15T16:15:00-04:00,post-2016-10-11 official daily H.15 calendar at 16:15 ET,none,2020-04-17,2020-04-16T05:15:00+09:00,2020-04-14,-0.692,1,3
2020-04-20,1219.3,2020-04-17,2020-04-18,1.006,817Y002,010200000,연%,국고채(3년),KOFIA 16:00 KST source publication; usable from next calendar day; ECOS load time unverified,2020-04-17T16:00:00+09:00,2020-04-17,0.25,DGS3,Daily,Percent,2020-04-17T16:15:00-04:00,post-2016-10-11 official daily H.15 calendar at 16:15 ET,none,2020-04-19,2020-04-18T05:15:00+09:00,2020-04-16,-0.756,3,4
2020-04-21,1218.7,2020-04-20,2020-04-21,1.013,817Y002,010200000,연%,국고채(3년),KOFIA 16:00 KST source publication; usable from next calendar day; ECOS load time unverified,2020-04-20T16:00:00+09:00,2020-04-17,0.25,DGS3,Daily,Percent,2020-04-17T16:15:00-04:00,post-2016-10-11 official daily H.15 calendar at 16:15 ET,none,2020-04-19,2020-04-18T05:15:00+09:00,2020-04-16,-0.7629999999999999,1,5
2020-04-22,1231.3,2020-04-21,2020-04-22,1.035,817Y002,010200000,연%,국고채(3년),KOFIA 16:00 KST source publication; usable from next calendar day; ECOS load time unverified,2020-04-21T16:00:00+09:00,2020-04-20,0.26,DGS3,Daily,Percent,2020-04-20T16:15:00-04:00,post-2016-10-11 official daily H.15 calendar at 16:15 ET,none,2020-04-22,2020-04-21T05:15:00+09:00,2020-04-17,-0.7749999999999999,1,5
2020-04-23,1235.2,2020-04-22,2020-04-23,1.046,817Y002,010200000,연%,국고채(3년),KOFIA 16:00 KST source publication; usable from next calendar day; ECOS load time unverified,2020-04-22T16:00:00+09:00,2020-04-21,0.26,DGS3,Daily,Percent,2020-04-21T16:15:00-04:00,post-2016-10-11 official daily H.15 calendar at 16:15 ET,none,2020-04-23,2020-04-22T05:15:00+09:00,2020-04-20,-0.786,1,3
2020-04-24,1232.0,2020-04-23,2020-04-24,1.036,817Y002,010200000,연%,국고채(3년),KOFIA 16:00 KST source publication; usable from next calendar day; ECOS load time unverified,2020-04-23T16:00:00+09:00,2020-04-22,0.24,DGS3,Daily,Percent,2020-04-22T16:15:00-04:00,post-2016-10-11 official daily H.15 calendar at 16:15 ET,none,2020-04-24,2020-04-23T05:15:00+09:00,2020-04-21,-0.796,1,3
2020-04-27,1235.8,2020-04-24,2020-04-25,1.018,817Y002,010200000,연%,국고채(3년),KOFIA 16:00 KST source publication; usable from next calendar day; ECOS load time unverified,2020-04-24T16:00:00+09:00,2020-04-24,0.26,DGS3,Daily,Percent,2020-04-24T16:15:00-04:00,post-2016-10-11 official daily H.15 calendar at 16:15 ET,none,2020-04-26,2020-04-25T05:15:00+09:00,2020-04-23,-0.758,3,4
2020-04-28,1230.3,2020-04-27,2020-04-28,1.026,817Y002,010200000,연%,국고채(3년),KOFIA 16:00 KST source publication; usable from next calendar day; ECOS load time unverified,2020-04-27T16:00:00+09:00,2020-04-24,0.26,DGS3,Daily,Percent,2020-04-24T16:15:00-04:00,post-2016-10-11 official daily H.15 calendar at 16:15 ET,none,2020-04-26,2020-04-25T05:15:00+09:00,2020-04-23,-0.766,1,5
2020-04-29,1225.2,2020-04-28,2020-04-29,1.033,817Y002,010200000,연%,국고채(3년),KOFIA 16:00 KST source publication; usable from next calendar day; ECOS load time unverified,2020-04-28T16:00:00+09:00,2020-04-27,0.26,DGS3,Daily,Percent,2020-04-27T16:15:00-04:00,post-2016-10-11 official daily H.15 calendar at 16:15 ET,none,2020-04-29,2020-04-28T05:15:00+09:00,2020-04-24,-0.7729999999999999,1,5
2020-05-04,1218.5,2020-04-29,2020-04-30,1.006,817Y002,010200000,연%,국고채(3년),KOFIA 16:00 KST source publication; usable from next calendar day; ECOS load time unverified,2020-04-29T16:00:00+09:00,2020-05-01,0.24,DGS3,Daily,Percent,2020-05-01T16:15:00-04:00,post-2016-10-11 official daily H.15 calendar at 16:15 ET,none,2020-05-03,2020-05-02T05:15:00+09:00,2020-04-30,-0.766,5,4
2020-05-06,1227.8,2020-05-04,2020-05-05,0.975,817Y002,010200000,연%,국고채(3년),KOFIA 16:00 KST source publication; usable from next calendar day; ECOS load time unverified,2020-05-04T16:00:00+09:00,2020-05-04,0.25,DGS3,Daily,Percent,2020-05-04T16:15:00-04:00,post-2016-10-11 official daily H.15 calendar at 16:15 ET,none,2020-05-06,2020-05-05T05:15:00+09:00,2020-05-01,-0.725,2,5
2020-05-07,1223.3,2020-05-06,2020-05-07,0.96,817Y002,010200000,연%,국고채(3년),KOFIA 16:00 KST source publication; usable from next calendar day; ECOS load time unverified,2020-05-06T16:00:00+09:00,2020-05-05,0.24,DGS3,Daily,Percent,2020-05-05T16:15:00-04:00,post-2016-10-11 official daily H.15 calendar at 16:15 ET,none,2020-05-07,2020-05-06T05:15:00+09:00,2020-05-04,-0.72,1,3
2020-05-08,1226.5,2020-05-07,2020-05-08,0.946,817Y002,010200000,연%,국고채(3년),KOFIA 16:00 KST source publication; usable from next calendar day; ECOS load time unverified,2020-05-07T16:00:00+09:00,2020-05-06,0.24,DGS3,Daily,Percent,2020-05-06T16:15:00-04:00,post-2016-10-11 official daily H.15 calendar at 16:15 ET,none,2020-05-08,2020-05-07T05:15:00+09:00,2020-05-05,-0.706,1,3
2020-05-11,1217.7,2020-05-08,2020-05-09,0.914,817Y002,010200000,연%,국고채(3년),KOFIA 16:00 KST source publication; usable from next calendar day; ECOS load time unverified,2020-05-08T16:00:00+09:00,2020-05-08,0.19,DGS3,Daily,Percent,2020-05-08T16:15:00-04:00,post-2016-10-11 official daily H.15 calendar at 16:15 ET,none,2020-05-10,2020-05-09T05:15:00+09:00,2020-05-07,-0.724,3,4
2020-05-12,1217.8,2020-05-11,2020-05-12,0.926,817Y002,010200000,연%,국고채(3년),KOFIA 16:00 KST source publication; usable from next calendar day; ECOS load time unverified,2020-05-11T16:00:00+09:00,2020-05-08,0.19,DGS3,Daily,Percent,2020-05-08T16:15:00-04:00,post-2016-10-11 official daily H.15 calendar at 16:15 ET,none,2020-05-10,2020-05-09T05:15:00+09:00,2020-05-07,-0.736,1,5
2020-05-13,1226.7,2020-05-12,2020-05-13,0.886,817Y002,010200000,연%,국고채(3년),KOFIA 16:00 KST source publication; usable from next calendar day; ECOS load time unverified,2020-05-12T16:00:00+09:00,2020-05-11,0.21,DGS3,Daily,Percent,2020-05-11T16:15:00-04:00,post-2016-10-11 official daily H.15 calendar at 16:15 ET,none,2020-05-13,2020-05-12T05:15:00+09:00,2020-05-08,-0.676,1,5
2020-05-14,1226.3,2020-05-13,2020-05-14,0.856,817Y002,010200000,연%,국고채(3년),KOFIA 16:00 KST source publication; usable from next calendar day; ECOS load time unverified,2020-05-13T16:00:00+09:00,2020-05-12,0.24,DGS3,Daily,Percent,2020-05-12T16:15:00-04:00,post-2016-10-11 official daily H.15 calendar at 16:15 ET,none,2020-05-14,2020-05-13T05:15:00+09:00,2020-05-11,-0.616,1,3
2020-05-15,1227.9,2020-05-14,2020-05-15,0.869,817Y002,010200000,연%,국고채(3년),KOFIA 16:00 KST source publication; usable from next calendar day; ECOS load time unverified,2020-05-14T16:00:00+09:00,2020-05-13,0.22,DGS3,Daily,Percent,2020-05-13T16:15:00-04:00,post-2016-10-11 official daily H.15 calendar at 16:15 ET,none,2020-05-15,2020-05-14T05:15:00+09:00,2020-05-12,-0.649,1,3
2020-05-18,1229.3,2020-05-15,2020-05-16,0.874,817Y002,010200000,연%,국고채(3년),KOFIA 16:00 KST source publication; usable from next calendar day; ECOS load time unverified,2020-05-15T16:00:00+09:00,2020-05-15,0.2,DGS3,Daily,Percent,2020-05-15T16:15:00-04:00,post-2016-10-11 official daily H.15 calendar at 16:15 ET,none,2020-05-17,2020-05-16T05:15:00+09:00,2020-05-14,-0.6739999999999999,3,4
2020-05-19,1231.6,2020-05-18,2020-05-19,0.887,817Y002,010200000,연%,국고채(3년),KOFIA 16:00 KST source publication; usable from next calendar day; ECOS load time unverified,2020-05-18T16:00:00+09:00,2020-05-15,0.2,DGS3,Daily,Percent,2020-05-15T16:15:00-04:00,post-2016-10-11 official daily H.15 calendar at 16:15 ET,none,2020-05-17,2020-05-16T05:15:00+09:00,2020-05-14,-0.687,1,5
2020-05-20,1224.5,2020-05-19,2020-05-20,0.876,817Y002,010200000,연%,국고채(3년),KOFIA 16:00 KST source publication; usable from next calendar day; ECOS load time unverified,2020-05-19T16:00:00+09:00,2020-05-18,0.19,DGS3,Daily,Percent,2020-05-18T16:15:00-04:00,post-2016-10-11 official daily H.15 calendar at 16:15 ET,none,2020-05-20,2020-05-19T05:15:00+09:00,2020-05-15,-0.6859999999999999,1,5
2020-05-21,1227.8,2020-05-20,2020-05-21,0.868,817Y002,010200000,연%,국고채(3년),KOFIA 16:00 KST source publication; usable from next calendar day; ECOS load time unverified,2020-05-20T16:00:00+09:00,2020-05-19,0.24,DGS3,Daily,Percent,2020-05-19T16:15:00-04:00,post-2016-10-11 official daily H.15 calendar at 16:15 ET,none,2020-05-21,2020-05-20T05:15:00+09:00,2020-05-18,-0.628,1,3
2020-05-22,1230.7,2020-05-21,2020-05-22,0.856,817Y002,010200000,연%,국고채(3년),KOFIA 16:00 KST source publication; usable from next calendar day; ECOS load time unverified,2020-05-21T16:00:00+09:00,2020-05-20,0.22,DGS3,Daily,Percent,2020-05-20T16:15:00-04:00,post-2016-10-11 official daily H.15 calendar at 16:15 ET,none,2020-05-22,2020-05-21T05:15:00+09:00,2020-05-19,-0.636,1,3
2020-05-25,1236.2,2020-05-22,2020-05-23,0.837,817Y002,010200000,연%,국고채(3년),KOFIA 16:00 KST source publication; usable from next calendar day; ECOS load time unverified,2020-05-22T16:00:00+09:00,2020-05-22,0.21,DGS3,Daily,Percent,2020-05-22T16:15:00-04:00,post-2016-10-11 official daily H.15 calendar at 16:15 ET,none,2020-05-24,2020-05-23T05:15:00+09:00,2020-05-21,-0.627,3,4
2020-05-26,1242.0,2020-05-25,2020-05-26,0.815,817Y002,010200000,연%,국고채(3년),KOFIA 16:00 KST source publication; usable from next calendar day; ECOS load time unverified,2020-05-25T16:00:00+09:00,2020-05-22,0.21,DGS3,Daily,Percent,2020-05-22T16:15:00-04:00,post-2016-10-11 official daily H.15 calendar at 16:15 ET,none,2020-05-24,2020-05-23T05:15:00+09:00,2020-05-21,-0.605,1,5
2020-05-27,1237.1,2020-05-26,2020-05-27,0.839,817Y002,010200000,연%,국고채(3년),KOFIA 16:00 KST source publication; usable from next calendar day; ECOS load time unverified,2020-05-26T16:00:00+09:00,2020-05-22,0.21,DGS3,Daily,Percent,2020-05-22T16:15:00-04:00,post-2016-10-11 official daily H.15 calendar at 16:15 ET,none,2020-05-24,2020-05-23T05:15:00+09:00,2020-05-21,-0.629,1,6
2020-05-28,1233.7,2020-05-27,2020-05-28,0.863,817Y002,010200000,연%,국고채(3년),KOFIA 16:00 KST source publication; usable from next calendar day; ECOS load time unverified,2020-05-27T16:00:00+09:00,2020-05-26,0.21,DGS3,Daily,Percent,2020-05-26T16:15:00-04:00,post-2016-10-11 official daily H.15 calendar at 16:15 ET,none,2020-05-28,2020-05-27T05:15:00+09:00,2020-05-22,-0.653,1,6
2020-05-29,1239.4,2020-05-28,2020-05-29,0.818,817Y002,010200000,연%,국고채(3년),KOFIA 16:00 KST source publication; usable from next calendar day; ECOS load time unverified,2020-05-28T16:00:00+09:00,2020-05-27,0.22,DGS3,Daily,Percent,2020-05-27T16:15:00-04:00,post-2016-10-11 official daily H.15 calendar at 16:15 ET,none,2020-05-29,2020-05-28T05:15:00+09:00,2020-05-26,-0.598,1,3
2020-06-01,1237.6,2020-05-29,2020-05-30,0.826,817Y002,010200000,연%,국고채(3년),KOFIA 16:00 KST source publication; usable from next calendar day; ECOS load time unverified,2020-05-29T16:00:00+09:00,2020-05-29,0.22,DGS3,Daily,Percent,2020-05-29T16:15:00-04:00,post-2016-10-11 official daily H.15 calendar at 16:15 ET,none,2020-05-31,2020-05-30T05:15:00+09:00,2020-05-28,-0.606,3,4
2020-06-02,1227.8,2020-06-01,2020-06-02,0.831,817Y002,010200000,연%,국고채(3년),KOFIA 16:00 KST source publication; usable from next calendar day; ECOS load time unverified,2020-06-01T16:00:00+09:00,2020-05-29,0.22,DGS3,Daily,Percent,2020-05-29T16:15:00-04:00,post-2016-10-11 official daily H.15 calendar at 16:15 ET,none,2020-05-31,2020-05-30T05:15:00+09:00,2020-05-28,-0.611,1,5
2020-06-03,1224.1,2020-06-02,2020-06-03,0.851,817Y002,010200000,연%,국고채(3년),KOFIA 16:00 KST source publication; usable from next calendar day; ECOS load time unverified,2020-06-02T16:00:00+09:00,2020-06-01,0.19,DGS3,Daily,Percent,2020-06-01T16:15:00-04:00,post-2016-10-11 official daily H.15 calendar at 16:15 ET,none,2020-06-03,2020-06-02T05:15:00+09:00,2020-05-29,-0.661,1,5
2020-06-04,1216.9,2020-06-03,2020-06-04,0.866,817Y002,010200000,연%,국고채(3년),KOFIA 16:00 KST source publication; usable from next calendar day; ECOS load time unverified,2020-06-03T16:00:00+09:00,2020-06-02,0.2,DGS3,Daily,Percent,2020-06-02T16:15:00-04:00,post-2016-10-11 official daily H.15 calendar at 16:15 ET,none,2020-06-04,2020-06-03T05:15:00+09:00,2020-06-01,-0.6659999999999999,1,3
2020-06-05,1217.4,2020-06-04,2020-06-05,0.886,817Y002,010200000,연%,국고채(3년),KOFIA 16:00 KST source publication; usable from next calendar day; ECOS load time unverified,2020-06-04T16:00:00+09:00,2020-06-03,0.2,DGS3,Daily,Percent,2020-06-03T16:15:00-04:00,post-2016-10-11 official daily H.15 calendar at 16:15 ET,none,2020-06-05,2020-06-04T05:15:00+09:00,2020-06-02,-0.6859999999999999,1,3
2020-06-08,1213.1,2020-06-05,2020-06-06,0.894,817Y002,010200000,연%,국고채(3년),KOFIA 16:00 KST source publication; usable from next calendar day; ECOS load time unverified,2020-06-05T16:00:00+09:00,2020-06-05,0.26,DGS3,Daily,Percent,2020-06-05T16:15:00-04:00,post-2016-10-11 official daily H.15 calendar at 16:15 ET,none,2020-06-07,2020-06-06T05:15:00+09:00,2020-06-04,-0.634,3,4
2020-06-09,1204.2,2020-06-08,2020-06-09,0.902,817Y002,010200000,연%,국고채(3년),KOFIA 16:00 KST source publication; usable from next calendar day; ECOS load time unverified,2020-06-08T16:00:00+09:00,2020-06-05,0.26,DGS3,Daily,Percent,2020-06-05T16:15:00-04:00,post-2016-10-11 official daily H.15 calendar at 16:15 ET,none,2020-06-07,2020-06-06T05:15:00+09:00,2020-06-04,-0.642,1,5
2020-06-10,1197.7,2020-06-09,2020-06-10,0.861,817Y002,010200000,연%,국고채(3년),KOFIA 16:00 KST source publication; usable from next calendar day; ECOS load time unverified,2020-06-09T16:00:00+09:00,2020-06-08,0.29,DGS3,Daily,Percent,2020-06-08T16:15:00-04:00,post-2016-10-11 official daily H.15 calendar at 16:15 ET,none,2020-06-10,2020-06-09T05:15:00+09:00,2020-06-05,-0.571,1,5
2020-06-11,1194.4,2020-06-10,2020-06-11,0.84,817Y002,010200000,연%,국고채(3년),KOFIA 16:00 KST source publication; usable from next calendar day; ECOS load time unverified,2020-06-10T16:00:00+09:00,2020-06-09,0.29,DGS3,Daily,Percent,2020-06-09T16:15:00-04:00,post-2016-10-11 official daily H.15 calendar at 16:15 ET,none,2020-06-11,2020-06-10T05:15:00+09:00,2020-06-08,-0.55,1,3
2020-06-12,1192.8,2020-06-11,2020-06-12,0.837,817Y002,010200000,연%,국고채(3년),KOFIA 16:00 KST source publication; usable from next calendar day; ECOS load time unverified,2020-06-11T16:00:00+09:00,2020-06-10,0.25,DGS3,Daily,Percent,2020-06-10T16:15:00-04:00,post-2016-10-11 official daily H.15 calendar at 16:15 ET,none,2020-06-12,2020-06-11T05:15:00+09:00,2020-06-09,-0.587,1,3
2020-06-15,1206.6,2020-06-12,2020-06-13,0.841,817Y002,010200000,연%,국고채(3년),KOFIA 16:00 KST source publication; usable from next calendar day; ECOS load time unverified,2020-06-12T16:00:00+09:00,2020-06-12,0.22,DGS3,Daily,Percent,2020-06-12T16:15:00-04:00,post-2016-10-11 official daily H.15 calendar at 16:15 ET,none,2020-06-14,2020-06-13T05:15:00+09:00,2020-06-11,-0.621,3,4
2020-06-16,1210.8,2020-06-15,2020-06-16,0.861,817Y002,010200000,연%,국고채(3년),KOFIA 16:00 KST source publication; usable from next calendar day; ECOS load time unverified,2020-06-15T16:00:00+09:00,2020-06-12,0.22,DGS3,Daily,Percent,2020-06-12T16:15:00-04:00,post-2016-10-11 official daily H.15 calendar at 16:15 ET,none,2020-06-14,2020-06-13T05:15:00+09:00,2020-06-11,-0.641,1,5
2020-06-17,1206.6,2020-06-16,2020-06-17,0.86,817Y002,010200000,연%,국고채(3년),KOFIA 16:00 KST source publication; usable from next calendar day; ECOS load time unverified,2020-06-16T16:00:00+09:00,2020-06-15,0.22,DGS3,Daily,Percent,2020-06-15T16:15:00-04:00,post-2016-10-11 official daily H.15 calendar at 16:15 ET,none,2020-06-17,2020-06-16T05:15:00+09:00,2020-06-12,-0.64,1,5
2020-06-18,1214.5,2020-06-17,2020-06-18,0.874,817Y002,010200000,연%,국고채(3년),KOFIA 16:00 KST source publication; usable from next calendar day; ECOS load time unverified,2020-06-17T16:00:00+09:00,2020-06-16,0.22,DGS3,Daily,Percent,2020-06-16T16:15:00-04:00,post-2016-10-11 official daily H.15 calendar at 16:15 ET,none,2020-06-18,2020-06-17T05:15:00+09:00,2020-06-15,-0.654,1,3
2020-06-19,1213.0,2020-06-18,2020-06-19,0.842,817Y002,010200000,연%,국고채(3년),KOFIA 16:00 KST source publication; usable from next calendar day; ECOS load time unverified,2020-06-18T16:00:00+09:00,2020-06-17,0.23,DGS3,Daily,Percent,2020-06-17T16:15:00-04:00,post-2016-10-11 official daily H.15 calendar at 16:15 ET,none,2020-06-19,2020-06-18T05:15:00+09:00,2020-06-16,-0.612,1,3
2020-06-22,1212.0,2020-06-19,2020-06-20,0.844,817Y002,010200000,연%,국고채(3년),KOFIA 16:00 KST source publication; usable from next calendar day; ECOS load time unverified,2020-06-19T16:00:00+09:00,2020-06-19,0.22,DGS3,Daily,Percent,2020-06-19T16:15:00-04:00,post-2016-10-11 official daily H.15 calendar at 16:15 ET,none,2020-06-21,2020-06-20T05:15:00+09:00,2020-06-18,-0.624,3,4
2020-06-23,1213.2,2020-06-22,2020-06-23,0.846,817Y002,010200000,연%,국고채(3년),KOFIA 16:00 KST source publication; usable from next calendar day; ECOS load time unverified,2020-06-22T16:00:00+09:00,2020-06-19,0.22,DGS3,Daily,Percent,2020-06-19T16:15:00-04:00,post-2016-10-11 official daily H.15 calendar at 16:15 ET,none,2020-06-21,2020-06-20T05:15:00+09:00,2020-06-18,-0.626,1,5
2020-06-24,1210.1,2020-06-23,2020-06-24,0.827,817Y002,010200000,연%,국고채(3년),KOFIA 16:00 KST source publication; usable from next calendar day; ECOS load time unverified,2020-06-23T16:00:00+09:00,2020-06-22,0.22,DGS3,Daily,Percent,2020-06-22T16:15:00-04:00,post-2016-10-11 official daily H.15 calendar at 16:15 ET,none,2020-06-24,2020-06-23T05:15:00+09:00,2020-06-19,-0.607,1,5
2020-06-25,1202.9,2020-06-24,2020-06-25,0.819,817Y002,010200000,연%,국고채(3년),KOFIA 16:00 KST source publication; usable from next calendar day; ECOS load time unverified,2020-06-24T16:00:00+09:00,2020-06-23,0.22,DGS3,Daily,Percent,2020-06-23T16:15:00-04:00,post-2016-10-11 official daily H.15 calendar at 16:15 ET,none,2020-06-25,2020-06-24T05:15:00+09:00,2020-06-22,-0.599,1,3
2020-06-26,1205.2,2020-06-25,2020-06-26,0.817,817Y002,010200000,연%,국고채(3년),KOFIA 16:00 KST source publication; usable from next calendar day; ECOS load time unverified,2020-06-25T16:00:00+09:00,2020-06-24,0.22,DGS3,Daily,Percent,2020-06-24T16:15:00-04:00,post-2016-10-11 official daily H.15 calendar at 16:15 ET,none,2020-06-26,2020-06-25T05:15:00+09:00,2020-06-23,-0.597,1,3
2020-06-29,1198.6,2020-06-26,2020-06-27,0.811,817Y002,010200000,연%,국고채(3년),KOFIA 16:00 KST source publication; usable from next calendar day; ECOS load time unverified,2020-06-26T16:00:00+09:00,2020-06-26,0.21,DGS3,Daily,Percent,2020-06-26T16:15:00-04:00,post-2016-10-11 official daily H.15 calendar at 16:15 ET,none,2020-06-28,2020-06-27T05:15:00+09:00,2020-06-25,-0.6010000000000001,3,4
2020-06-30,1200.7,2020-06-29,2020-06-30,0.842,817Y002,010200000,연%,국고채(3년),KOFIA 16:00 KST source publication; usable from next calendar day; ECOS load time unverified,2020-06-29T16:00:00+09:00,2020-06-26,0.21,DGS3,Daily,Percent,2020-06-26T16:15:00-04:00,post-2016-10-11 official daily H.15 calendar at 16:15 ET,none,2020-06-28,2020-06-27T05:15:00+09:00,2020-06-25,-0.632,1,5
2020-07-01,1198.5,2020-06-30,2020-07-01,0.842,817Y002,010200000,연%,국고채(3년),KOFIA 16:00 KST source publication; usable from next calendar day; ECOS load time unverified,2020-06-30T16:00:00+09:00,2020-06-29,0.19,DGS3,Daily,Percent,2020-06-29T16:15:00-04:00,post-2016-10-11 official daily H.15 calendar at 16:15 ET,none,2020-07-01,2020-06-30T05:15:00+09:00,2020-06-26,-0.6519999999999999,1,5
2020-07-02,1201.6,2020-07-01,2020-07-02,0.847,817Y002,010200000,연%,국고채(3년),KOFIA 16:00 KST source publication; usable from next calendar day; ECOS load time unverified,2020-07-01T16:00:00+09:00,2020-06-30,0.18,DGS3,Daily,Percent,2020-06-30T16:15:00-04:00,post-2016-10-11 official daily H.15 calendar at 16:15 ET,none,2020-07-02,2020-07-01T05:15:00+09:00,2020-06-29,-0.667,1,3
2020-07-03,1201.0,2020-07-02,2020-07-03,0.831,817Y002,010200000,연%,국고채(3년),KOFIA 16:00 KST source publication; usable from next calendar day; ECOS load time unverified,2020-07-02T16:00:00+09:00,2020-07-01,0.18,DGS3,Daily,Percent,2020-07-01T16:15:00-04:00,post-2016-10-11 official daily H.15 calendar at 16:15 ET,none,2020-07-03,2020-07-02T05:15:00+09:00,2020-06-30,-0.651,1,3
2020-07-06,1200.4,2020-07-03,2020-07-04,0.838,817Y002,010200000,연%,국고채(3년),KOFIA 16:00 KST source publication; usable from next calendar day; ECOS load time unverified,2020-07-03T16:00:00+09:00,2020-07-02,0.19,DGS3,Daily,Percent,2020-07-02T16:15:00-04:00,post-2016-10-11 official daily H.15 calendar at 16:15 ET,none,2020-07-04,2020-07-03T05:15:00+09:00,2020-07-01,-0.6479999999999999,3,5
2020-07-07,1196.8,2020-07-06,2020-07-07,0.854,817Y002,010200000,연%,국고채(3년),KOFIA 16:00 KST source publication; usable from next calendar day; ECOS load time unverified,2020-07-06T16:00:00+09:00,2020-07-02,0.19,DGS3,Daily,Percent,2020-07-02T16:15:00-04:00,post-2016-10-11 official daily H.15 calendar at 16:15 ET,none,2020-07-04,2020-07-03T05:15:00+09:00,2020-07-01,-0.6639999999999999,1,6
2020-07-08,1192.9,2020-07-07,2020-07-08,0.843,817Y002,010200000,연%,국고채(3년),KOFIA 16:00 KST source publication; usable from next calendar day; ECOS load time unverified,2020-07-07T16:00:00+09:00,2020-07-06,0.19,DGS3,Daily,Percent,2020-07-06T16:15:00-04:00,post-2016-10-11 official daily H.15 calendar at 16:15 ET,none,2020-07-08,2020-07-07T05:15:00+09:00,2020-07-02,-0.653,1,6
2020-07-09,1195.8,2020-07-08,2020-07-09,0.839,817Y002,010200000,연%,국고채(3년),KOFIA 16:00 KST source publication; usable from next calendar day; ECOS load time unverified,2020-07-08T16:00:00+09:00,2020-07-07,0.19,DGS3,Daily,Percent,2020-07-07T16:15:00-04:00,post-2016-10-11 official daily H.15 calendar at 16:15 ET,none,2020-07-09,2020-07-08T05:15:00+09:00,2020-07-06,-0.649,1,3
2020-07-10,1194.5,2020-07-09,2020-07-10,0.84,817Y002,010200000,연%,국고채(3년),KOFIA 16:00 KST source publication; usable from next calendar day; ECOS load time unverified,2020-07-09T16:00:00+09:00,2020-07-08,0.19,DGS3,Daily,Percent,2020-07-08T16:15:00-04:00,post-2016-10-11 official daily H.15 calendar at 16:15 ET,none,2020-07-10,2020-07-09T05:15:00+09:00,2020-07-07,-0.6499999999999999,1,3
2020-07-13,1202.4,2020-07-10,2020-07-11,0.849,817Y002,010200000,연%,국고채(3년),KOFIA 16:00 KST source publication; usable from next calendar day; ECOS load time unverified,2020-07-10T16:00:00+09:00,2020-07-10,0.18,DGS3,Daily,Percent,2020-07-10T16:15:00-04:00,post-2016-10-11 official daily H.15 calendar at 16:15 ET,none,2020-07-12,2020-07-11T05:15:00+09:00,2020-07-09,-0.669,3,4
2020-07-14,1200.3,2020-07-13,2020-07-14,0.86,817Y002,010200000,연%,국고채(3년),KOFIA 16:00 KST source publication; usable from next calendar day; ECOS load time unverified,2020-07-13T16:00:00+09:00,2020-07-10,0.18,DGS3,Daily,Percent,2020-07-10T16:15:00-04:00,post-2016-10-11 official daily H.15 calendar at 16:15 ET,none,2020-07-12,2020-07-11T05:15:00+09:00,2020-07-09,-0.6799999999999999,1,5
2020-07-15,1206.4,2020-07-14,2020-07-15,0.854,817Y002,010200000,연%,국고채(3년),KOFIA 16:00 KST source publication; usable from next calendar day; ECOS load time unverified,2020-07-14T16:00:00+09:00,2020-07-13,0.19,DGS3,Daily,Percent,2020-07-13T16:15:00-04:00,post-2016-10-11 official daily H.15 calendar at 16:15 ET,none,2020-07-15,2020-07-14T05:15:00+09:00,2020-07-10,-0.6639999999999999,1,5
2020-07-16,1200.7,2020-07-15,2020-07-16,0.847,817Y002,010200000,연%,국고채(3년),KOFIA 16:00 KST source publication; usable from next calendar day; ECOS load time unverified,2020-07-15T16:00:00+09:00,2020-07-14,0.19,DGS3,Daily,Percent,2020-07-14T16:15:00-04:00,post-2016-10-11 official daily H.15 calendar at 16:15 ET,none,2020-07-16,2020-07-15T05:15:00+09:00,2020-07-13,-0.657,1,3
2020-07-17,1204.1,2020-07-16,2020-07-17,0.829,817Y002,010200000,연%,국고채(3년),KOFIA 16:00 KST source publication; usable from next calendar day; ECOS load time unverified,2020-07-16T16:00:00+09:00,2020-07-15,0.19,DGS3,Daily,Percent,2020-07-15T16:15:00-04:00,post-2016-10-11 official daily H.15 calendar at 16:15 ET,none,2020-07-17,2020-07-16T05:15:00+09:00,2020-07-14,-0.639,1,3
2020-07-20,1205.7,2020-07-17,2020-07-18,0.812,817Y002,010200000,연%,국고채(3년),KOFIA 16:00 KST source publication; usable from next calendar day; ECOS load time unverified,2020-07-17T16:00:00+09:00,2020-07-17,0.17,DGS3,Daily,Percent,2020-07-17T16:15:00-04:00,post-2016-10-11 official daily H.15 calendar at 16:15 ET,none,2020-07-19,2020-07-18T05:15:00+09:00,2020-07-16,-0.642,3,4
2020-07-21,1203.7,2020-07-20,2020-07-21,0.801,817Y002,010200000,연%,국고채(3년),KOFIA 16:00 KST source publication; usable from next calendar day; ECOS load time unverified,2020-07-20T16:00:00+09:00,2020-07-17,0.17,DGS3,Daily,Percent,2020-07-17T16:15:00-04:00,post-2016-10-11 official daily H.15 calendar at 16:15 ET,none,2020-07-19,2020-07-18T05:15:00+09:00,2020-07-16,-0.631,1,5
2020-07-22,1198.1,2020-07-21,2020-07-22,0.818,817Y002,010200000,연%,국고채(3년),KOFIA 16:00 KST source publication; usable from next calendar day; ECOS load time unverified,2020-07-21T16:00:00+09:00,2020-07-20,0.18,DGS3,Daily,Percent,2020-07-20T16:15:00-04:00,post-2016-10-11 official daily H.15 calendar at 16:15 ET,none,2020-07-22,2020-07-21T05:15:00+09:00,2020-07-17,-0.6379999999999999,1,5
2020-07-23,1193.7,2020-07-22,2020-07-23,0.81,817Y002,010200000,연%,국고채(3년),KOFIA 16:00 KST source publication; usable from next calendar day; ECOS load time unverified,2020-07-22T16:00:00+09:00,2020-07-21,0.18,DGS3,Daily,Percent,2020-07-21T16:15:00-04:00,post-2016-10-11 official daily H.15 calendar at 16:15 ET,none,2020-07-23,2020-07-22T05:15:00+09:00,2020-07-20,-0.6300000000000001,1,3
2020-07-24,1198.5,2020-07-23,2020-07-24,0.798,817Y002,010200000,연%,국고채(3년),KOFIA 16:00 KST source publication; usable from next calendar day; ECOS load time unverified,2020-07-23T16:00:00+09:00,2020-07-22,0.17,DGS3,Daily,Percent,2020-07-22T16:15:00-04:00,post-2016-10-11 official daily H.15 calendar at 16:15 ET,none,2020-07-24,2020-07-23T05:15:00+09:00,2020-07-21,-0.628,1,3
2020-07-27,1201.3,2020-07-24,2020-07-25,0.799,817Y002,010200000,연%,국고채(3년),KOFIA 16:00 KST source publication; usable from next calendar day; ECOS load time unverified,2020-07-24T16:00:00+09:00,2020-07-24,0.16,DGS3,Daily,Percent,2020-07-24T16:15:00-04:00,post-2016-10-11 official daily H.15 calendar at 16:15 ET,none,2020-07-26,2020-07-25T05:15:00+09:00,2020-07-23,-0.639,3,4
2020-07-28,1196.6,2020-07-27,2020-07-28,0.803,817Y002,010200000,연%,국고채(3년),KOFIA 16:00 KST source publication; usable from next calendar day; ECOS load time unverified,2020-07-27T16:00:00+09:00,2020-07-24,0.16,DGS3,Daily,Percent,2020-07-24T16:15:00-04:00,post-2016-10-11 official daily H.15 calendar at 16:15 ET,none,2020-07-26,2020-07-25T05:15:00+09:00,2020-07-23,-0.643,1,5
2020-07-29,1195.1,2020-07-28,2020-07-29,0.813,817Y002,010200000,연%,국고채(3년),KOFIA 16:00 KST source publication; usable from next calendar day; ECOS load time unverified,2020-07-28T16:00:00+09:00,2020-07-27,0.17,DGS3,Daily,Percent,2020-07-27T16:15:00-04:00,post-2016-10-11 official daily H.15 calendar at 16:15 ET,none,2020-07-29,2020-07-28T05:15:00+09:00,2020-07-24,-0.6429999999999999,1,5
2020-07-30,1195.2,2020-07-29,2020-07-30,0.811,817Y002,010200000,연%,국고채(3년),KOFIA 16:00 KST source publication; usable from next calendar day; ECOS load time unverified,2020-07-29T16:00:00+09:00,2020-07-28,0.18,DGS3,Daily,Percent,2020-07-28T16:15:00-04:00,post-2016-10-11 official daily H.15 calendar at 16:15 ET,none,2020-07-30,2020-07-29T05:15:00+09:00,2020-07-27,-0.631,1,3
2020-07-31,1191.4,2020-07-30,2020-07-31,0.799,817Y002,010200000,연%,국고채(3년),KOFIA 16:00 KST source publication; usable from next calendar day; ECOS load time unverified,2020-07-30T16:00:00+09:00,2020-07-29,0.16,DGS3,Daily,Percent,2020-07-29T16:15:00-04:00,post-2016-10-11 official daily H.15 calendar at 16:15 ET,none,2020-07-31,2020-07-30T05:15:00+09:00,2020-07-28,-0.639,1,3
2020-08-03,1189.1,2020-07-31,2020-08-01,0.796,817Y002,010200000,연%,국고채(3년),KOFIA 16:00 KST source publication; usable from next calendar day; ECOS load time unverified,2020-07-31T16:00:00+09:00,2020-07-31,0.14,DGS3,Daily,Percent,2020-07-31T16:15:00-04:00,post-2016-10-11 official daily H.15 calendar at 16:15 ET,none,2020-08-02,2020-08-01T05:15:00+09:00,2020-07-30,-0.656,3,4
2020-08-04,1193.7,2020-08-03,2020-08-04,0.799,817Y002,010200000,연%,국고채(3년),KOFIA 16:00 KST source publication; usable from next calendar day; ECOS load time unverified,2020-08-03T16:00:00+09:00,2020-07-31,0.14,DGS3,Daily,Percent,2020-07-31T16:15:00-04:00,post-2016-10-11 official daily H.15 calendar at 16:15 ET,none,2020-08-02,2020-08-01T05:15:00+09:00,2020-07-30,-0.659,1,5
2020-08-05,1193.5,2020-08-04,2020-08-05,0.802,817Y002,010200000,연%,국고채(3년),KOFIA 16:00 KST source publication; usable from next calendar day; ECOS load time unverified,2020-08-04T16:00:00+09:00,2020-08-03,0.11,DGS3,Daily,Percent,2020-08-03T16:15:00-04:00,post-2016-10-11 official daily H.15 calendar at 16:15 ET,none,2020-08-05,2020-08-04T05:15:00+09:00,2020-07-31,-0.6920000000000001,1,5
2020-08-06,1190.3,2020-08-05,2020-08-06,0.795,817Y002,010200000,연%,국고채(3년),KOFIA 16:00 KST source publication; usable from next calendar day; ECOS load time unverified,2020-08-05T16:00:00+09:00,2020-08-04,0.13,DGS3,Daily,Percent,2020-08-04T16:15:00-04:00,post-2016-10-11 official daily H.15 calendar at 16:15 ET,none,2020-08-06,2020-08-05T05:15:00+09:00,2020-08-03,-0.665,1,3
2020-08-07,1184.3,2020-08-06,2020-08-07,0.807,817Y002,010200000,연%,국고채(3년),KOFIA 16:00 KST source publication; usable from next calendar day; ECOS load time unverified,2020-08-06T16:00:00+09:00,2020-08-05,0.1,DGS3,Daily,Percent,2020-08-05T16:15:00-04:00,post-2016-10-11 official daily H.15 calendar at 16:15 ET,none,2020-08-07,2020-08-06T05:15:00+09:00,2020-08-04,-0.7070000000000001,1,3
2020-08-10,1185.9,2020-08-07,2020-08-08,0.81,817Y002,010200000,연%,국고채(3년),KOFIA 16:00 KST source publication; usable from next calendar day; ECOS load time unverified,2020-08-07T16:00:00+09:00,2020-08-07,0.13,DGS3,Daily,Percent,2020-08-07T16:15:00-04:00,post-2016-10-11 official daily H.15 calendar at 16:15 ET,none,2020-08-09,2020-08-08T05:15:00+09:00,2020-08-06,-0.68,3,4
2020-08-11,1186.7,2020-08-10,2020-08-11,0.83,817Y002,010200000,연%,국고채(3년),KOFIA 16:00 KST source publication; usable from next calendar day; ECOS load time unverified,2020-08-10T16:00:00+09:00,2020-08-07,0.13,DGS3,Daily,Percent,2020-08-07T16:15:00-04:00,post-2016-10-11 official daily H.15 calendar at 16:15 ET,none,2020-08-09,2020-08-08T05:15:00+09:00,2020-08-06,-0.7,1,5
2020-08-12,1184.9,2020-08-11,2020-08-12,0.818,817Y002,010200000,연%,국고채(3년),KOFIA 16:00 KST source publication; usable from next calendar day; ECOS load time unverified,2020-08-11T16:00:00+09:00,2020-08-10,0.14,DGS3,Daily,Percent,2020-08-10T16:15:00-04:00,post-2016-10-11 official daily H.15 calendar at 16:15 ET,none,2020-08-12,2020-08-11T05:15:00+09:00,2020-08-07,-0.6779999999999999,1,5
2020-08-13,1186.0,2020-08-12,2020-08-13,0.827,817Y002,010200000,연%,국고채(3년),KOFIA 16:00 KST source publication; usable from next calendar day; ECOS load time unverified,2020-08-12T16:00:00+09:00,2020-08-11,0.15,DGS3,Daily,Percent,2020-08-11T16:15:00-04:00,post-2016-10-11 official daily H.15 calendar at 16:15 ET,none,2020-08-13,2020-08-12T05:15:00+09:00,2020-08-10,-0.6769999999999999,1,3
2020-08-14,1183.6,2020-08-13,2020-08-14,0.815,817Y002,010200000,연%,국고채(3년),KOFIA 16:00 KST source publication; usable from next calendar day; ECOS load time unverified,2020-08-13T16:00:00+09:00,2020-08-12,0.18,DGS3,Daily,Percent,2020-08-12T16:15:00-04:00,post-2016-10-11 official daily H.15 calendar at 16:15 ET,none,2020-08-14,2020-08-13T05:15:00+09:00,2020-08-11,-0.635,1,3
2020-08-18,1185.8,2020-08-14,2020-08-15,0.828,817Y002,010200000,연%,국고채(3년),KOFIA 16:00 KST source publication; usable from next calendar day; ECOS load time unverified,2020-08-14T16:00:00+09:00,2020-08-14,0.19,DGS3,Daily,Percent,2020-08-14T16:15:00-04:00,post-2016-10-11 official daily H.15 calendar at 16:15 ET,none,2020-08-16,2020-08-15T05:15:00+09:00,2020-08-13,-0.6379999999999999,4,5
2020-08-19,1185.1,2020-08-18,2020-08-19,0.81,817Y002,010200000,연%,국고채(3년),KOFIA 16:00 KST source publication; usable from next calendar day; ECOS load time unverified,2020-08-18T16:00:00+09:00,2020-08-17,0.18,DGS3,Daily,Percent,2020-08-17T16:15:00-04:00,post-2016-10-11 official daily H.15 calendar at 16:15 ET,none,2020-08-19,2020-08-18T05:15:00+09:00,2020-08-14,-0.6300000000000001,1,5
2020-08-20,1182.3,2020-08-19,2020-08-20,0.805,817Y002,010200000,연%,국고채(3년),KOFIA 16:00 KST source publication; usable from next calendar day; ECOS load time unverified,2020-08-19T16:00:00+09:00,2020-08-18,0.18,DGS3,Daily,Percent,2020-08-18T16:15:00-04:00,post-2016-10-11 official daily H.15 calendar at 16:15 ET,none,2020-08-20,2020-08-19T05:15:00+09:00,2020-08-17,-0.625,1,3
2020-08-21,1186.3,2020-08-20,2020-08-21,0.813,817Y002,010200000,연%,국고채(3년),KOFIA 16:00 KST source publication; usable from next calendar day; ECOS load time unverified,2020-08-20T16:00:00+09:00,2020-08-19,0.17,DGS3,Daily,Percent,2020-08-19T16:15:00-04:00,post-2016-10-11 official daily H.15 calendar at 16:15 ET,none,2020-08-21,2020-08-20T05:15:00+09:00,2020-08-18,-0.6429999999999999,1,3
2020-08-24,1185.3,2020-08-21,2020-08-22,0.854,817Y002,010200000,연%,국고채(3년),KOFIA 16:00 KST source publication; usable from next calendar day; ECOS load time unverified,2020-08-21T16:00:00+09:00,2020-08-21,0.15,DGS3,Daily,Percent,2020-08-21T16:15:00-04:00,post-2016-10-11 official daily H.15 calendar at 16:15 ET,none,2020-08-23,2020-08-22T05:15:00+09:00,2020-08-20,-0.704,3,4
2020-08-25,1190.0,2020-08-24,2020-08-25,0.824,817Y002,010200000,연%,국고채(3년),KOFIA 16:00 KST source publication; usable from next calendar day; ECOS load time unverified,2020-08-24T16:00:00+09:00,2020-08-21,0.15,DGS3,Daily,Percent,2020-08-21T16:15:00-04:00,post-2016-10-11 official daily H.15 calendar at 16:15 ET,none,2020-08-23,2020-08-22T05:15:00+09:00,2020-08-20,-0.6739999999999999,1,5
2020-08-26,1186.3,2020-08-25,2020-08-26,0.825,817Y002,010200000,연%,국고채(3년),KOFIA 16:00 KST source publication; usable from next calendar day; ECOS load time unverified,2020-08-25T16:00:00+09:00,2020-08-24,0.16,DGS3,Daily,Percent,2020-08-24T16:15:00-04:00,post-2016-10-11 official daily H.15 calendar at 16:15 ET,none,2020-08-26,2020-08-25T05:15:00+09:00,2020-08-21,-0.6649999999999999,1,5
2020-08-27,1187.0,2020-08-26,2020-08-27,0.835,817Y002,010200000,연%,국고채(3년),KOFIA 16:00 KST source publication; usable from next calendar day; ECOS load time unverified,2020-08-26T16:00:00+09:00,2020-08-25,0.18,DGS3,Daily,Percent,2020-08-25T16:15:00-04:00,post-2016-10-11 official daily H.15 calendar at 16:15 ET,none,2020-08-27,2020-08-26T05:15:00+09:00,2020-08-24,-0.655,1,3
2020-08-28,1185.7,2020-08-27,2020-08-28,0.852,817Y002,010200000,연%,국고채(3년),KOFIA 16:00 KST source publication; usable from next calendar day; ECOS load time unverified,2020-08-27T16:00:00+09:00,2020-08-26,0.18,DGS3,Daily,Percent,2020-08-26T16:15:00-04:00,post-2016-10-11 official daily H.15 calendar at 16:15 ET,none,2020-08-28,2020-08-27T05:15:00+09:00,2020-08-25,-0.6719999999999999,1,3
2020-08-31,1185.1,2020-08-28,2020-08-29,0.893,817Y002,010200000,연%,국고채(3년),KOFIA 16:00 KST source publication; usable from next calendar day; ECOS load time unverified,2020-08-28T16:00:00+09:00,2020-08-28,0.19,DGS3,Daily,Percent,2020-08-28T16:15:00-04:00,post-2016-10-11 official daily H.15 calendar at 16:15 ET,none,2020-08-30,2020-08-29T05:15:00+09:00,2020-08-27,-0.7030000000000001,3,4
2020-09-01,1183.3,2020-08-31,2020-09-01,0.94,817Y002,010200000,연%,국고채(3년),KOFIA 16:00 KST source publication; usable from next calendar day; ECOS load time unverified,2020-08-31T16:00:00+09:00,2020-08-28,0.19,DGS3,Daily,Percent,2020-08-28T16:15:00-04:00,post-2016-10-11 official daily H.15 calendar at 16:15 ET,none,2020-08-30,2020-08-29T05:15:00+09:00,2020-08-27,-0.75,1,5
2020-09-02,1184.6,2020-09-01,2020-09-02,0.977,817Y002,010200000,연%,국고채(3년),KOFIA 16:00 KST source publication; usable from next calendar day; ECOS load time unverified,2020-09-01T16:00:00+09:00,2020-08-31,0.16,DGS3,Daily,Percent,2020-08-31T16:15:00-04:00,post-2016-10-11 official daily H.15 calendar at 16:15 ET,none,2020-09-02,2020-09-01T05:15:00+09:00,2020-08-28,-0.817,1,5
2020-09-03,1186.2,2020-09-02,2020-09-03,0.923,817Y002,010200000,연%,국고채(3년),KOFIA 16:00 KST source publication; usable from next calendar day; ECOS load time unverified,2020-09-02T16:00:00+09:00,2020-09-01,0.15,DGS3,Daily,Percent,2020-09-01T16:15:00-04:00,post-2016-10-11 official daily H.15 calendar at 16:15 ET,none,2020-09-03,2020-09-02T05:15:00+09:00,2020-08-31,-0.773,1,3
2020-09-04,1187.5,2020-09-03,2020-09-04,0.919,817Y002,010200000,연%,국고채(3년),KOFIA 16:00 KST source publication; usable from next calendar day; ECOS load time unverified,2020-09-03T16:00:00+09:00,2020-09-02,0.14,DGS3,Daily,Percent,2020-09-02T16:15:00-04:00,post-2016-10-11 official daily H.15 calendar at 16:15 ET,none,2020-09-04,2020-09-03T05:15:00+09:00,2020-09-01,-0.779,1,3
2020-09-07,1190.2,2020-09-04,2020-09-05,0.929,817Y002,010200000,연%,국고채(3년),KOFIA 16:00 KST source publication; usable from next calendar day; ECOS load time unverified,2020-09-04T16:00:00+09:00,2020-09-04,0.15,DGS3,Daily,Percent,2020-09-04T16:15:00-04:00,post-2016-10-11 official daily H.15 calendar at 16:15 ET,none,2020-09-06,2020-09-05T05:15:00+09:00,2020-09-03,-0.779,3,4
2020-09-08,1187.2,2020-09-07,2020-09-08,0.973,817Y002,010200000,연%,국고채(3년),KOFIA 16:00 KST source publication; usable from next calendar day; ECOS load time unverified,2020-09-07T16:00:00+09:00,2020-09-04,0.15,DGS3,Daily,Percent,2020-09-04T16:15:00-04:00,post-2016-10-11 official daily H.15 calendar at 16:15 ET,none,2020-09-06,2020-09-05T05:15:00+09:00,2020-09-03,-0.823,1,5
2020-09-09,1187.9,2020-09-08,2020-09-09,0.949,817Y002,010200000,연%,국고채(3년),KOFIA 16:00 KST source publication; usable from next calendar day; ECOS load time unverified,2020-09-08T16:00:00+09:00,2020-09-04,0.15,DGS3,Daily,Percent,2020-09-04T16:15:00-04:00,post-2016-10-11 official daily H.15 calendar at 16:15 ET,none,2020-09-06,2020-09-05T05:15:00+09:00,2020-09-03,-0.7989999999999999,1,6
2020-09-10,1189.6,2020-09-09,2020-09-10,0.915,817Y002,010200000,연%,국고채(3년),KOFIA 16:00 KST source publication; usable from next calendar day; ECOS load time unverified,2020-09-09T16:00:00+09:00,2020-09-08,0.18,DGS3,Daily,Percent,2020-09-08T16:15:00-04:00,post-2016-10-11 official daily H.15 calendar at 16:15 ET,none,2020-09-10,2020-09-09T05:15:00+09:00,2020-09-04,-0.7350000000000001,1,6
2020-09-11,1185.3,2020-09-10,2020-09-11,0.915,817Y002,010200000,연%,국고채(3년),KOFIA 16:00 KST source publication; usable from next calendar day; ECOS load time unverified,2020-09-10T16:00:00+09:00,2020-09-09,0.17,DGS3,Daily,Percent,2020-09-09T16:15:00-04:00,post-2016-10-11 official daily H.15 calendar at 16:15 ET,none,2020-09-11,2020-09-10T05:15:00+09:00,2020-09-08,-0.745,1,3
2020-09-14,1188.3,2020-09-11,2020-09-12,0.926,817Y002,010200000,연%,국고채(3년),KOFIA 16:00 KST source publication; usable from next calendar day; ECOS load time unverified,2020-09-11T16:00:00+09:00,2020-09-11,0.17,DGS3,Daily,Percent,2020-09-11T16:15:00-04:00,post-2016-10-11 official daily H.15 calendar at 16:15 ET,none,2020-09-13,2020-09-12T05:15:00+09:00,2020-09-10,-0.756,3,4
2020-09-15,1184.2,2020-09-14,2020-09-15,0.919,817Y002,010200000,연%,국고채(3년),KOFIA 16:00 KST source publication; usable from next calendar day; ECOS load time unverified,2020-09-14T16:00:00+09:00,2020-09-11,0.17,DGS3,Daily,Percent,2020-09-11T16:15:00-04:00,post-2016-10-11 official daily H.15 calendar at 16:15 ET,none,2020-09-13,2020-09-12T05:15:00+09:00,2020-09-10,-0.749,1,5
2020-09-16,1180.5,2020-09-15,2020-09-16,0.907,817Y002,010200000,연%,국고채(3년),KOFIA 16:00 KST source publication; usable from next calendar day; ECOS load time unverified,2020-09-15T16:00:00+09:00,2020-09-14,0.16,DGS3,Daily,Percent,2020-09-14T16:15:00-04:00,post-2016-10-11 official daily H.15 calendar at 16:15 ET,none,2020-09-16,2020-09-15T05:15:00+09:00,2020-09-11,-0.747,1,5
2020-09-17,1177.8,2020-09-16,2020-09-17,0.91,817Y002,010200000,연%,국고채(3년),KOFIA 16:00 KST source publication; usable from next calendar day; ECOS load time unverified,2020-09-16T16:00:00+09:00,2020-09-15,0.16,DGS3,Daily,Percent,2020-09-15T16:15:00-04:00,post-2016-10-11 official daily H.15 calendar at 16:15 ET,none,2020-09-17,2020-09-16T05:15:00+09:00,2020-09-14,-0.75,1,3
2020-09-18,1175.4,2020-09-17,2020-09-18,0.914,817Y002,010200000,연%,국고채(3년),KOFIA 16:00 KST source publication; usable from next calendar day; ECOS load time unverified,2020-09-17T16:00:00+09:00,2020-09-16,0.16,DGS3,Daily,Percent,2020-09-16T16:15:00-04:00,post-2016-10-11 official daily H.15 calendar at 16:15 ET,none,2020-09-18,2020-09-17T05:15:00+09:00,2020-09-15,-0.754,1,3
2020-09-21,1163.6,2020-09-18,2020-09-19,0.907,817Y002,010200000,연%,국고채(3년),KOFIA 16:00 KST source publication; usable from next calendar day; ECOS load time unverified,2020-09-18T16:00:00+09:00,2020-09-18,0.16,DGS3,Daily,Percent,2020-09-18T16:15:00-04:00,post-2016-10-11 official daily H.15 calendar at 16:15 ET,none,2020-09-20,2020-09-19T05:15:00+09:00,2020-09-17,-0.747,3,4
2020-09-22,1160.6,2020-09-21,2020-09-22,0.904,817Y002,010200000,연%,국고채(3년),KOFIA 16:00 KST source publication; usable from next calendar day; ECOS load time unverified,2020-09-21T16:00:00+09:00,2020-09-18,0.16,DGS3,Daily,Percent,2020-09-18T16:15:00-04:00,post-2016-10-11 official daily H.15 calendar at 16:15 ET,none,2020-09-20,2020-09-19T05:15:00+09:00,2020-09-17,-0.744,1,5
2020-09-23,1163.9,2020-09-22,2020-09-23,0.897,817Y002,010200000,연%,국고채(3년),KOFIA 16:00 KST source publication; usable from next calendar day; ECOS load time unverified,2020-09-22T16:00:00+09:00,2020-09-21,0.16,DGS3,Daily,Percent,2020-09-21T16:15:00-04:00,post-2016-10-11 official daily H.15 calendar at 16:15 ET,none,2020-09-23,2020-09-22T05:15:00+09:00,2020-09-18,-0.737,1,5
2020-09-24,1164.4,2020-09-23,2020-09-24,0.883,817Y002,010200000,연%,국고채(3년),KOFIA 16:00 KST source publication; usable from next calendar day; ECOS load time unverified,2020-09-23T16:00:00+09:00,2020-09-22,0.16,DGS3,Daily,Percent,2020-09-22T16:15:00-04:00,post-2016-10-11 official daily H.15 calendar at 16:15 ET,none,2020-09-24,2020-09-23T05:15:00+09:00,2020-09-21,-0.723,1,3
2020-09-25,1170.3,2020-09-24,2020-09-25,0.857,817Y002,010200000,연%,국고채(3년),KOFIA 16:00 KST source publication; usable from next calendar day; ECOS load time unverified,2020-09-24T16:00:00+09:00,2020-09-23,0.15,DGS3,Daily,Percent,2020-09-23T16:15:00-04:00,post-2016-10-11 official daily H.15 calendar at 16:15 ET,none,2020-09-25,2020-09-24T05:15:00+09:00,2020-09-22,-0.707,1,3
2020-09-28,1170.5,2020-09-25,2020-09-26,0.855,817Y002,010200000,연%,국고채(3년),KOFIA 16:00 KST source publication; usable from next calendar day; ECOS load time unverified,2020-09-25T16:00:00+09:00,2020-09-25,0.16,DGS3,Daily,Percent,2020-09-25T16:15:00-04:00,post-2016-10-11 official daily H.15 calendar at 16:15 ET,none,2020-09-27,2020-09-26T05:15:00+09:00,2020-09-24,-0.695,3,4
2020-09-29,1173.5,2020-09-28,2020-09-29,0.843,817Y002,010200000,연%,국고채(3년),KOFIA 16:00 KST source publication; usable from next calendar day; ECOS load time unverified,2020-09-28T16:00:00+09:00,2020-09-25,0.16,DGS3,Daily,Percent,2020-09-25T16:15:00-04:00,post-2016-10-11 official daily H.15 calendar at 16:15 ET,none,2020-09-27,2020-09-26T05:15:00+09:00,2020-09-24,-0.6829999999999999,1,5
2020-10-05,1169.5,2020-09-29,2020-09-30,0.846,817Y002,010200000,연%,국고채(3년),KOFIA 16:00 KST source publication; usable from next calendar day; ECOS load time unverified,2020-09-29T16:00:00+09:00,2020-10-02,0.16,DGS3,Daily,Percent,2020-10-02T16:15:00-04:00,post-2016-10-11 official daily H.15 calendar at 16:15 ET,none,2020-10-04,2020-10-03T05:15:00+09:00,2020-10-01,-0.6859999999999999,6,4
2020-10-06,1163.4,2020-10-05,2020-10-06,0.881,817Y002,010200000,연%,국고채(3년),KOFIA 16:00 KST source publication; usable from next calendar day; ECOS load time unverified,2020-10-05T16:00:00+09:00,2020-10-02,0.16,DGS3,Daily,Percent,2020-10-02T16:15:00-04:00,post-2016-10-11 official daily H.15 calendar at 16:15 ET,none,2020-10-04,2020-10-03T05:15:00+09:00,2020-10-01,-0.721,1,5
2020-10-07,1160.0,2020-10-06,2020-10-07,0.905,817Y002,010200000,연%,국고채(3년),KOFIA 16:00 KST source publication; usable from next calendar day; ECOS load time unverified,2020-10-06T16:00:00+09:00,2020-10-05,0.16,DGS3,Daily,Percent,2020-10-05T16:15:00-04:00,post-2016-10-11 official daily H.15 calendar at 16:15 ET,none,2020-10-07,2020-10-06T05:15:00+09:00,2020-10-02,-0.745,1,5
2020-10-08,1162.5,2020-10-07,2020-10-08,0.91,817Y002,010200000,연%,국고채(3년),KOFIA 16:00 KST source publication; usable from next calendar day; ECOS load time unverified,2020-10-07T16:00:00+09:00,2020-10-06,0.19,DGS3,Daily,Percent,2020-10-06T16:15:00-04:00,post-2016-10-11 official daily H.15 calendar at 16:15 ET,none,2020-10-08,2020-10-07T05:15:00+09:00,2020-10-05,-0.72,1,3
2020-10-12,1156.2,2020-10-08,2020-10-09,0.907,817Y002,010200000,연%,국고채(3년),KOFIA 16:00 KST source publication; usable from next calendar day; ECOS load time unverified,2020-10-08T16:00:00+09:00,2020-10-09,0.18,DGS3,Daily,Percent,2020-10-09T16:15:00-04:00,post-2016-10-11 official daily H.15 calendar at 16:15 ET,none,2020-10-11,2020-10-10T05:15:00+09:00,2020-10-08,-0.7270000000000001,4,4
2020-10-13,1148.3,2020-10-12,2020-10-13,0.925,817Y002,010200000,연%,국고채(3년),KOFIA 16:00 KST source publication; usable from next calendar day; ECOS load time unverified,2020-10-12T16:00:00+09:00,2020-10-09,0.18,DGS3,Daily,Percent,2020-10-09T16:15:00-04:00,post-2016-10-11 official daily H.15 calendar at 16:15 ET,none,2020-10-11,2020-10-10T05:15:00+09:00,2020-10-08,-0.7450000000000001,1,5
2020-10-14,1149.5,2020-10-13,2020-10-14,0.923,817Y002,010200000,연%,국고채(3년),KOFIA 16:00 KST source publication; usable from next calendar day; ECOS load time unverified,2020-10-13T16:00:00+09:00,2020-10-09,0.18,DGS3,Daily,Percent,2020-10-09T16:15:00-04:00,post-2016-10-11 official daily H.15 calendar at 16:15 ET,none,2020-10-11,2020-10-10T05:15:00+09:00,2020-10-08,-0.7430000000000001,1,6
2020-10-15,1145.7,2020-10-14,2020-10-15,0.901,817Y002,010200000,연%,국고채(3년),KOFIA 16:00 KST source publication; usable from next calendar day; ECOS load time unverified,2020-10-14T16:00:00+09:00,2020-10-13,0.2,DGS3,Daily,Percent,2020-10-13T16:15:00-04:00,post-2016-10-11 official daily H.15 calendar at 16:15 ET,none,2020-10-15,2020-10-14T05:15:00+09:00,2020-10-09,-0.7010000000000001,1,6
2020-10-16,1144.6,2020-10-15,2020-10-16,0.877,817Y002,010200000,연%,국고채(3년),KOFIA 16:00 KST source publication; usable from next calendar day; ECOS load time unverified,2020-10-15T16:00:00+09:00,2020-10-14,0.18,DGS3,Daily,Percent,2020-10-14T16:15:00-04:00,post-2016-10-11 official daily H.15 calendar at 16:15 ET,none,2020-10-16,2020-10-15T05:15:00+09:00,2020-10-13,-0.6970000000000001,1,3
2020-10-19,1145.6,2020-10-16,2020-10-17,0.888,817Y002,010200000,연%,국고채(3년),KOFIA 16:00 KST source publication; usable from next calendar day; ECOS load time unverified,2020-10-16T16:00:00+09:00,2020-10-16,0.18,DGS3,Daily,Percent,2020-10-16T16:15:00-04:00,post-2016-10-11 official daily H.15 calendar at 16:15 ET,none,2020-10-18,2020-10-17T05:15:00+09:00,2020-10-15,-0.708,3,4
2020-10-20,1142.2,2020-10-19,2020-10-20,0.891,817Y002,010200000,연%,국고채(3년),KOFIA 16:00 KST source publication; usable from next calendar day; ECOS load time unverified,2020-10-19T16:00:00+09:00,2020-10-16,0.18,DGS3,Daily,Percent,2020-10-16T16:15:00-04:00,post-2016-10-11 official daily H.15 calendar at 16:15 ET,none,2020-10-18,2020-10-17T05:15:00+09:00,2020-10-15,-0.7110000000000001,1,5
2020-10-21,1139.7,2020-10-20,2020-10-21,0.911,817Y002,010200000,연%,국고채(3년),KOFIA 16:00 KST source publication; usable from next calendar day; ECOS load time unverified,2020-10-20T16:00:00+09:00,2020-10-19,0.18,DGS3,Daily,Percent,2020-10-19T16:15:00-04:00,post-2016-10-11 official daily H.15 calendar at 16:15 ET,none,2020-10-21,2020-10-20T05:15:00+09:00,2020-10-16,-0.7310000000000001,1,5
2020-10-22,1133.7,2020-10-21,2020-10-22,0.934,817Y002,010200000,연%,국고채(3년),KOFIA 16:00 KST source publication; usable from next calendar day; ECOS load time unverified,2020-10-21T16:00:00+09:00,2020-10-20,0.19,DGS3,Daily,Percent,2020-10-20T16:15:00-04:00,post-2016-10-11 official daily H.15 calendar at 16:15 ET,none,2020-10-22,2020-10-21T05:15:00+09:00,2020-10-19,-0.744,1,3
2020-10-23,1134.1,2020-10-22,2020-10-23,0.925,817Y002,010200000,연%,국고채(3년),KOFIA 16:00 KST source publication; usable from next calendar day; ECOS load time unverified,2020-10-22T16:00:00+09:00,2020-10-21,0.19,DGS3,Daily,Percent,2020-10-21T16:15:00-04:00,post-2016-10-11 official daily H.15 calendar at 16:15 ET,none,2020-10-23,2020-10-22T05:15:00+09:00,2020-10-20,-0.7350000000000001,1,3
2020-10-26,1134.6,2020-10-23,2020-10-24,0.91,817Y002,010200000,연%,국고채(3년),KOFIA 16:00 KST source publication; usable from next calendar day; ECOS load time unverified,2020-10-23T16:00:00+09:00,2020-10-23,0.21,DGS3,Daily,Percent,2020-10-23T16:15:00-04:00,post-2016-10-11 official daily H.15 calendar at 16:15 ET,none,2020-10-25,2020-10-24T05:15:00+09:00,2020-10-22,-0.7000000000000001,3,4
2020-10-27,1129.1,2020-10-26,2020-10-27,0.908,817Y002,010200000,연%,국고채(3년),KOFIA 16:00 KST source publication; usable from next calendar day; ECOS load time unverified,2020-10-26T16:00:00+09:00,2020-10-23,0.21,DGS3,Daily,Percent,2020-10-23T16:15:00-04:00,post-2016-10-11 official daily H.15 calendar at 16:15 ET,none,2020-10-25,2020-10-24T05:15:00+09:00,2020-10-22,-0.6980000000000001,1,5
2020-10-28,1127.6,2020-10-27,2020-10-28,0.917,817Y002,010200000,연%,국고채(3년),KOFIA 16:00 KST source publication; usable from next calendar day; ECOS load time unverified,2020-10-27T16:00:00+09:00,2020-10-26,0.21,DGS3,Daily,Percent,2020-10-26T16:15:00-04:00,post-2016-10-11 official daily H.15 calendar at 16:15 ET,none,2020-10-28,2020-10-27T05:15:00+09:00,2020-10-23,-0.7070000000000001,1,5
2020-10-29,1129.3,2020-10-28,2020-10-29,0.914,817Y002,010200000,연%,국고채(3년),KOFIA 16:00 KST source publication; usable from next calendar day; ECOS load time unverified,2020-10-28T16:00:00+09:00,2020-10-27,0.18,DGS3,Daily,Percent,2020-10-27T16:15:00-04:00,post-2016-10-11 official daily H.15 calendar at 16:15 ET,none,2020-10-29,2020-10-28T05:15:00+09:00,2020-10-26,-0.734,1,3
2020-10-30,1133.4,2020-10-29,2020-10-30,0.927,817Y002,010200000,연%,국고채(3년),KOFIA 16:00 KST source publication; usable from next calendar day; ECOS load time unverified,2020-10-29T16:00:00+09:00,2020-10-28,0.19,DGS3,Daily,Percent,2020-10-28T16:15:00-04:00,post-2016-10-11 official daily H.15 calendar at 16:15 ET,none,2020-10-30,2020-10-29T05:15:00+09:00,2020-10-27,-0.7370000000000001,1,3
2020-11-02,1130.4,2020-10-30,2020-10-31,0.935,817Y002,010200000,연%,국고채(3년),KOFIA 16:00 KST source publication; usable from next calendar day; ECOS load time unverified,2020-10-30T16:00:00+09:00,2020-10-30,0.2,DGS3,Daily,Percent,2020-10-30T16:15:00-04:00,post-2016-10-11 official daily H.15 calendar at 16:15 ET,none,2020-11-01,2020-10-31T05:15:00+09:00,2020-10-29,-0.7350000000000001,3,4
2020-11-03,1134.7,2020-11-02,2020-11-03,0.971,817Y002,010200000,연%,국고채(3년),KOFIA 16:00 KST source publication; usable from next calendar day; ECOS load time unverified,2020-11-02T16:00:00+09:00,2020-10-30,0.2,DGS3,Daily,Percent,2020-10-30T16:15:00-04:00,post-2016-10-11 official daily H.15 calendar at 16:15 ET,none,2020-11-01,2020-10-31T05:15:00+09:00,2020-10-29,-0.7709999999999999,1,5
2020-11-04,1134.6,2020-11-03,2020-11-04,0.98,817Y002,010200000,연%,국고채(3년),KOFIA 16:00 KST source publication; usable from next calendar day; ECOS load time unverified,2020-11-03T16:00:00+09:00,2020-11-02,0.19,DGS3,Daily,Percent,2020-11-02T16:15:00-05:00,post-2016-10-11 official daily H.15 calendar at 16:15 ET,none,2020-11-04,2020-11-03T06:15:00+09:00,2020-10-30,-0.79,1,5
2020-11-05,1136.5,2020-11-04,2020-11-05,0.955,817Y002,010200000,연%,국고채(3년),KOFIA 16:00 KST source publication; usable from next calendar day; ECOS load time unverified,2020-11-04T16:00:00+09:00,2020-11-03,0.2,DGS3,Daily,Percent,2020-11-03T16:15:00-05:00,post-2016-10-11 official daily H.15 calendar at 16:15 ET,none,2020-11-05,2020-11-04T06:15:00+09:00,2020-11-02,-0.7549999999999999,1,3
2020-11-06,1130.9,2020-11-05,2020-11-06,0.927,817Y002,010200000,연%,국고채(3년),KOFIA 16:00 KST source publication; usable from next calendar day; ECOS load time unverified,2020-11-05T16:00:00+09:00,2020-11-04,0.21,DGS3,Daily,Percent,2020-11-04T16:15:00-05:00,post-2016-10-11 official daily H.15 calendar at 16:15 ET,none,2020-11-06,2020-11-05T06:15:00+09:00,2020-11-03,-0.7170000000000001,1,3
2020-11-09,1124.4,2020-11-06,2020-11-07,0.943,817Y002,010200000,연%,국고채(3년),KOFIA 16:00 KST source publication; usable from next calendar day; ECOS load time unverified,2020-11-06T16:00:00+09:00,2020-11-06,0.18,DGS3,Daily,Percent,2020-11-06T16:15:00-05:00,post-2016-10-11 official daily H.15 calendar at 16:15 ET,none,2020-11-08,2020-11-07T06:15:00+09:00,2020-11-05,-0.7629999999999999,3,4
2020-11-10,1115.6,2020-11-09,2020-11-10,0.959,817Y002,010200000,연%,국고채(3년),KOFIA 16:00 KST source publication; usable from next calendar day; ECOS load time unverified,2020-11-09T16:00:00+09:00,2020-11-06,0.18,DGS3,Daily,Percent,2020-11-06T16:15:00-05:00,post-2016-10-11 official daily H.15 calendar at 16:15 ET,none,2020-11-08,2020-11-07T06:15:00+09:00,2020-11-05,-0.7789999999999999,1,5
2020-11-11,1115.9,2020-11-10,2020-11-11,0.976,817Y002,010200000,연%,국고채(3년),KOFIA 16:00 KST source publication; usable from next calendar day; ECOS load time unverified,2020-11-10T16:00:00+09:00,2020-11-09,0.21,DGS3,Daily,Percent,2020-11-09T16:15:00-05:00,post-2016-10-11 official daily H.15 calendar at 16:15 ET,none,2020-11-11,2020-11-10T06:15:00+09:00,2020-11-06,-0.766,1,5
2020-11-12,1112.4,2020-11-11,2020-11-12,0.989,817Y002,010200000,연%,국고채(3년),KOFIA 16:00 KST source publication; usable from next calendar day; ECOS load time unverified,2020-11-11T16:00:00+09:00,2020-11-10,0.25,DGS3,Daily,Percent,2020-11-10T16:15:00-05:00,post-2016-10-11 official daily H.15 calendar at 16:15 ET,none,2020-11-12,2020-11-11T06:15:00+09:00,2020-11-09,-0.739,1,3
2020-11-13,1113.2,2020-11-12,2020-11-13,0.969,817Y002,010200000,연%,국고채(3년),KOFIA 16:00 KST source publication; usable from next calendar day; ECOS load time unverified,2020-11-12T16:00:00+09:00,2020-11-10,0.25,DGS3,Daily,Percent,2020-11-10T16:15:00-05:00,post-2016-10-11 official daily H.15 calendar at 16:15 ET,none,2020-11-12,2020-11-11T06:15:00+09:00,2020-11-09,-0.719,1,4
2020-11-16,1115.1,2020-11-13,2020-11-14,0.965,817Y002,010200000,연%,국고채(3년),KOFIA 16:00 KST source publication; usable from next calendar day; ECOS load time unverified,2020-11-13T16:00:00+09:00,2020-11-13,0.23,DGS3,Daily,Percent,2020-11-13T16:15:00-05:00,post-2016-10-11 official daily H.15 calendar at 16:15 ET,none,2020-11-15,2020-11-14T06:15:00+09:00,2020-11-12,-0.735,3,4
2020-11-17,1108.0,2020-11-16,2020-11-17,0.97,817Y002,010200000,연%,국고채(3년),KOFIA 16:00 KST source publication; usable from next calendar day; ECOS load time unverified,2020-11-16T16:00:00+09:00,2020-11-13,0.23,DGS3,Daily,Percent,2020-11-13T16:15:00-05:00,post-2016-10-11 official daily H.15 calendar at 16:15 ET,none,2020-11-15,2020-11-14T06:15:00+09:00,2020-11-12,-0.74,1,5
2020-11-18,1106.8,2020-11-17,2020-11-18,0.96,817Y002,010200000,연%,국고채(3년),KOFIA 16:00 KST source publication; usable from next calendar day; ECOS load time unverified,2020-11-17T16:00:00+09:00,2020-11-16,0.23,DGS3,Daily,Percent,2020-11-16T16:15:00-05:00,post-2016-10-11 official daily H.15 calendar at 16:15 ET,none,2020-11-18,2020-11-17T06:15:00+09:00,2020-11-13,-0.73,1,5
2020-11-19,1105.9,2020-11-18,2020-11-19,0.949,817Y002,010200000,연%,국고채(3년),KOFIA 16:00 KST source publication; usable from next calendar day; ECOS load time unverified,2020-11-18T16:00:00+09:00,2020-11-17,0.24,DGS3,Daily,Percent,2020-11-17T16:15:00-05:00,post-2016-10-11 official daily H.15 calendar at 16:15 ET,none,2020-11-19,2020-11-18T06:15:00+09:00,2020-11-16,-0.709,1,3
2020-11-20,1112.2,2020-11-19,2020-11-20,0.955,817Y002,010200000,연%,국고채(3년),KOFIA 16:00 KST source publication; usable from next calendar day; ECOS load time unverified,2020-11-19T16:00:00+09:00,2020-11-18,0.22,DGS3,Daily,Percent,2020-11-18T16:15:00-05:00,post-2016-10-11 official daily H.15 calendar at 16:15 ET,none,2020-11-20,2020-11-19T06:15:00+09:00,2020-11-17,-0.735,1,3
2020-11-23,1114.2,2020-11-20,2020-11-21,0.963,817Y002,010200000,연%,국고채(3년),KOFIA 16:00 KST source publication; usable from next calendar day; ECOS load time unverified,2020-11-20T16:00:00+09:00,2020-11-20,0.22,DGS3,Daily,Percent,2020-11-20T16:15:00-05:00,post-2016-10-11 official daily H.15 calendar at 16:15 ET,none,2020-11-22,2020-11-21T06:15:00+09:00,2020-11-19,-0.743,3,4
2020-11-24,1112.6,2020-11-23,2020-11-24,0.955,817Y002,010200000,연%,국고채(3년),KOFIA 16:00 KST source publication; usable from next calendar day; ECOS load time unverified,2020-11-23T16:00:00+09:00,2020-11-20,0.22,DGS3,Daily,Percent,2020-11-20T16:15:00-05:00,post-2016-10-11 official daily H.15 calendar at 16:15 ET,none,2020-11-22,2020-11-21T06:15:00+09:00,2020-11-19,-0.735,1,5
2020-11-25,1111.2,2020-11-24,2020-11-25,0.963,817Y002,010200000,연%,국고채(3년),KOFIA 16:00 KST source publication; usable from next calendar day; ECOS load time unverified,2020-11-24T16:00:00+09:00,2020-11-23,0.21,DGS3,Daily,Percent,2020-11-23T16:15:00-05:00,post-2016-10-11 official daily H.15 calendar at 16:15 ET,none,2020-11-25,2020-11-24T06:15:00+09:00,2020-11-20,-0.753,1,5
2020-11-26,1107.2,2020-11-25,2020-11-26,0.971,817Y002,010200000,연%,국고채(3년),KOFIA 16:00 KST source publication; usable from next calendar day; ECOS load time unverified,2020-11-25T16:00:00+09:00,2020-11-24,0.22,DGS3,Daily,Percent,2020-11-24T16:15:00-05:00,post-2016-10-11 official daily H.15 calendar at 16:15 ET,none,2020-11-26,2020-11-25T06:15:00+09:00,2020-11-23,-0.751,1,3
2020-11-27,1105.8,2020-11-26,2020-11-27,0.981,817Y002,010200000,연%,국고채(3년),KOFIA 16:00 KST source publication; usable from next calendar day; ECOS load time unverified,2020-11-26T16:00:00+09:00,2020-11-25,0.22,DGS3,Daily,Percent,2020-11-25T16:15:00-05:00,post-2016-10-11 official daily H.15 calendar at 16:15 ET,none,2020-11-27,2020-11-26T06:15:00+09:00,2020-11-24,-0.761,1,3
2020-11-30,1104.4,2020-11-27,2020-11-28,0.979,817Y002,010200000,연%,국고채(3년),KOFIA 16:00 KST source publication; usable from next calendar day; ECOS load time unverified,2020-11-27T16:00:00+09:00,2020-11-27,0.21,DGS3,Daily,Percent,2020-11-27T16:15:00-05:00,post-2016-10-11 official daily H.15 calendar at 16:15 ET,none,2020-11-29,2020-11-28T06:15:00+09:00,2020-11-25,-0.769,3,5
2020-12-01,1104.9,2020-11-30,2020-12-01,0.983,817Y002,010200000,연%,국고채(3년),KOFIA 16:00 KST source publication; usable from next calendar day; ECOS load time unverified,2020-11-30T16:00:00+09:00,2020-11-27,0.21,DGS3,Daily,Percent,2020-11-27T16:15:00-05:00,post-2016-10-11 official daily H.15 calendar at 16:15 ET,none,2020-11-29,2020-11-28T06:15:00+09:00,2020-11-25,-0.773,1,6
2020-12-02,1107.1,2020-12-01,2020-12-02,0.982,817Y002,010200000,연%,국고채(3년),KOFIA 16:00 KST source publication; usable from next calendar day; ECOS load time unverified,2020-12-01T16:00:00+09:00,2020-11-30,0.2,DGS3,Daily,Percent,2020-11-30T16:15:00-05:00,post-2016-10-11 official daily H.15 calendar at 16:15 ET,none,2020-12-02,2020-12-01T06:15:00+09:00,2020-11-27,-0.782,1,5
2020-12-03,1103.3,2020-12-02,2020-12-03,0.982,817Y002,010200000,연%,국고채(3년),KOFIA 16:00 KST source publication; usable from next calendar day; ECOS load time unverified,2020-12-02T16:00:00+09:00,2020-12-01,0.19,DGS3,Daily,Percent,2020-12-01T16:15:00-05:00,post-2016-10-11 official daily H.15 calendar at 16:15 ET,none,2020-12-03,2020-12-02T06:15:00+09:00,2020-11-30,-0.792,1,3
2020-12-04,1098.1,2020-12-03,2020-12-04,0.975,817Y002,010200000,연%,국고채(3년),KOFIA 16:00 KST source publication; usable from next calendar day; ECOS load time unverified,2020-12-03T16:00:00+09:00,2020-12-02,0.22,DGS3,Daily,Percent,2020-12-02T16:15:00-05:00,post-2016-10-11 official daily H.15 calendar at 16:15 ET,none,2020-12-04,2020-12-03T06:15:00+09:00,2020-12-01,-0.755,1,3
2020-12-07,1086.6,2020-12-04,2020-12-05,0.966,817Y002,010200000,연%,국고채(3년),KOFIA 16:00 KST source publication; usable from next calendar day; ECOS load time unverified,2020-12-04T16:00:00+09:00,2020-12-04,0.21,DGS3,Daily,Percent,2020-12-04T16:15:00-05:00,post-2016-10-11 official daily H.15 calendar at 16:15 ET,none,2020-12-06,2020-12-05T06:15:00+09:00,2020-12-03,-0.756,3,4
2020-12-08,1082.7,2020-12-07,2020-12-08,0.961,817Y002,010200000,연%,국고채(3년),KOFIA 16:00 KST source publication; usable from next calendar day; ECOS load time unverified,2020-12-07T16:00:00+09:00,2020-12-04,0.21,DGS3,Daily,Percent,2020-12-04T16:15:00-05:00,post-2016-10-11 official daily H.15 calendar at 16:15 ET,none,2020-12-06,2020-12-05T06:15:00+09:00,2020-12-03,-0.751,1,5
2020-12-09,1084.4,2020-12-08,2020-12-09,0.959,817Y002,010200000,연%,국고채(3년),KOFIA 16:00 KST source publication; usable from next calendar day; ECOS load time unverified,2020-12-08T16:00:00+09:00,2020-12-07,0.21,DGS3,Daily,Percent,2020-12-07T16:15:00-05:00,post-2016-10-11 official daily H.15 calendar at 16:15 ET,none,2020-12-09,2020-12-08T06:15:00+09:00,2020-12-04,-0.749,1,5
2020-12-10,1083.6,2020-12-09,2020-12-10,0.966,817Y002,010200000,연%,국고채(3년),KOFIA 16:00 KST source publication; usable from next calendar day; ECOS load time unverified,2020-12-09T16:00:00+09:00,2020-12-08,0.2,DGS3,Daily,Percent,2020-12-08T16:15:00-05:00,post-2016-10-11 official daily H.15 calendar at 16:15 ET,none,2020-12-10,2020-12-09T06:15:00+09:00,2020-12-07,-0.766,1,3
2020-12-11,1086.2,2020-12-10,2020-12-11,0.973,817Y002,010200000,연%,국고채(3년),KOFIA 16:00 KST source publication; usable from next calendar day; ECOS load time unverified,2020-12-10T16:00:00+09:00,2020-12-09,0.2,DGS3,Daily,Percent,2020-12-09T16:15:00-05:00,post-2016-10-11 official daily H.15 calendar at 16:15 ET,none,2020-12-11,2020-12-10T06:15:00+09:00,2020-12-08,-0.7729999999999999,1,3
2020-12-14,1089.3,2020-12-11,2020-12-12,0.98,817Y002,010200000,연%,국고채(3년),KOFIA 16:00 KST source publication; usable from next calendar day; ECOS load time unverified,2020-12-11T16:00:00+09:00,2020-12-11,0.2,DGS3,Daily,Percent,2020-12-11T16:15:00-05:00,post-2016-10-11 official daily H.15 calendar at 16:15 ET,none,2020-12-13,2020-12-12T06:15:00+09:00,2020-12-10,-0.78,3,4
2020-12-15,1090.8,2020-12-14,2020-12-15,0.986,817Y002,010200000,연%,국고채(3년),KOFIA 16:00 KST source publication; usable from next calendar day; ECOS load time unverified,2020-12-14T16:00:00+09:00,2020-12-11,0.2,DGS3,Daily,Percent,2020-12-11T16:15:00-05:00,post-2016-10-11 official daily H.15 calendar at 16:15 ET,none,2020-12-13,2020-12-12T06:15:00+09:00,2020-12-10,-0.786,1,5
2020-12-16,1093.2,2020-12-15,2020-12-16,0.984,817Y002,010200000,연%,국고채(3년),KOFIA 16:00 KST source publication; usable from next calendar day; ECOS load time unverified,2020-12-15T16:00:00+09:00,2020-12-14,0.18,DGS3,Daily,Percent,2020-12-14T16:15:00-05:00,post-2016-10-11 official daily H.15 calendar at 16:15 ET,none,2020-12-16,2020-12-15T06:15:00+09:00,2020-12-11,-0.804,1,5
2020-12-17,1092.2,2020-12-16,2020-12-17,0.989,817Y002,010200000,연%,국고채(3년),KOFIA 16:00 KST source publication; usable from next calendar day; ECOS load time unverified,2020-12-16T16:00:00+09:00,2020-12-15,0.17,DGS3,Daily,Percent,2020-12-15T16:15:00-05:00,post-2016-10-11 official daily H.15 calendar at 16:15 ET,none,2020-12-17,2020-12-16T06:15:00+09:00,2020-12-14,-0.819,1,3
2020-12-18,1092.8,2020-12-17,2020-12-18,0.999,817Y002,010200000,연%,국고채(3년),KOFIA 16:00 KST source publication; usable from next calendar day; ECOS load time unverified,2020-12-17T16:00:00+09:00,2020-12-16,0.18,DGS3,Daily,Percent,2020-12-16T16:15:00-05:00,post-2016-10-11 official daily H.15 calendar at 16:15 ET,none,2020-12-18,2020-12-17T06:15:00+09:00,2020-12-15,-0.819,1,3
2020-12-21,1097.9,2020-12-18,2020-12-19,0.963,817Y002,010200000,연%,국고채(3년),KOFIA 16:00 KST source publication; usable from next calendar day; ECOS load time unverified,2020-12-18T16:00:00+09:00,2020-12-18,0.19,DGS3,Daily,Percent,2020-12-18T16:15:00-05:00,post-2016-10-11 official daily H.15 calendar at 16:15 ET,none,2020-12-20,2020-12-19T06:15:00+09:00,2020-12-17,-0.7729999999999999,3,4
2020-12-22,1101.2,2020-12-21,2020-12-22,0.959,817Y002,010200000,연%,국고채(3년),KOFIA 16:00 KST source publication; usable from next calendar day; ECOS load time unverified,2020-12-21T16:00:00+09:00,2020-12-18,0.19,DGS3,Daily,Percent,2020-12-18T16:15:00-05:00,post-2016-10-11 official daily H.15 calendar at 16:15 ET,none,2020-12-20,2020-12-19T06:15:00+09:00,2020-12-17,-0.7689999999999999,1,5
2020-12-23,1106.6,2020-12-22,2020-12-23,0.945,817Y002,010200000,연%,국고채(3년),KOFIA 16:00 KST source publication; usable from next calendar day; ECOS load time unverified,2020-12-22T16:00:00+09:00,2020-12-21,0.19,DGS3,Daily,Percent,2020-12-21T16:15:00-05:00,post-2016-10-11 official daily H.15 calendar at 16:15 ET,none,2020-12-23,2020-12-22T06:15:00+09:00,2020-12-18,-0.7549999999999999,1,5
2020-12-24,1108.9,2020-12-23,2020-12-24,0.932,817Y002,010200000,연%,국고채(3년),KOFIA 16:00 KST source publication; usable from next calendar day; ECOS load time unverified,2020-12-23T16:00:00+09:00,2020-12-22,0.18,DGS3,Daily,Percent,2020-12-22T16:15:00-05:00,post-2016-10-11 official daily H.15 calendar at 16:15 ET,none,2020-12-24,2020-12-23T06:15:00+09:00,2020-12-21,-0.752,1,3
2020-12-28,1103.7,2020-12-24,2020-12-25,0.95,817Y002,010200000,연%,국고채(3년),KOFIA 16:00 KST source publication; usable from next calendar day; ECOS load time unverified,2020-12-24T16:00:00+09:00,2020-12-23,0.17,DGS3,Daily,Percent,2020-12-23T16:15:00-05:00,post-2016-10-11 official daily H.15 calendar at 16:15 ET,none,2020-12-25,2020-12-24T06:15:00+09:00,2020-12-22,-0.7799999999999999,4,6
2020-12-29,1098.2,2020-12-28,2020-12-29,0.958,817Y002,010200000,연%,국고채(3년),KOFIA 16:00 KST source publication; usable from next calendar day; ECOS load time unverified,2020-12-28T16:00:00+09:00,2020-12-23,0.17,DGS3,Daily,Percent,2020-12-23T16:15:00-05:00,post-2016-10-11 official daily H.15 calendar at 16:15 ET,none,2020-12-25,2020-12-24T06:15:00+09:00,2020-12-22,-0.7879999999999999,1,7
2020-12-30,1093.2,2020-12-29,2020-12-30,0.973,817Y002,010200000,연%,국고채(3년),KOFIA 16:00 KST source publication; usable from next calendar day; ECOS load time unverified,2020-12-29T16:00:00+09:00,2020-12-28,0.17,DGS3,Daily,Percent,2020-12-28T16:15:00-05:00,post-2016-10-11 official daily H.15 calendar at 16:15 ET,none,2020-12-30,2020-12-29T06:15:00+09:00,2020-12-24,-0.8029999999999999,1,6
2020-12-31,1088.0,2020-12-30,2020-12-31,0.978,817Y002,010200000,연%,국고채(3년),KOFIA 16:00 KST source publication; usable from next calendar day; ECOS load time unverified,2020-12-30T16:00:00+09:00,2020-12-29,0.17,DGS3,Daily,Percent,2020-12-29T16:15:00-05:00,post-2016-10-11 official daily H.15 calendar at 16:15 ET,none,2020-12-31,2020-12-30T06:15:00+09:00,2020-12-28,-0.8079999999999999,1,3
2021-01-04,1088.0,2020-12-31,2021-01-01,0.976,817Y002,010200000,연%,국고채(3년),KOFIA 16:00 KST source publication; usable from next calendar day; ECOS load time unverified,2020-12-31T16:00:00+09:00,2020-12-31,0.17,DGS3,Daily,Percent,2020-12-31T16:15:00-05:00,post-2016-10-11 official daily H.15 calendar at 16:15 ET,none,2021-01-02,2021-01-01T06:15:00+09:00,2020-12-30,-0.8059999999999999,4,5
2021-01-05,1083.1,2021-01-04,2021-01-05,0.954,817Y002,010200000,연%,국고채(3년),KOFIA 16:00 KST source publication; usable from next calendar day; ECOS load time unverified,2021-01-04T16:00:00+09:00,2020-12-31,0.17,DGS3,Daily,Percent,2020-12-31T16:15:00-05:00,post-2016-10-11 official daily H.15 calendar at 16:15 ET,none,2021-01-02,2021-01-01T06:15:00+09:00,2020-12-30,-0.7839999999999999,1,6
2021-01-06,1086.1,2021-01-05,2021-01-06,0.936,817Y002,010200000,연%,국고채(3년),KOFIA 16:00 KST source publication; usable from next calendar day; ECOS load time unverified,2021-01-05T16:00:00+09:00,2021-01-04,0.17,DGS3,Daily,Percent,2021-01-04T16:15:00-05:00,post-2016-10-11 official daily H.15 calendar at 16:15 ET,none,2021-01-06,2021-01-05T06:15:00+09:00,2020-12-31,-0.766,1,6
2021-01-07,1086.8,2021-01-06,2021-01-07,0.953,817Y002,010200000,연%,국고채(3년),KOFIA 16:00 KST source publication; usable from next calendar day; ECOS load time unverified,2021-01-06T16:00:00+09:00,2021-01-05,0.16,DGS3,Daily,Percent,2021-01-05T16:15:00-05:00,post-2016-10-11 official daily H.15 calendar at 16:15 ET,none,2021-01-07,2021-01-06T06:15:00+09:00,2021-01-04,-0.7929999999999999,1,3
2021-01-08,1087.7,2021-01-07,2021-01-08,0.964,817Y002,010200000,연%,국고채(3년),KOFIA 16:00 KST source publication; usable from next calendar day; ECOS load time unverified,2021-01-07T16:00:00+09:00,2021-01-06,0.17,DGS3,Daily,Percent,2021-01-06T16:15:00-05:00,post-2016-10-11 official daily H.15 calendar at 16:15 ET,none,2021-01-08,2021-01-07T06:15:00+09:00,2021-01-05,-0.7939999999999999,1,3
2021-01-11,1094.4,2021-01-08,2021-01-09,0.978,817Y002,010200000,연%,국고채(3년),KOFIA 16:00 KST source publication; usable from next calendar day; ECOS load time unverified,2021-01-08T16:00:00+09:00,2021-01-08,0.22,DGS3,Daily,Percent,2021-01-08T16:15:00-05:00,post-2016-10-11 official daily H.15 calendar at 16:15 ET,none,2021-01-10,2021-01-09T06:15:00+09:00,2021-01-07,-0.758,3,4
2021-01-12,1097.8,2021-01-11,2021-01-12,0.969,817Y002,010200000,연%,국고채(3년),KOFIA 16:00 KST source publication; usable from next calendar day; ECOS load time unverified,2021-01-11T16:00:00+09:00,2021-01-08,0.22,DGS3,Daily,Percent,2021-01-08T16:15:00-05:00,post-2016-10-11 official daily H.15 calendar at 16:15 ET,none,2021-01-10,2021-01-09T06:15:00+09:00,2021-01-07,-0.749,1,5
2021-01-13,1099.9,2021-01-12,2021-01-13,0.976,817Y002,010200000,연%,국고채(3년),KOFIA 16:00 KST source publication; usable from next calendar day; ECOS load time unverified,2021-01-12T16:00:00+09:00,2021-01-11,0.24,DGS3,Daily,Percent,2021-01-11T16:15:00-05:00,post-2016-10-11 official daily H.15 calendar at 16:15 ET,none,2021-01-13,2021-01-12T06:15:00+09:00,2021-01-08,-0.736,1,5
2021-01-14,1095.0,2021-01-13,2021-01-14,0.979,817Y002,010200000,연%,국고채(3년),KOFIA 16:00 KST source publication; usable from next calendar day; ECOS load time unverified,2021-01-13T16:00:00+09:00,2021-01-12,0.22,DGS3,Daily,Percent,2021-01-12T16:15:00-05:00,post-2016-10-11 official daily H.15 calendar at 16:15 ET,none,2021-01-14,2021-01-13T06:15:00+09:00,2021-01-11,-0.759,1,3
2021-01-15,1100.3,2021-01-14,2021-01-15,0.988,817Y002,010200000,연%,국고채(3년),KOFIA 16:00 KST source publication; usable from next calendar day; ECOS load time unverified,2021-01-14T16:00:00+09:00,2021-01-13,0.23,DGS3,Daily,Percent,2021-01-13T16:15:00-05:00,post-2016-10-11 official daily H.15 calendar at 16:15 ET,none,2021-01-15,2021-01-14T06:15:00+09:00,2021-01-12,-0.758,1,3
2021-01-18,1097.9,2021-01-15,2021-01-16,0.973,817Y002,010200000,연%,국고채(3년),KOFIA 16:00 KST source publication; usable from next calendar day; ECOS load time unverified,2021-01-15T16:00:00+09:00,2021-01-15,0.23,DGS3,Daily,Percent,2021-01-15T16:15:00-05:00,post-2016-10-11 official daily H.15 calendar at 16:15 ET,none,2021-01-17,2021-01-16T06:15:00+09:00,2021-01-14,-0.743,3,4
2021-01-19,1104.4,2021-01-18,2021-01-19,0.968,817Y002,010200000,연%,국고채(3년),KOFIA 16:00 KST source publication; usable from next calendar day; ECOS load time unverified,2021-01-18T16:00:00+09:00,2021-01-15,0.23,DGS3,Daily,Percent,2021-01-15T16:15:00-05:00,post-2016-10-11 official daily H.15 calendar at 16:15 ET,none,2021-01-17,2021-01-16T06:15:00+09:00,2021-01-14,-0.738,1,5
2021-01-20,1102.1,2021-01-19,2021-01-20,0.974,817Y002,010200000,연%,국고채(3년),KOFIA 16:00 KST source publication; usable from next calendar day; ECOS load time unverified,2021-01-19T16:00:00+09:00,2021-01-15,0.23,DGS3,Daily,Percent,2021-01-15T16:15:00-05:00,post-2016-10-11 official daily H.15 calendar at 16:15 ET,none,2021-01-17,2021-01-16T06:15:00+09:00,2021-01-14,-0.744,1,6
2021-01-21,1100.0,2021-01-20,2021-01-21,0.976,817Y002,010200000,연%,국고채(3년),KOFIA 16:00 KST source publication; usable from next calendar day; ECOS load time unverified,2021-01-20T16:00:00+09:00,2021-01-19,0.2,DGS3,Daily,Percent,2021-01-19T16:15:00-05:00,post-2016-10-11 official daily H.15 calendar at 16:15 ET,none,2021-01-21,2021-01-20T06:15:00+09:00,2021-01-15,-0.776,1,6
2021-01-22,1099.2,2021-01-21,2021-01-22,0.971,817Y002,010200000,연%,국고채(3년),KOFIA 16:00 KST source publication; usable from next calendar day; ECOS load time unverified,2021-01-21T16:00:00+09:00,2021-01-19,0.2,DGS3,Daily,Percent,2021-01-19T16:15:00-05:00,post-2016-10-11 official daily H.15 calendar at 16:15 ET,none,2021-01-21,2021-01-20T06:15:00+09:00,2021-01-15,-0.7709999999999999,1,7
2021-01-25,1102.3,2021-01-22,2021-01-23,0.993,817Y002,010200000,연%,국고채(3년),KOFIA 16:00 KST source publication; usable from next calendar day; ECOS load time unverified,2021-01-22T16:00:00+09:00,2021-01-22,0.19,DGS3,Daily,Percent,2021-01-22T16:15:00-05:00,post-2016-10-11 official daily H.15 calendar at 16:15 ET,none,2021-01-24,2021-01-23T06:15:00+09:00,2021-01-21,-0.8029999999999999,3,4
2021-01-26,1103.2,2021-01-25,2021-01-26,1.006,817Y002,010200000,연%,국고채(3년),KOFIA 16:00 KST source publication; usable from next calendar day; ECOS load time unverified,2021-01-25T16:00:00+09:00,2021-01-22,0.19,DGS3,Daily,Percent,2021-01-22T16:15:00-05:00,post-2016-10-11 official daily H.15 calendar at 16:15 ET,none,2021-01-24,2021-01-23T06:15:00+09:00,2021-01-21,-0.8160000000000001,1,5
2021-01-27,1103.0,2021-01-26,2021-01-27,1.007,817Y002,010200000,연%,국고채(3년),KOFIA 16:00 KST source publication; usable from next calendar day; ECOS load time unverified,2021-01-26T16:00:00+09:00,2021-01-25,0.19,DGS3,Daily,Percent,2021-01-25T16:15:00-05:00,post-2016-10-11 official daily H.15 calendar at 16:15 ET,none,2021-01-27,2021-01-26T06:15:00+09:00,2021-01-22,-0.817,1,5
2021-01-28,1104.0,2021-01-27,2021-01-28,0.982,817Y002,010200000,연%,국고채(3년),KOFIA 16:00 KST source publication; usable from next calendar day; ECOS load time unverified,2021-01-27T16:00:00+09:00,2021-01-26,0.17,DGS3,Daily,Percent,2021-01-26T16:15:00-05:00,post-2016-10-11 official daily H.15 calendar at 16:15 ET,none,2021-01-28,2021-01-27T06:15:00+09:00,2021-01-25,-0.8119999999999999,1,3
2021-01-29,1114.6,2021-01-28,2021-01-29,0.977,817Y002,010200000,연%,국고채(3년),KOFIA 16:00 KST source publication; usable from next calendar day; ECOS load time unverified,2021-01-28T16:00:00+09:00,2021-01-27,0.18,DGS3,Daily,Percent,2021-01-27T16:15:00-05:00,post-2016-10-11 official daily H.15 calendar at 16:15 ET,none,2021-01-29,2021-01-28T06:15:00+09:00,2021-01-26,-0.7969999999999999,1,3
2021-02-01,1117.2,2021-01-29,2021-01-30,0.971,817Y002,010200000,연%,국고채(3년),KOFIA 16:00 KST source publication; usable from next calendar day; ECOS load time unverified,2021-01-29T16:00:00+09:00,2021-01-29,0.18,DGS3,Daily,Percent,2021-01-29T16:15:00-05:00,post-2016-10-11 official daily H.15 calendar at 16:15 ET,none,2021-01-31,2021-01-30T06:15:00+09:00,2021-01-28,-0.7909999999999999,3,4
2021-02-02,1118.0,2021-02-01,2021-02-02,0.994,817Y002,010200000,연%,국고채(3년),KOFIA 16:00 KST source publication; usable from next calendar day; ECOS load time unverified,2021-02-01T16:00:00+09:00,2021-01-29,0.18,DGS3,Daily,Percent,2021-01-29T16:15:00-05:00,post-2016-10-11 official daily H.15 calendar at 16:15 ET,none,2021-01-31,2021-01-30T06:15:00+09:00,2021-01-28,-0.8140000000000001,1,5
2021-02-03,1116.6,2021-02-02,2021-02-03,0.98,817Y002,010200000,연%,국고채(3년),KOFIA 16:00 KST source publication; usable from next calendar day; ECOS load time unverified,2021-02-02T16:00:00+09:00,2021-02-01,0.19,DGS3,Daily,Percent,2021-02-01T16:15:00-05:00,post-2016-10-11 official daily H.15 calendar at 16:15 ET,none,2021-02-03,2021-02-02T06:15:00+09:00,2021-01-29,-0.79,1,5
2021-02-04,1114.0,2021-02-03,2021-02-04,0.978,817Y002,010200000,연%,국고채(3년),KOFIA 16:00 KST source publication; usable from next calendar day; ECOS load time unverified,2021-02-03T16:00:00+09:00,2021-02-02,0.17,DGS3,Daily,Percent,2021-02-02T16:15:00-05:00,post-2016-10-11 official daily H.15 calendar at 16:15 ET,none,2021-02-04,2021-02-03T06:15:00+09:00,2021-02-01,-0.8079999999999999,1,3
2021-02-05,1116.7,2021-02-04,2021-02-05,0.984,817Y002,010200000,연%,국고채(3년),KOFIA 16:00 KST source publication; usable from next calendar day; ECOS load time unverified,2021-02-04T16:00:00+09:00,2021-02-03,0.18,DGS3,Daily,Percent,2021-02-03T16:15:00-05:00,post-2016-10-11 official daily H.15 calendar at 16:15 ET,none,2021-02-05,2021-02-04T06:15:00+09:00,2021-02-02,-0.804,1,3
2021-02-08,1124.0,2021-02-05,2021-02-06,0.982,817Y002,010200000,연%,국고채(3년),KOFIA 16:00 KST source publication; usable from next calendar day; ECOS load time unverified,2021-02-05T16:00:00+09:00,2021-02-05,0.18,DGS3,Daily,Percent,2021-02-05T16:15:00-05:00,post-2016-10-11 official daily H.15 calendar at 16:15 ET,none,2021-02-07,2021-02-06T06:15:00+09:00,2021-02-04,-0.802,3,4
2021-02-09,1119.1,2021-02-08,2021-02-09,1.001,817Y002,010200000,연%,국고채(3년),KOFIA 16:00 KST source publication; usable from next calendar day; ECOS load time unverified,2021-02-08T16:00:00+09:00,2021-02-05,0.18,DGS3,Daily,Percent,2021-02-05T16:15:00-05:00,post-2016-10-11 official daily H.15 calendar at 16:15 ET,none,2021-02-07,2021-02-06T06:15:00+09:00,2021-02-04,-0.821,1,5
2021-02-10,1116.0,2021-02-09,2021-02-10,0.99,817Y002,010200000,연%,국고채(3년),KOFIA 16:00 KST source publication; usable from next calendar day; ECOS load time unverified,2021-02-09T16:00:00+09:00,2021-02-08,0.19,DGS3,Daily,Percent,2021-02-08T16:15:00-05:00,post-2016-10-11 official daily H.15 calendar at 16:15 ET,none,2021-02-10,2021-02-09T06:15:00+09:00,2021-02-05,-0.8,1,5
2021-02-15,1110.1,2021-02-10,2021-02-11,0.995,817Y002,010200000,연%,국고채(3년),KOFIA 16:00 KST source publication; usable from next calendar day; ECOS load time unverified,2021-02-10T16:00:00+09:00,2021-02-12,0.19,DGS3,Daily,Percent,2021-02-12T16:15:00-05:00,post-2016-10-11 official daily H.15 calendar at 16:15 ET,none,2021-02-14,2021-02-13T06:15:00+09:00,2021-02-11,-0.8049999999999999,5,4
2021-02-16,1103.1,2021-02-15,2021-02-16,0.998,817Y002,010200000,연%,국고채(3년),KOFIA 16:00 KST source publication; usable from next calendar day; ECOS load time unverified,2021-02-15T16:00:00+09:00,2021-02-12,0.19,DGS3,Daily,Percent,2021-02-12T16:15:00-05:00,post-2016-10-11 official daily H.15 calendar at 16:15 ET,none,2021-02-14,2021-02-13T06:15:00+09:00,2021-02-11,-0.808,1,5
2021-02-17,1099.7,2021-02-16,2021-02-17,0.984,817Y002,010200000,연%,국고채(3년),KOFIA 16:00 KST source publication; usable from next calendar day; ECOS load time unverified,2021-02-16T16:00:00+09:00,2021-02-12,0.19,DGS3,Daily,Percent,2021-02-12T16:15:00-05:00,post-2016-10-11 official daily H.15 calendar at 16:15 ET,none,2021-02-14,2021-02-13T06:15:00+09:00,2021-02-11,-0.794,1,6
2021-02-18,1107.7,2021-02-17,2021-02-18,0.986,817Y002,010200000,연%,국고채(3년),KOFIA 16:00 KST source publication; usable from next calendar day; ECOS load time unverified,2021-02-17T16:00:00+09:00,2021-02-16,0.2,DGS3,Daily,Percent,2021-02-16T16:15:00-05:00,post-2016-10-11 official daily H.15 calendar at 16:15 ET,none,2021-02-18,2021-02-17T06:15:00+09:00,2021-02-12,-0.786,1,6
2021-02-19,1105.7,2021-02-18,2021-02-19,0.985,817Y002,010200000,연%,국고채(3년),KOFIA 16:00 KST source publication; usable from next calendar day; ECOS load time unverified,2021-02-18T16:00:00+09:00,2021-02-17,0.23,DGS3,Daily,Percent,2021-02-17T16:15:00-05:00,post-2016-10-11 official daily H.15 calendar at 16:15 ET,none,2021-02-19,2021-02-18T06:15:00+09:00,2021-02-16,-0.755,1,3
2021-02-22,1107.1,2021-02-19,2021-02-20,0.996,817Y002,010200000,연%,국고채(3년),KOFIA 16:00 KST source publication; usable from next calendar day; ECOS load time unverified,2021-02-19T16:00:00+09:00,2021-02-19,0.21,DGS3,Daily,Percent,2021-02-19T16:15:00-05:00,post-2016-10-11 official daily H.15 calendar at 16:15 ET,none,2021-02-21,2021-02-20T06:15:00+09:00,2021-02-18,-0.786,3,4
2021-02-23,1106.5,2021-02-22,2021-02-23,1.02,817Y002,010200000,연%,국고채(3년),KOFIA 16:00 KST source publication; usable from next calendar day; ECOS load time unverified,2021-02-22T16:00:00+09:00,2021-02-19,0.21,DGS3,Daily,Percent,2021-02-19T16:15:00-05:00,post-2016-10-11 official daily H.15 calendar at 16:15 ET,none,2021-02-21,2021-02-20T06:15:00+09:00,2021-02-18,-0.81,1,5
2021-02-24,1110.8,2021-02-23,2021-02-24,1.02,817Y002,010200000,연%,국고채(3년),KOFIA 16:00 KST source publication; usable from next calendar day; ECOS load time unverified,2021-02-23T16:00:00+09:00,2021-02-22,0.22,DGS3,Daily,Percent,2021-02-22T16:15:00-05:00,post-2016-10-11 official daily H.15 calendar at 16:15 ET,none,2021-02-24,2021-02-23T06:15:00+09:00,2021-02-19,-0.8,1,5
2021-02-25,1110.2,2021-02-24,2021-02-25,1.006,817Y002,010200000,연%,국고채(3년),KOFIA 16:00 KST source publication; usable from next calendar day; ECOS load time unverified,2021-02-24T16:00:00+09:00,2021-02-23,0.22,DGS3,Daily,Percent,2021-02-23T16:15:00-05:00,post-2016-10-11 official daily H.15 calendar at 16:15 ET,none,2021-02-25,2021-02-24T06:15:00+09:00,2021-02-22,-0.786,1,3
2021-02-26,1108.4,2021-02-25,2021-02-26,0.995,817Y002,010200000,연%,국고채(3년),KOFIA 16:00 KST source publication; usable from next calendar day; ECOS load time unverified,2021-02-25T16:00:00+09:00,2021-02-24,0.22,DGS3,Daily,Percent,2021-02-24T16:15:00-05:00,post-2016-10-11 official daily H.15 calendar at 16:15 ET,none,2021-02-26,2021-02-25T06:15:00+09:00,2021-02-23,-0.775,1,3
2021-03-02,1121.8,2021-02-26,2021-02-27,1.02,817Y002,010200000,연%,국고채(3년),KOFIA 16:00 KST source publication; usable from next calendar day; ECOS load time unverified,2021-02-26T16:00:00+09:00,2021-02-26,0.34,DGS3,Daily,Percent,2021-02-26T16:15:00-05:00,post-2016-10-11 official daily H.15 calendar at 16:15 ET,none,2021-02-28,2021-02-27T06:15:00+09:00,2021-02-25,-0.6799999999999999,4,5
2021-03-03,1121.3,2021-03-02,2021-03-03,1.021,817Y002,010200000,연%,국고채(3년),KOFIA 16:00 KST source publication; usable from next calendar day; ECOS load time unverified,2021-03-02T16:00:00+09:00,2021-03-01,0.3,DGS3,Daily,Percent,2021-03-01T16:15:00-05:00,post-2016-10-11 official daily H.15 calendar at 16:15 ET,none,2021-03-03,2021-03-02T06:15:00+09:00,2021-02-26,-0.7209999999999999,1,5
2021-03-04,1122.9,2021-03-03,2021-03-04,1.019,817Y002,010200000,연%,국고채(3년),KOFIA 16:00 KST source publication; usable from next calendar day; ECOS load time unverified,2021-03-03T16:00:00+09:00,2021-03-02,0.27,DGS3,Daily,Percent,2021-03-02T16:15:00-05:00,post-2016-10-11 official daily H.15 calendar at 16:15 ET,none,2021-03-04,2021-03-03T06:15:00+09:00,2021-03-01,-0.7489999999999999,1,3
2021-03-05,1126.2,2021-03-04,2021-03-05,1.03,817Y002,010200000,연%,국고채(3년),KOFIA 16:00 KST source publication; usable from next calendar day; ECOS load time unverified,2021-03-04T16:00:00+09:00,2021-03-03,0.26,DGS3,Daily,Percent,2021-03-03T16:15:00-05:00,post-2016-10-11 official daily H.15 calendar at 16:15 ET,none,2021-03-05,2021-03-04T06:15:00+09:00,2021-03-02,-0.77,1,3
2021-03-08,1129.4,2021-03-05,2021-03-06,1.066,817Y002,010200000,연%,국고채(3년),KOFIA 16:00 KST source publication; usable from next calendar day; ECOS load time unverified,2021-03-05T16:00:00+09:00,2021-03-05,0.32,DGS3,Daily,Percent,2021-03-05T16:15:00-05:00,post-2016-10-11 official daily H.15 calendar at 16:15 ET,none,2021-03-07,2021-03-06T06:15:00+09:00,2021-03-04,-0.746,3,4
2021-03-09,1131.3,2021-03-08,2021-03-09,1.139,817Y002,010200000,연%,국고채(3년),KOFIA 16:00 KST source publication; usable from next calendar day; ECOS load time unverified,2021-03-08T16:00:00+09:00,2021-03-05,0.32,DGS3,Daily,Percent,2021-03-05T16:15:00-05:00,post-2016-10-11 official daily H.15 calendar at 16:15 ET,none,2021-03-07,2021-03-06T06:15:00+09:00,2021-03-04,-0.819,1,5
2021-03-10,1141.1,2021-03-09,2021-03-10,1.206,817Y002,010200000,연%,국고채(3년),KOFIA 16:00 KST source publication; usable from next calendar day; ECOS load time unverified,2021-03-09T16:00:00+09:00,2021-03-08,0.32,DGS3,Daily,Percent,2021-03-08T16:15:00-05:00,post-2016-10-11 official daily H.15 calendar at 16:15 ET,none,2021-03-10,2021-03-09T06:15:00+09:00,2021-03-05,-0.8859999999999999,1,5
2021-03-11,1140.7,2021-03-10,2021-03-11,1.182,817Y002,010200000,연%,국고채(3년),KOFIA 16:00 KST source publication; usable from next calendar day; ECOS load time unverified,2021-03-10T16:00:00+09:00,2021-03-09,0.34,DGS3,Daily,Percent,2021-03-09T16:15:00-05:00,post-2016-10-11 official daily H.15 calendar at 16:15 ET,none,2021-03-11,2021-03-10T06:15:00+09:00,2021-03-08,-0.8419999999999999,1,3
2021-03-12,1137.3,2021-03-11,2021-03-12,1.179,817Y002,010200000,연%,국고채(3년),KOFIA 16:00 KST source publication; usable from next calendar day; ECOS load time unverified,2021-03-11T16:00:00+09:00,2021-03-10,0.35,DGS3,Daily,Percent,2021-03-10T16:15:00-05:00,post-2016-10-11 official daily H.15 calendar at 16:15 ET,none,2021-03-12,2021-03-11T06:15:00+09:00,2021-03-09,-0.8290000000000001,1,3
2021-03-15,1130.7,2021-03-12,2021-03-13,1.223,817Y002,010200000,연%,국고채(3년),KOFIA 16:00 KST source publication; usable from next calendar day; ECOS load time unverified,2021-03-12T16:00:00+09:00,2021-03-12,0.31,DGS3,Daily,Percent,2021-03-12T16:15:00-05:00,post-2016-10-11 official daily H.15 calendar at 16:15 ET,none,2021-03-14,2021-03-13T06:15:00+09:00,2021-03-11,-0.913,3,4
2021-03-16,1135.9,2021-03-15,2021-03-16,1.238,817Y002,010200000,연%,국고채(3년),KOFIA 16:00 KST source publication; usable from next calendar day; ECOS load time unverified,2021-03-15T16:00:00+09:00,2021-03-12,0.31,DGS3,Daily,Percent,2021-03-12T16:15:00-05:00,post-2016-10-11 official daily H.15 calendar at 16:15 ET,none,2021-03-14,2021-03-13T06:15:00+09:00,2021-03-11,-0.9279999999999999,1,5
2021-03-17,1132.5,2021-03-16,2021-03-17,1.177,817Y002,010200000,연%,국고채(3년),KOFIA 16:00 KST source publication; usable from next calendar day; ECOS load time unverified,2021-03-16T16:00:00+09:00,2021-03-15,0.34,DGS3,Daily,Percent,2021-03-15T16:15:00-04:00,post-2016-10-11 official daily H.15 calendar at 16:15 ET,none,2021-03-17,2021-03-16T05:15:00+09:00,2021-03-12,-0.837,1,5
2021-03-18,1131.8,2021-03-17,2021-03-18,1.177,817Y002,010200000,연%,국고채(3년),KOFIA 16:00 KST source publication; usable from next calendar day; ECOS load time unverified,2021-03-17T16:00:00+09:00,2021-03-16,0.33,DGS3,Daily,Percent,2021-03-16T16:15:00-04:00,post-2016-10-11 official daily H.15 calendar at 16:15 ET,none,2021-03-18,2021-03-17T05:15:00+09:00,2021-03-15,-0.847,1,3
2021-03-19,1123.7,2021-03-18,2021-03-19,1.133,817Y002,010200000,연%,국고채(3년),KOFIA 16:00 KST source publication; usable from next calendar day; ECOS load time unverified,2021-03-18T16:00:00+09:00,2021-03-17,0.33,DGS3,Daily,Percent,2021-03-17T16:15:00-04:00,post-2016-10-11 official daily H.15 calendar at 16:15 ET,none,2021-03-19,2021-03-18T05:15:00+09:00,2021-03-16,-0.8029999999999999,1,3
2021-03-22,1131.8,2021-03-19,2021-03-20,1.146,817Y002,010200000,연%,국고채(3년),KOFIA 16:00 KST source publication; usable from next calendar day; ECOS load time unverified,2021-03-19T16:00:00+09:00,2021-03-19,0.33,DGS3,Daily,Percent,2021-03-19T16:15:00-04:00,post-2016-10-11 official daily H.15 calendar at 16:15 ET,none,2021-03-21,2021-03-20T05:15:00+09:00,2021-03-18,-0.8159999999999998,3,4
2021-03-23,1131.3,2021-03-22,2021-03-23,1.13,817Y002,010200000,연%,국고채(3년),KOFIA 16:00 KST source publication; usable from next calendar day; ECOS load time unverified,2021-03-22T16:00:00+09:00,2021-03-19,0.33,DGS3,Daily,Percent,2021-03-19T16:15:00-04:00,post-2016-10-11 official daily H.15 calendar at 16:15 ET,none,2021-03-21,2021-03-20T05:15:00+09:00,2021-03-18,-0.7999999999999998,1,5
2021-03-24,1128.0,2021-03-23,2021-03-24,1.132,817Y002,010200000,연%,국고채(3년),KOFIA 16:00 KST source publication; usable from next calendar day; ECOS load time unverified,2021-03-23T16:00:00+09:00,2021-03-22,0.33,DGS3,Daily,Percent,2021-03-22T16:15:00-04:00,post-2016-10-11 official daily H.15 calendar at 16:15 ET,none,2021-03-24,2021-03-23T05:15:00+09:00,2021-03-19,-0.8019999999999998,1,5
2021-03-25,1133.5,2021-03-24,2021-03-25,1.115,817Y002,010200000,연%,국고채(3년),KOFIA 16:00 KST source publication; usable from next calendar day; ECOS load time unverified,2021-03-24T16:00:00+09:00,2021-03-23,0.32,DGS3,Daily,Percent,2021-03-23T16:15:00-04:00,post-2016-10-11 official daily H.15 calendar at 16:15 ET,none,2021-03-25,2021-03-24T05:15:00+09:00,2021-03-22,-0.7949999999999999,1,3
2021-03-26,1134.2,2021-03-25,2021-03-26,1.089,817Y002,010200000,연%,국고채(3년),KOFIA 16:00 KST source publication; usable from next calendar day; ECOS load time unverified,2021-03-25T16:00:00+09:00,2021-03-24,0.31,DGS3,Daily,Percent,2021-03-24T16:15:00-04:00,post-2016-10-11 official daily H.15 calendar at 16:15 ET,none,2021-03-26,2021-03-25T05:15:00+09:00,2021-03-23,-0.7789999999999999,1,3
2021-03-29,1131.8,2021-03-26,2021-03-27,1.117,817Y002,010200000,연%,국고채(3년),KOFIA 16:00 KST source publication; usable from next calendar day; ECOS load time unverified,2021-03-26T16:00:00+09:00,2021-03-26,0.3,DGS3,Daily,Percent,2021-03-26T16:15:00-04:00,post-2016-10-11 official daily H.15 calendar at 16:15 ET,none,2021-03-28,2021-03-27T05:15:00+09:00,2021-03-25,-0.817,3,4
2021-03-30,1131.7,2021-03-29,2021-03-30,1.119,817Y002,010200000,연%,국고채(3년),KOFIA 16:00 KST source publication; usable from next calendar day; ECOS load time unverified,2021-03-29T16:00:00+09:00,2021-03-26,0.3,DGS3,Daily,Percent,2021-03-26T16:15:00-04:00,post-2016-10-11 official daily H.15 calendar at 16:15 ET,none,2021-03-28,2021-03-27T05:15:00+09:00,2021-03-25,-0.819,1,5
2021-03-31,1133.5,2021-03-30,2021-03-31,1.155,817Y002,010200000,연%,국고채(3년),KOFIA 16:00 KST source publication; usable from next calendar day; ECOS load time unverified,2021-03-30T16:00:00+09:00,2021-03-29,0.31,DGS3,Daily,Percent,2021-03-29T16:15:00-04:00,post-2016-10-11 official daily H.15 calendar at 16:15 ET,none,2021-03-31,2021-03-30T05:15:00+09:00,2021-03-26,-0.845,1,5
2021-04-01,1132.6,2021-03-31,2021-04-01,1.133,817Y002,010200000,연%,국고채(3년),KOFIA 16:00 KST source publication; usable from next calendar day; ECOS load time unverified,2021-03-31T16:00:00+09:00,2021-03-30,0.32,DGS3,Daily,Percent,2021-03-30T16:15:00-04:00,post-2016-10-11 official daily H.15 calendar at 16:15 ET,none,2021-04-01,2021-03-31T05:15:00+09:00,2021-03-29,-0.813,1,3
2021-04-02,1129.3,2021-04-01,2021-04-02,1.138,817Y002,010200000,연%,국고채(3년),KOFIA 16:00 KST source publication; usable from next calendar day; ECOS load time unverified,2021-04-01T16:00:00+09:00,2021-03-31,0.33,DGS3,Daily,Percent,2021-03-31T16:15:00-04:00,post-2016-10-11 official daily H.15 calendar at 16:15 ET,none,2021-04-02,2021-04-01T05:15:00+09:00,2021-03-30,-0.8079999999999998,1,3
2021-04-05,1127.5,2021-04-02,2021-04-03,1.151,817Y002,010200000,연%,국고채(3년),KOFIA 16:00 KST source publication; usable from next calendar day; ECOS load time unverified,2021-04-02T16:00:00+09:00,2021-04-02,0.35,DGS3,Daily,Percent,2021-04-02T16:15:00-04:00,post-2016-10-11 official daily H.15 calendar at 16:15 ET,none,2021-04-04,2021-04-03T05:15:00+09:00,2021-04-01,-0.801,3,4
2021-04-06,1127.8,2021-04-05,2021-04-06,1.202,817Y002,010200000,연%,국고채(3년),KOFIA 16:00 KST source publication; usable from next calendar day; ECOS load time unverified,2021-04-05T16:00:00+09:00,2021-04-02,0.35,DGS3,Daily,Percent,2021-04-02T16:15:00-04:00,post-2016-10-11 official daily H.15 calendar at 16:15 ET,none,2021-04-04,2021-04-03T05:15:00+09:00,2021-04-01,-0.852,1,5
2021-04-07,1122.9,2021-04-06,2021-04-07,1.181,817Y002,010200000,연%,국고채(3년),KOFIA 16:00 KST source publication; usable from next calendar day; ECOS load time unverified,2021-04-06T16:00:00+09:00,2021-04-05,0.39,DGS3,Daily,Percent,2021-04-05T16:15:00-04:00,post-2016-10-11 official daily H.15 calendar at 16:15 ET,none,2021-04-07,2021-04-06T05:15:00+09:00,2021-04-02,-0.791,1,5
2021-04-08,1116.4,2021-04-07,2021-04-08,1.181,817Y002,010200000,연%,국고채(3년),KOFIA 16:00 KST source publication; usable from next calendar day; ECOS load time unverified,2021-04-07T16:00:00+09:00,2021-04-06,0.37,DGS3,Daily,Percent,2021-04-06T16:15:00-04:00,post-2016-10-11 official daily H.15 calendar at 16:15 ET,none,2021-04-08,2021-04-07T05:15:00+09:00,2021-04-05,-0.811,1,3
2021-04-09,1118.5,2021-04-08,2021-04-09,1.152,817Y002,010200000,연%,국고채(3년),KOFIA 16:00 KST source publication; usable from next calendar day; ECOS load time unverified,2021-04-08T16:00:00+09:00,2021-04-07,0.35,DGS3,Daily,Percent,2021-04-07T16:15:00-04:00,post-2016-10-11 official daily H.15 calendar at 16:15 ET,none,2021-04-09,2021-04-08T05:15:00+09:00,2021-04-06,-0.8019999999999999,1,3
2021-04-12,1117.2,2021-04-09,2021-04-10,1.168,817Y002,010200000,연%,국고채(3년),KOFIA 16:00 KST source publication; usable from next calendar day; ECOS load time unverified,2021-04-09T16:00:00+09:00,2021-04-09,0.33,DGS3,Daily,Percent,2021-04-09T16:15:00-04:00,post-2016-10-11 official daily H.15 calendar at 16:15 ET,none,2021-04-11,2021-04-10T05:15:00+09:00,2021-04-08,-0.8379999999999999,3,4
2021-04-13,1124.3,2021-04-12,2021-04-13,1.14,817Y002,010200000,연%,국고채(3년),KOFIA 16:00 KST source publication; usable from next calendar day; ECOS load time unverified,2021-04-12T16:00:00+09:00,2021-04-09,0.33,DGS3,Daily,Percent,2021-04-09T16:15:00-04:00,post-2016-10-11 official daily H.15 calendar at 16:15 ET,none,2021-04-11,2021-04-10T05:15:00+09:00,2021-04-08,-0.8099999999999998,1,5
2021-04-14,1126.1,2021-04-13,2021-04-14,1.138,817Y002,010200000,연%,국고채(3년),KOFIA 16:00 KST source publication; usable from next calendar day; ECOS load time unverified,2021-04-13T16:00:00+09:00,2021-04-12,0.35,DGS3,Daily,Percent,2021-04-12T16:15:00-04:00,post-2016-10-11 official daily H.15 calendar at 16:15 ET,none,2021-04-14,2021-04-13T05:15:00+09:00,2021-04-09,-0.7879999999999999,1,5
2021-04-15,1119.9,2021-04-14,2021-04-15,1.102,817Y002,010200000,연%,국고채(3년),KOFIA 16:00 KST source publication; usable from next calendar day; ECOS load time unverified,2021-04-14T16:00:00+09:00,2021-04-13,0.38,DGS3,Daily,Percent,2021-04-13T16:15:00-04:00,post-2016-10-11 official daily H.15 calendar at 16:15 ET,none,2021-04-15,2021-04-14T05:15:00+09:00,2021-04-12,-0.7220000000000001,1,3
2021-04-16,1117.6,2021-04-15,2021-04-16,1.147,817Y002,010200000,연%,국고채(3년),KOFIA 16:00 KST source publication; usable from next calendar day; ECOS load time unverified,2021-04-15T16:00:00+09:00,2021-04-14,0.35,DGS3,Daily,Percent,2021-04-14T16:15:00-04:00,post-2016-10-11 official daily H.15 calendar at 16:15 ET,none,2021-04-16,2021-04-15T05:15:00+09:00,2021-04-13,-0.797,1,3
2021-04-19,1117.9,2021-04-16,2021-04-17,1.154,817Y002,010200000,연%,국고채(3년),KOFIA 16:00 KST source publication; usable from next calendar day; ECOS load time unverified,2021-04-16T16:00:00+09:00,2021-04-16,0.32,DGS3,Daily,Percent,2021-04-16T16:15:00-04:00,post-2016-10-11 official daily H.15 calendar at 16:15 ET,none,2021-04-18,2021-04-17T05:15:00+09:00,2021-04-15,-0.8339999999999999,3,4
2021-04-20,1118.2,2021-04-19,2021-04-20,1.129,817Y002,010200000,연%,국고채(3년),KOFIA 16:00 KST source publication; usable from next calendar day; ECOS load time unverified,2021-04-19T16:00:00+09:00,2021-04-16,0.32,DGS3,Daily,Percent,2021-04-16T16:15:00-04:00,post-2016-10-11 official daily H.15 calendar at 16:15 ET,none,2021-04-18,2021-04-17T05:15:00+09:00,2021-04-15,-0.8089999999999999,1,5
2021-04-21,1113.4,2021-04-20,2021-04-21,1.134,817Y002,010200000,연%,국고채(3년),KOFIA 16:00 KST source publication; usable from next calendar day; ECOS load time unverified,2021-04-20T16:00:00+09:00,2021-04-19,0.34,DGS3,Daily,Percent,2021-04-19T16:15:00-04:00,post-2016-10-11 official daily H.15 calendar at 16:15 ET,none,2021-04-21,2021-04-20T05:15:00+09:00,2021-04-16,-0.7939999999999998,1,5
2021-04-22,1117.4,2021-04-21,2021-04-22,1.11,817Y002,010200000,연%,국고채(3년),KOFIA 16:00 KST source publication; usable from next calendar day; ECOS load time unverified,2021-04-21T16:00:00+09:00,2021-04-20,0.34,DGS3,Daily,Percent,2021-04-20T16:15:00-04:00,post-2016-10-11 official daily H.15 calendar at 16:15 ET,none,2021-04-22,2021-04-21T05:15:00+09:00,2021-04-19,-0.77,1,3
2021-04-23,1116.3,2021-04-22,2021-04-23,1.105,817Y002,010200000,연%,국고채(3년),KOFIA 16:00 KST source publication; usable from next calendar day; ECOS load time unverified,2021-04-22T16:00:00+09:00,2021-04-21,0.31,DGS3,Daily,Percent,2021-04-21T16:15:00-04:00,post-2016-10-11 official daily H.15 calendar at 16:15 ET,none,2021-04-23,2021-04-22T05:15:00+09:00,2021-04-20,-0.7949999999999999,1,3
2021-04-26,1118.9,2021-04-23,2021-04-24,1.12,817Y002,010200000,연%,국고채(3년),KOFIA 16:00 KST source publication; usable from next calendar day; ECOS load time unverified,2021-04-23T16:00:00+09:00,2021-04-23,0.32,DGS3,Daily,Percent,2021-04-23T16:15:00-04:00,post-2016-10-11 official daily H.15 calendar at 16:15 ET,none,2021-04-25,2021-04-24T05:15:00+09:00,2021-04-22,-0.8,3,4
2021-04-27,1114.0,2021-04-26,2021-04-27,1.119,817Y002,010200000,연%,국고채(3년),KOFIA 16:00 KST source publication; usable from next calendar day; ECOS load time unverified,2021-04-26T16:00:00+09:00,2021-04-23,0.32,DGS3,Daily,Percent,2021-04-23T16:15:00-04:00,post-2016-10-11 official daily H.15 calendar at 16:15 ET,none,2021-04-25,2021-04-24T05:15:00+09:00,2021-04-22,-0.7989999999999999,1,5
2021-04-28,1110.8,2021-04-27,2021-04-28,1.097,817Y002,010200000,연%,국고채(3년),KOFIA 16:00 KST source publication; usable from next calendar day; ECOS load time unverified,2021-04-27T16:00:00+09:00,2021-04-26,0.34,DGS3,Daily,Percent,2021-04-26T16:15:00-04:00,post-2016-10-11 official daily H.15 calendar at 16:15 ET,none,2021-04-28,2021-04-27T05:15:00+09:00,2021-04-23,-0.7569999999999999,1,5
2021-04-29,1112.5,2021-04-28,2021-04-29,1.105,817Y002,010200000,연%,국고채(3년),KOFIA 16:00 KST source publication; usable from next calendar day; ECOS load time unverified,2021-04-28T16:00:00+09:00,2021-04-27,0.35,DGS3,Daily,Percent,2021-04-27T16:15:00-04:00,post-2016-10-11 official daily H.15 calendar at 16:15 ET,none,2021-04-29,2021-04-28T05:15:00+09:00,2021-04-26,-0.755,1,3
2021-04-30,1107.4,2021-04-29,2021-04-30,1.121,817Y002,010200000,연%,국고채(3년),KOFIA 16:00 KST source publication; usable from next calendar day; ECOS load time unverified,2021-04-29T16:00:00+09:00,2021-04-28,0.36,DGS3,Daily,Percent,2021-04-28T16:15:00-04:00,post-2016-10-11 official daily H.15 calendar at 16:15 ET,none,2021-04-30,2021-04-29T05:15:00+09:00,2021-04-27,-0.761,1,3
2021-05-03,1109.6,2021-04-30,2021-05-01,1.141,817Y002,010200000,연%,국고채(3년),KOFIA 16:00 KST source publication; usable from next calendar day; ECOS load time unverified,2021-04-30T16:00:00+09:00,2021-04-30,0.35,DGS3,Daily,Percent,2021-04-30T16:15:00-04:00,post-2016-10-11 official daily H.15 calendar at 16:15 ET,none,2021-05-02,2021-05-01T05:15:00+09:00,2021-04-29,-0.791,3,4
2021-05-04,1119.3,2021-05-03,2021-05-04,1.149,817Y002,010200000,연%,국고채(3년),KOFIA 16:00 KST source publication; usable from next calendar day; ECOS load time unverified,2021-05-03T16:00:00+09:00,2021-04-30,0.35,DGS3,Daily,Percent,2021-04-30T16:15:00-04:00,post-2016-10-11 official daily H.15 calendar at 16:15 ET,none,2021-05-02,2021-05-01T05:15:00+09:00,2021-04-29,-0.799,1,5
2021-05-06,1121.1,2021-05-04,2021-05-05,1.158,817Y002,010200000,연%,국고채(3년),KOFIA 16:00 KST source publication; usable from next calendar day; ECOS load time unverified,2021-05-04T16:00:00+09:00,2021-05-04,0.33,DGS3,Daily,Percent,2021-05-04T16:15:00-04:00,post-2016-10-11 official daily H.15 calendar at 16:15 ET,none,2021-05-06,2021-05-05T05:15:00+09:00,2021-05-03,-0.8279999999999998,2,3
2021-05-07,1125.5,2021-05-06,2021-05-07,1.14,817Y002,010200000,연%,국고채(3년),KOFIA 16:00 KST source publication; usable from next calendar day; ECOS load time unverified,2021-05-06T16:00:00+09:00,2021-05-05,0.33,DGS3,Daily,Percent,2021-05-05T16:15:00-04:00,post-2016-10-11 official daily H.15 calendar at 16:15 ET,none,2021-05-07,2021-05-06T05:15:00+09:00,2021-05-04,-0.8099999999999998,1,3
2021-05-10,1121.4,2021-05-07,2021-05-08,1.137,817Y002,010200000,연%,국고채(3년),KOFIA 16:00 KST source publication; usable from next calendar day; ECOS load time unverified,2021-05-07T16:00:00+09:00,2021-05-07,0.32,DGS3,Daily,Percent,2021-05-07T16:15:00-04:00,post-2016-10-11 official daily H.15 calendar at 16:15 ET,none,2021-05-09,2021-05-08T05:15:00+09:00,2021-05-06,-0.817,3,4
2021-05-11,1114.6,2021-05-10,2021-05-11,1.136,817Y002,010200000,연%,국고채(3년),KOFIA 16:00 KST source publication; usable from next calendar day; ECOS load time unverified,2021-05-10T16:00:00+09:00,2021-05-07,0.32,DGS3,Daily,Percent,2021-05-07T16:15:00-04:00,post-2016-10-11 official daily H.15 calendar at 16:15 ET,none,2021-05-09,2021-05-08T05:15:00+09:00,2021-05-06,-0.8159999999999998,1,5
2021-05-12,1119.1,2021-05-11,2021-05-12,1.128,817Y002,010200000,연%,국고채(3년),KOFIA 16:00 KST source publication; usable from next calendar day; ECOS load time unverified,2021-05-11T16:00:00+09:00,2021-05-10,0.29,DGS3,Daily,Percent,2021-05-10T16:15:00-04:00,post-2016-10-11 official daily H.15 calendar at 16:15 ET,none,2021-05-12,2021-05-11T05:15:00+09:00,2021-05-07,-0.8379999999999999,1,5
2021-05-13,1123.5,2021-05-12,2021-05-13,1.121,817Y002,010200000,연%,국고채(3년),KOFIA 16:00 KST source publication; usable from next calendar day; ECOS load time unverified,2021-05-12T16:00:00+09:00,2021-05-11,0.32,DGS3,Daily,Percent,2021-05-11T16:15:00-04:00,post-2016-10-11 official daily H.15 calendar at 16:15 ET,none,2021-05-13,2021-05-12T05:15:00+09:00,2021-05-10,-0.8009999999999999,1,3
2021-05-14,1130.6,2021-05-13,2021-05-14,1.123,817Y002,010200000,연%,국고채(3년),KOFIA 16:00 KST source publication; usable from next calendar day; ECOS load time unverified,2021-05-13T16:00:00+09:00,2021-05-12,0.31,DGS3,Daily,Percent,2021-05-12T16:15:00-04:00,post-2016-10-11 official daily H.15 calendar at 16:15 ET,none,2021-05-14,2021-05-13T05:15:00+09:00,2021-05-11,-0.813,1,3
2021-05-17,1129.5,2021-05-14,2021-05-15,1.116,817Y002,010200000,연%,국고채(3년),KOFIA 16:00 KST source publication; usable from next calendar day; ECOS load time unverified,2021-05-14T16:00:00+09:00,2021-05-14,0.33,DGS3,Daily,Percent,2021-05-14T16:15:00-04:00,post-2016-10-11 official daily H.15 calendar at 16:15 ET,none,2021-05-16,2021-05-15T05:15:00+09:00,2021-05-13,-0.786,3,4
2021-05-18,1133.0,2021-05-17,2021-05-18,1.107,817Y002,010200000,연%,국고채(3년),KOFIA 16:00 KST source publication; usable from next calendar day; ECOS load time unverified,2021-05-17T16:00:00+09:00,2021-05-14,0.33,DGS3,Daily,Percent,2021-05-14T16:15:00-04:00,post-2016-10-11 official daily H.15 calendar at 16:15 ET,none,2021-05-16,2021-05-15T05:15:00+09:00,2021-05-13,-0.7769999999999999,1,5
2021-05-20,1133.1,2021-05-18,2021-05-19,1.099,817Y002,010200000,연%,국고채(3년),KOFIA 16:00 KST source publication; usable from next calendar day; ECOS load time unverified,2021-05-18T16:00:00+09:00,2021-05-18,0.34,DGS3,Daily,Percent,2021-05-18T16:15:00-04:00,post-2016-10-11 official daily H.15 calendar at 16:15 ET,none,2021-05-20,2021-05-19T05:15:00+09:00,2021-05-17,-0.7589999999999999,2,3
2021-05-21,1132.2,2021-05-20,2021-05-21,1.103,817Y002,010200000,연%,국고채(3년),KOFIA 16:00 KST source publication; usable from next calendar day; ECOS load time unverified,2021-05-20T16:00:00+09:00,2021-05-19,0.34,DGS3,Daily,Percent,2021-05-19T16:15:00-04:00,post-2016-10-11 official daily H.15 calendar at 16:15 ET,none,2021-05-21,2021-05-20T05:15:00+09:00,2021-05-18,-0.7629999999999999,1,3
2021-05-24,1126.9,2021-05-21,2021-05-22,1.095,817Y002,010200000,연%,국고채(3년),KOFIA 16:00 KST source publication; usable from next calendar day; ECOS load time unverified,2021-05-21T16:00:00+09:00,2021-05-21,0.34,DGS3,Daily,Percent,2021-05-21T16:15:00-04:00,post-2016-10-11 official daily H.15 calendar at 16:15 ET,none,2021-05-23,2021-05-22T05:15:00+09:00,2021-05-20,-0.7549999999999999,3,4
2021-05-25,1127.6,2021-05-24,2021-05-25,1.116,817Y002,010200000,연%,국고채(3년),KOFIA 16:00 KST source publication; usable from next calendar day; ECOS load time unverified,2021-05-24T16:00:00+09:00,2021-05-21,0.34,DGS3,Daily,Percent,2021-05-21T16:15:00-04:00,post-2016-10-11 official daily H.15 calendar at 16:15 ET,none,2021-05-23,2021-05-22T05:15:00+09:00,2021-05-20,-0.776,1,5
2021-05-26,1122.8,2021-05-25,2021-05-26,1.142,817Y002,010200000,연%,국고채(3년),KOFIA 16:00 KST source publication; usable from next calendar day; ECOS load time unverified,2021-05-25T16:00:00+09:00,2021-05-24,0.34,DGS3,Daily,Percent,2021-05-24T16:15:00-04:00,post-2016-10-11 official daily H.15 calendar at 16:15 ET,none,2021-05-26,2021-05-25T05:15:00+09:00,2021-05-21,-0.8019999999999998,1,5
2021-05-27,1118.6,2021-05-26,2021-05-27,1.161,817Y002,010200000,연%,국고채(3년),KOFIA 16:00 KST source publication; usable from next calendar day; ECOS load time unverified,2021-05-26T16:00:00+09:00,2021-05-25,0.32,DGS3,Daily,Percent,2021-05-25T16:15:00-04:00,post-2016-10-11 official daily H.15 calendar at 16:15 ET,none,2021-05-27,2021-05-26T05:15:00+09:00,2021-05-24,-0.841,1,3
2021-05-28,1118.0,2021-05-27,2021-05-28,1.124,817Y002,010200000,연%,국고채(3년),KOFIA 16:00 KST source publication; usable from next calendar day; ECOS load time unverified,2021-05-27T16:00:00+09:00,2021-05-26,0.3,DGS3,Daily,Percent,2021-05-26T16:15:00-04:00,post-2016-10-11 official daily H.15 calendar at 16:15 ET,none,2021-05-28,2021-05-27T05:15:00+09:00,2021-05-25,-0.8240000000000001,1,3
2021-05-31,1116.0,2021-05-28,2021-05-29,1.162,817Y002,010200000,연%,국고채(3년),KOFIA 16:00 KST source publication; usable from next calendar day; ECOS load time unverified,2021-05-28T16:00:00+09:00,2021-05-28,0.31,DGS3,Daily,Percent,2021-05-28T16:15:00-04:00,post-2016-10-11 official daily H.15 calendar at 16:15 ET,none,2021-05-30,2021-05-29T05:15:00+09:00,2021-05-27,-0.8519999999999999,3,4
2021-06-01,1113.5,2021-05-31,2021-06-01,1.227,817Y002,010200000,연%,국고채(3년),KOFIA 16:00 KST source publication; usable from next calendar day; ECOS load time unverified,2021-05-31T16:00:00+09:00,2021-05-28,0.31,DGS3,Daily,Percent,2021-05-28T16:15:00-04:00,post-2016-10-11 official daily H.15 calendar at 16:15 ET,none,2021-05-30,2021-05-29T05:15:00+09:00,2021-05-27,-0.917,1,5
2021-06-02,1107.0,2021-06-01,2021-06-02,1.213,817Y002,010200000,연%,국고채(3년),KOFIA 16:00 KST source publication; usable from next calendar day; ECOS load time unverified,2021-06-01T16:00:00+09:00,2021-05-28,0.31,DGS3,Daily,Percent,2021-05-28T16:15:00-04:00,post-2016-10-11 official daily H.15 calendar at 16:15 ET,none,2021-05-30,2021-05-29T05:15:00+09:00,2021-05-27,-0.903,1,6
2021-06-03,1110.3,2021-06-02,2021-06-03,1.206,817Y002,010200000,연%,국고채(3년),KOFIA 16:00 KST source publication; usable from next calendar day; ECOS load time unverified,2021-06-02T16:00:00+09:00,2021-06-01,0.3,DGS3,Daily,Percent,2021-06-01T16:15:00-04:00,post-2016-10-11 official daily H.15 calendar at 16:15 ET,none,2021-06-03,2021-06-02T05:15:00+09:00,2021-05-28,-0.9059999999999999,1,6
2021-06-04,1111.8,2021-06-03,2021-06-04,1.191,817Y002,010200000,연%,국고채(3년),KOFIA 16:00 KST source publication; usable from next calendar day; ECOS load time unverified,2021-06-03T16:00:00+09:00,2021-06-02,0.31,DGS3,Daily,Percent,2021-06-02T16:15:00-04:00,post-2016-10-11 official daily H.15 calendar at 16:15 ET,none,2021-06-04,2021-06-03T05:15:00+09:00,2021-06-01,-0.881,1,3
2021-06-07,1117.5,2021-06-04,2021-06-05,1.22,817Y002,010200000,연%,국고채(3년),KOFIA 16:00 KST source publication; usable from next calendar day; ECOS load time unverified,2021-06-04T16:00:00+09:00,2021-06-04,0.34,DGS3,Daily,Percent,2021-06-04T16:15:00-04:00,post-2016-10-11 official daily H.15 calendar at 16:15 ET,none,2021-06-06,2021-06-05T05:15:00+09:00,2021-06-03,-0.8799999999999999,3,4
2021-06-08,1111.2,2021-06-07,2021-06-08,1.201,817Y002,010200000,연%,국고채(3년),KOFIA 16:00 KST source publication; usable from next calendar day; ECOS load time unverified,2021-06-07T16:00:00+09:00,2021-06-04,0.34,DGS3,Daily,Percent,2021-06-04T16:15:00-04:00,post-2016-10-11 official daily H.15 calendar at 16:15 ET,none,2021-06-06,2021-06-05T05:15:00+09:00,2021-06-03,-0.861,1,5
2021-06-09,1113.7,2021-06-08,2021-06-09,1.174,817Y002,010200000,연%,국고채(3년),KOFIA 16:00 KST source publication; usable from next calendar day; ECOS load time unverified,2021-06-08T16:00:00+09:00,2021-06-07,0.32,DGS3,Daily,Percent,2021-06-07T16:15:00-04:00,post-2016-10-11 official daily H.15 calendar at 16:15 ET,none,2021-06-09,2021-06-08T05:15:00+09:00,2021-06-04,-0.8539999999999999,1,5
2021-06-10,1115.8,2021-06-09,2021-06-10,1.137,817Y002,010200000,연%,국고채(3년),KOFIA 16:00 KST source publication; usable from next calendar day; ECOS load time unverified,2021-06-09T16:00:00+09:00,2021-06-08,0.33,DGS3,Daily,Percent,2021-06-08T16:15:00-04:00,post-2016-10-11 official daily H.15 calendar at 16:15 ET,none,2021-06-10,2021-06-09T05:15:00+09:00,2021-06-07,-0.8069999999999999,1,3
2021-06-11,1115.0,2021-06-10,2021-06-11,1.282,817Y002,010200000,연%,국고채(3년),KOFIA 16:00 KST source publication; usable from next calendar day; ECOS load time unverified,2021-06-10T16:00:00+09:00,2021-06-09,0.32,DGS3,Daily,Percent,2021-06-09T16:15:00-04:00,post-2016-10-11 official daily H.15 calendar at 16:15 ET,none,2021-06-11,2021-06-10T05:15:00+09:00,2021-06-08,-0.962,1,3
2021-06-14,1111.2,2021-06-11,2021-06-12,1.276,817Y002,010200000,연%,국고채(3년),KOFIA 16:00 KST source publication; usable from next calendar day; ECOS load time unverified,2021-06-11T16:00:00+09:00,2021-06-11,0.3,DGS3,Daily,Percent,2021-06-11T16:15:00-04:00,post-2016-10-11 official daily H.15 calendar at 16:15 ET,none,2021-06-13,2021-06-12T05:15:00+09:00,2021-06-10,-0.976,3,4
2021-06-15,1116.4,2021-06-14,2021-06-15,1.287,817Y002,010200000,연%,국고채(3년),KOFIA 16:00 KST source publication; usable from next calendar day; ECOS load time unverified,2021-06-14T16:00:00+09:00,2021-06-11,0.3,DGS3,Daily,Percent,2021-06-11T16:15:00-04:00,post-2016-10-11 official daily H.15 calendar at 16:15 ET,none,2021-06-13,2021-06-12T05:15:00+09:00,2021-06-10,-0.9869999999999999,1,5
2021-06-16,1117.8,2021-06-15,2021-06-16,1.307,817Y002,010200000,연%,국고채(3년),KOFIA 16:00 KST source publication; usable from next calendar day; ECOS load time unverified,2021-06-15T16:00:00+09:00,2021-06-14,0.31,DGS3,Daily,Percent,2021-06-14T16:15:00-04:00,post-2016-10-11 official daily H.15 calendar at 16:15 ET,none,2021-06-16,2021-06-15T05:15:00+09:00,2021-06-11,-0.9969999999999999,1,5
2021-06-17,1117.7,2021-06-16,2021-06-17,1.286,817Y002,010200000,연%,국고채(3년),KOFIA 16:00 KST source publication; usable from next calendar day; ECOS load time unverified,2021-06-16T16:00:00+09:00,2021-06-15,0.33,DGS3,Daily,Percent,2021-06-15T16:15:00-04:00,post-2016-10-11 official daily H.15 calendar at 16:15 ET,none,2021-06-17,2021-06-16T05:15:00+09:00,2021-06-14,-0.956,1,3
2021-06-18,1129.5,2021-06-17,2021-06-18,1.327,817Y002,010200000,연%,국고채(3년),KOFIA 16:00 KST source publication; usable from next calendar day; ECOS load time unverified,2021-06-17T16:00:00+09:00,2021-06-16,0.34,DGS3,Daily,Percent,2021-06-16T16:15:00-04:00,post-2016-10-11 official daily H.15 calendar at 16:15 ET,none,2021-06-18,2021-06-17T05:15:00+09:00,2021-06-15,-0.9869999999999999,1,3
2021-06-21,1132.2,2021-06-18,2021-06-19,1.313,817Y002,010200000,연%,국고채(3년),KOFIA 16:00 KST source publication; usable from next calendar day; ECOS load time unverified,2021-06-18T16:00:00+09:00,2021-06-17,0.41,DGS3,Daily,Percent,2021-06-17T16:15:00-04:00,post-2016-10-11 official daily H.15 calendar at 16:15 ET,none,2021-06-19,2021-06-18T05:15:00+09:00,2021-06-16,-0.903,3,5
2021-06-22,1135.4,2021-06-21,2021-06-22,1.351,817Y002,010200000,연%,국고채(3년),KOFIA 16:00 KST source publication; usable from next calendar day; ECOS load time unverified,2021-06-21T16:00:00+09:00,2021-06-17,0.41,DGS3,Daily,Percent,2021-06-17T16:15:00-04:00,post-2016-10-11 official daily H.15 calendar at 16:15 ET,none,2021-06-19,2021-06-18T05:15:00+09:00,2021-06-16,-0.9410000000000001,1,6
2021-06-23,1132.4,2021-06-22,2021-06-23,1.331,817Y002,010200000,연%,국고채(3년),KOFIA 16:00 KST source publication; usable from next calendar day; ECOS load time unverified,2021-06-22T16:00:00+09:00,2021-06-21,0.47,DGS3,Daily,Percent,2021-06-21T16:15:00-04:00,post-2016-10-11 official daily H.15 calendar at 16:15 ET,none,2021-06-23,2021-06-22T05:15:00+09:00,2021-06-18,-0.861,1,5
2021-06-24,1135.6,2021-06-23,2021-06-24,1.338,817Y002,010200000,연%,국고채(3년),KOFIA 16:00 KST source publication; usable from next calendar day; ECOS load time unverified,2021-06-23T16:00:00+09:00,2021-06-22,0.48,DGS3,Daily,Percent,2021-06-22T16:15:00-04:00,post-2016-10-11 official daily H.15 calendar at 16:15 ET,none,2021-06-24,2021-06-23T05:15:00+09:00,2021-06-21,-0.8580000000000001,1,3
2021-06-25,1135.8,2021-06-24,2021-06-25,1.384,817Y002,010200000,연%,국고채(3년),KOFIA 16:00 KST source publication; usable from next calendar day; ECOS load time unverified,2021-06-24T16:00:00+09:00,2021-06-23,0.44,DGS3,Daily,Percent,2021-06-23T16:15:00-04:00,post-2016-10-11 official daily H.15 calendar at 16:15 ET,none,2021-06-25,2021-06-24T05:15:00+09:00,2021-06-22,-0.944,1,3
2021-06-28,1128.8,2021-06-25,2021-06-26,1.441,817Y002,010200000,연%,국고채(3년),KOFIA 16:00 KST source publication; usable from next calendar day; ECOS load time unverified,2021-06-25T16:00:00+09:00,2021-06-25,0.48,DGS3,Daily,Percent,2021-06-25T16:15:00-04:00,post-2016-10-11 official daily H.15 calendar at 16:15 ET,none,2021-06-27,2021-06-26T05:15:00+09:00,2021-06-24,-0.9610000000000001,3,4
2021-06-29,1129.9,2021-06-28,2021-06-29,1.47,817Y002,010200000,연%,국고채(3년),KOFIA 16:00 KST source publication; usable from next calendar day; ECOS load time unverified,2021-06-28T16:00:00+09:00,2021-06-25,0.48,DGS3,Daily,Percent,2021-06-25T16:15:00-04:00,post-2016-10-11 official daily H.15 calendar at 16:15 ET,none,2021-06-27,2021-06-26T05:15:00+09:00,2021-06-24,-0.99,1,5
2021-06-30,1130.0,2021-06-29,2021-06-30,1.459,817Y002,010200000,연%,국고채(3년),KOFIA 16:00 KST source publication; usable from next calendar day; ECOS load time unverified,2021-06-29T16:00:00+09:00,2021-06-28,0.48,DGS3,Daily,Percent,2021-06-28T16:15:00-04:00,post-2016-10-11 official daily H.15 calendar at 16:15 ET,none,2021-06-30,2021-06-29T05:15:00+09:00,2021-06-25,-0.9790000000000001,1,5
2021-07-01,1129.5,2021-06-30,2021-07-01,1.448,817Y002,010200000,연%,국고채(3년),KOFIA 16:00 KST source publication; usable from next calendar day; ECOS load time unverified,2021-06-30T16:00:00+09:00,2021-06-29,0.47,DGS3,Daily,Percent,2021-06-29T16:15:00-04:00,post-2016-10-11 official daily H.15 calendar at 16:15 ET,none,2021-07-01,2021-06-30T05:15:00+09:00,2021-06-28,-0.978,1,3
2021-07-02,1132.2,2021-07-01,2021-07-02,1.469,817Y002,010200000,연%,국고채(3년),KOFIA 16:00 KST source publication; usable from next calendar day; ECOS load time unverified,2021-07-01T16:00:00+09:00,2021-06-30,0.47,DGS3,Daily,Percent,2021-06-30T16:15:00-04:00,post-2016-10-11 official daily H.15 calendar at 16:15 ET,none,2021-07-02,2021-07-01T05:15:00+09:00,2021-06-29,-0.9990000000000001,1,3
2021-07-05,1134.5,2021-07-02,2021-07-03,1.484,817Y002,010200000,연%,국고채(3년),KOFIA 16:00 KST source publication; usable from next calendar day; ECOS load time unverified,2021-07-02T16:00:00+09:00,2021-07-02,0.47,DGS3,Daily,Percent,2021-07-02T16:15:00-04:00,post-2016-10-11 official daily H.15 calendar at 16:15 ET,none,2021-07-04,2021-07-03T05:15:00+09:00,2021-07-01,-1.014,3,4
2021-07-06,1130.3,2021-07-05,2021-07-06,1.462,817Y002,010200000,연%,국고채(3년),KOFIA 16:00 KST source publication; usable from next calendar day; ECOS load time unverified,2021-07-05T16:00:00+09:00,2021-07-02,0.47,DGS3,Daily,Percent,2021-07-02T16:15:00-04:00,post-2016-10-11 official daily H.15 calendar at 16:15 ET,none,2021-07-04,2021-07-03T05:15:00+09:00,2021-07-01,-0.992,1,5
2021-07-07,1131.8,2021-07-06,2021-07-07,1.465,817Y002,010200000,연%,국고채(3년),KOFIA 16:00 KST source publication; usable from next calendar day; ECOS load time unverified,2021-07-06T16:00:00+09:00,2021-07-02,0.47,DGS3,Daily,Percent,2021-07-02T16:15:00-04:00,post-2016-10-11 official daily H.15 calendar at 16:15 ET,none,2021-07-04,2021-07-03T05:15:00+09:00,2021-07-01,-0.9950000000000001,1,6
2021-07-08,1137.6,2021-07-07,2021-07-08,1.41,817Y002,010200000,연%,국고채(3년),KOFIA 16:00 KST source publication; usable from next calendar day; ECOS load time unverified,2021-07-07T16:00:00+09:00,2021-07-06,0.45,DGS3,Daily,Percent,2021-07-06T16:15:00-04:00,post-2016-10-11 official daily H.15 calendar at 16:15 ET,none,2021-07-08,2021-07-07T05:15:00+09:00,2021-07-02,-0.96,1,6
2021-07-09,1143.4,2021-07-08,2021-07-09,1.358,817Y002,010200000,연%,국고채(3년),KOFIA 16:00 KST source publication; usable from next calendar day; ECOS load time unverified,2021-07-08T16:00:00+09:00,2021-07-07,0.42,DGS3,Daily,Percent,2021-07-07T16:15:00-04:00,post-2016-10-11 official daily H.15 calendar at 16:15 ET,none,2021-07-09,2021-07-08T05:15:00+09:00,2021-07-06,-0.9380000000000002,1,3
2021-07-12,1148.3,2021-07-09,2021-07-10,1.375,817Y002,010200000,연%,국고채(3년),KOFIA 16:00 KST source publication; usable from next calendar day; ECOS load time unverified,2021-07-09T16:00:00+09:00,2021-07-09,0.37,DGS3,Daily,Percent,2021-07-09T16:15:00-04:00,post-2016-10-11 official daily H.15 calendar at 16:15 ET,none,2021-07-11,2021-07-10T05:15:00+09:00,2021-07-08,-1.005,3,4
2021-07-13,1146.4,2021-07-12,2021-07-13,1.384,817Y002,010200000,연%,국고채(3년),KOFIA 16:00 KST source publication; usable from next calendar day; ECOS load time unverified,2021-07-12T16:00:00+09:00,2021-07-09,0.37,DGS3,Daily,Percent,2021-07-09T16:15:00-04:00,post-2016-10-11 official daily H.15 calendar at 16:15 ET,none,2021-07-11,2021-07-10T05:15:00+09:00,2021-07-08,-1.0139999999999998,1,5
2021-07-14,1145.1,2021-07-13,2021-07-14,1.424,817Y002,010200000,연%,국고채(3년),KOFIA 16:00 KST source publication; usable from next calendar day; ECOS load time unverified,2021-07-13T16:00:00+09:00,2021-07-12,0.41,DGS3,Daily,Percent,2021-07-12T16:15:00-04:00,post-2016-10-11 official daily H.15 calendar at 16:15 ET,none,2021-07-14,2021-07-13T05:15:00+09:00,2021-07-09,-1.014,1,5
2021-07-15,1150.3,2021-07-14,2021-07-15,1.39,817Y002,010200000,연%,국고채(3년),KOFIA 16:00 KST source publication; usable from next calendar day; ECOS load time unverified,2021-07-14T16:00:00+09:00,2021-07-13,0.43,DGS3,Daily,Percent,2021-07-13T16:15:00-04:00,post-2016-10-11 official daily H.15 calendar at 16:15 ET,none,2021-07-15,2021-07-14T05:15:00+09:00,2021-07-12,-0.96,1,3
2021-07-16,1143.7,2021-07-15,2021-07-16,1.497,817Y002,010200000,연%,국고채(3년),KOFIA 16:00 KST source publication; usable from next calendar day; ECOS load time unverified,2021-07-15T16:00:00+09:00,2021-07-14,0.47,DGS3,Daily,Percent,2021-07-14T16:15:00-04:00,post-2016-10-11 official daily H.15 calendar at 16:15 ET,none,2021-07-16,2021-07-15T05:15:00+09:00,2021-07-13,-1.0270000000000001,1,3
2021-07-19,1141.1,2021-07-16,2021-07-17,1.451,817Y002,010200000,연%,국고채(3년),KOFIA 16:00 KST source publication; usable from next calendar day; ECOS load time unverified,2021-07-16T16:00:00+09:00,2021-07-16,0.43,DGS3,Daily,Percent,2021-07-16T16:15:00-04:00,post-2016-10-11 official daily H.15 calendar at 16:15 ET,none,2021-07-18,2021-07-17T05:15:00+09:00,2021-07-15,-1.0210000000000001,3,4
2021-07-20,1145.7,2021-07-19,2021-07-20,1.459,817Y002,010200000,연%,국고채(3년),KOFIA 16:00 KST source publication; usable from next calendar day; ECOS load time unverified,2021-07-19T16:00:00+09:00,2021-07-16,0.43,DGS3,Daily,Percent,2021-07-16T16:15:00-04:00,post-2016-10-11 official daily H.15 calendar at 16:15 ET,none,2021-07-18,2021-07-17T05:15:00+09:00,2021-07-15,-1.0290000000000001,1,5
2021-07-21,1151.0,2021-07-20,2021-07-21,1.41,817Y002,010200000,연%,국고채(3년),KOFIA 16:00 KST source publication; usable from next calendar day; ECOS load time unverified,2021-07-20T16:00:00+09:00,2021-07-19,0.43,DGS3,Daily,Percent,2021-07-19T16:15:00-04:00,post-2016-10-11 official daily H.15 calendar at 16:15 ET,none,2021-07-21,2021-07-20T05:15:00+09:00,2021-07-16,-0.98,1,5
2021-07-22,1150.6,2021-07-21,2021-07-22,1.383,817Y002,010200000,연%,국고채(3년),KOFIA 16:00 KST source publication; usable from next calendar day; ECOS load time unverified,2021-07-21T16:00:00+09:00,2021-07-20,0.38,DGS3,Daily,Percent,2021-07-20T16:15:00-04:00,post-2016-10-11 official daily H.15 calendar at 16:15 ET,none,2021-07-22,2021-07-21T05:15:00+09:00,2021-07-19,-1.0030000000000001,1,3
2021-07-23,1151.0,2021-07-22,2021-07-23,1.397,817Y002,010200000,연%,국고채(3년),KOFIA 16:00 KST source publication; usable from next calendar day; ECOS load time unverified,2021-07-22T16:00:00+09:00,2021-07-21,0.37,DGS3,Daily,Percent,2021-07-21T16:15:00-04:00,post-2016-10-11 official daily H.15 calendar at 16:15 ET,none,2021-07-23,2021-07-22T05:15:00+09:00,2021-07-20,-1.0270000000000001,1,3
2021-07-26,1149.5,2021-07-23,2021-07-24,1.393,817Y002,010200000,연%,국고채(3년),KOFIA 16:00 KST source publication; usable from next calendar day; ECOS load time unverified,2021-07-23T16:00:00+09:00,2021-07-23,0.37,DGS3,Daily,Percent,2021-07-23T16:15:00-04:00,post-2016-10-11 official daily H.15 calendar at 16:15 ET,none,2021-07-25,2021-07-24T05:15:00+09:00,2021-07-22,-1.0230000000000001,3,4
2021-07-27,1153.2,2021-07-26,2021-07-27,1.369,817Y002,010200000,연%,국고채(3년),KOFIA 16:00 KST source publication; usable from next calendar day; ECOS load time unverified,2021-07-26T16:00:00+09:00,2021-07-23,0.37,DGS3,Daily,Percent,2021-07-23T16:15:00-04:00,post-2016-10-11 official daily H.15 calendar at 16:15 ET,none,2021-07-25,2021-07-24T05:15:00+09:00,2021-07-22,-0.999,1,5
2021-07-28,1150.2,2021-07-27,2021-07-28,1.38,817Y002,010200000,연%,국고채(3년),KOFIA 16:00 KST source publication; usable from next calendar day; ECOS load time unverified,2021-07-27T16:00:00+09:00,2021-07-26,0.38,DGS3,Daily,Percent,2021-07-26T16:15:00-04:00,post-2016-10-11 official daily H.15 calendar at 16:15 ET,none,2021-07-28,2021-07-27T05:15:00+09:00,2021-07-23,-0.9999999999999999,1,5
2021-07-29,1154.8,2021-07-28,2021-07-29,1.419,817Y002,010200000,연%,국고채(3년),KOFIA 16:00 KST source publication; usable from next calendar day; ECOS load time unverified,2021-07-28T16:00:00+09:00,2021-07-27,0.38,DGS3,Daily,Percent,2021-07-27T16:15:00-04:00,post-2016-10-11 official daily H.15 calendar at 16:15 ET,none,2021-07-29,2021-07-28T05:15:00+09:00,2021-07-26,-1.0390000000000001,1,3
2021-07-30,1147.4,2021-07-29,2021-07-30,1.431,817Y002,010200000,연%,국고채(3년),KOFIA 16:00 KST source publication; usable from next calendar day; ECOS load time unverified,2021-07-29T16:00:00+09:00,2021-07-28,0.37,DGS3,Daily,Percent,2021-07-28T16:15:00-04:00,post-2016-10-11 official daily H.15 calendar at 16:15 ET,none,2021-07-30,2021-07-29T05:15:00+09:00,2021-07-27,-1.061,1,3
2021-08-02,1147.5,2021-07-30,2021-07-31,1.417,817Y002,010200000,연%,국고채(3년),KOFIA 16:00 KST source publication; usable from next calendar day; ECOS load time unverified,2021-07-30T16:00:00+09:00,2021-07-30,0.37,DGS3,Daily,Percent,2021-07-30T16:15:00-04:00,post-2016-10-11 official daily H.15 calendar at 16:15 ET,none,2021-08-01,2021-07-31T05:15:00+09:00,2021-07-29,-1.0470000000000002,3,4
2021-08-03,1151.5,2021-08-02,2021-08-03,1.435,817Y002,010200000,연%,국고채(3년),KOFIA 16:00 KST source publication; usable from next calendar day; ECOS load time unverified,2021-08-02T16:00:00+09:00,2021-07-30,0.37,DGS3,Daily,Percent,2021-07-30T16:15:00-04:00,post-2016-10-11 official daily H.15 calendar at 16:15 ET,none,2021-08-01,2021-07-31T05:15:00+09:00,2021-07-29,-1.065,1,5
2021-08-04,1150.7,2021-08-03,2021-08-04,1.442,817Y002,010200000,연%,국고채(3년),KOFIA 16:00 KST source publication; usable from next calendar day; ECOS load time unverified,2021-08-03T16:00:00+09:00,2021-08-02,0.35,DGS3,Daily,Percent,2021-08-02T16:15:00-04:00,post-2016-10-11 official daily H.15 calendar at 16:15 ET,none,2021-08-04,2021-08-03T05:15:00+09:00,2021-07-30,-1.092,1,5
2021-08-05,1145.8,2021-08-04,2021-08-05,1.418,817Y002,010200000,연%,국고채(3년),KOFIA 16:00 KST source publication; usable from next calendar day; ECOS load time unverified,2021-08-04T16:00:00+09:00,2021-08-03,0.33,DGS3,Daily,Percent,2021-08-03T16:15:00-04:00,post-2016-10-11 official daily H.15 calendar at 16:15 ET,none,2021-08-05,2021-08-04T05:15:00+09:00,2021-08-02,-1.0879999999999999,1,3
2021-08-06,1143.5,2021-08-05,2021-08-06,1.414,817Y002,010200000,연%,국고채(3년),KOFIA 16:00 KST source publication; usable from next calendar day; ECOS load time unverified,2021-08-05T16:00:00+09:00,2021-08-04,0.33,DGS3,Daily,Percent,2021-08-04T16:15:00-04:00,post-2016-10-11 official daily H.15 calendar at 16:15 ET,none,2021-08-06,2021-08-05T05:15:00+09:00,2021-08-03,-1.0839999999999999,1,3
2021-08-09,1142.3,2021-08-06,2021-08-07,1.433,817Y002,010200000,연%,국고채(3년),KOFIA 16:00 KST source publication; usable from next calendar day; ECOS load time unverified,2021-08-06T16:00:00+09:00,2021-08-06,0.38,DGS3,Daily,Percent,2021-08-06T16:15:00-04:00,post-2016-10-11 official daily H.15 calendar at 16:15 ET,none,2021-08-08,2021-08-07T05:15:00+09:00,2021-08-05,-1.053,3,4
2021-08-10,1145.0,2021-08-09,2021-08-10,1.436,817Y002,010200000,연%,국고채(3년),KOFIA 16:00 KST source publication; usable from next calendar day; ECOS load time unverified,2021-08-09T16:00:00+09:00,2021-08-06,0.38,DGS3,Daily,Percent,2021-08-06T16:15:00-04:00,post-2016-10-11 official daily H.15 calendar at 16:15 ET,none,2021-08-08,2021-08-07T05:15:00+09:00,2021-08-05,-1.056,1,5
2021-08-11,1148.5,2021-08-10,2021-08-11,1.432,817Y002,010200000,연%,국고채(3년),KOFIA 16:00 KST source publication; usable from next calendar day; ECOS load time unverified,2021-08-10T16:00:00+09:00,2021-08-09,0.42,DGS3,Daily,Percent,2021-08-09T16:15:00-04:00,post-2016-10-11 official daily H.15 calendar at 16:15 ET,none,2021-08-11,2021-08-10T05:15:00+09:00,2021-08-06,-1.012,1,5
2021-08-12,1155.0,2021-08-11,2021-08-12,1.419,817Y002,010200000,연%,국고채(3년),KOFIA 16:00 KST source publication; usable from next calendar day; ECOS load time unverified,2021-08-11T16:00:00+09:00,2021-08-10,0.43,DGS3,Daily,Percent,2021-08-10T16:15:00-04:00,post-2016-10-11 official daily H.15 calendar at 16:15 ET,none,2021-08-12,2021-08-11T05:15:00+09:00,2021-08-09,-0.9890000000000001,1,3
2021-08-13,1158.9,2021-08-12,2021-08-13,1.413,817Y002,010200000,연%,국고채(3년),KOFIA 16:00 KST source publication; usable from next calendar day; ECOS load time unverified,2021-08-12T16:00:00+09:00,2021-08-11,0.47,DGS3,Daily,Percent,2021-08-11T16:15:00-04:00,post-2016-10-11 official daily H.15 calendar at 16:15 ET,none,2021-08-13,2021-08-12T05:15:00+09:00,2021-08-10,-0.9430000000000001,1,3
2021-08-17,1167.8,2021-08-13,2021-08-14,1.407,817Y002,010200000,연%,국고채(3년),KOFIA 16:00 KST source publication; usable from next calendar day; ECOS load time unverified,2021-08-13T16:00:00+09:00,2021-08-13,0.46,DGS3,Daily,Percent,2021-08-13T16:15:00-04:00,post-2016-10-11 official daily H.15 calendar at 16:15 ET,none,2021-08-15,2021-08-14T05:15:00+09:00,2021-08-12,-0.9470000000000001,4,5
2021-08-18,1174.9,2021-08-17,2021-08-18,1.402,817Y002,010200000,연%,국고채(3년),KOFIA 16:00 KST source publication; usable from next calendar day; ECOS load time unverified,2021-08-17T16:00:00+09:00,2021-08-16,0.44,DGS3,Daily,Percent,2021-08-16T16:15:00-04:00,post-2016-10-11 official daily H.15 calendar at 16:15 ET,none,2021-08-18,2021-08-17T05:15:00+09:00,2021-08-13,-0.962,1,5
2021-08-19,1172.7,2021-08-18,2021-08-19,1.389,817Y002,010200000,연%,국고채(3년),KOFIA 16:00 KST source publication; usable from next calendar day; ECOS load time unverified,2021-08-18T16:00:00+09:00,2021-08-17,0.42,DGS3,Daily,Percent,2021-08-17T16:15:00-04:00,post-2016-10-11 official daily H.15 calendar at 16:15 ET,none,2021-08-19,2021-08-18T05:15:00+09:00,2021-08-16,-0.9690000000000001,1,3
2021-08-20,1174.5,2021-08-19,2021-08-20,1.36,817Y002,010200000,연%,국고채(3년),KOFIA 16:00 KST source publication; usable from next calendar day; ECOS load time unverified,2021-08-19T16:00:00+09:00,2021-08-18,0.43,DGS3,Daily,Percent,2021-08-18T16:15:00-04:00,post-2016-10-11 official daily H.15 calendar at 16:15 ET,none,2021-08-20,2021-08-19T05:15:00+09:00,2021-08-17,-0.9300000000000002,1,3
2021-08-23,1176.7,2021-08-20,2021-08-21,1.364,817Y002,010200000,연%,국고채(3년),KOFIA 16:00 KST source publication; usable from next calendar day; ECOS load time unverified,2021-08-20T16:00:00+09:00,2021-08-20,0.44,DGS3,Daily,Percent,2021-08-20T16:15:00-04:00,post-2016-10-11 official daily H.15 calendar at 16:15 ET,none,2021-08-22,2021-08-21T05:15:00+09:00,2021-08-19,-0.9240000000000002,3,4
2021-08-24,1174.0,2021-08-23,2021-08-24,1.389,817Y002,010200000,연%,국고채(3년),KOFIA 16:00 KST source publication; usable from next calendar day; ECOS load time unverified,2021-08-23T16:00:00+09:00,2021-08-20,0.44,DGS3,Daily,Percent,2021-08-20T16:15:00-04:00,post-2016-10-11 official daily H.15 calendar at 16:15 ET,none,2021-08-22,2021-08-21T05:15:00+09:00,2021-08-19,-0.9490000000000001,1,5
2021-08-25,1168.0,2021-08-24,2021-08-25,1.438,817Y002,010200000,연%,국고채(3년),KOFIA 16:00 KST source publication; usable from next calendar day; ECOS load time unverified,2021-08-24T16:00:00+09:00,2021-08-23,0.44,DGS3,Daily,Percent,2021-08-23T16:15:00-04:00,post-2016-10-11 official daily H.15 calendar at 16:15 ET,none,2021-08-25,2021-08-24T05:15:00+09:00,2021-08-20,-0.998,1,5
2021-08-26,1166.5,2021-08-25,2021-08-26,1.435,817Y002,010200000,연%,국고채(3년),KOFIA 16:00 KST source publication; usable from next calendar day; ECOS load time unverified,2021-08-25T16:00:00+09:00,2021-08-23,0.44,DGS3,Daily,Percent,2021-08-23T16:15:00-04:00,post-2016-10-11 official daily H.15 calendar at 16:15 ET,none,2021-08-25,2021-08-24T05:15:00+09:00,2021-08-20,-0.9950000000000001,1,6
2021-08-27,1168.1,2021-08-26,2021-08-27,1.398,817Y002,010200000,연%,국고채(3년),KOFIA 16:00 KST source publication; usable from next calendar day; ECOS load time unverified,2021-08-26T16:00:00+09:00,2021-08-25,0.44,DGS3,Daily,Percent,2021-08-25T16:15:00-04:00,post-2016-10-11 official daily H.15 calendar at 16:15 ET,none,2021-08-27,2021-08-26T05:15:00+09:00,2021-08-24,-0.958,1,3
2021-08-30,1170.8,2021-08-27,2021-08-28,1.408,817Y002,010200000,연%,국고채(3년),KOFIA 16:00 KST source publication; usable from next calendar day; ECOS load time unverified,2021-08-27T16:00:00+09:00,2021-08-27,0.46,DGS3,Daily,Percent,2021-08-27T16:15:00-04:00,post-2016-10-11 official daily H.15 calendar at 16:15 ET,none,2021-08-29,2021-08-28T05:15:00+09:00,2021-08-26,-0.948,3,4
2021-08-31,1164.4,2021-08-30,2021-08-31,1.398,817Y002,010200000,연%,국고채(3년),KOFIA 16:00 KST source publication; usable from next calendar day; ECOS load time unverified,2021-08-30T16:00:00+09:00,2021-08-27,0.46,DGS3,Daily,Percent,2021-08-27T16:15:00-04:00,post-2016-10-11 official daily H.15 calendar at 16:15 ET,none,2021-08-29,2021-08-28T05:15:00+09:00,2021-08-26,-0.938,1,5
2021-09-01,1162.8,2021-08-31,2021-09-01,1.395,817Y002,010200000,연%,국고채(3년),KOFIA 16:00 KST source publication; usable from next calendar day; ECOS load time unverified,2021-08-31T16:00:00+09:00,2021-08-30,0.41,DGS3,Daily,Percent,2021-08-30T16:15:00-04:00,post-2016-10-11 official daily H.15 calendar at 16:15 ET,none,2021-09-01,2021-08-31T05:15:00+09:00,2021-08-27,-0.9850000000000001,1,5
2021-09-02,1157.5,2021-09-01,2021-09-02,1.417,817Y002,010200000,연%,국고채(3년),KOFIA 16:00 KST source publication; usable from next calendar day; ECOS load time unverified,2021-09-01T16:00:00+09:00,2021-08-31,0.4,DGS3,Daily,Percent,2021-08-31T16:15:00-04:00,post-2016-10-11 official daily H.15 calendar at 16:15 ET,none,2021-09-02,2021-09-01T05:15:00+09:00,2021-08-30,-1.017,1,3
2021-09-03,1159.7,2021-09-02,2021-09-03,1.422,817Y002,010200000,연%,국고채(3년),KOFIA 16:00 KST source publication; usable from next calendar day; ECOS load time unverified,2021-09-02T16:00:00+09:00,2021-09-01,0.4,DGS3,Daily,Percent,2021-09-01T16:15:00-04:00,post-2016-10-11 official daily H.15 calendar at 16:15 ET,none,2021-09-03,2021-09-02T05:15:00+09:00,2021-08-31,-1.0219999999999998,1,3
2021-09-06,1156.4,2021-09-03,2021-09-04,1.437,817Y002,010200000,연%,국고채(3년),KOFIA 16:00 KST source publication; usable from next calendar day; ECOS load time unverified,2021-09-03T16:00:00+09:00,2021-09-03,0.42,DGS3,Daily,Percent,2021-09-03T16:15:00-04:00,post-2016-10-11 official daily H.15 calendar at 16:15 ET,none,2021-09-05,2021-09-04T05:15:00+09:00,2021-09-02,-1.0170000000000001,3,4
2021-09-07,1157.3,2021-09-06,2021-09-07,1.459,817Y002,010200000,연%,국고채(3년),KOFIA 16:00 KST source publication; usable from next calendar day; ECOS load time unverified,2021-09-06T16:00:00+09:00,2021-09-03,0.42,DGS3,Daily,Percent,2021-09-03T16:15:00-04:00,post-2016-10-11 official daily H.15 calendar at 16:15 ET,none,2021-09-05,2021-09-04T05:15:00+09:00,2021-09-02,-1.0390000000000001,1,5
2021-09-08,1157.9,2021-09-07,2021-09-08,1.464,817Y002,010200000,연%,국고채(3년),KOFIA 16:00 KST source publication; usable from next calendar day; ECOS load time unverified,2021-09-07T16:00:00+09:00,2021-09-03,0.42,DGS3,Daily,Percent,2021-09-03T16:15:00-04:00,post-2016-10-11 official daily H.15 calendar at 16:15 ET,none,2021-09-05,2021-09-04T05:15:00+09:00,2021-09-02,-1.044,1,6
2021-09-09,1164.5,2021-09-08,2021-09-09,1.489,817Y002,010200000,연%,국고채(3년),KOFIA 16:00 KST source publication; usable from next calendar day; ECOS load time unverified,2021-09-08T16:00:00+09:00,2021-09-07,0.42,DGS3,Daily,Percent,2021-09-07T16:15:00-04:00,post-2016-10-11 official daily H.15 calendar at 16:15 ET,none,2021-09-09,2021-09-08T05:15:00+09:00,2021-09-03,-1.0690000000000002,1,6
2021-09-10,1170.1,2021-09-09,2021-09-10,1.499,817Y002,010200000,연%,국고채(3년),KOFIA 16:00 KST source publication; usable from next calendar day; ECOS load time unverified,2021-09-09T16:00:00+09:00,2021-09-08,0.45,DGS3,Daily,Percent,2021-09-08T16:15:00-04:00,post-2016-10-11 official daily H.15 calendar at 16:15 ET,none,2021-09-10,2021-09-09T05:15:00+09:00,2021-09-07,-1.0490000000000002,1,3
2021-09-13,1170.4,2021-09-10,2021-09-11,1.501,817Y002,010200000,연%,국고채(3년),KOFIA 16:00 KST source publication; usable from next calendar day; ECOS load time unverified,2021-09-10T16:00:00+09:00,2021-09-10,0.43,DGS3,Daily,Percent,2021-09-10T16:15:00-04:00,post-2016-10-11 official daily H.15 calendar at 16:15 ET,none,2021-09-12,2021-09-11T05:15:00+09:00,2021-09-09,-1.071,3,4
2021-09-14,1174.3,2021-09-13,2021-09-14,1.525,817Y002,010200000,연%,국고채(3년),KOFIA 16:00 KST source publication; usable from next calendar day; ECOS load time unverified,2021-09-13T16:00:00+09:00,2021-09-10,0.43,DGS3,Daily,Percent,2021-09-10T16:15:00-04:00,post-2016-10-11 official daily H.15 calendar at 16:15 ET,none,2021-09-12,2021-09-11T05:15:00+09:00,2021-09-09,-1.095,1,5
2021-09-15,1172.2,2021-09-14,2021-09-15,1.535,817Y002,010200000,연%,국고채(3년),KOFIA 16:00 KST source publication; usable from next calendar day; ECOS load time unverified,2021-09-14T16:00:00+09:00,2021-09-13,0.45,DGS3,Daily,Percent,2021-09-13T16:15:00-04:00,post-2016-10-11 official daily H.15 calendar at 16:15 ET,none,2021-09-15,2021-09-14T05:15:00+09:00,2021-09-10,-1.085,1,5
2021-09-16,1171.7,2021-09-15,2021-09-16,1.492,817Y002,010200000,연%,국고채(3년),KOFIA 16:00 KST source publication; usable from next calendar day; ECOS load time unverified,2021-09-15T16:00:00+09:00,2021-09-14,0.44,DGS3,Daily,Percent,2021-09-14T16:15:00-04:00,post-2016-10-11 official daily H.15 calendar at 16:15 ET,none,2021-09-16,2021-09-15T05:15:00+09:00,2021-09-13,-1.052,1,3
2021-09-17,1169.1,2021-09-16,2021-09-17,1.51,817Y002,010200000,연%,국고채(3년),KOFIA 16:00 KST source publication; usable from next calendar day; ECOS load time unverified,2021-09-16T16:00:00+09:00,2021-09-15,0.43,DGS3,Daily,Percent,2021-09-15T16:15:00-04:00,post-2016-10-11 official daily H.15 calendar at 16:15 ET,none,2021-09-17,2021-09-16T05:15:00+09:00,2021-09-14,-1.08,1,3
2021-09-23,1177.6,2021-09-17,2021-09-18,1.535,817Y002,010200000,연%,국고채(3년),KOFIA 16:00 KST source publication; usable from next calendar day; ECOS load time unverified,2021-09-17T16:00:00+09:00,2021-09-21,0.45,DGS3,Daily,Percent,2021-09-21T16:15:00-04:00,post-2016-10-11 official daily H.15 calendar at 16:15 ET,none,2021-09-23,2021-09-22T05:15:00+09:00,2021-09-20,-1.085,6,3
2021-09-24,1181.7,2021-09-23,2021-09-24,1.558,817Y002,010200000,연%,국고채(3년),KOFIA 16:00 KST source publication; usable from next calendar day; ECOS load time unverified,2021-09-23T16:00:00+09:00,2021-09-22,0.46,DGS3,Daily,Percent,2021-09-22T16:15:00-04:00,post-2016-10-11 official daily H.15 calendar at 16:15 ET,none,2021-09-24,2021-09-23T05:15:00+09:00,2021-09-21,-1.098,1,3
2021-09-27,1175.3,2021-09-24,2021-09-25,1.575,817Y002,010200000,연%,국고채(3년),KOFIA 16:00 KST source publication; usable from next calendar day; ECOS load time unverified,2021-09-24T16:00:00+09:00,2021-09-24,0.53,DGS3,Daily,Percent,2021-09-24T16:15:00-04:00,post-2016-10-11 official daily H.15 calendar at 16:15 ET,none,2021-09-26,2021-09-25T05:15:00+09:00,2021-09-23,-1.045,3,4
2021-09-28,1175.9,2021-09-27,2021-09-28,1.566,817Y002,010200000,연%,국고채(3년),KOFIA 16:00 KST source publication; usable from next calendar day; ECOS load time unverified,2021-09-27T16:00:00+09:00,2021-09-24,0.53,DGS3,Daily,Percent,2021-09-24T16:15:00-04:00,post-2016-10-11 official daily H.15 calendar at 16:15 ET,none,2021-09-26,2021-09-25T05:15:00+09:00,2021-09-23,-1.036,1,5
2021-09-29,1182.0,2021-09-28,2021-09-29,1.609,817Y002,010200000,연%,국고채(3년),KOFIA 16:00 KST source publication; usable from next calendar day; ECOS load time unverified,2021-09-28T16:00:00+09:00,2021-09-27,0.55,DGS3,Daily,Percent,2021-09-27T16:15:00-04:00,post-2016-10-11 official daily H.15 calendar at 16:15 ET,none,2021-09-29,2021-09-28T05:15:00+09:00,2021-09-24,-1.059,1,5
2021-09-30,1184.9,2021-09-29,2021-09-30,1.603,817Y002,010200000,연%,국고채(3년),KOFIA 16:00 KST source publication; usable from next calendar day; ECOS load time unverified,2021-09-29T16:00:00+09:00,2021-09-28,0.56,DGS3,Daily,Percent,2021-09-28T16:15:00-04:00,post-2016-10-11 official daily H.15 calendar at 16:15 ET,none,2021-09-30,2021-09-29T05:15:00+09:00,2021-09-27,-1.043,1,3
2021-10-01,1185.2,2021-09-30,2021-10-01,1.593,817Y002,010200000,연%,국고채(3년),KOFIA 16:00 KST source publication; usable from next calendar day; ECOS load time unverified,2021-09-30T16:00:00+09:00,2021-09-29,0.55,DGS3,Daily,Percent,2021-09-29T16:15:00-04:00,post-2016-10-11 official daily H.15 calendar at 16:15 ET,none,2021-10-01,2021-09-30T05:15:00+09:00,2021-09-28,-1.043,1,3
2021-10-05,1187.2,2021-10-01,2021-10-02,1.633,817Y002,010200000,연%,국고채(3년),KOFIA 16:00 KST source publication; usable from next calendar day; ECOS load time unverified,2021-10-01T16:00:00+09:00,2021-10-01,0.53,DGS3,Daily,Percent,2021-10-01T16:15:00-04:00,post-2016-10-11 official daily H.15 calendar at 16:15 ET,none,2021-10-03,2021-10-02T05:15:00+09:00,2021-09-30,-1.103,4,5
2021-10-06,1187.1,2021-10-05,2021-10-06,1.65,817Y002,010200000,연%,국고채(3년),KOFIA 16:00 KST source publication; usable from next calendar day; ECOS load time unverified,2021-10-05T16:00:00+09:00,2021-10-04,0.49,DGS3,Daily,Percent,2021-10-04T16:15:00-04:00,post-2016-10-11 official daily H.15 calendar at 16:15 ET,none,2021-10-06,2021-10-05T05:15:00+09:00,2021-10-01,-1.16,1,5
2021-10-07,1190.0,2021-10-06,2021-10-07,1.719,817Y002,010200000,연%,국고채(3년),KOFIA 16:00 KST source publication; usable from next calendar day; ECOS load time unverified,2021-10-06T16:00:00+09:00,2021-10-05,0.52,DGS3,Daily,Percent,2021-10-05T16:15:00-04:00,post-2016-10-11 official daily H.15 calendar at 16:15 ET,none,2021-10-07,2021-10-06T05:15:00+09:00,2021-10-04,-1.199,1,3
2021-10-08,1190.3,2021-10-07,2021-10-08,1.704,817Y002,010200000,연%,국고채(3년),KOFIA 16:00 KST source publication; usable from next calendar day; ECOS load time unverified,2021-10-07T16:00:00+09:00,2021-10-06,0.54,DGS3,Daily,Percent,2021-10-06T16:15:00-04:00,post-2016-10-11 official daily H.15 calendar at 16:15 ET,none,2021-10-08,2021-10-07T05:15:00+09:00,2021-10-05,-1.164,1,3
2021-10-12,1193.4,2021-10-08,2021-10-09,1.701,817Y002,010200000,연%,국고채(3년),KOFIA 16:00 KST source publication; usable from next calendar day; ECOS load time unverified,2021-10-08T16:00:00+09:00,2021-10-08,0.57,DGS3,Daily,Percent,2021-10-08T16:15:00-04:00,post-2016-10-11 official daily H.15 calendar at 16:15 ET,none,2021-10-10,2021-10-09T05:15:00+09:00,2021-10-07,-1.1310000000000002,4,5
2021-10-13,1199.1,2021-10-12,2021-10-13,1.815,817Y002,010200000,연%,국고채(3년),KOFIA 16:00 KST source publication; usable from next calendar day; ECOS load time unverified,2021-10-12T16:00:00+09:00,2021-10-08,0.57,DGS3,Daily,Percent,2021-10-08T16:15:00-04:00,post-2016-10-11 official daily H.15 calendar at 16:15 ET,none,2021-10-10,2021-10-09T05:15:00+09:00,2021-10-07,-1.245,1,6
2021-10-14,1195.0,2021-10-13,2021-10-14,1.824,817Y002,010200000,연%,국고채(3년),KOFIA 16:00 KST source publication; usable from next calendar day; ECOS load time unverified,2021-10-13T16:00:00+09:00,2021-10-12,0.59,DGS3,Daily,Percent,2021-10-12T16:15:00-04:00,post-2016-10-11 official daily H.15 calendar at 16:15 ET,none,2021-10-14,2021-10-13T05:15:00+09:00,2021-10-08,-1.234,1,6
2021-10-15,1188.3,2021-10-14,2021-10-15,1.813,817Y002,010200000,연%,국고채(3년),KOFIA 16:00 KST source publication; usable from next calendar day; ECOS load time unverified,2021-10-14T16:00:00+09:00,2021-10-13,0.64,DGS3,Daily,Percent,2021-10-13T16:15:00-04:00,post-2016-10-11 official daily H.15 calendar at 16:15 ET,none,2021-10-15,2021-10-14T05:15:00+09:00,2021-10-12,-1.173,1,3
2021-10-18,1182.8,2021-10-15,2021-10-16,1.795,817Y002,010200000,연%,국고채(3년),KOFIA 16:00 KST source publication; usable from next calendar day; ECOS load time unverified,2021-10-15T16:00:00+09:00,2021-10-15,0.62,DGS3,Daily,Percent,2021-10-15T16:15:00-04:00,post-2016-10-11 official daily H.15 calendar at 16:15 ET,none,2021-10-17,2021-10-16T05:15:00+09:00,2021-10-14,-1.1749999999999998,3,4
2021-10-19,1185.8,2021-10-18,2021-10-19,1.875,817Y002,010200000,연%,국고채(3년),KOFIA 16:00 KST source publication; usable from next calendar day; ECOS load time unverified,2021-10-18T16:00:00+09:00,2021-10-15,0.62,DGS3,Daily,Percent,2021-10-15T16:15:00-04:00,post-2016-10-11 official daily H.15 calendar at 16:15 ET,none,2021-10-17,2021-10-16T05:15:00+09:00,2021-10-14,-1.255,1,5
2021-10-20,1181.7,2021-10-19,2021-10-20,1.866,817Y002,010200000,연%,국고채(3년),KOFIA 16:00 KST source publication; usable from next calendar day; ECOS load time unverified,2021-10-19T16:00:00+09:00,2021-10-18,0.7,DGS3,Daily,Percent,2021-10-18T16:15:00-04:00,post-2016-10-11 official daily H.15 calendar at 16:15 ET,none,2021-10-20,2021-10-19T05:15:00+09:00,2021-10-15,-1.1660000000000001,1,5
2021-10-21,1175.6,2021-10-20,2021-10-21,1.847,817Y002,010200000,연%,국고채(3년),KOFIA 16:00 KST source publication; usable from next calendar day; ECOS load time unverified,2021-10-20T16:00:00+09:00,2021-10-19,0.72,DGS3,Daily,Percent,2021-10-19T16:15:00-04:00,post-2016-10-11 official daily H.15 calendar at 16:15 ET,none,2021-10-21,2021-10-20T05:15:00+09:00,2021-10-18,-1.127,1,3
2021-10-22,1175.8,2021-10-21,2021-10-22,1.836,817Y002,010200000,연%,국고채(3년),KOFIA 16:00 KST source publication; usable from next calendar day; ECOS load time unverified,2021-10-21T16:00:00+09:00,2021-10-20,0.71,DGS3,Daily,Percent,2021-10-20T16:15:00-04:00,post-2016-10-11 official daily H.15 calendar at 16:15 ET,none,2021-10-22,2021-10-21T05:15:00+09:00,2021-10-19,-1.1260000000000001,1,3
2021-10-25,1178.4,2021-10-22,2021-10-23,1.889,817Y002,010200000,연%,국고채(3년),KOFIA 16:00 KST source publication; usable from next calendar day; ECOS load time unverified,2021-10-22T16:00:00+09:00,2021-10-22,0.78,DGS3,Daily,Percent,2021-10-22T16:15:00-04:00,post-2016-10-11 official daily H.15 calendar at 16:15 ET,none,2021-10-24,2021-10-23T05:15:00+09:00,2021-10-21,-1.109,3,4
2021-10-26,1171.8,2021-10-25,2021-10-26,1.919,817Y002,010200000,연%,국고채(3년),KOFIA 16:00 KST source publication; usable from next calendar day; ECOS load time unverified,2021-10-25T16:00:00+09:00,2021-10-22,0.78,DGS3,Daily,Percent,2021-10-22T16:15:00-04:00,post-2016-10-11 official daily H.15 calendar at 16:15 ET,none,2021-10-24,2021-10-23T05:15:00+09:00,2021-10-21,-1.139,1,5
2021-10-27,1166.3,2021-10-26,2021-10-27,1.947,817Y002,010200000,연%,국고채(3년),KOFIA 16:00 KST source publication; usable from next calendar day; ECOS load time unverified,2021-10-26T16:00:00+09:00,2021-10-25,0.79,DGS3,Daily,Percent,2021-10-25T16:15:00-04:00,post-2016-10-11 official daily H.15 calendar at 16:15 ET,none,2021-10-27,2021-10-26T05:15:00+09:00,2021-10-22,-1.157,1,5
2021-10-28,1168.1,2021-10-27,2021-10-28,2.044,817Y002,010200000,연%,국고채(3년),KOFIA 16:00 KST source publication; usable from next calendar day; ECOS load time unverified,2021-10-27T16:00:00+09:00,2021-10-26,0.76,DGS3,Daily,Percent,2021-10-26T16:15:00-04:00,post-2016-10-11 official daily H.15 calendar at 16:15 ET,none,2021-10-28,2021-10-27T05:15:00+09:00,2021-10-25,-1.284,1,3
2021-10-29,1171.7,2021-10-28,2021-10-29,2.017,817Y002,010200000,연%,국고채(3년),KOFIA 16:00 KST source publication; usable from next calendar day; ECOS load time unverified,2021-10-28T16:00:00+09:00,2021-10-27,0.77,DGS3,Daily,Percent,2021-10-27T16:15:00-04:00,post-2016-10-11 official daily H.15 calendar at 16:15 ET,none,2021-10-29,2021-10-28T05:15:00+09:00,2021-10-26,-1.2469999999999999,1,3
2021-11-01,1169.6,2021-10-29,2021-10-30,2.103,817Y002,010200000,연%,국고채(3년),KOFIA 16:00 KST source publication; usable from next calendar day; ECOS load time unverified,2021-10-29T16:00:00+09:00,2021-10-29,0.77,DGS3,Daily,Percent,2021-10-29T16:15:00-04:00,post-2016-10-11 official daily H.15 calendar at 16:15 ET,none,2021-10-31,2021-10-30T05:15:00+09:00,2021-10-28,-1.3330000000000002,3,4
2021-11-02,1176.3,2021-11-01,2021-11-02,2.108,817Y002,010200000,연%,국고채(3년),KOFIA 16:00 KST source publication; usable from next calendar day; ECOS load time unverified,2021-11-01T16:00:00+09:00,2021-10-29,0.77,DGS3,Daily,Percent,2021-10-29T16:15:00-04:00,post-2016-10-11 official daily H.15 calendar at 16:15 ET,none,2021-10-31,2021-10-30T05:15:00+09:00,2021-10-28,-1.338,1,5
2021-11-03,1175.5,2021-11-02,2021-11-03,2.038,817Y002,010200000,연%,국고채(3년),KOFIA 16:00 KST source publication; usable from next calendar day; ECOS load time unverified,2021-11-02T16:00:00+09:00,2021-11-01,0.75,DGS3,Daily,Percent,2021-11-01T16:15:00-04:00,post-2016-10-11 official daily H.15 calendar at 16:15 ET,none,2021-11-03,2021-11-02T05:15:00+09:00,2021-10-29,-1.2879999999999998,1,5
2021-11-04,1181.1,2021-11-03,2021-11-04,2.036,817Y002,010200000,연%,국고채(3년),KOFIA 16:00 KST source publication; usable from next calendar day; ECOS load time unverified,2021-11-03T16:00:00+09:00,2021-11-02,0.79,DGS3,Daily,Percent,2021-11-02T16:15:00-04:00,post-2016-10-11 official daily H.15 calendar at 16:15 ET,none,2021-11-04,2021-11-03T05:15:00+09:00,2021-11-01,-1.246,1,3
2021-11-05,1180.0,2021-11-04,2021-11-05,2.04,817Y002,010200000,연%,국고채(3년),KOFIA 16:00 KST source publication; usable from next calendar day; ECOS load time unverified,2021-11-04T16:00:00+09:00,2021-11-03,0.73,DGS3,Daily,Percent,2021-11-03T16:15:00-04:00,post-2016-10-11 official daily H.15 calendar at 16:15 ET,none,2021-11-05,2021-11-04T05:15:00+09:00,2021-11-02,-1.31,1,3
2021-11-08,1185.2,2021-11-05,2021-11-06,1.944,817Y002,010200000,연%,국고채(3년),KOFIA 16:00 KST source publication; usable from next calendar day; ECOS load time unverified,2021-11-05T16:00:00+09:00,2021-11-05,0.69,DGS3,Daily,Percent,2021-11-05T16:15:00-04:00,post-2016-10-11 official daily H.15 calendar at 16:15 ET,none,2021-11-07,2021-11-06T05:15:00+09:00,2021-11-04,-1.254,3,4
2021-11-09,1184.3,2021-11-08,2021-11-09,1.906,817Y002,010200000,연%,국고채(3년),KOFIA 16:00 KST source publication; usable from next calendar day; ECOS load time unverified,2021-11-08T16:00:00+09:00,2021-11-05,0.69,DGS3,Daily,Percent,2021-11-05T16:15:00-04:00,post-2016-10-11 official daily H.15 calendar at 16:15 ET,none,2021-11-07,2021-11-06T05:15:00+09:00,2021-11-04,-1.216,1,5
2021-11-10,1178.4,2021-11-09,2021-11-10,1.865,817Y002,010200000,연%,국고채(3년),KOFIA 16:00 KST source publication; usable from next calendar day; ECOS load time unverified,2021-11-09T16:00:00+09:00,2021-11-08,0.66,DGS3,Daily,Percent,2021-11-08T16:15:00-05:00,post-2016-10-11 official daily H.15 calendar at 16:15 ET,none,2021-11-10,2021-11-09T06:15:00+09:00,2021-11-05,-1.205,1,5
2021-11-11,1181.0,2021-11-10,2021-11-11,1.877,817Y002,010200000,연%,국고채(3년),KOFIA 16:00 KST source publication; usable from next calendar day; ECOS load time unverified,2021-11-10T16:00:00+09:00,2021-11-09,0.75,DGS3,Daily,Percent,2021-11-09T16:15:00-05:00,post-2016-10-11 official daily H.15 calendar at 16:15 ET,none,2021-11-11,2021-11-10T06:15:00+09:00,2021-11-08,-1.127,1,3
2021-11-12,1184.7,2021-11-11,2021-11-12,1.913,817Y002,010200000,연%,국고채(3년),KOFIA 16:00 KST source publication; usable from next calendar day; ECOS load time unverified,2021-11-11T16:00:00+09:00,2021-11-10,0.71,DGS3,Daily,Percent,2021-11-10T16:15:00-05:00,post-2016-10-11 official daily H.15 calendar at 16:15 ET,none,2021-11-12,2021-11-11T06:15:00+09:00,2021-11-09,-1.203,1,3
2021-11-15,1179.6,2021-11-12,2021-11-13,1.968,817Y002,010200000,연%,국고채(3년),KOFIA 16:00 KST source publication; usable from next calendar day; ECOS load time unverified,2021-11-12T16:00:00+09:00,2021-11-12,0.83,DGS3,Daily,Percent,2021-11-12T16:15:00-05:00,post-2016-10-11 official daily H.15 calendar at 16:15 ET,none,2021-11-14,2021-11-13T06:15:00+09:00,2021-11-10,-1.138,3,5
2021-11-16,1180.2,2021-11-15,2021-11-16,1.912,817Y002,010200000,연%,국고채(3년),KOFIA 16:00 KST source publication; usable from next calendar day; ECOS load time unverified,2021-11-15T16:00:00+09:00,2021-11-12,0.83,DGS3,Daily,Percent,2021-11-12T16:15:00-05:00,post-2016-10-11 official daily H.15 calendar at 16:15 ET,none,2021-11-14,2021-11-13T06:15:00+09:00,2021-11-10,-1.0819999999999999,1,6
2021-11-17,1179.6,2021-11-16,2021-11-17,1.963,817Y002,010200000,연%,국고채(3년),KOFIA 16:00 KST source publication; usable from next calendar day; ECOS load time unverified,2021-11-16T16:00:00+09:00,2021-11-15,0.85,DGS3,Daily,Percent,2021-11-15T16:15:00-05:00,post-2016-10-11 official daily H.15 calendar at 16:15 ET,none,2021-11-17,2021-11-16T06:15:00+09:00,2021-11-12,-1.113,1,5
2021-11-18,1183.6,2021-11-17,2021-11-18,1.974,817Y002,010200000,연%,국고채(3년),KOFIA 16:00 KST source publication; usable from next calendar day; ECOS load time unverified,2021-11-17T16:00:00+09:00,2021-11-16,0.87,DGS3,Daily,Percent,2021-11-16T16:15:00-05:00,post-2016-10-11 official daily H.15 calendar at 16:15 ET,none,2021-11-18,2021-11-17T06:15:00+09:00,2021-11-15,-1.104,1,3
2021-11-19,1180.5,2021-11-18,2021-11-19,1.953,817Y002,010200000,연%,국고채(3년),KOFIA 16:00 KST source publication; usable from next calendar day; ECOS load time unverified,2021-11-18T16:00:00+09:00,2021-11-17,0.87,DGS3,Daily,Percent,2021-11-17T16:15:00-05:00,post-2016-10-11 official daily H.15 calendar at 16:15 ET,none,2021-11-19,2021-11-18T06:15:00+09:00,2021-11-16,-1.0830000000000002,1,3
2021-11-22,1183.5,2021-11-19,2021-11-20,1.966,817Y002,010200000,연%,국고채(3년),KOFIA 16:00 KST source publication; usable from next calendar day; ECOS load time unverified,2021-11-19T16:00:00+09:00,2021-11-19,0.84,DGS3,Daily,Percent,2021-11-19T16:15:00-05:00,post-2016-10-11 official daily H.15 calendar at 16:15 ET,none,2021-11-21,2021-11-20T06:15:00+09:00,2021-11-18,-1.126,3,4
2021-11-23,1187.4,2021-11-22,2021-11-23,2.018,817Y002,010200000,연%,국고채(3년),KOFIA 16:00 KST source publication; usable from next calendar day; ECOS load time unverified,2021-11-22T16:00:00+09:00,2021-11-19,0.84,DGS3,Daily,Percent,2021-11-19T16:15:00-05:00,post-2016-10-11 official daily H.15 calendar at 16:15 ET,none,2021-11-21,2021-11-20T06:15:00+09:00,2021-11-18,-1.178,1,5
2021-11-24,1188.9,2021-11-23,2021-11-24,2.031,817Y002,010200000,연%,국고채(3년),KOFIA 16:00 KST source publication; usable from next calendar day; ECOS load time unverified,2021-11-23T16:00:00+09:00,2021-11-22,0.86,DGS3,Daily,Percent,2021-11-22T16:15:00-05:00,post-2016-10-11 official daily H.15 calendar at 16:15 ET,none,2021-11-24,2021-11-23T06:15:00+09:00,2021-11-19,-1.1710000000000003,1,5
2021-11-25,1188.5,2021-11-24,2021-11-25,2.013,817Y002,010200000,연%,국고채(3년),KOFIA 16:00 KST source publication; usable from next calendar day; ECOS load time unverified,2021-11-24T16:00:00+09:00,2021-11-23,0.95,DGS3,Daily,Percent,2021-11-23T16:15:00-05:00,post-2016-10-11 official daily H.15 calendar at 16:15 ET,none,2021-11-25,2021-11-24T06:15:00+09:00,2021-11-22,-1.063,1,3
2021-11-26,1189.7,2021-11-25,2021-11-26,1.933,817Y002,010200000,연%,국고채(3년),KOFIA 16:00 KST source publication; usable from next calendar day; ECOS load time unverified,2021-11-25T16:00:00+09:00,2021-11-24,0.95,DGS3,Daily,Percent,2021-11-24T16:15:00-05:00,post-2016-10-11 official daily H.15 calendar at 16:15 ET,none,2021-11-26,2021-11-25T06:15:00+09:00,2021-11-23,-0.9830000000000001,1,3
2021-11-29,1193.0,2021-11-26,2021-11-27,1.863,817Y002,010200000,연%,국고채(3년),KOFIA 16:00 KST source publication; usable from next calendar day; ECOS load time unverified,2021-11-26T16:00:00+09:00,2021-11-26,0.97,DGS3,Daily,Percent,2021-11-26T16:15:00-05:00,post-2016-10-11 official daily H.15 calendar at 16:15 ET,none,2021-11-28,2021-11-27T06:15:00+09:00,2021-11-24,-0.893,3,5
2021-11-30,1193.4,2021-11-29,2021-11-30,1.844,817Y002,010200000,연%,국고채(3년),KOFIA 16:00 KST source publication; usable from next calendar day; ECOS load time unverified,2021-11-29T16:00:00+09:00,2021-11-26,0.97,DGS3,Daily,Percent,2021-11-26T16:15:00-05:00,post-2016-10-11 official daily H.15 calendar at 16:15 ET,none,2021-11-28,2021-11-27T06:15:00+09:00,2021-11-24,-0.8740000000000001,1,6
2021-12-01,1187.7,2021-11-30,2021-12-01,1.799,817Y002,010200000,연%,국고채(3년),KOFIA 16:00 KST source publication; usable from next calendar day; ECOS load time unverified,2021-11-30T16:00:00+09:00,2021-11-29,0.81,DGS3,Daily,Percent,2021-11-29T16:15:00-05:00,post-2016-10-11 official daily H.15 calendar at 16:15 ET,none,2021-12-01,2021-11-30T06:15:00+09:00,2021-11-26,-0.9889999999999999,1,5
2021-12-02,1180.3,2021-12-01,2021-12-02,1.813,817Y002,010200000,연%,국고채(3년),KOFIA 16:00 KST source publication; usable from next calendar day; ECOS load time unverified,2021-12-01T16:00:00+09:00,2021-11-30,0.83,DGS3,Daily,Percent,2021-11-30T16:15:00-05:00,post-2016-10-11 official daily H.15 calendar at 16:15 ET,none,2021-12-02,2021-12-01T06:15:00+09:00,2021-11-29,-0.983,1,3
2021-12-03,1177.3,2021-12-02,2021-12-03,1.845,817Y002,010200000,연%,국고채(3년),KOFIA 16:00 KST source publication; usable from next calendar day; ECOS load time unverified,2021-12-02T16:00:00+09:00,2021-12-01,0.81,DGS3,Daily,Percent,2021-12-01T16:15:00-05:00,post-2016-10-11 official daily H.15 calendar at 16:15 ET,none,2021-12-03,2021-12-02T06:15:00+09:00,2021-11-30,-1.035,1,3
2021-12-06,1178.6,2021-12-03,2021-12-04,1.9,817Y002,010200000,연%,국고채(3년),KOFIA 16:00 KST source publication; usable from next calendar day; ECOS load time unverified,2021-12-03T16:00:00+09:00,2021-12-03,0.9,DGS3,Daily,Percent,2021-12-03T16:15:00-05:00,post-2016-10-11 official daily H.15 calendar at 16:15 ET,none,2021-12-05,2021-12-04T06:15:00+09:00,2021-12-02,-0.9999999999999999,3,4
2021-12-07,1183.7,2021-12-06,2021-12-07,1.865,817Y002,010200000,연%,국고채(3년),KOFIA 16:00 KST source publication; usable from next calendar day; ECOS load time unverified,2021-12-06T16:00:00+09:00,2021-12-03,0.9,DGS3,Daily,Percent,2021-12-03T16:15:00-05:00,post-2016-10-11 official daily H.15 calendar at 16:15 ET,none,2021-12-05,2021-12-04T06:15:00+09:00,2021-12-02,-0.965,1,5
2021-12-08,1181.2,2021-12-07,2021-12-08,1.872,817Y002,010200000,연%,국고채(3년),KOFIA 16:00 KST source publication; usable from next calendar day; ECOS load time unverified,2021-12-07T16:00:00+09:00,2021-12-06,0.86,DGS3,Daily,Percent,2021-12-06T16:15:00-05:00,post-2016-10-11 official daily H.15 calendar at 16:15 ET,none,2021-12-08,2021-12-07T06:15:00+09:00,2021-12-03,-1.012,1,5
2021-12-09,1176.4,2021-12-08,2021-12-09,1.831,817Y002,010200000,연%,국고채(3년),KOFIA 16:00 KST source publication; usable from next calendar day; ECOS load time unverified,2021-12-08T16:00:00+09:00,2021-12-07,0.91,DGS3,Daily,Percent,2021-12-07T16:15:00-05:00,post-2016-10-11 official daily H.15 calendar at 16:15 ET,none,2021-12-09,2021-12-08T06:15:00+09:00,2021-12-06,-0.9209999999999999,1,3
2021-12-10,1173.8,2021-12-09,2021-12-10,1.794,817Y002,010200000,연%,국고채(3년),KOFIA 16:00 KST source publication; usable from next calendar day; ECOS load time unverified,2021-12-09T16:00:00+09:00,2021-12-08,0.99,DGS3,Daily,Percent,2021-12-08T16:15:00-05:00,post-2016-10-11 official daily H.15 calendar at 16:15 ET,none,2021-12-10,2021-12-09T06:15:00+09:00,2021-12-07,-0.804,1,3
2021-12-13,1178.2,2021-12-10,2021-12-11,1.805,817Y002,010200000,연%,국고채(3년),KOFIA 16:00 KST source publication; usable from next calendar day; ECOS load time unverified,2021-12-10T16:00:00+09:00,2021-12-10,0.99,DGS3,Daily,Percent,2021-12-10T16:15:00-05:00,post-2016-10-11 official daily H.15 calendar at 16:15 ET,none,2021-12-12,2021-12-11T06:15:00+09:00,2021-12-09,-0.815,3,4
2021-12-14,1178.8,2021-12-13,2021-12-14,1.79,817Y002,010200000,연%,국고채(3년),KOFIA 16:00 KST source publication; usable from next calendar day; ECOS load time unverified,2021-12-13T16:00:00+09:00,2021-12-10,0.99,DGS3,Daily,Percent,2021-12-10T16:15:00-05:00,post-2016-10-11 official daily H.15 calendar at 16:15 ET,none,2021-12-12,2021-12-11T06:15:00+09:00,2021-12-09,-0.8,1,5
2021-12-15,1183.6,2021-12-14,2021-12-15,1.784,817Y002,010200000,연%,국고채(3년),KOFIA 16:00 KST source publication; usable from next calendar day; ECOS load time unverified,2021-12-14T16:00:00+09:00,2021-12-13,0.98,DGS3,Daily,Percent,2021-12-13T16:15:00-05:00,post-2016-10-11 official daily H.15 calendar at 16:15 ET,none,2021-12-15,2021-12-14T06:15:00+09:00,2021-12-10,-0.804,1,5
2021-12-16,1186.2,2021-12-15,2021-12-16,1.808,817Y002,010200000,연%,국고채(3년),KOFIA 16:00 KST source publication; usable from next calendar day; ECOS load time unverified,2021-12-15T16:00:00+09:00,2021-12-14,0.95,DGS3,Daily,Percent,2021-12-14T16:15:00-05:00,post-2016-10-11 official daily H.15 calendar at 16:15 ET,none,2021-12-16,2021-12-15T06:15:00+09:00,2021-12-13,-0.8580000000000001,1,3
2021-12-17,1183.5,2021-12-16,2021-12-17,1.766,817Y002,010200000,연%,국고채(3년),KOFIA 16:00 KST source publication; usable from next calendar day; ECOS load time unverified,2021-12-16T16:00:00+09:00,2021-12-15,0.98,DGS3,Daily,Percent,2021-12-15T16:15:00-05:00,post-2016-10-11 official daily H.15 calendar at 16:15 ET,none,2021-12-17,2021-12-16T06:15:00+09:00,2021-12-14,-0.786,1,3
2021-12-20,1184.4,2021-12-17,2021-12-18,1.767,817Y002,010200000,연%,국고채(3년),KOFIA 16:00 KST source publication; usable from next calendar day; ECOS load time unverified,2021-12-17T16:00:00+09:00,2021-12-17,0.92,DGS3,Daily,Percent,2021-12-17T16:15:00-05:00,post-2016-10-11 official daily H.15 calendar at 16:15 ET,none,2021-12-19,2021-12-18T06:15:00+09:00,2021-12-16,-0.8469999999999999,3,4
2021-12-21,1189.8,2021-12-20,2021-12-21,1.74,817Y002,010200000,연%,국고채(3년),KOFIA 16:00 KST source publication; usable from next calendar day; ECOS load time unverified,2021-12-20T16:00:00+09:00,2021-12-17,0.92,DGS3,Daily,Percent,2021-12-17T16:15:00-05:00,post-2016-10-11 official daily H.15 calendar at 16:15 ET,none,2021-12-19,2021-12-18T06:15:00+09:00,2021-12-16,-0.82,1,5
2021-12-22,1191.5,2021-12-21,2021-12-22,1.72,817Y002,010200000,연%,국고채(3년),KOFIA 16:00 KST source publication; usable from next calendar day; ECOS load time unverified,2021-12-21T16:00:00+09:00,2021-12-20,0.93,DGS3,Daily,Percent,2021-12-20T16:15:00-05:00,post-2016-10-11 official daily H.15 calendar at 16:15 ET,none,2021-12-22,2021-12-21T06:15:00+09:00,2021-12-17,-0.7899999999999999,1,5
2021-12-23,1191.2,2021-12-22,2021-12-23,1.757,817Y002,010200000,연%,국고채(3년),KOFIA 16:00 KST source publication; usable from next calendar day; ECOS load time unverified,2021-12-22T16:00:00+09:00,2021-12-21,0.91,DGS3,Daily,Percent,2021-12-21T16:15:00-05:00,post-2016-10-11 official daily H.15 calendar at 16:15 ET,none,2021-12-23,2021-12-22T06:15:00+09:00,2021-12-20,-0.8469999999999999,1,3
2021-12-24,1187.5,2021-12-23,2021-12-24,1.805,817Y002,010200000,연%,국고채(3년),KOFIA 16:00 KST source publication; usable from next calendar day; ECOS load time unverified,2021-12-23T16:00:00+09:00,2021-12-22,0.96,DGS3,Daily,Percent,2021-12-22T16:15:00-05:00,post-2016-10-11 official daily H.15 calendar at 16:15 ET,none,2021-12-24,2021-12-23T06:15:00+09:00,2021-12-21,-0.845,1,3
2021-12-27,1186.4,2021-12-24,2021-12-25,1.798,817Y002,010200000,연%,국고채(3년),KOFIA 16:00 KST source publication; usable from next calendar day; ECOS load time unverified,2021-12-24T16:00:00+09:00,2021-12-23,0.96,DGS3,Daily,Percent,2021-12-23T16:15:00-05:00,post-2016-10-11 official daily H.15 calendar at 16:15 ET,none,2021-12-25,2021-12-24T06:15:00+09:00,2021-12-22,-0.8380000000000001,3,5
2021-12-28,1186.2,2021-12-27,2021-12-28,1.776,817Y002,010200000,연%,국고채(3년),KOFIA 16:00 KST source publication; usable from next calendar day; ECOS load time unverified,2021-12-27T16:00:00+09:00,2021-12-23,0.96,DGS3,Daily,Percent,2021-12-23T16:15:00-05:00,post-2016-10-11 official daily H.15 calendar at 16:15 ET,none,2021-12-25,2021-12-24T06:15:00+09:00,2021-12-22,-0.8160000000000001,1,6
2021-12-29,1186.7,2021-12-28,2021-12-29,1.786,817Y002,010200000,연%,국고채(3년),KOFIA 16:00 KST source publication; usable from next calendar day; ECOS load time unverified,2021-12-28T16:00:00+09:00,2021-12-27,0.97,DGS3,Daily,Percent,2021-12-27T16:15:00-05:00,post-2016-10-11 official daily H.15 calendar at 16:15 ET,none,2021-12-29,2021-12-28T06:15:00+09:00,2021-12-23,-0.8160000000000001,1,6
2021-12-30,1186.6,2021-12-29,2021-12-30,1.783,817Y002,010200000,연%,국고채(3년),KOFIA 16:00 KST source publication; usable from next calendar day; ECOS load time unverified,2021-12-29T16:00:00+09:00,2021-12-28,0.98,DGS3,Daily,Percent,2021-12-28T16:15:00-05:00,post-2016-10-11 official daily H.15 calendar at 16:15 ET,none,2021-12-30,2021-12-29T06:15:00+09:00,2021-12-27,-0.8029999999999999,1,3
2021-12-31,1185.5,2021-12-30,2021-12-31,1.799,817Y002,010200000,연%,국고채(3년),KOFIA 16:00 KST source publication; usable from next calendar day; ECOS load time unverified,2021-12-30T16:00:00+09:00,2021-12-29,0.99,DGS3,Daily,Percent,2021-12-29T16:15:00-05:00,post-2016-10-11 official daily H.15 calendar at 16:15 ET,none,2021-12-31,2021-12-30T06:15:00+09:00,2021-12-28,-0.8089999999999999,1,3
