date,usd_krw_krw_per_usd,jpy_krw_same_date_audit_only,jpy_krw_krw_per_jpy_lag1,jpy_source_date_lag1
1977-04-04,484.0,1.745,1.745,1977-04-01
1977-04-06,484.0,1.774,1.745,1977-04-04
1977-04-07,484.0,1.7723,1.774,1977-04-06
1977-04-08,484.0,1.7713,1.7723,1977-04-07
1977-04-11,484.0,1.7702,1.7713,1977-04-08
1977-04-12,484.0,1.7782,1.7702,1977-04-11
1977-04-13,484.0,1.7847,1.7782,1977-04-12
1977-04-14,484.0,1.7847,1.7847,1977-04-13
1977-04-15,484.0,1.7719,1.7847,1977-04-14
1977-04-18,484.0,1.7648,1.7719,1977-04-15
1977-04-19,484.0,1.7678,1.7648,1977-04-18
1977-04-20,484.0,1.7524000000000002,1.7678,1977-04-19
1977-04-22,484.0,1.7379,1.7524000000000002,1977-04-20
1977-04-25,484.0,1.7492,1.7379,1977-04-22
1977-04-26,484.0,1.7391,1.7492,1977-04-25
1977-04-28,484.0,1.7391,1.7391,1977-04-26
1977-04-29,484.0,1.7428,1.7391,1977-04-28
1977-05-02,484.0,1.7428,1.7428,1977-04-29
1977-05-03,484.0,1.7393,1.7428,1977-05-02
1977-05-04,484.0,1.7393,1.7393,1977-05-03
1977-05-06,484.0,1.7391,1.7393,1977-05-04
1977-05-09,484.0,1.7391,1.7391,1977-05-06
1977-05-10,484.0,1.7419,1.7391,1977-05-09
1977-05-11,484.0,1.7397,1.7419,1977-05-10
1977-05-12,484.0,1.7445,1.7397,1977-05-11
1977-05-13,484.0,1.7353999999999998,1.7445,1977-05-12
1977-05-16,484.0,1.7436,1.7353999999999998,1977-05-13
1977-05-17,484.0,1.7448,1.7436,1977-05-16
1977-05-18,484.0,1.7441,1.7448,1977-05-17
1977-05-19,484.0,1.7441,1.7441,1977-05-18
1977-05-20,484.0,1.7445,1.7441,1977-05-19
1977-05-23,484.0,1.7467,1.7445,1977-05-20
1977-05-24,484.0,1.7453999999999998,1.7467,1977-05-23
1977-05-26,484.0,1.7479,1.7453999999999998,1977-05-24
1977-05-27,484.0,1.7443,1.7479,1977-05-26
1977-05-30,484.0,1.7465000000000002,1.7443,1977-05-27
1977-05-31,484.0,1.7467,1.7465000000000002,1977-05-30
1977-06-01,484.0,1.7453999999999998,1.7467,1977-05-31
1977-06-02,484.0,1.7453999999999998,1.7453999999999998,1977-06-01
1977-06-03,484.0,1.7482,1.7453999999999998,1977-06-02
1977-06-07,484.0,1.7506,1.7482,1977-06-03
1977-06-08,484.0,1.7571,1.7506,1977-06-07
1977-06-09,484.0,1.7578,1.7571,1977-06-08
1977-06-10,484.0,1.766,1.7578,1977-06-09
1977-06-13,484.0,1.7684,1.766,1977-06-10
1977-06-14,484.0,1.7748,1.7684,1977-06-13
1977-06-15,484.0,1.7821,1.7748,1977-06-14
1977-06-16,484.0,1.7741999999999998,1.7821,1977-06-15
1977-06-17,484.0,1.7768000000000002,1.7741999999999998,1977-06-16
1977-06-20,484.0,1.7767,1.7768000000000002,1977-06-17
1977-06-21,484.0,1.7741999999999998,1.7767,1977-06-20
1977-06-22,484.0,1.7767,1.7741999999999998,1977-06-21
1977-06-23,484.0,1.7814,1.7767,1977-06-22
1977-06-24,484.0,1.7812,1.7814,1977-06-23
1977-06-28,484.0,1.7819999999999998,1.7812,1977-06-24
1977-06-29,484.0,1.7845,1.7819999999999998,1977-06-28
1977-06-30,484.0,1.8011,1.7845,1977-06-29
1977-07-01,484.0,1.8063,1.8011,1977-06-30
1977-07-04,484.0,1.8089,1.8063,1977-07-01
1977-07-05,484.0,1.8148,1.8089,1977-07-04
1977-07-06,484.0,1.8281,1.8148,1977-07-05
1977-07-07,484.0,1.8347,1.8281,1977-07-06
1977-07-08,484.0,1.8294,1.8347,1977-07-07
1977-07-11,484.0,1.8267,1.8294,1977-07-08
1977-07-12,484.0,1.8297,1.8267,1977-07-11
1977-07-14,484.0,1.8312,1.8297,1977-07-12
1977-07-15,484.0,1.8279,1.8312,1977-07-14
1977-07-18,484.0,1.826,1.8279,1977-07-15
1977-07-19,484.0,1.8232,1.826,1977-07-18
1977-07-20,484.0,1.834,1.8232,1977-07-19
1977-07-21,484.0,1.8309,1.834,1977-07-20
1977-07-22,484.0,1.83,1.8309,1977-07-21
1977-07-25,484.0,1.8287,1.83,1977-07-22
1977-07-26,484.0,1.8298,1.8287,1977-07-25
1977-07-27,484.0,1.83,1.8298,1977-07-26
1977-07-28,484.0,1.8278,1.83,1977-07-27
1977-07-29,484.0,1.8268,1.8278,1977-07-28
1977-08-02,484.0,1.8127,1.8268,1977-07-29
1977-08-03,484.0,1.8141,1.8127,1977-08-02
1977-08-04,484.0,1.8175,1.8141,1977-08-03
1977-08-05,484.0,1.8202,1.8175,1977-08-04
1977-08-08,484.0,1.8194,1.8202,1977-08-05
1977-08-09,484.0,1.8202,1.8194,1977-08-08
1977-08-10,484.0,1.8202,1.8202,1977-08-09
1977-08-11,484.0,1.8197,1.8202,1977-08-10
1977-08-12,484.0,1.8178,1.8197,1977-08-11
1977-08-16,484.0,1.8114,1.8178,1977-08-12
1977-08-17,484.0,1.807,1.8114,1977-08-16
1977-08-18,484.0,1.8068,1.807,1977-08-17
1977-08-19,484.0,1.815,1.8068,1977-08-18
1977-08-22,484.0,1.8127,1.815,1977-08-19
1977-08-23,484.0,1.8114,1.8127,1977-08-22
1977-08-24,484.0,1.8155,1.8114,1977-08-23
1977-08-25,484.0,1.8144,1.8155,1977-08-24
1977-08-26,484.0,1.8161,1.8144,1977-08-25
1977-08-29,484.0,1.8129,1.8161,1977-08-26
1977-08-30,484.0,1.8133,1.8129,1977-08-29
1977-08-31,484.0,1.8112,1.8133,1977-08-30
1977-09-01,484.0,1.8107,1.8112,1977-08-31
1977-09-02,484.0,1.8064,1.8107,1977-09-01
1977-09-05,484.0,1.8044,1.8064,1977-09-02
1977-09-06,484.0,1.807,1.8044,1977-09-05
1977-09-07,484.0,1.8079,1.807,1977-09-06
1977-09-08,484.0,1.8104,1.8079,1977-09-07
1977-09-09,484.0,1.8141,1.8104,1977-09-08
1977-09-12,484.0,1.8136,1.8141,1977-09-09
1977-09-13,484.0,1.8151,1.8136,1977-09-12
1977-09-14,484.0,1.8131,1.8151,1977-09-13
1977-09-15,484.0,1.8108,1.8131,1977-09-14
1977-09-16,484.0,1.8108,1.8108,1977-09-15
1977-09-19,484.0,1.8118,1.8108,1977-09-16
1977-09-20,484.0,1.8127,1.8118,1977-09-19
1977-09-21,484.0,1.8137,1.8127,1977-09-20
1977-09-22,484.0,1.813,1.8137,1977-09-21
1977-09-23,484.0,1.815,1.813,1977-09-22
1977-09-26,484.0,1.815,1.815,1977-09-23
1977-09-28,484.0,1.8133,1.815,1977-09-26
1977-09-29,484.0,1.814,1.8133,1977-09-28
1977-09-30,484.0,1.8151,1.814,1977-09-29
1977-10-04,484.0,1.8452,1.8151,1977-09-30
1977-10-05,484.0,1.8565,1.8452,1977-10-04
1977-10-06,484.0,1.8528,1.8565,1977-10-05
1977-10-07,484.0,1.8651,1.8528,1977-10-06
1977-10-10,484.0,1.8713,1.8651,1977-10-07
1977-10-11,484.0,1.8713,1.8713,1977-10-10
1977-10-12,484.0,1.8855,1.8713,1977-10-11
1977-10-13,484.0,1.8792,1.8855,1977-10-12
1977-10-14,484.0,1.8911,1.8792,1977-10-13
1977-10-17,484.0,1.9039,1.8911,1977-10-14
1977-10-18,484.0,2.9111,1.9039,1977-10-17
1977-10-19,484.0,1.9147,2.9111,1977-10-18
1977-10-20,484.0,1.9242,1.9147,1977-10-19
1977-10-21,484.0,1.9044,1.9242,1977-10-20
1977-10-24,484.0,1.9003,1.9044,1977-10-21
1977-10-25,484.0,1.9073,1.9003,1977-10-24
1977-10-26,484.0,1.9229,1.9073,1977-10-25
1977-10-27,484.0,1.9225,1.9229,1977-10-26
1977-10-28,484.0,1.9218,1.9225,1977-10-27
1977-10-31,484.0,1.9358,1.9218,1977-10-28
1977-11-01,484.0,1.931,1.9358,1977-10-31
1977-11-02,484.0,1.9516,1.931,1977-11-01
1977-11-03,484.0,1.9571,1.9516,1977-11-02
1977-11-04,484.0,1.9571,1.9571,1977-11-03
1977-11-07,484.0,1.9449,1.9571,1977-11-04
1977-11-08,484.0,1.9504,1.9449,1977-11-07
1977-11-09,484.0,1.95,1.9504,1977-11-08
1977-11-10,484.0,1.9591,1.95,1977-11-09
1977-11-11,484.0,1.9583,1.9591,1977-11-10
1977-11-14,484.0,1.9687,1.9583,1977-11-11
1977-11-15,484.0,1.9659,1.9687,1977-11-14
1977-11-16,484.0,1.9715,1.9659,1977-11-15
1977-11-17,484.0,1.9725,1.9715,1977-11-16
1977-11-18,484.0,1.9729,1.9725,1977-11-17
1977-11-21,484.0,1.9707,1.9729,1977-11-18
1977-11-22,484.0,1.9988,1.9707,1977-11-21
1977-11-23,484.0,2.0037000000000003,1.9988,1977-11-22
1977-11-24,484.0,2.0037000000000003,2.0037000000000003,1977-11-23
1977-11-25,484.0,2.0166,2.0037000000000003,1977-11-24
1977-11-28,484.0,2.0154,2.0166,1977-11-25
1977-11-29,484.0,2.016,2.0154,1977-11-28
1977-11-30,484.0,2.0015,2.016,1977-11-29
1977-12-01,484.0,1.9699,2.0015,1977-11-30
1977-12-02,484.0,1.982,1.9699,1977-12-01
1977-12-05,484.0,1.9942,1.982,1977-12-02
1977-12-06,484.0,1.9959,1.9942,1977-12-05
1977-12-07,484.0,2.0025,1.9959,1977-12-06
1977-12-08,484.0,2.0108,2.0025,1977-12-07
1977-12-09,484.0,2.0046,2.0108,1977-12-08
1977-12-12,484.0,2.0004,2.0046,1977-12-09
1977-12-13,484.0,1.9967,2.0004,1977-12-12
1977-12-14,484.0,2.0083,1.9967,1977-12-13
1977-12-15,484.0,2.0132,2.0083,1977-12-14
1977-12-16,484.0,2.033,2.0132,1977-12-15
1977-12-19,484.0,2.0141,2.033,1977-12-16
1977-12-20,484.0,1.9992,2.0141,1977-12-19
1977-12-21,484.0,2.0094,1.9992,1977-12-20
1977-12-22,484.0,2.0108,2.0094,1977-12-21
1977-12-23,484.0,2.0024,2.0108,1977-12-22
1977-12-26,484.0,2.0022,2.0024,1977-12-23
1977-12-27,484.0,2.0029,2.0022,1977-12-26
1977-12-28,484.0,2.0036,2.0029,1977-12-27
1977-12-29,484.0,2.0102,2.0036,1977-12-28
1977-12-30,484.0,2.0146,2.0102,1977-12-29
1978-01-04,484.0,2.0165,2.0146,1977-12-30
1978-01-05,484.0,2.0415,2.0165,1978-01-04
1978-01-06,484.0,2.0103,2.0415,1978-01-05
1978-01-09,484.0,2.0076,2.0103,1978-01-06
1978-01-10,484.0,2.0029,2.0076,1978-01-09
1978-01-11,484.0,2.0037000000000003,2.0029,1978-01-10
1978-01-12,484.0,2.006,2.0037000000000003,1978-01-11
1978-01-13,484.0,2.0154,2.006,1978-01-12
1978-01-16,484.0,2.0083,2.0154,1978-01-13
1978-01-17,484.0,2.0083,2.0083,1978-01-16
1978-01-18,484.0,2.0028,2.0083,1978-01-17
1978-01-19,484.0,1.9988,2.0028,1978-01-18
1978-01-20,484.0,1.9967,1.9988,1978-01-19
1978-01-23,484.0,2.0029,1.9967,1978-01-20
1978-01-24,484.0,2.0036,2.0029,1978-01-23
1978-01-25,484.0,2.0052000000000003,2.0036,1978-01-24
1978-01-26,484.0,2.004,2.0052000000000003,1978-01-25
1978-01-27,484.0,2.0055,2.004,1978-01-26
1978-01-30,484.0,2.0087,2.0055,1978-01-27
1978-01-31,484.0,2.0005,2.0087,1978-01-30
1978-02-01,484.0,2.0048,2.0005,1978-01-31
1978-02-02,484.0,2.0024,2.0048,1978-02-01
1978-02-03,484.0,2.0017,2.0024,1978-02-02
1978-02-06,484.0,2.0022,2.0017,1978-02-03
1978-02-07,484.0,2.0012,2.0022,1978-02-06
1978-02-08,484.0,2.0041,2.0012,1978-02-07
1978-02-09,484.0,2.0036,2.0041,1978-02-08
1978-02-10,484.0,2.0031,2.0036,1978-02-09
1978-02-13,484.0,2.0033000000000003,2.0031,1978-02-10
1978-02-14,484.0,2.0041,2.0033000000000003,1978-02-13
1978-02-15,484.0,2.0062,2.0041,1978-02-14
1978-02-16,484.0,2.01,2.0062,1978-02-15
1978-02-17,484.0,2.0166,2.01,1978-02-16
1978-02-20,484.0,2.0166,2.0166,1978-02-17
1978-02-21,484.0,2.0194,2.0166,1978-02-20
1978-02-22,484.0,2.0351,2.0194,1978-02-21
1978-02-23,484.0,2.0255,2.0351,1978-02-22
1978-02-24,484.0,2.0255,2.0255,1978-02-23
1978-02-27,484.0,2.0255,2.0255,1978-02-24
1978-02-28,484.0,2.0255,2.0255,1978-02-27
1978-03-01,484.0,2.0281,2.0255,1978-02-28
1978-03-02,484.0,2.0311000000000003,2.0281,1978-03-01
1978-03-03,484.0,2.0352,2.0311000000000003,1978-03-02
1978-03-06,484.0,2.0352,2.0352,1978-03-03
1978-03-07,484.0,2.0352,2.0352,1978-03-06
1978-03-08,484.0,2.0523,2.0352,1978-03-07
1978-03-09,484.0,2.0523,2.0523,1978-03-08
1978-03-13,484.0,2.0657,2.0523,1978-03-09
1978-03-14,484.0,2.0657,2.0657,1978-03-13
1978-03-15,484.0,2.0755,2.0657,1978-03-14
1978-03-16,484.0,2.0755,2.0755,1978-03-15
1978-03-17,484.0,2.0767,2.0755,1978-03-16
1978-03-20,484.0,2.0921000000000003,2.0767,1978-03-17
1978-03-21,484.0,2.1034,2.0921000000000003,1978-03-20
1978-03-22,484.0,2.1034,2.1034,1978-03-21
1978-03-23,484.0,2.1034,2.1034,1978-03-22
1978-03-24,484.0,2.1034,2.1034,1978-03-23
1978-03-27,484.0,2.1163,2.1034,1978-03-24
1978-03-28,484.0,2.1359,2.1163,1978-03-27
1978-03-29,484.0,2.1506,2.1359,1978-03-28
1978-03-30,484.0,2.1738,2.1506,1978-03-29
1978-03-31,484.0,2.1738,2.1738,1978-03-30
1978-04-03,484.0,2.1761,2.1738,1978-03-31
1978-04-04,484.0,2.2098,2.1761,1978-04-03
1978-04-06,484.0,2.207,2.2098,1978-04-04
1978-04-07,484.0,2.2121,2.207,1978-04-06
1978-04-10,484.0,2.2121,2.2121,1978-04-07
1978-04-11,484.0,2.1959999999999997,2.2121,1978-04-10
1978-04-12,484.0,2.21,2.1959999999999997,1978-04-11
1978-04-13,484.0,2.2159999999999997,2.21,1978-04-12
1978-04-14,484.0,2.2106,2.2159999999999997,1978-04-13
1978-04-17,484.0,2.2055,2.2106,1978-04-14
1978-04-18,484.0,2.2095,2.2055,1978-04-17
1978-04-19,484.0,2.1733,2.2095,1978-04-18
1978-04-20,484.0,2.1817,2.1733,1978-04-19
1978-04-21,484.0,2.1559,2.1817,1978-04-20
1978-04-24,484.0,2.144,2.1559,1978-04-21
1978-04-25,484.0,2.1284,2.144,1978-04-24
1978-04-26,484.0,2.1256,2.1284,1978-04-25
1978-04-27,484.0,2.1347,2.1256,1978-04-26
1978-04-28,484.0,2.1654,2.1347,1978-04-27
1978-05-01,484.0,2.1775,2.1654,1978-04-28
1978-05-02,484.0,2.143,2.1775,1978-05-01
1978-05-03,484.0,2.1451,2.143,1978-05-02
1978-05-04,484.0,2.1451,2.1451,1978-05-03
1978-05-08,484.0,2.1421,2.1451,1978-05-04
1978-05-09,484.0,2.156,2.1421,1978-05-08
1978-05-10,484.0,2.1524,2.156,1978-05-09
1978-05-11,484.0,2.1456,2.1524,1978-05-10
1978-05-12,484.0,2.1492,2.1456,1978-05-11
1978-05-15,484.0,2.143,2.1492,1978-05-12
1978-05-16,484.0,2.1376,2.143,1978-05-15
1978-05-17,484.0,2.1376,2.1376,1978-05-16
1978-05-19,484.0,2.1191,2.1376,1978-05-17
1978-05-22,484.0,2.1275,2.1191,1978-05-19
1978-05-23,484.0,2.1103,2.1275,1978-05-22
1978-05-24,484.0,2.1127,2.1103,1978-05-23
1978-05-25,484.0,2.1117,2.1127,1978-05-24
1978-05-26,484.0,2.12,2.1117,1978-05-25
1978-05-29,484.0,2.1469,2.12,1978-05-26
1978-05-30,484.0,2.1469,2.1469,1978-05-29
1978-05-31,484.0,2.1545,2.1469,1978-05-30
1978-06-01,484.0,2.1711,2.1545,1978-05-31
1978-06-02,484.0,2.1895,2.1711,1978-06-01
1978-06-05,484.0,2.1895,2.1895,1978-06-02
1978-06-07,484.0,2.1948,2.1895,1978-06-05
1978-06-08,484.0,2.1944999999999997,2.1948,1978-06-07
1978-06-09,484.0,2.1898,2.1944999999999997,1978-06-08
1978-06-12,484.0,2.191,2.1898,1978-06-09
1978-06-13,484.0,2.1978,2.191,1978-06-12
1978-06-14,484.0,2.226,2.1978,1978-06-13
1978-06-15,484.0,2.2304,2.226,1978-06-14
1978-06-16,484.0,2.2428,2.2304,1978-06-15
1978-06-19,484.0,2.2392,2.2428,1978-06-16
1978-06-20,484.0,2.247,2.2392,1978-06-19
1978-06-21,484.0,2.2659,2.247,1978-06-20
1978-06-22,484.0,2.3136,2.2659,1978-06-21
1978-06-23,484.0,2.2994,2.3136,1978-06-22
1978-06-26,484.0,2.313,2.2994,1978-06-23
1978-06-27,484.0,2.3529,2.313,1978-06-26
1978-06-28,484.0,2.3472999999999997,2.3529,1978-06-27
1978-06-29,484.0,2.3621,2.3472999999999997,1978-06-28
1978-06-30,484.0,2.3509,2.3621,1978-06-29
1978-07-03,484.0,2.3619,2.3509,1978-06-30
1978-07-04,484.0,2.38,2.3619,1978-07-03
1978-07-05,484.0,2.4008000000000003,2.38,1978-07-04
1978-07-06,484.0,2.4008000000000003,2.4008000000000003,1978-07-05
1978-07-07,484.0,2.3972,2.4008000000000003,1978-07-06
1978-07-10,484.0,2.3807,2.3972,1978-07-07
1978-07-11,484.0,2.4008000000000003,2.3807,1978-07-10
1978-07-12,484.0,2.4038999999999997,2.4008000000000003,1978-07-11
1978-07-13,484.0,2.3897999999999997,2.4038999999999997,1978-07-12
1978-07-14,484.0,2.3919,2.3897999999999997,1978-07-13
1978-07-18,484.0,2.3861000000000003,2.3919,1978-07-14
1978-07-19,484.0,2.3784,2.3861000000000003,1978-07-18
1978-07-20,484.0,2.3984,2.3784,1978-07-19
1978-07-21,484.0,2.3971,2.3984,1978-07-20
1978-07-24,484.0,2.3975,2.3971,1978-07-21
1978-07-25,484.0,2.4244,2.3975,1978-07-24
1978-07-26,484.0,2.45,2.4244,1978-07-25
1978-07-27,484.0,2.4706,2.45,1978-07-26
1978-07-28,484.0,2.5099,2.4706,1978-07-27
1978-07-31,484.0,2.5143,2.5099,1978-07-28
1978-08-01,484.0,2.5387,2.5143,1978-07-31
1978-08-02,484.0,2.571,2.5387,1978-08-01
1978-08-03,484.0,2.6057,2.571,1978-08-02
1978-08-04,484.0,2.5848,2.6057,1978-08-03
1978-08-08,484.0,2.5527,2.5848,1978-08-04
1978-08-09,484.0,2.5527,2.5527,1978-08-08
1978-08-10,484.0,2.5891,2.5527,1978-08-09
1978-08-11,484.0,2.5765,2.5891,1978-08-10
1978-08-14,484.0,2.5935,2.5765,1978-08-11
1978-08-16,484.0,2.6449000000000003,2.5935,1978-08-14
1978-08-17,484.0,2.6364,2.6449000000000003,1978-08-16
1978-08-18,484.0,2.6042,2.6364,1978-08-17
1978-08-21,484.0,2.6092,2.6042,1978-08-18
1978-08-22,484.0,2.5636,2.6092,1978-08-21
1978-08-23,484.0,2.5467,2.5636,1978-08-22
1978-08-24,484.0,2.5119,2.5467,1978-08-23
1978-08-25,484.0,2.5149,2.5119,1978-08-24
1978-08-28,484.0,2.5541,2.5149,1978-08-25
1978-08-29,484.0,2.5123,2.5541,1978-08-28
1978-08-30,484.0,2.4995,2.5123,1978-08-29
1978-08-31,484.0,2.546,2.4995,1978-08-30
1978-09-01,484.0,2.5413,2.546,1978-08-31
1978-09-04,484.0,2.5248,2.5413,1978-09-01
1978-09-05,484.0,2.5261,2.5248,1978-09-04
1978-09-06,484.0,2.5261,2.5261,1978-09-05
1978-09-07,484.0,2.5544,2.5261,1978-09-06
1978-09-08,484.0,2.5331,2.5544,1978-09-07
1978-09-11,484.0,2.5169,2.5331,1978-09-08
1978-09-12,484.0,2.5061,2.5169,1978-09-11
1978-09-13,484.0,2.5235,2.5061,1978-09-12
1978-09-14,484.0,2.5248,2.5235,1978-09-13
1978-09-15,484.0,2.5434,2.5248,1978-09-14
1978-09-18,484.0,2.5434,2.5434,1978-09-15
1978-09-19,484.0,2.5340000000000003,2.5434,1978-09-18
1978-09-20,484.0,2.5342,2.5340000000000003,1978-09-19
1978-09-21,484.0,2.5450999999999997,2.5342,1978-09-20
1978-09-22,484.0,2.5745,2.5450999999999997,1978-09-21
1978-09-25,484.0,2.5875,2.5745,1978-09-22
1978-09-26,484.0,2.5806,2.5875,1978-09-25
1978-09-27,484.0,2.5724,2.5806,1978-09-26
1978-09-28,484.0,2.5494,2.5724,1978-09-27
1978-09-29,484.0,2.5667,2.5494,1978-09-28
1978-10-02,484.0,2.5572999999999997,2.5667,1978-09-29
1978-10-04,484.0,2.5623,2.5572999999999997,1978-10-02
1978-10-05,484.0,2.591,2.5623,1978-10-04
1978-10-06,484.0,2.5863,2.591,1978-10-05
1978-10-10,484.0,2.5652999999999997,2.5863,1978-10-06
1978-10-11,484.0,2.5652999999999997,2.5652999999999997,1978-10-10
1978-10-12,484.0,2.582,2.5652999999999997,1978-10-11
1978-10-13,484.0,2.6148,2.582,1978-10-12
1978-10-16,484.0,2.5945,2.6148,1978-10-13
1978-10-17,484.0,2.5991000000000004,2.5945,1978-10-16
1978-10-18,484.0,2.6319,2.5991000000000004,1978-10-17
1978-10-19,484.0,2.6563999999999997,2.6319,1978-10-18
1978-10-20,484.0,2.6483999999999996,2.6563999999999997,1978-10-19
1978-10-23,484.0,2.6369,2.6483999999999996,1978-10-20
1978-10-24,484.0,2.6369,2.6369,1978-10-23
1978-10-26,484.0,2.6369,2.6369,1978-10-24
1978-10-27,484.0,2.6952999999999996,2.6369,1978-10-26
1978-10-30,484.0,2.6944999999999997,2.6952999999999996,1978-10-27
1978-10-31,484.0,2.7060000000000004,2.6944999999999997,1978-10-30
1978-11-01,484.0,2.7477,2.7060000000000004,1978-10-31
1978-11-02,484.0,2.7182999999999997,2.7477,1978-11-01
1978-11-03,484.0,2.5841000000000003,2.7182999999999997,1978-11-02
1978-11-06,484.0,2.5841000000000003,2.5841000000000003,1978-11-03
1978-11-07,484.0,2.5581,2.5841000000000003,1978-11-06
1978-11-08,484.0,2.5507,2.5581,1978-11-07
1978-11-09,484.0,2.575,2.5507,1978-11-08
1978-11-10,484.0,2.5966000000000005,2.575,1978-11-09
1978-11-13,484.0,2.582,2.5966000000000005,1978-11-10
1978-11-14,484.0,2.5622000000000003,2.582,1978-11-13
1978-11-15,484.0,2.5654000000000003,2.5622000000000003,1978-11-14
1978-11-16,484.0,2.5558,2.5654000000000003,1978-11-15
1978-11-17,484.0,2.5162,2.5558,1978-11-16
1978-11-20,484.0,2.51,2.5162,1978-11-17
1978-11-21,484.0,2.4691,2.51,1978-11-20
1978-11-22,484.0,2.478,2.4691,1978-11-21
1978-11-23,484.0,2.4821,2.478,1978-11-22
1978-11-24,484.0,2.4821,2.4821,1978-11-23
1978-11-27,484.0,2.4939,2.4821,1978-11-24
1978-11-28,484.0,2.4656,2.4939,1978-11-27
1978-11-29,484.0,2.4659,2.4656,1978-11-28
1978-11-30,484.0,2.4488,2.4659,1978-11-29
1978-12-01,484.0,2.4475,2.4488,1978-11-30
1978-12-04,484.0,2.4206,2.4475,1978-12-01
1978-12-05,484.0,2.4242,2.4206,1978-12-04
1978-12-06,484.0,2.4593000000000003,2.4242,1978-12-05
1978-12-07,484.0,2.4444,2.4593000000000003,1978-12-06
1978-12-08,484.0,2.4349000000000003,2.4444,1978-12-07
1978-12-11,484.0,2.4364,2.4349000000000003,1978-12-08
1978-12-13,484.0,2.484,2.4364,1978-12-11
1978-12-14,484.0,2.465,2.484,1978-12-13
1978-12-15,484.0,2.46,2.465,1978-12-14
1978-12-18,484.0,2.4697,2.46,1978-12-15
1978-12-19,484.0,2.5036,2.4697,1978-12-18
1978-12-20,484.0,2.5032,2.5036,1978-12-19
1978-12-21,484.0,2.5058,2.5032,1978-12-20
1978-12-22,484.0,2.4903999999999997,2.5058,1978-12-21
1978-12-26,484.0,2.4779,2.4903999999999997,1978-12-22
1978-12-28,484.0,2.4754,2.4779,1978-12-26
1978-12-29,484.0,2.5071,2.4754,1978-12-28
1979-01-04,484.0,2.4814,2.5071,1978-12-29
1979-01-05,484.0,2.4593000000000003,2.4814,1979-01-04
1979-01-08,484.0,2.4587,2.4593000000000003,1979-01-05
1979-01-09,484.0,2.4781999999999997,2.4587,1979-01-08
1979-01-10,484.0,2.4744,2.4781999999999997,1979-01-09
1979-01-11,484.0,2.4569,2.4744,1979-01-10
1979-01-12,484.0,2.4619,2.4569,1979-01-11
1979-01-15,484.0,2.4454,2.4619,1979-01-12
1979-01-16,484.0,2.4454,2.4454,1979-01-15
1979-01-17,484.0,2.4451,2.4454,1979-01-16
1979-01-18,484.0,2.4597,2.4451,1979-01-17
1979-01-19,484.0,2.459,2.4597,1979-01-18
1979-01-22,484.0,2.4488,2.459,1979-01-19
1979-01-23,484.0,2.4438,2.4488,1979-01-22
1979-01-24,484.0,2.4497,2.4438,1979-01-23
1979-01-25,484.0,2.4429,2.4497,1979-01-24
1979-01-26,484.0,2.4435,2.4429,1979-01-25
1979-01-29,484.0,2.43,2.4435,1979-01-26
1979-01-30,484.0,2.4221,2.43,1979-01-29
1979-01-31,484.0,2.4161,2.4221,1979-01-30
1979-02-01,484.0,2.4029,2.4161,1979-01-31
1979-02-02,484.0,2.4029,2.4029,1979-02-01
1979-02-05,484.0,2.3931,2.4029,1979-02-02
1979-02-06,484.0,2.3987,2.3931,1979-02-05
1979-02-07,484.0,2.4328,2.3987,1979-02-06
1979-02-08,484.0,2.4491,2.4328,1979-02-07
1979-02-09,484.0,2.4606,2.4491,1979-02-08
1979-02-12,484.0,2.4469,2.4606,1979-02-09
1979-02-13,484.0,2.4469,2.4469,1979-02-12
1979-02-14,484.0,2.4672,2.4469,1979-02-13
1979-02-15,484.0,2.4113,2.4672,1979-02-14
1979-02-16,484.0,2.417,2.4113,1979-02-15
1979-02-19,484.0,2.4146,2.417,1979-02-16
1979-02-20,484.0,2.4155,2.4146,1979-02-19
1979-02-21,484.0,2.4053,2.4155,1979-02-20
1979-02-22,484.0,2.3996,2.4053,1979-02-21
1979-02-23,484.0,2.3931,2.3996,1979-02-22
1979-02-26,484.0,2.4083,2.3931,1979-02-23
1979-02-27,484.0,2.3954,2.4083,1979-02-26
1979-02-28,484.0,2.3956999999999997,2.3954,1979-02-27
1979-03-02,484.0,2.3892,2.3956999999999997,1979-02-28
1979-03-05,484.0,2.379,2.3892,1979-03-02
1979-03-06,484.0,2.359,2.379,1979-03-05
1979-03-07,484.0,2.3691,2.359,1979-03-06
1979-03-08,484.0,2.3647,2.3691,1979-03-07
1979-03-09,484.0,2.3775,2.3647,1979-03-08
1979-03-12,484.0,2.3647,2.3775,1979-03-09
1979-03-13,484.0,2.3498,2.3647,1979-03-12
1979-03-14,484.0,2.3498,2.3498,1979-03-13
1979-03-15,484.0,2.3144,2.3498,1979-03-14
1979-03-16,484.0,2.3368,2.3144,1979-03-15
1979-03-19,484.0,2.3373,2.3368,1979-03-16
1979-03-20,484.0,2.3294,2.3373,1979-03-19
1979-03-21,484.0,2.3356,2.3294,1979-03-20
1979-03-22,484.0,2.3356,2.3356,1979-03-21
1979-03-23,484.0,2.3373,2.3356,1979-03-22
1979-03-26,484.0,2.3515,2.3373,1979-03-23
1979-03-27,484.0,2.3447,2.3515,1979-03-26
1979-03-28,484.0,2.3379,2.3447,1979-03-27
1979-03-29,484.0,2.3322,2.3379,1979-03-28
1979-03-30,484.0,2.3183,2.3322,1979-03-29
1979-04-02,484.0,2.3127,2.3183,1979-03-30
1979-04-03,484.0,2.2922,2.3127,1979-04-02
1979-04-04,484.0,2.2572,2.2922,1979-04-03
1979-04-06,484.0,2.2551,2.2572,1979-04-04
1979-04-09,484.0,2.2472,2.2551,1979-04-06
1979-04-10,484.0,2.2575,2.2472,1979-04-09
1979-04-11,484.0,2.2651,2.2575,1979-04-10
1979-04-12,484.0,2.2678,2.2651,1979-04-11
1979-04-13,484.0,2.2633,2.2678,1979-04-12
1979-04-16,484.0,2.2633,2.2633,1979-04-13
1979-04-17,484.0,2.24,2.2633,1979-04-16
1979-04-18,484.0,2.2209,2.24,1979-04-17
1979-04-19,484.0,2.2245,2.2209,1979-04-18
1979-04-20,484.0,2.2436000000000003,2.2245,1979-04-19
1979-04-23,484.0,2.2327,2.2436000000000003,1979-04-20
1979-04-24,484.0,2.2138,2.2327,1979-04-23
1979-04-25,484.0,2.2184,2.2138,1979-04-24
1979-04-26,484.0,2.2163999999999997,2.2184,1979-04-25
1979-04-27,484.0,2.2225,2.2163999999999997,1979-04-26
1979-04-30,484.0,2.2085,2.2225,1979-04-27
1979-05-01,484.0,2.2085,2.2085,1979-04-30
1979-05-02,484.0,2.1629,2.2085,1979-05-01
1979-05-04,484.0,2.1545,2.1629,1979-05-02
1979-05-07,484.0,2.1726,2.1545,1979-05-04
1979-05-08,484.0,2.2309,2.1726,1979-05-07
1979-05-09,484.0,2.2506,2.2309,1979-05-08
1979-05-10,484.0,2.254,2.2506,1979-05-09
1979-05-11,484.0,2.2725999999999997,2.254,1979-05-10
1979-05-14,484.0,2.2509,2.2725999999999997,1979-05-11
1979-05-15,484.0,2.2633,2.2509,1979-05-14
1979-05-16,484.0,2.2758000000000003,2.2633,1979-05-15
1979-05-17,484.0,2.2519,2.2758000000000003,1979-05-16
1979-05-18,484.0,2.2499,2.2519,1979-05-17
1979-05-21,484.0,2.2278,2.2499,1979-05-18
1979-05-22,484.0,2.2073,2.2278,1979-05-21
1979-05-23,484.0,2.2123,2.2073,1979-05-22
1979-05-24,484.0,2.2008,2.2123,1979-05-23
1979-05-25,484.0,2.2085,2.2008,1979-05-24
1979-05-28,484.0,2.2078,2.2085,1979-05-25
1979-05-29,484.0,2.197,2.2078,1979-05-28
1979-05-30,484.0,2.1863,2.197,1979-05-29
1979-05-31,484.0,2.1809,2.1863,1979-05-30
1979-06-01,484.0,2.2035,2.1809,1979-05-31
1979-06-04,484.0,2.1861,2.2035,1979-06-01
1979-06-05,484.0,2.1968,2.1861,1979-06-04
1979-06-07,484.0,2.1913,2.1968,1979-06-05
1979-06-08,484.0,2.199,2.1913,1979-06-07
1979-06-11,484.0,2.1978,2.199,1979-06-08
1979-06-12,484.0,2.2118,2.1978,1979-06-11
1979-06-13,484.0,2.206,2.2118,1979-06-12
1979-06-14,484.0,2.2013,2.206,1979-06-13
1979-06-15,484.0,2.1928,2.2013,1979-06-14
1979-06-18,484.0,2.197,2.1928,1979-06-15
1979-06-19,484.0,2.2075,2.197,1979-06-18
1979-06-20,484.0,2.2008,2.2075,1979-06-19
1979-06-21,484.0,2.2088,2.2008,1979-06-20
1979-06-22,484.0,2.2111,2.2088,1979-06-21
1979-06-25,484.0,2.222,2.2111,1979-06-22
1979-06-26,484.0,2.248,2.222,1979-06-25
1979-06-27,484.0,2.2551,2.248,1979-06-26
1979-06-28,484.0,2.2371,2.2551,1979-06-27
1979-06-29,484.0,2.2444,2.2371,1979-06-28
1979-07-02,484.0,2.2304,2.2444,1979-06-29
1979-07-03,484.0,2.2225,2.2304,1979-07-02
1979-07-04,484.0,2.2181,2.2225,1979-07-03
1979-07-05,484.0,2.2245,2.2181,1979-07-04
1979-07-06,484.0,2.2394,2.2245,1979-07-05
1979-07-09,484.0,2.2304,2.2394,1979-07-06
1979-07-10,484.0,2.2299,2.2304,1979-07-09
1979-07-11,484.0,2.2243,2.2299,1979-07-10
1979-07-12,484.0,2.2192,2.2243,1979-07-11
1979-07-13,484.0,2.2289,2.2192,1979-07-12
1979-07-16,484.0,2.2227,2.2289,1979-07-13
1979-07-18,484.0,2.2325,2.2227,1979-07-16
1979-07-19,484.0,2.2431,2.2325,1979-07-18
1979-07-20,484.0,2.2519,2.2431,1979-07-19
1979-07-23,484.0,2.2407,2.2519,1979-07-20
1979-07-24,484.0,2.2535,2.2407,1979-07-23
1979-07-25,484.0,2.2625,2.2535,1979-07-24
1979-07-26,484.0,2.2538,2.2625,1979-07-25
1979-07-27,484.0,2.258,2.2538,1979-07-26
1979-07-30,484.0,2.2459,2.258,1979-07-27
1979-07-31,484.0,2.2384,2.2459,1979-07-30
1979-08-01,484.0,2.2317,2.2384,1979-07-31
1979-08-02,484.0,2.2307,2.2317,1979-08-01
1979-08-03,484.0,2.2307,2.2307,1979-08-02
1979-08-06,484.0,2.2317,2.2307,1979-08-03
1979-08-07,484.0,2.2361,2.2317,1979-08-06
1979-08-08,484.0,2.2358,2.2361,1979-08-07
1979-08-09,484.0,2.233,2.2358,1979-08-08
1979-08-10,484.0,2.2371,2.233,1979-08-09
1979-08-13,484.0,2.2415000000000003,2.2371,1979-08-10
1979-08-14,484.0,2.2392,2.2415000000000003,1979-08-13
1979-08-16,484.0,2.2325,2.2392,1979-08-14
1979-08-17,484.0,2.2276,2.2325,1979-08-16
1979-08-20,484.0,2.2245,2.2276,1979-08-17
1979-08-21,484.0,2.2261,2.2245,1979-08-20
1979-08-22,484.0,2.2238,2.2261,1979-08-21
1979-08-23,484.0,2.2209,2.2238,1979-08-22
1979-08-24,484.0,2.2111,2.2209,1979-08-23
1979-08-27,484.0,2.2075,2.2111,1979-08-24
1979-08-28,484.0,2.1983,2.2075,1979-08-27
1979-08-29,484.0,2.1938,2.1983,1979-08-28
1979-08-30,484.0,2.1858,2.1938,1979-08-29
1979-08-31,484.0,2.1834,2.1858,1979-08-30
1979-09-03,484.0,2.199,2.1834,1979-08-31
1979-09-04,484.0,2.1893,2.199,1979-09-03
1979-09-05,484.0,2.1863,2.1893,1979-09-04
1979-09-06,484.0,2.1829,2.1863,1979-09-05
1979-09-07,484.0,2.1919999999999997,2.1829,1979-09-06
1979-09-10,484.0,2.1918,2.1919999999999997,1979-09-07
1979-09-11,484.0,2.1978,2.1918,1979-09-10
1979-09-12,484.0,2.1891,2.1978,1979-09-11
1979-09-13,484.0,2.1767,2.1891,1979-09-12
1979-09-14,484.0,2.1790000000000003,2.1767,1979-09-13
1979-09-17,484.0,2.161,2.1790000000000003,1979-09-14
1979-09-18,484.0,2.1634,2.161,1979-09-17
1979-09-19,484.0,2.1646,2.1634,1979-09-18
1979-09-20,484.0,2.1639,2.1646,1979-09-19
1979-09-21,484.0,2.1767,2.1639,1979-09-20
1979-09-24,484.0,2.1863,2.1767,1979-09-21
1979-09-25,484.0,2.1675,2.1863,1979-09-24
1979-09-26,484.0,2.176,2.1675,1979-09-25
1979-09-27,484.0,2.1704,2.176,1979-09-26
1979-09-28,484.0,2.1728,2.1704,1979-09-27
1979-10-02,484.0,2.1518,2.1728,1979-09-28
1979-10-04,484.0,2.1466,2.1518,1979-10-02
1979-10-08,484.0,2.1525,2.1466,1979-10-04
1979-10-10,484.0,2.138,2.1525,1979-10-08
1979-10-11,484.0,2.1454,2.138,1979-10-10
1979-10-12,484.0,2.1425,2.1454,1979-10-11
1979-10-15,484.0,2.1336,2.1425,1979-10-12
1979-10-16,484.0,2.1133,2.1336,1979-10-15
1979-10-17,484.0,2.0894,2.1133,1979-10-16
1979-10-18,484.0,2.0688,2.0894,1979-10-17
1979-10-19,484.0,2.0831,2.0688,1979-10-18
1979-10-22,484.0,2.088,2.0831,1979-10-19
1979-10-23,484.0,2.0795,2.088,1979-10-22
1979-10-24,484.0,2.062,2.0795,1979-10-23
1979-10-25,484.0,2.0613,2.062,1979-10-24
1979-10-26,484.0,2.0704,2.0613,1979-10-25
1979-10-29,484.0,2.0624,2.0704,1979-10-26
1979-10-30,484.0,2.0615,2.0624,1979-10-29
1979-10-31,484.0,2.0362,2.0615,1979-10-30
1979-11-01,484.0,2.0358,2.0362,1979-10-31
1979-11-02,484.0,2.0332,2.0358,1979-11-01
1979-11-05,484.0,2.0461,2.0332,1979-11-02
1979-11-06,484.0,2.04,2.0461,1979-11-05
1979-11-07,484.0,2.0415,2.04,1979-11-06
1979-11-08,484.0,2.0154,2.0415,1979-11-07
1979-11-09,484.0,2.0052000000000003,2.0154,1979-11-08
1979-11-12,484.0,1.9992,2.0052000000000003,1979-11-09
1979-11-13,484.0,1.9575,1.9992,1979-11-12
1979-11-14,484.0,1.9615,1.9575,1979-11-13
1979-11-15,484.0,1.9677,1.9615,1979-11-14
1979-11-16,484.0,1.9713,1.9677,1979-11-15
1979-11-19,484.0,1.9567,1.9713,1979-11-16
1979-11-20,484.0,1.9647,1.9567,1979-11-19
1979-11-21,484.0,1.9695,1.9647,1979-11-20
1979-11-22,484.0,1.9591,1.9695,1979-11-21
1979-11-23,484.0,1.9487,1.9591,1979-11-22
1979-11-26,484.0,1.9455,1.9487,1979-11-23
1979-11-27,484.0,1.9385,1.9455,1979-11-26
1979-11-28,484.0,1.9243,1.9385,1979-11-27
1979-11-29,484.0,1.9387,1.9243,1979-11-28
1979-11-30,484.0,1.944,1.9387,1979-11-29
1979-12-03,484.0,1.9401,1.944,1979-11-30
1979-12-04,484.0,1.9449,1.9401,1979-12-03
1979-12-05,484.0,1.954,1.9449,1979-12-04
1979-12-06,484.0,1.9514,1.954,1979-12-05
1979-12-07,484.0,1.9653,1.9514,1979-12-06
1979-12-10,484.0,2.0029,1.9653,1979-12-07
1979-12-11,484.0,2.093,2.0029,1979-12-10
1979-12-12,484.0,2.0522,2.093,1979-12-11
1979-12-13,484.0,2.0391999999999997,2.0522,1979-12-12
1979-12-14,484.0,2.0255,2.0391999999999997,1979-12-13
1979-12-17,484.0,1.991,2.0255,1979-12-14
1979-12-18,484.0,2.0183,1.991,1979-12-17
1979-12-19,484.0,2.0183,2.0183,1979-12-18
1979-12-20,484.0,2.0188,2.0183,1979-12-19
1979-12-24,484.0,2.0251,2.0188,1979-12-20
1979-12-26,484.0,2.0288999999999997,2.0251,1979-12-24
1979-12-27,484.0,2.0205,2.0288999999999997,1979-12-26
1979-12-28,484.0,2.019,2.0205,1979-12-27
1979-12-31,484.0,2.0209,2.019,1979-12-28
1980-01-04,484.0,2.0209,2.0209,1979-12-31
1980-01-07,484.0,2.0383,2.0209,1980-01-04
1980-01-08,484.0,2.0693,2.0383,1980-01-07
1980-01-09,484.0,2.0697,2.0693,1980-01-08
1980-01-10,484.0,2.05,2.0697,1980-01-09
1980-01-11,484.0,2.0596,2.05,1980-01-10
1980-01-14,580.0,2.4595,2.0596,1980-01-11
1980-01-15,580.0,2.4509,2.4595,1980-01-14
1980-01-16,580.0,2.4167,2.4509,1980-01-15
1980-01-17,580.0,2.4288,2.4167,1980-01-16
1980-01-18,580.0,2.4301,2.4288,1980-01-17
1980-01-21,580.0,2.4222,2.4301,1980-01-18
1980-01-22,580.0,2.4149000000000003,2.4222,1980-01-21
1980-01-23,580.0,2.4131,2.4149000000000003,1980-01-22
1980-01-24,580.0,2.4352,2.4131,1980-01-23
1980-01-25,580.0,2.4334,2.4352,1980-01-24
1980-01-28,580.0,2.4237,2.4334,1980-01-25
1980-01-29,580.0,2.4147,2.4237,1980-01-28
1980-01-30,580.0,2.4227000000000003,2.4147,1980-01-29
1980-01-31,580.0,2.4232,2.4227000000000003,1980-01-30
1980-02-01,580.0,2.4286000000000003,2.4232,1980-01-31
1980-02-04,580.0,2.4136,2.4286000000000003,1980-02-01
1980-02-05,580.0,2.4104,2.4136,1980-02-04
1980-02-06,580.0,2.4179,2.4104,1980-02-05
1980-02-07,580.0,2.4131,2.4179,1980-02-06
1980-02-08,580.0,2.4156999999999997,2.4131,1980-02-07
1980-02-11,580.0,2.4084,2.4156999999999997,1980-02-08
1980-02-12,580.0,2.4027000000000003,2.4084,1980-02-11
1980-02-13,580.0,2.4047,2.4027000000000003,1980-02-12
1980-02-14,580.0,2.3977,2.4047,1980-02-13
1980-02-15,580.0,2.392,2.3977,1980-02-14
1980-02-18,580.0,2.3861000000000003,2.392,1980-02-15
1980-02-19,580.0,2.3792,2.3861000000000003,1980-02-18
1980-02-20,580.0,2.3664,2.3792,1980-02-19
1980-02-21,580.0,2.3534,2.3664,1980-02-20
1980-02-22,580.0,2.3577,2.3534,1980-02-21
1980-02-25,580.0,2.3541,2.3577,1980-02-22
1980-02-26,580.0,2.3392,2.3541,1980-02-25
1980-02-27,580.5,2.3413999999999997,2.3392,1980-02-26
1980-02-28,580.9,2.3404,2.3413999999999997,1980-02-27
1980-02-29,580.7,2.3391,2.3404,1980-02-28
1980-03-03,581.2,2.3411,2.3391,1980-02-29
1980-03-04,580.7,2.3409999999999997,2.3411,1980-03-03
1980-03-05,580.5,2.3585,2.3409999999999997,1980-03-04
1980-03-06,581.0,2.3486,2.3585,1980-03-05
1980-03-07,581.5,2.3442,2.3486,1980-03-06
1980-03-11,582.5,2.3518,2.3442,1980-03-07
1980-03-12,582.9,2.3561,2.3518,1980-03-11
1980-03-13,582.6,2.3548,2.3561,1980-03-12
1980-03-14,583.1,2.3483,2.3548,1980-03-13
1980-03-17,583.6,2.3425,2.3483,1980-03-14
1980-03-18,584.1,2.3516,2.3425,1980-03-17
1980-03-19,584.6,2.3482,2.3516,1980-03-18
1980-03-20,584.3,2.3516999999999997,2.3482,1980-03-19
1980-03-21,584.0,2.3477,2.3516999999999997,1980-03-20
1980-03-24,584.5,2.3488,2.3477,1980-03-21
1980-03-25,585.0,2.3479,2.3488,1980-03-24
1980-03-26,585.0,2.3501,2.3479,1980-03-25
1980-03-27,585.0,2.3489,2.3501,1980-03-26
1980-03-28,585.7,2.3434,2.3489,1980-03-27
1980-03-31,586.1,2.3514,2.3434,1980-03-28
1980-04-01,586.8,2.3481,2.3514,1980-03-31
1980-04-02,587.5,2.2978,2.3481,1980-04-01
1980-04-03,588.2,2.2878,2.2978,1980-04-02
1980-04-04,588.2,2.2831,2.2878,1980-04-03
1980-04-07,588.9,2.2858,2.2831,1980-04-04
1980-04-08,589.9,2.2595,2.2858,1980-04-07
1980-04-09,589.7,2.2841,2.2595,1980-04-08
1980-04-10,589.0,2.3419,2.2841,1980-04-09
1980-04-11,588.6,2.3733,2.3419,1980-04-10
1980-04-14,589.6,2.3383000000000003,2.3733,1980-04-11
1980-04-15,589.6,2.3335,2.3383000000000003,1980-04-14
1980-04-16,590.6,2.3391,2.3335,1980-04-15
1980-04-17,590.3,2.3813,2.3391,1980-04-16
1980-04-18,590.1,2.3761,2.3813,1980-04-17
1980-04-21,591.1,2.3644,2.3761,1980-04-18
1980-04-22,591.1,2.3666,2.3644,1980-04-21
1980-04-23,591.1,2.3682,2.3666,1980-04-22
1980-04-24,590.6,2.432,2.3682,1980-04-23
1980-04-25,590.5,2.4088,2.432,1980-04-24
1980-04-28,591.0,2.4034999999999997,2.4088,1980-04-25
1980-04-29,590.6,2.4527,2.4034999999999997,1980-04-28
1980-04-30,590.5,2.4656,2.4527,1980-04-29
1980-05-01,591.5,2.4667,2.4656,1980-04-30
1980-05-02,592.0,2.4631,2.4667,1980-05-01
1980-05-06,592.3,2.496,2.4631,1980-05-02
1980-05-07,592.0,2.5479,2.496,1980-05-06
1980-05-08,591.8,2.5636,2.5479,1980-05-07
1980-05-09,592.8,2.5334,2.5636,1980-05-08
1980-05-12,592.7,2.5798,2.5334,1980-05-09
1980-05-13,592.4,2.6167,2.5798,1980-05-12
1980-05-14,592.3,2.6056,2.6167,1980-05-13
1980-05-15,593.3,2.5948,2.6056,1980-05-14
1980-05-16,593.3,2.5994,2.5948,1980-05-15
1980-05-19,594.3,2.6009,2.5994,1980-05-16
1980-05-20,595.2,2.5955,2.6009,1980-05-19
1980-05-22,594.8,2.6513,2.5955,1980-05-20
1980-05-23,594.7,2.6576,2.6513,1980-05-22
1980-05-26,594.4,2.6982,2.6576,1980-05-23
1980-05-27,594.4,2.6982,2.6982,1980-05-26
1980-05-28,594.2,2.7087,2.6982,1980-05-27
1980-05-29,595.2,2.6049,2.7087,1980-05-28
1980-05-30,596.2,2.6516,2.6049,1980-05-29
1980-06-02,596.2,2.6736,2.6516,1980-05-30
1980-06-03,596.1,2.6666000000000003,2.6736,1980-06-02
1980-06-04,596.1,2.6908999999999996,2.6666000000000003,1980-06-03
1980-06-05,596.2,2.6811000000000003,2.6908999999999996,1980-06-04
1980-06-09,595.9,2.7192000000000003,2.6811000000000003,1980-06-05
1980-06-10,595.6,2.7539999999999996,2.7192000000000003,1980-06-09
1980-06-11,596.0,2.7453,2.7539999999999996,1980-06-10
1980-06-12,597.0,2.7411000000000003,2.7453,1980-06-11
1980-06-13,597.7,2.7617000000000003,2.7411000000000003,1980-06-12
1980-06-16,597.4,2.7683999999999997,2.7617000000000003,1980-06-13
1980-06-17,599.3,2.7691000000000003,2.7683999999999997,1980-06-16
1980-06-18,599.5,2.78,2.7691000000000003,1980-06-17
1980-06-19,599.5,2.7739,2.78,1980-06-18
1980-06-20,600.6,2.7739,2.7739,1980-06-19
1980-06-23,601.3,2.7653,2.7739,1980-06-20
1980-06-24,601.2,2.7786,2.7653,1980-06-23
1980-06-25,602.0,2.781,2.7786,1980-06-24
1980-06-26,603.4,2.7689,2.781,1980-06-25
1980-06-27,603.1,2.7819,2.7689,1980-06-26
1980-06-30,603.0,2.7776,2.7819,1980-06-27
1980-07-01,603.6,2.744,2.7776,1980-06-30
1980-07-02,603.8,2.7499,2.744,1980-07-01
1980-07-03,603.3,2.7599,2.7499,1980-07-02
1980-07-04,603.2,2.7591,2.7599,1980-07-03
1980-07-07,603.3,2.7596,2.7591,1980-07-04
1980-07-08,602.6,2.7607999999999997,2.7596,1980-07-07
1980-07-09,602.3,2.7493,2.7607999999999997,1980-07-08
1980-07-10,602.2,2.7615,2.7493,1980-07-09
1980-07-11,601.7,2.7783,2.7615,1980-07-10
1980-07-14,602.4,2.7588999999999997,2.7783,1980-07-11
1980-07-15,602.6,2.7592000000000003,2.7588999999999997,1980-07-14
1980-07-16,604.0,2.7502,2.7592000000000003,1980-07-15
1980-07-18,603.9,2.7595,2.7502,1980-07-16
1980-07-21,605.9,2.7495,2.7595,1980-07-18
1980-07-22,605.9,2.7541,2.7495,1980-07-21
1980-07-23,606.8,2.7401999999999997,2.7541,1980-07-22
1980-07-24,608.8,2.7133999999999996,2.7401999999999997,1980-07-23
1980-07-25,608.7,2.725,2.7133999999999996,1980-07-24
1980-07-28,609.0,2.701,2.725,1980-07-25
1980-07-29,611.0,2.6839999999999997,2.701,1980-07-28
1980-07-30,612.1,2.6971,2.6839999999999997,1980-07-29
1980-07-31,612.7,2.7057,2.6971,1980-07-30
1980-08-01,614.7,2.6997000000000004,2.7057,1980-07-31
1980-08-04,614.9,2.7062,2.6997000000000004,1980-08-01
1980-08-05,614.0,2.7193,2.7062,1980-08-04
1980-08-06,613.6,2.7177999999999995,2.7193,1980-08-05
1980-08-07,613.1,2.7237,2.7177999999999995,1980-08-06
1980-08-08,614.0,2.7201999999999997,2.7237,1980-08-07
1980-08-11,615.4,2.7158,2.7201999999999997,1980-08-08
1980-08-12,615.3,2.7226,2.7158,1980-08-11
1980-08-13,614.3,2.7597000000000005,2.7226,1980-08-12
1980-08-14,614.3,2.7434,2.7597000000000005,1980-08-13
1980-08-18,616.3,2.7264,2.7434,1980-08-14
1980-08-19,618.1,2.7305,2.7264,1980-08-18
1980-08-20,617.7,2.7533,2.7305,1980-08-19
1980-08-21,617.5,2.7518,2.7533,1980-08-20
1980-08-22,618.4,2.7464,2.7518,1980-08-21
1980-08-25,618.0,2.7706999999999997,2.7464,1980-08-22
1980-08-26,617.9,2.7689999999999997,2.7706999999999997,1980-08-25
1980-08-27,616.9,2.8133999999999997,2.7689999999999997,1980-08-26
1980-08-28,616.4,2.8124,2.8133999999999997,1980-08-27
1980-08-29,615.7,2.8224,2.8124,1980-08-28
1980-09-02,616.0,2.8167,2.8224,1980-08-29
1980-09-03,615.4,2.8457999999999997,2.8167,1980-09-02
1980-09-04,616.2,2.8397,2.8457999999999997,1980-09-03
1980-09-05,616.3,2.8333,2.8397,1980-09-04
1980-09-08,617.6,2.8276,2.8333,1980-09-05
1980-09-09,617.4,2.8472000000000004,2.8276,1980-09-08
1980-09-10,617.0,2.8513,2.8472000000000004,1980-09-09
1980-09-11,618.1,2.855,2.8513,1980-09-10
1980-09-12,617.5,2.8869,2.855,1980-09-11
1980-09-15,617.2,2.8963,2.8869,1980-09-12
1980-09-16,617.5,2.9029000000000003,2.8963,1980-09-15
1980-09-17,617.2,2.9217,2.9029000000000003,1980-09-16
1980-09-18,617.2,2.9145,2.9217,1980-09-17
1980-09-19,619.3,2.9082,2.9145,1980-09-18
1980-09-22,619.1,2.9363,2.9082,1980-09-19
1980-09-24,622.1,2.8638999999999997,2.9363,1980-09-22
1980-09-25,621.5,2.8797,2.8638999999999997,1980-09-24
1980-09-26,622.6,2.8928,2.8797,1980-09-25
1980-09-29,622.3,2.9375,2.8928,1980-09-26
1980-09-30,625.0,2.9374,2.9375,1980-09-29
1980-10-02,623.0,2.9938,2.9374,1980-09-30
1980-10-06,624.1,3.0136000000000003,2.9938,1980-10-02
1980-10-07,625.2,3.0065,3.0136000000000003,1980-10-06
1980-10-08,627.7,3.0077,3.0065,1980-10-07
1980-10-10,629.3,3.0176,3.0077,1980-10-08
1980-10-13,630.8,3.0189999999999997,3.0176,1980-10-10
1980-10-14,631.4,3.0218000000000003,3.0189999999999997,1980-10-13
1980-10-15,632.7,3.0595,3.0218000000000003,1980-10-14
1980-10-16,635.6,3.0654000000000003,3.0595,1980-10-15
1980-10-17,638.1,3.0477,3.0654000000000003,1980-10-16
1980-10-20,639.9,3.0765,3.0477,1980-10-17
1980-10-21,642.5,3.0786,3.0765,1980-10-20
1980-10-23,642.5,3.072,3.0786,1980-10-21
1980-10-24,645.5,3.0604,3.072,1980-10-23
1980-10-27,648.5,3.0397000000000003,3.0604,1980-10-24
1980-10-28,651.5,3.0395,3.0397000000000003,1980-10-27
1980-10-29,652.0,3.0611,3.0395,1980-10-28
1980-10-30,651.0,3.1134,3.0611,1980-10-29
1980-10-31,651.6,3.0926,3.1134,1980-10-30
1980-11-03,654.6,3.0991000000000004,3.0926,1980-10-31
1980-11-04,654.4,3.1058999999999997,3.0991000000000004,1980-11-03
1980-11-05,654.1,3.1045,3.1058999999999997,1980-11-04
1980-11-06,654.8,3.1111,3.1045,1980-11-05
1980-11-07,655.4,3.0763,3.1111,1980-11-06
1980-11-10,656.0,3.0791000000000004,3.0763,1980-11-07
1980-11-11,655.7,3.1389,3.0791000000000004,1980-11-10
1980-11-12,656.3,3.1417,3.1389,1980-11-11
1980-11-13,656.0,3.0788,3.1417,1980-11-12
1980-11-14,655.7,3.0831999999999997,3.0788,1980-11-13
1980-11-17,656.3,3.0813,3.0831999999999997,1980-11-14
1980-11-18,657.0,3.0751999999999997,3.0813,1980-11-17
1980-11-19,656.7,3.0817,3.0751999999999997,1980-11-18
1980-11-20,656.4,3.0897,3.0817,1980-11-19
1980-11-21,657.0,3.0716,3.0897,1980-11-20
1980-11-24,657.6,3.0773,3.0716,1980-11-21
1980-11-25,657.3,3.0808999999999997,3.0773,1980-11-24
1980-11-26,657.9,3.0693,3.0808999999999997,1980-11-25
1980-11-27,658.5,3.0455,3.0693,1980-11-26
1980-11-28,658.2,3.0441000000000003,3.0455,1980-11-27
1980-12-01,658.8,3.0444,3.0441000000000003,1980-11-28
1980-12-02,659.5,3.0288,3.0444,1980-12-01
1980-12-03,659.2,3.0483999999999996,3.0288,1980-12-02
1980-12-04,658.9,3.0848,3.0483999999999996,1980-12-03
1980-12-08,659.2,3.1168,3.0848,1980-12-04
1980-12-09,658.9,3.1667,3.1168,1980-12-08
1980-12-10,659.5,3.1738,3.1667,1980-12-09
1980-12-11,660.2,3.1426999999999996,3.1738,1980-12-10
1980-12-12,660.9,3.1382,3.1426999999999996,1980-12-11
1980-12-15,660.6,3.1382999999999996,3.1382,1980-12-12
1980-12-16,660.3,3.1594,3.1382999999999996,1980-12-15
1980-12-17,661.0,3.1702999999999997,3.1594,1980-12-16
1980-12-18,660.7,3.1655,3.1702999999999997,1980-12-17
1980-12-22,660.4,3.177,3.1655,1980-12-18
1980-12-23,660.1,3.179,3.177,1980-12-22
1980-12-24,659.8,3.1798,3.179,1980-12-23
1980-12-26,659.8,3.1798,3.1798,1980-12-24
1980-12-29,660.4,3.1705,3.1798,1980-12-26
1980-12-30,660.2,3.1979,3.1705,1980-12-29
1980-12-31,659.9,3.2527999999999997,3.1979,1980-12-30
1981-01-05,659.8,3.2623,3.2527999999999997,1980-12-31
1981-01-06,659.5,3.3125,3.2623,1981-01-05
1981-01-07,659.2,3.2993,3.3125,1981-01-06
1981-01-08,659.8,3.2855000000000003,3.2993,1981-01-07
1981-01-09,660.5,3.2674000000000003,3.2855000000000003,1981-01-08
1981-01-12,661.1,3.2615,3.2674000000000003,1981-01-09
1981-01-13,661.7,3.2449,3.2615,1981-01-12
1981-01-14,662.3,3.261,3.2449,1981-01-13
1981-01-15,662.0,3.2626999999999997,3.261,1981-01-14
1981-01-16,662.2,3.2718000000000003,3.2626999999999997,1981-01-15
1981-01-19,662.8,3.2611000000000003,3.2718000000000003,1981-01-16
1981-01-20,662.5,3.2761,3.2611000000000003,1981-01-19
1981-01-21,662.2,3.2746,3.2761,1981-01-20
1981-01-22,661.9,3.312,3.2746,1981-01-21
1981-01-23,662.6,3.2966,3.312,1981-01-22
1981-01-26,663.3,3.2724,3.2966,1981-01-23
1981-01-27,664.0,3.2581,3.2724,1981-01-26
1981-01-28,663.7,3.2807999999999997,3.2581,1981-01-27
1981-01-29,664.4,3.245,3.2807999999999997,1981-01-28
1981-01-30,664.9,3.253,3.245,1981-01-29
1981-02-02,665.7,3.2269,3.253,1981-01-30
1981-02-03,665.4,3.2763,3.2269,1981-02-02
1981-02-04,666.1,3.2708999999999997,3.2763,1981-02-03
1981-02-05,665.8,3.273,3.2708999999999997,1981-02-04
1981-02-06,665.7,3.2613,3.273,1981-02-05
1981-02-09,666.3,3.2738,3.2613,1981-02-06
1981-02-10,666.4,3.2695,3.2738,1981-02-09
1981-02-12,667.0,3.2669,3.2695,1981-02-10
1981-02-13,667.7,3.2703,3.2669,1981-02-12
1981-02-16,668.5,3.2206,3.2703,1981-02-13
1981-02-17,669.3,3.2171,3.2206,1981-02-16
1981-02-18,669.0,3.2483999999999997,3.2171,1981-02-17
1981-02-19,668.7,3.2327999999999997,3.2483999999999997,1981-02-18
1981-02-20,668.4,3.2479,3.2327999999999997,1981-02-19
1981-02-23,668.1,3.2432999999999996,3.2479,1981-02-20
1981-02-24,668.9,3.2097,3.2432999999999996,1981-02-23
1981-02-25,668.6,3.2363,3.2097,1981-02-24
1981-02-26,669.2,3.2255000000000003,3.2363,1981-02-25
1981-02-27,669.8,3.2168,3.2255000000000003,1981-02-26
1981-03-02,670.5,3.2013,3.2168,1981-02-27
1981-03-04,671.1,3.2230000000000003,3.2013,1981-03-02
1981-03-05,670.8,3.2185,3.2230000000000003,1981-03-04
1981-03-06,671.4,3.2064,3.2185,1981-03-05
1981-03-09,672.0,3.215,3.2064,1981-03-06
1981-03-11,671.7,3.2263,3.215,1981-03-09
1981-03-12,671.4,3.2365,3.2263,1981-03-11
1981-03-13,671.3,3.2399,3.2365,1981-03-12
1981-03-16,671.5,3.2362,3.2399,1981-03-13
1981-03-17,671.2,3.2223,3.2362,1981-03-16
1981-03-18,670.9,3.238,3.2223,1981-03-17
1981-03-19,670.6,3.235,3.238,1981-03-18
1981-03-20,671.3,3.2151,3.235,1981-03-19
1981-03-23,671.0,3.2245,3.2151,1981-03-20
1981-03-24,671.6,3.2242,3.2245,1981-03-23
1981-03-26,671.7,3.2201,3.2242,1981-03-24
1981-03-27,672.4,3.1841000000000004,3.2201,1981-03-26
1981-03-30,673.1,3.1848,3.1841000000000004,1981-03-27
1981-03-31,672.8,3.1985,3.1848,1981-03-30
1981-04-01,672.8,3.1834,3.1985,1981-03-31
1981-04-02,673.4,3.1638,3.1834,1981-04-01
1981-04-03,674.0,3.1522,3.1638,1981-04-02
1981-04-06,674.6,3.1687,3.1522,1981-04-03
1981-04-07,675.4,3.1469,3.1687,1981-04-06
1981-04-08,675.1,3.1673,3.1469,1981-04-07
1981-04-09,674.8,3.157,3.1673,1981-04-08
1981-04-10,675.4,3.1569,3.157,1981-04-09
1981-04-13,676.0,3.1413,3.1569,1981-04-10
1981-04-14,676.7,3.1362,3.1413,1981-04-13
1981-04-15,676.4,3.141,3.1362,1981-04-14
1981-04-16,677.0,3.1209,3.141,1981-04-15
1981-04-17,677.6,3.1198,3.1209,1981-04-16
1981-04-20,678.1,3.1178,3.1198,1981-04-17
1981-04-21,678.1,3.1127,3.1178,1981-04-20
1981-04-22,678.2,3.1077999999999997,3.1127,1981-04-21
1981-04-23,677.9,3.1211,3.1077999999999997,1981-04-22
1981-04-24,677.6,3.1062,3.1211,1981-04-23
1981-04-27,677.9,3.1597000000000004,3.1062,1981-04-24
1981-04-28,677.6,3.188,3.1597000000000004,1981-04-27
1981-04-29,678.3,3.1682,3.188,1981-04-28
1981-04-30,678.9,3.1651,3.1682,1981-04-29
1981-05-01,679.6,3.1387,3.1651,1981-04-30
1981-05-04,679.3,3.1464,3.1387,1981-05-01
1981-05-06,680.1,3.1219,3.1464,1981-05-04
1981-05-07,679.8,3.1407,3.1219,1981-05-06
1981-05-08,680.4,3.1101,3.1407,1981-05-07
1981-05-12,680.8,3.1201,3.1101,1981-05-08
1981-05-13,681.5,3.1055,3.1201,1981-05-12
1981-05-14,682.1,3.0907,3.1055,1981-05-13
1981-05-15,682.8,3.0792,3.0907,1981-05-14
1981-05-18,682.9,3.0617,3.0792,1981-05-15
1981-05-19,682.6,3.0869999999999997,3.0617,1981-05-18
1981-05-20,683.1,3.0808999999999997,3.0869999999999997,1981-05-19
1981-05-21,682.8,3.1050999999999997,3.0808999999999997,1981-05-20
1981-05-22,683.5,3.0768,3.1050999999999997,1981-05-21
1981-05-25,683.8,3.0743,3.0768,1981-05-22
1981-05-26,683.8,3.0743,3.0743,1981-05-25
1981-05-27,684.1,3.0507,3.0743,1981-05-26
1981-05-28,684.4,3.0493,3.0507,1981-05-27
1981-05-29,684.1,3.0561000000000003,3.0493,1981-05-28
1981-06-01,683.8,3.0595999999999997,3.0561000000000003,1981-05-29
1981-06-02,683.7,3.0595,3.0595999999999997,1981-06-01
1981-06-03,684.0,3.0669999999999997,3.0595,1981-06-02
1981-06-04,684.3,3.0488,3.0669999999999997,1981-06-03
1981-06-05,684.6,3.0225999999999997,3.0488,1981-06-04
1981-06-08,684.9,3.0052999999999996,3.0225999999999997,1981-06-05
1981-06-09,684.6,3.0007,3.0052999999999996,1981-06-08
1981-06-10,684.3,3.0145999999999997,3.0007,1981-06-09
1981-06-11,684.0,3.0256,3.0145999999999997,1981-06-10
1981-06-12,684.3,3.0450999999999997,3.0256,1981-06-11
1981-06-15,684.0,3.0687,3.0450999999999997,1981-06-12
1981-06-16,683.7,3.1025,3.0687,1981-06-15
1981-06-17,683.4,3.1045999999999996,3.1025,1981-06-16
1981-06-18,683.7,3.0894999999999997,3.1045999999999996,1981-06-17
1981-06-19,684.0,3.069,3.0894999999999997,1981-06-18
1981-06-22,684.3,3.0759,3.069,1981-06-19
1981-06-23,684.0,3.0797000000000003,3.0759,1981-06-22
1981-06-24,684.1,3.0647,3.0797000000000003,1981-06-23
1981-06-25,684.4,3.0664,3.0647,1981-06-24
1981-06-26,684.7,3.0317000000000003,3.0664,1981-06-25
1981-06-29,684.8,3.0572000000000004,3.0317000000000003,1981-06-26
1981-06-30,685.1,3.0315,3.0572000000000004,1981-06-29
1981-07-01,685.4,3.0055,3.0315,1981-06-30
1981-07-02,685.7,3.0138,3.0055,1981-07-01
1981-07-03,686.0,3.0237,3.0138,1981-07-02
1981-07-06,686.3,3.0039,3.0237,1981-07-03
1981-07-07,686.6,2.9885,3.0039,1981-07-06
1981-07-08,686.3,2.9962999999999997,2.9885,1981-07-07
1981-07-09,686.6,2.9937,2.9962999999999997,1981-07-08
1981-07-10,686.3,3.0039,2.9937,1981-07-09
1981-07-13,686.0,3.0042,3.0039,1981-07-10
1981-07-14,685.7,2.9918,3.0042,1981-07-13
1981-07-15,686.0,2.9775,2.9918,1981-07-14
1981-07-16,685.7,2.9704,2.9775,1981-07-15
1981-07-20,686.0,2.9589,2.9704,1981-07-16
1981-07-21,686.3,2.9386,2.9589,1981-07-20
1981-07-22,686.6,2.9301999999999997,2.9386,1981-07-21
1981-07-23,686.3,2.9211,2.9301999999999997,1981-07-22
1981-07-24,686.0,2.9198000000000004,2.9211,1981-07-23
1981-07-27,685.7,2.9276,2.9198000000000004,1981-07-24
1981-07-28,686.0,2.9025,2.9276,1981-07-27
1981-07-29,686.3,2.8846,2.9025,1981-07-28
1981-07-30,686.6,2.8849,2.8846,1981-07-29
1981-07-31,686.9,2.8747000000000003,2.8849,1981-07-30
1981-08-03,687.2,2.858,2.8747000000000003,1981-07-31
1981-08-04,687.5,2.7982,2.858,1981-08-03
1981-08-05,687.8,2.8005,2.7982,1981-08-04
1981-08-06,687.5,2.8634,2.8005,1981-08-05
1981-08-07,687.2,2.8819999999999997,2.8634,1981-08-06
1981-08-10,686.9,2.9307999999999996,2.8819999999999997,1981-08-07
1981-08-11,687.2,2.9107,2.9307999999999996,1981-08-10
1981-08-12,686.9,2.9181,2.9107,1981-08-11
1981-08-13,686.6,2.9804000000000004,2.9181,1981-08-12
1981-08-14,686.4,2.9529,2.9804000000000004,1981-08-13
1981-08-17,686.7,2.9387,2.9529,1981-08-14
1981-08-18,686.4,3.0052999999999996,2.9387,1981-08-17
1981-08-19,686.1,3.0007,3.0052999999999996,1981-08-18
1981-08-20,686.4,2.9876,3.0007,1981-08-19
1981-08-21,686.1,2.9932,2.9876,1981-08-20
1981-08-24,685.8,3.0172000000000003,2.9932,1981-08-21
1981-08-25,686.1,2.9981,3.0172000000000003,1981-08-24
1981-08-26,686.4,2.9837,2.9981,1981-08-25
1981-08-27,686.1,2.9847,2.9837,1981-08-26
1981-08-28,685.8,2.974,2.9847,1981-08-27
1981-08-31,685.5,3.002,2.974,1981-08-28
1981-09-01,685.8,2.9586,3.002,1981-08-31
1981-09-02,685.5,2.9805,2.9586,1981-09-01
1981-09-03,685.2,2.9882999999999997,2.9805,1981-09-02
1981-09-04,684.9,2.9814,2.9882999999999997,1981-09-03
1981-09-07,684.9,2.9852999999999996,2.9814,1981-09-04
1981-09-08,685.2,2.9866,2.9852999999999996,1981-09-07
1981-09-09,685.5,2.9431,2.9866,1981-09-08
1981-09-10,685.8,2.9402,2.9431,1981-09-09
1981-09-11,685.5,2.9612,2.9402,1981-09-10
1981-09-14,685.2,2.964,2.9612,1981-09-11
1981-09-15,684.9,3.0212,2.964,1981-09-14
1981-09-16,684.6,3.0313,3.0212,1981-09-15
1981-09-17,684.3,3.0066,3.0313,1981-09-16
1981-09-18,684.0,3.0258999999999996,3.0066,1981-09-17
1981-09-21,684.3,3.0258999999999996,3.0258999999999996,1981-09-18
1981-09-22,684.0,3.0427999999999997,3.0258999999999996,1981-09-21
1981-09-23,684.3,3.0113,3.0427999999999997,1981-09-22
1981-09-24,684.6,3.0007,3.0113,1981-09-23
1981-09-25,684.9,3.0047,3.0007,1981-09-24
1981-09-28,685.3,2.978,3.0047,1981-09-25
1981-09-29,685.7,2.9788,2.978,1981-09-28
1981-09-30,685.5,2.9431,2.9788,1981-09-29
1981-10-02,685.9,2.9407,2.9431,1981-09-30
1981-10-05,685.7,2.9814,2.9407,1981-10-02
1981-10-06,685.5,2.9981,2.9814,1981-10-05
1981-10-07,685.3,2.9799,2.9981,1981-10-06
1981-10-08,685.1,2.995,2.9799,1981-10-07
1981-10-12,684.9,3.0232,2.995,1981-10-08
1981-10-13,685.2,3.0172000000000003,3.0232,1981-10-12
1981-10-14,685.6,2.9992,3.0172000000000003,1981-10-13
1981-10-15,686.0,3.0036,2.9992,1981-10-14
1981-10-16,686.4,2.9701999999999997,3.0036,1981-10-15
1981-10-19,686.8,2.97,2.9701999999999997,1981-10-16
1981-10-20,687.2,2.9545,2.97,1981-10-19
1981-10-21,687.0,2.9555,2.9545,1981-10-20
1981-10-22,687.4,2.9386,2.9555,1981-10-21
1981-10-23,687.6,2.9442000000000004,2.9386,1981-10-22
1981-10-26,687.6,2.9597,2.9442000000000004,1981-10-23
1981-10-27,688.0,2.9122000000000003,2.9597,1981-10-26
1981-10-28,687.8,2.9315,2.9122000000000003,1981-10-27
1981-10-29,687.6,2.9282,2.9315,1981-10-28
1981-10-30,687.4,2.9336,2.9282,1981-10-29
1981-11-02,687.2,2.9542,2.9336,1981-10-30
1981-11-03,687.0,2.9961,2.9542,1981-11-02
1981-11-04,687.0,2.9987,2.9961,1981-11-03
1981-11-05,686.8,3.0223,2.9987,1981-11-04
1981-11-06,687.4,3.0054000000000003,3.0223,1981-11-05
1981-11-09,687.9,3.0063,3.0054000000000003,1981-11-06
1981-11-10,687.7,3.0219,3.0063,1981-11-09
1981-11-11,688.3,3.0005,3.0219,1981-11-10
1981-11-12,688.1,3.0233,3.0005,1981-11-11
1981-11-13,687.9,3.0283999999999995,3.0233,1981-11-12
1981-11-16,687.7,3.0332,3.0283999999999995,1981-11-13
1981-11-17,688.3,3.0399000000000003,3.0332,1981-11-16
1981-11-18,688.1,3.0754,3.0399000000000003,1981-11-17
1981-11-19,687.9,3.0850999999999997,3.0754,1981-11-18
1981-11-20,687.7,3.1108,3.0850999999999997,1981-11-19
1981-11-23,688.1,3.1608,3.1108,1981-11-20
1981-11-24,688.7,3.1683,3.1608,1981-11-23
1981-11-25,688.6,3.2043,3.1683,1981-11-24
1981-11-26,689.2,3.1856,3.2043,1981-11-25
1981-11-27,689.8,3.195,3.1856,1981-11-26
1981-11-30,689.9,3.2044,3.195,1981-11-27
1981-12-01,689.8,3.2310000000000003,3.2044,1981-11-30
1981-12-02,690.4,3.1938,3.2310000000000003,1981-12-01
1981-12-03,691.0,3.217,3.1938,1981-12-02
1981-12-04,691.6,3.1933999999999996,3.217,1981-12-03
1981-12-07,692.2,3.1906,3.1933999999999996,1981-12-04
1981-12-08,692.8,3.1949,3.1906,1981-12-07
1981-12-09,693.4,3.1801,3.1949,1981-12-08
1981-12-10,694.0,3.1689999999999996,3.1801,1981-12-09
1981-12-11,694.6,3.1826,3.1689999999999996,1981-12-10
1981-12-14,695.2,3.1687,3.1826,1981-12-11
1981-12-15,695.8,3.1574,3.1687,1981-12-14
1981-12-16,695.7,3.2060000000000004,3.1574,1981-12-15
1981-12-17,696.3,3.2055,3.2060000000000004,1981-12-16
1981-12-18,696.9,3.1815,3.2055,1981-12-17
1981-12-21,697.5,3.1776999999999997,3.1815,1981-12-18
1981-12-22,698.1,3.1754,3.1776999999999997,1981-12-21
1981-12-23,698.2,3.1809,3.1754,1981-12-22
1981-12-24,698.8,3.1642,3.1809,1981-12-23
1981-12-28,699.4,3.1452,3.1642,1981-12-24
1981-12-29,700.0,3.1426,3.1452,1981-12-28
1981-12-30,700.6,3.158,3.1426,1981-12-29
1981-12-31,700.5,3.1896,3.158,1981-12-30
1982-01-04,701.1,3.1941,3.1896,1981-12-31
1982-01-05,701.0,3.2087,3.1941,1982-01-04
1982-01-06,701.6,3.2007999999999996,3.2087,1982-01-05
1982-01-07,702.2,3.1879000000000004,3.2007999999999996,1982-01-06
1982-01-08,702.8,3.1687,3.1879000000000004,1982-01-07
1982-01-11,703.4,3.1793,3.1687,1982-01-08
1982-01-12,704.1,3.1518,3.1793,1982-01-11
1982-01-13,704.8,3.1634,3.1518,1982-01-12
1982-01-14,705.4,3.1411,3.1634,1982-01-13
1982-01-15,706.1,3.1445999999999996,3.1411,1982-01-14
1982-01-18,706.0,3.1452,3.1445999999999996,1982-01-15
1982-01-19,706.7,3.1375,3.1452,1982-01-18
1982-01-20,706.6,3.136,3.1375,1982-01-19
1982-01-21,707.0,3.1401999999999997,3.136,1982-01-20
1982-01-22,707.4,3.1267,3.1401999999999997,1982-01-21
1982-01-25,707.8,3.1161000000000003,3.1267,1982-01-22
1982-01-26,708.2,3.0926,3.1161000000000003,1982-01-25
1982-01-27,708.1,3.1044,3.0926,1982-01-26
1982-01-28,708.0,3.0795999999999997,3.1044,1982-01-27
1982-01-29,708.4,3.0677,3.0795999999999997,1982-01-28
1982-02-01,708.3,3.1058999999999997,3.0677,1982-01-29
1982-02-02,708.7,3.0436,3.1058999999999997,1982-02-01
1982-02-03,709.1,3.0277999999999996,3.0436,1982-02-02
1982-02-04,709.0,3.028,3.0277999999999996,1982-02-03
1982-02-05,708.9,3.0367,3.028,1982-02-04
1982-02-08,708.8,3.0277999999999996,3.0367,1982-02-05
1982-02-09,709.2,3.0112,3.0277999999999996,1982-02-08
1982-02-10,709.6,3.0102999999999995,3.0112,1982-02-09
1982-02-11,709.5,3.0131,3.0102999999999995,1982-02-10
1982-02-12,709.7,3.0069,3.0131,1982-02-11
1982-02-15,710.1,2.9812,3.0069,1982-02-12
1982-02-16,710.5,2.9503,2.9812,1982-02-15
1982-02-17,710.4,2.9641,2.9503,1982-02-16
1982-02-18,710.3,2.9655,2.9641,1982-02-17
1982-02-19,710.2,3.0235000000000003,2.9655,1982-02-18
1982-02-22,710.1,3.0787,3.0235000000000003,1982-02-19
1982-02-23,710.0,3.068,3.0787,1982-02-22
1982-02-24,710.7,3.0298000000000003,3.068,1982-02-23
1982-02-25,710.6,3.0391000000000004,3.0298000000000003,1982-02-24
1982-02-26,711.3,3.008,3.0391000000000004,1982-02-25
1982-03-02,712.3,2.9901,3.008,1982-02-26
1982-03-03,712.2,3.0118,2.9901,1982-03-02
1982-03-04,712.1,3.005,3.0118,1982-03-03
1982-03-05,712.0,3.0307999999999997,3.005,1982-03-04
1982-03-08,711.9,3.0301,3.0307999999999997,1982-03-05
1982-03-09,712.3,3.0221,3.0301,1982-03-08
1982-03-11,713.0,3.0069,3.0221,1982-03-09
1982-03-12,713.7,2.9760000000000004,3.0069,1982-03-11
1982-03-15,714.4,2.9767,2.9760000000000004,1982-03-12
1982-03-16,714.3,2.9831,2.9767,1982-03-15
1982-03-17,715.0,2.958,2.9831,1982-03-16
1982-03-18,714.9,2.9557,2.958,1982-03-17
1982-03-19,715.4,2.9541000000000004,2.9557,1982-03-18
1982-03-22,716.1,2.9328,2.9541000000000004,1982-03-19
1982-03-23,716.8,2.9148,2.9328,1982-03-22
1982-03-24,716.7,2.9358,2.9148,1982-03-23
1982-03-25,716.6,2.9414999999999996,2.9358,1982-03-24
1982-03-26,717.3,2.9269,2.9414999999999996,1982-03-25
1982-03-29,718.0,2.9005,2.9269,1982-03-26
1982-03-30,718.4,2.9158999999999997,2.9005,1982-03-29
1982-03-31,718.3,2.9101999999999997,2.9158999999999997,1982-03-30
1982-04-01,719.0,2.9054,2.9101999999999997,1982-03-31
1982-04-02,718.9,2.9245,2.9054,1982-04-01
1982-04-06,719.8,2.8960000000000004,2.9245,1982-04-02
1982-04-07,720.2,2.905,2.8960000000000004,1982-04-06
1982-04-08,720.1,2.9335000000000004,2.905,1982-04-07
1982-04-09,721.1,2.9042000000000003,2.9335000000000004,1982-04-08
1982-04-12,721.0,2.9085,2.9042000000000003,1982-04-09
1982-04-13,720.9,2.9116000000000004,2.9085,1982-04-12
1982-04-14,720.8,2.915,2.9116000000000004,1982-04-13
1982-04-15,720.7,2.9155,2.915,1982-04-14
1982-04-16,721.7,2.9072000000000005,2.9155,1982-04-15
1982-04-19,721.6,2.918,2.9072000000000005,1982-04-16
1982-04-20,721.5,2.9501,2.918,1982-04-19
1982-04-21,721.4,2.9682,2.9501,1982-04-20
1982-04-22,721.3,2.9748,2.9682,1982-04-21
1982-04-23,721.8,2.9688999999999997,2.9748,1982-04-22
1982-04-26,721.7,3.009,2.9688999999999997,1982-04-23
1982-04-27,721.6,3.0288,3.009,1982-04-26
1982-04-28,721.5,3.0376,3.0288,1982-04-27
1982-04-29,721.4,3.0366000000000004,3.0376,1982-04-28
1982-04-30,721.3,3.0668,3.0366000000000004,1982-04-29
1982-05-03,721.2,3.0547000000000004,3.0668,1982-04-30
1982-05-04,721.1,3.0468,3.0547000000000004,1982-05-03
1982-05-06,721.0,3.0812,3.0468,1982-05-04
1982-05-07,720.9,3.1121,3.0812,1982-05-06
1982-05-10,720.8,3.1023,3.1121,1982-05-07
1982-05-11,721.8,3.0764,3.1023,1982-05-10
1982-05-12,721.7,3.1115,3.0764,1982-05-11
1982-05-13,722.3,3.0835000000000004,3.1115,1982-05-12
1982-05-14,723.8,3.0618,3.0835000000000004,1982-05-13
1982-05-17,724.4,3.0898000000000003,3.0618,1982-05-14
1982-05-18,725.2,3.0458,3.0898000000000003,1982-05-17
1982-05-19,726.7,3.0631,3.0458,1982-05-18
1982-05-20,728.0,3.0410000000000004,3.0631,1982-05-19
1982-05-21,727.9,3.071,3.0410000000000004,1982-05-20
1982-05-24,727.8,3.0574,3.071,1982-05-21
1982-05-25,727.8,3.0456,3.0574,1982-05-24
1982-05-26,728.8,3.0386,3.0456,1982-05-25
1982-05-27,730.1,3.0345,3.0386,1982-05-26
1982-05-28,731.6,3.0173,3.0345,1982-05-27
1982-05-31,733.1,3.0126,3.0173,1982-05-28
1982-06-01,733.1,3.0126,3.0126,1982-05-31
1982-06-02,734.6,3.0067000000000004,3.0126,1982-06-01
1982-06-03,735.6,3.017,3.0067000000000004,1982-06-02
1982-06-04,735.5,3.0246,3.017,1982-06-03
1982-06-07,735.4,3.0186,3.0246,1982-06-04
1982-06-08,736.9,3.0072,3.0186,1982-06-07
1982-06-09,737.4,2.9767,3.0072,1982-06-08
1982-06-10,737.9,2.9758,2.9767,1982-06-09
1982-06-11,738.4,2.9616,2.9758,1982-06-10
1982-06-14,737.9,2.9851,2.9616,1982-06-11
1982-06-15,738.4,2.9492000000000003,2.9851,1982-06-14
1982-06-16,738.9,2.9360000000000004,2.9492000000000003,1982-06-15
1982-06-17,739.4,2.9188,2.9360000000000004,1982-06-16
1982-06-18,739.9,2.8968000000000003,2.9188,1982-06-17
1982-06-21,740.4,2.8968000000000003,2.8968000000000003,1982-06-18
1982-06-22,740.9,2.8871,2.8968000000000003,1982-06-21
1982-06-23,740.5,2.887,2.8871,1982-06-22
1982-06-24,740.4,2.9196,2.887,1982-06-23
1982-06-25,740.3,2.891,2.9196,1982-06-24
1982-06-28,740.8,2.8831,2.891,1982-06-25
1982-06-29,741.3,2.8691000000000004,2.8831,1982-06-28
1982-06-30,740.8,2.9109,2.8691000000000004,1982-06-29
1982-07-01,740.9,2.888,2.9109,1982-06-30
1982-07-02,740.6,2.9052,2.888,1982-07-01
1982-07-05,741.1,2.891,2.9052,1982-07-02
1982-07-06,741.0,2.8867000000000003,2.891,1982-07-05
1982-07-07,741.5,2.8705000000000003,2.8867000000000003,1982-07-06
1982-07-08,742.0,2.8707,2.8705000000000003,1982-07-07
1982-07-09,741.6,2.8981,2.8707,1982-07-08
1982-07-12,741.3,2.9128,2.8981,1982-07-09
1982-07-13,741.0,2.9008,2.9128,1982-07-12
1982-07-14,741.3,2.8852999999999995,2.9008,1982-07-13
1982-07-15,741.4,2.8961,2.8852999999999995,1982-07-14
1982-07-16,741.5,2.8937,2.8961,1982-07-15
1982-07-19,741.3,2.9341000000000004,2.8937,1982-07-16
1982-07-20,741.0,2.9002,2.9341000000000004,1982-07-19
1982-07-21,740.9,2.9181,2.9002,1982-07-20
1982-07-22,740.6,2.9291,2.9181,1982-07-21
1982-07-23,740.4,2.9449,2.9291,1982-07-22
1982-07-26,740.1,2.9729,2.9449,1982-07-23
1982-07-27,740.4,2.9381,2.9729,1982-07-26
1982-07-28,740.7,2.9324,2.9381,1982-07-27
1982-07-29,741.0,2.8873,2.9324,1982-07-28
1982-07-30,741.2,2.8824,2.8873,1982-07-29
1982-08-02,741.3,2.9014,2.8824,1982-07-30
1982-08-03,741.0,2.8960000000000004,2.9014,1982-08-02
1982-08-04,741.2,2.8720999999999997,2.8960000000000004,1982-08-03
1982-08-05,741.5,2.8588,2.8720999999999997,1982-08-04
1982-08-06,741.6,2.8520999999999996,2.8588,1982-08-05
1982-08-09,741.9,2.8415,2.8520999999999996,1982-08-06
1982-08-10,742.2,2.8396,2.8415,1982-08-09
1982-08-11,742.1,2.8182,2.8396,1982-08-10
1982-08-12,742.4,2.8188,2.8182,1982-08-11
1982-08-13,742.2,2.8310000000000004,2.8188,1982-08-12
1982-08-16,742.0,2.8267,2.8310000000000004,1982-08-13
1982-08-17,742.3,2.8107,2.8267,1982-08-16
1982-08-18,742.2,2.8202,2.8107,1982-08-17
1982-08-19,741.9,2.8442000000000003,2.8202,1982-08-18
1982-08-20,741.6,2.8924000000000003,2.8442000000000003,1982-08-19
1982-08-23,741.3,2.9163,2.8924000000000003,1982-08-20
1982-08-24,741.4,2.9177999999999997,2.9163,1982-08-23
1982-08-25,741.1,2.9408999999999996,2.9177999999999997,1982-08-24
1982-08-26,741.0,2.9347000000000003,2.9408999999999996,1982-08-25
1982-08-27,741.3,2.91,2.9347000000000003,1982-08-26
1982-08-30,741.6,2.8733999999999997,2.91,1982-08-27
1982-08-31,741.9,2.8418,2.8733999999999997,1982-08-30
1982-09-01,741.7,2.8527,2.8418,1982-08-31
1982-09-02,741.6,2.8686000000000003,2.8527,1982-09-01
1982-09-03,741.3,2.9002999999999997,2.8686000000000003,1982-09-02
1982-09-06,741.4,2.8758999999999997,2.9002999999999997,1982-09-03
1982-09-07,741.5,2.8716000000000004,2.8758999999999997,1982-09-06
1982-09-08,741.7,2.8754000000000004,2.8716000000000004,1982-09-07
1982-09-09,742.0,2.8671,2.8754000000000004,1982-09-08
1982-09-10,742.1,2.857,2.8671,1982-09-09
1982-09-13,742.4,2.8239,2.857,1982-09-10
1982-09-14,742.6,2.8183,2.8239,1982-09-13
1982-09-15,742.5,2.8179000000000003,2.8183,1982-09-14
1982-09-16,742.4,2.8111,2.8179000000000003,1982-09-15
1982-09-17,742.3,2.8287,2.8111,1982-09-16
1982-09-20,742.4,2.8245,2.8287,1982-09-17
1982-09-21,742.3,2.8083,2.8245,1982-09-20
1982-09-22,742.4,2.8037,2.8083,1982-09-21
1982-09-23,742.1,2.8217000000000003,2.8037,1982-09-22
1982-09-24,742.4,2.7976,2.8217000000000003,1982-09-23
1982-09-27,742.6,2.7906999999999997,2.7976,1982-09-24
1982-09-28,742.9,2.7612,2.7906999999999997,1982-09-27
1982-09-29,743.0,2.7673,2.7612,1982-09-28
1982-09-30,742.9,2.7595,2.7673,1982-09-29
1982-10-04,742.8,2.7527,2.7595,1982-09-30
1982-10-05,743.1,2.7131,2.7527,1982-10-04
1982-10-06,743.2,2.7167000000000003,2.7131,1982-10-05
1982-10-07,743.3,2.6981,2.7167000000000003,1982-10-06
1982-10-08,743.0,2.7807,2.6981,1982-10-07
1982-10-11,742.7,2.7895,2.7807,1982-10-08
1982-10-12,742.6,2.8150999999999997,2.7895,1982-10-11
1982-10-13,742.3,2.8012,2.8150999999999997,1982-10-12
1982-10-14,742.5,2.7956,2.8012,1982-10-13
1982-10-15,742.8,2.7568,2.7956,1982-10-14
1982-10-18,742.9,2.7638,2.7568,1982-10-15
1982-10-19,742.7,2.7615,2.7638,1982-10-18
1982-10-20,743.0,2.7591,2.7615,1982-10-19
1982-10-21,743.4,2.7426999999999997,2.7591,1982-10-20
1982-10-22,743.8,2.7286,2.7426999999999997,1982-10-21
1982-10-25,744.0,2.7114,2.7286,1982-10-22
1982-10-26,744.4,2.6864,2.7114,1982-10-25
1982-10-27,744.2,2.6994,2.6864,1982-10-26
1982-10-28,744.2,2.6867,2.6994,1982-10-27
1982-10-29,744.5,2.6982,2.6867,1982-10-28
1982-11-01,744.9,2.6908999999999996,2.6982,1982-10-29
1982-11-02,744.7,2.6914,2.6908999999999996,1982-11-01
1982-11-03,744.6,2.7007999999999996,2.6914,1982-11-02
1982-11-04,745.0,2.6799,2.7007999999999996,1982-11-03
1982-11-05,745.4,2.6914999999999996,2.6799,1982-11-04
1982-11-08,745.2,2.6963999999999997,2.6914999999999996,1982-11-05
1982-11-09,745.5,2.7083,2.6963999999999997,1982-11-08
1982-11-10,745.3,2.7584,2.7083,1982-11-09
1982-11-11,745.1,2.7699000000000003,2.7584,1982-11-10
1982-11-12,744.9,2.7925999999999997,2.7699000000000003,1982-11-11
1982-11-15,745.3,2.7815,2.7925999999999997,1982-11-12
1982-11-16,745.5,2.7880000000000003,2.7815,1982-11-15
1982-11-17,745.3,2.8382,2.7880000000000003,1982-11-16
1982-11-18,745.2,2.8311,2.8382,1982-11-17
1982-11-19,745.1,2.8545999999999996,2.8311,1982-11-18
1982-11-22,744.9,2.8985000000000003,2.8545999999999996,1982-11-19
1982-11-23,744.9,2.8937,2.8985000000000003,1982-11-22
1982-11-24,745.2,2.9019,2.8937,1982-11-23
1982-11-25,745.0,2.9717,2.9019,1982-11-24
1982-11-26,744.9,2.9825999999999997,2.9717,1982-11-25
1982-11-29,744.9,2.9844,2.9825999999999997,1982-11-26
1982-11-30,744.7,2.9658,2.9844,1982-11-29
1982-12-01,744.5,2.9863999999999997,2.9658,1982-11-30
1982-12-02,744.3,2.9814,2.9863999999999997,1982-12-01
1982-12-03,744.1,3.0126,2.9814,1982-12-02
1982-12-06,743.9,3.0106,3.0126,1982-12-03
1982-12-07,743.7,3.0433,3.0106,1982-12-06
1982-12-08,743.5,3.0572000000000004,3.0433,1982-12-07
1982-12-09,744.2,3.0538,3.0572000000000004,1982-12-08
1982-12-10,744.2,3.0664,3.0538,1982-12-09
1982-12-13,744.9,3.0461,3.0664,1982-12-10
1982-12-14,745.6,3.0101,3.0461,1982-12-13
1982-12-15,745.4,3.0425,3.0101,1982-12-14
1982-12-16,745.3,3.0517000000000003,3.0425,1982-12-15
1982-12-17,745.1,3.0657,3.0517000000000003,1982-12-16
1982-12-20,745.9,3.0557999999999996,3.0657,1982-12-17
1982-12-21,746.8,3.0507,3.0557999999999996,1982-12-20
1982-12-22,746.8,3.1001,3.0507,1982-12-21
1982-12-23,746.8,3.1085000000000003,3.1001,1982-12-22
1982-12-24,746.8,3.1379,3.1085000000000003,1982-12-23
1982-12-27,747.7,3.1416000000000004,3.1379,1982-12-24
1982-12-28,747.7,3.1536,3.1416000000000004,1982-12-27
1982-12-29,747.7,3.1913,3.1536,1982-12-28
1982-12-30,747.9,3.1982999999999997,3.1913,1982-12-29
1982-12-31,748.8,3.2020999999999997,3.1982999999999997,1982-12-30
1983-01-04,748.5,3.2445,3.2020999999999997,1982-12-31
1983-01-05,748.2,3.2802,3.2445,1983-01-04
1983-01-06,748.3,3.2667,3.2802,1983-01-05
1983-01-07,748.9,3.2572,3.2667,1983-01-06
1983-01-10,748.7,3.2708999999999997,3.2572,1983-01-07
1983-01-11,748.4,3.2889999999999997,3.2708999999999997,1983-01-10
1983-01-12,749.0,3.2295,3.2889999999999997,1983-01-11
1983-01-13,748.8,3.2713,3.2295,1983-01-12
1983-01-14,749.0,3.263,3.2713,1983-01-13
1983-01-17,749.6,3.2472000000000003,3.263,1983-01-14
1983-01-18,749.5,3.2474000000000003,3.2472000000000003,1983-01-17
1983-01-19,750.1,3.2228,3.2474000000000003,1983-01-18
1983-01-20,750.7,3.1686,3.2228,1983-01-19
1983-01-21,750.4,3.1912000000000003,3.1686,1983-01-20
1983-01-24,751.0,3.1682,3.1912000000000003,1983-01-21
1983-01-25,751.6,3.1442,3.1682,1983-01-24
1983-01-26,751.3,3.1822000000000004,3.1442,1983-01-25
1983-01-27,751.0,3.1692,3.1822000000000004,1983-01-26
1983-01-28,751.6,3.1660000000000004,3.1692,1983-01-27
1983-01-31,751.5,3.1675999999999997,3.1660000000000004,1983-01-28
1983-02-01,752.1,3.1211,3.1675999999999997,1983-01-31
1983-02-02,752.7,3.12,3.1211,1983-02-01
1983-02-03,752.8,3.1445999999999996,3.12,1983-02-02
1983-02-04,752.7,3.1324,3.1445999999999996,1983-02-03
1983-02-07,752.8,3.1327999999999996,3.1324,1983-02-04
1983-02-08,752.5,3.1755,3.1327999999999996,1983-02-07
1983-02-09,752.2,3.1502999999999997,3.1755,1983-02-08
1983-02-10,751.9,3.1883999999999997,3.1502999999999997,1983-02-09
1983-02-11,751.6,3.2064999999999997,3.1883999999999997,1983-02-10
1983-02-14,751.3,3.1998,3.2064999999999997,1983-02-11
1983-02-15,751.7,3.2152,3.1998,1983-02-14
1983-02-16,751.4,3.2112,3.2152,1983-02-15
1983-02-17,751.5,3.2323000000000004,3.2112,1983-02-16
1983-02-18,751.2,3.2269,3.2323000000000004,1983-02-17
1983-02-21,751.8,3.2156,3.2269,1983-02-18
1983-02-22,751.6,3.2318,3.2156,1983-02-21
1983-02-23,752.2,3.188,3.2318,1983-02-22
1983-02-24,753.3,3.2158,3.188,1983-02-23
1983-02-25,753.3,3.1947,3.2158,1983-02-24
1983-02-28,753.1,3.2061,3.1947,1983-02-25
1983-03-02,754.6,3.1673,3.2061,1983-02-28
1983-03-03,754.4,3.1956,3.1673,1983-03-02
1983-03-04,754.2,3.1958,3.1956,1983-03-03
1983-03-07,754.0,3.2017,3.1958,1983-03-04
1983-03-08,753.8,3.207,3.2017,1983-03-07
1983-03-09,755.3,3.1613,3.207,1983-03-08
1983-03-11,755.1,3.1905,3.1613,1983-03-09
1983-03-14,756.5,3.17,3.1905,1983-03-11
1983-03-15,756.3,3.2095,3.17,1983-03-14
1983-03-16,756.2,3.1851,3.2095,1983-03-15
1983-03-17,757.1,3.2017,3.1851,1983-03-16
1983-03-18,758.6,3.1648,3.2017,1983-03-17
1983-03-21,759.9,3.1683,3.1648,1983-03-18
1983-03-22,761.4,3.1591000000000005,3.1683,1983-03-21
1983-03-23,761.2,3.1839999999999997,3.1591000000000005,1983-03-22
1983-03-24,761.3,3.2042,3.1839999999999997,1983-03-23
1983-03-25,761.1,3.2064,3.2042,1983-03-24
1983-03-28,761.9,3.2097,3.2064,1983-03-25
1983-03-29,763.4,3.1845,3.2097,1983-03-28
1983-03-30,763.6,3.1834,3.1845,1983-03-29
1983-03-31,763.4,3.1825,3.1834,1983-03-30
1983-04-01,763.2,3.1919999999999997,3.1825,1983-03-31
1983-04-04,763.5,3.1886,3.1919999999999997,1983-04-01
1983-04-06,763.3,3.2163,3.1886,1983-04-04
1983-04-07,763.1,3.2100999999999997,3.2163,1983-04-06
1983-04-08,763.5,3.2083999999999997,3.2100999999999997,1983-04-07
1983-04-11,765.0,3.1982,3.2083999999999997,1983-04-08
1983-04-12,764.8,3.2144999999999997,3.1982,1983-04-11
1983-04-13,764.9,3.2045,3.2144999999999997,1983-04-12
1983-04-14,764.7,3.2111,3.2045,1983-04-13
1983-04-15,765.6,3.2175,3.2111,1983-04-14
1983-04-18,765.4,3.2201,3.2175,1983-04-15
1983-04-19,765.9,3.2154000000000003,3.2201,1983-04-18
1983-04-20,765.7,3.2254,3.2154000000000003,1983-04-19
1983-04-21,766.1,3.2807999999999997,3.2254,1983-04-20
1983-04-22,765.9,3.2392000000000003,3.2807999999999997,1983-04-21
1983-04-25,765.9,3.2396,3.2392000000000003,1983-04-22
1983-04-26,765.7,3.2394,3.2396,1983-04-25
1983-04-27,767.0,3.2384,3.2394,1983-04-26
1983-04-28,766.9,3.2382999999999997,3.2384,1983-04-27
1983-04-29,767.9,3.2295999999999996,3.2382999999999997,1983-04-28
1983-05-02,767.9,3.2292,3.2295999999999996,1983-04-29
1983-05-03,767.8,3.2268,3.2292,1983-05-02
1983-05-04,767.3,3.2382999999999997,3.2268,1983-05-03
1983-05-06,766.8,3.2582,3.2382999999999997,1983-05-04
1983-05-09,766.3,3.2811000000000003,3.2582,1983-05-06
1983-05-10,765.8,3.2945,3.2811000000000003,1983-05-09
1983-05-11,765.8,3.3080000000000003,3.2945,1983-05-10
1983-05-12,765.3,3.3152,3.3080000000000003,1983-05-11
1983-05-13,766.0,3.3025,3.3152,1983-05-12
1983-05-16,766.5,3.2954000000000003,3.3025,1983-05-13
1983-05-17,767.5,3.2933,3.2954000000000003,1983-05-16
1983-05-18,768.3,3.301,3.2933,1983-05-17
1983-05-19,767.8,3.2841000000000005,3.301,1983-05-18
1983-05-23,768.8,3.2743,3.2841000000000005,1983-05-19
1983-05-24,769.8,3.2779000000000003,3.2743,1983-05-23
1983-05-25,770.6,3.256,3.2779000000000003,1983-05-24
1983-05-26,770.6,3.2591,3.256,1983-05-25
1983-05-27,770.1,3.2527999999999997,3.2591,1983-05-26
1983-05-30,771.1,3.2386,3.2527999999999997,1983-05-27
1983-05-31,771.1,3.2386,3.2386,1983-05-30
1983-06-01,772.1,3.2251999999999996,3.2386,1983-05-31
1983-06-02,773.1,3.2193,3.2251999999999996,1983-06-01
1983-06-03,772.6,3.2451999999999996,3.2193,1983-06-02
1983-06-07,774.3,3.227,3.2451999999999996,1983-06-03
1983-06-08,774.5,3.2198,3.227,1983-06-07
1983-06-09,775.5,3.2016000000000004,3.2198,1983-06-08
1983-06-10,775.2,3.1921,3.2016000000000004,1983-06-09
1983-06-13,774.9,3.2034,3.1921,1983-06-10
1983-06-14,774.9,3.1982,3.2034,1983-06-13
1983-06-15,775.9,3.1977,3.1982,1983-06-14
1983-06-16,776.9,3.2038,3.1977,1983-06-15
1983-06-17,776.4,3.2421,3.2038,1983-06-16
1983-06-20,775.9,3.2323000000000004,3.2421,1983-06-17
1983-06-21,776.9,3.2419,3.2323000000000004,1983-06-20
1983-06-22,776.4,3.267,3.2419,1983-06-21
1983-06-23,775.9,3.2591,3.267,1983-06-22
1983-06-24,775.7,3.2558999999999996,3.2591,1983-06-23
1983-06-27,775.2,3.2695999999999996,3.2558999999999996,1983-06-24
1983-06-28,776.2,3.2358999999999996,3.2695999999999996,1983-06-27
1983-06-29,777.2,3.2547,3.2358999999999996,1983-06-28
1983-06-30,776.7,3.2441000000000004,3.2547,1983-06-29
1983-07-01,776.8,3.2475,3.2441000000000004,1983-06-30
1983-07-04,776.3,3.236,3.2475,1983-07-01
1983-07-05,777.2,3.2354000000000003,3.236,1983-07-04
1983-07-06,778.2,3.2358,3.2354000000000003,1983-07-05
1983-07-07,777.7,3.2486,3.2358,1983-07-06
1983-07-08,777.8,3.2382,3.2486,1983-07-07
1983-07-11,778.8,3.2356,3.2382,1983-07-08
1983-07-12,779.7,3.2245999999999997,3.2356,1983-07-11
1983-07-13,779.4,3.2398,3.2245999999999997,1983-07-12
1983-07-14,779.1,3.2483,3.2398,1983-07-13
1983-07-15,779.3,3.2337,3.2483,1983-07-14
1983-07-18,780.3,3.2351,3.2337,1983-07-15
1983-07-19,779.8,3.2425,3.2351,1983-07-18
1983-07-20,780.1,3.2414,3.2425,1983-07-19
1983-07-21,779.6,3.264,3.2414,1983-07-20
1983-07-22,779.3,3.2502,3.264,1983-07-21
1983-07-25,780.3,3.2418,3.2502,1983-07-22
1983-07-26,781.3,3.2527999999999997,3.2418,1983-07-25
1983-07-27,780.8,3.2432,3.2527999999999997,1983-07-26
1983-07-28,781.8,3.2444,3.2432,1983-07-27
1983-07-29,782.1,3.2432999999999996,3.2444,1983-07-28
1983-08-01,783.1,3.218,3.2432999999999996,1983-07-29
1983-08-02,784.1,3.2096,3.218,1983-08-01
1983-08-03,783.6,3.2281,3.2096,1983-08-02
1983-08-04,784.1,3.2248,3.2281,1983-08-03
1983-08-05,785.0,3.2192000000000003,3.2248,1983-08-04
1983-08-08,786.0,3.2187,3.2192000000000003,1983-08-05
1983-08-09,786.5,3.2247000000000003,3.2187,1983-08-08
1983-08-10,786.0,3.2114999999999996,3.2247000000000003,1983-08-09
1983-08-11,787.0,3.2038,3.2114999999999996,1983-08-10
1983-08-12,788.0,3.1962,3.2038,1983-08-11
1983-08-16,787.2,3.2151,3.1962,1983-08-12
1983-08-17,786.7,3.2157,3.2151,1983-08-16
1983-08-18,786.2,3.2363999999999997,3.2157,1983-08-17
1983-08-19,785.7,3.2258,3.2363999999999997,1983-08-18
1983-08-22,786.7,3.2314999999999996,3.2258,1983-08-19
1983-08-23,786.2,3.2407999999999997,3.2314999999999996,1983-08-22
1983-08-24,785.7,3.2261,3.2407999999999997,1983-08-23
1983-08-25,786.7,3.2318,3.2261,1983-08-24
1983-08-26,787.5,3.2275,3.2318,1983-08-25
1983-08-29,788.5,3.1898,3.2275,1983-08-26
1983-08-30,789.5,3.2104000000000004,3.1898,1983-08-29
1983-08-31,790.1,3.2030000000000003,3.2104000000000004,1983-08-30
1983-09-01,790.2,3.2152,3.2030000000000003,1983-08-31
1983-09-02,790.2,3.1957,3.2152,1983-09-01
1983-09-05,790.6,3.2211000000000003,3.1957,1983-09-02
1983-09-06,790.3,3.2133,3.2211000000000003,1983-09-05
1983-09-07,789.8,3.2061,3.2133,1983-09-06
1983-09-08,790.5,3.2216000000000005,3.2061,1983-09-07
1983-09-09,790.0,3.2239,3.2216000000000005,1983-09-08
1983-09-12,789.5,3.2384,3.2239,1983-09-09
1983-09-13,789.0,3.2356,3.2384,1983-09-12
1983-09-14,789.8,3.2366,3.2356,1983-09-13
1983-09-15,790.8,3.2285000000000004,3.2366,1983-09-14
1983-09-16,790.7,3.2337,3.2285000000000004,1983-09-15
1983-09-19,790.2,3.2451999999999996,3.2337,1983-09-16
1983-09-20,789.7,3.2663,3.2451999999999996,1983-09-19
1983-09-22,790.1,3.2572,3.2663,1983-09-20
1983-09-23,789.7,3.2694,3.2572,1983-09-22
1983-09-26,789.2,3.3056,3.2694,1983-09-23
1983-09-27,788.7,3.3129000000000004,3.3056,1983-09-26
1983-09-28,789.3,3.3269,3.3129000000000004,1983-09-27
1983-09-29,788.8,3.3294,3.3269,1983-09-28
1983-09-30,789.3,3.3311,3.3294,1983-09-29
1983-10-04,788.8,3.366,3.3311,1983-09-30
1983-10-05,788.6,3.3937,3.366,1983-10-04
1983-10-06,788.1,3.3974,3.3937,1983-10-05
1983-10-07,788.5,3.3882,3.3974,1983-10-06
1983-10-10,788.0,3.4217,3.3882,1983-10-07
1983-10-11,789.0,3.3882,3.4217,1983-10-10
1983-10-12,789.7,3.3861000000000003,3.3882,1983-10-11
1983-10-13,790.7,3.3723,3.3861000000000003,1983-10-12
1983-10-14,790.2,3.3969,3.3723,1983-10-13
1983-10-17,790.9,3.4164999999999996,3.3969,1983-10-14
1983-10-18,790.4,3.4057999999999997,3.4164999999999996,1983-10-17
1983-10-19,790.1,3.3936,3.4057999999999997,1983-10-18
1983-10-20,791.0,3.3855,3.3936,1983-10-19
1983-10-21,790.5,3.4092,3.3855,1983-10-20
1983-10-24,791.0,3.3898,3.4092,1983-10-21
1983-10-25,792.0,3.4025,3.3898,1983-10-24
1983-10-26,791.5,3.4073,3.4025,1983-10-25
1983-10-27,792.1,3.4091000000000005,3.4073,1983-10-26
1983-10-28,792.5,3.4065,3.4091000000000005,1983-10-27
1983-10-31,792.9,3.4008999999999996,3.4065,1983-10-28
1983-11-01,793.9,3.3816,3.4008999999999996,1983-10-31
1983-11-02,794.6,3.3914,3.3816,1983-11-01
1983-11-03,795.1,3.3874,3.3914,1983-11-02
1983-11-04,794.6,3.3907,3.3874,1983-11-03
1983-11-07,795.6,3.3613,3.3907,1983-11-04
1983-11-08,796.6,3.3648,3.3613,1983-11-07
1983-11-09,796.0,3.3729,3.3648,1983-11-08
1983-11-10,795.0,3.3852,3.3729,1983-11-09
1983-11-11,794.0,3.3914,3.3852,1983-11-10
1983-11-14,795.0,3.383,3.3914,1983-11-11
1983-11-15,794.4,3.3888,3.383,1983-11-14
1983-11-16,794.6,3.3914,3.3888,1983-11-15
1983-11-17,795.4,3.3761,3.3914,1983-11-16
1983-11-18,796.4,3.3804000000000003,3.3761,1983-11-17
1983-11-21,796.9,3.3767,3.3804000000000003,1983-11-18
1983-11-22,796.8,3.3885,3.3767,1983-11-21
1983-11-23,796.1,3.3928,3.3885,1983-11-22
1983-11-24,796.5,3.3815,3.3928,1983-11-23
1983-11-25,796.2,3.3874,3.3815,1983-11-24
1983-11-28,796.9,3.3897000000000004,3.3874,1983-11-25
1983-11-29,797.1,3.3884,3.3897000000000004,1983-11-28
1983-11-30,796.9,3.4048000000000003,3.3884,1983-11-29
1983-12-01,795.9,3.427,3.4048000000000003,1983-11-30
1983-12-02,796.1,3.4172,3.427,1983-12-01
1983-12-05,797.1,3.4108,3.4172,1983-12-02
1983-12-06,798.1,3.4006,3.4108,1983-12-05
1983-12-07,798.1,3.4144,3.4006,1983-12-06
1983-12-08,797.8,3.4160000000000004,3.4144,1983-12-07
1983-12-09,798.3,3.4094,3.4160000000000004,1983-12-08
1983-12-12,799.3,3.3837,3.4094,1983-12-09
1983-12-13,799.6,3.3782,3.3837,1983-12-12
1983-12-14,799.4,3.3901999999999997,3.3782,1983-12-13
1983-12-15,799.8,3.4042000000000003,3.3901999999999997,1983-12-14
1983-12-16,798.8,3.4035,3.4042000000000003,1983-12-15
1983-12-19,799.8,3.3994999999999997,3.4035,1983-12-16
1983-12-20,800.0,3.3935000000000004,3.3994999999999997,1983-12-19
1983-12-21,799.2,3.4008999999999996,3.3935000000000004,1983-12-20
1983-12-22,799.2,3.4045,3.4008999999999996,1983-12-21
1983-12-23,798.2,3.4188,3.4045,1983-12-22
1983-12-26,798.1,3.4144,3.4188,1983-12-23
1983-12-27,798.1,3.4144,3.4144,1983-12-26
1983-12-28,797.6,3.4130000000000003,3.4144,1983-12-27
1983-12-29,797.2,3.4193,3.4130000000000003,1983-12-28
1983-12-30,796.2,3.4342,3.4193,1983-12-29
1984-01-04,796.5,3.4075,3.4342,1983-12-30
1984-01-05,797.5,3.4219999999999997,3.4075,1984-01-04
1984-01-06,797.9,3.423,3.4219999999999997,1984-01-05
1984-01-09,798.1,3.4282999999999997,3.423,1984-01-06
1984-01-10,799.1,3.4194,3.4282999999999997,1984-01-09
1984-01-11,799.0,3.4189999999999996,3.4194,1984-01-10
1984-01-12,798.3,3.4043,3.4189999999999996,1984-01-11
1984-01-13,799.3,3.4057,3.4043,1984-01-12
1984-01-16,798.4,3.4200999999999997,3.4057,1984-01-13
1984-01-17,797.4,3.4187,3.4200999999999997,1984-01-16
1984-01-18,797.0,3.4049,3.4187,1984-01-17
1984-01-19,798.0,3.415,3.4049,1984-01-18
1984-01-20,797.0,3.4162,3.415,1984-01-19
1984-01-23,798.0,3.4063,3.4162,1984-01-20
1984-01-24,798.8,3.4123,3.4063,1984-01-23
1984-01-25,799.6,3.4128,3.4123,1984-01-24
1984-01-26,799.3,3.4166000000000003,3.4128,1984-01-25
1984-01-27,798.7,3.4097000000000004,3.4166000000000003,1984-01-26
1984-01-30,798.9,3.4134,3.4097000000000004,1984-01-27
1984-01-31,799.3,3.4052999999999995,3.4134,1984-01-30
1984-02-01,799.3,3.4071,3.4052999999999995,1984-01-31
1984-02-02,798.6,3.4092,3.4071,1984-02-01
1984-02-03,797.6,3.4166000000000003,3.4092,1984-02-02
1984-02-06,796.6,3.4233,3.4166000000000003,1984-02-03
1984-02-07,797.3,3.4131,3.4233,1984-02-06
1984-02-08,798.3,3.4079,3.4131,1984-02-07
1984-02-09,797.3,3.4101999999999997,3.4079,1984-02-08
1984-02-10,796.8,3.4045,3.4101999999999997,1984-02-09
1984-02-13,797.7,3.4068,3.4045,1984-02-10
1984-02-14,797.3,3.4027,3.4068,1984-02-13
1984-02-15,796.9,3.4122000000000003,3.4027,1984-02-14
1984-02-16,795.9,3.4057,3.4122000000000003,1984-02-15
1984-02-17,794.9,3.4131,3.4057,1984-02-16
1984-02-20,795.5,3.412,3.4131,1984-02-17
1984-02-21,795.7,3.4107,3.412,1984-02-20
1984-02-22,796.7,3.4091000000000005,3.4107,1984-02-21
1984-02-23,795.7,3.4092,3.4091000000000005,1984-02-22
1984-02-24,795.1,3.4074,3.4092,1984-02-23
1984-02-27,794.1,3.4046,3.4074,1984-02-24
1984-02-28,794.3,3.4054,3.4046,1984-02-27
1984-02-29,793.3,3.3981,3.4054,1984-02-28
1984-03-02,793.4,3.3997,3.3981,1984-02-29
1984-03-05,792.4,3.4778,3.3997,1984-03-02
1984-03-06,791.4,3.5425999999999997,3.4778,1984-03-05
1984-03-07,790.4,3.5512,3.5425999999999997,1984-03-06
1984-03-08,790.4,3.5219,3.5512,1984-03-07
1984-03-09,791.3,3.5565,3.5219,1984-03-08
1984-03-12,792.3,3.5261,3.5565,1984-03-09
1984-03-13,793.3,3.5345,3.5261,1984-03-12
1984-03-14,792.3,3.549,3.5345,1984-03-13
1984-03-15,791.3,3.5232,3.549,1984-03-14
1984-03-16,792.3,3.5347000000000004,3.5232,1984-03-15
1984-03-19,793.3,3.5056,3.5347000000000004,1984-03-16
1984-03-20,794.3,3.5154,3.5056,1984-03-19
1984-03-21,793.7,3.5104,3.5154,1984-03-20
1984-03-22,794.7,3.5156,3.5104,1984-03-21
1984-03-23,794.6,3.5047,3.5156,1984-03-22
1984-03-26,793.6,3.5197000000000003,3.5047,1984-03-23
1984-03-27,792.6,3.529,3.5197000000000003,1984-03-26
1984-03-28,791.6,3.5214,3.529,1984-03-27
1984-03-29,791.9,3.5393,3.5214,1984-03-28
1984-03-30,790.9,3.5285,3.5393,1984-03-29
1984-04-02,791.8,3.5277999999999996,3.5285,1984-03-30
1984-04-03,792.4,3.5167,3.5277999999999996,1984-04-02
1984-04-04,793.4,3.5263,3.5167,1984-04-03
1984-04-06,793.4,3.5153,3.5263,1984-04-04
1984-04-09,794.3,3.5264,3.5153,1984-04-06
1984-04-10,793.4,3.5204000000000004,3.5264,1984-04-09
1984-04-11,793.9,3.5246,3.5204000000000004,1984-04-10
1984-04-12,792.9,3.5549,3.5246,1984-04-11
1984-04-13,793.2,3.5388,3.5549,1984-04-12
1984-04-16,794.0,3.5238,3.5388,1984-04-13
1984-04-17,795.0,3.5263,3.5238,1984-04-16
1984-04-18,794.0,3.5351999999999997,3.5263,1984-04-17
1984-04-19,794.4,3.5362,3.5351999999999997,1984-04-18
1984-04-20,795.2,3.5296,3.5362,1984-04-19
1984-04-23,795.6,3.5353,3.5296,1984-04-20
1984-04-24,795.4,3.5383,3.5353,1984-04-23
1984-04-25,796.4,3.5247,3.5383,1984-04-24
1984-04-26,796.4,3.5325,3.5247,1984-04-25
1984-04-27,796.6,3.5299,3.5325,1984-04-26
1984-04-30,797.6,3.516,3.5299,1984-04-27
1984-05-01,798.6,3.5243,3.516,1984-04-30
1984-05-02,799.4,3.5185000000000004,3.5243,1984-05-01
1984-05-03,799.3,3.522,3.5185000000000004,1984-05-02
1984-05-04,798.3,3.5316,3.522,1984-05-03
1984-05-07,798.3,3.5145,3.5316,1984-05-04
1984-05-09,799.3,3.492,3.5145,1984-05-07
1984-05-10,800.0,3.4821,3.492,1984-05-09
1984-05-11,800.4,3.4869,3.4821,1984-05-10
1984-05-14,800.6,3.4753,3.4869,1984-05-11
1984-05-15,801.0,3.4638,3.4753,1984-05-14
1984-05-16,800.1,3.4652,3.4638,1984-05-15
1984-05-17,799.1,3.4564,3.4652,1984-05-16
1984-05-18,800.1,3.4351,3.4564,1984-05-17
1984-05-21,801.1,3.4360000000000004,3.4351,1984-05-18
1984-05-22,801.1,3.4272000000000005,3.4360000000000004,1984-05-21
1984-05-23,800.1,3.4354,3.4272000000000005,1984-05-22
1984-05-24,799.2,3.4386,3.4354,1984-05-23
1984-05-25,799.2,3.4673000000000003,3.4386,1984-05-24
1984-05-29,798.2,3.4435,3.4673000000000003,1984-05-25
1984-05-30,799.2,3.4404000000000003,3.4435,1984-05-29
1984-05-31,798.3,3.4507,3.4404000000000003,1984-05-30
1984-06-01,798.5,3.45,3.4507,1984-05-31
1984-06-04,797.5,3.4688999999999997,3.45,1984-06-01
1984-06-05,796.5,3.4706,3.4688999999999997,1984-06-04
1984-06-07,797.5,3.4501999999999997,3.4706,1984-06-05
1984-06-08,798.1,3.4491,3.4501999999999997,1984-06-07
1984-06-11,798.5,3.4477999999999995,3.4491,1984-06-08
1984-06-12,798.6,3.443,3.4477999999999995,1984-06-11
1984-06-13,799.6,3.4407,3.443,1984-06-12
1984-06-14,799.4,3.4435,3.4407,1984-06-13
1984-06-15,798.7,3.4412000000000003,3.4435,1984-06-14
1984-06-18,799.7,3.43,3.4412000000000003,1984-06-15
1984-06-19,800.3,3.4282,3.43,1984-06-18
1984-06-20,800.6,3.4361,3.4282,1984-06-19
1984-06-21,801.6,3.425,3.4361,1984-06-20
1984-06-22,802.6,3.4219,3.425,1984-06-21
1984-06-25,803.3,3.3985000000000003,3.4219,1984-06-22
1984-06-26,804.3,3.378,3.3985000000000003,1984-06-25
1984-06-27,803.3,3.3967,3.378,1984-06-26
1984-06-28,803.3,3.3794999999999997,3.3967,1984-06-27
1984-06-29,804.3,3.393,3.3794999999999997,1984-06-28
1984-07-02,803.4,3.3856,3.393,1984-06-29
1984-07-03,804.4,3.3693,3.3856,1984-07-02
1984-07-04,805.4,3.3594,3.3693,1984-07-03
1984-07-05,805.5,3.3593,3.3594,1984-07-04
1984-07-06,806.5,3.3514,3.3593,1984-07-05
1984-07-09,807.2,3.3438999999999997,3.3514,1984-07-06
1984-07-10,808.2,3.3522000000000003,3.3438999999999997,1984-07-09
1984-07-11,808.0,3.3354000000000004,3.3522000000000003,1984-07-10
1984-07-12,809.0,3.3341000000000003,3.3354000000000004,1984-07-11
1984-07-13,809.7,3.3376,3.3341000000000003,1984-07-12
1984-07-16,808.7,3.3480000000000003,3.3376,1984-07-13
1984-07-18,809.1,3.3324000000000003,3.3480000000000003,1984-07-16
1984-07-19,810.1,3.3235,3.3324000000000003,1984-07-18
1984-07-20,810.1,3.3304,3.3235,1984-07-19
1984-07-23,811.1,3.3046,3.3304,1984-07-20
1984-07-24,812.1,3.2851999999999997,3.3046,1984-07-23
1984-07-25,811.7,3.301,3.2851999999999997,1984-07-24
1984-07-26,810.7,3.3219,3.301,1984-07-25
1984-07-27,809.7,3.3104,3.3219,1984-07-26
1984-07-30,810.7,3.2801,3.3104,1984-07-27
1984-07-31,811.4,3.3024,3.2801,1984-07-30
1984-08-01,812.0,3.2888,3.3024,1984-07-31
1984-08-02,811.7,3.3294,3.2888,1984-08-01
1984-08-03,810.9,3.3163,3.3294,1984-08-02
1984-08-06,809.9,3.3561,3.3163,1984-08-03
1984-08-07,810.2,3.3363,3.3561,1984-08-06
1984-08-08,811.2,3.3131,3.3363,1984-08-07
1984-08-09,810.2,3.3276999999999997,3.3131,1984-08-08
1984-08-10,809.2,3.3480000000000003,3.3276999999999997,1984-08-09
1984-08-13,808.2,3.3198000000000003,3.3480000000000003,1984-08-10
1984-08-14,809.2,3.3407,3.3198000000000003,1984-08-13
1984-08-16,808.2,3.3605,3.3407,1984-08-14
1984-08-17,807.9,3.3478,3.3605,1984-08-16
1984-08-20,807.7,3.3522000000000003,3.3478,1984-08-17
1984-08-21,808.6,3.349,3.3522000000000003,1984-08-20
1984-08-22,809.6,3.3379000000000003,3.349,1984-08-21
1984-08-23,808.9,3.3558,3.3379000000000003,1984-08-22
1984-08-24,808.3,3.3547,3.3558,1984-08-23
1984-08-27,808.1,3.3566000000000003,3.3547,1984-08-24
1984-08-28,809.1,3.3454,3.3566000000000003,1984-08-27
1984-08-29,809.2,3.3514999999999997,3.3454,1984-08-28
1984-08-30,808.2,3.3514999999999997,3.3514999999999997,1984-08-29
1984-08-31,808.7,3.3522000000000003,3.3514999999999997,1984-08-30
1984-09-03,809.2,3.3445,3.3522000000000003,1984-08-31
1984-09-04,809.8,3.3377,3.3445,1984-09-03
1984-09-05,810.8,3.3188999999999997,3.3377,1984-09-04
1984-09-06,811.8,3.3149,3.3188999999999997,1984-09-05
1984-09-07,811.6,3.3225,3.3149,1984-09-06
1984-09-11,813.5,3.3009,3.3225,1984-09-07
1984-09-12,813.4,3.3194,3.3009,1984-09-11
1984-09-13,813.1,3.3133999999999997,3.3194,1984-09-12
1984-09-14,814.1,3.3175,3.3133999999999997,1984-09-13
1984-09-17,814.1,3.3107,3.3175,1984-09-14
1984-09-18,814.4,3.2886,3.3107,1984-09-17
1984-09-19,815.4,3.3275,3.2886,1984-09-18
1984-09-20,814.8,3.3163,3.3275,1984-09-19
1984-09-21,815.8,3.2942,3.3163,1984-09-20
1984-09-24,816.3,3.3407,3.2942,1984-09-21
1984-09-25,815.3,3.3339,3.3407,1984-09-24
1984-09-26,814.3,3.3108999999999997,3.3339,1984-09-25
1984-09-27,815.3,3.3207,3.3108999999999997,1984-09-26
1984-09-28,814.3,3.323,3.3207,1984-09-27
1984-10-02,816.2,3.3132,3.323,1984-09-28
1984-10-04,815.2,3.3051,3.3132,1984-10-02
1984-10-05,816.2,3.3206,3.3051,1984-10-04
1984-10-08,816.7,3.3092,3.3206,1984-10-05
1984-10-10,817.7,3.3051999999999997,3.3092,1984-10-08
1984-10-11,818.7,3.3073,3.3051999999999997,1984-10-10
1984-10-12,819.7,3.298,3.3073,1984-10-11
1984-10-15,819.0,3.3057999999999996,3.298,1984-10-12
1984-10-16,820.0,3.2912,3.3057999999999996,1984-10-15
1984-10-17,820.6,3.201,3.2912,1984-10-16
1984-10-18,819.6,3.2857,3.201,1984-10-17
1984-10-19,820.2,3.3026,3.2857,1984-10-18
1984-10-22,819.2,3.312,3.3026,1984-10-19
1984-10-23,819.2,3.3133,3.312,1984-10-22
1984-10-24,818.2,3.3554000000000004,3.3133,1984-10-23
1984-10-25,817.2,3.3503,3.3554000000000004,1984-10-24
1984-10-26,816.4,3.3446,3.3503,1984-10-25
1984-10-29,817.4,3.3215,3.3446,1984-10-26
1984-10-30,818.4,3.3194999999999997,3.3215,1984-10-29
1984-10-31,817.4,3.3342,3.3194999999999997,1984-10-30
1984-11-01,816.4,3.3303,3.3342,1984-10-31
1984-11-02,815.4,3.3412,3.3303,1984-11-01
1984-11-05,814.4,3.3681,3.3412,1984-11-02
1984-11-06,813.6,3.3627,3.3681,1984-11-05
1984-11-07,814.0,3.3654,3.3627,1984-11-06
1984-11-08,813.0,3.3918,3.3654,1984-11-07
1984-11-09,814.0,3.3812,3.3918,1984-11-08
1984-11-12,815.0,3.3838999999999997,3.3812,1984-11-09
1984-11-13,814.8,3.3827,3.3838999999999997,1984-11-12
1984-11-14,814.4,3.3716000000000004,3.3827,1984-11-13
1984-11-15,814.8,3.3649,3.3716000000000004,1984-11-14
1984-11-16,815.8,3.3566000000000003,3.3649,1984-11-15
1984-11-19,815.9,3.3597,3.3566000000000003,1984-11-16
1984-11-20,816.9,3.3501,3.3597,1984-11-19
1984-11-21,817.9,3.3405,3.3501,1984-11-20
1984-11-22,818.9,3.3555,3.3405,1984-11-21
1984-11-23,818.7,3.3526,3.3555,1984-11-22
1984-11-27,820.7,3.3376,3.3526,1984-11-23
1984-11-28,820.0,3.3408999999999995,3.3376,1984-11-27
1984-11-29,821.0,3.3429,3.3408999999999995,1984-11-28
1984-11-30,821.1,3.3345,3.3429,1984-11-29
1984-12-04,823.1,3.3276999999999997,3.3345,1984-11-30
1984-12-05,822.1,3.3372,3.3276999999999997,1984-12-04
1984-12-06,821.5,3.3206,3.3372,1984-12-05
1984-12-07,821.6,3.3331,3.3206,1984-12-06
1984-12-10,822.1,3.321,3.3331,1984-12-07
1984-12-11,822.7,3.3288,3.321,1984-12-10
1984-12-12,822.5,3.3280000000000003,3.3288,1984-12-11
1984-12-13,822.8,3.3279,3.3280000000000003,1984-12-12
1984-12-14,823.1,3.3247000000000004,3.3279,1984-12-13
1984-12-17,823.7,3.3268,3.3247000000000004,1984-12-14
1984-12-18,823.5,3.3267,3.3268,1984-12-17
1984-12-19,822.9,3.335,3.3267,1984-12-18
1984-12-20,823.8,3.3238,3.335,1984-12-19
1984-12-21,824.8,3.3251,3.3238,1984-12-20
1984-12-24,825.0,3.3287,3.3251,1984-12-21
1984-12-26,825.0,3.3273,3.3287,1984-12-24
1984-12-27,826.0,3.3093,3.3273,1984-12-26
1984-12-28,827.0,3.3046,3.3093,1984-12-27
1984-12-31,827.4,3.3057,3.3046,1984-12-28
1985-01-04,828.4,3.2847000000000004,3.3057,1984-12-31
1985-01-07,829.2,3.272,3.2847000000000004,1985-01-04
1985-01-08,830.2,3.2666000000000004,3.272,1985-01-07
1985-01-09,829.2,3.2582,3.2666000000000004,1985-01-08
1985-01-10,830.2,3.2621,3.2582,1985-01-09
1985-01-11,829.2,3.2685000000000004,3.2621,1985-01-10
1985-01-14,830.2,3.2628,3.2685000000000004,1985-01-11
1985-01-15,831.2,3.2552,3.2628,1985-01-14
1985-01-16,832.2,3.2655000000000003,3.2552,1985-01-15
1985-01-17,831.6,3.2647000000000004,3.2655000000000003,1985-01-16
1985-01-18,831.2,3.2686,3.2647000000000004,1985-01-17
1985-01-21,830.4,3.2713,3.2686,1985-01-18
1985-01-22,830.1,3.2758999999999996,3.2713,1985-01-21
1985-01-23,830.1,3.2659,3.2758999999999996,1985-01-22
1985-01-24,830.8,3.2682,3.2659,1985-01-23
1985-01-25,830.5,3.273,3.2682,1985-01-24
1985-01-28,830.3,3.267,3.273,1985-01-25
1985-01-29,830.8,3.2695999999999996,3.267,1985-01-28
1985-01-30,830.6,3.2670999999999997,3.2695999999999996,1985-01-29
1985-01-31,830.6,3.2631,3.2670999999999997,1985-01-30
1985-02-01,831.2,3.252,3.2631,1985-01-31
1985-02-04,832.2,3.2338,3.252,1985-02-01
1985-02-05,833.2,3.2089999999999996,3.2338,1985-02-04
1985-02-06,833.9,3.2129000000000003,3.2089999999999996,1985-02-05
1985-02-07,834.6,3.2057,3.2129000000000003,1985-02-06
1985-02-08,835.1,3.2039999999999997,3.2057,1985-02-07
1985-02-11,835.3,3.2097,3.2039999999999997,1985-02-08
1985-02-13,836.3,3.1784,3.2097,1985-02-11
1985-02-14,836.9,3.1888,3.1784,1985-02-13
1985-02-15,835.9,3.2157,3.1888,1985-02-14
1985-02-18,834.9,3.2670999999999997,3.2157,1985-02-15
1985-02-19,836.9,3.2195,3.2670999999999997,1985-02-18
1985-02-21,838.9,3.2112,3.2195,1985-02-19
1985-02-22,839.9,3.2125,3.2112,1985-02-21
1985-02-25,841.9,3.1994,3.2125,1985-02-22
1985-02-26,843.9,3.2167000000000003,3.1994,1985-02-25
1985-02-27,843.8,3.2411000000000003,3.2167000000000003,1985-02-26
1985-02-28,842.8,3.2519,3.2411000000000003,1985-02-27
1985-03-04,844.8,3.2489999999999997,3.2519,1985-02-28
1985-03-05,845.4,3.2478,3.2489999999999997,1985-03-04
1985-03-06,847.4,3.2443,3.2478,1985-03-05
1985-03-07,847.4,3.2521,3.2443,1985-03-06
1985-03-08,847.5,3.2391,3.2521,1985-03-07
1985-03-11,847.4,3.2495999999999996,3.2391,1985-03-08
1985-03-12,846.4,3.2714999999999996,3.2495999999999996,1985-03-11
1985-03-13,847.2,3.2501,3.2714999999999996,1985-03-12
1985-03-14,847.0,3.2552,3.2501,1985-03-13
1985-03-15,849.3,3.2622000000000004,3.2552,1985-03-14
1985-03-18,851.3,3.2611000000000003,3.2622000000000004,1985-03-15
1985-03-19,850.8,3.2806,3.2611000000000003,1985-03-18
1985-03-20,850.3,3.3503,3.2806,1985-03-19
1985-03-21,851.2,3.3079,3.3503,1985-03-20
1985-03-22,850.7,3.3335000000000004,3.3079,1985-03-21
1985-03-25,850.2,3.3267,3.3335000000000004,1985-03-22
1985-03-26,852.1,3.3166,3.3267,1985-03-25
1985-03-27,851.8,3.3352,3.3166,1985-03-26
1985-03-28,851.3,3.3539,3.3352,1985-03-27
1985-03-29,850.8,3.3606,3.3539,1985-03-28
1985-04-01,850.3,3.3945,3.3606,1985-03-29
1985-04-02,852.8,3.3720999999999997,3.3945,1985-04-01
1985-04-03,855.8,3.3843,3.3720999999999997,1985-04-02
1985-04-04,855.3,3.3727,3.3843,1985-04-03
1985-04-08,858.0,3.3674,3.3727,1985-04-04
1985-04-09,860.0,3.3766000000000003,3.3674,1985-04-08
1985-04-10,859.7,3.3761,3.3766000000000003,1985-04-09
1985-04-11,859.2,3.3794,3.3761,1985-04-10
1985-04-12,858.7,3.4218,3.3794,1985-04-11
1985-04-15,858.2,3.4164999999999996,3.4218,1985-04-12
1985-04-16,857.7,3.424,3.4164999999999996,1985-04-15
1985-04-17,857.2,3.4426,3.424,1985-04-16
1985-04-18,858.7,3.4318,3.4426,1985-04-17
1985-04-19,858.3,3.4757,3.4318,1985-04-18
1985-04-22,857.8,3.4652,3.4757,1985-04-19
1985-04-23,859.8,3.4468,3.4652,1985-04-22
1985-04-24,863.4,3.4454,3.4468,1985-04-23
1985-04-25,864.4,3.4473000000000003,3.4454,1985-04-24
1985-04-26,865.4,3.4252999999999996,3.4473000000000003,1985-04-25
1985-04-29,866.4,3.4232,3.4252999999999996,1985-04-26
1985-04-30,865.9,3.4355,3.4232,1985-04-29
1985-05-01,865.5,3.4301999999999997,3.4355,1985-04-30
1985-05-02,866.5,3.4364999999999997,3.4301999999999997,1985-05-01
1985-05-03,867.5,3.4296,3.4364999999999997,1985-05-02
1985-05-06,868.5,3.4106,3.4296,1985-05-03
1985-05-07,869.5,3.4095,3.4106,1985-05-06
1985-05-08,869.0,3.4328,3.4095,1985-05-07
1985-05-09,868.8,3.4402,3.4328,1985-05-08
1985-05-10,868.3,3.4423000000000004,3.4402,1985-05-09
1985-05-13,868.2,3.446,3.4423000000000004,1985-05-10
1985-05-14,867.7,3.4632,3.446,1985-05-13
1985-05-15,867.2,3.4677999999999995,3.4632,1985-05-14
1985-05-16,868.2,3.4673000000000003,3.4677999999999995,1985-05-15
1985-05-17,869.2,3.4544,3.4673000000000003,1985-05-16
1985-05-20,868.7,3.4651,3.4544,1985-05-17
1985-05-21,868.2,3.4676,3.4651,1985-05-20
1985-05-22,869.1,3.4744,3.4676,1985-05-21
1985-05-23,870.1,3.4644999999999997,3.4744,1985-05-22
1985-05-24,871.1,3.4671,3.4644999999999997,1985-05-23
1985-05-28,870.6,3.4693,3.4671,1985-05-24
1985-05-29,871.6,3.4663,3.4693,1985-05-28
1985-05-30,871.5,3.4652999999999996,3.4663,1985-05-29
1985-05-31,871.0,3.4612,3.4652999999999996,1985-05-30
1985-06-03,870.9,3.4753,3.4612,1985-05-31
1985-06-04,870.4,3.502,3.4753,1985-06-03
1985-06-05,871.4,3.4905,3.502,1985-06-04
1985-06-07,871.3,3.5042,3.4905,1985-06-05
1985-06-10,872.3,3.4941000000000004,3.5042,1985-06-07
1985-06-11,873.3,3.4926,3.4941000000000004,1985-06-10
1985-06-12,873.1,3.4945,3.4926,1985-06-11
1985-06-13,872.9,3.4930000000000003,3.4945,1985-06-12
1985-06-14,873.3,3.5038,3.4930000000000003,1985-06-13
1985-06-17,872.8,3.5074,3.5038,1985-06-14
1985-06-18,873.4,3.5132999999999996,3.5074,1985-06-17
1985-06-19,872.9,3.5412,3.5132999999999996,1985-06-18
1985-06-20,872.4,3.5213,3.5412,1985-06-19
1985-06-21,873.4,3.5162,3.5213,1985-06-20
1985-06-24,874.4,3.5273000000000003,3.5162,1985-06-21
1985-06-25,874.2,3.5214999999999996,3.5273000000000003,1985-06-24
1985-06-26,874.1,3.5126,3.5214999999999996,1985-06-25
1985-06-27,874.1,3.5119,3.5126,1985-06-26
1985-06-28,874.0,3.5126,3.5119,1985-06-27
1985-07-01,873.8,3.5163,3.5126,1985-06-28
1985-07-02,873.3,3.5193,3.5163,1985-07-01
1985-07-03,874.3,3.5239999999999996,3.5193,1985-07-02
1985-07-04,874.0,3.5257,3.5239999999999996,1985-07-03
1985-07-05,873.9,3.5285,3.5257,1985-07-04
1985-07-08,873.4,3.5382,3.5285,1985-07-05
1985-07-09,872.9,3.5483999999999996,3.5382,1985-07-08
1985-07-10,872.4,3.5688999999999997,3.5483999999999996,1985-07-09
1985-07-11,872.2,3.5761000000000003,3.5688999999999997,1985-07-10
1985-07-12,873.2,3.5927,3.5761000000000003,1985-07-11
1985-07-15,873.0,3.6383,3.5927,1985-07-12
1985-07-16,872.8,3.696,3.6383,1985-07-15
1985-07-18,872.6,3.6726,3.696,1985-07-16
1985-07-19,873.2,3.6632,3.6726,1985-07-18
1985-07-22,874.7,3.666,3.6632,1985-07-19
1985-07-23,876.0,3.6669,3.666,1985-07-22
1985-07-24,875.8,3.6637,3.6669,1985-07-23
1985-07-25,877.0,3.6726,3.6637,1985-07-24
1985-07-26,876.9,3.6687,3.6726,1985-07-25
1985-07-29,876.7,3.6899,3.6687,1985-07-26
1985-07-30,876.5,3.6839,3.6899,1985-07-29
1985-07-31,876.3,3.7014,3.6839,1985-07-30
1985-08-01,876.1,3.7131,3.7014,1985-07-31
1985-08-02,878.2,3.688,3.7131,1985-08-01
1985-08-05,880.6,3.7145,3.688,1985-08-02
1985-08-06,880.4,3.7062,3.7145,1985-08-05
1985-08-07,882.7,3.6988,3.7062,1985-08-06
1985-08-08,884.1,3.7039,3.6988,1985-08-07
1985-08-09,883.9,3.7073,3.7039,1985-08-08
1985-08-12,883.7,3.7185,3.7073,1985-08-09
1985-08-13,883.5,3.7358,3.7185,1985-08-12
1985-08-14,883.3,3.7208,3.7358,1985-08-13
1985-08-16,883.1,3.7298,3.7208,1985-08-14
1985-08-19,882.9,3.7285,3.7298,1985-08-16
1985-08-20,882.9,3.7301,3.7285,1985-08-19
1985-08-21,883.4,3.7235,3.7301,1985-08-20
1985-08-22,883.6,3.7386,3.7235,1985-08-21
1985-08-23,883.4,3.733,3.7386,1985-08-22
1985-08-26,883.6,3.7362,3.733,1985-08-23
1985-08-27,884.6,3.7365,3.7362,1985-08-26
1985-08-28,884.8,3.7329,3.7365,1985-08-27
1985-08-29,884.6,3.7341,3.7329,1985-08-28
1985-08-30,885.0,3.7321,3.7341,1985-08-29
1985-09-02,886.8,3.7097,3.7321,1985-08-30
1985-09-03,888.8,3.7271,3.7097,1985-09-02
1985-09-04,890.6,3.714,3.7271,1985-09-03
1985-09-05,890.6,3.7179,3.714,1985-09-04
1985-09-06,891.4,3.7011,3.7179,1985-09-05
1985-09-09,891.9,3.6833,3.7011,1985-09-06
1985-09-10,892.4,3.6642,3.6833,1985-09-09
1985-09-11,892.2,3.6679,3.6642,1985-09-10
1985-09-12,892.0,3.658,3.6679,1985-09-11
1985-09-13,892.5,3.6676,3.658,1985-09-12
1985-09-16,892.3,3.6937,3.6676,1985-09-13
1985-09-17,892.1,3.6994,3.6937,1985-09-16
1985-09-18,891.9,3.6902,3.6994,1985-09-17
1985-09-19,892.4,3.677799999999999,3.6902,1985-09-18
1985-09-20,892.2,3.6876,3.677799999999999,1985-09-19
1985-09-23,892.0,3.7346,3.6876,1985-09-20
1985-09-24,891.8,3.9356,3.7346,1985-09-23
1985-09-25,892.3,3.8855,3.9356,1985-09-24
1985-09-26,892.1,3.9456,3.8855,1985-09-25
1985-09-27,891.9,4.034,3.9456,1985-09-26
1985-09-30,891.7,4.0848,4.034,1985-09-27
1985-10-02,891.5,4.1816,4.0848,1985-09-30
1985-10-04,891.3,4.1964,4.1816,1985-10-02
1985-10-07,891.1,4.166,4.1964,1985-10-04
1985-10-08,891.6,4.132099999999999,4.166,1985-10-07
1985-10-10,891.4,4.1231,4.132099999999999,1985-10-08
1985-10-11,891.9,4.135400000000001,4.1231,1985-10-10
1985-10-14,891.8,4.148,4.135400000000001,1985-10-11
1985-10-15,892.0,4.1421,4.148,1985-10-14
1985-10-16,892.4,4.1344,4.1421,1985-10-15
1985-10-17,892.9,4.1257,4.1344,1985-10-16
1985-10-18,892.7,4.154100000000001,4.1257,1985-10-17
1985-10-21,892.5,4.154599999999999,4.154100000000001,1985-10-18
1985-10-22,892.4,4.1344,4.154599999999999,1985-10-21
1985-10-23,892.9,4.1406,4.1344,1985-10-22
1985-10-24,892.9,4.1348,4.1406,1985-10-23
1985-10-25,893.4,4.1276,4.1348,1985-10-24
1985-10-28,893.1,4.1642,4.1276,1985-10-25
1985-10-29,892.8,4.1876999999999995,4.1642,1985-10-28
1985-10-30,892.5,4.207,4.1876999999999995,1985-10-29
1985-10-31,892.2,4.2006,4.207,1985-10-30
1985-11-01,891.9,4.2311000000000005,4.2006,1985-10-31
1985-11-04,891.6,4.2753,4.2311000000000005,1985-11-01
1985-11-05,891.3,4.2862,4.2753,1985-11-04
1985-11-06,891.8,4.3072,4.2862,1985-11-05
1985-11-07,891.5,4.3659,4.3072,1985-11-06
1985-11-08,891.2,4.3252,4.3659,1985-11-07
1985-11-11,891.7,4.3477,4.3252,1985-11-08
1985-11-12,892.2,4.3353,4.3477,1985-11-11
1985-11-13,891.8,4.3556,4.3353,1985-11-12
1985-11-14,891.4,4.3557999999999995,4.3556,1985-11-13
1985-11-15,891.0,4.4033,4.3557999999999995,1985-11-14
1985-11-18,891.5,4.3691,4.4033,1985-11-15
1985-11-19,891.2,4.3794,4.3691,1985-11-18
1985-11-20,890.8,4.3828,4.3794,1985-11-19
1985-11-21,890.9,4.393,4.3828,1985-11-20
1985-11-22,890.5,4.4293000000000005,4.393,1985-11-21
1985-11-25,890.1,4.4284,4.4293000000000005,1985-11-22
1985-11-26,889.7,4.4253,4.4284,1985-11-25
1985-11-27,890.2,4.4322,4.4253,1985-11-26
1985-11-28,889.8,4.4247000000000005,4.4322,1985-11-27
1985-11-29,889.4,4.4146,4.4247000000000005,1985-11-28
1985-12-02,889.1,4.392799999999999,4.4146,1985-11-29
1985-12-03,889.6,4.3587,4.392799999999999,1985-12-02
1985-12-04,890.1,4.3526,4.3587,1985-12-03
1985-12-05,889.7,4.3947,4.3526,1985-12-04
1985-12-06,890.2,4.3864,4.3947,1985-12-05
1985-12-09,890.5,4.3781,4.3864,1985-12-06
1985-12-10,891.0,4.3806,4.3781,1985-12-09
1985-12-11,891.5,4.3734,4.3806,1985-12-10
1985-12-12,892.0,4.379,4.3734,1985-12-11
1985-12-13,891.6,4.4085,4.379,1985-12-12
1985-12-16,891.5,4.3949,4.4085,1985-12-13
1985-12-17,891.4,4.408,4.3949,1985-12-16
1985-12-18,891.0,4.4109,4.408,1985-12-17
1985-12-19,891.5,4.3863,4.4109,1985-12-18
1985-12-20,891.8,4.390899999999999,4.3863,1985-12-19
1985-12-23,891.4,4.4009,4.390899999999999,1985-12-20
1985-12-24,891.1,4.3995,4.4009,1985-12-23
1985-12-26,891.1,4.3973,4.3995,1985-12-24
1985-12-27,891.0,4.394,4.3973,1985-12-26
1985-12-30,890.6,4.4111,4.394,1985-12-27
1985-12-31,890.2,4.4366,4.4111,1985-12-30
1986-01-06,890.7,4.3807,4.4366,1985-12-31
1986-01-07,890.3,4.4173,4.3807,1986-01-06
1986-01-08,889.9,4.412,4.4173,1986-01-07
1986-01-09,890.4,4.3938,4.412,1986-01-08
1986-01-10,890.9,4.4203,4.3938,1986-01-09
1986-01-13,890.8,4.398,4.4203,1986-01-10
1986-01-14,891.3,4.396100000000001,4.398,1986-01-13
1986-01-15,891.3,4.3938999999999995,4.396100000000001,1986-01-14
1986-01-16,890.9,4.4028,4.3938999999999995,1986-01-15
1986-01-17,890.5,4.3976,4.4028,1986-01-16
1986-01-20,891.0,4.4055,4.3976,1986-01-17
1986-01-21,891.5,4.4058,4.4055,1986-01-20
1986-01-22,891.3,4.4004,4.4058,1986-01-21
1986-01-23,891.0,4.415299999999999,4.4004,1986-01-22
1986-01-24,890.7,4.4171,4.415299999999999,1986-01-23
1986-01-27,890.3,4.5199,4.4171,1986-01-24
1986-01-28,889.9,4.5625,4.5199,1986-01-27
1986-01-29,889.5,4.5581,4.5625,1986-01-28
1986-01-30,889.1,4.5889,4.5581,1986-01-29
1986-01-31,888.7,4.6167,4.5889,1986-01-30
1986-02-03,888.3,4.6375,4.6167,1986-01-31
1986-02-04,888.0,4.654100000000001,4.6375,1986-02-03
1986-02-05,888.5,4.6325,4.654100000000001,1986-02-04
1986-02-06,888.1,4.6547,4.6325,1986-02-05
1986-02-07,887.7,4.6489,4.6547,1986-02-06
1986-02-10,887.8,4.658,4.6489,1986-02-07
1986-02-11,887.4,4.7366,4.658,1986-02-10
1986-02-12,887.0,4.7345,4.7366,1986-02-11
1986-02-13,886.6,4.755199999999999,4.7345,1986-02-12
1986-02-14,886.2,4.8693,4.755199999999999,1986-02-13
1986-02-17,885.8,4.8899,4.8693,1986-02-14
1986-02-18,885.4,4.9087,4.8899,1986-02-17
1986-02-19,885.6,4.9475,4.9087,1986-02-18
1986-02-20,885.2,4.9042,4.9475,1986-02-19
1986-02-21,884.8,4.9149,4.9042,1986-02-20
1986-02-25,884.9,4.8809,4.9149,1986-02-21
1986-02-26,884.5,4.8814,4.8809,1986-02-25
1986-02-27,884.2,4.877,4.8814,1986-02-26
1986-02-28,883.8,4.904599999999999,4.877,1986-02-27
1986-03-03,884.3,4.9081,4.904599999999999,1986-02-28
1986-03-04,884.2,4.9314,4.9081,1986-03-03
1986-03-05,883.8,4.9265,4.9314,1986-03-04
1986-03-06,884.3,4.8796,4.9265,1986-03-05
1986-03-07,884.8,4.9279,4.8796,1986-03-06
1986-03-11,884.9,4.908,4.9279,1986-03-07
1986-03-12,884.7,4.9233,4.908,1986-03-11
1986-03-13,884.3,4.906000000000001,4.9233,1986-03-12
1986-03-14,884.8,4.9348,4.906000000000001,1986-03-13
1986-03-17,884.4,5.0016,4.9348,1986-03-14
1986-03-18,884.0,5.05,5.0016,1986-03-17
1986-03-19,883.6,5.0377,5.05,1986-03-18
1986-03-20,884.1,4.9978,5.0377,1986-03-19
1986-03-21,883.7,5.0168,4.9978,1986-03-20
1986-03-24,883.6,5.0176,5.0168,1986-03-21
1986-03-25,884.1,4.9227,5.0176,1986-03-24
1986-03-26,884.6,4.905,4.9227,1986-03-25
1986-03-27,885.1,4.92,4.905,1986-03-26
1986-03-28,884.7,4.9246,4.92,1986-03-27
1986-03-31,885.2,4.9233,4.9246,1986-03-28
1986-04-01,884.8,4.9848,4.9233,1986-03-31
1986-04-02,885.3,4.959,4.9848,1986-04-01
1986-04-03,885.8,4.9225,4.959,1986-04-02
1986-04-04,886.3,4.9308,4.9225,1986-04-03
1986-04-07,886.8,4.9137,4.9308,1986-04-04
1986-04-08,887.3,4.854,4.9137,1986-04-07
1986-04-09,886.9,4.9355,4.854,1986-04-08
1986-04-10,886.5,4.9237,4.9355,1986-04-09
1986-04-11,886.1,4.9851,4.9237,1986-04-10
1986-04-14,885.7,4.9633,4.9851,1986-04-11
1986-04-15,886.2,4.9592,4.9633,1986-04-14
1986-04-16,886.5,4.9719999999999995,4.9592,1986-04-15
1986-04-17,886.1,5.0333,4.9719999999999995,1986-04-16
1986-04-18,885.7,5.031000000000001,5.0333,1986-04-17
1986-04-21,885.3,5.0792,5.031000000000001,1986-04-18
1986-04-22,884.9,5.1794,5.0792,1986-04-21
1986-04-23,884.5,5.2353,5.1794,1986-04-22
1986-04-24,884.1,5.272,5.2353,1986-04-23
1986-04-25,884.5,5.2493,5.272,1986-04-24
1986-04-28,885.0,5.2836,5.2493,1986-04-25
1986-04-29,884.6,5.2860000000000005,5.2836,1986-04-28
1986-04-30,885.1,5.266900000000001,5.2860000000000005,1986-04-29
1986-05-01,885.6,5.2473,5.266900000000001,1986-04-30
1986-05-02,886.1,5.2124,5.2473,1986-05-01
1986-05-06,886.2,5.3596,5.2124,1986-05-02
1986-05-07,886.7,5.3481,5.3596,1986-05-06
1986-05-08,886.3,5.406000000000001,5.3481,1986-05-07
1986-05-09,885.9,5.389600000000001,5.406000000000001,1986-05-08
1986-05-12,885.5,5.438400000000001,5.389600000000001,1986-05-09
1986-05-13,885.1,5.513,5.438400000000001,1986-05-12
1986-05-14,885.6,5.419,5.513,1986-05-13
1986-05-15,886.1,5.4196,5.419,1986-05-14
1986-05-19,886.6,5.317,5.4196,1986-05-15
1986-05-20,887.1,5.3184000000000005,5.317,1986-05-19
1986-05-21,887.6,5.2724,5.3184000000000005,1986-05-20
1986-05-22,888.1,5.2379999999999995,5.2724,1986-05-21
1986-05-23,888.6,5.2379,5.2379999999999995,1986-05-22
1986-05-26,889.1,5.239299999999999,5.2379,1986-05-23
1986-05-27,889.1,5.239299999999999,5.239299999999999,1986-05-26
1986-05-28,889.2,5.2647,5.239299999999999,1986-05-27
1986-05-29,888.8,5.245299999999999,5.2647,1986-05-28
1986-05-30,889.3,5.1628,5.245299999999999,1986-05-29
1986-06-02,889.8,5.0934,5.1628,1986-05-30
1986-06-03,890.3,5.0802,5.0934,1986-06-02
1986-06-04,889.8,5.1929,5.0802,1986-06-03
1986-06-05,889.3,5.1991,5.1929,1986-06-04
1986-06-09,888.8,5.315,5.1991,1986-06-05
1986-06-10,889.3,5.279400000000001,5.315,1986-06-09
1986-06-11,888.8,5.3111,5.279400000000001,1986-06-10
1986-06-12,888.3,5.348,5.3111,1986-06-11
1986-06-13,887.8,5.364400000000001,5.348,1986-06-12
1986-06-16,888.3,5.3772,5.364400000000001,1986-06-13
1986-06-17,887.8,5.340199999999999,5.3772,1986-06-16
1986-06-18,888.3,5.2890999999999995,5.340199999999999,1986-06-17
1986-06-19,887.8,5.3274,5.2890999999999995,1986-06-18
1986-06-20,888.1,5.3247,5.3274,1986-06-19
1986-06-23,888.6,5.2846,5.3247,1986-06-20
1986-06-24,888.2,5.3523000000000005,5.2846,1986-06-23
1986-06-25,887.7,5.3283000000000005,5.3523000000000005,1986-06-24
1986-06-26,887.2,5.331799999999999,5.3283000000000005,1986-06-25
1986-06-27,887.1,5.3488999999999995,5.331799999999999,1986-06-26
1986-06-30,886.6,5.362,5.3488999999999995,1986-06-27
1986-07-01,886.1,5.4379,5.362,1986-06-30
1986-07-02,885.6,5.4232000000000005,5.4379,1986-07-01
1986-07-03,885.6,5.4415,5.4232000000000005,1986-07-02
1986-07-04,885.1,5.495900000000001,5.4415,1986-07-03
1986-07-07,884.6,5.5071,5.495900000000001,1986-07-04
1986-07-08,885.1,5.4552,5.5071,1986-07-07
1986-07-09,884.6,5.5375,5.4552,1986-07-08
1986-07-10,885.0,5.5329999999999995,5.5375,1986-07-09
1986-07-11,885.2,5.5308,5.5329999999999995,1986-07-10
1986-07-14,885.7,5.4792,5.5308,1986-07-11
1986-07-15,885.6,5.5454,5.4792,1986-07-14
1986-07-16,885.1,5.579,5.5454,1986-07-15
1986-07-18,884.6,5.6415999999999995,5.579,1986-07-16
1986-07-21,884.5,5.6645,5.6415999999999995,1986-07-18
1986-07-22,884.0,5.7033000000000005,5.6645,1986-07-21
1986-07-23,884.1,5.6874,5.7033000000000005,1986-07-22
1986-07-24,884.6,5.6651,5.6874,1986-07-23
1986-07-25,885.1,5.6538,5.6651,1986-07-24
1986-07-29,885.0,5.693200000000001,5.6538,1986-07-25
1986-07-30,885.4,5.6648000000000005,5.693200000000001,1986-07-29
1986-07-31,885.0,5.6876999999999995,5.6648000000000005,1986-07-30
1986-08-01,884.4,5.7522,5.6876999999999995,1986-07-31
1986-08-04,883.8,5.739,5.7522,1986-08-01
1986-08-05,884.2,5.7323,5.739,1986-08-04
1986-08-06,884.6,5.6925,5.7323,1986-08-05
1986-08-07,884.0,5.7402999999999995,5.6925,1986-08-06
1986-08-08,883.4,5.7326999999999995,5.7402999999999995,1986-08-07
1986-08-11,883.8,5.7446,5.7326999999999995,1986-08-08
1986-08-12,883.2,5.751900000000001,5.7446,1986-08-11
1986-08-13,883.6,5.708099999999999,5.751900000000001,1986-08-12
1986-08-14,882.8,5.730700000000001,5.708099999999999,1986-08-13
1986-08-18,882.2,5.7379,5.730700000000001,1986-08-14
1986-08-19,882.3,5.7126,5.7379,1986-08-18
1986-08-20,881.6,5.771599999999999,5.7126,1986-08-19
1986-08-21,880.7,5.745,5.771599999999999,1986-08-20
1986-08-22,880.8,5.755,5.745,1986-08-21
1986-08-25,880.2,5.7361,5.755,1986-08-22
1986-08-26,880.5,5.7287,5.7361,1986-08-25
1986-08-27,880.9,5.6686000000000005,5.7287,1986-08-26
1986-08-28,881.0,5.6967,5.6686000000000005,1986-08-27
1986-08-29,881.1,5.644500000000001,5.6967,1986-08-28
1986-09-01,880.2,5.7175,5.644500000000001,1986-08-29
1986-09-02,879.3,5.7135,5.7175,1986-09-01
1986-09-03,879.3,5.7078999999999995,5.7135,1986-09-02
1986-09-04,879.5,5.6852,5.7078999999999995,1986-09-03
1986-09-05,879.5,5.6615,5.6852,1986-09-04
1986-09-08,879.8,5.6507000000000005,5.6615,1986-09-05
1986-09-09,880.3,5.6412,5.6507000000000005,1986-09-08
1986-09-10,880.1,5.6536,5.6412,1986-09-09
1986-09-11,879.2,5.6851,5.6536,1986-09-10
1986-09-12,879.7,5.619299999999999,5.6851,1986-09-11
1986-09-15,879.5,5.6633,5.619299999999999,1986-09-12
1986-09-16,878.6,5.6684,5.6633,1986-09-15
1986-09-17,879.1,5.6190999999999995,5.6684,1986-09-16
1986-09-22,878.2,5.7757000000000005,5.6190999999999995,1986-09-17
1986-09-23,878.7,5.7319,5.7757000000000005,1986-09-22
1986-09-24,879.2,5.6815,5.7319,1986-09-23
1986-09-25,878.5,5.699,5.6815,1986-09-24
1986-09-26,878.6,5.6831,5.699,1986-09-25
1986-09-29,878.4,5.68,5.6831,1986-09-26
1986-09-30,877.0,5.7115,5.68,1986-09-29
1986-10-02,877.1,5.699199999999999,5.7115,1986-09-30
1986-10-06,876.6,5.6738,5.699199999999999,1986-10-02
1986-10-07,875.5,5.676799999999999,5.6738,1986-10-06
1986-10-08,875.7,5.6772,5.676799999999999,1986-10-07
1986-10-10,875.6,5.658200000000001,5.6772,1986-10-08
1986-10-14,874.3,5.6689,5.658200000000001,1986-10-10
1986-10-15,874.0,5.6772,5.6689,1986-10-14
1986-10-16,874.1,5.665900000000001,5.6772,1986-10-15
1986-10-17,873.6,5.6627,5.665900000000001,1986-10-16
1986-10-20,873.7,5.6615,5.6627,1986-10-17
1986-10-21,873.8,5.6475,5.6615,1986-10-20
1986-10-22,874.0,5.636,5.6475,1986-10-21
1986-10-23,874.0,5.614299999999999,5.636,1986-10-22
1986-10-24,874.3,5.4902,5.614299999999999,1986-10-23
1986-10-27,874.6,5.4072000000000005,5.4902,1986-10-24
1986-10-28,874.5,5.4486,5.4072000000000005,1986-10-27
1986-10-29,873.1,5.456900000000001,5.4486,1986-10-28
1986-10-30,873.1,5.4552,5.456900000000001,1986-10-29
1986-10-31,873.2,5.416900000000001,5.4552,1986-10-30
1986-11-03,873.5,5.350700000000001,5.416900000000001,1986-10-31
1986-11-04,873.6,5.3301,5.350700000000001,1986-11-03
1986-11-05,872.7,5.318099999999999,5.3301,1986-11-04
1986-11-06,872.6,5.3175,5.318099999999999,1986-11-05
1986-11-07,872.0,5.3448,5.3175,1986-11-06
1986-11-10,871.5,5.3483,5.3448,1986-11-07
1986-11-11,870.1,5.349600000000001,5.3483,1986-11-10
1986-11-12,868.9,5.358,5.349600000000001,1986-11-11
1986-11-13,867.5,5.4101,5.358,1986-11-12
1986-11-14,867.6,5.3914,5.4101,1986-11-13
1986-11-17,867.5,5.3749,5.3914,1986-11-14
1986-11-18,868.0,5.3267999999999995,5.3749,1986-11-17
1986-11-19,868.5,5.3365,5.3267999999999995,1986-11-18
1986-11-20,868.1,5.3471,5.3365,1986-11-19
1986-11-21,868.3,5.3287,5.3471,1986-11-20
1986-11-24,868.8,5.2928,5.3287,1986-11-21
1986-11-25,868.9,5.3014,5.2928,1986-11-24
1986-11-26,867.5,5.353300000000001,5.3014,1986-11-25
1986-11-27,866.5,5.3126999999999995,5.353300000000001,1986-11-26
1986-11-28,866.4,5.3267999999999995,5.3126999999999995,1986-11-27
1986-12-01,865.0,5.3445,5.3267999999999995,1986-11-28
1986-12-02,864.0,5.3252,5.3445,1986-12-01
1986-12-03,864.5,5.3381,5.3252,1986-12-02
1986-12-04,864.8,5.339099999999999,5.3381,1986-12-03
1986-12-05,865.3,5.3086,5.339099999999999,1986-12-04
1986-12-08,865.8,5.3264,5.3086,1986-12-05
1986-12-09,866.3,5.3375,5.3264,1986-12-08
1986-12-10,866.5,5.3283000000000005,5.3375,1986-12-09
1986-12-11,867.0,5.3346,5.3283000000000005,1986-12-10
1986-12-12,866.6,5.3272,5.3346,1986-12-11
1986-12-15,867.1,5.3238,5.3272,1986-12-12
1986-12-16,866.8,5.3048,5.3238,1986-12-15
1986-12-17,867.3,5.2877,5.3048,1986-12-16
1986-12-18,865.9,5.2936000000000005,5.2877,1986-12-17
1986-12-19,864.5,5.3062000000000005,5.2936000000000005,1986-12-18
1986-12-22,863.1,5.3,5.3062000000000005,1986-12-19
1986-12-23,861.7,5.297899999999999,5.3,1986-12-22
1986-12-24,861.6,5.2998,5.297899999999999,1986-12-23
1986-12-26,861.5,5.3443,5.2998,1986-12-24
1986-12-29,861.4,5.390499999999999,5.3443,1986-12-26
1986-12-30,861.3,5.3984000000000005,5.390499999999999,1986-12-29
1986-12-31,861.4,5.3838,5.3984000000000005,1986-12-30
1987-01-05,860.8,5.4342999999999995,5.3838,1986-12-31
1987-01-06,861.1,5.4056,5.4342999999999995,1987-01-05
1987-01-07,860.8,5.424099999999999,5.4056,1987-01-06
1987-01-08,860.6,5.4452,5.424099999999999,1987-01-07
1987-01-09,860.5,5.461799999999999,5.4452,1987-01-08
1987-01-12,860.2,5.434,5.461799999999999,1987-01-09
1987-01-13,859.6,5.4613,5.434,1987-01-12
1987-01-14,859.0,5.5188,5.4613,1987-01-13
1987-01-15,858.4,5.6251999999999995,5.5188,1987-01-14
1987-01-16,857.8,5.6011,5.6251999999999995,1987-01-15
1987-01-19,858.1,5.6012,5.6011,1987-01-16
1987-01-20,857.5,5.6564,5.6012,1987-01-19
1987-01-21,857.9,5.6255999999999995,5.6564,1987-01-20
1987-01-22,858.3,5.5825,5.6255999999999995,1987-01-21
1987-01-23,857.7,5.6465,5.5825,1987-01-22
1987-01-26,857.9,5.6127,5.6465,1987-01-23
1987-01-27,857.8,5.6139,5.6127,1987-01-26
1987-01-28,857.2,5.6731,5.6139,1987-01-27
1987-01-30,856.7,5.6177,5.6731,1987-01-28
1987-02-02,857.2,5.5752999999999995,5.6177,1987-01-30
1987-02-03,856.9,5.6172,5.5752999999999995,1987-02-02
1987-02-04,856.3,5.6188,5.6172,1987-02-03
1987-02-05,856.6,5.6097,5.6188,1987-02-04
1987-02-06,857.0,5.5795,5.6097,1987-02-05
1987-02-09,857.4,5.5514,5.5795,1987-02-06
1987-02-10,856.8,5.6312999999999995,5.5514,1987-02-09
1987-02-11,856.2,5.5834,5.6312999999999995,1987-02-10
1987-02-12,856.4,5.5629,5.5834,1987-02-11
1987-02-13,856.6,5.5624,5.5629,1987-02-12
1987-02-16,856.8,5.58,5.5624,1987-02-13
1987-02-17,856.2,5.5824,5.58,1987-02-16
1987-02-18,855.9,5.5796,5.5824,1987-02-17
1987-02-19,856.2,5.563400000000001,5.5796,1987-02-18
1987-02-20,856.5,5.5708,5.563400000000001,1987-02-19
1987-02-23,855.9,5.5741,5.5708,1987-02-20
1987-02-24,855.7,5.5674,5.5741,1987-02-23
1987-02-25,855.8,5.5671,5.5674,1987-02-24
1987-02-26,855.1,5.5752999999999995,5.5671,1987-02-25
1987-02-27,854.7,5.587000000000001,5.5752999999999995,1987-02-26
1987-03-02,854.8,5.5797,5.587000000000001,1987-02-27
1987-03-03,854.9,5.5624,5.5797,1987-03-02
1987-03-04,855.0,5.5685,5.5624,1987-03-03
1987-03-05,855.0,5.5601,5.5685,1987-03-04
1987-03-06,855.1,5.5762,5.5601,1987-03-05
1987-03-09,854.6,5.5611,5.5762,1987-03-06
1987-03-11,854.8,5.560599999999999,5.5611,1987-03-09
1987-03-12,854.4,5.5598,5.560599999999999,1987-03-11
1987-03-13,854.2,5.569400000000001,5.5598,1987-03-12
1987-03-16,853.6,5.6011,5.569400000000001,1987-03-13
1987-03-17,852.7,5.6275,5.6011,1987-03-16
1987-03-18,851.8,5.6114,5.6275,1987-03-17
1987-03-19,851.9,5.61,5.6114,1987-03-18
1987-03-20,851.0,5.62,5.61,1987-03-19
1987-03-23,850.3,5.618099999999999,5.62,1987-03-20
1987-03-24,849.4,5.6617999999999995,5.618099999999999,1987-03-23
1987-03-25,848.5,5.6909,5.6617999999999995,1987-03-24
1987-03-26,848.6,5.682,5.6909,1987-03-25
1987-03-27,848.7,5.677899999999999,5.682,1987-03-26
1987-03-30,847.8,5.759600000000001,5.677899999999999,1987-03-27
1987-03-31,846.9,5.791799999999999,5.759600000000001,1987-03-30
1987-04-01,846.9,5.8027,5.791799999999999,1987-03-31
1987-04-02,847.0,5.7522,5.8027,1987-04-01
1987-04-03,846.3,5.7798,5.7522,1987-04-02
1987-04-06,845.4,5.7885,5.7798,1987-04-03
1987-04-07,845.5,5.7961,5.7885,1987-04-06
1987-04-08,844.3,5.796799999999999,5.7961,1987-04-07
1987-04-09,844.4,5.7816,5.796799999999999,1987-04-08
1987-04-10,843.2,5.8576,5.7816,1987-04-09
1987-04-13,842.0,5.8923000000000005,5.8576,1987-04-10
1987-04-14,840.8,5.9128,5.8923000000000005,1987-04-13
1987-04-15,839.6,5.965199999999999,5.9128,1987-04-14
1987-04-16,839.7,5.9300999999999995,5.965199999999999,1987-04-15
1987-04-17,839.8,5.8728,5.9300999999999995,1987-04-16
1987-04-20,839.8,5.8707,5.8728,1987-04-17
1987-04-21,838.6,5.899500000000001,5.8707,1987-04-20
1987-04-22,838.6,5.882899999999999,5.899500000000001,1987-04-21
1987-04-23,838.7,5.904299999999999,5.882899999999999,1987-04-22
1987-04-24,837.5,5.9502999999999995,5.904299999999999,1987-04-23
1987-04-27,836.3,6.0015,5.9502999999999995,1987-04-24
1987-04-28,835.1,5.9907,6.0015,1987-04-27
1987-04-29,835.2,5.9636000000000005,5.9907,1987-04-28
1987-04-30,834.1,6.000800000000001,5.9636000000000005,1987-04-29
1987-05-01,834.2,5.9185,6.000800000000001,1987-04-30
1987-05-04,833.0,5.9458,5.9185,1987-05-01
1987-05-06,831.8,5.9907,5.9458,1987-05-04
1987-05-07,831.9,5.9914,5.9907,1987-05-06
1987-05-08,832.0,5.9771,5.9914,1987-05-07
1987-05-11,832.1,5.9543,5.9771,1987-05-08
1987-05-12,832.2,5.9635,5.9543,1987-05-11
1987-05-13,831.1,5.9375,5.9635,1987-05-12
1987-05-14,831.2,5.9224,5.9375,1987-05-13
1987-05-15,829.4,5.9605,5.9224,1987-05-14
1987-05-18,827.6,5.930499999999999,5.9605,1987-05-15
1987-05-19,825.8,5.8902,5.930499999999999,1987-05-18
1987-05-20,825.8,5.9187,5.8902,1987-05-19
1987-05-21,824.0,5.8963,5.9187,1987-05-20
1987-05-22,824.1,5.859299999999999,5.8963,1987-05-21
1987-05-25,824.2,5.8515999999999995,5.859299999999999,1987-05-22
1987-05-26,824.2,5.8515999999999995,5.8515999999999995,1987-05-25
1987-05-27,824.3,5.7224,5.8515999999999995,1987-05-26
1987-05-28,824.4,5.747000000000001,5.7224,1987-05-27
1987-05-29,822.6,5.7364,5.747000000000001,1987-05-28
1987-06-01,822.7,5.7232,5.7364,1987-05-29
1987-06-02,822.8,5.6726,5.7232,1987-06-01
1987-06-03,821.0,5.814500000000001,5.6726,1987-06-02
1987-06-04,821.1,5.724,5.814500000000001,1987-06-03
1987-06-05,821.2,5.687,5.724,1987-06-04
1987-06-08,819.0,5.6915,5.687,1987-06-05
1987-06-09,816.8,5.692,5.6915,1987-06-08
1987-06-10,814.6,5.730599999999999,5.692,1987-06-09
1987-06-11,813.4,5.7282,5.730599999999999,1987-06-10
1987-06-12,813.5,5.7148,5.7282,1987-06-11
1987-06-15,813.6,5.652,5.7148,1987-06-12
1987-06-16,813.7,5.6156,5.652,1987-06-15
1987-06-17,812.5,5.6151,5.6156,1987-06-16
1987-06-18,812.6,5.6023000000000005,5.6151,1987-06-17
1987-06-19,811.4,5.6114,5.6023000000000005,1987-06-18
1987-06-22,811.5,5.604299999999999,5.6114,1987-06-19
1987-06-23,811.6,5.5513,5.604299999999999,1987-06-22
1987-06-24,811.7,5.5577,5.5513,1987-06-23
1987-06-25,810.2,5.597300000000001,5.5577,1987-06-24
1987-06-26,810.3,5.5424,5.597300000000001,1987-06-25
1987-06-29,808.8,5.5264999999999995,5.5424,1987-06-26
1987-06-30,808.9,5.5121,5.5264999999999995,1987-06-29
1987-07-01,809.0,5.5072,5.5121,1987-06-30
1987-07-02,808.1,5.5028999999999995,5.5072,1987-07-01
1987-07-03,808.2,5.4812,5.5028999999999995,1987-07-02
1987-07-06,808.3,5.4322,5.4812,1987-07-03
1987-07-07,808.4,5.4300999999999995,5.4322,1987-07-06
1987-07-08,808.5,5.3775,5.4300999999999995,1987-07-07
1987-07-09,808.6,5.3764,5.3775,1987-07-08
1987-07-10,807.7,5.3775,5.3764,1987-07-09
1987-07-13,807.9,5.3575,5.3775,1987-07-10
1987-07-14,808.0,5.354500000000001,5.3575,1987-07-13
1987-07-15,808.0,5.3420000000000005,5.354500000000001,1987-07-14
1987-07-16,807.8,5.4270000000000005,5.3420000000000005,1987-07-15
1987-07-20,808.0,5.2828,5.4270000000000005,1987-07-16
1987-07-21,808.2,5.297899999999999,5.2828,1987-07-20
1987-07-22,808.1,5.3252999999999995,5.297899999999999,1987-07-21
1987-07-23,808.2,5.3049,5.3252999999999995,1987-07-22
1987-07-24,808.0,5.3422,5.3049,1987-07-23
1987-07-27,807.8,5.4034,5.3422,1987-07-24
1987-07-28,807.9,5.3645000000000005,5.4034,1987-07-27
1987-07-29,808.0,5.3795,5.3645000000000005,1987-07-28
1987-07-30,808.1,5.3588,5.3795,1987-07-29
1987-07-31,808.0,5.4047,5.3588,1987-07-30
1987-08-03,808.1,5.3838,5.4047,1987-07-31
1987-08-04,808.3,5.3371,5.3838,1987-08-03
1987-08-05,808.5,5.3296,5.3371,1987-08-04
1987-08-06,808.3,5.3584000000000005,5.3296,1987-08-05
1987-08-07,808.5,5.3367,5.3584000000000005,1987-08-06
1987-08-10,808.6,5.3267999999999995,5.3367,1987-08-07
1987-08-11,808.7,5.3548,5.3267999999999995,1987-08-10
1987-08-12,808.8,5.351,5.3548,1987-08-11
1987-08-13,808.7,5.3512,5.351,1987-08-12
1987-08-14,808.6,5.3365,5.3512,1987-08-13
1987-08-17,808.5,5.39,5.3365,1987-08-14
1987-08-18,808.3,5.4165,5.39,1987-08-17
1987-08-19,808.1,5.5236,5.4165,1987-08-18
1987-08-20,807.9,5.6037,5.5236,1987-08-19
1987-08-21,807.8,5.5826,5.6037,1987-08-20
1987-08-24,807.6,5.6814,5.5826,1987-08-21
1987-08-25,807.5,5.689400000000001,5.6814,1987-08-24
1987-08-26,807.7,5.6266,5.689400000000001,1987-08-25
1987-08-27,807.8,5.651,5.6266,1987-08-26
1987-08-28,807.6,5.699400000000001,5.651,1987-08-27
1987-08-31,807.7,5.6952,5.699400000000001,1987-08-28
1987-09-01,807.6,5.6694,5.6952,1987-08-31
1987-09-02,807.4,5.7101,5.6694,1987-09-01
1987-09-03,807.1,5.7323,5.7101,1987-09-02
1987-09-04,806.8,5.7241,5.7323,1987-09-03
1987-09-07,806.9,5.6824,5.7241,1987-09-04
1987-09-08,806.6,5.688300000000001,5.6824,1987-09-07
1987-09-09,806.3,5.694299999999999,5.688300000000001,1987-09-08
1987-09-10,806.4,5.6799,5.694299999999999,1987-09-09
1987-09-11,806.5,5.6617,5.6799,1987-09-10
1987-09-14,806.6,5.6053,5.6617,1987-09-11
1987-09-15,806.7,5.5808,5.6053,1987-09-14
1987-09-16,806.4,5.6156,5.5808,1987-09-15
1987-09-17,806.1,5.6076999999999995,5.6156,1987-09-16
1987-09-18,806.2,5.6221000000000005,5.6076999999999995,1987-09-17
1987-09-21,805.9,5.6535,5.6221000000000005,1987-09-18
1987-09-22,806.0,5.6344,5.6535,1987-09-21
1987-09-23,806.1,5.5844000000000005,5.6344,1987-09-22
1987-09-24,806.2,5.600599999999999,5.5844000000000005,1987-09-23
1987-09-25,805.9,5.622000000000001,5.600599999999999,1987-09-24
1987-09-28,805.6,5.612,5.622000000000001,1987-09-25
1987-09-29,805.7,5.5816,5.612,1987-09-28
1987-09-30,805.8,5.4966,5.5816,1987-09-29
1987-10-02,805.9,5.5086,5.4966,1987-09-30
1987-10-05,806.0,5.4886,5.5086,1987-10-02
1987-10-06,806.1,5.5005999999999995,5.4886,1987-10-05
1987-10-12,805.8,5.609500000000001,5.5005999999999995,1987-10-06
1987-10-13,805.5,5.6239,5.609500000000001,1987-10-12
1987-10-14,805.6,5.598400000000001,5.6239,1987-10-13
1987-10-15,805.3,5.659199999999999,5.598400000000001,1987-10-14
1987-10-16,804.8,5.6647,5.659199999999999,1987-10-15
1987-10-19,804.9,5.6524,5.6647,1987-10-16
1987-10-20,804.3,5.6902,5.6524,1987-10-19
1987-10-21,804.4,5.5881,5.6902,1987-10-20
1987-10-22,804.5,5.5618,5.5881,1987-10-21
1987-10-23,804.6,5.5509,5.5618,1987-10-22
1987-10-26,803.8,5.6696,5.5509,1987-10-23
1987-10-28,803.0,5.7012,5.6696,1987-10-26
1987-10-29,802.2,5.7942,5.7012,1987-10-28
1987-10-30,801.4,5.7759,5.7942,1987-10-29
1987-11-02,801.4,5.7905,5.7759,1987-10-30
1987-11-03,800.6,5.846,5.7905,1987-11-02
1987-11-04,800.5,5.8219,5.846,1987-11-03
1987-11-05,800.4,5.861599999999999,5.8219,1987-11-04
1987-11-06,799.6,5.920800000000001,5.861599999999999,1987-11-05
1987-11-09,799.5,5.9245,5.920800000000001,1987-11-06
1987-11-10,799.0,5.9516,5.9245,1987-11-09
1987-11-11,798.5,5.9391,5.9516,1987-11-10
1987-11-12,798.6,5.9134,5.9391,1987-11-11
1987-11-13,798.7,5.8793,5.9134,1987-11-12
1987-11-16,798.8,5.8801,5.8793,1987-11-13
1987-11-17,798.9,5.8251,5.8801,1987-11-16
1987-11-18,798.4,5.888,5.8251,1987-11-17
1987-11-19,797.9,5.8973,5.888,1987-11-18
1987-11-20,797.6,5.8929,5.8973,1987-11-19
1987-11-23,797.5,5.8812999999999995,5.8929,1987-11-20
1987-11-24,797.2,5.914,5.8812999999999995,1987-11-23
1987-11-25,797.3,5.9213,5.914,1987-11-24
1987-11-26,797.0,5.908099999999999,5.9213,1987-11-25
1987-11-27,796.7,5.9213,5.908099999999999,1987-11-26
1987-11-30,796.4,5.965599999999999,5.9213,1987-11-27
1987-12-01,796.1,6.0186,5.965599999999999,1987-11-30
1987-12-02,796.2,5.9686,6.0186,1987-12-01
1987-12-03,795.9,6.0091,5.9686,1987-12-02
1987-12-04,795.6,5.9933000000000005,6.0091,1987-12-03
1987-12-07,795.7,6.0121,5.9933000000000005,1987-12-04
1987-12-08,795.8,5.9858,6.0121,1987-12-07
1987-12-09,795.5,5.997000000000001,5.9858,1987-12-08
1987-12-10,795.2,6.0152,5.997000000000001,1987-12-09
1987-12-11,795.1,6.1612,6.0152,1987-12-10
1987-12-14,795.1,6.1948,6.1612,1987-12-11
1987-12-15,795.1,6.2142,6.1948,1987-12-14
1987-12-17,795.0,6.2574000000000005,6.2142,1987-12-15
1987-12-18,794.7,6.3147,6.2574000000000005,1987-12-17
1987-12-21,794.8,6.2583,6.3147,1987-12-18
1987-12-22,794.5,6.2816,6.2583,1987-12-21
1987-12-23,794.2,6.2833000000000006,6.2816,1987-12-22
1987-12-24,794.3,6.276599999999999,6.2833000000000006,1987-12-23
1987-12-28,793.5,6.3076,6.276599999999999,1987-12-24
1987-12-29,792.7,6.4135,6.3076,1987-12-28
1987-12-30,792.2,6.4172,6.4135,1987-12-29
1987-12-31,792.3,6.4232000000000005,6.4172,1987-12-30
1988-01-04,791.5,6.5387,6.4232000000000005,1987-12-31
1988-01-05,791.6,6.4358,6.5387,1988-01-04
1988-01-06,791.7,6.1949000000000005,6.4358,1988-01-05
1988-01-07,791.8,6.1213999999999995,6.1949000000000005,1988-01-06
1988-01-08,791.9,6.0846,6.1213999999999995,1988-01-07
1988-01-11,791.1,6.1637,6.0846,1988-01-08
1988-01-12,790.3,6.1526,6.1637,1988-01-11
1988-01-13,789.5,6.197100000000001,6.1526,1988-01-12
1988-01-14,788.3,6.1949000000000005,6.197100000000001,1988-01-13
1988-01-15,787.5,6.2476,6.1949000000000005,1988-01-14
1988-01-18,787.6,6.014600000000001,6.2476,1988-01-15
1988-01-19,787.7,6.077999999999999,6.014600000000001,1988-01-18
1988-01-20,786.5,6.1159,6.077999999999999,1988-01-19
1988-01-21,785.3,6.1762,6.1159,1988-01-20
1988-01-22,784.5,6.1675,6.1762,1988-01-21
1988-01-25,784.6,6.1683,6.1675,1988-01-22
1988-01-26,784.7,6.129,6.1683,1988-01-25
1988-01-27,783.9,6.144400000000001,6.129,1988-01-26
1988-01-28,782.7,6.162999999999999,6.144400000000001,1988-01-27
1988-01-29,781.5,6.1535,6.162999999999999,1988-01-28
1988-02-01,781.6,6.103899999999999,6.1535,1988-01-29
1988-02-02,781.7,6.0398000000000005,6.103899999999999,1988-02-01
1988-02-03,780.5,6.085800000000001,6.0398000000000005,1988-02-02
1988-02-04,779.7,6.0725,6.085800000000001,1988-02-03
1988-02-05,779.8,6.097,6.0725,1988-02-04
1988-02-08,779.9,6.029400000000001,6.097,1988-02-05
1988-02-09,780.0,6.0489,6.029400000000001,1988-02-08
1988-02-10,778.3,6.0404,6.0489,1988-02-09
1988-02-11,776.6,6.0179,6.0404,1988-02-10
1988-02-12,774.9,5.9896,6.0179,1988-02-11
1988-02-15,775.0,5.9161,5.9896,1988-02-12
1988-02-16,773.3,5.9462,5.9161,1988-02-15
1988-02-17,771.6,5.9172,5.9462,1988-02-16
1988-02-19,769.9,5.9110000000000005,5.9172,1988-02-17
1988-02-22,768.2,5.9025,5.9110000000000005,1988-02-19
1988-02-23,766.3,5.9266,5.9025,1988-02-22
1988-02-24,764.4,5.927899999999999,5.9266,1988-02-23
1988-02-26,762.7,5.935499999999999,5.927899999999999,1988-02-24
1988-02-29,760.8,5.9275,5.935499999999999,1988-02-26
1988-03-02,760.9,5.9272,5.9275,1988-02-29
1988-03-03,761.0,5.881,5.9272,1988-03-02
1988-03-04,761.1,5.8921,5.881,1988-03-03
1988-03-07,760.2,5.9068,5.8921,1988-03-04
1988-03-08,758.7,5.936699999999999,5.9068,1988-03-07
1988-03-09,757.2,5.9249,5.936699999999999,1988-03-08
1988-03-11,756.3,5.9110000000000005,5.9249,1988-03-09
1988-03-14,754.8,5.9294,5.9110000000000005,1988-03-11
1988-03-15,753.9,5.943300000000001,5.9294,1988-03-14
1988-03-16,754.0,5.9184,5.943300000000001,1988-03-15
1988-03-17,753.1,5.9067,5.9184,1988-03-16
1988-03-18,753.2,5.8536,5.9067,1988-03-17
1988-03-21,752.3,5.879700000000001,5.8536,1988-03-18
1988-03-22,750.8,5.9119,5.879700000000001,1988-03-21
1988-03-23,750.8,5.9119,5.9119,1988-03-22
1988-03-24,749.9,5.9117999999999995,5.9119,1988-03-23
1988-03-25,748.4,5.958600000000001,5.9117999999999995,1988-03-24
1988-03-28,747.5,5.972899999999999,5.958600000000001,1988-03-25
1988-03-29,746.0,6.028300000000001,5.972899999999999,1988-03-28
1988-03-30,746.1,5.9593,6.028300000000001,1988-03-29
1988-03-31,746.2,5.969600000000001,5.9593,1988-03-30
1988-04-01,744.7,5.9864,5.969600000000001,1988-03-31
1988-04-04,743.2,5.996,5.9864,1988-04-01
1988-04-06,743.3,5.9346000000000005,5.996,1988-04-04
1988-04-07,743.4,5.8976999999999995,5.9346000000000005,1988-04-06
1988-04-08,743.5,5.9149,5.8976999999999995,1988-04-07
1988-04-11,742.8,5.907,5.9149,1988-04-08
1988-04-12,742.9,5.8821,5.907,1988-04-11
1988-04-13,743.0,5.864199999999999,5.8821,1988-04-12
1988-04-14,743.1,5.8767,5.864199999999999,1988-04-13
1988-04-15,741.9,6.0049,5.8767,1988-04-14
1988-04-18,740.7,5.9758,6.0049,1988-04-15
1988-04-19,740.8,5.9622,5.9758,1988-04-18
1988-04-20,740.9,5.962999999999999,5.9622,1988-04-19
1988-04-21,740.2,5.9574,5.962999999999999,1988-04-20
1988-04-22,740.3,5.9534,5.9574,1988-04-21
1988-04-25,740.4,5.9327,5.9534,1988-04-22
1988-04-27,740.5,5.9193,5.9327,1988-04-25
1988-04-28,740.6,5.932,5.9193,1988-04-27
1988-04-29,739.9,5.9406,5.932,1988-04-28
1988-05-02,740.0,5.912999999999999,5.9406,1988-04-29
1988-05-03,740.1,5.9303,5.912999999999999,1988-05-02
1988-05-04,740.2,5.9146,5.9303,1988-05-03
1988-05-06,739.3,5.9192,5.9146,1988-05-04
1988-05-09,738.4,5.9215,5.9192,1988-05-06
1988-05-10,737.5,5.907100000000001,5.9215,1988-05-09
1988-05-11,736.6,5.9237,5.907100000000001,1988-05-10
1988-05-12,735.7,5.9117,5.9237,1988-05-11
1988-05-13,735.8,5.9077,5.9117,1988-05-12
1988-05-16,734.9,5.8899,5.9077,1988-05-13
1988-05-17,735.0,5.8836,5.8899,1988-05-16
1988-05-18,735.1,5.846900000000001,5.8836,1988-05-17
1988-05-19,735.2,5.8839999999999995,5.846900000000001,1988-05-18
1988-05-20,734.3,5.8803,5.8839999999999995,1988-05-19
1988-05-24,733.5,5.8881,5.8803,1988-05-20
1988-05-25,732.6,5.8986,5.8881,1988-05-24
1988-05-26,732.7,5.8887,5.8986,1988-05-25
1988-05-27,732.8,5.8825,5.8887,1988-05-26
1988-05-30,732.9,5.8679,5.8825,1988-05-27
1988-05-31,732.9,5.8679,5.8679,1988-05-30
1988-06-01,733.0,5.8547,5.8679,1988-05-31
1988-06-02,733.1,5.847300000000001,5.8547,1988-06-01
1988-06-03,733.2,5.811,5.847300000000001,1988-06-02
1988-06-07,731.4,5.8164,5.811,1988-06-03
1988-06-08,729.9,5.818300000000001,5.8164,1988-06-07
1988-06-09,729.3,5.8065999999999995,5.818300000000001,1988-06-08
1988-06-10,728.6,5.8464,5.8065999999999995,1988-06-09
1988-06-13,728.6,5.8359000000000005,5.8464,1988-06-10
1988-06-14,728.7,5.8238,5.8359000000000005,1988-06-13
1988-06-15,728.8,5.7589999999999995,5.8238,1988-06-14
1988-06-16,728.9,5.7701,5.7589999999999995,1988-06-15
1988-06-17,728.2,5.7978,5.7701,1988-06-16
1988-06-20,728.3,5.7917,5.7978,1988-06-17
1988-06-21,728.4,5.768400000000001,5.7917,1988-06-20
1988-06-22,728.5,5.7624,5.768400000000001,1988-06-21
1988-06-23,728.6,5.6514,5.7624,1988-06-22
1988-06-24,728.7,5.6665,5.6514,1988-06-23
1988-06-27,728.8,5.586799999999999,5.6665,1988-06-24
1988-06-28,728.9,5.5588999999999995,5.586799999999999,1988-06-27
1988-06-29,728.2,5.4897,5.5588999999999995,1988-06-28
1988-06-30,728.3,5.490399999999999,5.4897,1988-06-29
1988-07-01,728.4,5.475700000000001,5.490399999999999,1988-06-30
1988-07-04,728.5,5.4184,5.475700000000001,1988-07-01
1988-07-05,728.6,5.38,5.4184,1988-07-04
1988-07-06,727.8,5.4294,5.38,1988-07-05
1988-07-07,727.0,5.456,5.4294,1988-07-06
1988-07-08,726.2,5.4664,5.456,1988-07-07
1988-07-11,726.3,5.4507,5.4664,1988-07-08
1988-07-12,726.4,5.458600000000001,5.4507,1988-07-11
1988-07-13,725.7,5.482200000000001,5.458600000000001,1988-07-12
1988-07-14,725.8,5.4695,5.482200000000001,1988-07-13
1988-07-15,725.9,5.4477,5.4695,1988-07-14
1988-07-18,726.0,5.36,5.4477,1988-07-15
1988-07-19,726.1,5.4006,5.36,1988-07-18
1988-07-20,725.3,5.4463,5.4006,1988-07-19
1988-07-21,724.8,5.4171000000000005,5.4463,1988-07-20
1988-07-22,724.3,5.5028,5.4171000000000005,1988-07-21
1988-07-25,723.8,5.531499999999999,5.5028,1988-07-22
1988-07-26,723.9,5.4779,5.531499999999999,1988-07-25
1988-07-27,724.0,5.465199999999999,5.4779,1988-07-26
1988-07-28,724.1,5.499199999999999,5.465199999999999,1988-07-27
1988-07-29,723.7,5.458600000000001,5.499199999999999,1988-07-28
1988-08-01,723.8,5.434,5.458600000000001,1988-07-29
1988-08-02,723.4,5.4525,5.434,1988-08-01
1988-08-03,723.1,5.4379,5.4525,1988-08-02
1988-08-04,723.2,5.4469,5.4379,1988-08-03
1988-08-05,723.3,5.4374,5.4469,1988-08-04
1988-08-08,723.4,5.4036,5.4374,1988-08-05
1988-08-09,723.5,5.409400000000001,5.4036,1988-08-08
1988-08-10,723.6,5.3530999999999995,5.409400000000001,1988-08-09
1988-08-11,723.7,5.4139,5.3530999999999995,1988-08-10
1988-08-12,723.2,5.4417,5.4139,1988-08-11
1988-08-16,722.8,5.4224,5.4417,1988-08-12
1988-08-17,722.9,5.4069,5.4224,1988-08-16
1988-08-18,723.0,5.3986,5.4069,1988-08-17
1988-08-19,722.7,5.4196,5.3986,1988-08-18
1988-08-22,722.4,5.4052,5.4196,1988-08-19
1988-08-23,722.5,5.4049000000000005,5.4052,1988-08-22
1988-08-24,722.6,5.3886,5.4049000000000005,1988-08-23
1988-08-25,722.2,5.395599999999999,5.3886,1988-08-24
1988-08-26,721.7,5.414199999999999,5.395599999999999,1988-08-25
1988-08-29,721.8,5.3926,5.414199999999999,1988-08-26
1988-08-30,721.9,5.3652999999999995,5.3926,1988-08-29
1988-08-31,722.0,5.3541,5.3652999999999995,1988-08-30
1988-09-01,722.1,5.2902,5.3541,1988-08-31
1988-09-02,722.1,5.297000000000001,5.2902,1988-09-01
1988-09-05,721.8,5.3113,5.297000000000001,1988-09-02
1988-09-06,721.3,5.3037,5.3113,1988-09-05
1988-09-07,720.8,5.3443,5.3037,1988-09-06
1988-09-08,720.3,5.3996,5.3443,1988-09-07
1988-09-09,720.4,5.3923000000000005,5.3996,1988-09-08
1988-09-12,720.0,5.3852,5.3923000000000005,1988-09-09
1988-09-13,720.1,5.3980999999999995,5.3852,1988-09-12
1988-09-14,719.8,5.3959,5.3980999999999995,1988-09-13
1988-09-15,719.9,5.365399999999999,5.3959,1988-09-14
1988-09-16,720.0,5.3772,5.365399999999999,1988-09-15
1988-09-19,720.0,5.3702,5.3772,1988-09-16
1988-09-20,719.6,5.3873,5.3702,1988-09-19
1988-09-21,719.7,5.3679,5.3873,1988-09-20
1988-09-22,719.8,5.3607000000000005,5.3679,1988-09-21
1988-09-23,719.9,5.3454999999999995,5.3607000000000005,1988-09-22
1988-09-27,719.7,5.352,5.3454999999999995,1988-09-23
1988-09-28,719.4,5.341799999999999,5.352,1988-09-27
1988-09-29,718.9,5.362,5.341799999999999,1988-09-28
1988-09-30,719.0,5.3488,5.362,1988-09-29
1988-10-04,718.5,5.376,5.3488,1988-09-30
1988-10-05,718.0,5.3844,5.376,1988-10-04
1988-10-06,718.1,5.3851,5.3844,1988-10-05
1988-10-07,717.2,5.3673,5.3851,1988-10-06
1988-10-10,716.3,5.3716,5.3673,1988-10-07
1988-10-11,714.8,5.4091,5.3716,1988-10-10
1988-10-12,713.3,5.442,5.4091,1988-10-11
1988-10-13,711.8,5.5147,5.442,1988-10-12
1988-10-14,710.3,5.571000000000001,5.5147,1988-10-13
1988-10-17,708.8,5.601,5.571000000000001,1988-10-14
1988-10-18,707.9,5.5708,5.601,1988-10-17
1988-10-19,708.0,5.568300000000001,5.5708,1988-10-18
1988-10-20,707.1,5.5492,5.568300000000001,1988-10-19
1988-10-21,705.6,5.556,5.5492,1988-10-20
1988-10-24,704.1,5.5804,5.556,1988-10-21
1988-10-25,704.2,5.546,5.5804,1988-10-24
1988-10-26,704.3,5.555599999999999,5.546,1988-10-25
1988-10-27,702.8,5.5923,5.555599999999999,1988-10-26
1988-10-28,701.3,5.5626,5.5923,1988-10-27
1988-10-31,701.4,5.5833,5.5626,1988-10-28
1988-11-01,699.9,5.5614,5.5833,1988-10-31
1988-11-02,700.0,5.608099999999999,5.5614,1988-11-01
1988-11-03,698.5,5.622000000000001,5.608099999999999,1988-11-02
1988-11-04,697.6,5.5932,5.622000000000001,1988-11-03
1988-11-07,697.7,5.5839,5.5932,1988-11-04
1988-11-08,696.8,5.5937,5.5839,1988-11-07
1988-11-09,696.9,5.5497000000000005,5.5937,1988-11-08
1988-11-10,695.4,5.6172,5.5497000000000005,1988-11-09
1988-11-11,693.9,5.602799999999999,5.6172,1988-11-10
1988-11-14,693.1,5.6569,5.602799999999999,1988-11-11
1988-11-15,693.2,5.6062,5.6569,1988-11-14
1988-11-16,692.4,5.604299999999999,5.6062,1988-11-15
1988-11-17,691.6,5.652699999999999,5.604299999999999,1988-11-16
1988-11-18,690.8,5.6577,5.652699999999999,1988-11-17
1988-11-21,690.9,5.6424,5.6577,1988-11-18
1988-11-22,690.1,5.6647,5.6424,1988-11-21
1988-11-23,689.3,5.6824,5.6647,1988-11-22
1988-11-24,688.7,5.6906,5.6824,1988-11-23
1988-11-25,687.9,5.696000000000001,5.6906,1988-11-24
1988-11-28,688.0,5.6673,5.696000000000001,1988-11-25
1988-11-29,688.1,5.6172,5.6673,1988-11-28
1988-11-30,687.5,5.6459,5.6172,1988-11-29
1988-12-01,687.0,5.6637,5.6459,1988-11-30
1988-12-02,686.4,5.6448,5.6637,1988-12-01
1988-12-05,685.9,5.643,5.6448,1988-12-02
1988-12-06,685.3,5.6334,5.643,1988-12-05
1988-12-07,685.4,5.6273,5.6334,1988-12-06
1988-12-08,685.5,5.5462,5.6273,1988-12-07
1988-12-09,685.0,5.605599999999999,5.5462,1988-12-08
1988-12-12,684.7,5.5826,5.605599999999999,1988-12-09
1988-12-13,684.8,5.572100000000001,5.5826,1988-12-12
1988-12-14,684.9,5.5548,5.572100000000001,1988-12-13
1988-12-15,684.6,5.5772,5.5548,1988-12-14
1988-12-16,684.7,5.5329999999999995,5.5772,1988-12-15
1988-12-19,684.8,5.5182,5.5329999999999995,1988-12-16
1988-12-20,684.9,5.5035,5.5182,1988-12-19
1988-12-21,685.0,5.456,5.5035,1988-12-20
1988-12-22,684.5,5.504700000000001,5.456,1988-12-21
1988-12-23,684.6,5.4834000000000005,5.504700000000001,1988-12-22
1988-12-26,684.7,5.4841999999999995,5.4834000000000005,1988-12-23
1988-12-27,684.7,5.4841999999999995,5.4841999999999995,1988-12-26
1988-12-28,684.8,5.471900000000001,5.4841999999999995,1988-12-27
1988-12-29,684.9,5.4661,5.471900000000001,1988-12-28
1988-12-30,684.6,5.4485,5.4661,1988-12-29
1989-01-04,683.6,5.5241,5.4485,1988-12-30
1989-01-05,683.7,5.4675,5.5241,1989-01-04
1989-01-06,683.8,5.4227,5.4675,1989-01-05
1989-01-09,683.9,5.4342999999999995,5.4227,1989-01-06
1989-01-10,684.0,5.441599999999999,5.4342999999999995,1989-01-09
1989-01-11,684.0,5.3986,5.441599999999999,1989-01-10
1989-01-12,683.7,5.4315999999999995,5.3986,1989-01-11
1989-01-13,683.0,5.390700000000001,5.4315999999999995,1989-01-12
1989-01-16,683.1,5.364,5.390700000000001,1989-01-13
1989-01-17,683.2,5.3416999999999994,5.364,1989-01-16
1989-01-18,682.5,5.344600000000001,5.3416999999999994,1989-01-17
1989-01-19,682.6,5.3039,5.344600000000001,1989-01-18
1989-01-20,682.7,5.3088,5.3039,1989-01-19
1989-01-23,681.8,5.3349,5.3088,1989-01-20
1989-01-24,681.1,5.3462,5.3349,1989-01-23
1989-01-25,680.2,5.318300000000001,5.3462,1989-01-24
1989-01-26,680.3,5.3420000000000005,5.318300000000001,1989-01-25
1989-01-27,680.4,5.3032,5.3420000000000005,1989-01-26
1989-01-30,680.5,5.250800000000001,5.3032,1989-01-27
1989-01-31,680.6,5.2536000000000005,5.250800000000001,1989-01-30
1989-02-01,680.7,5.2221,5.2536000000000005,1989-01-31
1989-02-02,680.8,5.2269000000000005,5.2221,1989-02-01
1989-02-03,680.1,5.2498000000000005,5.2269000000000005,1989-02-02
1989-02-08,680.3,5.2513,5.2498000000000005,1989-02-03
1989-02-09,679.6,5.252000000000001,5.2513,1989-02-08
1989-02-10,678.7,5.312799999999999,5.252000000000001,1989-02-09
1989-02-13,677.8,5.2696000000000005,5.312799999999999,1989-02-10
1989-02-14,677.9,5.3065,5.2696000000000005,1989-02-13
1989-02-15,677.0,5.3603,5.3065,1989-02-14
1989-02-16,676.1,5.359500000000001,5.3603,1989-02-15
1989-02-17,676.2,5.373099999999999,5.359500000000001,1989-02-16
1989-02-20,675.3,5.3831,5.373099999999999,1989-02-17
1989-02-21,675.4,5.3371,5.3831,1989-02-20
1989-02-22,675.5,5.333600000000001,5.3371,1989-02-21
1989-02-23,674.6,5.3477,5.333600000000001,1989-02-22
1989-02-24,673.7,5.3321000000000005,5.3477,1989-02-23
1989-02-27,673.8,5.3562,5.3321000000000005,1989-02-24
1989-02-28,673.1,5.306699999999999,5.3562,1989-02-27
1989-03-02,673.2,5.2635000000000005,5.306699999999999,1989-02-28
1989-03-03,673.3,5.2377,5.2635000000000005,1989-03-02
1989-03-06,672.6,5.2712,5.2377,1989-03-03
1989-03-07,672.7,5.2128,5.2712,1989-03-06
1989-03-08,672.8,5.2277,5.2128,1989-03-07
1989-03-09,672.9,5.2062,5.2277,1989-03-08
1989-03-13,673.0,5.195,5.2062,1989-03-09
1989-03-14,673.1,5.1678,5.195,1989-03-13
1989-03-15,673.0,5.1849,5.1678,1989-03-14
1989-03-16,673.1,5.15,5.1849,1989-03-15
1989-03-17,673.2,5.1272,5.15,1989-03-16
1989-03-20,673.3,5.1066,5.1272,1989-03-17
1989-03-21,673.4,5.1278,5.1066,1989-03-20
1989-03-22,673.3,5.132899999999999,5.1278,1989-03-21
1989-03-23,673.2,5.1498,5.132899999999999,1989-03-22
1989-03-24,672.7,5.1234,5.1498,1989-03-23
1989-03-27,672.8,5.1145,5.1234,1989-03-24
1989-03-28,672.9,5.0671,5.1145,1989-03-27
1989-03-29,673.0,5.0412,5.0671,1989-03-28
1989-03-30,673.1,5.0515,5.0412,1989-03-29
1989-03-31,671.9,5.090199999999999,5.0515,1989-03-30
1989-04-03,671.0,5.0395,5.090199999999999,1989-03-31
1989-04-04,669.8,5.0878,5.0395,1989-04-03
1989-04-06,668.6,5.069,5.0878,1989-04-04
1989-04-07,667.7,5.0546,5.069,1989-04-06
1989-04-10,667.4,5.0275,5.0546,1989-04-07
1989-04-11,667.5,5.0236,5.0275,1989-04-10
1989-04-12,667.5,5.0283,5.0236,1989-04-11
1989-04-13,667.6,5.0177,5.0283,1989-04-12
1989-04-14,667.3,5.0534,5.0177,1989-04-13
1989-04-17,667.4,5.0657,5.0534,1989-04-14
1989-04-18,666.9,5.043,5.0657,1989-04-17
1989-04-19,666.6,5.075,5.043,1989-04-18
1989-04-20,666.7,5.0365,5.075,1989-04-19
1989-04-21,666.2,5.0778,5.0365,1989-04-20
1989-04-24,665.9,5.0716,5.0778,1989-04-21
1989-04-25,666.0,5.0532,5.0716,1989-04-24
1989-04-26,666.1,5.0693,5.0532,1989-04-25
1989-04-27,666.2,5.0508,5.0693,1989-04-26
1989-04-28,666.2,5.0413,5.0508,1989-04-27
1989-05-01,666.3,5.0098,5.0413,1989-04-28
1989-05-02,666.4,4.9836,5.0098,1989-05-01
1989-05-03,666.4,4.9601999999999995,4.9836,1989-05-02
1989-05-04,666.4,4.9620999999999995,4.9601999999999995,1989-05-03
1989-05-08,666.4,4.9584,4.9620999999999995,1989-05-04
1989-05-09,666.4,4.9382,4.9584,1989-05-08
1989-05-10,666.4,4.9565,4.9382,1989-05-09
1989-05-11,666.4,4.9658,4.9565,1989-05-10
1989-05-15,666.5,4.8793,4.9658,1989-05-11
1989-05-16,666.6,4.8587,4.8793,1989-05-15
1989-05-17,666.5,4.8614999999999995,4.8587,1989-05-16
1989-05-18,666.6,4.7802999999999995,4.8614999999999995,1989-05-17
1989-05-19,666.7,4.8050999999999995,4.7802999999999995,1989-05-18
1989-05-22,666.7,4.7793,4.8050999999999995,1989-05-19
1989-05-23,666.8,4.6899,4.7793,1989-05-22
1989-05-24,666.8,4.6679,4.6899,1989-05-23
1989-05-25,666.8,4.6793000000000005,4.6679,1989-05-24
1989-05-26,666.7,4.7368,4.6793000000000005,1989-05-25
1989-05-29,666.6,4.6681,4.7368,1989-05-26
1989-05-30,666.6,4.6421,4.6681,1989-05-29
1989-05-31,666.7,4.6786,4.6421,1989-05-30
1989-06-01,666.6,4.66,4.6786,1989-05-31
1989-06-02,666.6,4.687799999999999,4.66,1989-06-01
1989-06-05,666.5,4.7153,4.687799999999999,1989-06-02
1989-06-07,666.6,4.6779,4.7153,1989-06-05
1989-06-08,666.5,4.6625,4.6779,1989-06-07
1989-06-09,666.5,4.6511000000000005,4.6625,1989-06-08
1989-06-12,666.6,4.5148,4.6511000000000005,1989-06-09
1989-06-13,666.9,4.475899999999999,4.5148,1989-06-12
1989-06-14,666.8,4.494800000000001,4.475899999999999,1989-06-13
1989-06-15,667.1,4.4429,4.494800000000001,1989-06-14
1989-06-16,667.0,4.5545,4.4429,1989-06-15
1989-06-19,666.9,4.6201,4.5545,1989-06-16
1989-06-20,666.8,4.6484,4.6201,1989-06-19
1989-06-21,666.7,4.5996,4.6484,1989-06-20
1989-06-22,666.6,4.7093,4.5996,1989-06-21
1989-06-23,666.5,4.783,4.7093,1989-06-22
1989-06-26,666.4,4.7723,4.783,1989-06-23
1989-06-27,666.7,4.7217,4.7723,1989-06-26
1989-06-28,666.8,4.7024,4.7217,1989-06-27
1989-06-29,667.1,4.6456,4.7024,1989-06-28
1989-06-30,667.2,4.6221,4.6456,1989-06-29
1989-07-03,667.3,4.6133,4.6221,1989-06-30
1989-07-04,667.2,4.7286,4.6133,1989-07-03
1989-07-05,667.1,4.7212,4.7286,1989-07-04
1989-07-06,667.0,4.8159,4.7212,1989-07-05
1989-07-07,666.9,4.7876,4.8159,1989-07-06
1989-07-10,667.0,4.79,4.7876,1989-07-07
1989-07-11,666.9,4.7824,4.79,1989-07-10
1989-07-12,667.2,4.7454,4.7824,1989-07-11
1989-07-13,667.1,4.7787,4.7454,1989-07-12
1989-07-14,667.0,4.7797,4.7787,1989-07-13
1989-07-18,667.6,4.7197000000000005,4.7797,1989-07-14
1989-07-19,667.7,4.717099999999999,4.7197000000000005,1989-07-18
1989-07-20,667.6,4.68,4.717099999999999,1989-07-19
1989-07-21,667.5,4.718999999999999,4.68,1989-07-20
1989-07-24,667.4,4.6613,4.718999999999999,1989-07-21
1989-07-25,667.6,4.6899,4.6613,1989-07-24
1989-07-26,667.5,4.7127,4.6899,1989-07-25
1989-07-27,667.4,4.779100000000001,4.7127,1989-07-26
1989-07-28,667.3,4.785299999999999,4.779100000000001,1989-07-27
1989-07-31,667.4,4.7946,4.785299999999999,1989-07-28
1989-08-01,667.3,4.8976999999999995,4.7946,1989-07-31
1989-08-02,667.2,4.9159,4.8976999999999995,1989-08-01
1989-08-03,667.3,4.8851,4.9159,1989-08-02
1989-08-04,667.5,4.8741,4.8851,1989-08-03
1989-08-07,667.8,4.7786,4.8741,1989-08-04
1989-08-08,668.1,4.779,4.7786,1989-08-07
1989-08-09,668.0,4.8197,4.779,1989-08-08
1989-08-10,668.1,4.8161000000000005,4.8197,1989-08-09
1989-08-11,668.0,4.7749,4.8161000000000005,1989-08-10
1989-08-14,668.3,4.7114,4.7749,1989-08-11
1989-08-16,668.6,4.718500000000001,4.7114,1989-08-14
1989-08-17,668.5,4.6987,4.718500000000001,1989-08-16
1989-08-18,668.8,4.6591000000000005,4.6987,1989-08-17
1989-08-21,668.7,4.673,4.6591000000000005,1989-08-18
1989-08-22,668.8,4.6875,4.673,1989-08-21
1989-08-23,668.7,4.7016,4.6875,1989-08-22
1989-08-24,668.8,4.6591000000000005,4.7016,1989-08-23
1989-08-25,669.0,4.6669,4.6591000000000005,1989-08-24
1989-08-28,669.1,4.6385000000000005,4.6669,1989-08-25
1989-08-29,669.2,4.628,4.6385000000000005,1989-08-28
1989-08-30,669.1,4.6807,4.628,1989-08-29
1989-08-31,669.2,4.6344,4.6807,1989-08-30
1989-09-01,669.5,4.6157,4.6344,1989-08-31
1989-09-04,669.7,4.5886000000000005,4.6157,1989-09-01
1989-09-05,669.9,4.591600000000001,4.5886000000000005,1989-09-04
1989-09-06,670.1,4.5648,4.591600000000001,1989-09-05
1989-09-07,670.0,4.5812,4.5648,1989-09-06
1989-09-08,670.2,4.5732,4.5812,1989-09-07
1989-09-11,670.3,4.5398000000000005,4.5732,1989-09-08
1989-09-12,670.4,4.5714999999999995,4.5398000000000005,1989-09-11
1989-09-18,670.3,4.5927,4.5714999999999995,1989-09-12
1989-09-19,670.2,4.6047,4.5927,1989-09-18
1989-09-20,670.1,4.5851,4.6047,1989-09-19
1989-09-21,670.0,4.6191,4.5851,1989-09-20
1989-09-22,669.9,4.5979,4.6191,1989-09-21
1989-09-25,670.0,4.6383,4.5979,1989-09-22
1989-09-26,669.9,4.7044,4.6383,1989-09-25
1989-09-27,670.0,4.7267,4.7044,1989-09-26
1989-09-28,669.9,4.7612,4.7267,1989-09-27
1989-09-29,670.1,4.7559,4.7612,1989-09-28
1989-10-04,670.3,4.7455,4.7559,1989-09-29
1989-10-05,670.4,4.742900000000001,4.7455,1989-10-04
1989-10-06,670.6,4.7242,4.742900000000001,1989-10-05
1989-10-10,670.9,4.6999,4.7242,1989-10-06
1989-10-11,671.2,4.6457,4.6999,1989-10-10
1989-10-12,671.5,4.6471,4.6457,1989-10-11
1989-10-13,671.4,4.6707,4.6471,1989-10-12
1989-10-16,671.3,4.795,4.6707,1989-10-13
1989-10-17,671.2,4.7301,4.795,1989-10-16
1989-10-18,671.5,4.709,4.7301,1989-10-17
1989-10-19,671.4,4.7567,4.709,1989-10-18
1989-10-20,671.3,4.7307999999999995,4.7567,1989-10-19
1989-10-23,671.5,4.7238999999999995,4.7307999999999995,1989-10-20
1989-10-24,671.6,4.7363,4.7238999999999995,1989-10-23
1989-10-25,671.5,4.744,4.7363,1989-10-24
1989-10-26,671.4,4.7399,4.744,1989-10-25
1989-10-27,671.6,4.7313,4.7399,1989-10-26
1989-10-30,671.7,4.742,4.7313,1989-10-27
1989-10-31,671.6,4.7213,4.742,1989-10-30
1989-11-01,671.8,4.7044999999999995,4.7213,1989-10-31
1989-11-02,672.0,4.6732,4.7044999999999995,1989-11-01
1989-11-03,672.1,4.6886,4.6732,1989-11-02
1989-11-06,672.0,4.6905,4.6886,1989-11-03
1989-11-07,672.2,4.6713,4.6905,1989-11-06
1989-11-08,672.1,4.6968,4.6713,1989-11-07
1989-11-09,672.0,4.6928,4.6968,1989-11-08
1989-11-10,672.1,4.7,4.6928,1989-11-09
1989-11-13,672.2,4.6958,4.7,1989-11-10
1989-11-14,672.4,4.6727,4.6958,1989-11-13
1989-11-15,672.3,4.6932,4.6727,1989-11-14
1989-11-16,672.2,4.6746,4.6932,1989-11-15
1989-11-17,672.3,4.6639,4.6746,1989-11-16
1989-11-20,672.4,4.6549000000000005,4.6639,1989-11-17
1989-11-21,672.5,4.6589,4.6549000000000005,1989-11-20
1989-11-22,672.4,4.6792,4.6589,1989-11-21
1989-11-23,672.3,4.6923,4.6792,1989-11-22
1989-11-24,673.0,4.6753,4.6923,1989-11-23
1989-11-27,672.7,4.6977,4.6753,1989-11-24
1989-11-28,672.6,4.6921,4.6977,1989-11-27
1989-11-29,672.9,4.6974,4.6921,1989-11-28
1989-11-30,672.7,4.7026,4.6974,1989-11-29
1989-12-01,672.7,4.7067000000000005,4.7026,1989-11-30
1989-12-04,673.0,4.6916,4.7067000000000005,1989-12-01
1989-12-05,673.3,4.6847,4.6916,1989-12-04
1989-12-06,673.6,4.6884,4.6847,1989-12-05
1989-12-07,673.5,4.6788,4.6884,1989-12-06
1989-12-08,673.4,4.6659,4.6788,1989-12-07
1989-12-11,673.9,4.6613,4.6659,1989-12-08
1989-12-12,673.8,4.6646,4.6613,1989-12-11
1989-12-13,673.6,4.6848,4.6646,1989-12-12
1989-12-14,673.5,4.6723,4.6848,1989-12-13
1989-12-15,674.4,4.6752,4.6723,1989-12-14
1989-12-18,675.2,4.6808,4.6752,1989-12-15
1989-12-19,675.1,4.7062,4.6808,1989-12-18
1989-12-20,675.8,4.698,4.7062,1989-12-19
1989-12-21,676.7,4.7075,4.698,1989-12-20
1989-12-22,676.6,4.7101,4.7075,1989-12-21
1989-12-26,677.4,4.7404,4.7101,1989-12-22
1989-12-27,678.1,4.7687,4.7404,1989-12-26
1989-12-28,677.9,4.7723,4.7687,1989-12-27
1989-12-29,678.7,4.7330000000000005,4.7723,1989-12-28
1990-01-03,680.8,4.6386,4.7330000000000005,1989-12-29
1990-01-04,681.5,4.6807,4.6386,1990-01-03
1990-01-05,681.0,4.754,4.6807,1990-01-04
1990-01-08,680.9,4.7073,4.754,1990-01-05
1990-01-09,681.3,4.7247,4.7073,1990-01-08
1990-01-10,682.0,4.6895999999999995,4.7247,1990-01-09
1990-01-11,682.5,4.6988,4.6895999999999995,1990-01-10
1990-01-12,682.9,4.6951,4.6988,1990-01-11
1990-01-15,683.3,4.6864,4.6951,1990-01-12
1990-01-16,683.0,4.6863,4.6864,1990-01-15
1990-01-17,683.9,4.7027,4.6863,1990-01-16
1990-01-18,683.8,4.7008,4.7027,1990-01-17
1990-01-19,684.5,4.682799999999999,4.7008,1990-01-18
1990-01-22,685.2,4.6825,4.682799999999999,1990-01-19
1990-01-23,685.7,4.6747000000000005,4.6825,1990-01-22
1990-01-24,685.2,4.6964,4.6747000000000005,1990-01-23
1990-01-25,685.1,4.7135,4.6964,1990-01-24
1990-01-29,685.0,4.790299999999999,4.7135,1990-01-25
1990-01-30,685.6,4.7945,4.790299999999999,1990-01-29
1990-01-31,686.3,4.734,4.7945,1990-01-30
1990-02-01,686.8,4.7562999999999995,4.734,1990-01-31
1990-02-02,687.4,4.744800000000001,4.7562999999999995,1990-02-01
1990-02-05,688.1,4.7317,4.744800000000001,1990-02-02
1990-02-06,688.0,4.7473,4.7317,1990-02-05
1990-02-07,687.8,4.7381,4.7473,1990-02-06
1990-02-08,688.3,4.7307999999999995,4.7381,1990-02-07
1990-02-09,689.1,4.750299999999999,4.7307999999999995,1990-02-08
1990-02-12,689.0,4.7641,4.750299999999999,1990-02-09
1990-02-13,688.9,4.7642,4.7641,1990-02-12
1990-02-14,689.7,4.7797,4.7642,1990-02-13
1990-02-15,689.6,4.7712,4.7797,1990-02-14
1990-02-16,690.1,4.7658,4.7712,1990-02-15
1990-02-19,690.6,4.7859,4.7658,1990-02-16
1990-02-20,690.4,4.7771,4.7859,1990-02-19
1990-02-21,690.9,4.7516,4.7771,1990-02-20
1990-02-22,690.8,4.747,4.7516,1990-02-21
1990-02-23,691.6,4.7306,4.747,1990-02-22
1990-02-26,692.4,4.6948,4.7306,1990-02-23
1990-02-27,693.3,4.6757,4.6948,1990-02-26
1990-02-28,694.0,4.6687,4.6757,1990-02-27
1990-03-02,694.0,4.6128,4.6687,1990-02-28
1990-03-05,693.2,4.6136,4.6128,1990-03-02
1990-03-06,694.7,4.664,4.6136,1990-03-05
1990-03-07,695.6,4.629,4.664,1990-03-06
1990-03-08,696.9,4.6414,4.629,1990-03-07
1990-03-09,698.1,4.6216,4.6414,1990-03-08
1990-03-12,698.4,4.6053,4.6216,1990-03-09
1990-03-13,698.7,4.5726,4.6053,1990-03-12
1990-03-14,698.6,4.5991,4.5726,1990-03-13
1990-03-15,698.2,4.5799,4.5991,1990-03-14
1990-03-16,697.2,4.5733,4.5799,1990-03-15
1990-03-19,696.3,4.5674,4.5733,1990-03-16
1990-03-20,697.0,4.5705,4.5674,1990-03-19
1990-03-21,697.4,4.5184,4.5705,1990-03-20
1990-03-22,697.8,4.5136,4.5184,1990-03-21
1990-03-23,698.2,4.5089,4.5136,1990-03-22
1990-03-26,699.5,4.4925999999999995,4.5089,1990-03-23
1990-03-27,701.0,4.4707,4.4925999999999995,1990-03-26
1990-03-28,701.3,4.4386,4.4707,1990-03-27
1990-03-29,700.3,4.4179,4.4386,1990-03-28
1990-03-30,700.9,4.4772,4.4179,1990-03-29
1990-04-02,702.1,4.3936,4.4772,1990-03-30
1990-04-03,703.8,4.4209,4.3936,1990-04-02
1990-04-04,705.6,4.4182999999999995,4.4209,1990-04-03
1990-04-06,706.2,4.4867,4.4182999999999995,1990-04-04
1990-04-09,706.6,4.5295,4.4867,1990-04-06
1990-04-10,706.9,4.4712,4.5295,1990-04-09
1990-04-11,707.0,4.4889,4.4712,1990-04-10
1990-04-12,706.2,4.4639999999999995,4.4889,1990-04-11
1990-04-13,706.4,4.4638,4.4639999999999995,1990-04-12
1990-04-16,706.5,4.4364,4.4638,1990-04-13
1990-04-17,706.9,4.4277999999999995,4.4364,1990-04-16
1990-04-18,707.1,4.4166,4.4277999999999995,1990-04-17
1990-04-19,707.0,4.4578,4.4166,1990-04-18
1990-04-20,705.7,4.5064,4.4578,1990-04-19
1990-04-23,705.1,4.4839,4.5064,1990-04-20
1990-04-24,705.1,4.4655000000000005,4.4839,1990-04-23
1990-04-25,705.6,4.4391,4.4655000000000005,1990-04-24
1990-04-26,706.2,4.4536,4.4391,1990-04-25
1990-04-27,706.6,4.4329,4.4536,1990-04-26
1990-04-30,707.0,4.4361,4.4329,1990-04-27
1990-05-01,706.4,4.4414,4.4361,1990-04-30
1990-05-03,705.8,4.4743,4.4414,1990-05-01
1990-05-04,705.5,4.4617,4.4743,1990-05-03
1990-05-07,705.8,4.458600000000001,4.4617,1990-05-04
1990-05-08,707.3,4.470899999999999,4.458600000000001,1990-05-07
1990-05-09,707.9,4.5017000000000005,4.470899999999999,1990-05-08
1990-05-10,707.5,4.522200000000001,4.5017000000000005,1990-05-09
1990-05-11,707.6,4.5432,4.522200000000001,1990-05-10
1990-05-14,707.7,4.6331,4.5432,1990-05-11
1990-05-15,708.1,4.6678,4.6331,1990-05-14
1990-05-16,708.5,4.7061,4.6678,1990-05-15
1990-05-17,708.9,4.6638,4.7061,1990-05-16
1990-05-18,709.2,4.6566,4.6638,1990-05-17
1990-05-21,710.0,4.6269,4.6566,1990-05-18
1990-05-22,711.7,4.638,4.6269,1990-05-21
1990-05-23,712.0,4.7028,4.638,1990-05-22
1990-05-24,711.5,4.6933,4.7028,1990-05-23
1990-05-25,711.8,4.7264,4.6933,1990-05-24
1990-05-28,711.9,4.7587,4.7264,1990-05-25
1990-05-29,712.0,4.7785,4.7587,1990-05-28
1990-05-30,712.5,4.7092,4.7785,1990-05-29
1990-05-31,712.3,4.7017,4.7092,1990-05-30
1990-06-01,711.3,4.6658,4.7017,1990-05-31
1990-06-04,711.5,4.6594999999999995,4.6658,1990-06-01
1990-06-05,713.1,4.6822,4.6594999999999995,1990-06-04
1990-06-07,713.7,4.6815,4.6822,1990-06-05
1990-06-08,714.3,4.680899999999999,4.6815,1990-06-07
1990-06-11,715.1,4.6632,4.680899999999999,1990-06-08
1990-06-12,715.9,4.6382,4.6632,1990-06-11
1990-06-13,716.2,4.6221,4.6382,1990-06-12
1990-06-14,716.1,4.647,4.6221,1990-06-13
1990-06-15,715.8,4.6366000000000005,4.647,1990-06-14
1990-06-18,716.2,4.6582,4.6366000000000005,1990-06-15
1990-06-19,716.7,4.666,4.6582,1990-06-18
1990-06-20,716.5,4.6602,4.666,1990-06-19
1990-06-21,716.1,4.641,4.6602,1990-06-20
1990-06-22,716.2,4.6221,4.641,1990-06-21
1990-06-25,716.8,4.6126,4.6221,1990-06-22
1990-06-26,716.8,4.6141000000000005,4.6126,1990-06-25
1990-06-27,716.6,4.6412,4.6141000000000005,1990-06-26
1990-06-28,716.5,4.633,4.6412,1990-06-27
1990-06-29,716.2,4.6765,4.633,1990-06-28
1990-07-02,716.0,4.7120999999999995,4.6765,1990-06-29
1990-07-03,715.5,4.7321,4.7120999999999995,1990-07-02
1990-07-04,715.9,4.7647,4.7321,1990-07-03
1990-07-05,715.9,4.7584,4.7647,1990-07-04
1990-07-06,716.0,4.7354,4.7584,1990-07-05
1990-07-09,716.8,4.7267,4.7354,1990-07-06
1990-07-10,717.5,4.7627,4.7267,1990-07-09
1990-07-11,717.4,4.8359,4.7627,1990-07-10
1990-07-12,716.9,4.8211,4.8359,1990-07-11
1990-07-13,716.0,4.8608,4.8211,1990-07-12
1990-07-16,716.0,4.8313,4.8608,1990-07-13
1990-07-18,715.9,4.8486,4.8313,1990-07-16
1990-07-19,715.6,4.8302,4.8486,1990-07-18
1990-07-20,715.4,4.8338,4.8302,1990-07-19
1990-07-23,715.6,4.8237,4.8338,1990-07-20
1990-07-24,715.6,4.8302,4.8237,1990-07-23
1990-07-25,715.6,4.805899999999999,4.8302,1990-07-24
1990-07-26,715.4,4.7677,4.805899999999999,1990-07-25
1990-07-27,715.4,4.7614,4.7677,1990-07-26
1990-07-30,715.3,4.7991,4.7614,1990-07-27
1990-07-31,715.1,4.8399,4.7991,1990-07-30
1990-08-01,714.1,4.892799999999999,4.8399,1990-07-31
1990-08-02,713.5,4.8537,4.892799999999999,1990-08-01
1990-08-03,713.4,4.7671,4.8537,1990-08-02
1990-08-06,714.3,4.7627999999999995,4.7671,1990-08-03
1990-08-07,715.1,4.7468,4.7627999999999995,1990-08-06
1990-08-08,715.5,4.7463,4.7468,1990-08-07
1990-08-09,715.0,4.7825999999999995,4.7463,1990-08-08
1990-08-10,715.4,4.7773,4.7825999999999995,1990-08-09
1990-08-13,716.3,4.7753,4.7773,1990-08-10
1990-08-14,717.1,4.7743,4.7753,1990-08-13
1990-08-16,716.9,4.8669,4.7743,1990-08-14
1990-08-17,717.7,4.8658,4.8669,1990-08-16
1990-08-20,717.5,4.8562,4.8658,1990-08-17
1990-08-21,716.6,4.8931,4.8562,1990-08-20
1990-08-22,716.2,4.885400000000001,4.8931,1990-08-21
1990-08-23,715.5,4.8957,4.885400000000001,1990-08-22
1990-08-24,715.7,4.9071,4.8957,1990-08-23
1990-08-27,715.9,4.9203,4.9071,1990-08-24
1990-08-28,715.2,4.9718,4.9203,1990-08-27
1990-08-29,714.8,4.9951,4.9718,1990-08-28
1990-08-30,714.4,4.9749,4.9951,1990-08-29
1990-08-31,714.0,4.948,4.9749,1990-08-30
1990-09-03,713.3,4.9655000000000005,4.948,1990-08-31
1990-09-04,713.4,4.968,4.9655000000000005,1990-09-03
1990-09-05,714.1,4.992,4.968,1990-09-04
1990-09-06,715.0,5.0619,4.992,1990-09-05
1990-09-07,715.8,5.1001,5.0619,1990-09-06
1990-09-10,716.3,5.1338,5.1001,1990-09-07
1990-09-11,716.2,5.1157,5.1338,1990-09-10
1990-09-12,715.3,5.125800000000001,5.1157,1990-09-11
1990-09-13,715.5,5.2036,5.125800000000001,1990-09-12
1990-09-14,716.0,5.2531,5.2036,1990-09-13
1990-09-17,716.5,5.2528999999999995,5.2531,1990-09-14
1990-09-18,716.5,5.2318,5.2528999999999995,1990-09-17
1990-09-19,715.6,5.178,5.2318,1990-09-18
1990-09-20,715.1,5.2101999999999995,5.178,1990-09-19
1990-09-21,715.2,5.1901,5.2101999999999995,1990-09-20
1990-09-24,715.2,5.2559000000000005,5.1901,1990-09-21
1990-09-25,714.3,5.223400000000001,5.2559000000000005,1990-09-24
1990-09-26,713.9,5.23,5.223400000000001,1990-09-25
1990-09-27,713.5,5.1985,5.23,1990-09-26
1990-09-28,713.0,5.1499,5.1985,1990-09-27
1990-10-05,712.9,5.3381,5.1499,1990-09-28
1990-10-08,713.8,5.4178,5.3381,1990-10-05
1990-10-10,713.9,5.457999999999999,5.4178,1990-10-08
1990-10-11,714.3,5.5116,5.457999999999999,1990-10-10
1990-10-12,714.5,5.5066999999999995,5.5116,1990-10-11
1990-10-15,715.2,5.5527999999999995,5.5066999999999995,1990-10-12
1990-10-16,716.0,5.5916,5.5527999999999995,1990-10-15
1990-10-17,715.6,5.6815999999999995,5.5916,1990-10-16
1990-10-18,714.8,5.6911000000000005,5.6815999999999995,1990-10-17
1990-10-19,715.5,5.747000000000001,5.6911000000000005,1990-10-18
1990-10-22,716.0,5.7006,5.747000000000001,1990-10-19
1990-10-23,716.0,5.6578,5.7006,1990-10-22
1990-10-24,716.9,5.5942,5.6578,1990-10-23
1990-10-25,716.5,5.6484000000000005,5.5942,1990-10-24
1990-10-26,715.7,5.5936,5.6484000000000005,1990-10-25
1990-10-29,714.8,5.5997,5.5936,1990-10-26
1990-10-30,714.0,5.550800000000001,5.5997,1990-10-29
1990-10-31,713.8,5.520499999999999,5.550800000000001,1990-10-30
1990-11-01,713.6,5.474500000000001,5.520499999999999,1990-10-31
1990-11-02,713.9,5.508500000000001,5.474500000000001,1990-11-01
1990-11-05,714.6,5.6091,5.508500000000001,1990-11-02
1990-11-06,715.4,5.659800000000001,5.6091,1990-11-05
1990-11-07,715.5,5.5877,5.659800000000001,1990-11-06
1990-11-08,715.5,5.531499999999999,5.5877,1990-11-07
1990-11-09,715.3,5.4791,5.531499999999999,1990-11-08
1990-11-12,715.1,5.525399999999999,5.4791,1990-11-09
1990-11-13,715.1,5.5845,5.525399999999999,1990-11-12
1990-11-14,714.5,5.5182,5.5845,1990-11-13
1990-11-15,714.0,5.5285,5.5182,1990-11-14
1990-11-16,713.7,5.4963,5.5285,1990-11-15
1990-11-19,714.2,5.5363999999999995,5.4963,1990-11-16
1990-11-20,714.2,5.53,5.5363999999999995,1990-11-19
1990-11-21,714.4,5.5466,5.53,1990-11-20
1990-11-22,714.7,5.632000000000001,5.5466,1990-11-21
1990-11-23,714.6,5.626799999999999,5.632000000000001,1990-11-22
1990-11-26,714.0,5.604400000000001,5.626799999999999,1990-11-23
1990-11-27,713.3,5.5316,5.604400000000001,1990-11-26
1990-11-28,712.9,5.5587,5.5316,1990-11-27
1990-11-29,712.8,5.4726,5.5587,1990-11-28
1990-11-30,713.1,5.3216,5.4726,1990-11-29
1990-12-03,713.0,5.3933,5.3216,1990-11-30
1990-12-04,712.4,5.3065,5.3933,1990-12-03
1990-12-05,713.2,5.3523000000000005,5.3065,1990-12-04
1990-12-06,714.0,5.3323,5.3523000000000005,1990-12-05
1990-12-07,714.3,5.393,5.3323,1990-12-06
1990-12-10,714.9,5.471900000000001,5.393,1990-12-07
1990-12-11,715.5,5.4266,5.471900000000001,1990-12-10
1990-12-12,715.5,5.4123,5.4266,1990-12-11
1990-12-13,715.7,5.4467,5.4123,1990-12-12
1990-12-14,716.3,5.419099999999999,5.4467,1990-12-13
1990-12-17,717.0,5.3809000000000005,5.419099999999999,1990-12-14
1990-12-18,717.4,5.392,5.3809000000000005,1990-12-17
1990-12-19,717.4,5.4062,5.392,1990-12-18
1990-12-20,717.5,5.3565,5.4062,1990-12-19
1990-12-21,716.9,5.2752,5.3565,1990-12-20
1990-12-24,716.4,5.2686,5.2752,1990-12-21
1990-12-26,717.1,5.2709,5.2686,1990-12-24
1990-12-27,717.6,5.2514,5.2709,1990-12-26
1990-12-28,717.0,5.2604999999999995,5.2514,1990-12-27
1990-12-31,716.4,5.324400000000001,5.2604999999999995,1990-12-28
1991-01-03,716.7,5.3425,5.324400000000001,1990-12-31
1991-01-04,716.0,5.3875,5.3425,1991-01-03
1991-01-07,716.7,5.2757000000000005,5.3875,1991-01-04
1991-01-08,717.1,5.2612,5.2757000000000005,1991-01-07
1991-01-09,717.4,5.2384,5.2612,1991-01-08
1991-01-10,717.5,5.2622,5.2384,1991-01-09
1991-01-11,717.7,5.3420000000000005,5.2622,1991-01-10
1991-01-14,717.8,5.3013,5.3420000000000005,1991-01-11
1991-01-15,718.3,5.3088999999999995,5.3013,1991-01-14
1991-01-16,718.5,5.2734000000000005,5.3088999999999995,1991-01-15
1991-01-17,718.5,5.2103,5.2734000000000005,1991-01-16
1991-01-18,718.6,5.4091,5.2103,1991-01-17
1991-01-21,718.9,5.4298,5.4091,1991-01-18
1991-01-22,719.0,5.449,5.4298,1991-01-21
1991-01-23,719.4,5.4315,5.449,1991-01-22
1991-01-24,719.5,5.465199999999999,5.4315,1991-01-23
1991-01-25,718.8,5.4311,5.465199999999999,1991-01-24
1991-01-28,718.4,5.4137,5.4311,1991-01-25
1991-01-29,718.8,5.464099999999999,5.4137,1991-01-28
1991-01-30,719.2,5.4505,5.464099999999999,1991-01-29
1991-01-31,719.0,5.478899999999999,5.4505,1991-01-30
1991-02-01,718.7,5.4737,5.478899999999999,1991-01-31
1991-02-04,719.4,5.4874,5.4737,1991-02-01
1991-02-05,720.2,5.5124,5.4874,1991-02-04
1991-02-06,720.1,5.5649,5.5124,1991-02-05
1991-02-07,720.5,5.6157,5.5649,1991-02-06
1991-02-08,721.1,5.609500000000001,5.6157,1991-02-07
1991-02-11,722.0,5.6561,5.609500000000001,1991-02-08
1991-02-12,722.4,5.6613999999999995,5.6561,1991-02-11
1991-02-13,721.5,5.599500000000001,5.6613999999999995,1991-02-12
1991-02-18,721.0,5.5291,5.599500000000001,1991-02-13
1991-02-19,721.3,5.5357,5.5291,1991-02-18
1991-02-20,722.2,5.4878,5.5357,1991-02-19
1991-02-21,721.6,5.4937000000000005,5.4878,1991-02-20
1991-02-22,722.0,5.4967999999999995,5.4937000000000005,1991-02-21
1991-02-25,722.9,5.4507,5.4967999999999995,1991-02-22
1991-02-26,723.8,5.4502999999999995,5.4507,1991-02-25
1991-02-27,724.4,5.461,5.4502999999999995,1991-02-26
1991-02-28,724.4,5.4837,5.461,1991-02-27
1991-03-04,724.2,5.3744000000000005,5.4837,1991-02-28
1991-03-05,725.0,5.354500000000001,5.3744000000000005,1991-03-04
1991-03-06,724.9,5.3184000000000005,5.354500000000001,1991-03-05
1991-03-07,724.7,5.3424000000000005,5.3184000000000005,1991-03-06
1991-03-08,724.8,5.357,5.3424000000000005,1991-03-07
1991-03-11,724.8,5.2809,5.357,1991-03-08
1991-03-12,725.1,5.2582,5.2809,1991-03-11
1991-03-13,725.3,5.3587,5.2582,1991-03-12
1991-03-14,725.2,5.3422,5.3587,1991-03-13
1991-03-15,725.0,5.313300000000001,5.3422,1991-03-14
1991-03-18,725.4,5.2661,5.313300000000001,1991-03-15
1991-03-19,725.8,5.240399999999999,5.2661,1991-03-18
1991-03-20,726.0,5.2495,5.240399999999999,1991-03-19
1991-03-21,725.7,5.2513,5.2495,1991-03-20
1991-03-22,725.2,5.2992,5.2513,1991-03-21
1991-03-25,725.5,5.263,5.2992,1991-03-22
1991-03-27,725.7,5.2303,5.263,1991-03-25
1991-03-28,725.3,5.1880999999999995,5.2303,1991-03-27
1991-03-29,724.5,5.1401,5.1880999999999995,1991-03-28
1991-04-01,724.7,5.1507000000000005,5.1401,1991-03-29
1991-04-02,725.0,5.2177,5.1507000000000005,1991-04-01
1991-04-03,725.3,5.259600000000001,5.2177,1991-04-02
1991-04-04,725.3,5.2768,5.259600000000001,1991-04-03
1991-04-08,725.7,5.3009,5.2768,1991-04-04
1991-04-09,726.1,5.2942,5.3009,1991-04-08
1991-04-10,726.1,5.3745,5.2942,1991-04-09
1991-04-11,725.8,5.284299999999999,5.3745,1991-04-10
1991-04-12,725.8,5.3399,5.284299999999999,1991-04-11
1991-04-15,726.1,5.3441,5.3399,1991-04-12
1991-04-16,726.4,5.4068,5.3441,1991-04-15
1991-04-17,726.0,5.385800000000001,5.4068,1991-04-16
1991-04-18,725.1,5.3355,5.385800000000001,1991-04-17
1991-04-19,724.8,5.2713,5.3355,1991-04-18
1991-04-22,725.5,5.2251,5.2713,1991-04-19
1991-04-23,726.2,5.2301,5.2251,1991-04-22
1991-04-24,725.8,5.2747,5.2301,1991-04-23
1991-04-25,724.9,5.245299999999999,5.2747,1991-04-24
1991-04-26,724.7,5.261,5.245299999999999,1991-04-25
1991-04-29,724.7,5.234400000000001,5.261,1991-04-26
1991-04-30,725.1,5.2888,5.234400000000001,1991-04-29
1991-05-01,724.5,5.3096000000000005,5.2888,1991-04-30
1991-05-02,724.5,5.251900000000001,5.3096000000000005,1991-05-01
1991-05-03,723.6,5.2461,5.251900000000001,1991-05-02
1991-05-06,723.0,5.2297,5.2461,1991-05-03
1991-05-07,723.5,5.221900000000001,5.2297,1991-05-06
1991-05-08,724.2,5.2478,5.221900000000001,1991-05-07
1991-05-09,724.4,5.2417,5.2478,1991-05-08
1991-05-10,726.0,5.2476,5.2417,1991-05-09
1991-05-13,726.9,5.2200999999999995,5.2476,1991-05-10
1991-05-14,727.5,5.2225,5.2200999999999995,1991-05-13
1991-05-15,727.8,5.269299999999999,5.2225,1991-05-14
1991-05-16,726.7,5.294700000000001,5.269299999999999,1991-05-15
1991-05-17,725.6,5.269400000000001,5.294700000000001,1991-05-16
1991-05-20,725.4,5.2357000000000005,5.269400000000001,1991-05-17
1991-05-22,725.9,5.2774,5.2357000000000005,1991-05-20
1991-05-23,726.7,5.2659,5.2774,1991-05-22
1991-05-24,726.0,5.2703999999999995,5.2659,1991-05-23
1991-05-27,725.1,5.2411,5.2703999999999995,1991-05-24
1991-05-28,725.1,5.2411,5.2411,1991-05-27
1991-05-29,724.4,5.2626,5.2411,1991-05-28
1991-05-30,723.2,5.2425,5.2626,1991-05-29
1991-05-31,723.0,5.2467,5.2425,1991-05-30
1991-06-03,722.6,5.223,5.2467,1991-05-31
1991-06-04,723.8,5.2016,5.223,1991-06-03
1991-06-05,726.0,5.230499999999999,5.2016,1991-06-04
1991-06-07,725.8,5.2122,5.230499999999999,1991-06-05
1991-06-10,726.0,5.174600000000001,5.2122,1991-06-07
1991-06-11,727.0,5.136,5.174600000000001,1991-06-10
1991-06-12,726.5,5.1441,5.136,1991-06-11
1991-06-13,725.0,5.1056,5.1441,1991-06-12
1991-06-14,724.0,5.1275,5.1056,1991-06-13
1991-06-17,723.3,5.1371,5.1275,1991-06-14
1991-06-18,725.5,5.1564,5.1371,1991-06-17
1991-06-19,725.5,5.1425,5.1564,1991-06-18
1991-06-21,725.1,5.239199999999999,5.1425,1991-06-19
1991-06-24,726.4,5.205299999999999,5.239199999999999,1991-06-21
1991-06-25,728.5,5.2410000000000005,5.205299999999999,1991-06-24
1991-06-26,729.2,5.278300000000001,5.2410000000000005,1991-06-25
1991-06-27,727.4,5.2662,5.278300000000001,1991-06-26
1991-06-28,724.6,5.2564,5.2662,1991-06-27
1991-07-01,723.1,5.2265999999999995,5.2564,1991-06-28
1991-07-02,725.2,5.2437000000000005,5.2265999999999995,1991-07-01
1991-07-03,727.4,5.2312,5.2437000000000005,1991-07-02
1991-07-04,728.8,5.220599999999999,5.2312,1991-07-03
1991-07-05,728.8,5.2338,5.220599999999999,1991-07-04
1991-07-08,729.6,5.2679,5.2338,1991-07-05
1991-07-09,730.3,5.2615,5.2679,1991-07-08
1991-07-10,731.2,5.2718,5.2615,1991-07-09
1991-07-11,731.4,5.273300000000001,5.2718,1991-07-10
1991-07-12,731.6,5.2728,5.273300000000001,1991-07-11
1991-07-15,731.5,5.3453,5.2728,1991-07-12
1991-07-16,731.9,5.3384,5.3453,1991-07-15
1991-07-18,731.6,5.346,5.3384,1991-07-16
1991-07-19,731.3,5.328200000000001,5.346,1991-07-18
1991-07-22,731.3,5.355499999999999,5.328200000000001,1991-07-19
1991-07-23,730.6,5.3135,5.355499999999999,1991-07-22
1991-07-24,729.5,5.3209,5.3135,1991-07-23
1991-07-25,727.1,5.291799999999999,5.3209,1991-07-24
1991-07-26,725.1,5.227799999999999,5.291799999999999,1991-07-25
1991-07-29,725.5,5.2458,5.227799999999999,1991-07-26
1991-07-30,726.2,5.268,5.2458,1991-07-29
1991-07-31,726.1,5.2654,5.268,1991-07-30
1991-08-01,725.8,5.292000000000001,5.2654,1991-07-31
1991-08-02,726.5,5.2798,5.292000000000001,1991-08-01
1991-08-05,726.7,5.2986,5.2798,1991-08-02
1991-08-06,728.0,5.329400000000001,5.2986,1991-08-05
1991-08-07,728.1,5.3675,5.329400000000001,1991-08-06
1991-08-08,728.0,5.3668,5.3675,1991-08-07
1991-08-09,728.8,5.351,5.3668,1991-08-08
1991-08-12,729.9,5.3512,5.351,1991-08-09
1991-08-13,732.2,5.3661,5.3512,1991-08-12
1991-08-14,733.9,5.3825,5.3661,1991-08-13
1991-08-16,733.9,5.347799999999999,5.3825,1991-08-14
1991-08-19,734.0,5.347899999999999,5.347799999999999,1991-08-16
1991-08-20,734.4,5.3083,5.347899999999999,1991-08-19
1991-08-21,733.6,5.343,5.3083,1991-08-20
1991-08-22,731.2,5.3509,5.343,1991-08-21
1991-08-23,730.8,5.348,5.3509,1991-08-22
1991-08-26,731.9,5.3443,5.348,1991-08-23
1991-08-27,733.2,5.3567,5.3443,1991-08-26
1991-08-28,733.0,5.3445,5.3567,1991-08-27
1991-08-29,733.2,5.3655,5.3445,1991-08-28
1991-08-30,733.8,5.3503,5.3655,1991-08-29
1991-09-02,735.6,5.3772,5.3503,1991-08-30
1991-09-03,735.8,5.3814,5.3772,1991-09-02
1991-09-04,739.8,5.4457,5.3814,1991-09-03
1991-09-05,739.4,5.4649,5.4457,1991-09-04
1991-09-06,739.0,5.4398,5.4649,1991-09-05
1991-09-09,740.2,5.472799999999999,5.4398,1991-09-06
1991-09-10,741.8,5.502999999999999,5.472799999999999,1991-09-09
1991-09-11,740.5,5.489299999999999,5.502999999999999,1991-09-10
1991-09-12,739.5,5.5022,5.489299999999999,1991-09-11
1991-09-13,740.2,5.5095,5.5022,1991-09-12
1991-09-16,740.9,5.525,5.5095,1991-09-13
1991-09-17,741.1,5.544,5.525,1991-09-16
1991-09-18,737.3,5.5084,5.544,1991-09-17
1991-09-19,735.3,5.4689,5.5084,1991-09-18
1991-09-20,737.6,5.4799,5.4689,1991-09-19
1991-09-24,740.8,5.572,5.4799,1991-09-20
1991-09-25,742.6,5.5646,5.572,1991-09-24
1991-09-26,740.5,5.5592999999999995,5.5646,1991-09-25
1991-09-27,742.0,5.5435,5.5592999999999995,1991-09-26
1991-09-30,741.5,5.5773,5.5435,1991-09-27
1991-10-01,741.6,5.5718,5.5773,1991-09-30
1991-10-02,743.1,5.5755,5.5718,1991-10-01
1991-10-04,744.4,5.728400000000001,5.5755,1991-10-02
1991-10-07,747.0,5.7728,5.728400000000001,1991-10-04
1991-10-08,750.9,5.802899999999999,5.7728,1991-10-07
1991-10-09,750.9,5.7562,5.802899999999999,1991-10-08
1991-10-10,750.5,5.785299999999999,5.7562,1991-10-09
1991-10-11,750.7,5.741499999999999,5.785299999999999,1991-10-10
1991-10-14,750.0,5.8219,5.741499999999999,1991-10-11
1991-10-15,750.1,5.7945,5.8219,1991-10-14
1991-10-16,749.9,5.770700000000001,5.7945,1991-10-15
1991-10-17,749.6,5.7639,5.770700000000001,1991-10-16
1991-10-18,750.2,5.8087,5.7639,1991-10-17
1991-10-21,749.5,5.7764999999999995,5.8087,1991-10-18
1991-10-22,748.2,5.7311000000000005,5.7764999999999995,1991-10-21
1991-10-23,748.1,5.6847,5.7311000000000005,1991-10-22
1991-10-24,750.0,5.7056,5.6847,1991-10-23
1991-10-25,750.3,5.7166,5.7056,1991-10-24
1991-10-28,750.4,5.687,5.7166,1991-10-25
1991-10-29,750.2,5.6619,5.687,1991-10-28
1991-10-30,750.1,5.7347,5.6619,1991-10-29
1991-10-31,750.3,5.7406,5.7347,1991-10-30
1991-11-01,751.9,5.7551,5.7406,1991-10-31
1991-11-04,752.8,5.8053,5.7551,1991-11-01
1991-11-05,753.2,5.8252,5.8053,1991-11-04
1991-11-06,751.7,5.7712,5.8252,1991-11-05
1991-11-07,751.5,5.791900000000001,5.7712,1991-11-06
1991-11-08,752.3,5.7758,5.791900000000001,1991-11-07
1991-11-11,752.1,5.7588,5.7758,1991-11-08
1991-11-12,752.1,5.7887,5.7588,1991-11-11
1991-11-13,752.2,5.7973,5.7887,1991-11-12
1991-11-14,751.3,5.7926,5.7973,1991-11-13
1991-11-15,751.9,5.801699999999999,5.7926,1991-11-14
1991-11-18,752.5,5.837899999999999,5.801699999999999,1991-11-15
1991-11-19,752.9,5.8161000000000005,5.837899999999999,1991-11-18
1991-11-20,752.8,5.8064,5.8161000000000005,1991-11-19
1991-11-21,754.0,5.8201,5.8064,1991-11-20
1991-11-22,754.8,5.8241,5.8201,1991-11-21
1991-11-25,754.9,5.842899999999999,5.8241,1991-11-22
1991-11-26,754.4,5.886900000000001,5.842899999999999,1991-11-25
1991-11-27,754.1,5.825399999999999,5.886900000000001,1991-11-26
1991-11-28,754.5,5.818200000000001,5.825399999999999,1991-11-27
1991-11-29,754.5,5.8083,5.818200000000001,1991-11-28
1991-12-02,754.5,5.810599999999999,5.8083,1991-11-29
1991-12-03,754.4,5.800800000000001,5.810599999999999,1991-12-02
1991-12-04,754.2,5.8375,5.800800000000001,1991-12-03
1991-12-05,754.6,5.8564,5.8375,1991-12-04
1991-12-06,755.1,5.8786000000000005,5.8564,1991-12-05
1991-12-09,755.0,5.8892,5.8786000000000005,1991-12-06
1991-12-10,755.9,5.8986,5.8892,1991-12-09
1991-12-11,756.5,5.8803,5.8986,1991-12-10
1991-12-12,756.9,5.8584000000000005,5.8803,1991-12-11
1991-12-13,756.6,5.8628,5.8584000000000005,1991-12-12
1991-12-16,757.3,5.8717,5.8628,1991-12-13
1991-12-17,758.0,5.9149,5.8717,1991-12-16
1991-12-18,758.2,5.9119,5.9149,1991-12-17
1991-12-19,758.2,5.900399999999999,5.9119,1991-12-18
1991-12-20,758.4,5.915800000000001,5.900399999999999,1991-12-19
1991-12-23,758.7,5.9583,5.915800000000001,1991-12-20
1991-12-24,759.0,5.9834000000000005,5.9583,1991-12-23
1991-12-26,758.8,5.986599999999999,5.9834000000000005,1991-12-24
1991-12-27,759.5,6.004,5.986599999999999,1991-12-26
1991-12-30,760.2,6.011900000000001,6.004,1991-12-27
1991-12-31,760.8,6.0718,6.011900000000001,1991-12-30
1992-01-03,760.8,6.1064,6.0718,1991-12-31
1992-01-06,759.0,6.121,6.1064,1992-01-03
1992-01-07,759.3,6.1507000000000005,6.121,1992-01-06
1992-01-08,761.0,6.157,6.1507000000000005,1992-01-07
1992-01-09,761.6,6.1207,6.157,1992-01-08
1992-01-10,762.6,6.064400000000001,6.1207,1992-01-09
1992-01-13,762.4,6.0197,6.064400000000001,1992-01-10
1992-01-14,763.0,6.007899999999999,6.0197,1992-01-13
1992-01-15,763.0,6.020700000000001,6.007899999999999,1992-01-14
1992-01-16,763.2,5.950900000000001,6.020700000000001,1992-01-15
1992-01-17,763.4,5.9617,5.950900000000001,1992-01-16
1992-01-20,763.5,6.2023,5.9617,1992-01-17
1992-01-21,763.7,6.1888,6.2023,1992-01-20
1992-01-22,764.3,6.1837,6.1888,1992-01-21
1992-01-23,764.5,6.1903,6.1837,1992-01-22
1992-01-24,764.6,6.1636,6.1903,1992-01-23
1992-01-27,764.5,6.1332,6.1636,1992-01-24
1992-01-28,764.5,6.1087,6.1332,1992-01-27
1992-01-29,763.6,6.0772,6.1087,1992-01-28
1992-01-30,762.6,6.076499999999999,6.0772,1992-01-29
1992-01-31,762.0,6.0596000000000005,6.076499999999999,1992-01-30
1992-02-06,762.3,6.0789,6.0596000000000005,1992-01-31
1992-02-07,763.8,6.08,6.0789,1992-02-06
1992-02-10,764.3,6.1022,6.08,1992-02-07
1992-02-11,765.0,6.0367,6.1022,1992-02-10
1992-02-12,765.0,6.0236,6.0367,1992-02-11
1992-02-13,764.4,5.995299999999999,6.0236,1992-02-12
1992-02-14,764.3,5.9875,5.995299999999999,1992-02-13
1992-02-17,765.3,5.9812,5.9875,1992-02-14
1992-02-18,765.4,6.024400000000001,5.9812,1992-02-17
1992-02-19,766.4,5.999199999999999,6.024400000000001,1992-02-18
1992-02-20,766.5,5.9765999999999995,5.999199999999999,1992-02-19
1992-02-21,767.4,5.9673,5.9765999999999995,1992-02-20
1992-02-24,767.9,5.9596,5.9673,1992-02-21
1992-02-25,768.2,5.950399999999999,5.9596,1992-02-24
1992-02-26,767.0,5.9059,5.950399999999999,1992-02-25
1992-02-27,767.3,5.932,5.9059,1992-02-26
1992-02-28,767.8,5.9403999999999995,5.932,1992-02-27
1992-03-02,768.2,5.9252,5.9403999999999995,1992-02-28
1992-03-03,768.6,5.926,5.9252,1992-03-02
1992-03-04,768.2,5.8664,5.926,1992-03-03
1992-03-05,768.3,5.8293,5.8664,1992-03-04
1992-03-06,768.3,5.820499999999999,5.8293,1992-03-05
1992-03-09,768.2,5.8307,5.820499999999999,1992-03-06
1992-03-11,769.0,5.7841,5.8307,1992-03-09
1992-03-12,769.5,5.761900000000001,5.7841,1992-03-11
1992-03-13,770.0,5.722799999999999,5.761900000000001,1992-03-12
1992-03-16,770.7,5.7536000000000005,5.722799999999999,1992-03-13
1992-03-17,771.4,5.7653,5.7536000000000005,1992-03-16
1992-03-18,771.1,5.7999,5.7653,1992-03-17
1992-03-19,772.4,5.8405,5.7999,1992-03-18
1992-03-20,773.4,5.7857,5.8405,1992-03-19
1992-03-23,773.3,5.7687,5.7857,1992-03-20
1992-03-25,773.8,5.794099999999999,5.7687,1992-03-23
1992-03-26,774.0,5.8043,5.794099999999999,1992-03-25
1992-03-27,774.0,5.7718,5.8043,1992-03-26
1992-03-30,774.4,5.8138,5.7718,1992-03-27
1992-03-31,775.1,5.8290999999999995,5.8138,1992-03-30
1992-04-01,775.0,5.8491,5.8290999999999995,1992-03-31
1992-04-02,775.0,5.7578,5.8491,1992-04-01
1992-04-03,775.0,5.7922,5.7578,1992-04-02
1992-04-06,775.6,5.8097,5.7922,1992-04-03
1992-04-07,776.9,5.8436,5.8097,1992-04-06
1992-04-08,777.4,5.825399999999999,5.8436,1992-04-07
1992-04-09,778.3,5.8717,5.825399999999999,1992-04-08
1992-04-10,779.4,5.9023,5.8717,1992-04-09
1992-04-13,779.7,5.8646,5.9023,1992-04-10
1992-04-14,780.3,5.858099999999999,5.8646,1992-04-13
1992-04-15,780.6,5.8626,5.858099999999999,1992-04-14
1992-04-16,780.5,5.853,5.8626,1992-04-15
1992-04-17,779.7,5.8252,5.853,1992-04-16
1992-04-20,777.6,5.7965,5.8252,1992-04-17
1992-04-21,777.8,5.7851,5.7965,1992-04-20
1992-04-22,779.3,5.8048,5.7851,1992-04-21
1992-04-23,780.1,5.8173,5.8048,1992-04-22
1992-04-24,779.9,5.7878,5.8173,1992-04-23
1992-04-27,778.6,5.771699999999999,5.7878,1992-04-24
1992-04-28,779.0,5.8462,5.771699999999999,1992-04-27
1992-04-29,779.3,5.8447000000000005,5.8462,1992-04-28
1992-04-30,778.8,5.8315,5.8447000000000005,1992-04-29
1992-05-01,778.4,5.8438,5.8315,1992-04-30
1992-05-04,778.5,5.8614999999999995,5.8438,1992-05-01
1992-05-06,780.6,5.875800000000001,5.8614999999999995,1992-05-04
1992-05-07,782.3,5.9198,5.875800000000001,1992-05-06
1992-05-08,782.4,5.9116,5.9198,1992-05-07
1992-05-11,782.7,5.8695,5.9116,1992-05-08
1992-05-12,783.4,5.8924,5.8695,1992-05-11
1992-05-13,782.1,5.993099999999999,5.8924,1992-05-12
1992-05-14,782.5,6.0378,5.993099999999999,1992-05-13
1992-05-15,783.2,6.0038,6.0378,1992-05-14
1992-05-18,783.6,6.044,6.0038,1992-05-15
1992-05-19,784.7,6.0828999999999995,6.044,1992-05-18
1992-05-20,783.4,6.0541,6.0828999999999995,1992-05-19
1992-05-21,782.9,6.0386,6.0541,1992-05-20
1992-05-22,784.0,6.0238,6.0386,1992-05-21
1992-05-25,784.8,6.0767,6.0238,1992-05-22
1992-05-26,784.9,6.0774,6.0767,1992-05-25
1992-05-27,785.4,6.0602,6.0774,1992-05-26
1992-05-28,783.3,6.0161,6.0602,1992-05-27
1992-05-29,783.3,6.058,6.0161,1992-05-28
1992-06-01,783.5,6.1499,6.058,1992-05-29
1992-06-02,785.1,6.174600000000001,6.1499,1992-06-01
1992-06-03,786.2,6.1639,6.174600000000001,1992-06-02
1992-06-04,786.4,6.1703,6.1639,1992-06-03
1992-06-05,787.3,6.189500000000001,6.1703,1992-06-04
1992-06-08,787.7,6.2170000000000005,6.189500000000001,1992-06-05
1992-06-09,787.6,6.1991,6.2170000000000005,1992-06-08
1992-06-10,787.1,6.1709000000000005,6.1991,1992-06-09
1992-06-11,788.8,6.1891,6.1709000000000005,1992-06-10
1992-06-12,789.3,6.2469,6.1891,1992-06-11
1992-06-15,789.3,6.2321,6.2469,1992-06-12
1992-06-16,789.6,6.2222,6.2321,1992-06-15
1992-06-17,790.3,6.2573,6.2222,1992-06-16
1992-06-18,790.9,6.2056,6.2573,1992-06-17
1992-06-19,791.4,6.234,6.2056,1992-06-18
1992-06-22,791.4,6.216799999999999,6.234,1992-06-19
1992-06-23,791.6,6.235499999999999,6.216799999999999,1992-06-22
1992-06-24,790.6,6.2105,6.235499999999999,1992-06-23
1992-06-25,790.9,6.2546,6.2105,1992-06-24
1992-06-26,790.4,6.3081,6.2546,1992-06-25
1992-06-29,790.2,6.2789,6.3081,1992-06-26
1992-06-30,790.2,6.2964,6.2789,1992-06-29
1992-07-01,790.1,6.288099999999999,6.2964,1992-06-30
1992-07-02,788.1,6.291,6.288099999999999,1992-07-01
1992-07-03,786.3,6.3335,6.291,1992-07-02
1992-07-06,785.7,6.2982000000000005,6.3335,1992-07-03
1992-07-07,786.8,6.3324,6.2982000000000005,1992-07-06
1992-07-08,786.2,6.348,6.3324,1992-07-07
1992-07-09,786.5,6.3071,6.348,1992-07-08
1992-07-10,786.6,6.2702,6.3071,1992-07-09
1992-07-13,787.1,6.291799999999999,6.2702,1992-07-10
1992-07-14,787.4,6.306799999999999,6.291799999999999,1992-07-13
1992-07-15,787.7,6.2915,6.306799999999999,1992-07-14
1992-07-16,787.9,6.2905999999999995,6.2915,1992-07-15
1992-07-20,786.4,6.3317,6.2905999999999995,1992-07-16
1992-07-21,786.7,6.2835,6.3317,1992-07-20
1992-07-22,786.9,6.2825999999999995,6.2835,1992-07-21
1992-07-23,786.6,6.210800000000001,6.2825999999999995,1992-07-22
1992-07-24,786.8,6.2173,6.210800000000001,1992-07-23
1992-07-27,787.4,6.1684,6.2173,1992-07-24
1992-07-28,788.3,6.177899999999999,6.1684,1992-07-27
1992-07-29,788.2,6.1844,6.177899999999999,1992-07-28
1992-07-30,787.5,6.162000000000001,6.1844,1992-07-29
1992-07-31,788.1,6.1739,6.162000000000001,1992-07-30
1992-08-03,787.2,6.1887,6.1739,1992-07-31
1992-08-04,788.7,6.2005,6.1887,1992-08-03
1992-08-05,789.6,6.2027,6.2005,1992-08-04
1992-08-06,789.2,6.1874,6.2027,1992-08-05
1992-08-07,789.2,6.1825,6.1874,1992-08-06
1992-08-10,788.8,6.181799999999999,6.1825,1992-08-07
1992-08-11,790.3,6.1742,6.181799999999999,1992-08-10
1992-08-12,790.0,6.1743,6.1742,1992-08-11
1992-08-13,789.6,6.2051,6.1743,1992-08-12
1992-08-14,790.2,6.2466,6.2051,1992-08-13
1992-08-17,790.7,6.263,6.2466,1992-08-14
1992-08-18,791.6,6.29,6.263,1992-08-17
1992-08-19,791.5,6.2681,6.29,1992-08-18
1992-08-20,790.7,6.248099999999999,6.2681,1992-08-19
1992-08-21,790.7,6.260700000000001,6.248099999999999,1992-08-20
1992-08-24,790.8,6.3163,6.260700000000001,1992-08-21
1992-08-25,790.2,6.3401,6.3163,1992-08-24
1992-08-26,788.5,6.323200000000001,6.3401,1992-08-25
1992-08-27,786.8,6.2818,6.323200000000001,1992-08-26
1992-08-28,786.8,6.3020000000000005,6.2818,1992-08-27
1992-08-31,787.6,6.4085,6.3020000000000005,1992-08-28
1992-09-01,785.8,6.3938,6.4085,1992-08-31
1992-09-02,785.2,6.415,6.3938,1992-09-01
1992-09-03,785.5,6.3706,6.415,1992-09-02
1992-09-04,786.1,6.3421,6.3706,1992-09-03
1992-09-07,785.1,6.3726,6.3421,1992-09-04
1992-09-08,785.0,6.3563,6.3726,1992-09-07
1992-09-09,784.5,6.3989,6.3563,1992-09-08
1992-09-14,784.3,6.274400000000001,6.3989,1992-09-09
1992-09-15,786.0,6.333600000000001,6.274400000000001,1992-09-14
1992-09-16,786.0,6.318300000000001,6.333600000000001,1992-09-15
1992-09-17,784.5,6.2785,6.318300000000001,1992-09-16
1992-09-18,784.3,6.3047,6.2785,1992-09-17
1992-09-21,784.6,6.3427999999999995,6.3047,1992-09-18
1992-09-22,785.7,6.3748000000000005,6.3427999999999995,1992-09-21
1992-09-23,786.0,6.4838,6.3748000000000005,1992-09-22
1992-09-24,786.0,6.555499999999999,6.4838,1992-09-23
1992-09-25,786.1,6.5345,6.555499999999999,1992-09-24
1992-09-28,786.4,6.5397,6.5345,1992-09-25
1992-09-29,787.8,6.5952,6.5397,1992-09-28
1992-09-30,786.6,6.604500000000001,6.5952,1992-09-29
1992-10-01,785.2,6.5515,6.604500000000001,1992-09-30
1992-10-02,784.7,6.5501,6.5515,1992-10-01
1992-10-05,785.6,6.607200000000001,6.5501,1992-10-02
1992-10-06,786.6,6.5577,6.607200000000001,1992-10-05
1992-10-07,784.8,6.5646,6.5577,1992-10-06
1992-10-08,783.9,6.5121,6.5646,1992-10-07
1992-10-09,784.2,6.4464,6.5121,1992-10-08
1992-10-12,784.7,6.471799999999999,6.4464,1992-10-09
1992-10-13,784.7,6.495900000000001,6.471799999999999,1992-10-12
1992-10-14,784.3,6.4765,6.495900000000001,1992-10-13
1992-10-15,783.1,6.4853,6.4765,1992-10-14
1992-10-16,782.8,6.488200000000001,6.4853,1992-10-15
1992-10-19,783.0,6.5386,6.488200000000001,1992-10-16
1992-10-20,782.4,6.482200000000001,6.5386,1992-10-19
1992-10-21,782.0,6.3941,6.482200000000001,1992-10-20
1992-10-22,782.9,6.388400000000001,6.3941,1992-10-21
1992-10-23,782.8,6.5017,6.388400000000001,1992-10-22
1992-10-26,782.7,6.439299999999999,6.5017,1992-10-23
1992-10-27,783.3,6.4221,6.439299999999999,1992-10-26
1992-10-28,783.4,6.4276,6.4221,1992-10-27
1992-10-29,782.6,6.3652,6.4276,1992-10-28
1992-10-30,782.5,6.3515,6.3652,1992-10-29
1992-11-02,782.4,6.3327,6.3515,1992-10-30
1992-11-03,782.1,6.33,6.3327,1992-11-02
1992-11-04,782.0,6.3837,6.33,1992-11-03
1992-11-05,782.0,6.3655,6.3837,1992-11-04
1992-11-06,782.1,6.3637,6.3655,1992-11-05
1992-11-09,782.0,6.329400000000001,6.3637,1992-11-06
1992-11-10,782.5,6.2978,6.329400000000001,1992-11-09
1992-11-11,782.5,6.313,6.2978,1992-11-10
1992-11-12,782.4,6.3148,6.313,1992-11-11
1992-11-13,782.1,6.3174,6.3148,1992-11-12
1992-11-16,782.4,6.3021,6.3174,1992-11-13
1992-11-17,783.4,6.2798,6.3021,1992-11-16
1992-11-18,785.1,6.3187,6.2798,1992-11-17
1992-11-19,786.4,6.3547,6.3187,1992-11-18
1992-11-20,786.2,6.3608,6.3547,1992-11-19
1992-11-23,787.5,6.3317,6.3608,1992-11-20
1992-11-24,788.3,6.3624,6.3317,1992-11-23
1992-11-25,786.5,6.3589,6.3624,1992-11-24
1992-11-26,785.5,6.35,6.3589,1992-11-25
1992-11-27,785.4,6.3313,6.35,1992-11-26
1992-11-30,785.1,6.3086,6.3313,1992-11-27
1992-12-01,784.7,6.2927,6.3086,1992-11-30
1992-12-02,785.3,6.3178,6.2927,1992-12-01
1992-12-03,786.0,6.3158,6.3178,1992-12-02
1992-12-04,785.4,6.3034,6.3158,1992-12-03
1992-12-07,786.3,6.2904,6.3034,1992-12-04
1992-12-08,788.0,6.3574,6.2904,1992-12-07
1992-12-09,789.3,6.3661,6.3574,1992-12-08
1992-12-10,789.5,6.364400000000001,6.3661,1992-12-09
1992-12-11,789.1,6.3766,6.364400000000001,1992-12-10
1992-12-14,790.2,6.3812999999999995,6.3766,1992-12-11
1992-12-15,791.0,6.3892999999999995,6.3812999999999995,1992-12-14
1992-12-16,790.5,6.375,6.3892999999999995,1992-12-15
1992-12-17,789.3,6.409299999999999,6.375,1992-12-16
1992-12-21,788.8,6.4052,6.409299999999999,1992-12-17
1992-12-22,790.9,6.4327,6.4052,1992-12-21
1992-12-23,790.6,6.3887,6.4327,1992-12-22
1992-12-24,789.4,6.3738,6.3887,1992-12-23
1992-12-28,789.2,6.367100000000001,6.3738,1992-12-24
1992-12-29,789.7,6.3328,6.367100000000001,1992-12-28
1992-12-30,789.3,6.334700000000001,6.3328,1992-12-29
1992-12-31,788.4,6.33,6.334700000000001,1992-12-30
1993-01-04,786.6,6.2978,6.33,1992-12-31
1993-01-05,788.2,6.2955,6.2978,1993-01-04
1993-01-06,790.3,6.33,6.2955,1993-01-05
1993-01-07,791.1,6.3212,6.33,1993-01-06
1993-01-08,791.9,6.3226,6.3212,1993-01-07
1993-01-11,792.5,6.3248,6.3226,1993-01-08
1993-01-12,792.0,6.325900000000001,6.3248,1993-01-11
1993-01-13,791.1,6.3111,6.325900000000001,1993-01-12
1993-01-14,792.2,6.307300000000001,6.3111,1993-01-13
1993-01-15,793.3,6.3027999999999995,6.307300000000001,1993-01-14
1993-01-18,792.7,6.3013,6.3027999999999995,1993-01-15
1993-01-19,792.7,6.3176,6.3013,1993-01-18
1993-01-20,791.1,6.3048,6.3176,1993-01-19
1993-01-21,791.4,6.3439,6.3048,1993-01-20
1993-01-25,792.5,6.3450999999999995,6.3439,1993-01-21
1993-01-26,794.2,6.422999999999999,6.3450999999999995,1993-01-25
1993-01-27,794.3,6.4186000000000005,6.422999999999999,1993-01-26
1993-01-28,793.4,6.3854999999999995,6.4186000000000005,1993-01-27
1993-01-29,793.1,6.3575,6.3854999999999995,1993-01-28
1993-02-01,794.0,6.3673,6.3575,1993-01-29
1993-02-02,795.8,6.3588,6.3673,1993-02-01
1993-02-03,796.2,6.3773,6.3588,1993-02-02
1993-02-04,796.0,6.4013,6.3773,1993-02-03
1993-02-05,796.5,6.3848,6.4013,1993-02-04
1993-02-08,797.4,6.4151,6.3848,1993-02-05
1993-02-09,798.0,6.4407000000000005,6.4151,1993-02-08
1993-02-10,797.7,6.5817,6.4407000000000005,1993-02-09
1993-02-11,796.6,6.5483,6.5817,1993-02-10
1993-02-12,797.5,6.6073,6.5483,1993-02-11
1993-02-15,796.6,6.5862,6.6073,1993-02-12
1993-02-16,796.7,6.5816,6.5862,1993-02-15
1993-02-17,797.1,6.6619,6.5816,1993-02-16
1993-02-18,796.6,6.652200000000001,6.6619,1993-02-17
1993-02-19,796.8,6.6986,6.652200000000001,1993-02-18
1993-02-22,796.9,6.7620000000000005,6.6986,1993-02-19
1993-02-23,796.3,6.843999999999999,6.7620000000000005,1993-02-22
1993-02-24,795.5,6.7789,6.843999999999999,1993-02-23
1993-02-25,795.3,6.7627999999999995,6.7789,1993-02-24
1993-02-26,795.5,6.744400000000001,6.7627999999999995,1993-02-25
1993-03-02,794.9,6.6967,6.744400000000001,1993-02-26
1993-03-03,794.4,6.756,6.6967,1993-03-02
1993-03-04,794.5,6.8022,6.756,1993-03-03
1993-03-05,793.4,6.8103,6.8022,1993-03-04
1993-03-08,792.8,6.744400000000001,6.8103,1993-03-05
1993-03-09,792.8,6.8022,6.744400000000001,1993-03-08
1993-03-11,792.1,6.7099,6.8022,1993-03-09
1993-03-12,793.5,6.7561,6.7099,1993-03-11
1993-03-15,793.7,6.712899999999999,6.7561,1993-03-12
1993-03-16,792.2,6.6937,6.712899999999999,1993-03-15
1993-03-17,792.3,6.7764,6.6937,1993-03-16
1993-03-18,792.9,6.7654,6.7764,1993-03-17
1993-03-19,792.7,6.8454,6.7654,1993-03-18
1993-03-22,792.9,6.8206,6.8454,1993-03-19
1993-03-23,792.9,6.87,6.8206,1993-03-22
1993-03-24,793.1,6.8459,6.87,1993-03-23
1993-03-25,793.1,6.7613,6.8459,1993-03-24
1993-03-26,793.3,6.7673000000000005,6.7613,1993-03-25
1993-03-29,793.3,6.8241,6.7673000000000005,1993-03-26
1993-03-30,793.8,6.799099999999999,6.8241,1993-03-29
1993-03-31,794.0,6.824199999999999,6.799099999999999,1993-03-30
1993-04-01,794.0,6.898300000000001,6.824199999999999,1993-03-31
1993-04-02,795.2,6.9754,6.898300000000001,1993-04-01
1993-04-06,795.6,7.0035,6.9754,1993-04-02
1993-04-07,796.5,6.9716,7.0035,1993-04-06
1993-04-08,796.2,7.005700000000001,6.9716,1993-04-07
1993-04-09,796.0,7.0101,7.005700000000001,1993-04-08
1993-04-12,795.8,7.0394000000000005,7.0101,1993-04-09
1993-04-13,795.9,7.0652,7.0394000000000005,1993-04-12
1993-04-14,795.7,7.0199,7.0652,1993-04-13
1993-04-15,795.8,7.0022,7.0199,1993-04-14
1993-04-16,795.9,7.0309,7.0022,1993-04-15
1993-04-19,795.7,7.1267,7.0309,1993-04-16
1993-04-20,796.0,7.1551,7.1267,1993-04-19
1993-04-21,795.8,7.2132,7.1551,1993-04-20
1993-04-22,795.6,7.1773,7.2132,1993-04-21
1993-04-23,796.0,7.22,7.1773,1993-04-22
1993-04-26,796.0,7.2167,7.22,1993-04-23
1993-04-27,796.1,7.188300000000001,7.2167,1993-04-26
1993-04-28,796.0,7.0976,7.188300000000001,1993-04-27
1993-04-29,795.9,7.119,7.0976,1993-04-28
1993-04-30,795.9,7.167000000000001,7.119,1993-04-29
1993-05-03,796.0,7.1793,7.167000000000001,1993-04-30
1993-05-04,796.8,7.1923,7.1793,1993-05-03
1993-05-06,796.8,7.2361,7.1923,1993-05-04
1993-05-07,797.3,7.2581,7.2361,1993-05-06
1993-05-10,798.3,7.2277,7.2581,1993-05-07
1993-05-11,799.5,7.1800999999999995,7.2277,1993-05-10
1993-05-12,800.3,7.1937,7.1800999999999995,1993-05-11
1993-05-13,799.4,7.1663,7.1937,1993-05-12
1993-05-14,800.3,7.1438999999999995,7.1663,1993-05-13
1993-05-17,801.7,7.2258,7.1438999999999995,1993-05-14
1993-05-18,801.9,7.2065,7.2258,1993-05-17
1993-05-19,801.1,7.178,7.2065,1993-05-18
1993-05-20,802.2,7.2499,7.178,1993-05-19
1993-05-21,802.6,7.2633,7.2499,1993-05-20
1993-05-24,801.8,7.2528,7.2633,1993-05-21
1993-05-25,801.2,7.2471,7.2528,1993-05-24
1993-05-26,801.3,7.337899999999999,7.2471,1993-05-25
1993-05-27,801.3,7.381900000000001,7.337899999999999,1993-05-26
1993-05-31,801.1,7.4348,7.381900000000001,1993-05-27
1993-06-01,802.2,7.4857,7.4348,1993-05-31
1993-06-02,803.3,7.5075,7.4857,1993-06-01
1993-06-03,802.9,7.4967,7.5075,1993-06-02
1993-06-04,803.7,7.4867,7.4967,1993-06-03
1993-06-07,803.8,7.4529,7.4867,1993-06-04
1993-06-08,803.2,7.496,7.4529,1993-06-07
1993-06-09,802.9,7.5532,7.496,1993-06-08
1993-06-10,801.8,7.5322,7.5532,1993-06-09
1993-06-11,801.3,7.5559,7.5322,1993-06-10
1993-06-14,801.2,7.5621,7.5559,1993-06-11
1993-06-15,801.5,7.6261,7.5621,1993-06-14
1993-06-16,802.0,7.5768,7.6261,1993-06-15
1993-06-17,801.9,7.5225,7.5768,1993-06-16
1993-06-18,802.0,7.4709,7.5225,1993-06-17
1993-06-21,802.2,7.3327,7.4709,1993-06-18
1993-06-22,803.4,7.2673,7.3327,1993-06-21
1993-06-23,804.2,7.2647,7.2673,1993-06-22
1993-06-24,803.2,7.3722,7.2647,1993-06-23
1993-06-25,802.6,7.3904,7.3722,1993-06-24
1993-06-28,802.9,7.610399999999999,7.3904,1993-06-25
1993-06-29,803.8,7.5581,7.610399999999999,1993-06-28
1993-06-30,803.7,7.5274,7.5581,1993-06-29
1993-07-01,803.2,7.5171,7.5274,1993-06-30
1993-07-02,803.1,7.425800000000001,7.5171,1993-07-01
1993-07-05,803.4,7.3828,7.425800000000001,1993-07-02
1993-07-06,804.4,7.3764,7.3828,1993-07-05
1993-07-07,804.4,7.391,7.3764,1993-07-06
1993-07-08,804.1,7.4905,7.391,1993-07-07
1993-07-09,804.4,7.4138,7.4905,1993-07-08
1993-07-12,805.1,7.310499999999999,7.4138,1993-07-09
1993-07-13,806.2,7.381799999999999,7.310499999999999,1993-07-12
1993-07-14,805.9,7.458600000000001,7.381799999999999,1993-07-13
1993-07-15,806.2,7.517,7.458600000000001,1993-07-14
1993-07-16,807.5,7.462999999999999,7.517,1993-07-15
1993-07-19,807.8,7.49,7.462999999999999,1993-07-16
1993-07-20,808.8,7.4681,7.49,1993-07-19
1993-07-21,808.0,7.4763,7.4681,1993-07-20
1993-07-22,807.8,7.466799999999999,7.4763,1993-07-21
1993-07-23,808.5,7.6166,7.466799999999999,1993-07-22
1993-07-26,808.7,7.5615,7.6166,1993-07-23
1993-07-27,809.0,7.5927,7.5615,1993-07-26
1993-07-28,807.6,7.5974,7.5927,1993-07-27
1993-07-29,806.7,7.6176,7.5974,1993-07-28
1993-07-30,806.6,7.587999999999999,7.6176,1993-07-29
1993-08-02,806.6,7.7002,7.587999999999999,1993-07-30
1993-08-03,806.7,7.7244,7.7002,1993-08-02
1993-08-04,806.3,7.715800000000001,7.7244,1993-08-03
1993-08-05,806.0,7.6835,7.715800000000001,1993-08-04
1993-08-06,806.5,7.734400000000001,7.6835,1993-08-05
1993-08-09,808.2,7.7303,7.734400000000001,1993-08-06
1993-08-10,809.1,7.7094,7.7303,1993-08-09
1993-08-11,807.9,7.72,7.7094,1993-08-10
1993-08-12,809.1,7.8098,7.72,1993-08-11
1993-08-13,809.9,7.8669,7.8098,1993-08-12
1993-08-16,809.2,7.9528,7.8669,1993-08-13
1993-08-17,810.4,7.9897,7.9528,1993-08-16
1993-08-18,810.4,7.988200000000001,7.9897,1993-08-17
1993-08-19,809.9,7.9675,7.988200000000001,1993-08-18
1993-08-20,810.6,7.731,7.9675,1993-08-19
1993-08-23,810.9,7.804600000000001,7.731,1993-08-20
1993-08-24,810.7,7.867100000000001,7.804600000000001,1993-08-23
1993-08-25,809.7,7.8096,7.867100000000001,1993-08-24
1993-08-26,809.0,7.7232,7.8096,1993-08-25
1993-08-27,808.3,7.7165,7.7232,1993-08-26
1993-08-30,808.5,7.7928,7.7165,1993-08-27
1993-08-31,808.4,7.7731,7.7928,1993-08-30
1993-09-01,808.1,7.7035,7.7731,1993-08-31
1993-09-02,808.3,7.6616,7.7035,1993-09-01
1993-09-03,807.4,7.635,7.6616,1993-09-02
1993-09-06,807.6,7.7024,7.635,1993-09-03
1993-09-07,808.3,7.7498,7.7024,1993-09-06
1993-09-08,808.1,7.7553,7.7498,1993-09-07
1993-09-09,807.4,7.649500000000001,7.7553,1993-09-08
1993-09-10,807.3,7.6579,7.649500000000001,1993-09-09
1993-09-13,807.5,7.614299999999999,7.6579,1993-09-10
1993-09-14,808.6,7.612100000000001,7.614299999999999,1993-09-13
1993-09-15,808.8,7.619400000000001,7.612100000000001,1993-09-14
1993-09-16,808.7,7.7314,7.619400000000001,1993-09-15
1993-09-17,809.0,7.750900000000001,7.7314,1993-09-16
1993-09-20,810.1,7.7373,7.750900000000001,1993-09-17
1993-09-21,811.1,7.757999999999999,7.7373,1993-09-20
1993-09-22,809.7,7.602799999999999,7.757999999999999,1993-09-21
1993-09-23,808.9,7.6064,7.602799999999999,1993-09-22
1993-09-24,808.9,7.641900000000001,7.6064,1993-09-23
1993-09-27,808.9,7.6311,7.641900000000001,1993-09-24
1993-09-28,808.8,7.619400000000001,7.6311,1993-09-27
1993-10-04,809.1,7.6079,7.619400000000001,1993-09-28
1993-10-05,812.0,7.6876,7.6079,1993-10-04
1993-10-06,813.1,7.678,7.6876,1993-10-05
1993-10-07,812.1,7.6976,7.678,1993-10-06
1993-10-08,811.4,7.7239,7.6976,1993-10-07
1993-10-11,811.2,7.6474,7.7239,1993-10-08
1993-10-12,812.2,7.6637,7.6474,1993-10-11
1993-10-13,811.4,7.6801,7.6637,1993-10-12
1993-10-14,810.6,7.6616,7.6801,1993-10-13
1993-10-15,810.4,7.5632,7.6616,1993-10-14
1993-10-18,810.3,7.5729,7.5632,1993-10-15
1993-10-19,809.5,7.5372,7.5729,1993-10-18
1993-10-20,809.6,7.5734,7.5372,1993-10-19
1993-10-21,809.5,7.5443,7.5734,1993-10-20
1993-10-22,809.2,7.4777,7.5443,1993-10-21
1993-10-25,809.1,7.4688,7.4777,1993-10-22
1993-10-26,809.0,7.4459,7.4688,1993-10-25
1993-10-27,809.4,7.4872,7.4459,1993-10-26
1993-10-28,809.4,7.4496,7.4872,1993-10-27
1993-10-29,808.9,7.4829,7.4496,1993-10-28
1993-11-01,808.2,7.4386,7.4829,1993-10-29
1993-11-02,807.6,7.4571,7.4386,1993-11-01
1993-11-03,807.3,7.485399999999999,7.4571,1993-11-02
1993-11-04,807.3,7.4993,7.485399999999999,1993-11-03
1993-11-05,807.1,7.450399999999999,7.4993,1993-11-04
1993-11-08,807.2,7.4499,7.450399999999999,1993-11-05
1993-11-09,807.3,7.4923,7.4499,1993-11-08
1993-11-10,807.3,7.4781,7.4923,1993-11-09
1993-11-11,806.4,7.5259,7.4781,1993-11-10
1993-11-12,805.4,7.5589,7.5259,1993-11-11
1993-11-15,805.9,7.61,7.5589,1993-11-12
1993-11-16,806.9,7.569400000000001,7.61,1993-11-15
1993-11-17,807.6,7.544099999999999,7.569400000000001,1993-11-16
1993-11-18,808.1,7.5541,7.544099999999999,1993-11-17
1993-11-19,807.5,7.5232,7.5541,1993-11-18
1993-11-22,806.3,7.4382,7.5232,1993-11-19
1993-11-23,806.6,7.437200000000001,7.4382,1993-11-22
1993-11-24,807.1,7.4638,7.437200000000001,1993-11-23
1993-11-25,807.8,7.4613,7.4638,1993-11-24
1993-11-26,807.7,7.4566,7.4613,1993-11-25
1993-11-29,807.8,7.422899999999999,7.4566,1993-11-26
1993-11-30,807.6,7.4024,7.422899999999999,1993-11-29
1993-12-01,807.8,7.4066,7.4024,1993-11-30
1993-12-02,808.2,7.4293,7.4066,1993-12-01
1993-12-03,808.8,7.4253,7.4293,1993-12-02
1993-12-06,809.3,7.4683,7.4253,1993-12-03
1993-12-07,809.2,7.5013,7.4683,1993-12-06
1993-12-08,809.4,7.5223,7.5013,1993-12-07
1993-12-09,809.4,7.4339,7.5223,1993-12-08
1993-12-10,809.3,7.459,7.4339,1993-12-09
1993-12-13,809.2,7.417000000000001,7.459,1993-12-10
1993-12-14,809.9,7.442200000000001,7.417000000000001,1993-12-13
1993-12-15,810.8,7.4137,7.442200000000001,1993-12-14
1993-12-16,810.7,7.3787,7.4137,1993-12-15
1993-12-17,810.4,7.4145,7.3787,1993-12-16
1993-12-20,810.4,7.3639,7.4145,1993-12-17
1993-12-21,811.6,7.3448,7.3639,1993-12-20
1993-12-22,811.7,7.3093,7.3448,1993-12-21
1993-12-23,810.5,7.3382,7.3093,1993-12-22
1993-12-24,808.3,7.3149,7.3382,1993-12-23
1993-12-27,807.8,7.2857,7.3149,1993-12-24
1993-12-28,808.1,7.244299999999999,7.2857,1993-12-27
1993-12-29,808.2,7.2533,7.244299999999999,1993-12-28
1993-12-30,808.4,7.2372,7.2533,1993-12-29
1993-12-31,808.1,7.2249,7.2372,1993-12-30
1994-01-03,807.2,7.216799999999999,7.2249,1993-12-31
1994-01-04,808.1,7.1704,7.216799999999999,1994-01-03
1994-01-05,809.0,7.1879,7.1704,1994-01-04
1994-01-06,811.3,7.1587,7.1879,1994-01-05
1994-01-07,813.0,7.2251,7.1587,1994-01-06
1994-01-10,813.4,7.284299999999999,7.2251,1994-01-07
1994-01-11,812.0,7.221,7.284299999999999,1994-01-10
1994-01-12,811.7,7.2312,7.221,1994-01-11
1994-01-13,811.3,7.2357,7.2312,1994-01-12
1994-01-14,811.0,7.2573,7.2357,1994-01-13
1994-01-17,811.5,7.294700000000001,7.2573,1994-01-14
1994-01-18,812.3,7.3223,7.294700000000001,1994-01-17
1994-01-19,812.0,7.3252,7.3223,1994-01-18
1994-01-20,810.6,7.2748,7.3252,1994-01-19
1994-01-21,810.5,7.2691,7.2748,1994-01-20
1994-01-24,810.2,7.221,7.2691,1994-01-21
1994-01-25,809.4,7.242000000000001,7.221,1994-01-24
1994-01-26,809.1,7.3023,7.242000000000001,1994-01-25
1994-01-27,808.7,7.3585,7.3023,1994-01-26
1994-01-28,808.4,7.4315,7.3585,1994-01-27
1994-01-31,808.1,7.3464,7.4315,1994-01-28
1994-02-01,808.8,7.4889,7.3464,1994-01-31
1994-02-02,807.9,7.4885,7.4889,1994-02-01
1994-02-03,807.7,7.4511,7.4885,1994-02-02
1994-02-04,807.6,7.4457,7.4511,1994-02-03
1994-02-07,807.6,7.3946,7.4457,1994-02-04
1994-02-08,808.7,7.4617,7.3946,1994-02-07
1994-02-14,811.0,7.6401,7.4617,1994-02-08
1994-02-15,812.4,7.951499999999999,7.6401,1994-02-14
1994-02-16,810.8,7.8225,7.951499999999999,1994-02-15
1994-02-17,811.0,7.801799999999999,7.8225,1994-02-16
1994-02-18,810.5,7.797000000000001,7.801799999999999,1994-02-17
1994-02-21,810.1,7.7337,7.797000000000001,1994-02-18
1994-02-22,809.4,7.6107,7.7337,1994-02-21
1994-02-23,809.3,7.6747,7.6107,1994-02-22
1994-02-24,808.3,7.6507,7.6747,1994-02-23
1994-02-25,808.1,7.7109,7.6507,1994-02-24
1994-02-28,808.0,7.745,7.7109,1994-02-25
1994-03-02,808.6,7.728899999999999,7.745,1994-02-28
1994-03-03,807.1,7.734500000000001,7.728899999999999,1994-03-02
1994-03-04,807.4,7.7897,7.734500000000001,1994-03-03
1994-03-07,807.0,7.656499999999999,7.7897,1994-03-04
1994-03-08,807.3,7.6391,7.656499999999999,1994-03-07
1994-03-09,808.8,7.6941,7.6391,1994-03-08
1994-03-10,808.6,7.65,7.6941,1994-03-09
1994-03-11,809.3,7.689299999999999,7.65,1994-03-10
1994-03-14,806.4,7.64,7.689299999999999,1994-03-11
1994-03-15,807.0,7.589600000000001,7.64,1994-03-14
1994-03-16,807.2,7.6061,7.589600000000001,1994-03-15
1994-03-17,806.5,7.6175,7.6061,1994-03-16
1994-03-18,806.3,7.6228,7.6175,1994-03-17
1994-03-21,806.8,7.5881,7.6228,1994-03-18
1994-03-22,807.2,7.6176,7.5881,1994-03-21
1994-03-23,807.5,7.6179,7.6176,1994-03-22
1994-03-24,808.0,7.5922,7.6179,1994-03-23
1994-03-25,808.0,7.6897,7.5922,1994-03-24
1994-03-28,809.0,7.7103,7.6897,1994-03-25
1994-03-29,808.8,7.7609,7.7103,1994-03-28
1994-03-30,807.6,7.829400000000001,7.7609,1994-03-29
1994-03-31,806.5,7.8036,7.829400000000001,1994-03-30
1994-04-01,807.2,7.856,7.8036,1994-03-31
1994-04-04,807.9,7.7795,7.856,1994-04-01
1994-04-06,809.8,7.7567,7.7795,1994-04-04
1994-04-07,809.3,7.726,7.7567,1994-04-06
1994-04-08,809.2,7.702999999999999,7.726,1994-04-07
1994-04-11,811.1,7.718500000000001,7.702999999999999,1994-04-08
1994-04-12,810.3,7.851699999999999,7.718500000000001,1994-04-11
1994-04-13,810.3,7.7988,7.851699999999999,1994-04-12
1994-04-14,809.4,7.8328,7.7988,1994-04-13
1994-04-15,809.2,7.7696,7.8328,1994-04-14
1994-04-18,809.2,7.8373,7.7696,1994-04-15
1994-04-19,809.0,7.8487,7.8373,1994-04-18
1994-04-20,808.4,7.8258,7.8487,1994-04-19
1994-04-21,807.4,7.8522,7.8258,1994-04-20
1994-04-22,807.4,7.7878,7.8522,1994-04-21
1994-04-25,807.2,7.8483,7.7878,1994-04-22
1994-04-26,807.4,7.8255,7.8483,1994-04-25
1994-04-27,807.2,7.8617,7.8255,1994-04-26
1994-04-28,807.0,7.877000000000001,7.8617,1994-04-27
1994-04-29,807.3,7.9698,7.877000000000001,1994-04-28
1994-05-02,807.5,7.9361,7.9698,1994-04-29
1994-05-03,807.9,7.9467,7.9361,1994-05-02
1994-05-04,807.1,7.9986,7.9467,1994-05-03
1994-05-06,806.0,7.8252,7.9986,1994-05-04
1994-05-09,806.4,7.8558,7.8252,1994-05-06
1994-05-10,808.3,7.859,7.8558,1994-05-09
1994-05-11,806.8,7.7317,7.859,1994-05-10
1994-05-12,806.2,7.7408,7.7317,1994-05-11
1994-05-13,805.9,7.7397,7.7408,1994-05-12
1994-05-16,806.0,7.6671,7.7397,1994-05-13
1994-05-17,806.3,7.6996,7.6671,1994-05-16
1994-05-19,806.2,7.7856,7.6996,1994-05-17
1994-05-20,806.4,7.7297,7.7856,1994-05-19
1994-05-23,806.5,7.7511,7.7297,1994-05-20
1994-05-24,806.1,7.712000000000001,7.7511,1994-05-23
1994-05-25,806.2,7.6946,7.712000000000001,1994-05-24
1994-05-26,806.5,7.7288,7.6946,1994-05-25
1994-05-27,806.6,7.714600000000001,7.7288,1994-05-26
1994-05-30,806.6,7.7261,7.714600000000001,1994-05-27
1994-05-31,806.1,7.7161,7.7261,1994-05-30
1994-06-01,806.1,7.695499999999999,7.7161,1994-05-31
1994-06-02,806.5,7.7214,7.695499999999999,1994-06-01
1994-06-03,806.4,7.6763,7.7214,1994-06-02
1994-06-07,806.3,7.660399999999999,7.6763,1994-06-03
1994-06-08,806.4,7.727799999999999,7.660399999999999,1994-06-07
1994-06-09,806.3,7.751,7.727799999999999,1994-06-08
1994-06-10,806.3,7.751799999999999,7.751,1994-06-09
1994-06-13,806.3,7.784299999999999,7.751799999999999,1994-06-10
1994-06-14,806.7,7.828200000000001,7.784299999999999,1994-06-13
1994-06-15,807.0,7.8311,7.828200000000001,1994-06-14
1994-06-16,806.8,7.8502,7.8311,1994-06-15
1994-06-17,806.3,7.8013,7.8502,1994-06-16
1994-06-20,806.8,7.8597,7.8013,1994-06-17
1994-06-21,808.5,7.926900000000001,7.8597,1994-06-20
1994-06-22,808.9,8.0628,7.926900000000001,1994-06-21
1994-06-23,807.0,7.9449,8.0628,1994-06-22
1994-06-24,806.2,7.9782,7.9449,1994-06-23
1994-06-27,806.4,8.06,7.9782,1994-06-24
1994-06-28,807.2,8.0398,8.06,1994-06-27
1994-06-29,806.4,8.0883,8.0398,1994-06-28
1994-06-30,805.5,8.1528,8.0883,1994-06-29
1994-07-01,805.1,8.1778,8.1528,1994-06-30
1994-07-04,805.1,8.176499999999999,8.1778,1994-07-01
1994-07-05,806.3,8.1362,8.176499999999999,1994-07-04
1994-07-06,806.5,8.1609,8.1362,1994-07-05
1994-07-07,805.7,8.1343,8.1609,1994-07-06
1994-07-08,805.9,8.1776,8.1343,1994-07-07
1994-07-11,805.6,8.2012,8.1776,1994-07-08
1994-07-12,805.8,8.2773,8.2012,1994-07-11
1994-07-13,806.1,8.2719,8.2773,1994-07-12
1994-07-14,805.9,8.2067,8.2719,1994-07-13
1994-07-15,806.4,8.1993,8.2067,1994-07-14
1994-07-18,807.0,8.2579,8.1993,1994-07-15
1994-07-19,807.3,8.1959,8.2579,1994-07-18
1994-07-20,806.0,8.1394,8.1959,1994-07-19
1994-07-21,805.3,8.1632,8.1394,1994-07-20
1994-07-22,805.1,8.12,8.1632,1994-07-21
1994-07-25,803.9,8.1531,8.12,1994-07-22
1994-07-26,802.6,8.1379,8.1531,1994-07-25
1994-07-27,802.6,8.1773,8.1379,1994-07-26
1994-07-28,802.4,8.1441,8.1773,1994-07-27
1994-07-29,802.3,8.043099999999999,8.1441,1994-07-28
1994-08-01,802.6,8.1577,8.043099999999999,1994-07-29
1994-08-02,802.8,8.0846,8.1577,1994-08-01
1994-08-03,802.6,8.0048,8.0846,1994-08-02
1994-08-04,802.7,8.0282,8.0048,1994-08-03
1994-08-05,802.6,7.9849,8.0282,1994-08-04
1994-08-08,802.7,8.011000000000001,7.9849,1994-08-05
1994-08-09,803.7,7.9221,8.011000000000001,1994-08-08
1994-08-10,804.8,7.9526,7.9221,1994-08-09
1994-08-11,804.6,7.941599999999999,7.9526,1994-08-10
1994-08-12,804.3,8.0249,7.941599999999999,1994-08-11
1994-08-16,805.8,8.0439,8.0249,1994-08-12
1994-08-17,806.1,8.001,8.0439,1994-08-16
1994-08-18,804.7,8.047,8.001,1994-08-17
1994-08-19,803.7,8.147,8.047,1994-08-18
1994-08-22,804.3,8.1576,8.147,1994-08-19
1994-08-23,804.0,8.2209,8.1576,1994-08-22
1994-08-24,803.6,8.2239,8.2209,1994-08-23
1994-08-25,802.5,8.0938,8.2239,1994-08-24
1994-08-26,802.2,8.0546,8.0938,1994-08-25
1994-08-29,802.1,7.9994,8.0546,1994-08-26
1994-08-30,801.6,8.016,7.9994,1994-08-29
1994-08-31,801.1,8.0513,8.016,1994-08-30
1994-09-01,800.5,7.985,8.0513,1994-08-31
1994-09-02,800.5,8.0291,7.985,1994-09-01
1994-09-05,800.8,8.0705,8.0291,1994-09-02
1994-09-06,801.2,8.0868,8.0705,1994-09-05
1994-09-07,801.2,8.0848,8.0868,1994-09-06
1994-09-08,801.5,8.0674,8.0848,1994-09-07
1994-09-09,801.3,8.049199999999999,8.0674,1994-09-08
1994-09-12,800.8,8.082799999999999,8.049199999999999,1994-09-09
1994-09-13,800.5,8.0736,8.082799999999999,1994-09-12
1994-09-14,800.0,8.1054,8.0736,1994-09-13
1994-09-15,800.2,8.0475,8.1054,1994-09-14
1994-09-16,800.0,8.0564,8.0475,1994-09-15
1994-09-22,799.7,8.154,8.0564,1994-09-16
1994-09-23,800.9,8.170399999999999,8.154,1994-09-22
1994-09-26,802.5,8.2118,8.170399999999999,1994-09-23
1994-09-27,802.8,8.1441,8.2118,1994-09-26
1994-09-28,800.6,8.179400000000001,8.1441,1994-09-27
1994-09-29,799.1,8.086,8.179400000000001,1994-09-28
1994-09-30,798.9,8.110700000000001,8.086,1994-09-29
1994-10-04,798.2,8.018099999999999,8.110700000000001,1994-09-30
1994-10-05,800.2,8.0463,8.018099999999999,1994-10-04
1994-10-06,800.4,8.042200000000001,8.0463,1994-10-05
1994-10-07,798.8,8.004,8.042200000000001,1994-10-06
1994-10-10,799.0,7.944299999999999,8.004,1994-10-07
1994-10-11,799.1,7.9631,7.944299999999999,1994-10-10
1994-10-12,800.2,7.9781,7.9631,1994-10-11
1994-10-13,800.6,8.0184,7.9781,1994-10-12
1994-10-14,799.2,8.048300000000001,8.0184,1994-10-13
1994-10-17,798.8,8.1199,8.048300000000001,1994-10-14
1994-10-18,800.0,8.1716,8.1199,1994-10-17
1994-10-19,799.8,8.1964,8.1716,1994-10-18
1994-10-20,798.8,8.1991,8.1964,1994-10-19
1994-10-21,799.0,8.2584,8.1991,1994-10-20
1994-10-24,798.4,8.200099999999999,8.2584,1994-10-21
1994-10-25,797.5,8.2174,8.200099999999999,1994-10-24
1994-10-26,798.0,8.2226,8.2174,1994-10-25
1994-10-27,797.6,8.2375,8.2226,1994-10-26
1994-10-28,797.3,8.2111,8.2375,1994-10-27
1994-10-31,796.9,8.1792,8.2111,1994-10-28
1994-11-01,797.1,8.2409,8.1792,1994-10-31
1994-11-02,797.2,8.2611,8.2409,1994-11-01
1994-11-03,797.4,8.186399999999999,8.2611,1994-11-02
1994-11-04,797.3,8.1544,8.186399999999999,1994-11-03
1994-11-07,797.2,8.1877,8.1544,1994-11-04
1994-11-08,797.0,8.187000000000001,8.1877,1994-11-07
1994-11-09,797.8,8.229,8.187000000000001,1994-11-08
1994-11-10,797.0,8.1564,8.229,1994-11-09
1994-11-11,797.0,8.1589,8.1564,1994-11-10
1994-11-14,797.1,8.1586,8.1589,1994-11-11
1994-11-15,797.0,8.1037,8.1586,1994-11-14
1994-11-16,796.6,8.0771,8.1037,1994-11-15
1994-11-17,796.3,8.106900000000001,8.0771,1994-11-16
1994-11-18,796.2,8.0976,8.106900000000001,1994-11-17
1994-11-21,796.0,8.0726,8.0976,1994-11-18
1994-11-22,795.7,8.107000000000001,8.0726,1994-11-21
1994-11-23,795.4,8.106,8.107000000000001,1994-11-22
1994-11-24,795.2,8.0792,8.106,1994-11-23
1994-11-25,795.2,8.0854,8.0792,1994-11-24
1994-11-28,794.9,8.0517,8.0854,1994-11-25
1994-11-29,794.6,8.062899999999999,8.0517,1994-11-28
1994-11-30,794.3,8.0313,8.062899999999999,1994-11-29
1994-12-01,794.5,8.0395,8.0313,1994-11-30
1994-12-02,794.0,7.9919,8.0395,1994-12-01
1994-12-05,792.2,7.8865,7.9919,1994-12-02
1994-12-06,791.8,7.8931,7.8865,1994-12-05
1994-12-07,791.3,7.9063,7.8931,1994-12-06
1994-12-08,791.1,7.9189,7.9063,1994-12-07
1994-12-09,791.3,7.8678,7.9189,1994-12-08
1994-12-12,791.6,7.902200000000001,7.8678,1994-12-09
1994-12-13,792.7,7.934500000000001,7.902200000000001,1994-12-12
1994-12-14,792.7,7.902100000000001,7.934500000000001,1994-12-13
1994-12-15,792.9,7.9053,7.902100000000001,1994-12-14
1994-12-16,793.2,7.9083,7.9053,1994-12-15
1994-12-19,793.5,7.913200000000001,7.9083,1994-12-16
1994-12-20,793.1,7.919099999999999,7.913200000000001,1994-12-19
1994-12-21,792.1,7.9012,7.919099999999999,1994-12-20
1994-12-22,791.5,7.8756,7.9012,1994-12-21
1994-12-23,791.2,7.895,7.8756,1994-12-22
1994-12-26,791.1,7.8992,7.895,1994-12-23
1994-12-27,791.1,7.874,7.8992,1994-12-26
1994-12-28,790.5,7.8715,7.874,1994-12-27
1994-12-29,790.1,7.926799999999999,7.8715,1994-12-28
1994-12-30,789.6,7.915800000000001,7.926799999999999,1994-12-29
1995-01-03,788.7,7.870900000000001,7.915800000000001,1994-12-30
1995-01-04,788.5,7.8302,7.870900000000001,1995-01-03
1995-01-05,789.3,7.7906,7.8302,1995-01-04
1995-01-06,789.6,7.8217,7.7906,1995-01-05
1995-01-09,790.3,7.8054,7.8217,1995-01-06
1995-01-10,791.0,7.9025,7.8054,1995-01-09
1995-01-11,791.2,7.902100000000001,7.9025,1995-01-10
1995-01-12,790.2,7.8921,7.902100000000001,1995-01-11
1995-01-13,790.0,7.9919,7.8921,1995-01-12
1995-01-16,792.8,8.063099999999999,7.9919,1995-01-13
1995-01-17,792.7,8.0436,8.063099999999999,1995-01-16
1995-01-18,792.0,8.002,8.0436,1995-01-17
1995-01-19,792.5,7.966799999999999,8.002,1995-01-18
1995-01-20,792.4,7.9899,7.966799999999999,1995-01-19
1995-01-23,792.5,7.966,7.9899,1995-01-20
1995-01-24,792.3,7.9448,7.966,1995-01-23
1995-01-25,790.1,7.9327,7.9448,1995-01-24
1995-01-26,787.4,7.9136,7.9327,1995-01-25
1995-01-27,785.3,7.894400000000001,7.9136,1995-01-26
1995-02-02,786.7,7.938400000000001,7.894400000000001,1995-01-27
1995-02-03,788.9,7.9326,7.938400000000001,1995-02-02
1995-02-06,791.6,7.9398,7.9326,1995-02-03
1995-02-07,792.1,7.9792,7.9398,1995-02-06
1995-02-08,789.9,7.9487,7.9792,1995-02-07
1995-02-09,790.3,7.9937,7.9487,1995-02-08
1995-02-10,790.8,8.004,7.9937,1995-02-09
1995-02-13,793.5,8.0354,8.004,1995-02-10
1995-02-14,793.2,8.0405,8.0354,1995-02-13
1995-02-15,791.0,8.031699999999999,8.0405,1995-02-14
1995-02-16,791.3,8.0498,8.031699999999999,1995-02-15
1995-02-17,794.4,8.1548,8.0498,1995-02-16
1995-02-20,794.8,8.177,8.1548,1995-02-17
1995-02-21,792.8,8.1522,8.177,1995-02-20
1995-02-22,788.7,8.1309,8.1522,1995-02-21
1995-02-23,788.7,8.121699999999999,8.1309,1995-02-22
1995-02-24,788.1,8.1499,8.121699999999999,1995-02-23
1995-02-27,787.1,8.0749,8.1499,1995-02-24
1995-02-28,786.0,8.0947,8.0749,1995-02-27
1995-03-02,787.9,8.1521,8.0947,1995-02-28
1995-03-03,789.5,8.277899999999999,8.1521,1995-03-02
1995-03-06,790.8,8.4442,8.277899999999999,1995-03-03
1995-03-07,787.7,8.479,8.4442,1995-03-06
1995-03-08,785.7,8.6722,8.479,1995-03-07
1995-03-09,785.1,8.632200000000001,8.6722,1995-03-08
1995-03-10,783.9,8.5907,8.632200000000001,1995-03-09
1995-03-13,783.3,8.6648,8.5907,1995-03-10
1995-03-14,779.9,8.5939,8.6648,1995-03-13
1995-03-15,780.7,8.6028,8.5939,1995-03-14
1995-03-16,779.2,8.6674,8.6028,1995-03-15
1995-03-17,778.7,8.633,8.6674,1995-03-16
1995-03-20,775.7,8.7383,8.633,1995-03-17
1995-03-21,774.5,8.6774,8.7383,1995-03-20
1995-03-22,772.9,8.6551,8.6774,1995-03-21
1995-03-23,768.4,8.6483,8.6551,1995-03-22
1995-03-24,766.5,8.6561,8.6483,1995-03-23
1995-03-27,770.9,8.6911,8.6561,1995-03-24
1995-03-28,769.7,8.604800000000001,8.6911,1995-03-27
1995-03-29,771.2,8.6652,8.604800000000001,1995-03-28
1995-03-30,771.6,8.726,8.6652,1995-03-29
1995-03-31,771.5,8.6225,8.726,1995-03-30
1995-04-03,771.4,8.9076,8.6225,1995-03-31
1995-04-04,770.9,8.9796,8.9076,1995-04-03
1995-04-06,771.1,8.9403,8.9796,1995-04-04
1995-04-07,772.0,9.0504,8.9403,1995-04-06
1995-04-10,769.8,9.1779,9.0504,1995-04-07
1995-04-11,767.8,9.1732,9.1779,1995-04-10
1995-04-12,768.8,9.2421,9.1732,1995-04-11
1995-04-13,769.6,9.1947,9.2421,1995-04-12
1995-04-14,770.4,9.2319,9.1947,1995-04-13
1995-04-17,770.2,9.3188,9.2319,1995-04-14
1995-04-18,768.8,9.3813,9.3188,1995-04-17
1995-04-19,767.7,9.5544,9.3813,1995-04-18
1995-04-20,766.3,9.4605,9.5544,1995-04-19
1995-04-21,765.7,9.2142,9.4605,1995-04-20
1995-04-24,764.4,9.288,9.2142,1995-04-21
1995-04-25,762.8,9.1683,9.288,1995-04-24
1995-04-26,761.9,9.3313,9.1683,1995-04-25
1995-04-27,761.8,9.0961,9.3313,1995-04-26
1995-04-28,760.9,9.0962,9.0961,1995-04-27
1995-05-02,761.8,9.1179,9.0962,1995-04-28
1995-05-03,762.1,9.1215,9.1179,1995-05-02
1995-05-04,762.3,9.1299,9.1215,1995-05-03
1995-05-08,762.5,9.1263,9.1299,1995-05-04
1995-05-09,760.6,9.1446,9.1263,1995-05-08
1995-05-10,759.9,9.1061,9.1446,1995-05-09
1995-05-11,760.3,9.0782,9.1061,1995-05-10
1995-05-12,761.1,8.8934,9.0782,1995-05-11
1995-05-15,763.3,8.7484,8.8934,1995-05-12
1995-05-16,763.2,8.8359,8.7484,1995-05-15
1995-05-17,762.5,8.8324,8.8359,1995-05-16
1995-05-18,761.9,8.7524,8.8324,1995-05-17
1995-05-19,761.5,8.7832,8.7524,1995-05-18
1995-05-22,760.7,8.7387,8.7832,1995-05-19
1995-05-23,761.3,8.715499999999999,8.7387,1995-05-22
1995-05-24,761.8,8.7312,8.715499999999999,1995-05-23
1995-05-25,760.3,8.7225,8.7312,1995-05-24
1995-05-26,760.1,8.9529,8.7225,1995-05-25
1995-05-29,760.6,9.2474,8.9529,1995-05-26
1995-05-30,760.1,9.2022,9.2474,1995-05-29
1995-05-31,760.1,9.1358,9.2022,1995-05-30
1995-06-01,759.0,8.9505,9.1358,1995-05-31
1995-06-02,758.8,8.9587,8.9505,1995-06-01
1995-06-05,760.8,9.0356,8.9587,1995-06-02
1995-06-07,761.9,9.000599999999999,9.0356,1995-06-05
1995-06-08,761.0,8.9529,9.000599999999999,1995-06-07
1995-06-09,760.5,8.9803,8.9529,1995-06-08
1995-06-12,764.3,9.0611,8.9803,1995-06-09
1995-06-13,763.9,9.1103,9.0611,1995-06-12
1995-06-14,762.1,9.0136,9.1103,1995-06-13
1995-06-15,763.2,9.0614,9.0136,1995-06-14
1995-06-16,762.4,9.0118,9.0614,1995-06-15
1995-06-19,761.3,9.0255,9.0118,1995-06-16
1995-06-20,760.8,8.977,9.0255,1995-06-19
1995-06-21,760.5,9.0214,8.977,1995-06-20
1995-06-22,760.5,9.0455,9.0214,1995-06-21
1995-06-23,760.6,9.006499999999999,9.0455,1995-06-22
1995-06-26,760.3,9.019,9.006499999999999,1995-06-23
1995-06-28,759.7,9.0656,9.019,1995-06-26
1995-06-29,758.6,8.857000000000001,9.0656,1995-06-28
1995-06-30,758.1,8.961,8.857000000000001,1995-06-29
1995-07-03,758.0,8.943999999999999,8.961,1995-06-30
1995-07-04,756.5,8.9368,8.943999999999999,1995-07-03
1995-07-05,757.1,8.933300000000001,8.9368,1995-07-04
1995-07-06,756.1,8.911,8.933300000000001,1995-07-05
1995-07-07,756.0,8.878400000000001,8.911,1995-07-06
1995-07-10,757.2,8.7235,8.878400000000001,1995-07-07
1995-07-11,757.6,8.7005,8.7235,1995-07-10
1995-07-12,757.7,8.6495,8.7005,1995-07-11
1995-07-13,757.3,8.666699999999999,8.6495,1995-07-12
1995-07-14,757.1,8.6625,8.666699999999999,1995-07-13
1995-07-18,759.1,8.533999999999999,8.6625,1995-07-14
1995-07-19,758.2,8.5624,8.533999999999999,1995-07-18
1995-07-20,756.9,8.68,8.5624,1995-07-19
1995-07-21,756.5,8.5722,8.68,1995-07-20
1995-07-24,756.1,8.5146,8.5722,1995-07-21
1995-07-25,756.2,8.6324,8.5146,1995-07-24
1995-07-26,756.1,8.592,8.6324,1995-07-25
1995-07-27,756.1,8.6141,8.592,1995-07-26
1995-07-28,756.0,8.5763,8.6141,1995-07-27
1995-07-31,756.5,8.5674,8.5763,1995-07-28
1995-08-01,757.1,8.55,8.5674,1995-07-31
1995-08-02,757.2,8.5899,8.55,1995-08-01
1995-08-03,757.5,8.333300000000001,8.5899,1995-08-02
1995-08-04,758.8,8.3614,8.333300000000001,1995-08-03
1995-08-07,759.0,8.2906,8.3614,1995-08-04
1995-08-08,758.6,8.3089,8.2906,1995-08-07
1995-08-09,758.2,8.3077,8.3089,1995-08-08
1995-08-10,758.0,8.2751,8.3077,1995-08-09
1995-08-11,758.3,8.1647,8.2751,1995-08-10
1995-08-14,760.1,8.0604,8.1647,1995-08-11
1995-08-16,762.0,7.7439,8.0604,1995-08-14
1995-08-17,770.2,7.8392,7.7439,1995-08-16
1995-08-18,778.4,7.979500000000001,7.8392,1995-08-17
1995-08-21,782.8,8.0123,7.979500000000001,1995-08-18
1995-08-22,781.0,8.068200000000001,8.0123,1995-08-21
1995-08-23,775.4,7.9692,8.068200000000001,1995-08-22
1995-08-24,775.8,8.0352,7.9692,1995-08-23
1995-08-25,777.1,8.0379,8.0352,1995-08-24
1995-08-28,776.6,8.0435,8.0379,1995-08-25
1995-08-29,774.8,8.0083,8.0435,1995-08-28
1995-08-30,774.4,7.8659,8.0083,1995-08-29
1995-08-31,777.1,7.8376,7.8659,1995-08-30
1995-09-01,775.7,7.9653,7.8376,1995-08-31
1995-09-04,772.7,7.9292,7.9653,1995-09-01
1995-09-05,770.3,7.8803,7.9292,1995-09-04
1995-09-06,769.9,7.8641,7.8803,1995-09-05
1995-09-07,771.2,7.7742,7.8641,1995-09-06
1995-09-11,770.5,7.7632,7.7742,1995-09-07
1995-09-12,771.9,7.7151,7.7632,1995-09-11
1995-09-13,773.7,7.6703,7.7151,1995-09-12
1995-09-14,775.2,7.5299,7.6703,1995-09-13
1995-09-15,777.1,7.57,7.5299,1995-09-14
1995-09-18,776.0,7.4294,7.57,1995-09-15
1995-09-19,777.8,7.5139,7.4294,1995-09-18
1995-09-20,775.7,7.4265,7.5139,1995-09-19
1995-09-21,775.3,7.5528,7.4265,1995-09-20
1995-09-22,771.3,7.7752,7.5528,1995-09-21
1995-09-25,769.8,7.5992,7.7752,1995-09-22
1995-09-26,769.5,7.6643,7.5992,1995-09-25
1995-09-27,769.0,7.6365,7.6643,1995-09-26
1995-09-28,768.3,7.6486,7.6365,1995-09-27
1995-09-29,768.5,7.7197,7.6486,1995-09-28
1995-10-02,768.4,7.6496,7.7197,1995-09-29
1995-10-04,768.0,7.5702,7.6496,1995-10-02
1995-10-05,768.2,7.6476,7.5702,1995-10-04
1995-10-06,767.8,7.6934,7.6476,1995-10-05
1995-10-09,768.8,7.600599999999999,7.6934,1995-10-06
1995-10-10,767.6,7.658,7.600599999999999,1995-10-09
1995-10-11,768.4,7.6431,7.658,1995-10-10
1995-10-12,767.9,7.5955,7.6431,1995-10-11
1995-10-13,768.2,7.659,7.5955,1995-10-12
1995-10-16,768.6,7.6288,7.659,1995-10-13
1995-10-17,768.7,7.6427,7.6288,1995-10-16
1995-10-18,767.8,7.6665,7.6427,1995-10-17
1995-10-19,766.7,7.6213,7.6665,1995-10-18
1995-10-20,766.4,7.633500000000001,7.6213,1995-10-19
1995-10-23,767.5,7.6942,7.633500000000001,1995-10-20
1995-10-24,766.0,7.6715,7.6942,1995-10-23
1995-10-25,765.9,7.6323,7.6715,1995-10-24
1995-10-26,765.5,7.5493,7.6323,1995-10-25
1995-10-27,766.2,7.5562,7.5493,1995-10-26
1995-10-30,766.0,7.5246,7.5562,1995-10-27
1995-10-31,765.5,7.527,7.5246,1995-10-30
1995-11-01,765.7,7.506900000000001,7.527,1995-10-31
1995-11-02,765.8,7.4205,7.506900000000001,1995-11-01
1995-11-03,769.2,7.394400000000001,7.4205,1995-11-02
1995-11-06,772.2,7.4321,7.394400000000001,1995-11-03
1995-11-07,771.2,7.4692,7.4321,1995-11-06
1995-11-08,771.8,7.4979,7.4692,1995-11-07
1995-11-09,771.1,7.534,7.4979,1995-11-08
1995-11-10,769.6,7.655,7.534,1995-11-09
1995-11-13,768.5,7.6183,7.655,1995-11-10
1995-11-14,769.0,7.5589,7.6183,1995-11-13
1995-11-15,769.3,7.5857,7.5589,1995-11-14
1995-11-16,769.0,7.5894,7.5857,1995-11-15
1995-11-17,768.8,7.5262,7.5894,1995-11-16
1995-11-20,769.5,7.5183,7.5262,1995-11-17
1995-11-21,772.4,7.6174,7.5183,1995-11-20
1995-11-22,769.9,7.589,7.6174,1995-11-21
1995-11-23,768.6,7.619299999999999,7.589,1995-11-22
1995-11-24,768.5,7.6278,7.619299999999999,1995-11-23
1995-11-27,768.7,7.562200000000001,7.6278,1995-11-24
1995-11-28,769.0,7.5577,7.562200000000001,1995-11-27
1995-11-29,768.8,7.5875,7.5577,1995-11-28
1995-11-30,769.2,7.5709,7.5875,1995-11-29
1995-12-01,770.2,7.556900000000001,7.5709,1995-11-30
1995-12-04,770.7,7.600599999999999,7.556900000000001,1995-12-01
1995-12-05,769.4,7.5986,7.600599999999999,1995-12-04
1995-12-06,769.7,7.605700000000001,7.5986,1995-12-05
1995-12-07,769.7,7.577999999999999,7.605700000000001,1995-12-06
1995-12-08,769.9,7.5991,7.577999999999999,1995-12-07
1995-12-11,769.8,7.6067,7.5991,1995-12-08
1995-12-12,769.4,7.6103,7.6067,1995-12-11
1995-12-13,769.9,7.574,7.6103,1995-12-12
1995-12-14,769.9,7.574,7.574,1995-12-13
1995-12-15,770.4,7.5943,7.574,1995-12-14
1995-12-18,771.5,7.5674,7.5943,1995-12-15
1995-12-19,771.5,7.5972,7.5674,1995-12-18
1995-12-20,771.4,7.5572,7.5972,1995-12-19
1995-12-21,771.8,7.5741,7.5572,1995-12-20
1995-12-22,772.1,7.5808,7.5741,1995-12-21
1995-12-26,772.6,7.5265,7.5808,1995-12-22
1995-12-27,772.7,7.5422,7.5265,1995-12-26
1995-12-28,771.9,7.5088,7.5422,1995-12-27
1995-12-29,773.2,7.5214,7.5088,1995-12-28
1996-01-03,774.7,7.4558,7.5214,1995-12-29
1996-01-04,776.8,7.4193,7.4558,1996-01-03
1996-01-05,786.0,7.467899999999999,7.4193,1996-01-04
1996-01-08,787.5,7.4528,7.467899999999999,1996-01-05
1996-01-09,789.5,7.5015,7.4528,1996-01-08
1996-01-10,788.1,7.5583,7.5015,1996-01-09
1996-01-11,786.9,7.513999999999999,7.5583,1996-01-10
1996-01-12,790.3,7.534199999999999,7.513999999999999,1996-01-11
1996-01-15,790.6,7.5027,7.534199999999999,1996-01-12
1996-01-16,791.2,7.5031,7.5027,1996-01-15
1996-01-17,792.4,7.4772,7.5031,1996-01-16
1996-01-18,791.5,7.495299999999999,7.4772,1996-01-17
1996-01-19,789.8,7.4792,7.495299999999999,1996-01-18
1996-01-22,789.6,7.4879,7.4792,1996-01-19
1996-01-23,789.2,7.4572,7.4879,1996-01-22
1996-01-24,788.3,7.4333,7.4572,1996-01-23
1996-01-25,786.2,7.3477,7.4333,1996-01-24
1996-01-26,787.5,7.3564,7.3477,1996-01-25
1996-01-29,785.1,7.3546,7.3564,1996-01-26
1996-01-30,783.4,7.3386,7.3546,1996-01-29
1996-01-31,784.3,7.304600000000001,7.3386,1996-01-30
1996-02-01,785.9,7.362100000000001,7.304600000000001,1996-01-31
1996-02-02,784.1,7.3452,7.362100000000001,1996-02-01
1996-02-05,782.8,7.3675,7.3452,1996-02-02
1996-02-06,779.2,7.4068,7.3675,1996-02-05
1996-02-07,777.8,7.4076,7.4068,1996-02-06
1996-02-08,779.6,7.3443,7.4076,1996-02-07
1996-02-09,781.0,7.2957,7.3443,1996-02-08
1996-02-12,781.0,7.2946,7.2957,1996-02-09
1996-02-13,778.7,7.2878,7.2946,1996-02-12
1996-02-14,778.6,7.2971,7.2878,1996-02-13
1996-02-15,778.6,7.3297,7.2971,1996-02-14
1996-02-16,777.9,7.37,7.3297,1996-02-15
1996-02-21,779.2,7.354400000000001,7.37,1996-02-16
1996-02-22,779.6,7.4057,7.354400000000001,1996-02-21
1996-02-23,779.1,7.4129,7.4057,1996-02-22
1996-02-26,780.0,7.442699999999999,7.4129,1996-02-23
1996-02-27,780.2,7.4639,7.442699999999999,1996-02-26
1996-02-28,779.4,7.4659,7.4639,1996-02-27
1996-02-29,780.7,7.4423,7.4659,1996-02-28
1996-03-04,782.9,7.427899999999999,7.4423,1996-02-29
1996-03-05,780.9,7.4174,7.427899999999999,1996-03-04
1996-03-06,779.4,7.4123,7.4174,1996-03-05
1996-03-07,778.8,7.3872,7.4123,1996-03-06
1996-03-08,778.1,7.3859,7.3872,1996-03-07
1996-03-11,777.9,7.3249,7.3859,1996-03-08
1996-03-12,779.1,7.3897,7.3249,1996-03-11
1996-03-13,780.5,7.4051,7.3897,1996-03-12
1996-03-14,780.2,7.4149,7.4051,1996-03-13
1996-03-15,780.5,7.401599999999999,7.4149,1996-03-14
1996-03-18,780.7,7.3686,7.401599999999999,1996-03-15
1996-03-19,781.8,7.372000000000001,7.3686,1996-03-18
1996-03-20,781.7,7.3606,7.372000000000001,1996-03-19
1996-03-21,782.2,7.3536,7.3606,1996-03-20
1996-03-22,783.6,7.3371,7.3536,1996-03-21
1996-03-25,784.2,7.368200000000001,7.3371,1996-03-22
1996-03-26,782.5,7.363,7.368200000000001,1996-03-25
1996-03-27,782.9,7.3546,7.363,1996-03-26
1996-03-28,782.4,7.3375,7.3546,1996-03-27
1996-03-29,782.5,7.3647,7.3375,1996-03-28
1996-04-01,782.7,7.275499999999999,7.3647,1996-03-29
1996-04-02,782.1,7.2686,7.275499999999999,1996-04-01
1996-04-03,780.6,7.2563,7.2686,1996-04-02
1996-04-04,780.4,7.296900000000001,7.2563,1996-04-03
1996-04-08,779.5,7.234299999999999,7.296900000000001,1996-04-04
1996-04-09,780.1,7.2332,7.234299999999999,1996-04-08
1996-04-10,780.4,7.209199999999999,7.2332,1996-04-09
1996-04-12,781.8,7.186699999999999,7.209199999999999,1996-04-10
1996-04-15,782.7,7.1906,7.186699999999999,1996-04-12
1996-04-16,782.5,7.2166,7.1906,1996-04-15
1996-04-17,782.1,7.231599999999999,7.2166,1996-04-16
1996-04-18,781.7,7.2279,7.231599999999999,1996-04-17
1996-04-19,780.5,7.2944,7.2279,1996-04-18
1996-04-22,779.1,7.244400000000001,7.2944,1996-04-19
1996-04-23,778.9,7.2965,7.244400000000001,1996-04-22
1996-04-24,779.0,7.307300000000001,7.2965,1996-04-23
1996-04-25,778.9,7.3102,7.307300000000001,1996-04-24
1996-04-26,779.2,7.3164,7.3102,1996-04-25
1996-04-29,779.1,7.3915,7.3164,1996-04-26
1996-04-30,778.7,7.4215,7.3915,1996-04-29
1996-05-02,778.7,7.3951,7.4215,1996-04-30
1996-05-03,778.7,7.4506,7.3951,1996-05-02
1996-05-06,778.3,7.415900000000001,7.4506,1996-05-03
1996-05-07,778.1,7.4193,7.415900000000001,1996-05-06
1996-05-08,778.2,7.386799999999999,7.4193,1996-05-07
1996-05-09,778.2,7.4009,7.386799999999999,1996-05-08
1996-05-10,778.2,7.4327,7.4009,1996-05-09
1996-05-13,778.2,7.3847,7.4327,1996-05-10
1996-05-14,778.2,7.4079,7.3847,1996-05-13
1996-05-15,778.1,7.3492,7.4079,1996-05-14
1996-05-16,778.2,7.279400000000001,7.3492,1996-05-15
1996-05-17,778.7,7.3152,7.279400000000001,1996-05-16
1996-05-20,779.5,7.2949,7.3152,1996-05-17
1996-05-21,779.8,7.284400000000001,7.2949,1996-05-20
1996-05-22,780.1,7.2737,7.284400000000001,1996-05-21
1996-05-23,780.9,7.2981,7.2737,1996-05-22
1996-05-27,781.6,7.2505,7.2981,1996-05-23
1996-05-28,782.6,7.2379,7.2505,1996-05-27
1996-05-29,785.8,7.2274,7.2379,1996-05-28
1996-05-30,788.5,7.2874,7.2274,1996-05-29
1996-05-31,787.9,7.3174,7.2874,1996-05-30
1996-06-03,788.7,7.294700000000001,7.3174,1996-05-31
1996-06-04,786.5,7.2472,7.294700000000001,1996-06-03
1996-06-05,786.6,7.233099999999999,7.2472,1996-06-04
1996-06-07,786.7,7.199299999999999,7.233099999999999,1996-06-05
1996-06-10,786.9,7.1896,7.199299999999999,1996-06-07
1996-06-11,789.8,7.2326,7.1896,1996-06-10
1996-06-12,791.7,7.2268,7.2326,1996-06-11
1996-06-13,794.8,7.2951,7.2268,1996-06-12
1996-06-14,796.8,7.330299999999999,7.2951,1996-06-13
1996-06-17,796.6,7.2982,7.330299999999999,1996-06-14
1996-06-18,797.3,7.308,7.2982,1996-06-17
1996-06-19,798.9,7.4006,7.308,1996-06-18
1996-06-20,798.7,7.4074,7.4006,1996-06-19
1996-06-21,802.8,7.4059,7.4074,1996-06-20
1996-06-24,812.6,7.461900000000001,7.4059,1996-06-21
1996-06-25,810.9,7.4381,7.461900000000001,1996-06-24
1996-06-26,811.0,7.4472,7.4381,1996-06-25
1996-06-27,809.4,7.3938,7.4472,1996-06-26
1996-06-28,809.0,7.4,7.3938,1996-06-27
1996-07-01,810.6,7.380800000000001,7.4,1996-06-28
1996-07-02,809.9,7.3785,7.380800000000001,1996-07-01
1996-07-03,811.2,7.355499999999999,7.3785,1996-07-02
1996-07-04,811.3,7.367100000000001,7.355499999999999,1996-07-03
1996-07-05,809.3,7.3223,7.367100000000001,1996-07-04
1996-07-08,812.8,7.3291,7.3223,1996-07-05
1996-07-09,813.8,7.3415,7.3291,1996-07-08
1996-07-10,812.4,7.3554,7.3415,1996-07-09
1996-07-11,810.7,7.34,7.3554,1996-07-10
1996-07-12,812.0,7.3718,7.34,1996-07-11
1996-07-15,812.9,7.349600000000001,7.3718,1996-07-12
1996-07-16,814.2,7.391699999999999,7.349600000000001,1996-07-15
1996-07-18,813.8,7.4832,7.391699999999999,1996-07-16
1996-07-19,813.1,7.489199999999999,7.4832,1996-07-18
1996-07-22,814.0,7.5301,7.489199999999999,1996-07-19
1996-07-23,813.7,7.5852,7.5301,1996-07-22
1996-07-24,813.2,7.5471,7.5852,1996-07-23
1996-07-25,813.9,7.5048,7.5471,1996-07-24
1996-07-26,814.2,7.5319,7.5048,1996-07-25
1996-07-29,813.8,7.5074,7.5319,1996-07-26
1996-07-30,814.1,7.531000000000001,7.5074,1996-07-29
1996-07-31,813.3,7.532,7.531000000000001,1996-07-30
1996-08-01,812.9,7.6239,7.532,1996-07-31
1996-08-02,812.8,7.5927,7.6239,1996-08-01
1996-08-05,813.6,7.614400000000001,7.5927,1996-08-02
1996-08-06,814.3,7.6478,7.614400000000001,1996-08-05
1996-08-07,814.2,7.623200000000001,7.6478,1996-08-06
1996-08-08,814.3,7.5363,7.623200000000001,1996-08-07
1996-08-09,814.2,7.5232,7.5363,1996-08-08
1996-08-12,814.2,7.5319,7.5232,1996-08-09
1996-08-13,814.4,7.5653,7.5319,1996-08-12
1996-08-14,815.3,7.5736,7.5653,1996-08-13
1996-08-16,819.5,7.600599999999999,7.5736,1996-08-14
1996-08-19,821.7,7.6295,7.600599999999999,1996-08-16
1996-08-20,818.5,7.579400000000001,7.6295,1996-08-19
1996-08-21,819.5,7.5635,7.579400000000001,1996-08-20
1996-08-22,818.6,7.551699999999999,7.5635,1996-08-21
1996-08-23,818.7,7.5561,7.551699999999999,1996-08-22
1996-08-26,818.3,7.5783,7.5561,1996-08-23
1996-08-27,817.7,7.5945,7.5783,1996-08-26
1996-08-28,818.7,7.596699999999999,7.5945,1996-08-27
1996-08-29,819.2,7.5541,7.596699999999999,1996-08-28
1996-08-30,819.2,7.5537,7.5541,1996-08-29
1996-09-02,819.4,7.5257,7.5537,1996-08-30
1996-09-03,819.3,7.5062,7.5257,1996-09-02
1996-09-04,819.1,7.500900000000001,7.5062,1996-09-03
1996-09-05,818.9,7.5267,7.500900000000001,1996-09-04
1996-09-06,818.1,7.4938,7.5267,1996-09-05
1996-09-09,818.6,7.4908,7.4938,1996-09-06
1996-09-10,819.3,7.4993,7.4908,1996-09-09
1996-09-11,820.0,7.4681,7.4993,1996-09-10
1996-09-12,821.1,7.45,7.4681,1996-09-11
1996-09-13,822.3,7.4721,7.45,1996-09-12
1996-09-16,822.8,7.4539,7.4721,1996-09-13
1996-09-17,827.3,7.5127,7.4539,1996-09-16
1996-09-18,828.6,7.508500000000001,7.5127,1996-09-17
1996-09-19,828.5,7.589099999999999,7.508500000000001,1996-09-18
1996-09-20,825.8,7.533,7.589099999999999,1996-09-19
1996-09-23,822.6,7.4799,7.533,1996-09-20
1996-09-24,821.2,7.4672,7.4799,1996-09-23
1996-09-25,820.6,7.5043,7.4672,1996-09-24
1996-09-30,821.2,7.4015,7.5043,1996-09-25
1996-10-01,824.8,7.4056,7.4015,1996-09-30
1996-10-02,821.8,7.3737,7.4056,1996-10-01
1996-10-04,820.8,7.358099999999999,7.3737,1996-10-02
1996-10-07,824.1,7.3613,7.358099999999999,1996-10-04
1996-10-08,827.7,7.439,7.3613,1996-10-07
1996-10-09,828.2,7.4162,7.439,1996-10-08
1996-10-10,829.2,7.4411,7.4162,1996-10-09
1996-10-11,828.0,7.4561,7.4411,1996-10-10
1996-10-14,828.7,7.4223,7.4561,1996-10-11
1996-10-15,829.5,7.4228,7.4223,1996-10-14
1996-10-16,828.6,7.3831,7.4228,1996-10-15
1996-10-17,828.1,7.3773,7.3831,1996-10-16
1996-10-18,826.5,7.3683,7.3773,1996-10-17
1996-10-21,827.3,7.3492,7.3683,1996-10-18
1996-10-22,827.8,7.348400000000001,7.3492,1996-10-21
1996-10-23,827.9,7.3821,7.348400000000001,1996-10-22
1996-10-24,826.9,7.324199999999999,7.3821,1996-10-23
1996-10-25,827.9,7.3298,7.324199999999999,1996-10-24
1996-10-28,829.0,7.3085,7.3298,1996-10-25
1996-10-29,831.1,7.2538,7.3085,1996-10-28
1996-10-30,833.6,7.294700000000001,7.2538,1996-10-29
1996-10-31,831.3,7.298500000000001,7.294700000000001,1996-10-30
1996-11-01,828.9,7.266,7.298500000000001,1996-10-31
1996-11-04,825.0,7.2799,7.266,1996-11-01
1996-11-05,825.4,7.257899999999999,7.2799,1996-11-04
1996-11-06,826.1,7.230599999999999,7.257899999999999,1996-11-05
1996-11-07,829.0,7.3169,7.230599999999999,1996-11-06
1996-11-08,827.1,7.3832,7.3169,1996-11-07
1996-11-11,829.5,7.4428,7.3832,1996-11-08
1996-11-12,828.2,7.4616,7.4428,1996-11-11
1996-11-13,828.5,7.4135,7.4616,1996-11-12
1996-11-14,829.5,7.4149,7.4135,1996-11-13
1996-11-15,829.1,7.4459,7.4149,1996-11-14
1996-11-18,827.9,7.4687,7.4459,1996-11-15
1996-11-19,827.4,7.428,7.4687,1996-11-18
1996-11-20,828.0,7.4227,7.428,1996-11-19
1996-11-21,828.9,7.4327,7.4227,1996-11-20
1996-11-22,829.8,7.4525,7.4327,1996-11-21
1996-11-25,828.5,7.430499999999999,7.4525,1996-11-22
1996-11-26,828.5,7.3612,7.430499999999999,1996-11-25
1996-11-27,829.0,7.3784,7.3612,1996-11-26
1996-11-28,829.9,7.333200000000001,7.3784,1996-11-27
1996-11-29,828.8,7.283,7.333200000000001,1996-11-28
1996-12-02,828.7,7.2789,7.283,1996-11-29
1996-12-03,829.5,7.2483,7.2789,1996-12-02
1996-12-04,831.2,7.3298,7.2483,1996-12-03
1996-12-05,830.7,7.3729,7.3298,1996-12-04
1996-12-06,830.0,7.3827,7.3729,1996-12-05
1996-12-09,831.0,7.3475,7.3827,1996-12-06
1996-12-10,833.3,7.3451,7.3475,1996-12-09
1996-12-11,835.0,7.3776,7.3451,1996-12-10
1996-12-12,839.3,7.4406,7.3776,1996-12-11
1996-12-13,842.7,7.444299999999999,7.4406,1996-12-12
1996-12-16,842.9,7.4036,7.444299999999999,1996-12-13
1996-12-17,844.0,7.4195,7.4036,1996-12-16
1996-12-18,843.1,7.4184,7.4195,1996-12-17
1996-12-19,843.7,7.4368,7.4184,1996-12-18
1996-12-20,843.8,7.392,7.4368,1996-12-19
1996-12-23,844.1,7.386900000000001,7.392,1996-12-20
1996-12-24,844.3,7.3964,7.386900000000001,1996-12-23
1996-12-26,844.7,7.3548,7.3964,1996-12-24
1996-12-27,843.9,7.343999999999999,7.3548,1996-12-26
1996-12-30,843.7,7.2877,7.343999999999999,1996-12-27
1996-12-31,844.2,7.2651,7.2877,1996-12-30
1997-01-03,844.6,7.3015,7.2651,1996-12-31
1997-01-06,842.7,7.2103,7.3015,1997-01-03
1997-01-07,844.7,7.300800000000001,7.2103,1997-01-06
1997-01-08,844.6,7.3141,7.300800000000001,1997-01-07
1997-01-09,844.8,7.3001,7.3141,1997-01-08
1997-01-10,846.7,7.274400000000001,7.3001,1997-01-09
1997-01-13,846.8,7.2893,7.274400000000001,1997-01-10
1997-01-14,847.5,7.2653,7.2893,1997-01-13
1997-01-15,848.3,7.2427,7.2653,1997-01-14
1997-01-16,849.1,7.2728,7.2427,1997-01-15
1997-01-17,849.0,7.2797,7.2728,1997-01-16
1997-01-20,848.8,7.233099999999999,7.2797,1997-01-17
1997-01-21,849.6,7.1909,7.233099999999999,1997-01-20
1997-01-22,852.1,7.209,7.1909,1997-01-21
1997-01-23,853.6,7.1822,7.209,1997-01-22
1997-01-24,854.1,7.1976,7.1822,1997-01-23
1997-01-27,854.1,7.1655999999999995,7.1976,1997-01-24
1997-01-28,855.0,7.1414,7.1655999999999995,1997-01-27
1997-01-29,857.5,7.0722000000000005,7.1414,1997-01-28
1997-01-30,859.6,7.0142999999999995,7.0722000000000005,1997-01-29
1997-01-31,861.3,7.056900000000001,7.0142999999999995,1997-01-30
1997-02-03,864.5,7.1211,7.056900000000001,1997-01-31
1997-02-04,866.8,7.1137,7.1211,1997-02-03
1997-02-05,868.6,7.081900000000001,7.1137,1997-02-04
1997-02-06,869.9,7.0523,7.081900000000001,1997-02-05
1997-02-10,867.8,7.0899,7.0523,1997-02-06
1997-02-11,867.8,7.0579,7.0899,1997-02-10
1997-02-12,869.3,7.0246,7.0579,1997-02-11
1997-02-13,868.7,6.991499999999999,7.0246,1997-02-12
1997-02-14,874.0,7.0201,6.991499999999999,1997-02-13
1997-02-17,875.0,7.0239,7.0201,1997-02-14
1997-02-18,878.8,7.0473,7.0239,1997-02-17
1997-02-19,878.7,7.082000000000001,7.0473,1997-02-18
1997-02-20,859.3,6.899,7.082000000000001,1997-02-19
1997-02-21,855.5,6.972300000000001,6.899,1997-02-20
1997-02-24,856.7,6.9453,6.972300000000001,1997-02-21
1997-02-25,864.4,7.079199999999999,6.9453,1997-02-24
1997-02-26,862.4,7.0863,7.079199999999999,1997-02-25
1997-02-27,862.4,7.0747,7.0863,1997-02-26
1997-02-28,863.9,7.153,7.0747,1997-02-27
1997-03-03,864.2,7.1987,7.153,1997-02-28
1997-03-04,863.6,7.1254,7.1987,1997-03-03
1997-03-05,864.5,7.0729999999999995,7.1254,1997-03-04
1997-03-06,867.5,7.172999999999999,7.0729999999999995,1997-03-05
1997-03-07,869.0,7.1703,7.172999999999999,1997-03-06
1997-03-10,869.5,7.124099999999999,7.1703,1997-03-07
1997-03-11,874.6,7.1848,7.124099999999999,1997-03-10
1997-03-12,877.7,7.195399999999999,7.1848,1997-03-11
1997-03-13,877.8,7.1804,7.195399999999999,1997-03-12
1997-03-14,877.8,7.1233,7.1804,1997-03-13
1997-03-17,879.0,7.1145000000000005,7.1233,1997-03-14
1997-03-18,879.8,7.108099999999999,7.1145000000000005,1997-03-17
1997-03-19,882.6,7.199299999999999,7.108099999999999,1997-03-18
1997-03-20,884.4,7.2049,7.199299999999999,1997-03-19
1997-03-21,883.5,7.146,7.2049,1997-03-20
1997-03-24,884.3,7.1924,7.146,1997-03-21
1997-03-25,887.3,7.2182,7.1924,1997-03-24
1997-03-26,888.7,7.1724,7.2182,1997-03-25
1997-03-27,889.5,7.159,7.1724,1997-03-26
1997-03-28,892.9,7.2297,7.159,1997-03-27
1997-03-31,897.1,7.2318,7.2297,1997-03-28
1997-04-01,892.8,7.2029,7.2318,1997-03-31
1997-04-02,896.2,7.320399999999999,7.2029,1997-04-01
1997-04-03,896.0,7.2934,7.320399999999999,1997-04-02
1997-04-04,895.4,7.3034,7.2934,1997-04-03
1997-04-07,893.6,7.174600000000001,7.3034,1997-04-04
1997-04-08,895.0,7.111599999999999,7.174600000000001,1997-04-07
1997-04-09,894.2,7.087000000000001,7.111599999999999,1997-04-08
1997-04-10,895.2,7.041900000000001,7.087000000000001,1997-04-09
1997-04-11,894.0,7.1085,7.041900000000001,1997-04-10
1997-04-14,890.8,7.0698,7.1085,1997-04-11
1997-04-15,894.4,7.0653,7.0698,1997-04-14
1997-04-16,895.4,7.0982,7.0653,1997-04-15
1997-04-17,894.3,7.1061000000000005,7.0982,1997-04-16
1997-04-18,893.4,7.0961,7.1061000000000005,1997-04-17
1997-04-21,893.7,7.1041,7.0961,1997-04-18
1997-04-22,893.1,7.1237,7.1041,1997-04-21
1997-04-23,892.1,7.063300000000001,7.1237,1997-04-22
1997-04-24,892.6,7.0785,7.063300000000001,1997-04-23
1997-04-25,892.2,7.0725,7.0785,1997-04-24
1997-04-28,892.6,7.0311,7.0725,1997-04-25
1997-04-29,892.7,7.0388,7.0311,1997-04-28
1997-04-30,892.1,7.027200000000001,7.0388,1997-04-29
1997-05-02,892.2,7.0443,7.027200000000001,1997-04-30
1997-05-06,891.9,7.035299999999999,7.0443,1997-05-02
1997-05-07,894.0,7.1343,7.035299999999999,1997-05-06
1997-05-08,895.2,7.1473,7.1343,1997-05-07
1997-05-09,894.1,7.2397,7.1473,1997-05-08
1997-05-12,892.2,7.5164,7.2397,1997-05-09
1997-05-13,890.6,7.4969,7.5164,1997-05-12
1997-05-15,893.1,7.617100000000001,7.4969,1997-05-13
1997-05-16,891.2,7.6511,7.617100000000001,1997-05-15
1997-05-19,892.2,7.729400000000001,7.6511,1997-05-16
1997-05-20,891.3,7.731599999999999,7.729400000000001,1997-05-19
1997-05-21,890.6,7.880700000000001,7.731599999999999,1997-05-20
1997-05-22,890.9,7.791,7.880700000000001,1997-05-21
1997-05-23,891.4,7.7011,7.791,1997-05-22
1997-05-26,891.0,7.6963,7.7011,1997-05-23
1997-05-27,891.3,7.649,7.6963,1997-05-26
1997-05-28,892.4,7.647,7.649,1997-05-27
1997-05-29,892.6,7.7231,7.647,1997-05-28
1997-05-30,891.8,7.6549,7.7231,1997-05-29
1997-06-02,891.8,7.6846,7.6549,1997-05-30
1997-06-03,891.2,7.6305,7.6846,1997-06-02
1997-06-04,891.0,7.6843,7.6305,1997-06-03
1997-06-05,891.0,7.6744,7.6843,1997-06-04
1997-06-09,890.9,7.840700000000001,7.6744,1997-06-05
1997-06-10,890.0,7.918099999999999,7.840700000000001,1997-06-09
1997-06-11,891.1,7.9598,7.918099999999999,1997-06-10
1997-06-12,890.6,7.991,7.9598,1997-06-11
1997-06-13,890.9,7.7638,7.991,1997-06-12
1997-06-16,889.7,7.756799999999999,7.7638,1997-06-13
1997-06-17,888.5,7.8437,7.756799999999999,1997-06-16
1997-06-18,888.5,7.8386,7.8437,1997-06-17
1997-06-19,888.5,7.8354,7.8386,1997-06-18
1997-06-20,888.4,7.7623,7.8354,1997-06-19
1997-06-23,888.4,7.7131,7.7623,1997-06-20
1997-06-24,888.3,7.7446,7.7131,1997-06-23
1997-06-25,887.7,7.7376,7.7446,1997-06-24
1997-06-26,887.7,7.7715,7.7376,1997-06-25
1997-06-27,888.3,7.8472,7.7715,1997-06-26
1997-06-30,888.1,7.7529,7.8472,1997-06-27
1997-07-01,887.8,7.7456,7.7529,1997-06-30
1997-07-02,888.1,7.735399999999999,7.7456,1997-07-01
1997-07-03,887.4,7.7465,7.735399999999999,1997-07-02
1997-07-04,887.2,7.8178,7.7465,1997-07-03
1997-07-07,887.1,7.810700000000001,7.8178,1997-07-04
1997-07-08,887.2,7.8883,7.810700000000001,1997-07-07
1997-07-09,887.7,7.8526,7.8883,1997-07-08
1997-07-10,888.0,7.8762,7.8526,1997-07-09
1997-07-11,889.0,7.8499,7.8762,1997-07-10
1997-07-14,890.0,7.825900000000001,7.8499,1997-07-11
1997-07-15,891.4,7.8159,7.825900000000001,1997-07-14
1997-07-16,890.8,7.7259,7.8159,1997-07-15
1997-07-18,892.8,7.6952,7.7259,1997-07-16
1997-07-21,894.6,7.742100000000001,7.6952,1997-07-18
1997-07-22,893.4,7.6852,7.742100000000001,1997-07-21
1997-07-23,893.5,7.744299999999999,7.6852,1997-07-22
1997-07-24,893.7,7.7176,7.744299999999999,1997-07-23
1997-07-25,893.2,7.695,7.7176,1997-07-24
1997-07-28,891.4,7.5993,7.695,1997-07-25
1997-07-29,891.9,7.5874,7.5993,1997-07-28
1997-07-30,891.7,7.544,7.5874,1997-07-29
1997-07-31,892.0,7.5593,7.544,1997-07-30
1997-08-01,890.8,7.5094,7.5593,1997-07-31
1997-08-04,889.3,7.4888,7.5094,1997-08-01
1997-08-05,888.8,7.5226,7.4888,1997-08-04
1997-08-06,890.0,7.4539,7.5226,1997-08-05
1997-08-07,892.6,7.5309,7.4539,1997-08-06
1997-08-08,892.8,7.5386,7.5309,1997-08-07
1997-08-11,893.8,7.7486,7.5386,1997-08-08
1997-08-12,893.0,7.691599999999999,7.7486,1997-08-11
1997-08-13,894.4,7.6753,7.691599999999999,1997-08-12
1997-08-14,894.3,7.7271,7.6753,1997-08-13
1997-08-18,894.6,7.6152,7.7271,1997-08-14
1997-08-19,897.5,7.5963,7.6152,1997-08-18
1997-08-20,899.3,7.599,7.5963,1997-08-19
1997-08-21,898.6,7.626900000000001,7.599,1997-08-20
1997-08-22,898.5,7.6618,7.626900000000001,1997-08-21
1997-08-25,899.3,7.6147,7.6618,1997-08-22
1997-08-26,903.4,7.6156,7.6147,1997-08-25
1997-08-27,904.6,7.6499,7.6156,1997-08-26
1997-08-28,902.1,7.603,7.6499,1997-08-27
1997-08-29,900.8,7.5745,7.603,1997-08-28
1997-09-01,902.0,7.4697,7.5745,1997-08-29
1997-09-02,904.2,7.496,7.4697,1997-09-01
1997-09-03,904.0,7.448,7.496,1997-09-02
1997-09-04,904.5,7.4935,7.448,1997-09-03
1997-09-05,905.6,7.4769,7.4935,1997-09-04
1997-09-08,907.4,7.4859,7.4769,1997-09-05
1997-09-09,907.9,7.5111,7.4859,1997-09-08
1997-09-10,908.4,7.638400000000001,7.5111,1997-09-09
1997-09-11,908.7,7.6278,7.638400000000001,1997-09-10
1997-09-12,908.4,7.5963,7.6278,1997-09-11
1997-09-18,908.7,7.5289,7.5963,1997-09-12
1997-09-19,909.3,7.4609,7.5289,1997-09-18
1997-09-22,912.5,7.4918,7.4609,1997-09-19
1997-09-23,912.6,7.4886,7.4918,1997-09-22
1997-09-24,913.8,7.479400000000001,7.4886,1997-09-23
1997-09-25,913.7,7.5955,7.479400000000001,1997-09-24
1997-09-26,914.6,7.5493,7.5955,1997-09-25
1997-09-29,914.7,7.5393,7.5493,1997-09-26
1997-09-30,914.8,7.562799999999999,7.5393,1997-09-29
1997-10-01,914.4,7.5739,7.562799999999999,1997-09-30
1997-10-02,913.0,7.539199999999999,7.5739,1997-10-01
1997-10-06,912.9,7.5006,7.539199999999999,1997-10-02
1997-10-07,914.2,7.5011,7.5006,1997-10-06
1997-10-08,914.4,7.479400000000001,7.5011,1997-10-07
1997-10-09,914.8,7.5463,7.479400000000001,1997-10-08
1997-10-10,914.7,7.5498,7.5463,1997-10-09
1997-10-13,914.3,7.5986,7.5498,1997-10-10
1997-10-14,914.3,7.5453,7.5986,1997-10-13
1997-10-15,913.7,7.524500000000001,7.5453,1997-10-14
1997-10-16,914.3,7.5484,7.524500000000001,1997-10-15
1997-10-17,914.7,7.6352,7.5484,1997-10-16
1997-10-20,914.8,7.5838,7.6352,1997-10-17
1997-10-21,915.5,7.5533,7.5838,1997-10-20
1997-10-22,922.7,7.6351,7.5533,1997-10-21
1997-10-23,921.1,7.6282,7.6351,1997-10-22
1997-10-24,919.0,7.5402,7.6282,1997-10-23
1997-10-27,927.9,7.5989,7.5402,1997-10-24
1997-10-28,936.6,7.6912,7.5989,1997-10-27
1997-10-29,942.8,7.8147,7.6912,1997-10-28
1997-10-30,963.1,7.9826,7.8147,1997-10-29
1997-10-31,965.1,8.0325,7.9826,1997-10-30
1997-11-03,964.6,8.0186,8.0325,1997-10-31
1997-11-04,967.2,7.9497,8.0186,1997-11-03
1997-11-05,965.9,7.914,7.9497,1997-11-04
1997-11-06,968.6,7.8575,7.914,1997-11-05
1997-11-07,974.8,7.883500000000001,7.8575,1997-11-06
1997-11-10,979.4,7.908,7.883500000000001,1997-11-07
1997-11-11,997.8,8.0161,7.908,1997-11-10
1997-11-12,989.9,7.9303,8.0161,1997-11-11
1997-11-13,988.3,7.825,7.9303,1997-11-12
1997-11-14,987.4,7.8427,7.825,1997-11-13
1997-11-17,986.5,7.7993,7.8427,1997-11-14
1997-11-18,990.6,7.871,7.7993,1997-11-17
1997-11-19,1012.8,8.0206,7.871,1997-11-18
1997-11-20,1035.5,8.1503,8.0206,1997-11-19
1997-11-21,1139.0,9.0343,8.1503,1997-11-20
1997-11-24,1076.4,8.5,9.0343,1997-11-21
1997-11-25,1100.5,8.6746,8.5,1997-11-24
1997-11-26,1117.5,8.7951,8.6746,1997-11-25
1997-11-27,1113.8,8.7546,8.7951,1997-11-26
1997-11-28,1112.3,8.7672,8.7546,1997-11-27
1997-12-01,1163.8,9.1086,8.7672,1997-11-28
1997-12-02,1174.4,9.1194,9.1086,1997-12-01
1997-12-03,1240.6,9.6582,9.1194,1997-12-02
1997-12-04,1249.5,9.7109,9.6582,1997-12-03
1997-12-05,1156.1,8.9274,9.7109,1997-12-04
1997-12-08,1220.4,9.3877,8.9274,1997-12-05
1997-12-09,1332.5,10.2217,9.3877,1997-12-08
1997-12-10,1423.6,11.0147,10.2217,1997-12-09
1997-12-11,1563.5,12.1155,11.0147,1997-12-10
1997-12-12,1719.5,13.2412,12.1155,1997-12-11
1997-12-15,1737.6,13.3058,13.2412,1997-12-12
1997-12-16,1643.7,12.5574,13.3058,1997-12-15
1997-12-17,1405.9,10.713299999999998,12.5574,1997-12-16
1997-12-19,1486.4,11.5471,10.713299999999998,1997-12-17
1997-12-22,1618.1,12.519100000000002,11.5471,1997-12-19
1997-12-23,1685.3,12.9365,12.519100000000002,1997-12-22
1997-12-24,1964.8,15.1255,12.9365,1997-12-23
1997-12-26,1850.1,14.1824,15.1255,1997-12-24
1997-12-29,1512.9,11.6462,14.1824,1997-12-26
1997-12-30,1449.2,11.1778,11.6462,1997-12-29
1997-12-31,1415.2,10.8782,11.1778,1997-12-30
1998-01-05,1695.8,12.8203,10.8782,1997-12-31
1998-01-06,1716.3,12.875,12.8203,1998-01-05
1998-01-07,1790.0,13.3333,12.875,1998-01-06
1998-01-08,1761.0,13.3066,13.3333,1998-01-07
1998-01-09,1785.3,13.5661,13.3066,1998-01-08
1998-01-12,1805.3,13.6455,13.5661,1998-01-09
1998-01-13,1742.0,13.114,13.6455,1998-01-12
1998-01-14,1755.7,13.3691,13.114,1998-01-13
1998-01-15,1715.1,13.133,13.3691,1998-01-14
1998-01-16,1597.2,12.2862,13.133,1998-01-15
1998-01-19,1621.9,12.6154,12.2862,1998-01-16
1998-01-20,1581.1,12.2376,12.6154,1998-01-19
1998-01-21,1637.2,12.7881,12.2376,1998-01-20
1998-01-22,1714.4,13.4833,12.7881,1998-01-21
1998-01-23,1746.8,13.7031,13.4833,1998-01-22
1998-01-26,1749.9,13.9618,13.7031,1998-01-23
1998-01-30,1688.8,13.3793,13.9618,1998-01-26
1998-02-02,1572.9,12.4266,13.3793,1998-01-30
1998-02-03,1553.1,12.2896,12.4266,1998-02-02
1998-02-04,1566.9,12.4679,12.2896,1998-02-03
1998-02-05,1600.0,12.898,12.4679,1998-02-04
1998-02-06,1606.2,12.961099999999998,12.898,1998-02-05
1998-02-09,1574.6,12.6271,12.961099999999998,1998-02-06
1998-02-10,1553.3,12.486300000000002,12.6271,1998-02-09
1998-02-11,1592.9,12.9346,12.486300000000002,1998-02-10
1998-02-12,1602.9,12.9606,12.9346,1998-02-11
1998-02-13,1625.8,13.0712,12.9606,1998-02-12
1998-02-16,1621.5,12.9039,13.0712,1998-02-13
1998-02-17,1639.4,12.9992,12.9039,1998-02-16
1998-02-18,1707.3,13.4991,12.9992,1998-02-17
1998-02-19,1704.4,13.5029,13.4991,1998-02-18
1998-02-20,1696.3,13.4574,13.5029,1998-02-19
1998-02-23,1645.2,12.8682,13.4574,1998-02-20
1998-02-24,1656.2,12.9492,12.8682,1998-02-23
1998-02-25,1658.3,12.9519,12.9492,1998-02-24
1998-02-26,1642.2,12.7972,12.9519,1998-02-25
1998-02-27,1652.6,12.9921,12.7972,1998-02-26
1998-03-02,1640.1,13.0012,12.9921,1998-02-27
1998-03-03,1570.6,12.5013,13.0012,1998-03-02
1998-03-04,1545.6,12.274,12.5013,1998-03-03
1998-03-05,1563.7,12.3637,12.274,1998-03-04
1998-03-06,1585.6,12.4142,12.3637,1998-03-05
1998-03-09,1637.6,12.8013,12.4142,1998-03-06
1998-03-10,1628.5,12.75,12.8013,1998-03-09
1998-03-11,1584.9,12.4526,12.75,1998-03-10
1998-03-12,1580.9,12.2384,12.4526,1998-03-11
1998-03-13,1563.3,12.1398,12.2384,1998-03-12
1998-03-16,1537.7,12.0358,12.1398,1998-03-13
1998-03-17,1472.4,11.3567,12.0358,1998-03-16
1998-03-18,1455.4,11.2865,11.3567,1998-03-17
1998-03-19,1481.6,11.3969,11.2865,1998-03-18
1998-03-20,1489.6,11.3862,11.3969,1998-03-19
1998-03-23,1457.0,11.1622,11.3862,1998-03-20
1998-03-24,1402.3,10.7415,11.1622,1998-03-23
1998-03-25,1400.4,10.7496,10.7415,1998-03-24
1998-03-26,1379.7,10.6995,10.7496,1998-03-25
1998-03-27,1387.9,10.8092,10.6995,1998-03-26
1998-03-30,1380.7,10.5979,10.8092,1998-03-27
1998-03-31,1378.8,10.4474,10.5979,1998-03-30
1998-04-01,1387.0,10.4141,10.4474,1998-03-31
1998-04-02,1382.5,10.3403,10.4141,1998-04-01
1998-04-03,1410.6,10.5643,10.3403,1998-04-02
1998-04-06,1445.1,10.7076,10.5643,1998-04-03
1998-04-07,1469.7,10.9206,10.7076,1998-04-06
1998-04-08,1443.1,10.8138,10.9206,1998-04-07
1998-04-09,1407.5,10.6774,10.8138,1998-04-08
1998-04-10,1382.9,10.5404,10.6774,1998-04-09
1998-04-13,1380.2,10.7534,10.5404,1998-04-10
1998-04-14,1395.0,10.7597,10.7534,1998-04-13
1998-04-15,1413.5,10.9404,10.7597,1998-04-14
1998-04-16,1400.5,10.7524,10.9404,1998-04-15
1998-04-17,1395.5,10.6106,10.7524,1998-04-16
1998-04-20,1381.3,10.4525,10.6106,1998-04-17
1998-04-21,1388.3,10.5334,10.4525,1998-04-20
1998-04-22,1378.9,10.4959,10.5334,1998-04-21
1998-04-23,1372.2,10.5242,10.4959,1998-04-22
1998-04-24,1371.0,10.534,10.5242,1998-04-23
1998-04-27,1366.7,10.4225,10.534,1998-04-24
1998-04-28,1359.9,10.2673,10.4225,1998-04-27
1998-04-29,1348.3,10.2125,10.2673,1998-04-28
1998-04-30,1338.2,10.1126,10.2125,1998-04-29
1998-05-04,1335.2,10.0109,10.1126,1998-04-30
1998-05-06,1348.6,10.2318,10.0109,1998-05-04
1998-05-07,1349.1,10.136,10.2318,1998-05-06
1998-05-08,1393.5,10.4405,10.136,1998-05-07
1998-05-11,1392.4,10.453499999999998,10.4405,1998-05-08
1998-05-12,1390.7,10.4662,10.453499999999998,1998-05-11
1998-05-13,1391.4,10.3952,10.4662,1998-05-12
1998-05-14,1399.4,10.441300000000002,10.3952,1998-05-13
1998-05-15,1410.2,10.5471,10.441300000000002,1998-05-14
1998-05-18,1435.0,10.6391,10.5471,1998-05-15
1998-05-19,1441.9,10.6116,10.6391,1998-05-18
1998-05-20,1451.8,10.6476,10.6116,1998-05-19
1998-05-21,1428.7,10.5264,10.6476,1998-05-20
1998-05-22,1387.2,10.2756,10.5264,1998-05-21
1998-05-25,1380.3,10.1028,10.2756,1998-05-22
1998-05-26,1384.4,10.0922,10.1028,1998-05-25
1998-05-27,1390.8,10.1028,10.0922,1998-05-26
1998-05-28,1405.7,10.2177,10.1028,1998-05-27
1998-05-29,1400.8,10.09,10.2177,1998-05-28
1998-06-01,1410.8,10.1756,10.09,1998-05-29
1998-06-02,1400.2,10.0474,10.1756,1998-06-01
1998-06-03,1403.4,10.1237,10.0474,1998-06-02
1998-06-05,1391.8,10.04,10.1237,1998-06-03
1998-06-08,1395.7,9.9515,10.04,1998-06-05
1998-06-09,1403.6,9.955,9.9515,1998-06-08
1998-06-10,1399.2,9.9552,9.955,1998-06-09
1998-06-11,1391.8,9.8413,9.9552,1998-06-10
1998-06-12,1389.2,9.6105,9.8413,1998-06-11
1998-06-15,1400.3,9.6789,9.6105,1998-06-12
1998-06-16,1416.2,9.6537,9.6789,1998-06-15
1998-06-17,1428.3,10.0151,9.6537,1998-06-16
1998-06-18,1419.5,10.4433,10.0151,1998-06-17
1998-06-19,1392.1,10.1373,10.4433,1998-06-18
1998-06-22,1400.0,10.1339,10.1373,1998-06-19
1998-06-23,1395.6,10.1388,10.1339,1998-06-22
1998-06-24,1386.0,9.9497,10.1388,1998-06-23
1998-06-25,1385.4,9.7995,9.9497,1998-06-24
1998-06-26,1372.6,9.6255,9.7995,1998-06-25
1998-06-29,1382.6,9.6547,9.6255,1998-06-26
1998-06-30,1385.2,9.7385,9.6547,1998-06-29
1998-07-01,1374.7,9.9418,9.7385,1998-06-30
1998-07-02,1365.4,9.8774,9.9418,1998-07-01
1998-07-03,1367.6,9.7165,9.8774,1998-07-02
1998-07-06,1360.5,9.6867,9.7165,1998-07-03
1998-07-07,1346.0,9.6332,9.6867,1998-07-06
1998-07-08,1347.7,9.7184,9.6332,1998-07-07
1998-07-09,1333.4,9.5499,9.7184,1998-07-08
1998-07-10,1317.9,9.3435,9.5499,1998-07-09
1998-07-13,1311.9,9.1104,9.3435,1998-07-10
1998-07-14,1312.7,9.2869,9.1104,1998-07-13
1998-07-15,1294.6,9.2257,9.2869,1998-07-14
1998-07-16,1277.6,9.0803,9.2257,1998-07-15
1998-07-20,1281.8,9.2067,9.0803,1998-07-16
1998-07-21,1286.7,9.2465,9.2067,1998-07-20
1998-07-22,1289.7,9.1974,9.2465,1998-07-21
1998-07-23,1291.6,9.1583,9.1974,1998-07-22
1998-07-24,1281.3,9.0966,9.1583,1998-07-23
1998-07-27,1251.4,8.8329,9.0966,1998-07-24
1998-07-28,1218.6,8.548300000000001,8.8329,1998-07-27
1998-07-29,1222.5,8.661,8.548300000000001,1998-07-28
1998-07-30,1244.9,8.7377,8.661,1998-07-29
1998-07-31,1236.0,8.6072,8.7377,1998-07-30
1998-08-03,1227.4,8.472100000000001,8.6072,1998-07-31
1998-08-04,1242.4,8.525599999999999,8.472100000000001,1998-08-03
1998-08-05,1236.8,8.5978,8.525599999999999,1998-08-04
1998-08-06,1254.0,8.7289,8.5978,1998-08-05
1998-08-07,1306.7,9.0448,8.7289,1998-08-06
1998-08-10,1326.1,9.055,9.0448,1998-08-07
1998-08-11,1347.0,9.2071,9.055,1998-08-10
1998-08-12,1334.1,9.0586,9.2071,1998-08-11
1998-08-13,1333.8,9.1075,9.0586,1998-08-12
1998-08-14,1336.4,9.2112,9.1075,1998-08-13
1998-08-17,1324.2,9.059,9.2112,1998-08-14
1998-08-18,1330.2,9.0941,9.059,1998-08-17
1998-08-19,1325.1,9.1668,9.0941,1998-08-18
1998-08-20,1304.8,9.0643,9.1668,1998-08-19
1998-08-21,1297.9,9.0832,9.0643,1998-08-20
1998-08-24,1300.9,8.9757,9.0832,1998-08-21
1998-08-25,1304.5,9.0922,8.9757,1998-08-24
1998-08-26,1306.0,9.0465,9.0922,1998-08-25
1998-08-27,1308.5,9.0979,9.0465,1998-08-26
1998-08-28,1315.6,9.3143,9.0979,1998-08-27
1998-08-31,1331.8,9.4153,9.3143,1998-08-28
1998-09-01,1351.8,9.6973,9.4153,1998-08-31
1998-09-02,1355.2,9.847,9.6973,1998-09-01
1998-09-03,1343.9,9.7215,9.847,1998-09-02
1998-09-04,1333.6,9.9783,9.7215,1998-09-03
1998-09-07,1331.7,10.0064,9.9783,1998-09-04
1998-09-08,1340.2,10.2013,10.0064,1998-09-07
1998-09-09,1355.5,10.3552,10.2013,1998-09-08
1998-09-10,1362.1,10.0617,10.3552,1998-09-09
1998-09-11,1367.3,10.2266,10.0617,1998-09-10
1998-09-14,1369.7,10.4279,10.2266,1998-09-11
1998-09-15,1388.1,10.4427,10.4279,1998-09-14
1998-09-16,1390.8,10.3405,10.4427,1998-09-15
1998-09-17,1376.6,10.2789,10.3405,1998-09-16
1998-09-18,1380.6,10.4853,10.2789,1998-09-17
1998-09-21,1388.1,10.3978,10.4853,1998-09-18
1998-09-22,1390.1,10.343,10.3978,1998-09-21
1998-09-23,1395.7,10.304200000000002,10.343,1998-09-22
1998-09-24,1403.9,10.3571,10.304200000000002,1998-09-23
1998-09-25,1395.6,10.357,10.3571,1998-09-24
1998-09-28,1386.5,10.1389,10.357,1998-09-25
1998-09-29,1384.3,10.1656,10.1389,1998-09-28
1998-09-30,1373.6,10.2393,10.1656,1998-09-29
1998-10-01,1385.4,10.1606,10.2393,1998-09-30
1998-10-02,1388.6,10.2658,10.1606,1998-10-01
1998-10-07,1386.5,10.6942,10.2658,1998-10-02
1998-10-08,1381.7,11.4002,10.6942,1998-10-07
1998-10-09,1361.0,11.4755,11.4002,1998-10-08
1998-10-12,1337.3,11.4568,11.4755,1998-10-09
1998-10-13,1317.6,11.1879,11.4568,1998-10-12
1998-10-14,1339.3,11.2688,11.1879,1998-10-13
1998-10-15,1350.8,11.404000000000002,11.2688,1998-10-14
1998-10-16,1336.6,11.5523,11.404000000000002,1998-10-15
1998-10-19,1322.9,11.4339,11.5523,1998-10-16
1998-10-20,1317.0,11.4716,11.4339,1998-10-19
1998-10-21,1327.6,11.4055,11.4716,1998-10-20
1998-10-22,1328.5,11.2997,11.4055,1998-10-21
1998-10-23,1323.8,11.252,11.2997,1998-10-22
1998-10-26,1318.2,11.1086,11.252,1998-10-23
1998-10-27,1313.3,10.9969,11.1086,1998-10-26
1998-10-28,1316.9,11.1474,10.9969,1998-10-27
1998-10-29,1321.0,11.2244,11.1474,1998-10-28
1998-10-30,1315.1,11.2532,11.2244,1998-10-29
1998-11-02,1313.8,11.4095,11.2532,1998-10-30
1998-11-03,1318.0,11.4559,11.4095,1998-11-02
1998-11-04,1317.3,11.4284,11.4559,1998-11-03
1998-11-05,1312.5,11.2227,11.4284,1998-11-04
1998-11-06,1313.5,11.093800000000002,11.2227,1998-11-05
1998-11-09,1315.0,11.0296,11.093800000000002,1998-11-06
1998-11-10,1314.2,10.8098,11.0296,1998-11-09
1998-11-11,1319.7,10.7863,10.8098,1998-11-10
1998-11-12,1316.7,10.8148,10.7863,1998-11-11
1998-11-13,1315.9,10.7684,10.8148,1998-11-12
1998-11-16,1315.9,10.7398,10.7684,1998-11-13
1998-11-17,1316.9,10.9423,10.7398,1998-11-16
1998-11-18,1311.3,10.8148,10.9423,1998-11-17
1998-11-19,1299.5,10.6429,10.8148,1998-11-18
1998-11-20,1291.4,10.7572,10.6429,1998-11-19
1998-11-23,1272.8,10.5473,10.7572,1998-11-20
1998-11-24,1249.5,10.2907,10.5473,1998-11-23
1998-11-25,1251.1,10.3056,10.2907,1998-11-24
1998-11-26,1252.7,10.2976,10.3056,1998-11-25
1998-11-27,1244.5,10.1737,10.2976,1998-11-26
1998-11-30,1243.7,10.0905,10.1737,1998-11-27
1998-12-01,1248.0,10.1674,10.0905,1998-11-30
1998-12-02,1241.7,10.1908,10.1674,1998-12-01
1998-12-03,1237.2,10.318599999999998,10.1908,1998-12-02
1998-12-04,1229.2,10.439100000000002,10.318599999999998,1998-12-03
1998-12-07,1214.8,10.2558,10.439100000000002,1998-12-04
1998-12-08,1208.2,10.037,10.2558,1998-12-07
1998-12-09,1217.0,10.2166,10.037,1998-12-08
1998-12-10,1212.2,10.2598,10.2166,1998-12-09
1998-12-11,1207.9,10.2953,10.2598,1998-12-10
1998-12-14,1208.1,10.3646,10.2953,1998-12-11
1998-12-15,1208.4,10.4488,10.3646,1998-12-14
1998-12-16,1210.0,10.364,10.4488,1998-12-15
1998-12-17,1210.5,10.404000000000002,10.364,1998-12-16
1998-12-18,1210.0,10.4247,10.404000000000002,1998-12-17
1998-12-21,1208.5,10.47,10.4247,1998-12-18
1998-12-22,1198.6,10.3461,10.47,1998-12-21
1998-12-23,1205.4,10.3277,10.3461,1998-12-22
1998-12-24,1206.8,10.451199999999998,10.3277,1998-12-23
1998-12-28,1207.0,10.3783,10.451199999999998,1998-12-24
1998-12-29,1209.9,10.4437,10.3783,1998-12-28
1998-12-30,1209.3,10.4475,10.4437,1998-12-29
1998-12-31,1207.8,10.5347,10.4475,1998-12-30
1999-01-04,1195.8,10.5945,10.5347,1998-12-31
1999-01-05,1189.9,10.6099,10.5945,1999-01-04
1999-01-06,1167.5,10.4102,10.6099,1999-01-05
1999-01-07,1159.2,10.2629,10.4102,1999-01-06
1999-01-08,1157.2,10.4046,10.2629,1999-01-07
1999-01-11,1168.2,10.5911,10.4046,1999-01-08
1999-01-12,1173.3,10.7445,10.5911,1999-01-11
1999-01-13,1171.7,10.4105,10.7445,1999-01-12
1999-01-14,1172.9,10.3549,10.4105,1999-01-13
1999-01-15,1184.7,10.4383,10.3549,1999-01-14
1999-01-18,1186.3,10.3852,10.4383,1999-01-15
1999-01-19,1179.2,10.3257,10.3852,1999-01-18
1999-01-20,1181.6,10.3923,10.3257,1999-01-19
1999-01-21,1173.0,10.3897,10.3923,1999-01-20
1999-01-22,1174.1,10.3127,10.3897,1999-01-21
1999-01-25,1175.5,10.244000000000002,10.3127,1999-01-22
1999-01-26,1185.6,10.432,10.244000000000002,1999-01-25
1999-01-27,1176.1,10.3393,10.432,1999-01-26
1999-01-28,1175.6,10.1766,10.3393,1999-01-27
1999-01-29,1175.1,10.0997,10.1766,1999-01-28
1999-02-01,1175.3,10.1433,10.0997,1999-01-29
1999-02-02,1175.2,10.2103,10.1433,1999-02-01
1999-02-03,1172.3,10.4679,10.2103,1999-02-02
1999-02-04,1170.7,10.34,10.4679,1999-02-03
1999-02-05,1170.3,10.4491,10.34,1999-02-04
1999-02-08,1170.1,10.3617,10.4491,1999-02-05
1999-02-09,1174.0,10.251,10.3617,1999-02-08
1999-02-10,1176.2,10.3289,10.251,1999-02-09
1999-02-11,1178.5,10.3137,10.3289,1999-02-10
1999-02-12,1176.3,10.2635,10.3137,1999-02-11
1999-02-18,1175.4,9.9127,10.2635,1999-02-12
1999-02-19,1182.4,9.8904,9.9127,1999-02-18
1999-02-22,1197.3,9.8446,9.8904,1999-02-19
1999-02-23,1217.9,10.0611,9.8446,1999-02-22
1999-02-24,1209.8,10.0269,10.0611,1999-02-23
1999-02-25,1214.4,10.0045,10.0269,1999-02-24
1999-02-26,1221.7,10.2046,10.0045,1999-02-25
1999-03-02,1222.4,10.2105,10.2046,1999-02-26
1999-03-03,1224.2,10.1864,10.2105,1999-03-02
1999-03-04,1229.7,10.0878,10.1864,1999-03-03
1999-03-05,1238.3,10.0369,10.0878,1999-03-04
1999-03-08,1242.7,10.1172,10.0369,1999-03-05
1999-03-09,1242.6,10.1936,10.1172,1999-03-08
1999-03-10,1236.3,10.2131,10.1936,1999-03-09
1999-03-11,1232.6,10.2957,10.2131,1999-03-10
1999-03-12,1230.3,10.3083,10.2957,1999-03-11
1999-03-15,1233.6,10.3525,10.3083,1999-03-12
1999-03-16,1232.6,10.452,10.3525,1999-03-15
1999-03-17,1228.7,10.4731,10.452,1999-03-16
1999-03-18,1228.2,10.3737,10.4731,1999-03-17
1999-03-19,1226.3,10.4144,10.3737,1999-03-18
1999-03-22,1220.7,10.4293,10.4144,1999-03-19
1999-03-23,1222.2,10.327,10.4293,1999-03-22
1999-03-24,1225.7,10.3478,10.327,1999-03-23
1999-03-25,1223.2,10.3705,10.3478,1999-03-24
1999-03-26,1223.0,10.3521,10.3705,1999-03-25
1999-03-29,1222.9,10.162,10.3521,1999-03-26
1999-03-30,1227.3,10.199,10.162,1999-03-29
1999-03-31,1224.7,10.1593,10.199,1999-03-30
1999-04-01,1225.9,10.3234,10.1593,1999-03-31
1999-04-02,1224.3,10.1543,10.3234,1999-04-01
1999-04-06,1225.1,10.0653,10.1543,1999-04-02
1999-04-07,1225.5,10.1512,10.0653,1999-04-06
1999-04-08,1222.8,10.0683,10.1512,1999-04-07
1999-04-09,1223.3,10.0745,10.0683,1999-04-08
1999-04-12,1223.2,10.1384,10.0745,1999-04-09
1999-04-13,1223.0,10.1477,10.1384,1999-04-12
1999-04-14,1222.6,10.2181,10.1477,1999-04-13
1999-04-15,1215.7,10.2289,10.2181,1999-04-14
1999-04-16,1217.5,10.2199,10.2289,1999-04-15
1999-04-19,1218.5,10.3482,10.2199,1999-04-16
1999-04-20,1209.6,10.2665,10.3482,1999-04-19
1999-04-21,1189.9,10.016,10.2665,1999-04-20
1999-04-22,1188.1,9.924,10.016,1999-04-21
1999-04-23,1196.0,10.0013,9.924,1999-04-22
1999-04-26,1189.9,9.9992,10.0013,1999-04-23
1999-04-27,1185.7,9.9371,9.9992,1999-04-26
1999-04-28,1183.5,9.8461,9.9371,1999-04-27
1999-04-29,1180.2,9.9014,9.8461,1999-04-28
1999-04-30,1176.4,9.8567,9.9014,1999-04-29
1999-05-03,1184.0,9.9026,9.8567,1999-04-30
1999-05-04,1189.4,9.8869,9.9026,1999-05-03
1999-05-06,1196.6,9.9439,9.8869,1999-05-04
1999-05-07,1199.6,9.9647,9.9439,1999-05-06
1999-05-10,1201.4,9.9351,9.9647,1999-05-07
1999-05-11,1201.6,9.9863,9.9351,1999-05-10
1999-05-12,1200.2,9.9231,9.9863,1999-05-11
1999-05-13,1203.0,9.9311,9.9231,1999-05-12
1999-05-14,1206.4,9.9125,9.9311,1999-05-13
1999-05-17,1207.5,9.8223,9.9125,1999-05-14
1999-05-18,1210.1,9.798,9.8223,1999-05-17
1999-05-19,1201.7,9.7367,9.798,1999-05-18
1999-05-20,1201.1,9.6575,9.7367,1999-05-19
1999-05-21,1197.9,9.6178,9.6575,1999-05-20
1999-05-24,1191.0,9.5932,9.6178,1999-05-21
1999-05-25,1190.8,9.6852,9.5932,1999-05-24
1999-05-26,1186.2,9.6991,9.6852,1999-05-25
1999-05-27,1189.8,9.7206,9.6991,1999-05-26
1999-05-28,1191.1,9.8765,9.7206,1999-05-27
1999-05-31,1186.3,9.7457,9.8765,1999-05-28
1999-06-01,1186.4,9.753,9.7457,1999-05-31
1999-06-02,1188.4,9.8479,9.753,1999-06-01
1999-06-03,1186.3,9.7638,9.8479,1999-06-02
1999-06-04,1186.0,9.7453,9.7638,1999-06-03
1999-06-07,1182.9,9.6658,9.7453,1999-06-04
1999-06-08,1184.2,9.7811,9.6658,1999-06-07
1999-06-09,1180.8,9.8961,9.7811,1999-06-08
1999-06-10,1166.7,9.7673,9.8961,1999-06-09
1999-06-11,1161.9,9.768,9.7673,1999-06-10
1999-06-14,1167.8,9.8966,9.768,1999-06-11
1999-06-15,1170.5,9.7113,9.8966,1999-06-14
1999-06-16,1167.1,9.6895,9.7113,1999-06-15
1999-06-17,1163.0,9.6731,9.6895,1999-06-16
1999-06-18,1165.7,9.7573,9.6731,1999-06-17
1999-06-21,1165.9,9.6595,9.7573,1999-06-18
1999-06-22,1166.2,9.5286,9.6595,1999-06-21
1999-06-23,1162.1,9.5367,9.5286,1999-06-22
1999-06-24,1162.8,9.5311,9.5367,1999-06-23
1999-06-25,1160.3,9.5146,9.5311,1999-06-24
1999-06-28,1154.7,9.492,9.5146,1999-06-25
1999-06-29,1153.5,9.4876,9.492,1999-06-28
1999-06-30,1155.9,9.5497,9.4876,1999-06-29
1999-07-01,1158.6,9.5859,9.5497,1999-06-30
1999-07-02,1160.7,9.5965,9.5859,1999-07-01
1999-07-05,1166.8,9.647,9.5965,1999-07-02
1999-07-06,1163.3,9.508,9.647,1999-07-05
1999-07-07,1166.2,9.5496,9.508,1999-07-06
1999-07-08,1171.1,9.5686,9.5496,1999-07-07
1999-07-09,1178.4,9.6059,9.5686,1999-07-08
1999-07-12,1187.5,9.7042,9.6059,1999-07-09
1999-07-13,1186.6,9.7139,9.7042,1999-07-12
1999-07-14,1176.8,9.6976,9.7139,1999-07-13
1999-07-15,1180.7,9.7724,9.6976,1999-07-14
1999-07-16,1184.2,9.7937,9.7724,1999-07-15
1999-07-19,1181.7,9.7641,9.7937,1999-07-16
1999-07-20,1186.1,10.0283,9.7641,1999-07-19
1999-07-21,1192.2,9.9707,10.0283,1999-07-20
1999-07-22,1197.4,10.1192,9.9707,1999-07-21
1999-07-23,1206.6,10.2979,10.1192,1999-07-22
1999-07-26,1208.4,10.3454,10.2979,1999-07-23
1999-07-27,1209.2,10.3112,10.3454,1999-07-26
1999-07-28,1204.7,10.343,10.3112,1999-07-27
1999-07-29,1199.2,10.3504,10.343,1999-07-28
1999-07-30,1201.1,10.3856,10.3504,1999-07-29
1999-08-02,1206.9,10.5222,10.3856,1999-07-30
1999-08-03,1204.1,10.4969,10.5222,1999-08-02
1999-08-04,1198.4,10.41,10.4969,1999-08-03
1999-08-05,1199.6,10.4924,10.41,1999-08-04
1999-08-06,1201.3,10.4871,10.4924,1999-08-05
1999-08-09,1200.6,10.416,10.4871,1999-08-06
1999-08-10,1198.9,10.3918,10.416,1999-08-09
1999-08-11,1199.6,10.4495,10.3918,1999-08-10
1999-08-12,1200.3,10.3747,10.4495,1999-08-11
1999-08-13,1205.7,10.4616,10.3747,1999-08-12
1999-08-16,1207.7,10.4202,10.4616,1999-08-13
1999-08-17,1204.6,10.5205,10.4202,1999-08-16
1999-08-18,1203.7,10.5541,10.5205,1999-08-17
1999-08-19,1204.9,10.7436,10.5541,1999-08-18
1999-08-20,1199.4,10.7473,10.7436,1999-08-19
1999-08-23,1201.2,10.8041,10.7473,1999-08-20
1999-08-24,1197.5,10.7207,10.8041,1999-08-23
1999-08-25,1200.0,10.844,10.7207,1999-08-24
1999-08-26,1195.0,10.7517,10.844,1999-08-25
1999-08-27,1190.9,10.6473,10.7517,1999-08-26
1999-08-30,1189.9,10.7227,10.6473,1999-08-27
1999-08-31,1184.9,10.7085,10.7227,1999-08-30
1999-09-01,1184.7,10.7945,10.7085,1999-08-31
1999-09-02,1182.1,10.8479,10.7945,1999-09-01
1999-09-03,1188.1,10.8651,10.8479,1999-09-02
1999-09-06,1194.3,10.885,10.8651,1999-09-03
1999-09-07,1192.6,10.8938,10.885,1999-09-06
1999-09-08,1193.3,10.7631,10.8938,1999-09-07
1999-09-09,1194.4,10.8904,10.7631,1999-09-08
1999-09-10,1191.0,11.0482,10.8904,1999-09-09
1999-09-13,1191.0,10.9201,11.0482,1999-09-10
1999-09-14,1192.2,11.1603,10.9201,1999-09-13
1999-09-15,1190.7,11.2357,11.1603,1999-09-14
1999-09-16,1192.7,11.3748,11.2357,1999-09-15
1999-09-17,1194.8,11.3883,11.3748,1999-09-16
1999-09-20,1204.1,11.1615,11.3883,1999-09-17
1999-09-21,1202.3,11.296600000000002,11.1615,1999-09-20
1999-09-22,1202.7,11.4271,11.296600000000002,1999-09-21
1999-09-27,1207.3,11.4469,11.4271,1999-09-22
1999-09-28,1210.6,11.4078,11.4469,1999-09-27
1999-09-29,1213.3,11.4086,11.4078,1999-09-28
1999-09-30,1218.7,11.3717,11.4086,1999-09-29
1999-10-01,1216.4,11.4539,11.3717,1999-09-30
1999-10-04,1216.3,11.5949,11.4539,1999-10-01
1999-10-05,1215.7,11.4311,11.5949,1999-10-04
1999-10-06,1211.1,11.4201,11.4311,1999-10-05
1999-10-07,1206.6,11.243,11.4201,1999-10-06
1999-10-08,1203.2,11.227,11.243,1999-10-07
1999-10-11,1202.7,11.1962,11.227,1999-10-08
1999-10-12,1203.9,11.2751,11.1962,1999-10-11
1999-10-13,1205.5,11.3491,11.2751,1999-10-12
1999-10-14,1203.8,11.2969,11.3491,1999-10-13
1999-10-15,1206.6,11.2294,11.2969,1999-10-14
1999-10-18,1206.7,11.4624,11.2294,1999-10-15
1999-10-19,1204.5,11.4095,11.4624,1999-10-18
1999-10-20,1204.5,11.4398,11.4095,1999-10-19
1999-10-21,1204.7,11.3224,11.4398,1999-10-20
1999-10-22,1205.1,11.3421,11.3224,1999-10-21
1999-10-25,1205.7,11.3928,11.3421,1999-10-22
1999-10-26,1205.7,11.4387,11.3928,1999-10-25
1999-10-27,1204.1,11.495,11.4387,1999-10-26
1999-10-28,1202.0,11.5134,11.495,1999-10-27
1999-10-29,1199.2,11.421,11.5134,1999-10-28
1999-11-01,1200.5,11.5305,11.421,1999-10-29
1999-11-02,1195.9,11.4858,11.5305,1999-11-01
1999-11-03,1193.4,11.4888,11.4858,1999-11-02
1999-11-04,1193.7,11.3778,11.4888,1999-11-03
1999-11-05,1187.3,11.310899999999998,11.3778,1999-11-04
1999-11-08,1183.9,11.1394,11.310899999999998,1999-11-05
1999-11-09,1184.3,11.2501,11.1394,1999-11-08
1999-11-10,1183.6,11.2907,11.2501,1999-11-09
1999-11-11,1182.1,11.299,11.2907,1999-11-10
1999-11-12,1176.6,11.2036,11.299,1999-11-11
1999-11-15,1168.7,11.1067,11.2036,1999-11-12
1999-11-16,1176.2,11.2179,11.1067,1999-11-15
1999-11-17,1184.0,11.1946,11.2179,1999-11-16
1999-11-18,1177.8,11.1693,11.1946,1999-11-17
1999-11-19,1175.1,11.0702,11.1693,1999-11-18
1999-11-22,1173.7,11.0155,11.0702,1999-11-19
1999-11-23,1173.8,11.2191,11.0155,1999-11-22
1999-11-24,1170.5,11.2273,11.2191,1999-11-23
1999-11-25,1164.1,11.1168,11.2273,1999-11-24
1999-11-26,1159.1,11.1009,11.1168,1999-11-25
1999-11-29,1159.8,11.3013,11.1009,1999-11-26
1999-11-30,1157.5,11.261400000000002,11.3013,1999-11-29
1999-12-01,1159.5,11.3493,11.261400000000002,1999-11-30
1999-12-02,1159.0,11.2963,11.3493,1999-12-01
1999-12-03,1152.1,11.2285,11.2963,1999-12-02
1999-12-06,1151.1,11.1812,11.2285,1999-12-03
1999-12-07,1151.0,11.2074,11.1812,1999-12-06
1999-12-08,1141.6,11.1376,11.2074,1999-12-07
1999-12-09,1131.3,10.9803,11.1376,1999-12-08
1999-12-10,1130.4,11.0197,10.9803,1999-12-09
1999-12-13,1132.9,11.0581,11.0197,1999-12-10
1999-12-14,1128.6,10.9445,11.0581,1999-12-13
1999-12-15,1132.6,10.9515,10.9445,1999-12-14
1999-12-16,1136.0,10.96,10.9515,1999-12-15
1999-12-17,1133.6,11.0005,10.96,1999-12-16
1999-12-20,1129.8,10.953,11.0005,1999-12-17
1999-12-21,1132.5,11.0418,10.953,1999-12-20
1999-12-22,1133.1,11.0817,11.0418,1999-12-21
1999-12-23,1132.4,11.144,11.0817,1999-12-22
1999-12-24,1130.4,11.0769,11.144,1999-12-23
1999-12-27,1131.9,11.0053,11.0769,1999-12-24
1999-12-28,1133.2,11.0696,11.0053,1999-12-27
1999-12-29,1137.5,11.1193,11.0696,1999-12-28
1999-12-30,1145.4,11.2184,11.1193,1999-12-29
2000-01-04,1134.5,11.1521,11.2184,1999-12-30
2000-01-05,1125.8,10.9068,11.1521,2000-01-04
2000-01-06,1130.1,10.8643,10.9068,2000-01-05
2000-01-07,1139.1,10.8228,10.8643,2000-01-06
2000-01-10,1145.9,10.8993,10.8228,2000-01-07
2000-01-11,1135.3,10.797,10.8993,2000-01-10
2000-01-12,1137.3,10.7384,10.797,2000-01-11
2000-01-13,1147.0,10.8566,10.7384,2000-01-12
2000-01-14,1138.5,10.713299999999998,10.8566,2000-01-13
2000-01-17,1127.1,10.6682,10.713299999999998,2000-01-14
2000-01-18,1122.1,10.704,10.6682,2000-01-17
2000-01-19,1124.4,10.6427,10.704,2000-01-18
2000-01-20,1128.9,10.7208,10.6427,2000-01-19
2000-01-21,1132.2,10.7368,10.7208,2000-01-20
2000-01-24,1127.6,10.7197,10.7368,2000-01-21
2000-01-25,1126.2,10.6547,10.7197,2000-01-24
2000-01-26,1125.9,10.6297,10.6547,2000-01-25
2000-01-27,1126.8,10.6674,10.6297,2000-01-26
2000-01-28,1126.1,10.7248,10.6674,2000-01-27
2000-01-31,1122.1,10.4967,10.7248,2000-01-28
2000-02-01,1125.4,10.4923,10.4967,2000-01-31
2000-02-02,1125.0,10.436,10.4923,2000-02-01
2000-02-03,1131.0,10.4606,10.436,2000-02-02
2000-02-07,1129.0,10.5268,10.4606,2000-02-03
2000-02-08,1129.0,10.3626,10.5268,2000-02-07
2000-02-09,1130.1,10.3309,10.3626,2000-02-08
2000-02-10,1125.5,10.3456,10.3309,2000-02-09
2000-02-11,1121.1,10.2665,10.3456,2000-02-10
2000-02-14,1116.8,10.2553,10.2665,2000-02-11
2000-02-15,1119.7,10.2829,10.2553,2000-02-14
2000-02-16,1127.4,10.3317,10.2829,2000-02-15
2000-02-17,1125.3,10.2861,10.3317,2000-02-16
2000-02-18,1127.8,10.2119,10.2861,2000-02-17
2000-02-21,1130.2,10.2142,10.2119,2000-02-18
2000-02-22,1131.0,10.1572,10.2142,2000-02-21
2000-02-23,1134.4,10.2521,10.1572,2000-02-22
2000-02-24,1133.7,10.1924,10.2521,2000-02-23
2000-02-25,1139.1,10.2281,10.1924,2000-02-24
2000-02-28,1141.0,10.3426,10.2281,2000-02-25
2000-02-29,1131.8,10.3436,10.3426,2000-02-28
2000-03-02,1132.4,10.5634,10.3436,2000-02-29
2000-03-03,1122.7,10.4098,10.5634,2000-03-02
2000-03-06,1120.9,10.4076,10.4098,2000-03-03
2000-03-07,1120.1,10.4288,10.4076,2000-03-06
2000-03-08,1117.4,10.5286,10.4288,2000-03-07
2000-03-09,1120.1,10.4492,10.5286,2000-03-08
2000-03-10,1120.3,10.5074,10.4492,2000-03-09
2000-03-13,1119.6,10.5275,10.5074,2000-03-10
2000-03-14,1120.8,10.6161,10.5275,2000-03-13
2000-03-15,1120.1,10.6544,10.6161,2000-03-14
2000-03-16,1118.0,10.5846,10.6544,2000-03-15
2000-03-17,1117.6,10.5793,10.5846,2000-03-16
2000-03-20,1117.8,10.4594,10.5793,2000-03-17
2000-03-21,1118.0,10.5134,10.4594,2000-03-20
2000-03-22,1117.8,10.4741,10.5134,2000-03-21
2000-03-23,1114.6,10.4134,10.4741,2000-03-22
2000-03-24,1112.0,10.3567,10.4134,2000-03-23
2000-03-27,1108.7,10.384,10.3567,2000-03-24
2000-03-28,1110.2,10.4073,10.384,2000-03-27
2000-03-29,1111.2,10.493900000000002,10.4073,2000-03-28
2000-03-30,1111.4,10.5072,10.493900000000002,2000-03-29
2000-03-31,1108.3,10.4695,10.5072,2000-03-30
2000-04-03,1106.4,10.709,10.4695,2000-03-31
2000-04-04,1111.2,10.5788,10.709,2000-04-03
2000-04-06,1113.2,10.609000000000002,10.5788,2000-04-04
2000-04-07,1113.1,10.6263,10.609000000000002,2000-04-06
2000-04-10,1109.6,10.5325,10.6263,2000-04-07
2000-04-11,1107.8,10.411700000000002,10.5325,2000-04-10
2000-04-12,1109.4,10.371099999999998,10.411700000000002,2000-04-11
2000-04-14,1109.4,10.4908,10.371099999999998,2000-04-12
2000-04-17,1109.9,10.6028,10.4908,2000-04-14
2000-04-18,1114.8,10.6628,10.6028,2000-04-17
2000-04-19,1110.5,10.6095,10.6628,2000-04-18
2000-04-20,1109.1,10.5951,10.6095,2000-04-19
2000-04-21,1109.7,10.4906,10.5951,2000-04-20
2000-04-24,1109.1,10.4785,10.4906,2000-04-21
2000-04-25,1108.4,10.486300000000002,10.4785,2000-04-24
2000-04-26,1108.7,10.4447,10.486300000000002,2000-04-25
2000-04-27,1108.5,10.4428,10.4447,2000-04-26
2000-04-28,1110.4,10.4243,10.4428,2000-04-27
2000-05-02,1110.3,10.212,10.4243,2000-04-28
2000-05-03,1110.3,10.2374,10.212,2000-05-02
2000-05-04,1109.6,10.1864,10.2374,2000-05-03
2000-05-08,1111.0,10.2114,10.1864,2000-05-04
2000-05-09,1109.8,10.1658,10.2114,2000-05-08
2000-05-10,1109.6,10.1579,10.1658,2000-05-09
2000-05-12,1109.4,10.2627,10.1579,2000-05-10
2000-05-15,1111.9,10.2215,10.2627,2000-05-12
2000-05-16,1114.1,10.2038,10.2215,2000-05-15
2000-05-17,1115.4,10.1659,10.2038,2000-05-16
2000-05-18,1115.0,10.251,10.1659,2000-05-17
2000-05-19,1116.9,10.2774,10.251,2000-05-18
2000-05-22,1123.0,10.5081,10.2774,2000-05-19
2000-05-23,1125.7,10.5029,10.5081,2000-05-22
2000-05-24,1132.8,10.6416,10.5029,2000-05-23
2000-05-25,1137.2,10.5639,10.6416,2000-05-24
2000-05-26,1129.6,10.5157,10.5639,2000-05-25
2000-05-29,1135.2,10.6044,10.5157,2000-05-26
2000-05-30,1138.5,10.6551,10.6044,2000-05-29
2000-05-31,1133.8,10.633,10.6551,2000-05-30
2000-06-01,1130.0,10.4824,10.633,2000-05-31
2000-06-02,1131.9,10.4275,10.4824,2000-06-01
2000-06-05,1125.8,10.4289,10.4275,2000-06-02
2000-06-07,1119.5,10.576300000000002,10.4289,2000-06-05
2000-06-08,1114.4,10.5435,10.576300000000002,2000-06-07
2000-06-09,1114.5,10.5092,10.5435,2000-06-08
2000-06-12,1115.6,10.433,10.5092,2000-06-09
2000-06-13,1113.4,10.4124,10.433,2000-06-12
2000-06-14,1114.5,10.4208,10.4124,2000-06-13
2000-06-15,1115.2,10.476300000000002,10.4208,2000-06-14
2000-06-16,1114.6,10.4697,10.476300000000002,2000-06-15
2000-06-19,1116.5,10.488499999999998,10.4697,2000-06-16
2000-06-20,1119.0,10.5866,10.488499999999998,2000-06-19
2000-06-21,1119.8,10.6157,10.5866,2000-06-20
2000-06-22,1119.1,10.6005,10.6157,2000-06-21
2000-06-23,1118.8,10.6781,10.6005,2000-06-22
2000-06-26,1119.7,10.6979,10.6781,2000-06-23
2000-06-27,1118.7,10.5988,10.6979,2000-06-26
2000-06-28,1117.9,10.6088,10.5988,2000-06-27
2000-06-29,1117.0,10.6007,10.6088,2000-06-28
2000-06-30,1114.8,10.6,10.6007,2000-06-29
2000-07-03,1115.4,10.5177,10.6,2000-06-30
2000-07-04,1113.2,10.536700000000002,10.5177,2000-07-03
2000-07-05,1114.6,10.5171,10.536700000000002,2000-07-04
2000-07-06,1116.4,10.433599999999998,10.5171,2000-07-05
2000-07-07,1118.9,10.4326,10.433599999999998,2000-07-06
2000-07-10,1117.0,10.357,10.4326,2000-07-07
2000-07-11,1118.7,10.46,10.357,2000-07-10
2000-07-12,1116.3,10.4278,10.46,2000-07-11
2000-07-13,1115.4,10.3144,10.4278,2000-07-12
2000-07-14,1114.0,10.3015,10.3144,2000-07-13
2000-07-18,1112.4,10.2905,10.3015,2000-07-14
2000-07-19,1113.5,10.2954,10.2905,2000-07-18
2000-07-20,1113.3,10.2907,10.2954,2000-07-19
2000-07-21,1112.1,10.3403,10.2907,2000-07-20
2000-07-24,1112.3,10.2144,10.3403,2000-07-21
2000-07-25,1113.4,10.2448,10.2144,2000-07-24
2000-07-26,1114.9,10.2289,10.2448,2000-07-25
2000-07-27,1115.8,10.2301,10.2289,2000-07-26
2000-07-28,1114.5,10.2014,10.2301,2000-07-27
2000-07-31,1116.2,10.1838,10.2014,2000-07-28
2000-08-01,1117.1,10.2205,10.1838,2000-07-31
2000-08-02,1116.2,10.2291,10.2205,2000-08-01
2000-08-03,1115.7,10.2579,10.2291,2000-08-02
2000-08-04,1114.8,10.3074,10.2579,2000-08-03
2000-08-07,1115.3,10.263699999999998,10.3074,2000-08-04
2000-08-08,1116.2,10.2263,10.263699999999998,2000-08-07
2000-08-09,1116.9,10.2845,10.2263,2000-08-08
2000-08-10,1114.7,10.3151,10.2845,2000-08-09
2000-08-11,1114.1,10.2611,10.3151,2000-08-10
2000-08-14,1114.8,10.261400000000002,10.2611,2000-08-11
2000-08-16,1114.9,10.2341,10.261400000000002,2000-08-14
2000-08-17,1115.0,10.2855,10.2341,2000-08-16
2000-08-18,1114.6,10.2501,10.2855,2000-08-17
2000-08-21,1114.7,10.3094,10.2501,2000-08-18
2000-08-22,1114.6,10.261500000000002,10.3094,2000-08-21
2000-08-23,1114.3,10.289,10.261500000000002,2000-08-22
2000-08-24,1114.6,10.4188,10.289,2000-08-23
2000-08-25,1114.2,10.4277,10.4188,2000-08-24
2000-08-28,1114.2,10.4326,10.4277,2000-08-25
2000-08-29,1113.0,10.4684,10.4326,2000-08-28
2000-08-30,1111.2,10.4815,10.4684,2000-08-29
2000-08-31,1108.8,10.3927,10.4815,2000-08-30
2000-09-01,1109.4,10.4076,10.3927,2000-08-31
2000-09-04,1106.8,10.4642,10.4076,2000-09-01
2000-09-05,1105.0,10.4304,10.4642,2000-09-04
2000-09-06,1104.9,10.4295,10.4304,2000-09-05
2000-09-07,1106.1,10.4448,10.4295,2000-09-06
2000-09-08,1109.0,10.5498,10.4448,2000-09-07
2000-09-14,1108.9,10.3694,10.5498,2000-09-08
2000-09-15,1113.5,10.3552,10.3694,2000-09-14
2000-09-18,1117.9,10.4394,10.3552,2000-09-15
2000-09-19,1130.6,10.5797,10.4394,2000-09-18
2000-09-20,1127.7,10.5162,10.5797,2000-09-19
2000-09-21,1121.0,10.515899999999998,10.5162,2000-09-20
2000-09-22,1129.0,10.586,10.515899999999998,2000-09-21
2000-09-25,1132.7,10.4831,10.586,2000-09-22
2000-09-26,1124.7,10.445799999999998,10.4831,2000-09-25
2000-09-27,1121.7,10.4383,10.445799999999998,2000-09-26
2000-09-28,1114.6,10.3906,10.4383,2000-09-27
2000-09-29,1114.7,10.3376,10.3906,2000-09-28
2000-10-02,1115.0,10.2974,10.3376,2000-09-29
2000-10-04,1116.2,10.2582,10.2974,2000-10-02
2000-10-05,1121.5,10.2777,10.2582,2000-10-04
2000-10-06,1118.1,10.2616,10.2777,2000-10-05
2000-10-09,1116.5,10.2365,10.2616,2000-10-06
2000-10-10,1116.6,10.2582,10.2365,2000-10-09
2000-10-11,1118.0,10.3754,10.2582,2000-10-10
2000-10-12,1123.3,10.4275,10.3754,2000-10-11
2000-10-13,1122.3,10.4061,10.4275,2000-10-12
2000-10-16,1128.7,10.4878,10.4061,2000-10-13
2000-10-17,1125.9,10.4318,10.4878,2000-10-16
2000-10-18,1130.2,10.4813,10.4318,2000-10-17
2000-10-19,1138.6,10.572,10.4813,2000-10-18
2000-10-20,1140.3,10.5281,10.572,2000-10-19
2000-10-23,1128.6,10.3589,10.5281,2000-10-20
2000-10-24,1133.6,10.4677,10.3589,2000-10-23
2000-10-25,1135.3,10.5325,10.4677,2000-10-24
2000-10-26,1136.5,10.494000000000002,10.5325,2000-10-25
2000-10-27,1139.7,10.5284,10.494000000000002,2000-10-26
2000-10-30,1133.7,10.4263,10.5284,2000-10-27
2000-10-31,1136.7,10.4265,10.4263,2000-10-30
2000-11-01,1140.6,10.4806,10.4265,2000-10-31
2000-11-02,1135.5,10.4906,10.4806,2000-11-01
2000-11-03,1134.7,10.4866,10.4906,2000-11-02
2000-11-06,1132.6,10.5633,10.4866,2000-11-03
2000-11-07,1131.9,10.5401,10.5633,2000-11-06
2000-11-08,1134.4,10.588,10.5401,2000-11-07
2000-11-09,1137.3,10.6032,10.588,2000-11-08
2000-11-10,1134.4,10.5526,10.6032,2000-11-09
2000-11-13,1133.1,10.4888,10.5526,2000-11-10
2000-11-14,1137.9,10.5817,10.4888,2000-11-13
2000-11-15,1136.4,10.503699999999998,10.5817,2000-11-14
2000-11-16,1134.7,10.4321,10.503699999999998,2000-11-15
2000-11-17,1137.8,10.4529,10.4321,2000-11-16
2000-11-20,1140.4,10.4768,10.4529,2000-11-17
2000-11-21,1147.3,10.4538,10.4768,2000-11-20
2000-11-22,1165.9,10.6001,10.4538,2000-11-21
2000-11-23,1167.1,10.5879,10.6001,2000-11-22
2000-11-24,1184.3,10.7361,10.5879,2000-11-23
2000-11-27,1195.2,10.726,10.7361,2000-11-24
2000-11-28,1186.8,10.7344,10.726,2000-11-27
2000-11-29,1185.0,10.7571,10.7344,2000-11-28
2000-11-30,1195.3,10.7346,10.7571,2000-11-29
2000-12-01,1212.1,10.9732,10.7346,2000-11-30
2000-12-04,1210.9,10.8806,10.9732,2000-12-01
2000-12-05,1213.8,10.900799999999998,10.8806,2000-12-04
2000-12-06,1211.5,10.908499999999998,10.900799999999998,2000-12-05
2000-12-07,1193.8,10.833,10.908499999999998,2000-12-06
2000-12-08,1204.7,10.8924,10.833,2000-12-07
2000-12-11,1189.7,10.693,10.8924,2000-12-08
2000-12-12,1185.5,10.7053,10.693,2000-12-11
2000-12-13,1187.0,10.6505,10.7053,2000-12-12
2000-12-14,1196.7,10.656300000000002,10.6505,2000-12-13
2000-12-15,1200.7,10.7177,10.656300000000002,2000-12-14
2000-12-18,1204.9,10.7036,10.7177,2000-12-15
2000-12-19,1205.9,10.7449,10.7036,2000-12-18
2000-12-20,1206.0,10.7124,10.7449,2000-12-19
2000-12-21,1214.7,10.7629,10.7124,2000-12-20
2000-12-22,1224.7,10.9202,10.7629,2000-12-21
2000-12-26,1232.1,10.8973,10.9202,2000-12-22
2000-12-27,1249.1,10.9903,10.8973,2000-12-26
2000-12-28,1266.9,11.0859,10.9903,2000-12-27
2000-12-29,1252.0,10.9316,11.0859,2000-12-28
2001-01-02,1259.7,10.9907,10.9316,2000-12-29
2001-01-03,1267.8,11.0807,10.9907,2001-01-02
2001-01-04,1285.4,11.2853,11.0807,2001-01-03
2001-01-05,1249.3,10.7801,11.2853,2001-01-04
2001-01-08,1267.8,10.8871,10.7801,2001-01-05
2001-01-09,1264.6,10.8867,10.8871,2001-01-08
2001-01-10,1257.9,10.7467,10.8867,2001-01-09
2001-01-11,1261.6,10.8357,10.7467,2001-01-10
2001-01-12,1276.6,10.8241,10.8357,2001-01-11
2001-01-15,1281.2,10.785,10.8241,2001-01-12
2001-01-16,1285.9,10.7991,10.785,2001-01-15
2001-01-17,1284.4,10.9106,10.7991,2001-01-16
2001-01-18,1277.2,10.7125,10.9106,2001-01-17
2001-01-19,1286.5,10.9044,10.7125,2001-01-18
2001-01-22,1276.7,10.9405,10.9044,2001-01-19
2001-01-26,1270.9,10.8857,10.9405,2001-01-22
2001-01-29,1275.3,10.8448,10.8857,2001-01-26
2001-01-30,1279.5,10.9617,10.8448,2001-01-29
2001-01-31,1265.5,10.9378,10.9617,2001-01-30
2001-02-01,1261.3,10.8122,10.9378,2001-01-31
2001-02-02,1259.7,10.9041,10.8122,2001-02-01
2001-02-05,1251.9,10.8179,10.9041,2001-02-02
2001-02-06,1258.6,10.9658,10.8179,2001-02-05
2001-02-07,1257.0,10.9571,10.9658,2001-02-06
2001-02-08,1263.4,10.8754,10.9571,2001-02-07
2001-02-09,1268.8,10.8663,10.8754,2001-02-08
2001-02-12,1261.3,10.7368,10.8663,2001-02-09
2001-02-13,1265.2,10.7722,10.7368,2001-02-12
2001-02-14,1256.4,10.761500000000002,10.7722,2001-02-13
2001-02-15,1252.1,10.7708,10.761500000000002,2001-02-14
2001-02-16,1246.9,10.7859,10.7708,2001-02-15
2001-02-19,1242.4,10.7071,10.7859,2001-02-16
2001-02-20,1248.0,10.7563,10.7071,2001-02-19
2001-02-21,1243.3,10.7533,10.7563,2001-02-20
2001-02-22,1235.7,10.6173,10.7533,2001-02-21
2001-02-23,1244.3,10.628699999999998,10.6173,2001-02-22
2001-02-26,1246.6,10.7475,10.628699999999998,2001-02-23
2001-02-27,1247.8,10.7098,10.7475,2001-02-26
2001-02-28,1245.7,10.7148,10.7098,2001-02-27
2001-03-02,1249.8,10.637,10.7148,2001-02-28
2001-03-05,1261.4,10.5698,10.637,2001-03-02
2001-03-06,1274.3,10.6949,10.5698,2001-03-05
2001-03-07,1266.3,10.6681,10.6949,2001-03-06
2001-03-08,1269.7,10.6162,10.6681,2001-03-07
2001-03-09,1274.7,10.6429,10.6162,2001-03-08
2001-03-12,1267.1,10.5901,10.6429,2001-03-09
2001-03-13,1278.7,10.605,10.5901,2001-03-12
2001-03-14,1279.3,10.6867,10.605,2001-03-13
2001-03-15,1275.2,10.5476,10.6867,2001-03-14
2001-03-16,1286.2,10.5426,10.5476,2001-03-15
2001-03-19,1291.6,10.4936,10.5426,2001-03-16
2001-03-20,1298.4,10.5716,10.4936,2001-03-19
2001-03-21,1294.9,10.6096,10.5716,2001-03-20
2001-03-22,1302.9,10.5802,10.6096,2001-03-21
2001-03-23,1313.8,10.6204,10.5802,2001-03-22
2001-03-26,1314.7,10.6609,10.6204,2001-03-23
2001-03-27,1312.5,10.7235,10.6609,2001-03-26
2001-03-28,1307.5,10.728599999999998,10.7235,2001-03-27
2001-03-29,1303.3,10.6596,10.728599999999998,2001-03-28
2001-03-30,1314.0,10.6427,10.6596,2001-03-29
2001-04-02,1328.0,10.5022,10.6427,2001-03-30
2001-04-03,1342.3,10.5901,10.5022,2001-04-02
2001-04-04,1345.4,10.7118,10.5901,2001-04-03
2001-04-06,1351.5,10.897,10.7118,2001-04-04
2001-04-09,1346.8,10.8381,10.897,2001-04-06
2001-04-10,1340.6,10.7025,10.8381,2001-04-09
2001-04-11,1337.5,10.7715,10.7025,2001-04-10
2001-04-12,1322.5,10.5944,10.7715,2001-04-11
2001-04-13,1325.1,10.7126,10.5944,2001-04-12
2001-04-16,1322.8,10.6121,10.7126,2001-04-13
2001-04-17,1331.7,10.6857,10.6121,2001-04-16
2001-04-18,1324.2,10.7253,10.6857,2001-04-17
2001-04-19,1313.7,10.7504,10.7253,2001-04-18
2001-04-20,1298.6,10.7079,10.7504,2001-04-19
2001-04-23,1309.2,10.7797,10.7079,2001-04-20
2001-04-24,1314.5,10.8412,10.7797,2001-04-23
2001-04-25,1310.3,10.6994,10.8412,2001-04-24
2001-04-26,1310.6,10.7294,10.6994,2001-04-25
2001-04-27,1309.8,10.6082,10.7294,2001-04-26
2001-04-30,1324.7,10.677,10.6082,2001-04-27
2001-05-02,1321.1,10.8269,10.677,2001-04-30
2001-05-03,1304.5,10.7304,10.8269,2001-05-02
2001-05-04,1295.3,10.6732,10.7304,2001-05-03
2001-05-07,1293.1,10.6516,10.6732,2001-05-04
2001-05-08,1302.2,10.7727,10.6516,2001-05-07
2001-05-09,1298.1,10.691,10.7727,2001-05-08
2001-05-10,1303.6,10.6643,10.691,2001-05-09
2001-05-11,1306.2,10.6611,10.6643,2001-05-10
2001-05-14,1301.7,10.6162,10.6611,2001-05-11
2001-05-15,1297.4,10.5338,10.6162,2001-05-14
2001-05-16,1304.0,10.5879,10.5338,2001-05-15
2001-05-17,1307.2,10.6009,10.5879,2001-05-16
2001-05-18,1302.5,10.6188,10.6009,2001-05-17
2001-05-21,1299.2,10.5113,10.6188,2001-05-18
2001-05-22,1302.9,10.6229,10.5113,2001-05-21
2001-05-23,1294.8,10.5478,10.6229,2001-05-22
2001-05-24,1286.6,10.6994,10.5478,2001-05-23
2001-05-25,1280.8,10.6467,10.6994,2001-05-24
2001-05-28,1288.5,10.685,10.6467,2001-05-25
2001-05-29,1295.3,10.6846,10.685,2001-05-28
2001-05-30,1294.1,10.7662,10.6846,2001-05-29
2001-05-31,1292.9,10.7339,10.7662,2001-05-30
2001-06-01,1286.0,10.7931,10.7339,2001-05-31
2001-06-04,1282.2,10.7459,10.7931,2001-06-01
2001-06-05,1285.3,10.7945,10.7459,2001-06-04
2001-06-07,1285.9,10.7025,10.7945,2001-06-05
2001-06-08,1287.8,10.7018,10.7025,2001-06-07
2001-06-11,1285.8,10.6335,10.7018,2001-06-08
2001-06-12,1289.6,10.5744,10.6335,2001-06-11
2001-06-13,1290.3,10.6071,10.5744,2001-06-12
2001-06-14,1292.1,10.5871,10.6071,2001-06-13
2001-06-15,1291.7,10.640899999999998,10.5871,2001-06-14
2001-06-18,1292.0,10.5032,10.640899999999998,2001-06-15
2001-06-19,1299.8,10.5422,10.5032,2001-06-18
2001-06-20,1304.3,10.601,10.5422,2001-06-19
2001-06-21,1298.0,10.4834,10.601,2001-06-20
2001-06-22,1301.9,10.4461,10.4834,2001-06-21
2001-06-25,1304.2,10.4822,10.4461,2001-06-22
2001-06-26,1302.9,10.5166,10.4822,2001-06-25
2001-06-27,1298.9,10.4898,10.5166,2001-06-26
2001-06-28,1299.8,10.457,10.4898,2001-06-27
2001-06-29,1302.3,10.4351,10.457,2001-06-28
2001-07-02,1300.7,10.4285,10.4351,2001-06-29
2001-07-03,1300.3,10.4977,10.4285,2001-07-02
2001-07-04,1295.3,10.4065,10.4977,2001-07-03
2001-07-05,1295.5,10.409,10.4065,2001-07-04
2001-07-06,1295.0,10.3076,10.409,2001-07-05
2001-07-09,1295.5,10.2875,10.3076,2001-07-06
2001-07-10,1296.6,10.3476,10.2875,2001-07-09
2001-07-11,1297.7,10.3596,10.3476,2001-07-10
2001-07-12,1307.4,10.5211,10.3596,2001-07-11
2001-07-13,1307.2,10.5377,10.5211,2001-07-12
2001-07-16,1304.0,10.4445,10.5377,2001-07-13
2001-07-18,1311.6,10.5041,10.4445,2001-07-16
2001-07-19,1310.1,10.5551,10.5041,2001-07-18
2001-07-20,1305.9,10.5831,10.5551,2001-07-19
2001-07-23,1303.7,10.5734,10.5831,2001-07-20
2001-07-24,1308.6,10.521400000000002,10.5734,2001-07-23
2001-07-25,1312.1,10.5559,10.521400000000002,2001-07-24
2001-07-26,1308.7,10.5865,10.5559,2001-07-25
2001-07-27,1302.2,10.519,10.5865,2001-07-26
2001-07-30,1301.1,10.5438,10.519,2001-07-27
2001-07-31,1301.4,10.3946,10.5438,2001-07-30
2001-08-01,1302.5,10.4254,10.3946,2001-07-31
2001-08-02,1297.7,10.4354,10.4254,2001-08-01
2001-08-03,1291.3,10.4242,10.4354,2001-08-02
2001-08-06,1283.8,10.37,10.4242,2001-08-03
2001-08-07,1287.5,10.3956,10.37,2001-08-06
2001-08-08,1288.6,10.433599999999998,10.3956,2001-08-07
2001-08-09,1285.7,10.4076,10.433599999999998,2001-08-08
2001-08-10,1289.3,10.5559,10.4076,2001-08-09
2001-08-13,1281.2,10.493,10.5559,2001-08-10
2001-08-14,1284.8,10.4946,10.493,2001-08-13
2001-08-16,1288.0,10.7405,10.4946,2001-08-14
2001-08-17,1278.5,10.6382,10.7405,2001-08-16
2001-08-20,1283.4,10.666099999999998,10.6382,2001-08-17
2001-08-21,1286.9,10.6576,10.666099999999998,2001-08-20
2001-08-22,1286.1,10.7296,10.6576,2001-08-21
2001-08-23,1282.4,10.6472,10.7296,2001-08-22
2001-08-24,1284.3,10.707,10.6472,2001-08-23
2001-08-27,1282.0,10.6509,10.707,2001-08-24
2001-08-28,1280.7,10.689,10.6509,2001-08-27
2001-08-29,1279.4,10.6643,10.689,2001-08-28
2001-08-30,1281.8,10.6643,10.6643,2001-08-29
2001-08-31,1283.8,10.7453,10.6643,2001-08-30
2001-09-03,1282.1,10.7604,10.7453,2001-08-31
2001-09-04,1280.1,10.7798,10.7604,2001-09-03
2001-09-05,1280.2,10.7219,10.7798,2001-09-04
2001-09-06,1282.8,10.6192,10.7219,2001-09-05
2001-09-07,1286.6,10.6467,10.6192,2001-09-06
2001-09-10,1287.6,10.7121,10.6467,2001-09-07
2001-09-11,1288.7,10.6403,10.7121,2001-09-10
2001-09-12,1295.2,10.8385,10.6403,2001-09-11
2001-09-13,1285.2,10.744000000000002,10.8385,2001-09-12
2001-09-14,1289.4,10.8549,10.744000000000002,2001-09-13
2001-09-17,1296.7,11.0245,10.8549,2001-09-14
2001-09-18,1297.5,11.0046,11.0245,2001-09-17
2001-09-19,1297.8,11.063,11.0046,2001-09-18
2001-09-20,1296.0,11.019,11.063,2001-09-19
2001-09-21,1298.7,11.1452,11.019,2001-09-20
2001-09-24,1298.0,11.104,11.1452,2001-09-21
2001-09-25,1307.2,11.1138,11.104,2001-09-24
2001-09-26,1306.5,11.1139,11.1138,2001-09-25
2001-09-27,1306.7,11.0808,11.1139,2001-09-26
2001-09-28,1305.9,10.9098,11.0808,2001-09-27
2001-10-04,1309.1,10.849,10.9098,2001-09-28
2001-10-05,1313.9,10.9083,10.849,2001-10-04
2001-10-08,1312.9,10.9304,10.9083,2001-10-05
2001-10-09,1311.8,10.9453,10.9304,2001-10-08
2001-10-10,1308.7,10.8728,10.9453,2001-10-09
2001-10-11,1307.4,10.8638,10.8728,2001-10-10
2001-10-12,1302.8,10.7315,10.8638,2001-10-11
2001-10-15,1299.9,10.7399,10.7315,2001-10-12
2001-10-16,1296.4,10.7318,10.7399,2001-10-15
2001-10-17,1296.8,10.6772,10.7318,2001-10-16
2001-10-18,1302.6,10.7342,10.6772,2001-10-17
2001-10-19,1299.0,10.7196,10.7342,2001-10-18
2001-10-22,1301.2,10.7196,10.7196,2001-10-19
2001-10-23,1303.0,10.6502,10.7196,2001-10-22
2001-10-24,1304.3,10.6426,10.6502,2001-10-23
2001-10-25,1300.4,10.5792,10.6426,2001-10-24
2001-10-26,1296.2,10.5446,10.5792,2001-10-25
2001-10-29,1296.0,10.5611,10.5446,2001-10-26
2001-10-30,1294.0,10.6148,10.5611,2001-10-29
2001-10-31,1296.1,10.6129,10.6148,2001-10-30
2001-11-01,1297.0,10.5921,10.6129,2001-10-31
2001-11-02,1296.8,10.6265,10.5921,2001-11-01
2001-11-05,1296.6,10.656300000000002,10.6265,2001-11-02
2001-11-06,1296.2,10.6538,10.656300000000002,2001-11-05
2001-11-07,1295.9,10.6918,10.6538,2001-11-06
2001-11-08,1292.8,10.6711,10.6918,2001-11-07
2001-11-09,1289.3,10.733,10.6711,2001-11-08
2001-11-12,1282.5,10.6542,10.733,2001-11-09
2001-11-13,1284.3,10.6581,10.6542,2001-11-12
2001-11-14,1285.3,10.5856,10.6581,2001-11-13
2001-11-15,1284.8,10.5723,10.5856,2001-11-14
2001-11-16,1283.1,10.4833,10.5723,2001-11-15
2001-11-19,1283.4,10.4371,10.4833,2001-11-16
2001-11-20,1283.9,10.4255,10.4371,2001-11-19
2001-11-21,1283.1,10.4628,10.4255,2001-11-20
2001-11-22,1281.5,10.3955,10.4628,2001-11-21
2001-11-23,1278.7,10.3133,10.3955,2001-11-22
2001-11-26,1275.6,10.2511,10.3133,2001-11-23
2001-11-27,1266.3,10.2084,10.2511,2001-11-26
2001-11-28,1265.2,10.2119,10.2084,2001-11-27
2001-11-29,1269.7,10.3098,10.2119,2001-11-28
2001-11-30,1274.0,10.2796,10.3098,2001-11-29
2001-12-03,1269.7,10.2956,10.2796,2001-11-30
2001-12-04,1272.4,10.2402,10.2956,2001-12-03
2001-12-05,1271.9,10.246099999999998,10.2402,2001-12-04
2001-12-06,1271.0,10.231,10.246099999999998,2001-12-05
2001-12-07,1268.4,10.1773,10.231,2001-12-06
2001-12-10,1273.3,10.1377,10.1773,2001-12-07
2001-12-11,1280.4,10.1676,10.1377,2001-12-10
2001-12-12,1280.1,10.1656,10.1676,2001-12-11
2001-12-13,1274.4,10.1183,10.1656,2001-12-12
2001-12-14,1274.0,10.1015,10.1183,2001-12-13
2001-12-17,1281.1,10.066,10.1015,2001-12-14
2001-12-18,1292.5,10.1218,10.066,2001-12-17
2001-12-19,1292.7,10.0697,10.1218,2001-12-18
2001-12-20,1291.4,10.0619,10.0697,2001-12-19
2001-12-21,1299.2,10.0549,10.0619,2001-12-20
2001-12-24,1311.0,10.1091,10.0549,2001-12-21
2001-12-26,1308.0,10.0,10.1091,2001-12-24
2001-12-27,1317.6,10.0446,10.0,2001-12-26
2001-12-28,1325.1,10.0485,10.0446,2001-12-27
2001-12-31,1326.1,10.094,10.0485,2001-12-28
2002-01-02,1314.6,9.9738,10.094,2001-12-31
2002-01-03,1320.4,9.9921,9.9738,2002-01-02
2002-01-04,1317.2,9.9958,9.9921,2002-01-03
2002-01-07,1307.7,10.0015,9.9958,2002-01-04
2002-01-08,1302.9,9.9325,10.0015,2002-01-07
2002-01-09,1309.5,9.8496,9.9325,2002-01-08
2002-01-10,1314.3,9.8786,9.8496,2002-01-09
2002-01-11,1314.2,9.9459,9.8786,2002-01-10
2002-01-14,1311.4,9.9367,9.9459,2002-01-11
2002-01-15,1311.6,9.9635,9.9367,2002-01-14
2002-01-16,1316.6,10.0351,9.9635,2002-01-15
2002-01-17,1317.8,9.9686,10.0351,2002-01-16
2002-01-18,1319.9,9.9638,9.9686,2002-01-17
2002-01-21,1320.0,9.9548,9.9638,2002-01-18
2002-01-22,1320.8,9.9327,9.9548,2002-01-21
2002-01-23,1326.6,9.9159,9.9327,2002-01-22
2002-01-24,1332.3,9.9067,9.9159,2002-01-23
2002-01-25,1331.9,9.8758,9.9067,2002-01-24
2002-01-28,1328.6,9.8521,9.8758,2002-01-25
2002-01-29,1322.3,9.9008,9.8521,2002-01-28
2002-01-30,1314.6,9.8535,9.9008,2002-01-29
2002-01-31,1314.8,9.8965,9.8535,2002-01-30
2002-02-01,1308.5,9.7045,9.8965,2002-01-31
2002-02-04,1319.6,9.9244,9.7045,2002-02-01
2002-02-05,1313.4,9.9462,9.9244,2002-02-04
2002-02-06,1314.7,9.8207,9.9462,2002-02-05
2002-02-07,1317.8,9.859,9.8207,2002-02-06
2002-02-08,1318.7,9.8444,9.859,2002-02-07
2002-02-14,1318.8,9.905,9.8444,2002-02-08
2002-02-15,1316.0,9.975,9.905,2002-02-14
2002-02-18,1315.5,9.9156,9.975,2002-02-15
2002-02-19,1316.0,9.919,9.9156,2002-02-18
2002-02-20,1319.8,9.8865,9.919,2002-02-19
2002-02-21,1321.2,9.8711,9.8865,2002-02-20
2002-02-22,1321.1,9.8421,9.8711,2002-02-21
2002-02-25,1321.8,9.8587,9.8421,2002-02-22
2002-02-26,1322.9,9.886,9.8587,2002-02-25
2002-02-27,1323.9,9.838,9.886,2002-02-26
2002-02-28,1327.7,9.8835,9.838,2002-02-27
2002-03-04,1326.0,9.933,9.8835,2002-02-28
2002-03-05,1319.5,9.9875,9.933,2002-03-04
2002-03-06,1315.6,9.9459,9.9875,2002-03-05
2002-03-07,1315.1,10.067,9.9459,2002-03-06
2002-03-08,1311.1,10.267,10.067,2002-03-07
2002-03-11,1310.6,10.2052,10.267,2002-03-08
2002-03-12,1316.6,10.2763,10.2052,2002-03-11
2002-03-13,1319.4,10.2212,10.2763,2002-03-12
2002-03-14,1320.3,10.1977,10.2212,2002-03-13
2002-03-15,1322.7,10.2376,10.1977,2002-03-14
2002-03-18,1322.4,10.2238,10.2376,2002-03-15
2002-03-19,1324.1,10.0884,10.2238,2002-03-18
2002-03-20,1327.3,10.0378,10.0884,2002-03-19
2002-03-21,1326.7,10.1005,10.0378,2002-03-20
2002-03-22,1326.7,10.047,10.1005,2002-03-21
2002-03-25,1328.4,10.0034,10.047,2002-03-22
2002-03-26,1330.2,9.9764,10.0034,2002-03-25
2002-03-27,1331.6,9.9992,9.9764,2002-03-26
2002-03-28,1327.6,10.0075,9.9992,2002-03-27
2002-03-29,1327.0,9.994,10.0075,2002-03-28
2002-04-01,1326.4,9.9658,9.994,2002-03-29
2002-04-02,1325.3,9.9448,9.9658,2002-04-01
2002-04-03,1328.8,9.9797,9.9448,2002-04-02
2002-04-04,1328.4,10.0075,9.9797,2002-04-03
2002-04-08,1329.9,10.0987,10.0075,2002-04-04
2002-04-09,1328.7,10.1,10.0987,2002-04-08
2002-04-10,1329.1,10.1671,10.1,2002-04-09
2002-04-11,1328.9,10.1555,10.1671,2002-04-10
2002-04-12,1330.1,10.116,10.1555,2002-04-11
2002-04-15,1331.9,10.0825,10.116,2002-04-12
2002-04-16,1329.7,10.0647,10.0825,2002-04-15
2002-04-17,1326.6,10.1178,10.0647,2002-04-16
2002-04-18,1320.7,10.1029,10.1178,2002-04-17
2002-04-19,1314.5,10.1166,10.1029,2002-04-18
2002-04-22,1310.8,10.0464,10.1166,2002-04-19
2002-04-23,1308.9,10.0588,10.0464,2002-04-22
2002-04-24,1306.2,10.0319,10.0588,2002-04-23
2002-04-25,1308.3,10.0988,10.0319,2002-04-24
2002-04-26,1299.5,10.0959,10.0988,2002-04-25
2002-04-29,1297.9,10.1573,10.0959,2002-04-26
2002-04-30,1292.2,10.0831,10.1573,2002-04-29
2002-05-02,1293.7,10.167,10.0831,2002-04-30
2002-05-03,1287.9,10.0716,10.167,2002-05-02
2002-05-06,1288.2,10.1469,10.0716,2002-05-03
2002-05-07,1280.1,10.068,10.1469,2002-05-06
2002-05-08,1279.3,9.9809,10.068,2002-05-07
2002-05-09,1283.6,9.9461,9.9809,2002-05-08
2002-05-10,1284.8,10.0051,9.9461,2002-05-09
2002-05-13,1280.1,10.0298,10.0051,2002-05-10
2002-05-14,1274.7,9.9789,10.0298,2002-05-13
2002-05-15,1278.4,9.9486,9.9789,2002-05-14
2002-05-16,1278.9,10.0157,9.9486,2002-05-15
2002-05-17,1272.3,9.9406,10.0157,2002-05-16
2002-05-20,1265.9,10.0337,9.9406,2002-05-17
2002-05-21,1253.3,9.992,10.0337,2002-05-20
2002-05-22,1256.4,10.1115,9.992,2002-05-21
2002-05-23,1245.3,10.0141,10.1115,2002-05-22
2002-05-24,1247.7,9.9836,10.0141,2002-05-23
2002-05-27,1247.7,9.994,9.9836,2002-05-24
2002-05-28,1237.5,9.9163,9.994,2002-05-27
2002-05-29,1230.6,9.8863,9.9163,2002-05-28
2002-05-30,1235.9,9.9481,9.8863,2002-05-29
2002-05-31,1233.3,9.985,9.9481,2002-05-30
2002-06-03,1226.2,9.8633,9.985,2002-05-31
2002-06-04,1228.6,9.9369,9.8633,2002-06-03
2002-06-05,1222.1,9.8457,9.9369,2002-06-04
2002-06-07,1221.6,9.8457,9.8457,2002-06-05
2002-06-10,1228.4,9.8572,9.8457,2002-06-07
2002-06-11,1229.5,9.8541,9.8572,2002-06-10
2002-06-12,1227.5,9.7996,9.8541,2002-06-11
2002-06-14,1230.8,9.8405,9.7996,2002-06-12
2002-06-17,1231.7,9.9051,9.8405,2002-06-14
2002-06-18,1236.3,9.9489,9.9051,2002-06-17
2002-06-19,1233.1,9.9255,9.9489,2002-06-18
2002-06-20,1230.7,9.921,9.9255,2002-06-19
2002-06-21,1226.5,9.9272,9.921,2002-06-20
2002-06-24,1220.2,10.0304,9.9272,2002-06-21
2002-06-25,1212.3,9.9667,10.0304,2002-06-24
2002-06-26,1213.0,10.026,9.9667,2002-06-25
2002-06-27,1208.2,10.0688,10.026,2002-06-26
2002-06-28,1204.8,10.0757,10.0688,2002-06-27
2002-07-02,1201.8,10.0384,10.0757,2002-06-28
2002-07-03,1203.3,10.0246,10.0384,2002-07-02
2002-07-04,1205.6,10.0509,10.0246,2002-07-03
2002-07-05,1201.1,10.0,10.0509,2002-07-04
2002-07-08,1201.7,10.0025,10.0,2002-07-05
2002-07-09,1195.8,10.0741,10.0025,2002-07-08
2002-07-10,1186.3,10.0406,10.0741,2002-07-09
2002-07-11,1180.9,10.0182,10.0406,2002-07-10
2002-07-12,1178.0,10.0551,10.0182,2002-07-11
2002-07-15,1183.3,10.1262,10.0551,2002-07-12
2002-07-16,1177.8,10.1329,10.1262,2002-07-15
2002-07-18,1173.2,10.0795,10.1329,2002-07-16
2002-07-19,1173.3,10.0626,10.0795,2002-07-18
2002-07-22,1171.3,10.1109,10.0626,2002-07-19
2002-07-23,1166.0,9.9979,10.1109,2002-07-22
2002-07-24,1171.1,9.9795,9.9979,2002-07-23
2002-07-25,1172.8,10.0501,9.9795,2002-07-24
2002-07-26,1168.7,10.0348,10.0501,2002-07-25
2002-07-29,1180.0,9.9327,10.0348,2002-07-26
2002-07-30,1202.8,10.0506,9.9327,2002-07-29
2002-07-31,1197.0,9.9435,10.0506,2002-07-30
2002-08-01,1190.5,9.9482,9.9435,2002-07-31
2002-08-02,1182.0,9.9265,9.9482,2002-08-01
2002-08-05,1181.2,9.939,9.9265,2002-08-02
2002-08-06,1188.3,9.9244,9.939,2002-08-05
2002-08-07,1208.3,9.9905,9.9244,2002-08-06
2002-08-08,1207.2,10.0546,9.9905,2002-08-07
2002-08-09,1203.5,9.945,10.0546,2002-08-08
2002-08-12,1207.1,10.084,9.945,2002-08-09
2002-08-13,1199.5,10.0845,10.084,2002-08-12
2002-08-14,1196.6,10.1167,10.0845,2002-08-13
2002-08-16,1189.9,10.129,10.1167,2002-08-14
2002-08-19,1189.1,10.0959,10.129,2002-08-16
2002-08-20,1192.0,10.0553,10.0959,2002-08-19
2002-08-21,1196.6,10.0826,10.0553,2002-08-20
2002-08-22,1192.2,10.043,10.0826,2002-08-21
2002-08-23,1193.6,9.9612,10.043,2002-08-22
2002-08-26,1202.5,10.0666,9.9612,2002-08-23
2002-08-27,1201.1,10.0267,10.0666,2002-08-26
2002-08-28,1201.3,10.1543,10.0267,2002-08-27
2002-08-29,1197.7,10.0706,10.1543,2002-08-28
2002-08-30,1204.9,10.1873,10.0706,2002-08-29
2002-09-02,1200.5,10.1368,10.1873,2002-08-30
2002-09-03,1204.6,10.2089,10.1368,2002-09-02
2002-09-04,1199.9,10.251600000000002,10.2089,2002-09-03
2002-09-05,1195.1,10.1318,10.251600000000002,2002-09-04
2002-09-06,1193.9,10.0943,10.1318,2002-09-05
2002-09-09,1194.6,10.0772,10.0943,2002-09-06
2002-09-10,1196.0,10.0458,10.0772,2002-09-09
2002-09-11,1198.7,10.0017,10.0458,2002-09-10
2002-09-12,1202.8,10.0054,10.0017,2002-09-11
2002-09-13,1202.9,10.0296,10.0054,2002-09-12
2002-09-16,1201.4,9.8698,10.0296,2002-09-13
2002-09-17,1217.3,9.9681,9.8698,2002-09-16
2002-09-18,1219.0,9.991,9.9681,2002-09-17
2002-09-19,1212.8,9.9872,9.991,2002-09-18
2002-09-23,1210.7,9.8028,9.9872,2002-09-19
2002-09-24,1221.3,9.8599,9.8028,2002-09-23
2002-09-25,1225.8,9.9436,9.8599,2002-09-24
2002-09-26,1224.0,9.9808,9.9436,2002-09-25
2002-09-27,1227.3,10.0438,9.9808,2002-09-26
2002-09-30,1225.5,9.9837,10.0438,2002-09-27
2002-10-01,1229.4,10.0775,9.9837,2002-09-30
2002-10-02,1228.6,10.0134,10.0775,2002-10-01
2002-10-04,1230.5,10.0494,10.0134,2002-10-02
2002-10-07,1231.2,9.9919,10.0494,2002-10-04
2002-10-08,1237.4,9.9561,9.9919,2002-10-07
2002-10-09,1243.4,10.0238,9.9561,2002-10-08
2002-10-10,1245.1,10.1059,10.0238,2002-10-09
2002-10-11,1253.3,10.1486,10.1059,2002-10-10
2002-10-14,1261.1,10.1665,10.1486,2002-10-11
2002-10-15,1259.9,10.1323,10.1665,2002-10-14
2002-10-16,1262.8,10.1186,10.1323,2002-10-15
2002-10-17,1258.0,10.0959,10.1186,2002-10-16
2002-10-18,1246.0,9.9469,10.0959,2002-10-17
2002-10-21,1242.2,9.8925,9.9469,2002-10-18
2002-10-22,1244.1,9.966,9.8925,2002-10-21
2002-10-23,1242.3,9.9261,9.966,2002-10-22
2002-10-24,1237.4,9.933,9.9261,2002-10-23
2002-10-25,1228.0,9.8694,9.933,2002-10-24
2002-10-28,1230.6,9.9046,9.8694,2002-10-25
2002-10-29,1232.4,9.9818,9.9046,2002-10-28
2002-10-30,1227.1,9.9748,9.9818,2002-10-29
2002-10-31,1233.4,10.0354,9.9748,2002-10-30
2002-11-01,1224.9,9.9992,10.0354,2002-10-31
2002-11-04,1224.0,10.0184,9.9992,2002-11-01
2002-11-05,1219.7,9.9808,10.0184,2002-11-04
2002-11-06,1215.8,9.9619,9.9808,2002-11-05
2002-11-07,1220.0,10.0329,9.9619,2002-11-06
2002-11-08,1216.9,10.0458,10.0329,2002-11-07
2002-11-11,1210.4,10.0951,10.0458,2002-11-08
2002-11-12,1199.9,10.0121,10.0951,2002-11-11
2002-11-13,1203.5,10.0564,10.0121,2002-11-12
2002-11-14,1203.1,10.0162,10.0564,2002-11-13
2002-11-15,1208.0,10.0162,10.0162,2002-11-14
2002-11-18,1208.8,10.0336,10.0162,2002-11-15
2002-11-19,1206.3,9.9665,10.0336,2002-11-18
2002-11-20,1208.7,9.8924,9.9665,2002-11-19
2002-11-21,1216.3,9.9128,9.8924,2002-11-20
2002-11-22,1214.3,9.8993,9.9128,2002-11-21
2002-11-25,1213.5,9.8562,9.8993,2002-11-22
2002-11-26,1213.4,9.9394,9.8562,2002-11-25
2002-11-27,1205.4,9.9173,9.9394,2002-11-26
2002-11-28,1204.4,9.8395,9.9173,2002-11-27
2002-11-29,1207.7,9.8818,9.8395,2002-11-28
2002-12-02,1208.0,9.848,9.8818,2002-11-29
2002-12-03,1211.3,9.7321,9.848,2002-12-02
2002-12-04,1217.1,9.7936,9.7321,2002-12-03
2002-12-05,1216.3,9.7754,9.7936,2002-12-04
2002-12-06,1222.8,9.8063,9.7754,2002-12-05
2002-12-09,1228.0,9.9615,9.8063,2002-12-06
2002-12-10,1212.0,9.8285,9.9615,2002-12-09
2002-12-11,1216.1,9.8128,9.8285,2002-12-10
2002-12-12,1215.8,9.8298,9.8128,2002-12-11
2002-12-13,1212.1,9.883,9.8298,2002-12-12
2002-12-16,1209.0,10.017,9.883,2002-12-13
2002-12-17,1202.2,9.9016,10.017,2002-12-16
2002-12-18,1200.7,9.8742,9.9016,2002-12-17
2002-12-20,1200.1,9.9536,9.8742,2002-12-18
2002-12-23,1203.2,9.9896,9.9536,2002-12-20
2002-12-24,1202.7,9.9888,9.9896,2002-12-23
2002-12-26,1201.1,9.9813,9.9888,2002-12-24
2002-12-27,1200.3,10.0012,9.9813,2002-12-26
2002-12-30,1197.2,9.9854,10.0012,2002-12-27
2002-12-31,1200.4,10.1287,9.9854,2002-12-30
2003-01-02,1187.8,9.9966,10.1287,2002-12-31
2003-01-03,1190.5,9.9122,9.9966,2003-01-02
2003-01-06,1196.1,9.9896,9.9122,2003-01-03
2003-01-07,1191.6,9.992,9.9896,2003-01-06
2003-01-08,1187.2,9.8691,9.992,2003-01-07
2003-01-09,1188.6,9.9778,9.8691,2003-01-08
2003-01-10,1179.5,9.8831,9.9778,2003-01-09
2003-01-13,1180.3,9.9048,9.8831,2003-01-10
2003-01-14,1177.0,9.8962,9.9048,2003-01-13
2003-01-15,1176.5,9.9606,9.8962,2003-01-14
2003-01-16,1173.7,9.9378,9.9606,2003-01-15
2003-01-17,1173.4,9.9588,9.9378,2003-01-16
2003-01-20,1173.6,9.947,9.9588,2003-01-17
2003-01-21,1174.2,9.9471,9.947,2003-01-20
2003-01-22,1177.2,9.9598,9.9471,2003-01-21
2003-01-23,1175.6,9.9291,9.9598,2003-01-22
2003-01-24,1178.2,9.975,9.9291,2003-01-23
2003-01-27,1171.9,9.9444,9.975,2003-01-24
2003-01-28,1170.4,9.876,9.9444,2003-01-27
2003-01-29,1170.9,9.8615,9.876,2003-01-28
2003-01-30,1170.5,9.8706,9.8615,2003-01-29
2003-02-03,1170.9,9.766,9.8706,2003-01-30
2003-02-04,1177.6,9.7901,9.766,2003-02-03
2003-02-05,1179.8,9.8526,9.7901,2003-02-04
2003-02-06,1174.1,9.7683,9.8526,2003-02-05
2003-02-07,1177.1,9.8169,9.7683,2003-02-06
2003-02-10,1179.9,9.7978,9.8169,2003-02-07
2003-02-11,1192.8,9.8371,9.7978,2003-02-10
2003-02-12,1207.8,9.9802,9.8371,2003-02-11
2003-02-13,1202.9,9.9131,9.9802,2003-02-12
2003-02-14,1202.7,9.9718,9.9131,2003-02-13
2003-02-17,1201.4,9.9755,9.9718,2003-02-14
2003-02-18,1207.2,10.0454,9.9755,2003-02-17
2003-02-19,1202.4,10.1021,10.0454,2003-02-18
2003-02-20,1198.4,10.0973,10.1021,2003-02-19
2003-02-21,1196.4,10.1069,10.0973,2003-02-20
2003-02-24,1194.1,10.0585,10.1069,2003-02-21
2003-02-25,1192.6,10.1068,10.0585,2003-02-24
2003-02-26,1191.1,10.1426,10.1068,2003-02-25
2003-02-27,1187.7,10.1413,10.1426,2003-02-26
2003-02-28,1186.8,10.0854,10.1413,2003-02-27
2003-03-03,1190.3,10.0689,10.0854,2003-02-28
2003-03-04,1194.3,10.15,10.0689,2003-03-03
2003-03-05,1193.2,10.1839,10.15,2003-03-04
2003-03-06,1194.9,10.1906,10.1839,2003-03-05
2003-03-07,1208.1,10.2997,10.1906,2003-03-06
2003-03-10,1218.0,10.4045,10.2997,2003-03-07
2003-03-11,1229.1,10.5173,10.4045,2003-03-10
2003-03-12,1236.7,10.558800000000002,10.5173,2003-03-11
2003-03-13,1237.3,10.5325,10.558800000000002,2003-03-12
2003-03-14,1247.9,10.5144,10.5325,2003-03-13
2003-03-17,1241.0,10.513800000000002,10.5144,2003-03-14
2003-03-18,1241.6,10.4525,10.513800000000002,2003-03-17
2003-03-19,1249.6,10.5376,10.4525,2003-03-18
2003-03-20,1255.6,10.4603,10.5376,2003-03-19
2003-03-21,1253.8,10.4236,10.4603,2003-03-20
2003-03-24,1249.6,10.3273,10.4236,2003-03-21
2003-03-25,1251.1,10.3697,10.3273,2003-03-24
2003-03-26,1246.1,10.3898,10.3697,2003-03-25
2003-03-27,1244.8,10.3764,10.3898,2003-03-26
2003-03-28,1244.6,10.3756,10.3764,2003-03-27
2003-03-31,1252.9,10.4465,10.3756,2003-03-28
2003-04-01,1258.0,10.6497,10.4465,2003-03-31
2003-04-02,1254.3,10.64,10.6497,2003-04-01
2003-04-03,1253.9,10.5356,10.64,2003-04-02
2003-04-04,1254.9,10.5175,10.5356,2003-04-03
2003-04-07,1258.0,10.4594,10.5175,2003-04-04
2003-04-08,1257.0,10.4816,10.4594,2003-04-07
2003-04-09,1255.0,10.4789,10.4816,2003-04-08
2003-04-10,1253.4,10.4298,10.4789,2003-04-09
2003-04-11,1239.8,10.3671,10.4298,2003-04-10
2003-04-14,1226.3,10.162,10.3671,2003-04-11
2003-04-15,1224.1,10.1699,10.162,2003-04-14
2003-04-16,1217.3,10.1126,10.1699,2003-04-15
2003-04-17,1216.5,10.1752,10.1126,2003-04-16
2003-04-18,1209.5,10.1074,10.1752,2003-04-17
2003-04-21,1205.0,10.0681,10.1074,2003-04-18
2003-04-22,1204.7,10.0004,10.0681,2003-04-21
2003-04-23,1217.0,10.1565,10.0004,2003-04-22
2003-04-24,1219.5,10.1132,10.1565,2003-04-23
2003-04-25,1221.0,10.1933,10.1132,2003-04-24
2003-04-28,1234.4,10.2563,10.1933,2003-04-25
2003-04-29,1229.4,10.2071,10.2563,2003-04-28
2003-04-30,1213.1,10.14,10.2071,2003-04-29
2003-05-02,1213.9,10.2486,10.14,2003-04-30
2003-05-06,1211.1,10.2215,10.2486,2003-05-02
2003-05-07,1205.9,10.2503,10.2215,2003-05-06
2003-05-09,1196.9,10.2207,10.2503,2003-05-07
2003-05-12,1199.9,10.2577,10.2207,2003-05-09
2003-05-13,1196.0,10.2087,10.2577,2003-05-12
2003-05-14,1199.8,10.2727,10.2087,2003-05-13
2003-05-15,1201.5,10.3368,10.2727,2003-05-14
2003-05-16,1195.2,10.2588,10.3368,2003-05-15
2003-05-19,1197.8,10.3594,10.2588,2003-05-16
2003-05-20,1193.6,10.19,10.3594,2003-05-19
2003-05-21,1199.1,10.2755,10.19,2003-05-20
2003-05-22,1193.9,10.1475,10.2755,2003-05-21
2003-05-23,1197.4,10.2015,10.1475,2003-05-22
2003-05-26,1193.4,10.2065,10.2015,2003-05-23
2003-05-27,1194.0,10.2125,10.2065,2003-05-26
2003-05-28,1199.4,10.2307,10.2125,2003-05-27
2003-05-29,1200.4,10.1244,10.2307,2003-05-28
2003-05-30,1206.6,10.2094,10.1244,2003-05-29
2003-06-02,1205.3,10.0925,10.2094,2003-05-30
2003-06-03,1207.5,10.1748,10.0925,2003-06-02
2003-06-04,1202.3,10.0809,10.1748,2003-06-03
2003-06-05,1201.5,10.1107,10.0809,2003-06-04
2003-06-09,1200.8,10.1107,10.1107,2003-06-05
2003-06-10,1200.3,10.1587,10.1107,2003-06-09
2003-06-11,1193.7,10.1354,10.1587,2003-06-10
2003-06-12,1193.1,10.1355,10.1354,2003-06-11
2003-06-13,1194.3,10.15,10.1355,2003-06-12
2003-06-16,1192.7,10.1636,10.15,2003-06-13
2003-06-17,1191.0,10.1207,10.1636,2003-06-16
2003-06-18,1188.4,10.0563,10.1207,2003-06-17
2003-06-19,1184.5,10.0318,10.0563,2003-06-18
2003-06-20,1186.0,10.0046,10.0318,2003-06-19
2003-06-23,1190.6,10.0536,10.0046,2003-06-20
2003-06-24,1190.9,10.1237,10.0536,2003-06-23
2003-06-25,1189.2,10.0852,10.1237,2003-06-24
2003-06-26,1188.5,10.0622,10.0852,2003-06-25
2003-06-27,1186.7,9.9376,10.0622,2003-06-26
2003-06-30,1193.1,9.9641,9.9376,2003-06-27
2003-07-01,1194.9,9.9879,9.9641,2003-06-30
2003-07-02,1191.0,9.9853,9.9879,2003-07-01
2003-07-03,1188.1,10.0508,9.9853,2003-07-02
2003-07-04,1185.1,10.0283,10.0508,2003-07-03
2003-07-07,1182.3,10.008,10.0283,2003-07-04
2003-07-08,1180.0,9.986,10.008,2003-07-07
2003-07-09,1179.2,9.9712,9.986,2003-07-08
2003-07-10,1179.6,10.0136,9.9712,2003-07-09
2003-07-11,1178.5,10.0132,10.0136,2003-07-10
2003-07-14,1179.2,10.0157,10.0132,2003-07-11
2003-07-15,1177.0,10.0004,10.0157,2003-07-14
2003-07-16,1175.7,9.9328,10.0004,2003-07-15
2003-07-18,1178.8,9.9238,9.9328,2003-07-16
2003-07-21,1182.5,9.9937,9.9238,2003-07-18
2003-07-22,1179.4,9.9356,9.9937,2003-07-21
2003-07-23,1182.0,9.9232,9.9356,2003-07-22
2003-07-24,1181.4,9.9516,9.9232,2003-07-23
2003-07-25,1180.3,9.9048,9.9516,2003-07-24
2003-07-28,1181.2,9.9298,9.9048,2003-07-25
2003-07-29,1179.3,9.8649,9.9298,2003-07-28
2003-07-30,1179.5,9.8386,9.8649,2003-07-29
2003-07-31,1180.0,9.8092,9.8386,2003-07-30
2003-08-01,1180.6,9.7914,9.8092,2003-07-31
2003-08-04,1180.4,9.8305,9.7914,2003-08-01
2003-08-05,1181.4,9.8184,9.8305,2003-08-04
2003-08-06,1186.1,9.8945,9.8184,2003-08-05
2003-08-07,1185.9,9.8689,9.8945,2003-08-06
2003-08-08,1185.5,9.9467,9.8689,2003-08-07
2003-08-11,1181.9,9.9228,9.9467,2003-08-08
2003-08-12,1180.2,9.9557,9.9228,2003-08-11
2003-08-13,1178.3,9.9363,9.9557,2003-08-12
2003-08-14,1179.3,9.8889,9.9363,2003-08-13
2003-08-18,1178.3,9.893,9.8889,2003-08-14
2003-08-19,1175.9,9.8529,9.893,2003-08-18
2003-08-20,1178.6,9.9347,9.8529,2003-08-19
2003-08-21,1176.4,9.9568,9.9347,2003-08-20
2003-08-22,1173.9,9.9622,9.9568,2003-08-21
2003-08-25,1170.6,9.963,9.9622,2003-08-22
2003-08-26,1170.5,9.9757,9.963,2003-08-25
2003-08-27,1170.8,9.974,9.9757,2003-08-26
2003-08-28,1173.9,9.9979,9.974,2003-08-27
2003-08-29,1179.9,10.0533,9.9979,2003-08-28
2003-09-01,1178.5,10.1076,10.0533,2003-08-29
2003-09-02,1175.9,10.0923,10.1076,2003-09-01
2003-09-03,1176.7,10.0978,10.0923,2003-09-02
2003-09-04,1176.1,10.1419,10.0978,2003-09-03
2003-09-05,1173.4,10.0398,10.1419,2003-09-04
2003-09-08,1171.8,9.9588,10.0398,2003-09-05
2003-09-09,1172.8,10.0562,9.9588,2003-09-08
2003-09-15,1170.1,9.9757,10.0562,2003-09-09
2003-09-16,1173.1,9.9928,9.9757,2003-09-15
2003-09-17,1171.4,10.0857,9.9928,2003-09-16
2003-09-18,1170.6,10.0796,10.0857,2003-09-17
2003-09-19,1170.3,10.1483,10.0796,2003-09-18
2003-09-22,1168.8,10.4204,10.1483,2003-09-19
2003-09-23,1152.0,10.2802,10.4204,2003-09-22
2003-09-24,1151.1,10.251600000000002,10.2802,2003-09-23
2003-09-25,1152.5,10.298,10.251600000000002,2003-09-24
2003-09-26,1151.1,10.269,10.298,2003-09-25
2003-09-29,1150.8,10.3151,10.269,2003-09-26
2003-09-30,1150.2,10.2894,10.3151,2003-09-29
2003-10-01,1150.3,10.3421,10.2894,2003-09-30
2003-10-02,1152.3,10.3769,10.3421,2003-10-01
2003-10-06,1150.5,10.3663,10.3769,2003-10-02
2003-10-07,1151.9,10.3733,10.3663,2003-10-06
2003-10-08,1151.4,10.4916,10.3733,2003-10-07
2003-10-09,1148.9,10.4898,10.4916,2003-10-08
2003-10-10,1149.5,10.5299,10.4898,2003-10-09
2003-10-13,1148.4,10.5877,10.5299,2003-10-10
2003-10-14,1146.6,10.513,10.5877,2003-10-13
2003-10-15,1158.5,10.6455,10.513,2003-10-14
2003-10-16,1169.5,10.663800000000002,10.6455,2003-10-15
2003-10-17,1177.6,10.7323,10.663800000000002,2003-10-16
2003-10-20,1174.5,10.7767,10.7323,2003-10-17
2003-10-21,1174.4,10.6507,10.7767,2003-10-20
2003-10-22,1180.0,10.762,10.6507,2003-10-21
2003-10-23,1181.9,10.8516,10.762,2003-10-22
2003-10-24,1179.4,10.7703,10.8516,2003-10-23
2003-10-27,1185.8,10.8844,10.7703,2003-10-24
2003-10-28,1184.2,10.9188,10.8844,2003-10-27
2003-10-29,1183.4,10.9387,10.9188,2003-10-28
2003-10-30,1181.6,10.915,10.9387,2003-10-29
2003-10-31,1177.3,10.8352,10.915,2003-10-30
2003-11-03,1182.4,10.775,10.8352,2003-10-31
2003-11-04,1185.3,10.6904,10.775,2003-11-03
2003-11-05,1185.8,10.8139,10.6904,2003-11-04
2003-11-06,1183.1,10.7687,10.8139,2003-11-05
2003-11-07,1181.7,10.7247,10.7687,2003-11-06
2003-11-10,1180.2,10.7746,10.7247,2003-11-07
2003-11-11,1174.8,10.8018,10.7746,2003-11-10
2003-11-12,1175.1,10.807,10.8018,2003-11-11
2003-11-13,1174.4,10.7976,10.807,2003-11-12
2003-11-14,1173.2,10.8474,10.7976,2003-11-13
2003-11-17,1171.2,10.8169,10.8474,2003-11-14
2003-11-18,1178.3,10.8106,10.8169,2003-11-17
2003-11-19,1180.5,10.923,10.8106,2003-11-18
2003-11-20,1177.4,10.7939,10.923,2003-11-19
2003-11-21,1186.8,10.8776,10.7939,2003-11-20
2003-11-24,1195.5,10.9785,10.8776,2003-11-21
2003-11-25,1202.3,10.9975,10.9785,2003-11-24
2003-11-26,1203.4,10.9975,10.9975,2003-11-25
2003-11-27,1203.4,11.0302,10.9975,2003-11-26
2003-11-28,1202.6,11.0073,11.0302,2003-11-27
2003-12-01,1203.6,10.9573,11.0073,2003-11-28
2003-12-02,1203.4,11.005999999999998,10.9573,2003-12-01
2003-12-03,1196.9,11.0034,11.005999999999998,2003-12-02
2003-12-04,1194.1,11.021300000000002,11.0034,2003-12-03
2003-12-05,1192.2,11.0103,11.021300000000002,2003-12-04
2003-12-08,1193.4,11.0968,11.0103,2003-12-05
2003-12-09,1187.6,11.0603,11.0968,2003-12-08
2003-12-10,1188.1,11.0897,11.0603,2003-12-09
2003-12-11,1184.9,10.9293,11.0897,2003-12-10
2003-12-12,1188.9,11.0027,10.9293,2003-12-11
2003-12-15,1185.2,10.9614,11.0027,2003-12-12
2003-12-16,1184.5,10.9941,10.9614,2003-12-15
2003-12-17,1187.6,11.0469,10.9941,2003-12-16
2003-12-18,1188.7,11.066400000000002,11.0469,2003-12-17
2003-12-19,1189.5,11.0507,11.066400000000002,2003-12-18
2003-12-22,1190.7,11.0368,11.0507,2003-12-19
2003-12-23,1193.1,11.0981,11.0368,2003-12-22
2003-12-24,1195.8,11.1367,11.0981,2003-12-23
2003-12-26,1199.0,11.179,11.1367,2003-12-24
2003-12-29,1199.7,11.1782,11.179,2003-12-26
2003-12-30,1200.3,11.2104,11.1782,2003-12-29
2003-12-31,1197.8,11.196,11.2104,2003-12-30
2004-01-02,1194.3,11.128900000000002,11.196,2003-12-31
2004-01-05,1195.5,11.1776,11.128900000000002,2004-01-02
2004-01-06,1193.6,11.2281,11.1776,2004-01-05
2004-01-07,1187.9,11.1839,11.2281,2004-01-06
2004-01-08,1187.4,11.179200000000002,11.1839,2004-01-07
2004-01-09,1183.3,11.1438,11.179200000000002,2004-01-08
2004-01-12,1182.9,11.094,11.1438,2004-01-09
2004-01-13,1178.5,11.056400000000002,11.094,2004-01-12
2004-01-14,1179.9,11.1034,11.056400000000002,2004-01-13
2004-01-15,1180.2,11.1031,11.1034,2004-01-14
2004-01-16,1187.4,11.1697,11.1031,2004-01-15
2004-01-19,1187.1,11.123,11.1697,2004-01-16
2004-01-20,1185.7,11.0519,11.123,2004-01-19
2004-01-26,1188.6,11.1653,11.0519,2004-01-20
2004-01-27,1181.6,11.1105,11.1653,2004-01-26
2004-01-28,1177.2,11.1451,11.1105,2004-01-27
2004-01-29,1173.0,11.0395,11.1451,2004-01-28
2004-01-30,1173.6,11.078499999999998,11.0395,2004-01-29
2004-02-02,1174.9,11.1181,11.078499999999998,2004-01-30
2004-02-03,1170.7,11.0898,11.1181,2004-02-02
2004-02-04,1166.2,11.0598,11.0898,2004-02-03
2004-02-05,1168.3,11.0802,11.0598,2004-02-04
2004-02-06,1167.2,11.038900000000002,11.0802,2004-02-05
2004-02-09,1169.2,11.0537,11.038900000000002,2004-02-06
2004-02-10,1167.4,11.0387,11.0537,2004-02-09
2004-02-11,1162.9,11.0102,11.0387,2004-02-10
2004-02-12,1161.0,11.0147,11.0102,2004-02-11
2004-02-13,1160.7,11.017,11.0147,2004-02-12
2004-02-16,1160.8,11.0028,11.017,2004-02-13
2004-02-17,1158.5,10.9836,11.0028,2004-02-16
2004-02-18,1158.2,10.9631,10.9836,2004-02-17
2004-02-19,1154.6,10.8276,10.9631,2004-02-18
2004-02-20,1161.7,10.8575,10.8276,2004-02-19
2004-02-23,1166.9,10.7129,10.8575,2004-02-20
2004-02-24,1182.1,10.9135,10.7129,2004-02-23
2004-02-25,1176.8,10.8736,10.9135,2004-02-24
2004-02-26,1171.1,10.7504,10.8736,2004-02-25
2004-02-27,1174.5,10.7246,10.7504,2004-02-26
2004-03-02,1176.5,10.7951,10.7246,2004-02-27
2004-03-03,1173.4,10.6436,10.7951,2004-03-02
2004-03-04,1178.7,10.7072,10.6436,2004-03-03
2004-03-05,1171.9,10.5391,10.7072,2004-03-04
2004-03-08,1174.3,10.4703,10.5391,2004-03-05
2004-03-09,1173.4,10.5413,10.4703,2004-03-08
2004-03-10,1170.6,10.5057,10.5413,2004-03-09
2004-03-11,1172.1,10.560899999999998,10.5057,2004-03-10
2004-03-12,1168.6,10.5426,10.560899999999998,2004-03-11
2004-03-15,1175.2,10.6098,10.5426,2004-03-12
2004-03-16,1177.0,10.6694,10.6098,2004-03-15
2004-03-17,1171.2,10.7622,10.6694,2004-03-16
2004-03-18,1166.2,10.7707,10.7622,2004-03-17
2004-03-19,1159.6,10.8516,10.7707,2004-03-18
2004-03-22,1158.6,10.8407,10.8516,2004-03-19
2004-03-23,1159.5,10.8501,10.8407,2004-03-22
2004-03-24,1157.3,10.8407,10.8501,2004-03-23
2004-03-25,1154.5,10.8654,10.8407,2004-03-24
2004-03-26,1155.1,10.883299999999998,10.8654,2004-03-25
2004-03-29,1157.1,10.9714,10.883299999999998,2004-03-26
2004-03-30,1155.1,10.9514,10.9714,2004-03-29
2004-03-31,1153.6,10.9,10.9514,2004-03-30
2004-04-01,1150.0,11.0402,10.9,2004-03-31
2004-04-02,1142.6,11.0093,11.0402,2004-04-01
2004-04-06,1141.2,10.867,11.0093,2004-04-02
2004-04-07,1148.4,10.8498,10.867,2004-04-06
2004-04-08,1144.2,10.8671,10.8498,2004-04-07
2004-04-09,1140.6,10.7124,10.8671,2004-04-08
2004-04-12,1142.4,10.7424,10.7124,2004-04-09
2004-04-13,1142.2,10.8404,10.7424,2004-04-12
2004-04-14,1140.6,10.6633,10.8404,2004-04-13
2004-04-16,1148.8,10.6184,10.6633,2004-04-14
2004-04-19,1160.3,10.762,10.6184,2004-04-16
2004-04-20,1155.8,10.6496,10.762,2004-04-19
2004-04-21,1154.5,10.5951,10.6496,2004-04-20
2004-04-22,1156.0,10.558,10.5951,2004-04-21
2004-04-23,1159.4,10.5891,10.558,2004-04-22
2004-04-26,1158.7,10.6191,10.5891,2004-04-23
2004-04-27,1154.9,10.6325,10.6191,2004-04-26
2004-04-28,1152.8,10.5187,10.6325,2004-04-27
2004-04-29,1155.8,10.4906,10.5187,2004-04-28
2004-04-30,1167.7,10.6208,10.4906,2004-04-29
2004-05-03,1175.2,10.6488,10.6208,2004-04-30
2004-05-04,1172.8,10.640999999999998,10.6488,2004-05-03
2004-05-06,1168.7,10.7378,10.640999999999998,2004-05-04
2004-05-07,1166.2,10.6269,10.7378,2004-05-06
2004-05-10,1170.5,10.4207,10.6269,2004-05-07
2004-05-11,1183.1,10.4109,10.4207,2004-05-10
2004-05-12,1188.4,10.5145,10.4109,2004-05-11
2004-05-13,1182.1,10.4638,10.5145,2004-05-12
2004-05-14,1184.1,10.3307,10.4638,2004-05-13
2004-05-17,1187.9,10.378800000000002,10.3307,2004-05-14
2004-05-18,1184.2,10.3424,10.378800000000002,2004-05-17
2004-05-19,1184.2,10.394100000000002,10.3424,2004-05-18
2004-05-20,1177.8,10.4207,10.394100000000002,2004-05-19
2004-05-21,1176.5,10.4369,10.4207,2004-05-20
2004-05-24,1177.1,10.4682,10.4369,2004-05-21
2004-05-25,1176.3,10.3955,10.4682,2004-05-24
2004-05-27,1178.0,10.5301,10.3955,2004-05-25
2004-05-28,1171.3,10.5594,10.5301,2004-05-27
2004-05-31,1165.7,10.5617,10.5594,2004-05-28
2004-06-01,1163.2,10.6253,10.5617,2004-05-31
2004-06-02,1161.6,10.5022,10.6253,2004-06-01
2004-06-03,1165.2,10.5913,10.5022,2004-06-02
2004-06-04,1162.6,10.4663,10.5913,2004-06-03
2004-06-07,1164.1,10.5077,10.4663,2004-06-04
2004-06-08,1159.0,10.5753,10.5077,2004-06-07
2004-06-09,1158.0,10.5753,10.5753,2004-06-08
2004-06-10,1154.7,10.4531,10.5753,2004-06-09
2004-06-11,1159.4,10.609000000000002,10.4531,2004-06-10
2004-06-14,1158.4,10.5066,10.609000000000002,2004-06-11
2004-06-15,1163.1,10.4713,10.5066,2004-06-14
2004-06-16,1163.5,10.6285,10.4713,2004-06-15
2004-06-17,1157.0,10.511500000000002,10.6285,2004-06-16
2004-06-18,1157.7,10.5581,10.511500000000002,2004-06-17
2004-06-21,1158.3,10.6535,10.5581,2004-06-18
2004-06-22,1156.4,10.6321,10.6535,2004-06-21
2004-06-23,1157.2,10.6048,10.6321,2004-06-22
2004-06-24,1160.2,10.7272,10.6048,2004-06-23
2004-06-25,1156.5,10.7802,10.7272,2004-06-24
2004-06-28,1151.0,10.7095,10.7802,2004-06-25
2004-06-29,1150.7,10.6546,10.7095,2004-06-28
2004-06-30,1152.5,10.6403,10.6546,2004-06-29
2004-07-01,1152.5,10.5943,10.6403,2004-06-30
2004-07-02,1153.5,10.6407,10.5943,2004-07-01
2004-07-05,1155.8,10.6599,10.6407,2004-07-02
2004-07-06,1152.8,10.5669,10.6599,2004-07-05
2004-07-07,1154.8,10.5524,10.5669,2004-07-06
2004-07-08,1153.8,10.6307,10.5524,2004-07-07
2004-07-09,1150.2,10.5654,10.6307,2004-07-08
2004-07-12,1150.7,10.6927,10.5654,2004-07-09
2004-07-13,1147.4,10.5927,10.6927,2004-07-12
2004-07-14,1149.7,10.5997,10.5927,2004-07-13
2004-07-15,1150.9,10.5408,10.5997,2004-07-14
2004-07-16,1158.7,10.5581,10.5408,2004-07-15
2004-07-19,1166.8,10.7282,10.5581,2004-07-16
2004-07-20,1158.2,10.6894,10.7282,2004-07-19
2004-07-21,1162.1,10.7027,10.6894,2004-07-20
2004-07-22,1159.0,10.5464,10.7027,2004-07-21
2004-07-23,1164.2,10.6174,10.5464,2004-07-22
2004-07-26,1164.6,10.5738,10.6174,2004-07-23
2004-07-27,1162.5,10.573900000000002,10.5738,2004-07-26
2004-07-28,1163.9,10.4979,10.573900000000002,2004-07-27
2004-07-29,1168.2,10.4504,10.4979,2004-07-28
2004-07-30,1168.3,10.4159,10.4504,2004-07-29
2004-08-02,1171.3,10.5366,10.4159,2004-07-30
2004-08-03,1166.4,10.5204,10.5366,2004-08-02
2004-08-04,1163.4,10.513800000000002,10.5204,2004-08-03
2004-08-05,1165.2,10.4959,10.513800000000002,2004-08-04
2004-08-06,1164.3,10.4211,10.4959,2004-08-05
2004-08-09,1165.9,10.5459,10.4211,2004-08-06
2004-08-10,1157.0,10.4559,10.5459,2004-08-09
2004-08-11,1155.7,10.3878,10.4559,2004-08-10
2004-08-12,1158.2,10.4488,10.3878,2004-08-11
2004-08-13,1158.8,10.4514,10.4488,2004-08-12
2004-08-16,1162.2,10.5067,10.4514,2004-08-13
2004-08-17,1157.6,10.4822,10.5067,2004-08-16
2004-08-18,1157.8,10.5278,10.4822,2004-08-17
2004-08-19,1157.7,10.5798,10.5278,2004-08-18
2004-08-20,1155.9,10.5692,10.5798,2004-08-19
2004-08-23,1154.6,10.5704,10.5692,2004-08-20
2004-08-24,1152.8,10.4929,10.5704,2004-08-23
2004-08-25,1154.7,10.5255,10.4929,2004-08-24
2004-08-26,1156.5,10.5093,10.5255,2004-08-25
2004-08-27,1155.8,10.5394,10.5093,2004-08-26
2004-08-30,1152.3,10.505999999999998,10.5394,2004-08-27
2004-08-31,1153.8,10.4848,10.505999999999998,2004-08-30
2004-09-01,1153.7,10.5834,10.4848,2004-08-31
2004-09-02,1151.2,10.5262,10.5834,2004-09-01
2004-09-03,1151.5,10.5193,10.5262,2004-09-02
2004-09-06,1148.8,10.395,10.5193,2004-09-03
2004-09-07,1152.8,10.4724,10.395,2004-09-06
2004-09-08,1152.1,10.5277,10.4724,2004-09-07
2004-09-09,1149.3,10.5223,10.5277,2004-09-08
2004-09-10,1146.7,10.4803,10.5223,2004-09-09
2004-09-13,1145.9,10.473,10.4803,2004-09-10
2004-09-14,1145.0,10.4058,10.473,2004-09-13
2004-09-15,1145.4,10.4531,10.4058,2004-09-14
2004-09-16,1144.4,10.4013,10.4531,2004-09-15
2004-09-17,1146.3,10.4532,10.4013,2004-09-16
2004-09-20,1145.4,10.4075,10.4532,2004-09-17
2004-09-21,1147.1,10.4324,10.4075,2004-09-20
2004-09-22,1145.9,10.4353,10.4324,2004-09-21
2004-09-23,1144.8,10.351300000000002,10.4353,2004-09-22
2004-09-24,1147.3,10.3617,10.351300000000002,2004-09-23
2004-09-30,1147.9,10.3345,10.3617,2004-09-24
2004-10-01,1152.7,10.470999999999998,10.3345,2004-09-30
2004-10-04,1148.0,10.3671,10.470999999999998,2004-10-01
2004-10-05,1149.8,10.367,10.3671,2004-10-04
2004-10-06,1148.2,10.3334,10.367,2004-10-05
2004-10-07,1150.5,10.3365,10.3334,2004-10-06
2004-10-08,1151.8,10.3593,10.3365,2004-10-07
2004-10-11,1149.9,10.4971,10.3593,2004-10-08
2004-10-12,1146.0,10.4777,10.4971,2004-10-11
2004-10-13,1147.6,10.4713,10.4777,2004-10-12
2004-10-14,1146.2,10.4452,10.4713,2004-10-13
2004-10-15,1147.5,10.4704,10.4452,2004-10-14
2004-10-18,1145.4,10.4828,10.4704,2004-10-15
2004-10-19,1143.9,10.4585,10.4828,2004-10-18
2004-10-20,1144.7,10.560899999999998,10.4585,2004-10-19
2004-10-21,1142.7,10.5478,10.560899999999998,2004-10-20
2004-10-22,1141.9,10.6238,10.5478,2004-10-21
2004-10-25,1141.1,10.652,10.6238,2004-10-22
2004-10-26,1136.0,10.6497,10.652,2004-10-25
2004-10-27,1134.3,10.6317,10.6497,2004-10-26
2004-10-28,1130.7,10.602,10.6317,2004-10-27
2004-10-29,1126.0,10.5922,10.602,2004-10-28
2004-11-01,1122.3,10.6118,10.5922,2004-10-29
2004-11-02,1117.4,10.4876,10.6118,2004-11-01
2004-11-03,1117.6,10.533,10.4876,2004-11-02
2004-11-04,1116.7,10.5255,10.533,2004-11-03
2004-11-05,1114.6,10.5096,10.5255,2004-11-04
2004-11-08,1110.9,10.5418,10.5096,2004-11-05
2004-11-09,1105.9,10.479,10.5418,2004-11-08
2004-11-10,1104.4,10.4494,10.479,2004-11-09
2004-11-11,1109.0,10.363,10.4494,2004-11-10
2004-11-12,1112.4,10.4495,10.363,2004-11-11
2004-11-15,1108.0,10.4979,10.4495,2004-11-12
2004-11-16,1096.9,10.4125,10.4979,2004-11-15
2004-11-17,1093.1,10.3784,10.4125,2004-11-16
2004-11-18,1088.2,10.4559,10.3784,2004-11-17
2004-11-19,1069.5,10.255999999999998,10.4559,2004-11-18
2004-11-22,1068.6,10.3531,10.255999999999998,2004-11-19
2004-11-23,1063.7,10.3127,10.3531,2004-11-22
2004-11-24,1064.5,10.2975,10.3127,2004-11-23
2004-11-25,1065.4,10.3542,10.2975,2004-11-24
2004-11-26,1060.3,10.3494,10.3542,2004-11-25
2004-11-29,1048.9,10.2167,10.3494,2004-11-26
2004-11-30,1047.9,10.1832,10.2167,2004-11-29
2004-12-01,1048.1,10.1817,10.1832,2004-11-30
2004-12-02,1047.1,10.2022,10.1817,2004-12-01
2004-12-03,1042.1,10.1062,10.2022,2004-12-02
2004-12-06,1044.9,10.2436,10.1062,2004-12-03
2004-12-07,1038.3,10.0508,10.2436,2004-12-06
2004-12-08,1042.1,10.1337,10.0508,2004-12-07
2004-12-09,1052.2,10.1295,10.1337,2004-12-08
2004-12-10,1056.8,10.0999,10.1295,2004-12-09
2004-12-13,1062.8,10.0696,10.0999,2004-12-10
2004-12-14,1061.1,10.1385,10.0696,2004-12-13
2004-12-15,1056.1,10.0095,10.1385,2004-12-14
2004-12-16,1060.7,10.1687,10.0095,2004-12-15
2004-12-17,1055.6,10.0884,10.1687,2004-12-16
2004-12-20,1058.8,10.1661,10.0884,2004-12-17
2004-12-21,1058.1,10.1613,10.1661,2004-12-20
2004-12-22,1055.4,10.1058,10.1613,2004-12-21
2004-12-23,1056.5,10.1353,10.1058,2004-12-22
2004-12-24,1051.0,10.1423,10.1353,2004-12-23
2004-12-27,1046.2,10.0834,10.1423,2004-12-24
2004-12-28,1047.7,10.1684,10.0834,2004-12-27
2004-12-29,1042.4,10.113,10.1684,2004-12-28
2004-12-30,1043.2,10.0491,10.113,2004-12-29
2004-12-31,1043.8,10.1207,10.0491,2004-12-30
2005-01-03,1035.6,10.0901,10.1207,2004-12-31
2005-01-04,1037.1,10.0797,10.0901,2005-01-03
2005-01-05,1038.8,9.9521,10.0797,2005-01-04
2005-01-06,1047.3,10.0639,9.9521,2005-01-05
2005-01-07,1048.0,9.9909,10.0639,2005-01-06
2005-01-10,1052.9,10.0444,9.9909,2005-01-07
2005-01-11,1053.2,10.108,10.0444,2005-01-10
2005-01-12,1045.2,10.1078,10.108,2005-01-11
2005-01-13,1041.2,10.1635,10.1078,2005-01-12
2005-01-14,1036.5,10.1176,10.1635,2005-01-13
2005-01-17,1038.3,10.1769,10.1176,2005-01-14
2005-01-18,1035.8,10.1226,10.1769,2005-01-17
2005-01-19,1036.9,10.1433,10.1226,2005-01-18
2005-01-20,1033.4,10.0442,10.1433,2005-01-19
2005-01-21,1032.1,9.9763,10.0442,2005-01-20
2005-01-24,1037.5,10.0939,9.9763,2005-01-21
2005-01-25,1033.8,10.0755,10.0939,2005-01-24
2005-01-26,1031.4,9.9211,10.0755,2005-01-25
2005-01-27,1033.4,10.0208,9.9211,2005-01-26
2005-01-28,1028.1,10.0015,10.0208,2005-01-27
2005-01-31,1026.4,9.9006,10.0015,2005-01-28
2005-02-01,1026.4,9.9049,9.9006,2005-01-31
2005-02-02,1027.5,9.9089,9.9049,2005-02-01
2005-02-03,1027.1,9.9012,9.9089,2005-02-02
2005-02-04,1027.9,9.8373,9.9012,2005-02-03
2005-02-07,1026.7,9.8145,9.8373,2005-02-04
2005-02-11,1026.5,9.6991,9.8145,2005-02-07
2005-02-14,1035.2,9.8128,9.6991,2005-02-11
2005-02-15,1026.7,9.7725,9.8128,2005-02-14
2005-02-16,1026.7,9.8235,9.7725,2005-02-15
2005-02-17,1025.9,9.7315,9.8235,2005-02-16
2005-02-18,1025.8,9.7232,9.7315,2005-02-17
2005-02-21,1025.2,9.6914,9.7232,2005-02-18
2005-02-22,1023.9,9.7103,9.6914,2005-02-21
2005-02-23,1015.3,9.7498,9.7103,2005-02-22
2005-02-24,1002.2,9.5443,9.7498,2005-02-23
2005-02-25,1004.2,9.5225,9.5443,2005-02-24
2005-02-28,1008.1,9.5759,9.5225,2005-02-25
2005-03-02,1004.8,9.625,9.5759,2005-02-28
2005-03-03,1006.8,9.6092,9.625,2005-03-02
2005-03-04,1006.7,9.5562,9.6092,2005-03-03
2005-03-07,1007.8,9.6233,9.5562,2005-03-04
2005-03-08,1004.7,9.5581,9.6233,2005-03-07
2005-03-09,1004.3,9.6009,9.5581,2005-03-08
2005-03-10,1002.1,9.6351,9.6009,2005-03-09
2005-03-11,998.4,9.5995,9.6351,2005-03-10
2005-03-14,1000.7,9.6337,9.5995,2005-03-11
2005-03-15,999.9,9.5269,9.6337,2005-03-14
2005-03-16,1003.2,9.5959,9.5269,2005-03-15
2005-03-17,1003.7,9.6311,9.5959,2005-03-16
2005-03-18,1002.6,9.592,9.6311,2005-03-17
2005-03-21,1002.9,9.5719,9.592,2005-03-18
2005-03-22,1007.4,9.572,9.5719,2005-03-21
2005-03-23,1012.2,9.587,9.572,2005-03-22
2005-03-24,1011.5,9.5447,9.587,2005-03-23
2005-03-25,1012.4,9.5119,9.5447,2005-03-24
2005-03-28,1013.1,9.5163,9.5119,2005-03-25
2005-03-29,1016.3,9.4729,9.5163,2005-03-28
2005-03-30,1019.0,9.4813,9.4729,2005-03-29
2005-03-31,1024.3,9.5253,9.4813,2005-03-30
2005-04-01,1017.6,9.4956,9.5253,2005-03-31
2005-04-04,1013.1,9.4115,9.4956,2005-04-01
2005-04-06,1011.1,9.3348,9.4115,2005-04-04
2005-04-07,1014.7,9.3362,9.3348,2005-04-06
2005-04-08,1014.1,9.3409,9.3362,2005-04-07
2005-04-11,1014.0,9.3495,9.3409,2005-04-08
2005-04-12,1014.3,9.4126,9.3495,2005-04-11
2005-04-13,1012.0,9.3899,9.4126,2005-04-12
2005-04-14,1012.5,9.434,9.3899,2005-04-13
2005-04-15,1013.0,9.3653,9.434,2005-04-14
2005-04-18,1022.2,9.5031,9.3653,2005-04-15
2005-04-19,1021.5,9.5085,9.5031,2005-04-18
2005-04-20,1014.5,9.4928,9.5085,2005-04-19
2005-04-21,1009.4,9.442,9.4928,2005-04-20
2005-04-22,1006.8,9.423,9.442,2005-04-21
2005-04-25,1005.3,9.5113,9.423,2005-04-22
2005-04-26,999.5,9.4538,9.5113,2005-04-25
2005-04-27,998.2,9.4046,9.4538,2005-04-26
2005-04-28,1002.4,9.4606,9.4046,2005-04-27
2005-04-29,1002.5,9.4473,9.4606,2005-04-28
2005-05-02,1001.8,9.5187,9.4473,2005-04-29
2005-05-03,999.8,9.5133,9.5187,2005-05-02
2005-05-04,1001.9,9.5446,9.5133,2005-05-03
2005-05-06,999.6,9.5587,9.5446,2005-05-04
2005-05-09,999.6,9.4951,9.5587,2005-05-06
2005-05-10,1001.6,9.4736,9.4951,2005-05-09
2005-05-11,1000.6,9.4907,9.4736,2005-05-10
2005-05-12,999.4,9.4466,9.4907,2005-05-11
2005-05-13,1000.2,9.363,9.4466,2005-05-12
2005-05-16,1001.2,9.3243,9.363,2005-05-13
2005-05-17,1007.1,9.424,9.3243,2005-05-16
2005-05-18,1005.5,9.3583,9.424,2005-05-17
2005-05-19,1006.5,9.4017,9.3583,2005-05-18
2005-05-20,1002.7,9.3157,9.4017,2005-05-19
2005-05-23,1005.2,9.2898,9.3157,2005-05-20
2005-05-24,1006.9,9.3413,9.2898,2005-05-23
2005-05-25,1002.1,9.3128,9.3413,2005-05-24
2005-05-26,1000.3,9.2848,9.3128,2005-05-25
2005-05-27,1001.3,9.2696,9.2848,2005-05-26
2005-05-30,1000.7,9.2589,9.2696,2005-05-27
2005-05-31,1002.5,9.2837,9.2589,2005-05-30
2005-06-01,1005.5,9.278,9.2837,2005-05-31
2005-06-02,1011.2,9.3061,9.278,2005-06-01
2005-06-03,1013.7,9.3657,9.3061,2005-06-02
2005-06-07,1009.7,9.4395,9.3657,2005-06-03
2005-06-08,1004.5,9.4253,9.4395,2005-06-07
2005-06-09,1005.7,9.3767,9.4253,2005-06-08
2005-06-10,1005.2,9.3446,9.3767,2005-06-09
2005-06-13,1005.7,9.2606,9.3446,2005-06-10
2005-06-14,1009.4,9.2166,9.2606,2005-06-13
2005-06-15,1015.4,9.2786,9.2166,2005-06-14
2005-06-16,1014.6,9.2929,9.2786,2005-06-15
2005-06-17,1012.1,9.2862,9.2929,2005-06-16
2005-06-20,1010.9,9.285,9.2862,2005-06-17
2005-06-21,1008.1,9.2178,9.285,2005-06-20
2005-06-22,1011.4,9.3285,9.2178,2005-06-21
2005-06-23,1009.3,9.2822,9.3285,2005-06-22
2005-06-24,1010.1,9.2657,9.2822,2005-06-23
2005-06-27,1012.4,9.2715,9.2657,2005-06-24
2005-06-28,1013.1,9.2652,9.2715,2005-06-27
2005-06-29,1015.9,9.2502,9.2652,2005-06-28
2005-06-30,1024.4,9.2727,9.2502,2005-06-29
2005-07-01,1028.8,9.2848,9.2727,2005-06-30
2005-07-04,1030.3,9.2222,9.2848,2005-07-01
2005-07-05,1040.0,9.319,9.2222,2005-07-04
2005-07-06,1045.0,9.3592,9.319,2005-07-05
2005-07-07,1050.4,9.3564,9.3592,2005-07-06
2005-07-08,1052.5,9.3944,9.3564,2005-07-07
2005-07-11,1053.8,9.4018,9.3944,2005-07-08
2005-07-12,1045.6,9.3595,9.4018,2005-07-11
2005-07-13,1039.9,9.3723,9.3595,2005-07-12
2005-07-14,1037.7,9.259,9.3723,2005-07-13
2005-07-15,1037.5,9.2345,9.259,2005-07-14
2005-07-18,1037.7,9.247,9.2345,2005-07-15
2005-07-19,1037.8,9.2723,9.247,2005-07-18
2005-07-20,1038.2,9.1978,9.2723,2005-07-19
2005-07-21,1042.4,9.2411,9.1978,2005-07-20
2005-07-22,1036.6,9.3857,9.2411,2005-07-21
2005-07-25,1022.8,9.1669,9.3857,2005-07-22
2005-07-26,1023.7,9.1684,9.1669,2005-07-25
2005-07-27,1026.1,9.1213,9.1684,2005-07-26
2005-07-28,1031.2,9.1928,9.1213,2005-07-27
2005-07-29,1028.3,9.1579,9.1928,2005-07-28
2005-08-01,1025.7,9.0959,9.1579,2005-07-29
2005-08-02,1026.7,9.1523,9.0959,2005-08-01
2005-08-03,1021.5,9.1692,9.1523,2005-08-02
2005-08-04,1018.1,9.1618,9.1692,2005-08-03
2005-08-05,1011.9,9.0912,9.1618,2005-08-04
2005-08-08,1013.9,9.0273,9.0912,2005-08-05
2005-08-09,1017.8,9.0903,9.0273,2005-08-08
2005-08-10,1014.6,9.0747,9.0903,2005-08-09
2005-08-11,1014.9,9.1751,9.0747,2005-08-10
2005-08-12,1014.4,9.2407,9.1751,2005-08-11
2005-08-16,1014.2,9.2727,9.2407,2005-08-12
2005-08-17,1016.4,9.2725,9.2727,2005-08-16
2005-08-18,1019.2,9.2735,9.2725,2005-08-17
2005-08-19,1018.6,9.2168,9.2735,2005-08-18
2005-08-22,1022.7,9.2565,9.2168,2005-08-19
2005-08-23,1025.4,9.3477,9.2565,2005-08-22
2005-08-24,1026.1,9.3354,9.3477,2005-08-23
2005-08-25,1027.7,9.3118,9.3354,2005-08-24
2005-08-26,1026.6,9.312,9.3118,2005-08-25
2005-08-29,1028.4,9.3529,9.312,2005-08-26
2005-08-30,1030.0,9.3128,9.3529,2005-08-29
2005-08-31,1031.0,9.2562,9.3128,2005-08-30
2005-09-01,1037.6,9.376,9.2562,2005-08-31
2005-09-02,1035.7,9.4266,9.376,2005-09-01
2005-09-05,1029.4,9.3804,9.4266,2005-09-02
2005-09-06,1024.4,9.3642,9.3804,2005-09-05
2005-09-07,1024.3,9.3454,9.3642,2005-09-06
2005-09-08,1024.4,9.3038,9.3454,2005-09-07
2005-09-09,1025.7,9.2819,9.3038,2005-09-08
2005-09-12,1027.3,9.4079,9.2819,2005-09-09
2005-09-13,1024.4,9.2912,9.4079,2005-09-12
2005-09-14,1026.7,9.2692,9.2912,2005-09-13
2005-09-15,1024.6,9.2779,9.2692,2005-09-14
2005-09-16,1024.9,9.2638,9.2779,2005-09-15
2005-09-20,1026.3,9.209,9.2638,2005-09-16
2005-09-21,1028.8,9.1894,9.209,2005-09-20
2005-09-22,1030.4,9.2574,9.1894,2005-09-21
2005-09-23,1027.2,9.2031,9.2574,2005-09-22
2005-09-26,1028.9,9.1613,9.2031,2005-09-23
2005-09-27,1035.2,9.2137,9.1613,2005-09-26
2005-09-28,1034.3,9.1228,9.2137,2005-09-27
2005-09-29,1037.5,9.19,9.1228,2005-09-28
2005-09-30,1038.0,9.1587,9.19,2005-09-29
2005-10-04,1040.7,9.105,9.1587,2005-09-30
2005-10-05,1043.4,9.125,9.105,2005-10-04
2005-10-06,1041.0,9.1232,9.125,2005-10-05
2005-10-07,1039.7,9.1745,9.1232,2005-10-06
2005-10-10,1037.3,9.1163,9.1745,2005-10-07
2005-10-11,1038.4,9.0908,9.1163,2005-10-10
2005-10-12,1040.5,9.079,9.0908,2005-10-11
2005-10-13,1043.6,9.1236,9.079,2005-10-12
2005-10-14,1046.4,9.1369,9.1236,2005-10-13
2005-10-17,1046.7,9.1547,9.1369,2005-10-14
2005-10-18,1044.6,9.0744,9.1547,2005-10-17
2005-10-19,1051.0,9.0733,9.0744,2005-10-18
2005-10-20,1052.6,9.1205,9.0733,2005-10-19
2005-10-21,1054.6,9.141,9.1205,2005-10-20
2005-10-24,1054.9,9.1053,9.141,2005-10-21
2005-10-25,1060.3,9.1741,9.1053,2005-10-24
2005-10-26,1054.5,9.1556,9.1741,2005-10-25
2005-10-27,1047.0,9.0325,9.1556,2005-10-26
2005-10-28,1045.1,9.0606,9.0325,2005-10-27
2005-10-31,1042.7,9.0039,9.0606,2005-10-28
2005-11-01,1042.8,8.9415,9.0039,2005-10-31
2005-11-02,1042.8,8.9323,8.9415,2005-11-01
2005-11-03,1042.5,8.9225,8.9323,2005-11-02
2005-11-04,1042.3,8.885399999999999,8.9225,2005-11-03
2005-11-07,1047.8,8.856,8.885399999999999,2005-11-04
2005-11-08,1050.1,8.926,8.856,2005-11-07
2005-11-09,1048.0,8.929400000000001,8.926,2005-11-08
2005-11-10,1046.4,8.8946,8.929400000000001,2005-11-09
2005-11-11,1046.6,8.8616,8.8946,2005-11-10
2005-11-14,1043.3,8.8385,8.8616,2005-11-11
2005-11-15,1041.1,8.7638,8.8385,2005-11-14
2005-11-16,1035.5,8.711599999999999,8.7638,2005-11-15
2005-11-17,1036.0,8.6873,8.711599999999999,2005-11-16
2005-11-18,1035.0,8.7147,8.6873,2005-11-17
2005-11-21,1035.6,8.6912,8.7147,2005-11-18
2005-11-22,1038.5,8.7199,8.6912,2005-11-21
2005-11-23,1043.5,8.781799999999999,8.7199,2005-11-22
2005-11-24,1038.0,8.7407,8.781799999999999,2005-11-23
2005-11-25,1037.4,8.7209,8.7407,2005-11-24
2005-11-28,1041.1,8.6965,8.7209,2005-11-25
2005-11-29,1040.8,8.7503,8.6965,2005-11-28
2005-11-30,1036.3,8.653500000000001,8.7503,2005-11-29
2005-12-01,1035.5,8.6432,8.653500000000001,2005-11-30
2005-12-02,1034.1,8.5817,8.6432,2005-12-01
2005-12-05,1038.2,8.5635,8.5817,2005-12-02
2005-12-06,1037.9,8.5816,8.5635,2005-12-05
2005-12-07,1034.7,8.568200000000001,8.5816,2005-12-06
2005-12-08,1034.8,8.5496,8.568200000000001,2005-12-07
2005-12-09,1034.3,8.590499999999999,8.5496,2005-12-08
2005-12-12,1034.1,8.5558,8.590499999999999,2005-12-09
2005-12-13,1033.9,8.6281,8.5558,2005-12-12
2005-12-14,1029.5,8.5788,8.6281,2005-12-13
2005-12-15,1019.8,8.6714,8.5788,2005-12-14
2005-12-16,1013.9,8.711599999999999,8.6714,2005-12-15
2005-12-19,1016.3,8.7957,8.711599999999999,2005-12-16
2005-12-20,1016.2,8.749,8.7957,2005-12-19
2005-12-21,1016.9,8.6685,8.749,2005-12-20
2005-12-22,1018.6,8.6752,8.6685,2005-12-21
2005-12-23,1018.1,8.7256,8.6752,2005-12-22
2005-12-26,1014.8,8.7133,8.7256,2005-12-23
2005-12-27,1012.2,8.691799999999999,8.7133,2005-12-26
2005-12-28,1011.9,8.618500000000001,8.691799999999999,2005-12-27
2005-12-29,1012.7,8.5957,8.618500000000001,2005-12-28
2005-12-30,1013.0,8.599,8.5957,2005-12-29
2006-01-02,1013.0,8.6004,8.599,2005-12-30
2006-01-03,1008.9,8.5634,8.6004,2006-01-02
2006-01-04,1005.6,8.6485,8.5634,2006-01-03
2006-01-05,999.4,8.5951,8.6485,2006-01-04
2006-01-06,994.4,8.5684,8.5951,2006-01-05
2006-01-09,992.5,8.667,8.5684,2006-01-06
2006-01-10,978.4,8.5457,8.667,2006-01-09
2006-01-11,981.7,8.576,8.5457,2006-01-10
2006-01-12,984.4,8.6173,8.576,2006-01-11
2006-01-13,976.3,8.5173,8.6173,2006-01-12
2006-01-16,982.7,8.6138,8.5173,2006-01-13
2006-01-17,982.8,8.5327,8.6138,2006-01-16
2006-01-18,988.2,8.562100000000001,8.5327,2006-01-17
2006-01-19,992.0,8.607000000000001,8.562100000000001,2006-01-18
2006-01-20,986.1,8.5395,8.607000000000001,2006-01-19
2006-01-23,986.8,8.5723,8.5395,2006-01-20
2006-01-24,980.9,8.5687,8.5723,2006-01-23
2006-01-25,977.5,8.5085,8.5687,2006-01-24
2006-01-26,977.2,8.439400000000001,8.5085,2006-01-25
2006-01-27,967.8,8.3155,8.439400000000001,2006-01-26
2006-01-31,971.0,8.249400000000001,8.3155,2006-01-27
2006-02-01,968.6,8.255700000000001,8.249400000000001,2006-01-31
2006-02-02,961.1,8.1404,8.255700000000001,2006-02-01
2006-02-03,969.7,8.18,8.1404,2006-02-02
2006-02-06,970.6,8.1693,8.18,2006-02-03
2006-02-07,966.5,8.1195,8.1693,2006-02-06
2006-02-08,967.8,8.224,8.1195,2006-02-07
2006-02-09,970.0,8.1825,8.224,2006-02-08
2006-02-10,971.2,8.1775,8.1825,2006-02-09
2006-02-13,970.6,8.238999999999999,8.1775,2006-02-10
2006-02-14,974.5,8.2834,8.238999999999999,2006-02-13
2006-02-15,973.9,8.2832,8.2834,2006-02-14
2006-02-16,973.6,8.2613,8.2832,2006-02-15
2006-02-17,976.4,8.2978,8.2613,2006-02-16
2006-02-20,974.1,8.2394,8.2978,2006-02-17
2006-02-21,968.0,8.1795,8.2394,2006-02-20
2006-02-22,968.2,8.1474,8.1795,2006-02-21
2006-02-23,973.3,8.218,8.1474,2006-02-22
2006-02-24,972.6,8.3071,8.218,2006-02-23
2006-02-27,964.7,8.238999999999999,8.3071,2006-02-24
2006-02-28,969.0,8.338,8.238999999999999,2006-02-27
2006-03-02,970.6,8.3665,8.338,2006-02-28
2006-03-03,969.8,8.3665,8.3665,2006-03-02
2006-03-06,969.0,8.3301,8.3665,2006-03-03
2006-03-07,973.3,8.2757,8.3301,2006-03-06
2006-03-08,976.7,8.2943,8.2757,2006-03-07
2006-03-09,980.2,8.3223,8.2943,2006-03-08
2006-03-10,981.2,8.2998,8.3223,2006-03-09
2006-03-13,982.6,8.2617,8.2998,2006-03-10
2006-03-14,981.6,8.2745,8.2617,2006-03-13
2006-03-15,977.5,8.313099999999999,8.2745,2006-03-14
2006-03-16,974.7,8.2985,8.313099999999999,2006-03-15
2006-03-17,974.4,8.3314,8.2985,2006-03-16
2006-03-20,971.9,8.374500000000001,8.3314,2006-03-17
2006-03-21,969.1,8.3288,8.374500000000001,2006-03-20
2006-03-22,967.3,8.2615,8.3288,2006-03-21
2006-03-23,971.5,8.303099999999999,8.2615,2006-03-22
2006-03-24,973.7,8.2597,8.303099999999999,2006-03-23
2006-03-27,980.8,8.3416,8.2597,2006-03-24
2006-03-28,976.3,8.3709,8.3416,2006-03-27
2006-03-29,975.8,8.2786,8.3709,2006-03-28
2006-03-30,978.1,8.3062,8.2786,2006-03-29
2006-03-31,975.9,8.3172,8.3062,2006-03-30
2006-04-03,975.0,8.2792,8.3172,2006-03-31
2006-04-04,970.7,8.2476,8.2792,2006-04-03
2006-04-05,966.1,8.222100000000001,8.2476,2006-04-04
2006-04-06,959.5,8.1642,8.222100000000001,2006-04-05
2006-04-07,954.9,8.1023,8.1642,2006-04-06
2006-04-10,952.4,8.0596,8.1023,2006-04-07
2006-04-11,952.9,8.0434,8.0596,2006-04-10
2006-04-12,954.1,8.077,8.0434,2006-04-11
2006-04-13,955.6,8.0692,8.077,2006-04-12
2006-04-14,960.4,8.0934,8.0692,2006-04-13
2006-04-17,961.4,8.1144,8.0934,2006-04-14
2006-04-18,955.3,8.1078,8.1144,2006-04-17
2006-04-19,953.0,8.1463,8.1078,2006-04-18
2006-04-20,947.3,8.07,8.1463,2006-04-19
2006-04-21,947.5,8.0683,8.07,2006-04-20
2006-04-24,947.2,8.1754,8.0683,2006-04-21
2006-04-25,940.5,8.2014,8.1754,2006-04-24
2006-04-26,941.8,8.1935,8.2014,2006-04-25
2006-04-27,947.4,8.249400000000001,8.1935,2006-04-26
2006-04-28,945.7,8.2829,8.249400000000001,2006-04-27
2006-05-02,944.1,8.3056,8.2829,2006-04-28
2006-05-03,941.9,8.3108,8.3056,2006-05-02
2006-05-04,935.8,8.2214,8.3108,2006-05-03
2006-05-08,939.1,8.377699999999999,8.2214,2006-05-04
2006-05-09,930.7,8.328,8.377699999999999,2006-05-08
2006-05-10,933.1,8.4059,8.328,2006-05-09
2006-05-11,931.7,8.4047,8.4059,2006-05-10
2006-05-12,934.5,8.467,8.4047,2006-05-11
2006-05-15,933.7,8.5195,8.467,2006-05-12
2006-05-16,940.2,8.5063,8.5195,2006-05-15
2006-05-17,946.7,8.6271,8.5063,2006-05-16
2006-05-18,937.6,8.455599999999999,8.6271,2006-05-17
2006-05-19,944.5,8.5255,8.455599999999999,2006-05-18
2006-05-22,944.8,8.4527,8.5255,2006-05-19
2006-05-23,950.1,8.5153,8.4527,2006-05-22
2006-05-24,947.2,8.4387,8.5153,2006-05-23
2006-05-25,949.4,8.4148,8.4387,2006-05-24
2006-05-26,949.2,8.490499999999999,8.4148,2006-05-25
2006-05-29,946.3,8.4127,8.490499999999999,2006-05-26
2006-05-30,947.4,8.4221,8.4127,2006-05-29
2006-06-01,947.6,8.4141,8.4221,2006-05-30
2006-06-02,947.4,8.4168,8.4141,2006-06-01
2006-06-05,946.8,8.478200000000001,8.4168,2006-06-02
2006-06-07,943.8,8.3389,8.478200000000001,2006-06-05
2006-06-08,947.7,8.357899999999999,8.3389,2006-06-07
2006-06-09,951.1,8.350299999999999,8.357899999999999,2006-06-08
2006-06-12,954.1,8.3539,8.350299999999999,2006-06-09
2006-06-13,956.6,8.3612,8.3539,2006-06-12
2006-06-14,960.9,8.3354,8.3612,2006-06-13
2006-06-15,962.1,8.3734,8.3354,2006-06-14
2006-06-16,959.4,8.3582,8.3734,2006-06-15
2006-06-19,955.2,8.2823,8.3582,2006-06-16
2006-06-20,961.7,8.33,8.2823,2006-06-19
2006-06-21,960.9,8.3666,8.33,2006-06-20
2006-06-22,954.6,8.3161,8.3666,2006-06-21
2006-06-23,954.3,8.2143,8.3161,2006-06-22
2006-06-26,958.7,8.2331,8.2143,2006-06-23
2006-06-27,958.8,8.253400000000001,8.2331,2006-06-26
2006-06-28,958.1,8.2311,8.253400000000001,2006-06-27
2006-06-29,958.3,8.2296,8.2311,2006-06-28
2006-06-30,960.3,8.3403,8.2296,2006-06-29
2006-07-03,952.6,8.3338,8.3403,2006-06-30
2006-07-04,944.7,8.2323,8.3338,2006-07-03
2006-07-05,942.2,8.180900000000001,8.2323,2006-07-04
2006-07-06,945.9,8.1854,8.180900000000001,2006-07-05
2006-07-07,949.7,8.2432,8.1854,2006-07-06
2006-07-10,946.3,8.3074,8.2432,2006-07-07
2006-07-11,942.5,8.2415,8.3074,2006-07-10
2006-07-12,945.0,8.2637,8.2415,2006-07-11
2006-07-13,948.8,8.2233,8.2637,2006-07-12
2006-07-14,950.1,8.2363,8.2233,2006-07-13
2006-07-18,952.9,8.1406,8.2363,2006-07-14
2006-07-19,957.4,8.1599,8.1406,2006-07-18
2006-07-20,958.4,8.2034,8.1599,2006-07-19
2006-07-21,951.3,8.132200000000001,8.2034,2006-07-20
2006-07-24,952.7,8.1967,8.132200000000001,2006-07-21
2006-07-25,951.2,8.145900000000001,8.1967,2006-07-24
2006-07-26,952.4,8.1291,8.145900000000001,2006-07-25
2006-07-27,953.9,8.1971,8.1291,2006-07-26
2006-07-28,951.9,8.2227,8.1971,2006-07-27
2006-07-31,953.1,8.3023,8.2227,2006-07-28
2006-08-01,954.5,8.3301,8.3023,2006-07-31
2006-08-02,956.4,8.3514,8.3301,2006-08-01
2006-08-03,959.4,8.3743,8.3514,2006-08-02
2006-08-04,966.3,8.3902,8.3743,2006-08-03
2006-08-07,964.4,8.4467,8.3902,2006-08-04
2006-08-08,961.5,8.3529,8.4467,2006-08-07
2006-08-09,963.9,8.3368,8.3529,2006-08-08
2006-08-10,963.7,8.3495,8.3368,2006-08-09
2006-08-11,958.0,8.3153,8.3495,2006-08-10
2006-08-14,959.2,8.2487,8.3153,2006-08-11
2006-08-16,965.2,8.322799999999999,8.2487,2006-08-14
2006-08-17,964.8,8.3287,8.322799999999999,2006-08-16
2006-08-18,961.7,8.293,8.3287,2006-08-17
2006-08-21,961.7,8.3095,8.293,2006-08-18
2006-08-22,957.2,8.254199999999999,8.3095,2006-08-21
2006-08-23,956.9,8.2176,8.254199999999999,2006-08-22
2006-08-24,956.6,8.222100000000001,8.2176,2006-08-23
2006-08-25,958.2,8.2277,8.222100000000001,2006-08-24
2006-08-28,960.7,8.1922,8.2277,2006-08-25
2006-08-29,964.2,8.2284,8.1922,2006-08-28
2006-08-30,961.7,8.2404,8.2284,2006-08-29
2006-08-31,959.6,8.2028,8.2404,2006-08-30
2006-09-01,961.5,8.191,8.2028,2006-08-31
2006-09-04,961.1,8.2156,8.191,2006-09-01
2006-09-05,958.3,8.2509,8.2156,2006-09-04
2006-09-06,956.2,8.2339,8.2509,2006-09-05
2006-09-07,956.9,8.2074,8.2339,2006-09-06
2006-09-08,956.8,8.216000000000001,8.2074,2006-09-07
2006-09-11,955.2,8.169,8.216000000000001,2006-09-08
2006-09-12,957.0,8.1395,8.169,2006-09-11
2006-09-13,959.1,8.142100000000001,8.1395,2006-09-12
2006-09-14,959.8,8.1675,8.142100000000001,2006-09-13
2006-09-15,956.4,8.132,8.1675,2006-09-14
2006-09-18,956.8,8.1198,8.132,2006-09-15
2006-09-19,958.0,8.129,8.1198,2006-09-18
2006-09-20,954.3,8.1158,8.129,2006-09-19
2006-09-21,952.1,8.1061,8.1158,2006-09-20
2006-09-22,945.7,8.1319,8.1061,2006-09-21
2006-09-25,944.2,8.1023,8.1319,2006-09-22
2006-09-26,944.8,8.1081,8.1023,2006-09-25
2006-09-27,943.4,8.0595,8.1081,2006-09-26
2006-09-28,944.4,8.0392,8.0595,2006-09-27
2006-09-29,945.2,8.0221,8.0392,2006-09-28
2006-10-02,944.8,8.0017,8.0221,2006-09-29
2006-10-04,947.4,8.022,8.0017,2006-10-02
2006-10-09,948.2,7.9704,8.022,2006-10-04
2006-10-10,958.8,8.05,7.9704,2006-10-09
2006-10-11,960.0,8.0197,8.05,2006-10-10
2006-10-12,961.2,8.025,8.0197,2006-10-11
2006-10-13,959.2,8.0392,8.025,2006-10-12
2006-10-16,954.5,7.9698,8.0392,2006-10-13
2006-10-17,955.8,8.0299,7.9698,2006-10-16
2006-10-18,954.5,8.0474,8.0299,2006-10-17
2006-10-19,954.2,8.020800000000001,8.0474,2006-10-18
2006-10-20,956.9,8.0922,8.020800000000001,2006-10-19
2006-10-23,957.6,8.0732,8.0922,2006-10-20
2006-10-24,958.7,8.033999999999999,8.0732,2006-10-23
2006-10-25,959.5,8.038400000000001,8.033999999999999,2006-10-24
2006-10-26,956.0,8.038,8.038400000000001,2006-10-25
2006-10-27,951.6,8.0361,8.038,2006-10-26
2006-10-30,947.2,8.0561,8.0361,2006-10-27
2006-10-31,944.2,8.0347,8.0561,2006-10-30
2006-11-01,944.3,8.082,8.0347,2006-10-31
2006-11-02,939.0,8.0137,8.082,2006-11-01
2006-11-03,938.9,8.0111,8.0137,2006-11-02
2006-11-06,937.9,7.9486,8.0111,2006-11-03
2006-11-07,941.2,7.9614,7.9486,2006-11-06
2006-11-08,940.7,7.9968,7.9614,2006-11-07
2006-11-09,935.8,7.9409,7.9968,2006-11-08
2006-11-10,936.7,7.9513,7.9409,2006-11-09
2006-11-13,935.4,7.9578,7.9513,2006-11-10
2006-11-14,933.2,7.9024,7.9578,2006-11-13
2006-11-15,937.5,7.9743,7.9024,2006-11-14
2006-11-16,939.7,7.9673,7.9743,2006-11-15
2006-11-17,939.8,7.9486,7.9673,2006-11-16
2006-11-20,938.7,7.9649,7.9486,2006-11-17
2006-11-21,934.9,7.9172,7.9649,2006-11-20
2006-11-22,936.2,7.9426,7.9172,2006-11-21
2006-11-23,934.0,8.0038,7.9426,2006-11-22
2006-11-24,930.2,8.0014,8.0038,2006-11-23
2006-11-27,932.0,8.0738,8.0014,2006-11-24
2006-11-28,929.8,8.0083,8.0738,2006-11-27
2006-11-29,931.1,8.0091,8.0083,2006-11-28
2006-11-30,929.9,7.9899,8.0091,2006-11-29
2006-12-01,930.6,8.0429,7.9899,2006-11-30
2006-12-04,928.2,8.0597,8.0429,2006-12-01
2006-12-05,927.5,8.0411,8.0597,2006-12-04
2006-12-06,926.6,8.0612,8.0411,2006-12-05
2006-12-07,920.0,7.9799,8.0612,2006-12-06
2006-12-08,918.0,7.9622,7.9799,2006-12-07
2006-12-11,920.5,7.9162,7.9622,2006-12-08
2006-12-12,926.0,7.9294,7.9162,2006-12-11
2006-12-13,924.0,7.9154,7.9294,2006-12-12
2006-12-14,922.6,7.8529,7.9154,2006-12-13
2006-12-15,922.5,7.834700000000001,7.8529,2006-12-14
2006-12-18,921.8,7.8115,7.834700000000001,2006-12-15
2006-12-19,924.0,7.8216,7.8115,2006-12-18
2006-12-20,929.6,7.875,7.8216,2006-12-19
2006-12-21,927.4,7.8328,7.875,2006-12-20
2006-12-22,927.1,7.8339,7.8328,2006-12-21
2006-12-26,928.1,7.8146,7.8339,2006-12-22
2006-12-27,930.3,7.8058,7.8146,2006-12-26
2006-12-28,930.6,7.8376,7.8058,2006-12-27
2006-12-29,929.6,7.818300000000001,7.8376,2006-12-28
2007-01-02,929.6,7.8154,7.818300000000001,2006-12-29
2007-01-03,926.0,7.7926,7.8154,2007-01-02
2007-01-04,926.1,7.7573,7.7926,2007-01-03
2007-01-05,931.2,7.8298,7.7573,2007-01-04
2007-01-08,932.6,7.8591,7.8298,2007-01-05
2007-01-09,937.3,7.8894,7.8591,2007-01-08
2007-01-10,937.0,7.849500000000001,7.8894,2007-01-09
2007-01-11,939.8,7.855599999999999,7.849500000000001,2007-01-10
2007-01-12,938.9,7.7966,7.855599999999999,2007-01-11
2007-01-15,940.5,7.814400000000001,7.7966,2007-01-12
2007-01-16,938.1,7.7902,7.814400000000001,2007-01-15
2007-01-17,936.5,7.7544,7.7902,2007-01-16
2007-01-18,937.1,7.769299999999999,7.7544,2007-01-17
2007-01-19,936.7,7.7263,7.769299999999999,2007-01-18
2007-01-22,937.6,7.7334,7.7263,2007-01-19
2007-01-23,938.7,7.7139,7.7334,2007-01-22
2007-01-24,941.1,7.738,7.7139,2007-01-23
2007-01-25,937.5,7.744400000000001,7.738,2007-01-24
2007-01-26,936.3,7.721699999999999,7.744400000000001,2007-01-25
2007-01-29,940.0,7.7385,7.721699999999999,2007-01-26
2007-01-30,940.4,7.725599999999999,7.7385,2007-01-29
2007-01-31,940.9,7.731,7.725599999999999,2007-01-30
2007-02-01,942.0,7.7961,7.731,2007-01-31
2007-02-02,938.1,7.766,7.7961,2007-02-01
2007-02-05,938.1,7.7449,7.766,2007-02-02
2007-02-06,936.6,7.7927,7.7449,2007-02-05
2007-02-07,933.0,7.7727,7.7927,2007-02-06
2007-02-08,932.2,7.727799999999999,7.7727,2007-02-07
2007-02-09,935.0,7.7187,7.727799999999999,2007-02-08
2007-02-12,934.5,7.662000000000001,7.7187,2007-02-09
2007-02-13,936.6,7.689,7.662000000000001,2007-02-12
2007-02-14,937.8,7.734400000000001,7.689,2007-02-13
2007-02-15,938.1,7.769299999999999,7.734400000000001,2007-02-14
2007-02-16,934.7,7.839099999999999,7.769299999999999,2007-02-15
2007-02-20,935.9,7.8174,7.839099999999999,2007-02-16
2007-02-21,938.3,7.8162,7.8174,2007-02-20
2007-02-22,938.8,7.7635,7.8162,2007-02-21
2007-02-23,939.5,7.7296,7.7635,2007-02-22
2007-02-26,938.6,7.7545,7.7296,2007-02-23
2007-02-27,937.3,7.7639,7.7545,2007-02-26
2007-02-28,938.3,7.9389,7.7639,2007-02-27
2007-03-02,940.9,7.9927,7.9389,2007-02-28
2007-03-05,942.2,8.0893,7.9927,2007-03-02
2007-03-06,950.0,8.2347,8.0893,2007-03-05
2007-03-07,948.0,8.1154,8.2347,2007-03-06
2007-03-08,947.0,8.187100000000001,8.1154,2007-03-07
2007-03-09,948.2,8.0929,8.187100000000001,2007-03-08
2007-03-12,946.6,7.9966,8.0929,2007-03-09
2007-03-13,944.2,8.0299,7.9966,2007-03-12
2007-03-14,944.8,8.1533,8.0299,2007-03-13
2007-03-15,947.2,8.0671,8.1533,2007-03-14
2007-03-16,944.6,8.047,8.0671,2007-03-15
2007-03-19,945.0,8.1262,8.047,2007-03-16
2007-03-20,943.3,8.0288,8.1262,2007-03-19
2007-03-21,942.6,8.0351,8.0288,2007-03-20
2007-03-22,937.8,7.9884,8.0351,2007-03-21
2007-03-23,937.1,7.9351,7.9884,2007-03-22
2007-03-26,938.5,7.951,7.9351,2007-03-23
2007-03-27,938.6,7.9391,7.951,2007-03-26
2007-03-28,940.6,7.9817,7.9391,2007-03-27
2007-03-29,940.9,8.0505,7.9817,2007-03-28
2007-03-30,940.3,7.97,8.0505,2007-03-29
2007-04-02,940.8,7.9888,7.97,2007-03-30
2007-04-03,938.8,7.9715,7.9888,2007-04-02
2007-04-04,936.8,7.8865,7.9715,2007-04-03
2007-04-05,936.0,7.8834,7.8865,2007-04-04
2007-04-06,934.8,7.875,7.8834,2007-04-05
2007-04-09,931.2,7.8032,7.875,2007-04-06
2007-04-10,933.1,7.8218,7.8032,2007-04-09
2007-04-11,932.6,7.8327,7.8218,2007-04-10
2007-04-12,933.8,7.8263,7.8327,2007-04-11
2007-04-13,931.6,7.8253,7.8263,2007-04-12
2007-04-16,930.1,7.7888,7.8253,2007-04-13
2007-04-17,929.3,7.7577,7.7888,2007-04-16
2007-04-18,930.1,7.817,7.7577,2007-04-17
2007-04-19,928.7,7.8385,7.817,2007-04-18
2007-04-20,927.5,7.8359,7.8385,2007-04-19
2007-04-23,928.1,7.818200000000001,7.8359,2007-04-20
2007-04-24,926.6,7.814500000000001,7.818200000000001,2007-04-23
2007-04-25,926.8,7.820399999999999,7.814500000000001,2007-04-24
2007-04-26,926.8,7.8096,7.820399999999999,2007-04-25
2007-04-27,928.5,7.7689,7.8096,2007-04-26
2007-04-30,929.4,7.7833,7.7689,2007-04-27
2007-05-02,930.9,7.7679,7.7833,2007-04-30
2007-05-03,930.7,7.7445,7.7679,2007-05-02
2007-05-04,929.2,7.7186,7.7445,2007-05-03
2007-05-07,927.7,7.7266,7.7186,2007-05-04
2007-05-08,924.1,7.694400000000001,7.7266,2007-05-07
2007-05-09,923.1,7.6951,7.694400000000001,2007-05-08
2007-05-10,924.5,7.695499999999999,7.6951,2007-05-09
2007-05-11,924.8,7.7244,7.695499999999999,2007-05-10
2007-05-14,926.7,7.7122,7.7244,2007-05-11
2007-05-15,924.9,7.6841,7.7122,2007-05-14
2007-05-16,924.4,7.6899,7.6841,2007-05-15
2007-05-17,924.0,7.6534,7.6899,2007-05-16
2007-05-18,925.9,7.633500000000001,7.6534,2007-05-17
2007-05-21,932.6,7.6969,7.633500000000001,2007-05-18
2007-05-22,931.3,7.6666,7.6969,2007-05-21
2007-05-23,929.9,7.6415,7.6666,2007-05-22
2007-05-25,931.5,7.6771,7.6415,2007-05-23
2007-05-28,931.5,7.6497,7.6771,2007-05-25
2007-05-29,930.0,7.6377,7.6497,2007-05-28
2007-05-30,928.5,7.6332,7.6377,2007-05-29
2007-05-31,929.9,7.6475,7.6332,2007-05-30
2007-06-01,927.9,7.623200000000001,7.6475,2007-05-31
2007-06-04,927.4,7.5988,7.623200000000001,2007-06-01
2007-06-05,928.2,7.6285,7.5988,2007-06-04
2007-06-07,927.3,7.6636,7.6285,2007-06-05
2007-06-08,928.3,7.669700000000001,7.6636,2007-06-07
2007-06-11,929.6,7.6451,7.669700000000001,2007-06-08
2007-06-12,931.7,7.6538,7.6451,2007-06-11
2007-06-13,930.5,7.6496,7.6538,2007-06-12
2007-06-14,931.4,7.5989,7.6496,2007-06-13
2007-06-15,929.8,7.559,7.5989,2007-06-14
2007-06-18,929.8,7.5269,7.559,2007-06-15
2007-06-19,928.0,7.5023,7.5269,2007-06-18
2007-06-20,927.6,7.5179,7.5023,2007-06-19
2007-06-21,926.5,7.5014,7.5179,2007-06-20
2007-06-22,927.3,7.492999999999999,7.5014,2007-06-21
2007-06-25,927.7,7.4911,7.492999999999999,2007-06-22
2007-06-26,926.6,7.4977,7.4911,2007-06-25
2007-06-27,926.4,7.5302,7.4977,2007-06-26
2007-06-28,927.6,7.5356,7.5302,2007-06-27
2007-06-29,926.8,7.524299999999999,7.5356,2007-06-28
2007-07-02,925.7,7.5214,7.524299999999999,2007-06-29
2007-07-03,922.7,7.541799999999999,7.5214,2007-07-02
2007-07-04,918.2,7.4977,7.541799999999999,2007-07-03
2007-07-05,919.9,7.498099999999999,7.4977,2007-07-04
2007-07-06,921.1,7.4911,7.498099999999999,2007-07-05
2007-07-09,921.2,7.4615,7.4911,2007-07-06
2007-07-10,920.4,7.462000000000001,7.4615,2007-07-09
2007-07-11,920.1,7.566599999999999,7.462000000000001,2007-07-10
2007-07-12,920.1,7.5199,7.566599999999999,2007-07-11
2007-07-13,918.0,7.4972,7.5199,2007-07-12
2007-07-16,916.3,7.5082,7.4972,2007-07-13
2007-07-18,917.4,7.5163,7.5082,2007-07-16
2007-07-19,917.2,7.5239,7.5163,2007-07-18
2007-07-20,916.0,7.499,7.5239,2007-07-19
2007-07-23,915.7,7.541900000000001,7.499,2007-07-20
2007-07-24,915.5,7.565499999999999,7.541900000000001,2007-07-23
2007-07-25,914.4,7.601,7.565499999999999,2007-07-24
2007-07-26,913.8,7.5866,7.601,2007-07-25
2007-07-27,917.5,7.734500000000001,7.5866,2007-07-26
2007-07-30,921.5,7.7905,7.734500000000001,2007-07-27
2007-07-31,923.2,7.7456,7.7905,2007-07-30
2007-08-01,920.3,7.7699,7.7456,2007-07-31
2007-08-02,922.5,7.7531,7.7699,2007-08-01
2007-08-03,923.9,7.7544,7.7531,2007-08-02
2007-08-06,923.0,7.849,7.7544,2007-08-03
2007-08-07,924.4,7.7877,7.849,2007-08-06
2007-08-08,922.6,7.761699999999999,7.7877,2007-08-07
2007-08-09,923.8,7.7183,7.761699999999999,2007-08-08
2007-08-10,922.4,7.799099999999999,7.7183,2007-08-09
2007-08-13,929.7,7.8618,7.799099999999999,2007-08-10
2007-08-14,929.1,7.8564,7.8618,2007-08-13
2007-08-16,931.5,8.0046,7.8564,2007-08-14
2007-08-17,942.9,8.2969,8.0046,2007-08-16
2007-08-20,949.7,8.329600000000001,8.2969,2007-08-17
2007-08-21,944.6,8.2304,8.329600000000001,2007-08-20
2007-08-22,944.6,8.2653,8.2304,2007-08-21
2007-08-23,945.0,8.1585,8.2653,2007-08-22
2007-08-24,940.1,8.1134,8.1585,2007-08-23
2007-08-27,942.0,8.0709,8.1134,2007-08-24
2007-08-28,938.1,8.1094,8.0709,2007-08-27
2007-08-29,940.3,8.228,8.1094,2007-08-28
2007-08-30,943.2,8.1479,8.228,2007-08-29
2007-08-31,939.9,8.0991,8.1479,2007-08-30
2007-09-03,939.0,8.1057,8.0991,2007-08-31
2007-09-04,938.1,8.0972,8.1057,2007-09-03
2007-09-05,937.6,8.064,8.0972,2007-09-04
2007-09-06,937.6,8.1477,8.064,2007-09-05
2007-09-07,939.3,8.1325,8.1477,2007-09-06
2007-09-10,937.8,8.308300000000001,8.1325,2007-09-07
2007-09-11,940.1,8.2799,8.308300000000001,2007-09-10
2007-09-12,937.4,8.212,8.2799,2007-09-11
2007-09-13,933.4,8.1759,8.212,2007-09-12
2007-09-14,930.4,8.1127,8.1759,2007-09-13
2007-09-17,930.4,8.0718,8.1127,2007-09-14
2007-09-18,928.4,8.0737,8.0718,2007-09-17
2007-09-19,929.8,8.0249,8.0737,2007-09-18
2007-09-20,926.2,7.9859,8.0249,2007-09-19
2007-09-21,923.7,8.0556,7.9859,2007-09-20
2007-09-27,921.0,7.9792,8.0556,2007-09-21
2007-09-28,920.7,7.9673,7.9792,2007-09-27
2007-10-01,917.3,7.989,7.9673,2007-09-28
2007-10-02,914.3,7.8935,7.989,2007-10-01
2007-10-04,913.7,7.8392,7.8935,2007-10-02
2007-10-05,916.6,7.8705,7.8392,2007-10-04
2007-10-08,916.0,7.8307,7.8705,2007-10-05
2007-10-09,915.3,7.7978,7.8307,2007-10-08
2007-10-10,917.3,7.8278,7.7978,2007-10-09
2007-10-11,916.3,7.8213,7.8278,2007-10-10
2007-10-12,918.9,7.8314,7.8213,2007-10-11
2007-10-15,915.9,7.7916,7.8314,2007-10-12
2007-10-16,917.3,7.8131,7.7916,2007-10-15
2007-10-17,918.2,7.8482,7.8131,2007-10-16
2007-10-18,918.5,7.8848,7.8482,2007-10-17
2007-10-19,917.8,7.9477,7.8848,2007-10-18
2007-10-22,915.4,8.0397,7.9477,2007-10-19
2007-10-23,917.6,8.0199,8.0397,2007-10-22
2007-10-24,917.7,7.9863,8.0199,2007-10-23
2007-10-25,917.4,8.044500000000001,7.9863,2007-10-24
2007-10-26,917.6,8.0481,8.044500000000001,2007-10-25
2007-10-29,913.5,8.0023,8.0481,2007-10-26
2007-10-30,908.9,7.924099999999999,8.0023,2007-10-29
2007-10-31,907.4,7.9111,7.924099999999999,2007-10-30
2007-11-01,902.3,7.8216,7.9111,2007-10-31
2007-11-02,902.2,7.884,7.8216,2007-11-01
2007-11-05,907.1,7.9147,7.884,2007-11-02
2007-11-06,906.1,7.920800000000001,7.9147,2007-11-05
2007-11-07,908.1,7.922000000000001,7.920800000000001,2007-11-06
2007-11-08,904.4,8.0441,7.922000000000001,2007-11-07
2007-11-09,907.8,8.06,8.0441,2007-11-08
2007-11-12,906.1,8.2004,8.06,2007-11-09
2007-11-13,910.3,8.3064,8.2004,2007-11-12
2007-11-14,916.0,8.256,8.3064,2007-11-13
2007-11-15,913.4,8.2151,8.256,2007-11-14
2007-11-16,915.8,8.2912,8.2151,2007-11-15
2007-11-19,919.3,8.299900000000001,8.2912,2007-11-16
2007-11-20,917.4,8.3601,8.299900000000001,2007-11-19
2007-11-21,923.8,8.4028,8.3601,2007-11-20
2007-11-22,925.8,8.530800000000001,8.4028,2007-11-21
2007-11-23,934.1,8.605599999999999,8.530800000000001,2007-11-22
2007-11-26,933.9,8.6046,8.605599999999999,2007-11-23
2007-11-27,928.2,8.6425,8.6046,2007-11-26
2007-11-28,931.9,8.5578,8.6425,2007-11-27
2007-11-29,929.9,8.4582,8.5578,2007-11-28
2007-11-30,929.6,8.4651,8.4582,2007-11-29
2007-12-03,925.6,8.3421,8.4651,2007-11-30
2007-12-04,923.9,8.3664,8.3421,2007-12-03
2007-12-05,923.6,8.4086,8.3664,2007-12-04
2007-12-06,923.1,8.319600000000001,8.4086,2007-12-05
2007-12-07,922.9,8.2894,8.319600000000001,2007-12-06
2007-12-10,919.9,8.2547,8.2894,2007-12-07
2007-12-11,921.4,8.2452,8.2547,2007-12-10
2007-12-12,923.8,8.3451,8.2452,2007-12-11
2007-12-13,926.6,8.260299999999999,8.3451,2007-12-12
2007-12-14,924.5,8.2309,8.260299999999999,2007-12-13
2007-12-17,927.7,8.1862,8.2309,2007-12-14
2007-12-18,932.5,8.2635,8.1862,2007-12-17
2007-12-20,939.7,8.2892,8.2635,2007-12-18
2007-12-21,941.2,8.3149,8.2892,2007-12-20
2007-12-24,943.8,8.277899999999999,8.3149,2007-12-21
2007-12-26,938.3,8.2066,8.277899999999999,2007-12-24
2007-12-27,938.9,8.2151,8.2066,2007-12-26
2007-12-28,938.9,8.250399999999999,8.2151,2007-12-27
2007-12-31,938.2,8.333300000000001,8.250399999999999,2007-12-28
2008-01-02,938.2,8.382,8.333300000000001,2007-12-31
2008-01-03,934.5,8.5156,8.382,2008-01-02
2008-01-04,938.9,8.5686,8.5156,2008-01-03
2008-01-07,937.3,8.626,8.5686,2008-01-04
2008-01-08,941.7,8.619299999999999,8.626,2008-01-07
2008-01-09,939.2,8.6161,8.619299999999999,2008-01-08
2008-01-10,939.8,8.5386,8.6161,2008-01-09
2008-01-11,935.6,8.5392,8.5386,2008-01-10
2008-01-14,936.2,8.6099,8.5392,2008-01-11
2008-01-15,937.1,8.6528,8.6099,2008-01-14
2008-01-16,935.1,8.7593,8.6528,2008-01-15
2008-01-17,938.6,8.745800000000001,8.7593,2008-01-16
2008-01-18,945.0,8.8741,8.745800000000001,2008-01-17
2008-01-21,947.7,8.8674,8.8741,2008-01-18
2008-01-22,946.9,8.9537,8.8674,2008-01-21
2008-01-23,954.3,8.9392,8.9537,2008-01-22
2008-01-24,951.0,8.899099999999999,8.9392,2008-01-23
2008-01-25,949.6,8.8623,8.899099999999999,2008-01-24
2008-01-28,946.6,8.8687,8.8623,2008-01-25
2008-01-29,948.6,8.8692,8.8687,2008-01-28
2008-01-30,946.7,8.8452,8.8692,2008-01-29
2008-01-31,943.9,8.8909,8.8452,2008-01-30
2008-02-01,945.5,8.8804,8.8909,2008-01-31
2008-02-04,943.4,8.8462,8.8804,2008-02-01
2008-02-05,942.0,8.828899999999999,8.8462,2008-02-04
2008-02-11,942.1,8.7641,8.828899999999999,2008-02-05
2008-02-12,945.5,8.8464,8.7641,2008-02-11
2008-02-13,945.4,8.8067,8.8464,2008-02-12
2008-02-14,944.6,8.7362,8.8067,2008-02-13
2008-02-15,944.6,8.7674,8.7362,2008-02-14
2008-02-18,946.2,8.7717,8.7674,2008-02-15
2008-02-19,945.2,8.7333,8.7717,2008-02-18
2008-02-20,944.3,8.7541,8.7333,2008-02-19
2008-02-21,944.6,8.7451,8.7541,2008-02-20
2008-02-22,947.0,8.822000000000001,8.7451,2008-02-21
2008-02-25,949.0,8.8464,8.822000000000001,2008-02-22
2008-02-26,947.4,8.7714,8.8464,2008-02-25
2008-02-27,946.8,8.8222,8.7714,2008-02-26
2008-02-28,943.6,8.863,8.8222,2008-02-27
2008-02-29,937.3,8.897,8.863,2008-02-28
2008-03-03,937.8,9.0978,8.897,2008-02-29
2008-03-04,945.3,9.1302,9.0978,2008-03-03
2008-03-05,946.9,9.1599,9.1302,2008-03-04
2008-03-06,947.2,9.116,9.1599,2008-03-05
2008-03-07,949.3,9.2488,9.116,2008-03-06
2008-03-10,957.3,9.3743,9.2488,2008-03-07
2008-03-11,959.3,9.4252,9.3743,2008-03-10
2008-03-12,973.8,9.4183,9.4252,2008-03-11
2008-03-13,967.0,9.5285,9.4183,2008-03-12
2008-03-14,980.5,9.7475,9.5285,2008-03-13
2008-03-17,988.3,10.0259,9.7475,2008-03-14
2008-03-18,1021.7,10.4935,10.0259,2008-03-17
2008-03-19,1019.8,10.1863,10.4935,2008-03-18
2008-03-20,1009.2,10.2161,10.1863,2008-03-19
2008-03-21,1013.9,10.2331,10.2161,2008-03-20
2008-03-24,1004.9,10.0929,10.2331,2008-03-21
2008-03-25,1000.2,9.9261,10.0929,2008-03-24
2008-03-26,985.3,9.8436,9.9261,2008-03-25
2008-03-27,984.6,9.9419,9.8436,2008-03-26
2008-03-28,993.0,9.9759,9.9419,2008-03-27
2008-03-31,991.7,10.002,9.9759,2008-03-28
2008-04-01,991.6,9.9304,10.002,2008-03-31
2008-04-02,985.8,9.6894,9.9304,2008-04-01
2008-04-03,977.8,9.554,9.6894,2008-04-02
2008-04-04,974.8,9.5167,9.554,2008-04-03
2008-04-07,976.0,9.6091,9.5167,2008-04-04
2008-04-08,974.6,9.5,9.6091,2008-04-07
2008-04-10,975.5,9.5797,9.5,2008-04-08
2008-04-11,976.7,9.583,9.5797,2008-04-10
2008-04-14,974.7,9.63,9.583,2008-04-11
2008-04-15,978.3,9.679,9.63,2008-04-14
2008-04-16,984.0,9.6646,9.679,2008-04-15
2008-04-17,992.4,9.7447,9.6646,2008-04-16
2008-04-18,988.8,9.6548,9.7447,2008-04-17
2008-04-21,1000.3,9.6229,9.6548,2008-04-18
2008-04-22,993.6,9.6191,9.6229,2008-04-21
2008-04-23,994.6,9.6657,9.6191,2008-04-22
2008-04-24,996.8,9.6342,9.6657,2008-04-23
2008-04-25,993.0,9.522,9.6342,2008-04-24
2008-04-28,994.3,9.5157,9.522,2008-04-25
2008-04-29,996.5,9.5615,9.5157,2008-04-28
2008-04-30,999.7,9.6176,9.5615,2008-04-29
2008-05-02,1002.6,9.609,9.6176,2008-04-30
2008-05-06,1006.9,9.5987,9.609,2008-05-02
2008-05-07,1012.9,9.6646,9.5987,2008-05-06
2008-05-08,1021.0,9.7386,9.6646,2008-05-07
2008-05-09,1043.2,10.0438,9.7386,2008-05-08
2008-05-13,1047.4,10.0872,10.0438,2008-05-09
2008-05-14,1043.8,9.9761,10.0872,2008-05-13
2008-05-15,1047.5,9.9624,9.9761,2008-05-14
2008-05-16,1049.4,10.0086,9.9624,2008-05-15
2008-05-19,1042.2,10.0106,10.0086,2008-05-16
2008-05-20,1039.9,9.9626,10.0106,2008-05-19
2008-05-21,1043.2,10.071,9.9626,2008-05-20
2008-05-22,1047.6,10.1689,10.071,2008-05-21
2008-05-23,1043.1,10.0264,10.1689,2008-05-22
2008-05-26,1044.4,10.1113,10.0264,2008-05-23
2008-05-27,1048.7,10.1436,10.1113,2008-05-26
2008-05-28,1045.0,10.0288,10.1436,2008-05-27
2008-05-29,1037.7,9.9126,10.0288,2008-05-28
2008-05-30,1031.4,9.7703,9.9126,2008-05-29
2008-06-02,1026.7,9.7387,9.7703,2008-05-30
2008-06-03,1026.9,9.8315,9.7387,2008-06-02
2008-06-04,1016.6,9.6732,9.8315,2008-06-03
2008-06-05,1015.2,9.6447,9.6732,2008-06-04
2008-06-09,1022.5,9.7562,9.6447,2008-06-05
2008-06-10,1028.8,9.6783,9.7562,2008-06-09
2008-06-11,1028.8,9.5845,9.6783,2008-06-10
2008-06-12,1027.3,9.6095,9.5845,2008-06-11
2008-06-13,1029.9,9.5463,9.6095,2008-06-12
2008-06-16,1034.6,9.5553,9.5463,2008-06-13
2008-06-17,1040.8,9.6246,9.5553,2008-06-16
2008-06-18,1030.2,9.542,9.6246,2008-06-17
2008-06-19,1022.6,9.483,9.542,2008-06-18
2008-06-20,1026.4,9.5072,9.483,2008-06-19
2008-06-23,1026.7,9.5645,9.5072,2008-06-20
2008-06-24,1033.4,9.5783,9.5645,2008-06-23
2008-06-25,1034.5,9.5965,9.5783,2008-06-24
2008-06-26,1035.0,9.5967,9.5965,2008-06-25
2008-06-27,1035.0,9.6756,9.5967,2008-06-26
2008-06-30,1043.4,9.8179,9.6756,2008-06-27
2008-07-01,1043.9,9.8333,9.8179,2008-06-30
2008-07-02,1045.7,9.8581,9.8333,2008-07-01
2008-07-03,1047.1,9.8848,9.8581,2008-07-02
2008-07-04,1037.6,9.7222,9.8848,2008-07-03
2008-07-07,1047.6,9.8085,9.7222,2008-07-04
2008-07-08,1041.0,9.7149,9.8085,2008-07-07
2008-07-09,1031.7,9.5999,9.7149,2008-07-08
2008-07-10,1014.7,9.4952,9.5999,2008-07-09
2008-07-11,1000.2,9.3394,9.4952,2008-07-10
2008-07-14,1002.0,9.4177,9.3394,2008-07-11
2008-07-15,1003.7,9.4533,9.4177,2008-07-14
2008-07-16,1006.3,9.6053,9.4533,2008-07-15
2008-07-17,1007.6,9.5757,9.6053,2008-07-16
2008-07-18,1009.9,9.5085,9.5757,2008-07-17
2008-07-21,1012.6,9.4689,9.5085,2008-07-18
2008-07-22,1015.8,9.534,9.4689,2008-07-21
2008-07-23,1017.5,9.4881,9.534,2008-07-22
2008-07-24,1013.4,9.3881,9.4881,2008-07-23
2008-07-25,1008.9,9.3974,9.3881,2008-07-24
2008-07-28,1007.8,9.3423,9.3974,2008-07-25
2008-07-29,1006.2,9.3644,9.3423,2008-07-28
2008-07-30,1010.0,9.341,9.3644,2008-07-29
2008-07-31,1008.5,9.3285,9.341,2008-07-30
2008-08-01,1011.5,9.3801,9.3285,2008-07-31
2008-08-04,1013.8,9.4263,9.3801,2008-08-01
2008-08-05,1016.9,9.3979,9.4263,2008-08-04
2008-08-06,1017.3,9.3908,9.3979,2008-08-05
2008-08-07,1016.5,9.2763,9.3908,2008-08-06
2008-08-08,1015.6,9.2817,9.2763,2008-08-07
2008-08-11,1023.3,9.304,9.2817,2008-08-08
2008-08-12,1033.6,9.381,9.304,2008-08-11
2008-08-13,1033.4,9.4521,9.381,2008-08-12
2008-08-14,1037.8,9.5076,9.4521,2008-08-13
2008-08-18,1038.5,9.4114,9.5076,2008-08-14
2008-08-19,1043.8,9.4796,9.4114,2008-08-18
2008-08-20,1047.5,9.5453,9.4796,2008-08-19
2008-08-21,1049.1,9.5599,9.5453,2008-08-20
2008-08-22,1051.5,9.6886,9.5599,2008-08-21
2008-08-25,1054.5,9.6016,9.6886,2008-08-22
2008-08-26,1073.2,9.8242,9.6016,2008-08-25
2008-08-27,1086.1,9.9079,9.8242,2008-08-26
2008-08-28,1085.1,9.91,9.9079,2008-08-27
2008-08-29,1081.8,9.879,9.91,2008-08-28
2008-09-01,1087.0,10.0138,9.879,2008-08-29
2008-09-02,1108.1,10.2535,10.0138,2008-09-01
2008-09-03,1117.7,10.2891,10.2535,2008-09-02
2008-09-04,1151.6,10.6256,10.2891,2008-09-03
2008-09-05,1135.7,10.6454,10.6256,2008-09-04
2008-09-08,1126.5,10.3801,10.6454,2008-09-05
2008-09-09,1092.6,10.1167,10.3801,2008-09-08
2008-09-10,1101.0,10.2768,10.1167,2008-09-09
2008-09-11,1089.7,10.1184,10.2768,2008-09-10
2008-09-12,1106.0,10.322,10.1184,2008-09-11
2008-09-16,1108.7,10.6314,10.322,2008-09-12
2008-09-17,1150.7,10.888,10.6314,2008-09-16
2008-09-18,1134.2,10.8614,10.888,2008-09-17
2008-09-19,1146.7,10.8749,10.8614,2008-09-18
2008-09-22,1135.5,10.664,10.8749,2008-09-19
2008-09-23,1135.6,10.7579,10.664,2008-09-22
2008-09-24,1150.6,10.8783,10.7579,2008-09-23
2008-09-25,1153.9,10.8823,10.8783,2008-09-24
2008-09-26,1161.4,10.9113,10.8823,2008-09-25
2008-09-29,1157.5,10.8926,10.9113,2008-09-26
2008-09-30,1187.7,11.4422,10.8926,2008-09-29
2008-10-01,1214.8,11.4561,11.4422,2008-09-30
2008-10-02,1191.2,11.233,11.4561,2008-10-01
2008-10-06,1210.3,11.5338,11.233,2008-10-02
2008-10-07,1261.9,12.3801,11.5338,2008-10-06
2008-10-08,1334.7,13.1679,12.3801,2008-10-07
2008-10-09,1372.7,13.7766,13.1679,2008-10-08
2008-10-10,1420.3,14.2787,13.7766,2008-10-09
2008-10-13,1372.8,13.6482,14.2787,2008-10-10
2008-10-14,1252.2,12.2459,13.6482,2008-10-13
2008-10-15,1205.0,11.8213,12.2459,2008-10-14
2008-10-16,1236.3,12.4239,11.8213,2008-10-15
2008-10-17,1327.8,13.0895,12.4239,2008-10-16
2008-10-20,1337.2,13.166,13.0895,2008-10-17
2008-10-21,1305.2,12.798,13.166,2008-10-20
2008-10-22,1323.9,13.1744,12.798,2008-10-21
2008-10-23,1365.4,13.974,13.1744,2008-10-22
2008-10-24,1414.3,14.4804,13.974,2008-10-23
2008-10-27,1429.6,15.3473,14.4804,2008-10-24
2008-10-28,1432.1,15.3281,15.3473,2008-10-27
2008-10-29,1478.5,15.046,15.3281,2008-10-28
2008-10-30,1414.7,14.5314,15.046,2008-10-29
2008-10-31,1291.4,13.0603,14.5314,2008-10-30
2008-11-03,1277.1,12.9773,13.0603,2008-10-31
2008-11-04,1283.6,12.9284,12.9773,2008-11-03
2008-11-05,1281.5,12.828499999999998,12.9284,2008-11-04
2008-11-06,1265.9,12.9094,12.828499999999998,2008-11-05
2008-11-07,1320.2,13.544,12.9094,2008-11-06
2008-11-10,1339.5,13.5248,13.544,2008-11-07
2008-11-11,1324.5,13.5188,13.5248,2008-11-10
2008-11-12,1337.0,13.6932,13.5188,2008-11-11
2008-11-13,1346.3,14.209,13.6932,2008-11-12
2008-11-14,1393.9,14.2715,14.209,2008-11-13
2008-11-17,1390.5,14.4071,14.2715,2008-11-14
2008-11-18,1409.7,14.6242,14.4071,2008-11-17
2008-11-19,1425.2,14.7231,14.6242,2008-11-18
2008-11-20,1449.0,15.1056,14.7231,2008-11-19
2008-11-21,1488.4,15.7879,15.1056,2008-11-20
2008-11-24,1509.0,15.728599999999998,15.7879,2008-11-21
2008-11-25,1498.3,15.4496,15.728599999999998,2008-11-24
2008-11-26,1489.6,15.6315,15.4496,2008-11-25
2008-11-27,1489.9,15.6109,15.6315,2008-11-26
2008-11-28,1482.7,15.5379,15.6109,2008-11-27
2008-12-01,1463.3,15.3137,15.5379,2008-11-28
2008-12-02,1461.2,15.689100000000002,15.3137,2008-12-01
2008-12-03,1459.4,15.6429,15.689100000000002,2008-12-02
2008-12-04,1463.6,15.6828,15.6429,2008-12-03
2008-12-05,1473.2,15.9498,15.6828,2008-12-04
2008-12-08,1481.5,15.9825,15.9498,2008-12-05
2008-12-09,1456.8,15.6746,15.9825,2008-12-08
2008-12-10,1445.0,15.658,15.6746,2008-12-09
2008-12-11,1418.7,15.2935,15.658,2008-12-10
2008-12-12,1350.2,14.7684,15.2935,2008-12-11
2008-12-15,1359.4,14.959,14.7684,2008-12-12
2008-12-16,1350.8,14.8996,14.959,2008-12-15
2008-12-17,1357.3,15.2334,14.8996,2008-12-16
2008-12-18,1323.1,15.1454,15.2334,2008-12-17
2008-12-19,1296.5,14.5014,15.1454,2008-12-18
2008-12-22,1289.9,14.451,14.5014,2008-12-19
2008-12-23,1296.7,14.3718,14.451,2008-12-22
2008-12-24,1333.7,14.6681,14.3718,2008-12-23
2008-12-26,1319.0,14.576199999999998,14.6681,2008-12-24
2008-12-29,1285.9,14.1939,14.576199999999998,2008-12-26
2008-12-30,1281.8,14.1269,14.1939,2008-12-29
2008-12-31,1257.5,13.9389,14.1269,2008-12-30
2009-01-02,1257.5,13.8491,13.9389,2008-12-31
2009-01-05,1320.2,14.3228,13.8491,2009-01-02
2009-01-06,1307.3,14.0208,14.3228,2009-01-05
2009-01-07,1312.2,14.0545,14.0208,2009-01-06
2009-01-08,1292.1,13.9483,14.0545,2009-01-07
2009-01-09,1321.0,14.4712,13.9483,2009-01-08
2009-01-12,1329.3,14.7626,14.4712,2009-01-09
2009-01-13,1360.3,15.2389,14.7626,2009-01-12
2009-01-14,1362.4,15.2343,15.2389,2009-01-13
2009-01-15,1344.6,15.1206,15.2343,2009-01-14
2009-01-16,1372.6,15.2613,15.1206,2009-01-15
2009-01-19,1372.0,15.0381,15.2613,2009-01-16
2009-01-20,1359.9,15.0132,15.0381,2009-01-19
2009-01-21,1375.6,15.326199999999998,15.0132,2009-01-20
2009-01-22,1374.5,15.3842,15.326199999999998,2009-01-21
2009-01-23,1371.8,15.4343,15.3842,2009-01-22
2009-01-28,1391.0,15.5767,15.4343,2009-01-23
2009-01-29,1383.1,15.2964,15.5767,2009-01-28
2009-01-30,1368.5,15.2098,15.2964,2009-01-29
2009-02-02,1382.5,15.4065,15.2098,2009-01-30
2009-02-03,1392.1,15.5646,15.4065,2009-02-02
2009-02-04,1390.5,15.5537,15.5646,2009-02-03
2009-02-05,1376.2,15.4024,15.5537,2009-02-04
2009-02-06,1382.7,15.1421,15.4024,2009-02-05
2009-02-09,1379.1,14.9366,15.1421,2009-02-06
2009-02-10,1376.2,15.0594,14.9366,2009-02-09
2009-02-11,1387.0,15.3277,15.0594,2009-02-10
2009-02-12,1397.7,15.4775,15.3277,2009-02-11
2009-02-13,1394.8,15.3562,15.4775,2009-02-12
2009-02-16,1402.2,15.2945,15.3562,2009-02-13
2009-02-17,1411.4,15.394,15.2945,2009-02-16
2009-02-18,1444.6,15.6198,15.394,2009-02-17
2009-02-19,1465.7,15.6467,15.6198,2009-02-18
2009-02-20,1474.0,15.6592,15.6467,2009-02-19
2009-02-23,1500.5,16.0456,15.6592,2009-02-20
2009-02-24,1496.6,15.8354,16.0456,2009-02-23
2009-02-25,1510.8,15.6252,15.8354,2009-02-24
2009-02-26,1508.2,15.464,15.6252,2009-02-25
2009-02-27,1516.4,15.4114,15.464,2009-02-26
2009-03-02,1525.2,15.6455,15.4114,2009-02-27
2009-03-03,1573.6,16.2076,15.6455,2009-03-02
2009-03-04,1570.4,15.9529,16.2076,2009-03-03
2009-03-05,1559.5,15.7295,15.9529,2009-03-04
2009-03-06,1545.3,15.7443,15.7295,2009-03-05
2009-03-09,1567.7,15.9587,15.7443,2009-03-06
2009-03-10,1548.8,15.6318,15.9587,2009-03-09
2009-03-11,1529.5,15.4925,15.6318,2009-03-10
2009-03-12,1480.0,15.1959,15.4925,2009-03-11
2009-03-13,1487.4,15.2249,15.1959,2009-03-12
2009-03-16,1482.4,15.1057,15.2249,2009-03-13
2009-03-17,1458.0,14.8412,15.1057,2009-03-16
2009-03-18,1416.7,14.3434,14.8412,2009-03-17
2009-03-19,1415.4,14.7024,14.3434,2009-03-18
2009-03-20,1391.4,14.7067,14.7024,2009-03-19
2009-03-23,1399.3,14.6088,14.7067,2009-03-20
2009-03-24,1396.3,14.3859,14.6088,2009-03-23
2009-03-25,1382.1,14.0837,14.3859,2009-03-24
2009-03-26,1384.8,14.1943,14.0837,2009-03-25
2009-03-27,1343.7,13.605,14.1943,2009-03-26
2009-03-30,1328.9,13.5471,13.605,2009-03-27
2009-03-31,1377.1,14.148,13.5471,2009-03-30
2009-04-01,1398.2,14.1261,14.148,2009-03-31
2009-04-02,1376.8,13.9599,14.1261,2009-04-01
2009-04-03,1349.5,13.5383,13.9599,2009-04-02
2009-04-06,1332.6,13.2551,13.5383,2009-04-03
2009-04-07,1316.2,13.051099999999998,13.2551,2009-04-06
2009-04-08,1324.3,13.1542,13.051099999999998,2009-04-07
2009-04-09,1346.8,13.498399999999998,13.1542,2009-04-08
2009-04-10,1337.2,13.2962,13.498399999999998,2009-04-09
2009-04-13,1321.3,13.161,13.2962,2009-04-10
2009-04-14,1332.2,13.3074,13.161,2009-04-13
2009-04-15,1325.3,13.396300000000002,13.3074,2009-04-14
2009-04-16,1337.6,13.4676,13.396300000000002,2009-04-15
2009-04-17,1325.9,13.3431,13.4676,2009-04-16
2009-04-20,1328.1,13.3665,13.3431,2009-04-17
2009-04-21,1340.6,13.6663,13.3665,2009-04-20
2009-04-22,1352.4,13.7091,13.6663,2009-04-21
2009-04-23,1345.9,13.7169,13.7091,2009-04-22
2009-04-24,1349.1,13.7755,13.7169,2009-04-23
2009-04-27,1341.7,13.873399999999998,13.7755,2009-04-24
2009-04-28,1340.3,13.8841,13.873399999999998,2009-04-27
2009-04-29,1351.7,13.9964,13.8841,2009-04-28
2009-04-30,1348.0,13.8292,13.9964,2009-04-29
2009-05-04,1307.3,13.1506,13.8292,2009-04-30
2009-05-06,1274.6,12.886500000000002,13.1506,2009-05-04
2009-05-07,1278.5,12.986300000000002,12.886500000000002,2009-05-06
2009-05-08,1262.4,12.7348,12.986300000000002,2009-05-07
2009-05-11,1256.0,12.7267,12.7348,2009-05-08
2009-05-12,1236.1,12.6832,12.7267,2009-05-11
2009-05-13,1244.8,12.9075,12.6832,2009-05-12
2009-05-14,1238.9,12.980899999999998,12.9075,2009-05-13
2009-05-15,1259.7,13.1164,12.980899999999998,2009-05-14
2009-05-18,1261.7,13.271300000000002,13.1164,2009-05-15
2009-05-19,1267.5,13.146300000000002,13.271300000000002,2009-05-18
2009-05-20,1243.4,12.9332,13.146300000000002,2009-05-19
2009-05-21,1250.2,13.1787,12.9332,2009-05-20
2009-05-22,1247.6,13.247,13.1787,2009-05-21
2009-05-25,1242.4,13.1235,13.247,2009-05-22
2009-05-26,1252.5,13.2127,13.1235,2009-05-25
2009-05-27,1260.2,13.2409,13.2127,2009-05-26
2009-05-28,1258.8,13.1922,13.2409,2009-05-27
2009-05-29,1272.9,13.140999999999998,13.1922,2009-05-28
2009-06-01,1258.8,13.206,13.140999999999998,2009-05-29
2009-06-02,1248.7,12.9473,13.206,2009-06-01
2009-06-03,1237.3,12.9344,12.9473,2009-06-02
2009-06-04,1236.7,12.8702,12.9344,2009-06-03
2009-06-05,1246.5,12.8957,12.8702,2009-06-04
2009-06-08,1245.4,12.6219,12.8957,2009-06-05
2009-06-09,1251.5,12.7036,12.6219,2009-06-08
2009-06-10,1258.4,12.9093,12.7036,2009-06-09
2009-06-11,1252.8,12.7596,12.9093,2009-06-10
2009-06-12,1251.3,12.8253,12.7596,2009-06-11
2009-06-15,1251.4,12.718800000000002,12.8253,2009-06-12
2009-06-16,1260.9,12.8953,12.718800000000002,2009-06-15
2009-06-17,1266.1,13.1263,12.8953,2009-06-16
2009-06-18,1260.0,13.151,13.1263,2009-06-17
2009-06-19,1263.2,13.0807,13.151,2009-06-18
2009-06-22,1266.4,13.1752,13.0807,2009-06-19
2009-06-23,1270.4,13.2589,13.1752,2009-06-22
2009-06-24,1287.7,13.5305,13.2589,2009-06-23
2009-06-25,1281.0,13.3716,13.5305,2009-06-24
2009-06-26,1283.6,13.3771,13.3716,2009-06-25
2009-06-29,1286.9,13.4923,13.3771,2009-06-26
2009-06-30,1284.7,13.3628,13.4923,2009-06-29
2009-07-01,1277.9,13.265899999999998,13.3628,2009-06-30
2009-07-02,1269.1,13.1295,13.265899999999998,2009-07-01
2009-07-03,1263.5,13.1656,13.1295,2009-07-02
2009-07-06,1272.2,13.2631,13.1656,2009-07-03
2009-07-07,1267.0,13.3039,13.2631,2009-07-06
2009-07-08,1268.6,13.3896,13.3039,2009-07-07
2009-07-09,1278.8,13.7928,13.3896,2009-07-08
2009-07-10,1278.9,13.7494,13.7928,2009-07-09
2009-07-13,1277.7,13.8264,13.7494,2009-07-10
2009-07-14,1291.4,13.8912,13.8264,2009-07-13
2009-07-15,1295.7,13.8659,13.8912,2009-07-14
2009-07-16,1282.6,13.6193,13.8659,2009-07-15
2009-07-17,1266.7,13.5057,13.6193,2009-07-16
2009-07-20,1261.2,13.3786,13.5057,2009-07-17
2009-07-21,1252.5,13.3117,13.3786,2009-07-20
2009-07-22,1250.0,13.338299999999998,13.3117,2009-07-21
2009-07-23,1251.0,13.3718,13.338299999999998,2009-07-22
2009-07-24,1250.6,13.1511,13.3718,2009-07-23
2009-07-27,1247.5,13.1683,13.1511,2009-07-24
2009-07-28,1246.4,13.0863,13.1683,2009-07-27
2009-07-29,1241.9,13.1536,13.0863,2009-07-28
2009-07-30,1239.5,13.035,13.1536,2009-07-29
2009-07-31,1240.5,12.9916,13.035,2009-07-30
2009-08-03,1230.7,12.9814,12.9916,2009-07-31
2009-08-04,1222.3,12.8278,12.9814,2009-08-03
2009-08-05,1218.7,12.7901,12.8278,2009-08-04
2009-08-06,1220.9,12.8577,12.7901,2009-08-05
2009-08-07,1222.8,12.8062,12.8577,2009-08-06
2009-08-10,1226.3,12.5787,12.8062,2009-08-07
2009-08-11,1223.6,12.6196,12.5787,2009-08-10
2009-08-12,1237.7,12.8894,12.6196,2009-08-11
2009-08-13,1248.1,12.9855,12.8894,2009-08-12
2009-08-14,1237.1,12.9702,12.9855,2009-08-13
2009-08-17,1235.0,13.0446,12.9702,2009-08-14
2009-08-18,1249.2,13.230899999999998,13.0446,2009-08-17
2009-08-19,1256.7,13.2507,13.230899999999998,2009-08-18
2009-08-20,1250.5,13.301099999999998,13.2507,2009-08-19
2009-08-21,1247.8,13.2456,13.301099999999998,2009-08-20
2009-08-24,1248.2,13.2078,13.2456,2009-08-21
2009-08-25,1242.1,13.1551,13.2078,2009-08-24
2009-08-26,1246.7,13.2339,13.1551,2009-08-25
2009-08-27,1248.1,13.2502,13.2339,2009-08-26
2009-08-28,1248.9,13.3508,13.2502,2009-08-27
2009-08-31,1244.9,13.328,13.3508,2009-08-28
2009-09-01,1246.9,13.4032,13.328,2009-08-31
2009-09-02,1245.8,13.4253,13.4032,2009-09-01
2009-09-03,1249.8,13.5612,13.4253,2009-09-02
2009-09-04,1246.9,13.4524,13.5612,2009-09-03
2009-09-07,1243.8,13.3541,13.4524,2009-09-04
2009-09-08,1235.0,13.2774,13.3541,2009-09-07
2009-09-09,1232.1,13.3431,13.2774,2009-09-08
2009-09-10,1225.9,13.312,13.3431,2009-09-09
2009-09-11,1225.9,13.3628,13.312,2009-09-10
2009-09-14,1222.1,13.53,13.3628,2009-09-11
2009-09-15,1224.8,13.483,13.53,2009-09-14
2009-09-16,1220.6,13.4183,13.483,2009-09-15
2009-09-17,1211.6,13.3216,13.4183,2009-09-16
2009-09-18,1206.1,13.2299,13.3216,2009-09-17
2009-09-21,1208.0,13.2282,13.2299,2009-09-18
2009-09-22,1205.8,13.1051,13.2282,2009-09-21
2009-09-23,1204.1,13.2195,13.1051,2009-09-22
2009-09-24,1195.4,13.0709,13.2195,2009-09-23
2009-09-25,1196.4,13.1005,13.0709,2009-09-24
2009-09-28,1192.9,13.4411,13.1005,2009-09-25
2009-09-29,1192.8,13.3043,13.4411,2009-09-28
2009-09-30,1188.7,13.188,13.3043,2009-09-29
2009-10-01,1181.4,13.1398,13.188,2009-09-30
2009-10-05,1175.2,13.121199999999998,13.1398,2009-10-01
2009-10-06,1173.2,13.1033,13.121199999999998,2009-10-05
2009-10-07,1170.2,13.1846,13.1033,2009-10-06
2009-10-08,1170.8,13.2077,13.1846,2009-10-07
2009-10-09,1168.4,13.1918,13.2077,2009-10-08
2009-10-12,1166.6,12.9875,13.1918,2009-10-09
2009-10-13,1170.0,13.0369,12.9875,2009-10-12
2009-10-14,1168.0,13.0118,13.0369,2009-10-13
2009-10-15,1167.7,13.0549,13.0118,2009-10-14
2009-10-16,1158.4,12.7781,13.0549,2009-10-15
2009-10-19,1158.8,12.7222,12.7781,2009-10-16
2009-10-20,1176.2,12.9752,12.7222,2009-10-19
2009-10-21,1166.7,12.861199999999998,12.9752,2009-10-20
2009-10-22,1179.1,12.9664,12.861199999999998,2009-10-21
2009-10-23,1183.2,12.951,12.9664,2009-10-22
2009-10-26,1184.6,12.8565,12.951,2009-10-23
2009-10-27,1180.4,12.8005,12.8565,2009-10-26
2009-10-28,1187.1,12.9356,12.8005,2009-10-27
2009-10-29,1193.6,13.1504,12.9356,2009-10-28
2009-10-30,1200.6,13.1263,13.1504,2009-10-29
2009-11-02,1183.4,13.1804,13.1263,2009-10-30
2009-11-03,1188.2,13.1424,13.1804,2009-11-02
2009-11-04,1178.9,13.0546,13.1424,2009-11-03
2009-11-05,1181.2,13.013800000000002,13.0546,2009-11-04
2009-11-06,1178.5,12.9869,13.013800000000002,2009-11-05
2009-11-09,1171.2,13.0576,12.9869,2009-11-06
2009-11-10,1161.6,12.913800000000002,13.0576,2009-11-09
2009-11-11,1158.7,12.9089,12.913800000000002,2009-11-10
2009-11-12,1159.5,12.8948,12.9089,2009-11-11
2009-11-13,1157.4,12.8052,12.8948,2009-11-12
2009-11-16,1161.1,12.9667,12.8052,2009-11-13
2009-11-17,1155.1,12.9685,12.9667,2009-11-16
2009-11-18,1152.8,12.9057,12.9685,2009-11-17
2009-11-19,1153.3,12.9134,12.9057,2009-11-18
2009-11-20,1156.2,12.9983,12.9134,2009-11-19
2009-11-23,1162.6,13.0813,12.9983,2009-11-20
2009-11-24,1157.1,12.9975,13.0813,2009-11-23
2009-11-25,1156.1,13.0596,12.9975,2009-11-24
2009-11-26,1155.0,13.238599999999998,13.0596,2009-11-25
2009-11-27,1153.6,13.3596,13.238599999999998,2009-11-26
2009-11-30,1167.4,13.4827,13.3596,2009-11-27
2009-12-01,1161.8,13.4569,13.4827,2009-11-30
2009-12-02,1162.2,13.3948,13.4569,2009-12-01
2009-12-03,1154.4,13.1856,13.3948,2009-12-02
2009-12-04,1155.7,13.088299999999998,13.1856,2009-12-03
2009-12-07,1152.9,12.771,13.088299999999998,2009-12-04
2009-12-08,1155.8,12.9291,12.771,2009-12-07
2009-12-09,1154.6,13.0692,12.9291,2009-12-08
2009-12-10,1161.8,13.1918,13.0692,2009-12-09
2009-12-11,1163.2,13.177,13.1918,2009-12-10
2009-12-14,1164.9,13.0499,13.177,2009-12-11
2009-12-15,1163.6,13.1206,13.0499,2009-12-14
2009-12-16,1161.6,12.9542,13.1206,2009-12-15
2009-12-17,1166.0,12.9736,12.9542,2009-12-16
2009-12-18,1173.7,13.0731,12.9736,2009-12-17
2009-12-21,1178.1,13.0256,13.0731,2009-12-18
2009-12-22,1179.6,12.9378,13.0256,2009-12-21
2009-12-23,1183.4,12.8911,12.9378,2009-12-22
2009-12-24,1183.6,12.9179,12.8911,2009-12-23
2009-12-28,1176.7,12.8482,12.9179,2009-12-24
2009-12-29,1169.9,12.7621,12.8482,2009-12-28
2009-12-30,1170.9,12.7313,12.7621,2009-12-29
2009-12-31,1167.6,12.6282,12.7313,2009-12-30
2010-01-04,1167.6,12.565,12.6282,2009-12-31
2010-01-05,1156.2,12.5096,12.565,2010-01-04
2010-01-06,1144.3,12.4835,12.5096,2010-01-05
2010-01-07,1138.2,12.3235,12.4835,2010-01-06
2010-01-08,1133.2,12.1191,12.3235,2010-01-07
2010-01-11,1132.9,12.2396,12.1191,2010-01-08
2010-01-12,1119.8,12.1658,12.2396,2010-01-11
2010-01-13,1124.2,12.3423,12.1658,2010-01-12
2010-01-14,1126.4,12.3205,12.3423,2010-01-13
2010-01-15,1122.1,12.3024,12.3205,2010-01-14
2010-01-18,1123.2,12.368,12.3024,2010-01-15
2010-01-19,1126.9,12.4313,12.368,2010-01-18
2010-01-20,1124.3,12.3421,12.4313,2010-01-19
2010-01-21,1132.3,12.4088,12.3421,2010-01-20
2010-01-22,1138.5,12.6178,12.4088,2010-01-21
2010-01-25,1150.1,12.776,12.6178,2010-01-22
2010-01-26,1149.1,12.7275,12.776,2010-01-25
2010-01-27,1151.2,12.8475,12.7275,2010-01-26
2010-01-28,1159.4,12.8908,12.8475,2010-01-27
2010-01-29,1156.5,12.87,12.8908,2010-01-28
2010-02-01,1157.9,12.8413,12.87,2010-01-29
2010-02-02,1167.8,12.8726,12.8413,2010-02-01
2010-02-03,1160.1,12.833,12.8726,2010-02-02
2010-02-04,1152.2,12.672,12.833,2010-02-03
2010-02-05,1153.3,12.9185,12.672,2010-02-04
2010-02-08,1171.0,13.1249,12.9185,2010-02-05
2010-02-09,1172.6,13.1391,13.1249,2010-02-08
2010-02-10,1166.6,12.994000000000002,13.1391,2010-02-09
2010-02-11,1157.9,12.871300000000002,12.994000000000002,2010-02-10
2010-02-12,1157.1,12.8946,12.871300000000002,2010-02-11
2010-02-16,1154.9,12.8272,12.8946,2010-02-12
2010-02-17,1152.9,12.7738,12.8272,2010-02-16
2010-02-18,1142.7,12.5296,12.7738,2010-02-17
2010-02-19,1147.5,12.4647,12.5296,2010-02-18
2010-02-22,1157.8,12.6294,12.4647,2010-02-19
2010-02-23,1149.3,12.5985,12.6294,2010-02-22
2010-02-24,1148.5,12.7293,12.5985,2010-02-23
2010-02-25,1156.1,12.8206,12.7293,2010-02-24
2010-02-26,1158.4,12.9931,12.8206,2010-02-25
2010-03-02,1160.2,13.0118,12.9931,2010-02-26
2010-03-03,1152.7,12.9838,13.0118,2010-03-02
2010-03-04,1146.6,12.9567,12.9838,2010-03-03
2010-03-05,1143.8,12.8308,12.9567,2010-03-04
2010-03-08,1141.9,12.6205,12.8308,2010-03-05
2010-03-09,1133.7,12.5597,12.6205,2010-03-08
2010-03-10,1134.5,12.6154,12.5597,2010-03-09
2010-03-11,1132.7,12.5077,12.6154,2010-03-10
2010-03-12,1131.0,12.4745,12.5077,2010-03-11
2010-03-15,1131.1,12.4811,12.4745,2010-03-12
2010-03-16,1133.9,12.5348,12.4811,2010-03-15
2010-03-17,1133.7,12.5472,12.5348,2010-03-16
2010-03-18,1129.5,12.4972,12.5472,2010-03-17
2010-03-19,1131.3,12.5116,12.4972,2010-03-18
2010-03-22,1132.9,12.5203,12.5116,2010-03-19
2010-03-23,1136.5,12.5963,12.5203,2010-03-22
2010-03-24,1134.3,12.5448,12.5963,2010-03-23
2010-03-25,1135.5,12.331,12.5448,2010-03-24
2010-03-26,1141.2,12.3167,12.331,2010-03-25
2010-03-29,1141.7,12.3567,12.3167,2010-03-26
2010-03-30,1138.6,12.3092,12.3567,2010-03-29
2010-03-31,1130.8,12.1768,12.3092,2010-03-30
2010-04-01,1132.5,12.0987,12.1768,2010-03-31
2010-04-02,1128.3,12.0205,12.0987,2010-04-01
2010-04-05,1124.3,11.8885,12.0205,2010-04-02
2010-04-06,1125.1,11.9229,11.8885,2010-04-05
2010-04-07,1123.1,11.9829,11.9229,2010-04-06
2010-04-08,1121.8,12.021,11.9829,2010-04-07
2010-04-09,1123.2,12.0205,12.021,2010-04-08
2010-04-12,1118.8,12.0133,12.0205,2010-04-09
2010-04-13,1113.0,11.9465,12.0133,2010-04-12
2010-04-14,1120.1,12.0195,11.9465,2010-04-13
2010-04-15,1115.7,11.9556,12.0195,2010-04-14
2010-04-16,1108.7,11.9157,11.9556,2010-04-15
2010-04-19,1113.2,12.0947,11.9157,2010-04-16
2010-04-20,1117.0,12.0802,12.0947,2010-04-19
2010-04-21,1115.8,11.9798,12.0802,2010-04-20
2010-04-22,1110.1,11.9321,11.9798,2010-04-21
2010-04-23,1110.5,11.8624,11.9321,2010-04-22
2010-04-26,1110.0,11.8073,11.8624,2010-04-23
2010-04-27,1104.0,11.7559,11.8073,2010-04-26
2010-04-28,1106.8,11.8749,11.7559,2010-04-27
2010-04-29,1118.9,11.9076,11.8749,2010-04-28
2010-04-30,1115.5,11.8677,11.9076,2010-04-29
2010-05-03,1108.5,11.7844,11.8677,2010-04-30
2010-05-04,1115.8,11.7899,11.7844,2010-05-03
2010-05-06,1114.6,11.8815,11.7899,2010-05-04
2010-05-07,1137.1,12.5286,11.8815,2010-05-06
2010-05-10,1158.7,12.5898,12.5286,2010-05-07
2010-05-11,1133.8,12.1809,12.5898,2010-05-10
2010-05-12,1130.1,12.2081,12.1809,2010-05-11
2010-05-13,1138.1,12.2179,12.2081,2010-05-12
2010-05-14,1131.0,12.1901,12.2179,2010-05-13
2010-05-17,1133.1,12.2729,12.1901,2010-05-14
2010-05-18,1149.9,12.4381,12.2729,2010-05-17
2010-05-19,1150.2,12.5097,12.4381,2010-05-18
2010-05-20,1165.1,12.716,12.5097,2010-05-19
2010-05-24,1178.6,13.0658,12.716,2010-05-20
2010-05-25,1212.0,13.4472,13.0658,2010-05-24
2010-05-26,1255.1,13.8915,13.4472,2010-05-25
2010-05-27,1252.9,13.9242,13.8915,2010-05-26
2010-05-28,1234.2,13.570799999999998,13.9242,2010-05-27
2010-05-31,1200.2,13.1854,13.570799999999998,2010-05-28
2010-06-01,1201.6,13.1747,13.1854,2010-05-31
2010-06-03,1208.9,13.1146,13.1747,2010-06-01
2010-06-04,1204.7,13.008299999999998,13.1146,2010-06-03
2010-06-07,1201.1,13.106,13.008299999999998,2010-06-04
2010-06-08,1234.8,13.4995,13.106,2010-06-07
2010-06-09,1233.5,13.4927,13.4995,2010-06-08
2010-06-10,1242.2,13.6057,13.4927,2010-06-09
2010-06-11,1261.5,13.808,13.6057,2010-06-10
2010-06-14,1240.9,13.5373,13.808,2010-06-11
2010-06-15,1225.0,13.3719,13.5373,2010-06-14
2010-06-16,1223.9,13.384,13.3719,2010-06-15
2010-06-17,1211.0,13.2451,13.384,2010-06-16
2010-06-18,1215.9,13.3829,13.2451,2010-06-17
2010-06-21,1205.9,13.3352,13.3829,2010-06-18
2010-06-22,1176.7,12.923699999999998,13.3352,2010-06-21
2010-06-23,1182.6,13.0595,12.923699999999998,2010-06-22
2010-06-24,1188.2,13.2132,13.0595,2010-06-23
2010-06-25,1185.2,13.2247,13.2132,2010-06-24
2010-06-28,1204.7,13.486,13.2247,2010-06-25
2010-06-29,1200.4,13.4356,13.486,2010-06-28
2010-06-30,1210.3,13.6456,13.4356,2010-06-29
2010-07-01,1230.1,13.9104,13.6456,2010-06-30
2010-07-02,1231.2,14.0404,13.9104,2010-07-01
2010-07-05,1221.2,13.9224,14.0404,2010-07-02
2010-07-06,1223.6,13.9656,13.9224,2010-07-05
2010-07-07,1228.6,14.0395,13.9656,2010-07-06
2010-07-08,1221.8,13.9252,14.0395,2010-07-07
2010-07-09,1211.2,13.6967,13.9252,2010-07-08
2010-07-12,1198.8,13.5259,13.6967,2010-07-09
2010-07-13,1197.5,13.5082,13.5259,2010-07-12
2010-07-14,1204.6,13.56,13.5082,2010-07-13
2010-07-15,1199.2,13.5794,13.56,2010-07-14
2010-07-16,1204.7,13.7798,13.5794,2010-07-15
2010-07-19,1201.1,13.8751,13.7798,2010-07-16
2010-07-20,1215.9,14.0234,13.8751,2010-07-19
2010-07-21,1211.8,13.8825,14.0234,2010-07-20
2010-07-22,1203.6,13.8456,13.8825,2010-07-21
2010-07-23,1206.9,13.8493,13.8456,2010-07-22
2010-07-26,1197.2,13.6768,13.8493,2010-07-23
2010-07-27,1194.4,13.7279,13.6768,2010-07-26
2010-07-28,1183.6,13.4845,13.7279,2010-07-27
2010-07-29,1186.5,13.568499999999998,13.4845,2010-07-28
2010-07-30,1187.2,13.6995,13.568499999999998,2010-07-29
2010-08-02,1185.0,13.708900000000002,13.6995,2010-07-30
2010-08-03,1173.4,13.5497,13.708900000000002,2010-08-02
2010-08-04,1168.7,13.6299,13.5497,2010-08-03
2010-08-05,1169.5,13.5508,13.6299,2010-08-04
2010-08-06,1168.2,13.609000000000002,13.5508,2010-08-05
2010-08-09,1165.7,13.6459,13.609000000000002,2010-08-06
2010-08-10,1159.1,13.4928,13.6459,2010-08-09
2010-08-11,1167.2,13.6706,13.4928,2010-08-10
2010-08-12,1177.3,13.814,13.6706,2010-08-11
2010-08-13,1193.6,13.863,13.814,2010-08-12
2010-08-16,1186.7,13.7732,13.863,2010-08-13
2010-08-17,1193.2,13.9866,13.7732,2010-08-16
2010-08-18,1178.7,13.7658,13.9866,2010-08-17
2010-08-19,1173.9,13.7322,13.7658,2010-08-18
2010-08-20,1173.3,13.7518,13.7322,2010-08-19
2010-08-23,1179.9,13.7935,13.7518,2010-08-20
2010-08-24,1181.8,13.8733,13.7935,2010-08-23
2010-08-25,1189.0,14.1169,13.8733,2010-08-24
2010-08-26,1195.4,14.11,14.1169,2010-08-25
2010-08-27,1194.4,14.1567,14.11,2010-08-26
2010-08-30,1195.2,13.9871,14.1567,2010-08-27
2010-08-31,1189.1,14.0597,13.9871,2010-08-30
2010-09-01,1196.8,14.2315,14.0597,2010-08-31
2010-09-02,1190.6,14.1016,14.2315,2010-09-01
2010-09-03,1181.0,14.0186,14.1016,2010-09-02
2010-09-06,1177.8,13.9591,14.0186,2010-09-03
2010-09-07,1171.2,13.9271,13.9591,2010-09-06
2010-09-08,1176.4,14.046600000000002,13.9271,2010-09-07
2010-09-09,1176.2,14.0074,14.046600000000002,2010-09-08
2010-09-10,1169.1,13.9179,14.0074,2010-09-09
2010-09-13,1166.4,13.842,13.9179,2010-09-10
2010-09-14,1161.4,13.884,13.842,2010-09-13
2010-09-15,1161.4,13.9801,13.884,2010-09-14
2010-09-16,1160.8,13.5497,13.9801,2010-09-15
2010-09-17,1163.2,13.5476,13.5497,2010-09-16
2010-09-20,1163.1,13.568599999999998,13.5476,2010-09-17
2010-09-24,1162.1,13.7502,13.568599999999998,2010-09-20
2010-09-27,1156.4,13.7104,13.7502,2010-09-24
2010-09-28,1148.8,13.6291,13.7104,2010-09-27
2010-09-29,1148.5,13.6873,13.6291,2010-09-28
2010-09-30,1142.0,13.6334,13.6873,2010-09-29
2010-10-01,1141.3,13.6625,13.6334,2010-09-30
2010-10-04,1134.4,13.6142,13.6625,2010-10-01
2010-10-05,1124.1,13.4518,13.6142,2010-10-04
2010-10-06,1130.7,13.5877,13.4518,2010-10-05
2010-10-07,1120.1,13.4976,13.5877,2010-10-06
2010-10-08,1117.4,13.564,13.4976,2010-10-07
2010-10-11,1119.7,13.6858,13.564,2010-10-08
2010-10-12,1115.4,13.5817,13.6858,2010-10-11
2010-10-13,1127.0,13.775,13.5817,2010-10-12
2010-10-14,1119.5,13.6858,13.775,2010-10-13
2010-10-15,1112.8,13.6448,13.6858,2010-10-14
2010-10-18,1114.7,13.7084,13.6448,2010-10-15
2010-10-19,1117.2,13.7671,13.7084,2010-10-18
2010-10-20,1123.6,13.7721,13.7671,2010-10-19
2010-10-21,1131.3,13.9546,13.7721,2010-10-20
2010-10-22,1126.2,13.8481,13.9546,2010-10-21
2010-10-25,1129.5,13.888699999999998,13.8481,2010-10-22
2010-10-26,1117.2,13.8165,13.888699999999998,2010-10-25
2010-10-27,1117.7,13.7343,13.8165,2010-10-26
2010-10-28,1126.0,13.781300000000002,13.7343,2010-10-27
2010-10-29,1126.6,13.9069,13.781300000000002,2010-10-28
2010-11-01,1124.2,13.9904,13.9069,2010-10-29
2010-11-02,1117.4,13.8782,13.9904,2010-11-01
2010-11-03,1114.9,13.8205,13.8782,2010-11-02
2010-11-04,1110.3,13.7006,13.8205,2010-11-03
2010-11-05,1107.0,13.7073,13.7006,2010-11-04
2010-11-08,1106.1,13.6077,13.7073,2010-11-05
2010-11-09,1113.1,13.7174,13.6077,2010-11-08
2010-11-10,1115.8,13.659,13.7174,2010-11-09
2010-11-11,1114.3,13.5551,13.659,2010-11-10
2010-11-12,1107.5,13.4259,13.5551,2010-11-11
2010-11-15,1119.5,13.573,13.4259,2010-11-12
2010-11-16,1129.2,13.5868,13.573,2010-11-15
2010-11-17,1129.2,13.542,13.5868,2010-11-16
2010-11-18,1138.5,13.6921,13.542,2010-11-17
2010-11-19,1138.9,13.6428,13.6921,2010-11-18
2010-11-22,1131.7,13.559,13.6428,2010-11-19
2010-11-23,1126.5,13.5283,13.559,2010-11-22
2010-11-24,1134.2,13.6412,13.5283,2010-11-23
2010-11-25,1148.9,13.7543,13.6412,2010-11-24
2010-11-26,1144.4,13.68,13.7543,2010-11-25
2010-11-29,1147.6,13.6522,13.68,2010-11-26
2010-11-30,1157.3,13.734100000000002,13.6522,2010-11-29
2010-12-01,1154.5,13.7983,13.734100000000002,2010-11-30
2010-12-02,1154.2,13.7152,13.7983,2010-12-01
2010-12-03,1149.3,13.7074,13.7152,2010-12-02
2010-12-06,1143.5,13.8288,13.7074,2010-12-03
2010-12-07,1133.6,13.7157,13.8288,2010-12-06
2010-12-08,1134.2,13.5865,13.7157,2010-12-07
2010-12-09,1140.7,13.5709,13.5865,2010-12-08
2010-12-10,1138.4,13.5896,13.5709,2010-12-09
2010-12-13,1141.6,13.5905,13.5896,2010-12-10
2010-12-14,1143.5,13.7004,13.5905,2010-12-13
2010-12-15,1141.4,13.6384,13.7004,2010-12-14
2010-12-16,1151.2,13.6544,13.6384,2010-12-15
2010-12-17,1156.5,13.763800000000002,13.6544,2010-12-16
2010-12-20,1150.8,13.6959,13.763800000000002,2010-12-17
2010-12-21,1164.9,13.9034,13.6959,2010-12-20
2010-12-22,1153.3,13.769100000000002,13.9034,2010-12-21
2010-12-23,1155.5,13.828399999999998,13.769100000000002,2010-12-22
2010-12-24,1151.5,13.8685,13.828399999999998,2010-12-23
2010-12-27,1152.0,13.8929,13.8685,2010-12-24
2010-12-28,1150.6,13.897,13.8929,2010-12-27
2010-12-29,1147.5,13.9251,13.897,2010-12-28
2010-12-30,1146.1,14.0342,13.9251,2010-12-29
2010-12-31,1138.9,13.9708,14.0342,2010-12-30
2011-01-03,1138.9,14.031,13.9708,2010-12-31
2011-01-04,1127.5,13.7937,14.031,2011-01-03
2011-01-05,1122.3,13.6724,13.7937,2011-01-04
2011-01-06,1125.0,13.5143,13.6724,2011-01-05
2011-01-07,1123.1,13.4899,13.5143,2011-01-06
2011-01-10,1122.1,13.503800000000002,13.4899,2011-01-07
2011-01-11,1120.6,13.5526,13.503800000000002,2011-01-10
2011-01-12,1126.2,13.5044,13.5526,2011-01-11
2011-01-13,1120.0,13.4875,13.5044,2011-01-12
2011-01-14,1112.2,13.4405,13.4875,2011-01-13
2011-01-17,1114.7,13.4488,13.4405,2011-01-14
2011-01-18,1114.7,13.4715,13.4488,2011-01-17
2011-01-19,1116.8,13.5181,13.4715,2011-01-18
2011-01-20,1112.5,13.5522,13.5181,2011-01-19
2011-01-21,1118.2,13.478,13.5522,2011-01-20
2011-01-24,1122.0,13.5778,13.478,2011-01-21
2011-01-25,1120.3,13.5761,13.5778,2011-01-24
2011-01-26,1117.6,13.5936,13.5761,2011-01-25
2011-01-27,1118.2,13.595999999999998,13.5936,2011-01-26
2011-01-28,1114.3,13.448,13.595999999999998,2011-01-27
2011-01-31,1114.3,13.5659,13.448,2011-01-28
2011-02-01,1122.7,13.681500000000002,13.5659,2011-01-31
2011-02-07,1116.7,13.5769,13.681500000000002,2011-02-01
2011-02-08,1107.0,13.4451,13.5769,2011-02-07
2011-02-09,1104.4,13.421600000000002,13.4451,2011-02-08
2011-02-10,1104.8,13.4127,13.421600000000002,2011-02-09
2011-02-11,1112.9,13.3545,13.4127,2011-02-10
2011-02-14,1120.7,13.4248,13.3545,2011-02-11
2011-02-15,1123.9,13.4906,13.4248,2011-02-14
2011-02-16,1122.5,13.4086,13.4906,2011-02-15
2011-02-17,1120.7,13.4007,13.4086,2011-02-16
2011-02-18,1116.2,13.399,13.4007,2011-02-17
2011-02-21,1113.0,13.3943,13.399,2011-02-18
2011-02-22,1116.4,13.4288,13.3943,2011-02-21
2011-02-23,1125.9,13.603599999999998,13.4288,2011-02-22
2011-02-24,1125.8,13.6576,13.603599999999998,2011-02-23
2011-02-25,1126.9,13.7544,13.6576,2011-02-24
2011-02-28,1127.9,13.8096,13.7544,2011-02-25
2011-03-02,1128.8,13.7785,13.8096,2011-02-28
2011-03-03,1128.4,13.7921,13.7785,2011-03-02
2011-03-04,1122.6,13.6246,13.7921,2011-03-03
2011-03-07,1116.2,13.5675,13.6246,2011-03-04
2011-03-08,1117.9,13.581600000000002,13.5675,2011-03-07
2011-03-09,1117.4,13.5082,13.581600000000002,2011-03-08
2011-03-10,1115.2,13.4767,13.5082,2011-03-09
2011-03-11,1118.4,13.488499999999998,13.4767,2011-03-10
2011-03-14,1124.5,13.8035,13.488499999999998,2011-03-11
2011-03-15,1129.8,13.8202,13.8035,2011-03-14
2011-03-16,1131.3,13.9934,13.8202,2011-03-15
2011-03-17,1132.8,14.3985,13.9934,2011-03-16
2011-03-18,1137.6,14.3682,14.3985,2011-03-17
2011-03-21,1128.3,13.9607,14.3682,2011-03-18
2011-03-22,1125.9,13.8555,13.9607,2011-03-21
2011-03-23,1121.7,13.8447,13.8555,2011-03-22
2011-03-24,1123.7,13.8883,13.8447,2011-03-23
2011-03-25,1122.8,13.8575,13.8883,2011-03-24
2011-03-28,1114.5,13.6799,13.8575,2011-03-25
2011-03-29,1114.2,13.6319,13.6799,2011-03-28
2011-03-30,1114.6,13.5242,13.6319,2011-03-29
2011-03-31,1107.2,13.3189,13.5242,2011-03-30
2011-04-01,1100.1,13.1962,13.3189,2011-03-31
2011-04-04,1094.6,12.9969,13.1962,2011-04-01
2011-04-05,1086.9,12.9208,12.9969,2011-04-04
2011-04-06,1089.7,12.8027,12.9208,2011-04-05
2011-04-07,1085.5,12.7175,12.8027,2011-04-06
2011-04-08,1088.0,12.8,12.7175,2011-04-07
2011-04-11,1085.4,12.7612,12.8,2011-04-08
2011-04-12,1084.4,12.8248,12.7612,2011-04-11
2011-04-13,1091.7,13.0649,12.8248,2011-04-12
2011-04-14,1092.5,13.0393,13.0649,2011-04-13
2011-04-15,1089.4,13.0264,13.0393,2011-04-14
2011-04-18,1087.9,13.0726,13.0264,2011-04-15
2011-04-19,1089.9,13.2277,13.0726,2011-04-18
2011-04-20,1092.8,13.2212,13.2277,2011-04-19
2011-04-21,1083.7,13.1389,13.2212,2011-04-20
2011-04-22,1080.1,13.188,13.1389,2011-04-21
2011-04-25,1081.8,13.1927,13.188,2011-04-22
2011-04-26,1081.5,13.2326,13.1927,2011-04-25
2011-04-27,1085.5,13.3198,13.2326,2011-04-26
2011-04-28,1079.9,13.128699999999998,13.3198,2011-04-27
2011-04-29,1072.3,13.1377,13.128699999999998,2011-04-28
2011-05-02,1073.3,13.2017,13.1377,2011-04-29
2011-05-03,1066.8,13.1347,13.2017,2011-05-02
2011-05-04,1070.2,13.2083,13.1347,2011-05-03
2011-05-06,1074.6,13.374,13.2083,2011-05-04
2011-05-09,1085.0,13.4449,13.374,2011-05-06
2011-05-11,1079.9,13.3313,13.4449,2011-05-09
2011-05-12,1074.9,13.2704,13.3313,2011-05-11
2011-05-13,1082.7,13.3609,13.2704,2011-05-12
2011-05-16,1088.9,13.466500000000002,13.3609,2011-05-13
2011-05-17,1092.8,13.521400000000002,13.466500000000002,2011-05-16
2011-05-18,1091.4,13.384,13.521400000000002,2011-05-17
2011-05-19,1086.7,13.3019,13.384,2011-05-18
2011-05-20,1084.7,13.2742,13.3019,2011-05-19
2011-05-23,1082.7,13.2521,13.2742,2011-05-20
2011-05-24,1091.7,13.3248,13.2521,2011-05-23
2011-05-25,1094.8,13.3366,13.3248,2011-05-24
2011-05-26,1096.3,13.3752,13.3366,2011-05-25
2011-05-27,1090.5,13.4158,13.3752,2011-05-26
2011-05-30,1082.2,13.3861,13.4158,2011-05-27
2011-05-31,1080.6,13.3556,13.3861,2011-05-30
2011-06-01,1076.9,13.2216,13.3556,2011-05-31
2011-06-02,1076.4,13.2963,13.2216,2011-06-01
2011-06-03,1080.4,13.3374,13.2963,2011-06-02
2011-06-07,1077.5,13.4444,13.3374,2011-06-03
2011-06-08,1080.6,13.4789,13.4444,2011-06-07
2011-06-09,1081.5,13.5297,13.4789,2011-06-08
2011-06-10,1083.1,13.4857,13.5297,2011-06-09
2011-06-13,1081.2,13.457,13.4857,2011-06-10
2011-06-14,1085.9,13.5433,13.457,2011-06-13
2011-06-15,1083.5,13.4529,13.5433,2011-06-14
2011-06-16,1082.5,13.3873,13.4529,2011-06-15
2011-06-17,1088.9,13.5099,13.3873,2011-06-16
2011-06-20,1087.2,13.5696,13.5099,2011-06-17
2011-06-21,1083.2,13.497,13.5696,2011-06-20
2011-06-22,1081.7,13.4791,13.497,2011-06-21
2011-06-23,1075.0,13.374,13.4791,2011-06-22
2011-06-24,1076.7,13.3851,13.374,2011-06-23
2011-06-27,1077.9,13.3992,13.3851,2011-06-24
2011-06-28,1086.7,13.4443,13.3992,2011-06-27
2011-06-29,1081.8,13.3407,13.4443,2011-06-28
2011-06-30,1078.1,13.3569,13.3407,2011-06-29
2011-07-01,1070.1,13.2635,13.3569,2011-06-30
2011-07-04,1066.4,13.1899,13.2635,2011-07-01
2011-07-05,1063.8,13.1724,13.1899,2011-07-04
2011-07-06,1065.6,13.1458,13.1724,2011-07-05
2011-07-07,1064.9,13.1542,13.1458,2011-07-06
2011-07-08,1064.3,13.0999,13.1542,2011-07-07
2011-07-11,1058.4,13.1242,13.0999,2011-07-08
2011-07-12,1059.7,13.1918,13.1242,2011-07-11
2011-07-13,1066.2,13.4291,13.1918,2011-07-12
2011-07-14,1063.2,13.4642,13.4291,2011-07-13
2011-07-15,1056.7,13.3523,13.4642,2011-07-14
2011-07-18,1057.3,13.37,13.3523,2011-07-15
2011-07-19,1061.2,13.4236,13.37,2011-07-18
2011-07-20,1059.7,13.3868,13.4236,2011-07-19
2011-07-21,1055.3,13.3853,13.3868,2011-07-20
2011-07-22,1055.3,13.4467,13.3853,2011-07-21
2011-07-25,1051.2,13.415,13.4467,2011-07-22
2011-07-26,1054.5,13.4717,13.415,2011-07-25
2011-07-27,1052.9,13.5126,13.4717,2011-07-26
2011-07-28,1050.2,13.4736,13.5126,2011-07-27
2011-07-29,1052.6,13.5322,13.4736,2011-07-28
2011-08-01,1053.1,13.6297,13.5322,2011-07-29
2011-08-02,1049.5,13.5559,13.6297,2011-08-01
2011-08-03,1051.3,13.5959,13.5559,2011-08-02
2011-08-04,1058.6,13.7258,13.5959,2011-08-03
2011-08-05,1058.5,13.343800000000002,13.7258,2011-08-04
2011-08-08,1069.4,13.6621,13.343800000000002,2011-08-05
2011-08-09,1073.5,13.8391,13.6621,2011-08-08
2011-08-10,1092.2,14.176099999999998,13.8391,2011-08-09
2011-08-11,1080.4,14.0842,14.176099999999998,2011-08-10
2011-08-12,1085.7,14.1284,14.0842,2011-08-11
2011-08-16,1078.7,14.0346,14.1284,2011-08-12
2011-08-17,1070.0,13.9323,14.0346,2011-08-16
2011-08-18,1072.7,14.0149,13.9323,2011-08-17
2011-08-19,1072.3,13.9877,14.0149,2011-08-18
2011-08-22,1082.9,14.093800000000002,13.9877,2011-08-19
2011-08-23,1083.4,14.0958,14.093800000000002,2011-08-22
2011-08-24,1081.0,14.0847,14.0958,2011-08-23
2011-08-25,1079.0,14.0148,14.0847,2011-08-24
2011-08-26,1085.3,14.0147,14.0148,2011-08-25
2011-08-29,1084.5,14.1275,14.0147,2011-08-26
2011-08-30,1076.0,13.9867,14.1275,2011-08-29
2011-08-31,1071.7,13.9681,13.9867,2011-08-30
2011-09-01,1070.4,13.9439,13.9681,2011-08-31
2011-09-02,1063.0,13.8321,13.9439,2011-09-01
2011-09-05,1062.7,13.8264,13.8321,2011-09-02
2011-09-06,1068.3,13.8894,13.8264,2011-09-05
2011-09-07,1071.8,13.8083,13.8894,2011-09-06
2011-09-08,1071.7,13.857,13.8083,2011-09-07
2011-09-09,1072.8,13.839,13.857,2011-09-08
2011-09-14,1076.0,13.9813,13.839,2011-09-09
2011-09-15,1100.4,14.3496,13.9813,2011-09-14
2011-09-16,1108.1,14.4378,14.3496,2011-09-15
2011-09-19,1106.9,14.3912,14.4378,2011-09-16
2011-09-20,1122.3,14.6467,14.3912,2011-09-19
2011-09-21,1150.6,15.0464,14.6467,2011-09-20
2011-09-22,1147.2,14.9902,15.0464,2011-09-21
2011-09-23,1177.5,15.431500000000002,14.9902,2011-09-22
2011-09-26,1186.0,15.48,15.431500000000002,2011-09-23
2011-09-27,1184.6,15.508299999999998,15.48,2011-09-26
2011-09-28,1179.7,15.3497,15.508299999999998,2011-09-27
2011-09-29,1172.7,15.3204,15.3497,2011-09-28
2011-09-30,1179.5,15.3661,15.3204,2011-09-29
2011-10-04,1178.1,15.3829,15.3661,2011-09-30
2011-10-05,1199.5,15.6165,15.3829,2011-10-04
2011-10-06,1192.4,15.5291,15.6165,2011-10-05
2011-10-07,1186.6,15.4808,15.5291,2011-10-06
2011-10-10,1179.9,15.3623,15.4808,2011-10-07
2011-10-11,1173.0,15.2963,15.3623,2011-10-10
2011-10-12,1164.2,15.1786,15.2963,2011-10-11
2011-10-13,1172.4,15.1816,15.1786,2011-10-12
2011-10-14,1158.0,15.0585,15.1816,2011-10-13
2011-10-17,1160.3,15.0288,15.0585,2011-10-14
2011-10-18,1145.7,14.9151,15.0288,2011-10-17
2011-10-19,1147.1,14.9362,14.9151,2011-10-18
2011-10-20,1137.7,14.809,14.9362,2011-10-19
2011-10-21,1139.5,14.820799999999998,14.809,2011-10-20
2011-10-24,1149.5,15.0764,14.820799999999998,2011-10-21
2011-10-25,1137.7,14.9373,15.0764,2011-10-24
2011-10-26,1127.9,14.816400000000002,14.9373,2011-10-25
2011-10-27,1130.4,14.8298,14.816400000000002,2011-10-26
2011-10-28,1124.5,14.8077,14.8298,2011-10-27
2011-10-31,1104.5,14.5799,14.8077,2011-10-28
2011-11-01,1105.2,14.1104,14.5799,2011-10-31
2011-11-02,1113.9,14.2079,14.1104,2011-11-01
2011-11-03,1126.2,14.4218,14.2079,2011-11-02
2011-11-04,1131.5,14.4953,14.4218,2011-11-03
2011-11-07,1112.6,14.2367,14.4953,2011-11-04
2011-11-08,1115.0,14.2802,14.2367,2011-11-07
2011-11-09,1116.3,14.3585,14.2802,2011-11-08
2011-11-10,1115.7,14.3554,14.3585,2011-11-09
2011-11-11,1134.3,14.6088,14.3554,2011-11-10
2011-11-14,1127.3,14.5995,14.6088,2011-11-11
2011-11-15,1120.6,14.5353,14.5995,2011-11-14
2011-11-16,1126.2,14.6184,14.5353,2011-11-15
2011-11-17,1134.5,14.7261,14.6184,2011-11-16
2011-11-18,1137.6,14.7798,14.7261,2011-11-17
2011-11-21,1136.4,14.7748,14.7798,2011-11-18
2011-11-22,1139.6,14.8135,14.7748,2011-11-21
2011-11-23,1146.6,14.8996,14.8135,2011-11-22
2011-11-24,1149.2,14.8648,14.8996,2011-11-23
2011-11-25,1157.1,14.9971,14.8648,2011-11-24
2011-11-28,1159.9,14.9549,14.9971,2011-11-25
2011-11-29,1154.9,14.795,14.9549,2011-11-28
2011-11-30,1150.3,14.7569,14.795,2011-11-29
2011-12-01,1140.6,14.6975,14.7569,2011-11-30
2011-12-02,1127.2,14.4968,14.6975,2011-12-01
2011-12-05,1127.7,14.4494,14.4968,2011-12-02
2011-12-06,1130.3,14.518,14.4494,2011-12-05
2011-12-07,1131.2,14.551099999999998,14.518,2011-12-06
2011-12-08,1126.8,14.5094,14.551099999999998,2011-12-07
2011-12-09,1130.9,14.5669,14.5094,2011-12-08
2011-12-12,1142.3,14.7175,14.5669,2011-12-09
2011-12-13,1145.0,14.6917,14.7175,2011-12-12
2011-12-14,1155.4,14.8204,14.6917,2011-12-13
2011-12-15,1158.5,14.838299999999998,14.8204,2011-12-14
2011-12-16,1161.4,14.9127,14.838299999999998,2011-12-15
2011-12-19,1156.5,14.8622,14.9127,2011-12-16
2011-12-20,1169.5,14.9907,14.8622,2011-12-19
2011-12-21,1167.1,14.9936,14.9907,2011-12-20
2011-12-22,1150.9,14.7419,14.9936,2011-12-21
2011-12-23,1156.2,14.788900000000002,14.7419,2011-12-22
2011-12-26,1149.4,14.7236,14.788900000000002,2011-12-23
2011-12-27,1150.0,14.741700000000002,14.7236,2011-12-26
2011-12-28,1156.4,14.8418,14.741700000000002,2011-12-27
2011-12-29,1157.4,14.8499,14.8418,2011-12-28
2011-12-30,1153.3,14.8516,14.8499,2011-12-29
2012-01-02,1153.3,14.9469,14.8516,2011-12-30
2012-01-03,1155.5,15.0221,14.9469,2012-01-02
2012-01-04,1150.9,14.9954,15.0221,2012-01-03
2012-01-05,1147.4,14.9528,14.9954,2012-01-04
2012-01-06,1150.3,14.9061,14.9528,2012-01-05
2012-01-09,1158.4,15.0765,14.9061,2012-01-06
2012-01-10,1164.3,15.146400000000002,15.0765,2012-01-09
2012-01-11,1156.2,15.0459,15.146400000000002,2012-01-10
2012-01-12,1159.4,15.0797,15.0459,2012-01-11
2012-01-13,1158.8,15.0954,15.0797,2012-01-12
2012-01-16,1150.6,14.9555,15.0954,2012-01-13
2012-01-17,1154.0,15.0221,14.9555,2012-01-16
2012-01-18,1147.0,14.9281,15.0221,2012-01-17
2012-01-19,1143.1,14.8831,14.9281,2012-01-18
2012-01-20,1136.4,14.7431,14.8831,2012-01-19
2012-01-25,1134.7,14.603599999999998,14.7431,2012-01-20
2012-01-26,1126.3,14.4936,14.603599999999998,2012-01-25
2012-01-27,1121.6,14.4779,14.4936,2012-01-26
2012-01-30,1123.8,14.6423,14.4779,2012-01-27
2012-01-31,1125.0,14.730899999999998,14.6423,2012-01-30
2012-02-01,1125.8,14.7559,14.730899999999998,2012-01-31
2012-02-02,1126.4,14.7831,14.7559,2012-02-01
2012-02-03,1118.5,14.6794,14.7831,2012-02-02
2012-02-06,1118.9,14.6166,14.6794,2012-02-03
2012-02-07,1119.9,14.628699999999998,14.6166,2012-02-06
2012-02-08,1121.5,14.6067,14.628699999999998,2012-02-07
2012-02-09,1116.7,14.4913,14.6067,2012-02-08
2012-02-10,1118.1,14.3992,14.4913,2012-02-09
2012-02-13,1121.2,14.4438,14.3992,2012-02-10
2012-02-14,1123.2,14.5023,14.4438,2012-02-13
2012-02-15,1123.6,14.3243,14.5023,2012-02-14
2012-02-16,1123.1,14.3253,14.3243,2012-02-15
2012-02-17,1127.8,14.2968,14.3253,2012-02-16
2012-02-20,1124.4,14.0849,14.2968,2012-02-17
2012-02-21,1122.7,14.1016,14.0849,2012-02-20
2012-02-22,1124.3,14.0978,14.1016,2012-02-21
2012-02-23,1126.3,14.0227,14.0978,2012-02-22
2012-02-24,1128.3,14.1038,14.0227,2012-02-23
2012-02-27,1124.7,13.7941,14.1038,2012-02-24
2012-02-28,1128.4,14.0157,13.7941,2012-02-27
2012-02-29,1126.5,13.9921,14.0157,2012-02-28
2012-03-02,1120.1,13.8045,13.9921,2012-02-29
2012-03-05,1114.5,13.6405,13.8045,2012-03-02
2012-03-06,1118.4,13.7176,13.6405,2012-03-05
2012-03-07,1120.3,13.8737,13.7176,2012-03-06
2012-03-08,1126.4,13.8822,13.8737,2012-03-07
2012-03-09,1119.8,13.7298,13.8822,2012-03-08
2012-03-12,1116.1,13.5293,13.7298,2012-03-09
2012-03-13,1122.1,13.6301,13.5293,2012-03-12
2012-03-14,1121.5,13.5235,13.6301,2012-03-13
2012-03-15,1123.8,13.4121,13.5235,2012-03-14
2012-03-16,1129.1,13.5076,13.4121,2012-03-15
2012-03-19,1124.4,13.4618,13.5076,2012-03-16
2012-03-20,1123.0,13.4636,13.4618,2012-03-19
2012-03-21,1123.1,13.4222,13.4636,2012-03-20
2012-03-22,1127.4,13.5075,13.4222,2012-03-21
2012-03-23,1130.3,13.6807,13.5075,2012-03-22
2012-03-26,1133.8,13.7472,13.6807,2012-03-23
2012-03-27,1138.1,13.7352,13.7472,2012-03-26
2012-03-28,1136.8,13.6725,13.7352,2012-03-27
2012-03-29,1137.2,13.7078,13.6725,2012-03-28
2012-03-30,1137.8,13.8074,13.7078,2012-03-29
2012-04-02,1134.2,13.6873,13.8074,2012-03-30
2012-04-03,1128.1,13.7255,13.6873,2012-04-02
2012-04-04,1123.4,13.5726,13.7255,2012-04-03
2012-04-05,1127.8,13.6877,13.5726,2012-04-04
2012-04-06,1129.5,13.7192,13.6877,2012-04-05
2012-04-09,1130.7,13.8932,13.7192,2012-04-06
2012-04-10,1137.6,13.9463,13.8932,2012-04-09
2012-04-12,1137.9,14.0568,13.9463,2012-04-10
2012-04-13,1142.3,14.119000000000002,14.0568,2012-04-12
2012-04-16,1134.1,14.0185,14.119000000000002,2012-04-13
2012-04-17,1137.7,14.1531,14.0185,2012-04-16
2012-04-18,1138.9,14.0622,14.1531,2012-04-17
2012-04-19,1136.6,13.9777,14.0622,2012-04-18
2012-04-20,1140.5,13.9622,13.9777,2012-04-19
2012-04-23,1140.2,13.9636,13.9622,2012-04-20
2012-04-24,1138.9,14.0336,13.9636,2012-04-23
2012-04-25,1141.2,14.0274,14.0336,2012-04-24
2012-04-26,1139.4,14.013,14.0274,2012-04-25
2012-04-27,1137.8,14.0348,14.013,2012-04-26
2012-04-30,1134.2,14.1201,14.0348,2012-04-27
2012-05-02,1131.6,14.1168,14.1201,2012-04-30
2012-05-03,1126.9,14.0652,14.1168,2012-05-02
2012-05-04,1130.0,14.0819,14.0652,2012-05-03
2012-05-07,1131.5,14.1774,14.0819,2012-05-04
2012-05-08,1138.9,14.2532,14.1774,2012-05-07
2012-05-09,1135.7,14.2194,14.2532,2012-05-08
2012-05-10,1140.0,14.3117,14.2194,2012-05-09
2012-05-11,1142.5,14.3054,14.3117,2012-05-10
2012-05-14,1145.2,14.324000000000002,14.3054,2012-05-11
2012-05-15,1148.7,14.3821,14.324000000000002,2012-05-14
2012-05-16,1154.1,14.3804,14.3821,2012-05-15
2012-05-17,1161.9,14.4542,14.3804,2012-05-16
2012-05-18,1163.2,14.6517,14.4542,2012-05-17
2012-05-21,1173.1,14.8259,14.6517,2012-05-18
2012-05-22,1166.7,14.7051,14.8259,2012-05-21
2012-05-23,1163.9,14.5506,14.7051,2012-05-22
2012-05-24,1171.7,14.7384,14.5506,2012-05-23
2012-05-25,1177.2,14.7964,14.7384,2012-05-24
2012-05-29,1180.4,14.833800000000002,14.7964,2012-05-25
2012-05-30,1178.6,14.8224,14.833800000000002,2012-05-29
2012-05-31,1177.8,14.890999999999998,14.8224,2012-05-30
2012-06-01,1181.6,15.076199999999998,14.890999999999998,2012-05-31
2012-06-04,1180.3,15.0991,15.076199999999998,2012-06-01
2012-06-05,1181.8,15.0759,15.0991,2012-06-04
2012-06-07,1178.4,14.8488,15.0759,2012-06-05
2012-06-08,1170.7,14.6962,14.8488,2012-06-07
2012-06-11,1173.0,14.7547,14.6962,2012-06-08
2012-06-12,1167.0,14.7191,14.7547,2012-06-11
2012-06-13,1170.5,14.702,14.7191,2012-06-12
2012-06-14,1167.8,14.701300000000002,14.702,2012-06-13
2012-06-15,1166.8,14.6897,14.701300000000002,2012-06-14
2012-06-18,1164.0,14.7193,14.6897,2012-06-15
2012-06-19,1158.4,14.6475,14.7193,2012-06-18
2012-06-20,1158.2,14.6524,14.6475,2012-06-19
2012-06-21,1152.7,14.5058,14.6524,2012-06-20
2012-06-22,1150.1,14.3377,14.5058,2012-06-21
2012-06-25,1157.2,14.373399999999998,14.3377,2012-06-22
2012-06-26,1160.8,14.5728,14.373399999999998,2012-06-25
2012-06-27,1159.9,14.5881,14.5728,2012-06-26
2012-06-28,1157.1,14.5173,14.5881,2012-06-27
2012-06-29,1153.8,14.5379,14.5173,2012-06-28
2012-07-02,1151.9,14.4186,14.5379,2012-06-29
2012-07-03,1143.7,14.3934,14.4186,2012-07-02
2012-07-04,1141.6,14.3022,14.3934,2012-07-03
2012-07-05,1135.3,14.2046,14.3022,2012-07-04
2012-07-06,1136.5,14.2223,14.2046,2012-07-05
2012-07-09,1138.4,14.293399999999998,14.2223,2012-07-06
2012-07-10,1142.4,14.3563,14.293399999999998,2012-07-09
2012-07-11,1143.1,14.3958,14.3563,2012-07-10
2012-07-12,1144.1,14.365,14.3958,2012-07-11
2012-07-13,1145.8,14.4462,14.365,2012-07-12
2012-07-16,1151.4,14.5443,14.4462,2012-07-13
2012-07-17,1147.6,14.5607,14.5443,2012-07-16
2012-07-18,1143.5,14.4473,14.5607,2012-07-17
2012-07-19,1140.2,14.4751,14.4473,2012-07-18
2012-07-20,1138.6,14.463,14.4751,2012-07-19
2012-07-23,1140.7,14.5386,14.463,2012-07-20
2012-07-24,1146.9,14.6475,14.5386,2012-07-23
2012-07-25,1148.1,14.689100000000002,14.6475,2012-07-24
2012-07-26,1150.9,14.7296,14.689100000000002,2012-07-25
2012-07-27,1147.2,14.6598,14.7296,2012-07-26
2012-07-30,1139.9,14.5145,14.6598,2012-07-27
2012-07-31,1136.2,14.5359,14.5145,2012-07-30
2012-08-01,1133.2,14.5059,14.5359,2012-07-31
2012-08-02,1127.6,14.3808,14.5059,2012-08-01
2012-08-03,1130.4,14.446,14.3808,2012-08-02
2012-08-06,1135.6,14.4451,14.446,2012-08-03
2012-08-07,1126.5,14.398,14.4451,2012-08-06
2012-08-08,1127.3,14.3322,14.398,2012-08-07
2012-08-09,1128.0,14.3823,14.3322,2012-08-08
2012-08-10,1126.2,14.3264,14.3823,2012-08-09
2012-08-13,1128.1,14.413900000000002,14.3264,2012-08-10
2012-08-14,1131.2,14.4405,14.413900000000002,2012-08-13
2012-08-16,1129.3,14.2931,14.4405,2012-08-14
2012-08-17,1133.1,14.2852,14.2931,2012-08-16
2012-08-20,1133.3,14.2518,14.2852,2012-08-17
2012-08-21,1135.5,14.300999999999998,14.2518,2012-08-20
2012-08-22,1132.5,14.2839,14.300999999999998,2012-08-21
2012-08-23,1133.5,14.4239,14.2839,2012-08-22
2012-08-24,1130.8,14.394100000000002,14.4239,2012-08-23
2012-08-27,1133.7,14.400799999999998,14.394100000000002,2012-08-24
2012-08-28,1135.6,14.4212,14.400799999999998,2012-08-27
2012-08-29,1137.2,14.4664,14.4212,2012-08-28
2012-08-30,1134.0,14.4055,14.4664,2012-08-29
2012-08-31,1134.6,14.4397,14.4055,2012-08-30
2012-09-03,1134.4,14.486,14.4397,2012-08-31
2012-09-04,1131.8,14.4528,14.486,2012-09-03
2012-09-05,1131.8,14.4298,14.4528,2012-09-04
2012-09-06,1135.0,14.4724,14.4298,2012-09-05
2012-09-07,1134.6,14.3802,14.4724,2012-09-06
2012-09-10,1130.5,14.4537,14.3802,2012-09-07
2012-09-11,1128.6,14.423,14.4537,2012-09-10
2012-09-12,1129.3,14.522,14.423,2012-09-11
2012-09-13,1126.2,14.4635,14.522,2012-09-12
2012-09-14,1127.8,14.5363,14.4635,2012-09-13
2012-09-17,1120.4,14.3018,14.5363,2012-09-14
2012-09-18,1115.0,14.1623,14.3018,2012-09-17
2012-09-19,1117.7,14.1813,14.1623,2012-09-18
2012-09-20,1117.1,14.2505,14.1813,2012-09-19
2012-09-21,1118.2,14.2846,14.2505,2012-09-20
2012-09-24,1119.4,14.3265,14.2846,2012-09-21
2012-09-25,1119.8,14.3841,14.3265,2012-09-24
2012-09-26,1118.6,14.3797,14.3841,2012-09-25
2012-09-27,1120.7,14.4234,14.3797,2012-09-26
2012-09-28,1118.6,14.4112,14.4234,2012-09-27
2012-10-02,1112.9,14.2606,14.4112,2012-09-28
2012-10-04,1112.7,14.1781,14.2606,2012-10-02
2012-10-05,1113.3,14.1767,14.1781,2012-10-04
2012-10-08,1110.6,14.1073,14.1767,2012-10-05
2012-10-09,1111.3,14.191,14.1073,2012-10-08
2012-10-10,1110.6,14.1893,14.191,2012-10-09
2012-10-11,1114.3,14.264,14.1893,2012-10-10
2012-10-12,1115.4,14.2298,14.264,2012-10-11
2012-10-15,1111.1,14.1632,14.2298,2012-10-12
2012-10-16,1112.1,14.1273,14.1632,2012-10-15
2012-10-17,1107.1,14.037,14.1273,2012-10-16
2012-10-18,1105.0,13.9661,14.037,2012-10-17
2012-10-19,1104.8,13.9266,13.9661,2012-10-18
2012-10-22,1105.3,13.9479,13.9266,2012-10-19
2012-10-23,1105.1,13.8267,13.9479,2012-10-22
2012-10-24,1102.3,13.806400000000002,13.8267,2012-10-23
2012-10-25,1103.7,13.8222,13.806400000000002,2012-10-24
2012-10-26,1101.4,13.7161,13.8222,2012-10-25
2012-10-29,1096.5,13.7604,13.7161,2012-10-26
2012-10-30,1095.9,13.7391,13.7604,2012-10-29
2012-10-31,1094.1,13.745,13.7391,2012-10-30
2012-11-01,1090.6,13.6632,13.745,2012-10-31
2012-11-02,1090.9,13.6065,13.6632,2012-11-01
2012-11-05,1091.2,13.5561,13.6065,2012-11-02
2012-11-06,1091.7,13.6029,13.5561,2012-11-05
2012-11-07,1091.5,13.5792,13.6029,2012-11-06
2012-11-08,1087.1,13.5947,13.5792,2012-11-07
2012-11-09,1088.2,13.6898,13.5947,2012-11-08
2012-11-12,1089.6,13.7151,13.6898,2012-11-09
2012-11-13,1088.4,13.682,13.7151,2012-11-12
2012-11-14,1090.3,13.7231,13.682,2012-11-13
2012-11-15,1087.3,13.5607,13.7231,2012-11-14
2012-11-16,1086.7,13.3929,13.5607,2012-11-15
2012-11-19,1089.3,13.3845,13.3929,2012-11-16
2012-11-20,1086.9,13.3649,13.3845,2012-11-19
2012-11-21,1083.0,13.2623,13.3649,2012-11-20
2012-11-22,1083.2,13.1265,13.2623,2012-11-21
2012-11-23,1084.1,13.1462,13.1265,2012-11-22
2012-11-26,1086.3,13.1833,13.1462,2012-11-23
2012-11-27,1084.9,13.224,13.1833,2012-11-26
2012-11-28,1084.1,13.2014,13.224,2012-11-27
2012-11-29,1085.4,13.2229,13.2014,2012-11-28
2012-11-30,1084.7,13.2055,13.2229,2012-11-29
2012-12-03,1083.2,13.146400000000002,13.2055,2012-11-30
2012-12-04,1083.5,13.1805,13.146400000000002,2012-12-03
2012-12-05,1083.7,13.2288,13.1805,2012-12-04
2012-12-06,1082.5,13.1347,13.2288,2012-12-05
2012-12-07,1082.7,13.1396,13.1347,2012-12-06
2012-12-10,1082.6,13.12,13.1396,2012-12-07
2012-12-11,1079.4,13.1051,13.12,2012-12-10
2012-12-12,1077.3,13.048699999999998,13.1051,2012-12-11
2012-12-13,1075.7,12.9291,13.048699999999998,2012-12-12
2012-12-14,1072.3,12.8235,12.9291,2012-12-13
2012-12-17,1073.9,12.7693,12.8235,2012-12-14
2012-12-18,1072.9,12.7924,12.7693,2012-12-17
2012-12-20,1071.8,12.7368,12.7924,2012-12-18
2012-12-21,1073.4,12.7278,12.7368,2012-12-20
2012-12-24,1075.4,12.746199999999998,12.7278,2012-12-21
2012-12-26,1074.8,12.6559,12.746199999999998,2012-12-24
2012-12-27,1073.8,12.550999999999998,12.6559,2012-12-26
2012-12-28,1072.5,12.4189,12.550999999999998,2012-12-27
2012-12-31,1071.1,12.475,12.4189,2012-12-28
2013-01-02,1071.1,12.3605,12.475,2012-12-31
2013-01-03,1064.7,12.1896,12.3605,2013-01-02
2013-01-04,1063.8,12.1633,12.1896,2013-01-03
2013-01-07,1064.1,12.0578,12.1633,2013-01-04
2013-01-08,1063.4,12.1601,12.0578,2013-01-07
2013-01-09,1063.2,12.2214,12.1601,2013-01-08
2013-01-10,1062.1,12.0625,12.2214,2013-01-09
2013-01-11,1061.0,11.9341,12.0625,2013-01-10
2013-01-14,1056.5,11.8058,11.9341,2013-01-11
2013-01-15,1056.1,11.8053,11.8058,2013-01-14
2013-01-16,1055.4,11.8805,11.8053,2013-01-15
2013-01-17,1058.9,11.9501,11.8805,2013-01-16
2013-01-18,1058.2,11.7493,11.9501,2013-01-17
2013-01-21,1056.1,11.7136,11.7493,2013-01-18
2013-01-22,1060.0,11.8112,11.7136,2013-01-21
2013-01-23,1064.4,11.9878,11.8112,2013-01-22
2013-01-24,1065.4,12.041099999999998,11.9878,2013-01-23
2013-01-25,1068.4,11.8264,12.041099999999998,2013-01-24
2013-01-28,1071.8,11.7677,11.8264,2013-01-25
2013-01-29,1082.5,11.9409,11.7677,2013-01-28
2013-01-30,1088.0,11.987,11.9409,2013-01-29
2013-01-31,1082.7,11.8847,11.987,2013-01-30
2013-02-01,1088.9,11.8604,11.8847,2013-01-31
2013-02-04,1092.9,11.7769,11.8604,2013-02-01
2013-02-05,1089.0,11.8126,11.7769,2013-02-04
2013-02-06,1086.8,11.6086,11.8126,2013-02-05
2013-02-07,1088.8,11.6319,11.6086,2013-02-06
2013-02-08,1089.3,11.6328,11.6319,2013-02-07
2013-02-12,1093.8,11.601,11.6328,2013-02-08
2013-02-13,1094.2,11.730899999999998,11.601,2013-02-12
2013-02-14,1086.4,11.6498,11.730899999999998,2013-02-13
2013-02-15,1084.7,11.6773,11.6498,2013-02-14
2013-02-18,1079.0,11.4995,11.6773,2013-02-15
2013-02-19,1082.6,11.5317,11.4995,2013-02-18
2013-02-20,1081.4,11.5596,11.5317,2013-02-19
2013-02-21,1077.8,11.5051,11.5596,2013-02-20
2013-02-22,1084.1,11.6507,11.5051,2013-02-21
2013-02-25,1086.4,11.5366,11.6507,2013-02-22
2013-02-26,1087.4,11.7741,11.5366,2013-02-25
2013-02-27,1088.0,11.8209,11.7741,2013-02-26
2013-02-28,1085.4,11.762,11.8209,2013-02-27
2013-03-04,1081.9,11.5643,11.762,2013-02-28
2013-03-05,1091.4,11.6765,11.5643,2013-03-04
2013-03-06,1087.0,11.6443,11.6765,2013-03-05
2013-03-07,1083.6,11.5338,11.6443,2013-03-06
2013-03-08,1086.4,11.4454,11.5338,2013-03-07
2013-03-11,1090.3,11.3331,11.4454,2013-03-08
2013-03-12,1098.3,11.371300000000002,11.3331,2013-03-11
2013-03-13,1095.0,11.4146,11.371300000000002,2013-03-12
2013-03-14,1097.5,11.424,11.4146,2013-03-13
2013-03-15,1105.0,11.498399999999998,11.424,2013-03-14
2013-03-18,1109.9,11.6918,11.498399999999998,2013-03-15
2013-03-19,1114.8,11.6898,11.6918,2013-03-18
2013-03-20,1110.2,11.6783,11.6898,2013-03-19
2013-03-21,1117.5,11.6303,11.6783,2013-03-20
2013-03-22,1116.2,11.7445,11.6303,2013-03-21
2013-03-25,1117.2,11.8004,11.7445,2013-03-22
2013-03-26,1112.5,11.8144,11.8004,2013-03-25
2013-03-27,1107.9,11.708900000000002,11.8144,2013-03-26
2013-03-28,1109.2,11.7544,11.708900000000002,2013-03-27
2013-03-29,1112.1,11.8013,11.7544,2013-03-28
2013-04-01,1112.5,11.7918,11.8013,2013-03-29
2013-04-02,1115.5,11.9682,11.7918,2013-04-01
2013-04-03,1112.8,11.9163,11.9682,2013-04-02
2013-04-04,1120.6,12.054,11.9163,2013-04-03
2013-04-05,1123.8,11.6631,12.054,2013-04-04
2013-04-08,1127.1,11.4305,11.6631,2013-04-05
2013-04-09,1138.3,11.4264,11.4305,2013-04-08
2013-04-10,1138.9,11.4808,11.4264,2013-04-09
2013-04-11,1138.3,11.4115,11.4808,2013-04-10
2013-04-12,1129.0,11.3223,11.4115,2013-04-11
2013-04-15,1131.1,11.4967,11.3223,2013-04-12
2013-04-16,1124.7,11.5835,11.4967,2013-04-15
2013-04-17,1119.6,11.4625,11.5835,2013-04-16
2013-04-18,1115.3,11.3661,11.4625,2013-04-17
2013-04-19,1122.0,11.4169,11.3661,2013-04-18
2013-04-22,1118.5,11.2018,11.4169,2013-04-19
2013-04-23,1121.7,11.2898,11.2018,2013-04-22
2013-04-24,1120.2,11.2634,11.2898,2013-04-23
2013-04-25,1119.2,11.2471,11.2634,2013-04-24
2013-04-26,1113.9,11.2102,11.2471,2013-04-25
2013-04-29,1109.2,11.3247,11.2102,2013-04-26
2013-04-30,1108.1,11.3204,11.3247,2013-04-29
2013-05-02,1102.2,11.3273,11.3204,2013-04-30
2013-05-03,1099.7,11.2243,11.3273,2013-05-02
2013-05-06,1099.9,11.0944,11.2243,2013-05-03
2013-05-07,1094.0,11.0116,11.0944,2013-05-06
2013-05-08,1094.0,11.0729,11.0116,2013-05-07
2013-05-09,1087.7,10.9958,11.0729,2013-05-08
2013-05-10,1087.0,10.8046,10.9958,2013-05-09
2013-05-13,1102.6,10.8194,10.8046,2013-05-10
2013-05-14,1114.6,10.9462,10.8194,2013-05-13
2013-05-15,1109.4,10.8483,10.9462,2013-05-14
2013-05-16,1113.6,10.8872,10.8483,2013-05-15
2013-05-20,1114.3,10.8337,10.8872,2013-05-16
2013-05-21,1118.1,10.9403,10.8337,2013-05-20
2013-05-22,1112.9,10.8645,10.9403,2013-05-21
2013-05-23,1112.4,10.781199999999998,10.8645,2013-05-22
2013-05-24,1123.7,11.0053,10.781199999999998,2013-05-23
2013-05-27,1128.0,11.1363,11.0053,2013-05-24
2013-05-28,1125.1,11.1253,11.1363,2013-05-27
2013-05-29,1125.5,11.0014,11.1253,2013-05-28
2013-05-30,1131.0,11.1842,11.0014,2013-05-29
2013-05-31,1128.3,11.1658,11.1842,2013-05-30
2013-06-03,1126.6,11.2021,11.1658,2013-05-31
2013-06-04,1128.1,11.3155,11.2021,2013-06-03
2013-06-05,1121.8,11.1939,11.3155,2013-06-04
2013-06-07,1119.2,11.5132,11.1939,2013-06-05
2013-06-10,1111.4,11.3033,11.5132,2013-06-07
2013-06-11,1123.6,11.366700000000002,11.3033,2013-06-10
2013-06-12,1133.7,11.7848,11.366700000000002,2013-06-11
2013-06-13,1131.2,11.8122,11.7848,2013-06-12
2013-06-14,1134.8,11.8827,11.8122,2013-06-13
2013-06-17,1128.2,11.9709,11.8827,2013-06-14
2013-06-18,1128.0,11.9195,11.9709,2013-06-17
2013-06-19,1129.9,11.8221,11.9195,2013-06-18
2013-06-20,1133.0,11.7257,11.8221,2013-06-19
2013-06-21,1144.6,11.7933,11.7257,2013-06-20
2013-06-24,1155.6,11.7451,11.7933,2013-06-21
2013-06-25,1157.1,11.8671,11.7451,2013-06-24
2013-06-26,1159.1,11.7999,11.8671,2013-06-25
2013-06-27,1153.4,11.7941,11.7999,2013-06-26
2013-06-28,1149.7,11.671500000000002,11.7941,2013-06-27
2013-07-01,1145.3,11.5227,11.671500000000002,2013-06-28
2013-07-02,1136.9,11.4089,11.5227,2013-07-01
2013-07-03,1132.9,11.2391,11.4089,2013-07-02
2013-07-04,1140.6,11.4026,11.2391,2013-07-03
2013-07-05,1140.2,11.3719,11.4026,2013-07-04
2013-07-08,1141.7,11.2566,11.3719,2013-07-05
2013-07-09,1151.4,11.4153,11.2566,2013-07-08
2013-07-10,1144.7,11.3197,11.4153,2013-07-09
2013-07-11,1138.8,11.5176,11.3197,2013-07-10
2013-07-12,1124.9,11.3672,11.5176,2013-07-11
2013-07-15,1122.3,11.3084,11.3672,2013-07-12
2013-07-16,1122.6,11.2316,11.3084,2013-07-15
2013-07-17,1119.0,11.2785,11.2316,2013-07-16
2013-07-18,1118.1,11.2163,11.2785,2013-07-17
2013-07-19,1122.3,11.1572,11.2163,2013-07-18
2013-07-22,1123.5,11.1802,11.1572,2013-07-19
2013-07-23,1118.5,11.244000000000002,11.1802,2013-07-22
2013-07-24,1116.5,11.2222,11.244000000000002,2013-07-23
2013-07-25,1114.1,11.1082,11.2222,2013-07-24
2013-07-26,1117.3,11.2574,11.1082,2013-07-25
2013-07-29,1111.7,11.3479,11.2574,2013-07-26
2013-07-30,1109.4,11.3291,11.3479,2013-07-29
2013-07-31,1113.6,11.354,11.3291,2013-07-30
2013-08-01,1119.6,11.4438,11.354,2013-07-31
2013-08-02,1121.4,11.2721,11.4438,2013-08-01
2013-08-05,1125.4,11.3717,11.2721,2013-08-02
2013-08-06,1116.3,11.3584,11.3717,2013-08-05
2013-08-07,1114.2,11.416,11.3584,2013-08-06
2013-08-08,1117.3,11.5794,11.416,2013-08-07
2013-08-09,1113.6,11.5125,11.5794,2013-08-08
2013-08-12,1111.8,11.5428,11.5125,2013-08-09
2013-08-13,1113.0,11.4459,11.5428,2013-08-12
2013-08-14,1116.5,11.3621,11.4459,2013-08-13
2013-08-16,1119.5,11.5122,11.3621,2013-08-14
2013-08-19,1115.0,11.4102,11.5122,2013-08-16
2013-08-20,1113.7,11.406199999999998,11.4102,2013-08-19
2013-08-21,1121.9,11.5256,11.406199999999998,2013-08-20
2013-08-22,1118.1,11.443,11.5256,2013-08-21
2013-08-23,1124.3,11.3928,11.443,2013-08-22
2013-08-26,1118.2,11.319,11.3928,2013-08-23
2013-08-27,1113.0,11.3116,11.319,2013-08-26
2013-08-28,1115.8,11.4918,11.3116,2013-08-27
2013-08-29,1117.0,11.4347,11.4918,2013-08-28
2013-08-30,1110.9,11.2919,11.4347,2013-08-29
2013-09-02,1109.6,11.2793,11.2919,2013-08-30
2013-09-03,1104.1,11.0904,11.2793,2013-09-02
2013-09-04,1095.9,10.9958,11.0904,2013-09-03
2013-09-05,1099.8,11.0189,10.9958,2013-09-04
2013-09-06,1093.8,10.9183,11.0189,2013-09-05
2013-09-09,1095.4,10.9617,10.9183,2013-09-06
2013-09-10,1088.2,10.918,10.9617,2013-09-09
2013-09-11,1084.9,10.8052,10.918,2013-09-10
2013-09-12,1087.1,10.8792,10.8052,2013-09-11
2013-09-13,1083.2,10.876600000000002,10.8792,2013-09-12
2013-09-16,1085.3,10.9743,10.876600000000002,2013-09-13
2013-09-17,1082.2,10.9203,10.9743,2013-09-16
2013-09-23,1085.2,10.9285,10.9203,2013-09-17
2013-09-24,1075.9,10.8924,10.9285,2013-09-23
2013-09-25,1074.9,10.8845,10.8924,2013-09-24
2013-09-26,1076.8,10.931400000000002,10.8845,2013-09-25
2013-09-27,1074.4,10.8553,10.931400000000002,2013-09-26
2013-09-30,1075.6,10.9867,10.8553,2013-09-27
2013-10-01,1075.2,10.9346,10.9867,2013-09-30
2013-10-02,1074.5,10.9581,10.9346,2013-10-01
2013-10-04,1074.6,11.0556,10.9581,2013-10-02
2013-10-07,1071.6,11.023,11.0556,2013-10-04
2013-10-08,1070.5,11.0669,11.023,2013-10-07
2013-10-10,1073.6,11.0102,11.0669,2013-10-08
2013-10-11,1075.7,10.9581,11.0102,2013-10-10
2013-10-14,1070.5,10.8918,10.9581,2013-10-11
2013-10-15,1072.3,10.8659,10.8918,2013-10-14
2013-10-16,1067.9,10.8692,10.8659,2013-10-15
2013-10-17,1067.1,10.7875,10.8692,2013-10-16
2013-10-18,1064.4,10.8585,10.7875,2013-10-17
2013-10-21,1061.4,10.8456,10.8585,2013-10-18
2013-10-22,1062.0,10.8169,10.8456,2013-10-21
2013-10-23,1061.7,10.8193,10.8169,2013-10-22
2013-10-24,1056.5,10.8509,10.8193,2013-10-23
2013-10-25,1057.2,10.855899999999998,10.8509,2013-10-24
2013-10-28,1062.3,10.8959,10.855899999999998,2013-10-25
2013-10-29,1061.4,10.8666,10.8959,2013-10-28
2013-10-30,1060.9,10.809,10.8666,2013-10-29
2013-10-31,1061.4,10.7751,10.809,2013-10-30
2013-11-01,1059.9,10.779000000000002,10.7751,2013-10-31
2013-11-04,1062.6,10.7632,10.779000000000002,2013-11-01
2013-11-05,1062.1,10.7696,10.7632,2013-11-04
2013-11-06,1062.0,10.7784,10.7696,2013-11-05
2013-11-07,1062.0,10.7642,10.7784,2013-11-06
2013-11-08,1060.7,10.8069,10.7642,2013-11-07
2013-11-11,1063.5,10.7218,10.8069,2013-11-08
2013-11-12,1068.5,10.7728,10.7218,2013-11-11
2013-11-13,1070.9,10.7482,10.7728,2013-11-12
2013-11-14,1072.9,10.8063,10.7482,2013-11-13
2013-11-15,1067.3,10.6666,10.8063,2013-11-14
2013-11-18,1066.7,10.633,10.6666,2013-11-15
2013-11-19,1060.7,10.616,10.633,2013-11-18
2013-11-20,1055.8,10.541099999999998,10.616,2013-11-19
2013-11-21,1056.3,10.5556,10.541099999999998,2013-11-20
2013-11-22,1061.9,10.4957,10.5556,2013-11-21
2013-11-25,1061.6,10.4818,10.4957,2013-11-22
2013-11-26,1060.6,10.4457,10.4818,2013-11-25
2013-11-27,1060.3,10.4649,10.4457,2013-11-26
2013-11-28,1060.9,10.3776,10.4649,2013-11-27
2013-11-29,1062.1,10.3817,10.3776,2013-11-28
2013-12-02,1058.9,10.3242,10.3817,2013-11-29
2013-12-03,1057.7,10.2744,10.3242,2013-12-02
2013-12-04,1061.3,10.3638,10.2744,2013-12-03
2013-12-05,1061.2,10.3694,10.3638,2013-12-04
2013-12-06,1060.7,10.4353,10.3694,2013-12-05
2013-12-09,1058.2,10.2588,10.4353,2013-12-06
2013-12-10,1053.1,10.1946,10.2588,2013-12-09
2013-12-11,1052.5,10.2329,10.1946,2013-12-10
2013-12-12,1051.9,10.2679,10.2329,2013-12-11
2013-12-13,1053.5,10.1748,10.2679,2013-12-12
2013-12-16,1053.1,10.2025,10.1748,2013-12-13
2013-12-17,1052.6,10.2135,10.2025,2013-12-16
2013-12-18,1051.5,10.2515,10.2135,2013-12-17
2013-12-19,1052.1,10.0863,10.2515,2013-12-18
2013-12-20,1058.1,10.1501,10.0863,2013-12-19
2013-12-23,1061.9,10.2057,10.1501,2013-12-20
2013-12-24,1061.0,10.1853,10.2057,2013-12-23
2013-12-26,1060.4,10.1527,10.1853,2013-12-24
2013-12-27,1059.4,10.1068,10.1527,2013-12-26
2013-12-30,1055.6,10.019,10.1068,2013-12-27
2013-12-31,1055.3,10.0466,10.019,2013-12-30
2014-01-02,1055.3,10.0152,10.0466,2013-12-31
2014-01-03,1050.4,10.0243,10.0152,2014-01-02
2014-01-06,1054.1,10.052,10.0243,2014-01-03
2014-01-07,1062.2,10.1899,10.052,2014-01-06
2014-01-08,1067.9,10.2069,10.1899,2014-01-07
2014-01-09,1066.0,10.1669,10.2069,2014-01-08
2014-01-10,1064.8,10.1574,10.1669,2014-01-09
2014-01-13,1062.8,10.2114,10.1574,2014-01-10
2014-01-14,1056.5,10.2533,10.2114,2014-01-13
2014-01-15,1058.4,10.1535,10.2533,2014-01-14
2014-01-16,1062.5,10.1607,10.1535,2014-01-15
2014-01-17,1064.2,10.2013,10.1607,2014-01-16
2014-01-20,1061.0,10.1765,10.2013,2014-01-17
2014-01-21,1063.9,10.2121,10.1765,2014-01-20
2014-01-22,1064.2,10.2052,10.2121,2014-01-21
2014-01-23,1068.4,10.222,10.2052,2014-01-22
2014-01-24,1071.9,10.376600000000002,10.222,2014-01-23
2014-01-27,1077.2,10.5654,10.376600000000002,2014-01-24
2014-01-28,1084.1,10.5622,10.5654,2014-01-27
2014-01-29,1079.2,10.4371,10.5622,2014-01-28
2014-02-03,1071.1,10.482,10.4371,2014-01-29
2014-02-04,1082.2,10.7095,10.482,2014-02-03
2014-02-05,1086.1,10.6821,10.7095,2014-02-04
2014-02-06,1079.5,10.6328,10.6821,2014-02-05
2014-02-07,1076.4,10.5483,10.6328,2014-02-06
2014-02-10,1075.1,10.4801,10.5483,2014-02-07
2014-02-11,1071.9,10.4842,10.4801,2014-02-10
2014-02-12,1072.0,10.4499,10.4842,2014-02-11
2014-02-13,1064.7,10.3863,10.4499,2014-02-12
2014-02-14,1063.9,10.41,10.3863,2014-02-13
2014-02-17,1061.9,10.4348,10.41,2014-02-14
2014-02-18,1060.5,10.4001,10.4348,2014-02-17
2014-02-19,1064.1,10.3931,10.4001,2014-02-18
2014-02-20,1067.1,10.4275,10.3931,2014-02-19
2014-02-21,1071.9,10.4724,10.4275,2014-02-20
2014-02-24,1073.1,10.4631,10.4724,2014-02-21
2014-02-25,1076.3,10.5,10.4631,2014-02-24
2014-02-26,1070.6,10.4725,10.5,2014-02-25
2014-02-27,1069.9,10.4508,10.4725,2014-02-26
2014-02-28,1067.7,10.4482,10.4508,2014-02-27
2014-03-03,1066.2,10.5106,10.4482,2014-02-28
2014-03-04,1071.9,10.5684,10.5106,2014-03-03
2014-03-05,1072.0,10.4867,10.5684,2014-03-04
2014-03-06,1070.6,10.4607,10.4867,2014-03-05
2014-03-07,1067.4,10.3571,10.4607,2014-03-06
2014-03-10,1062.6,10.298,10.3571,2014-03-07
2014-03-11,1065.9,10.3205,10.298,2014-03-10
2014-03-12,1064.8,10.3394,10.3205,2014-03-11
2014-03-13,1069.2,10.4074,10.3394,2014-03-12
2014-03-14,1067.4,10.4837,10.4074,2014-03-13
2014-03-17,1072.0,10.5772,10.4837,2014-03-14
2014-03-18,1069.9,10.5047,10.5772,2014-03-17
2014-03-19,1067.9,10.5295,10.5047,2014-03-18
2014-03-20,1070.7,10.455,10.5295,2014-03-19
2014-03-21,1075.3,10.5015,10.455,2014-03-20
2014-03-24,1080.3,10.5725,10.5015,2014-03-21
2014-03-25,1079.7,10.562,10.5725,2014-03-24
2014-03-26,1078.2,10.5406,10.562,2014-03-25
2014-03-27,1075.0,10.533,10.5406,2014-03-26
2014-03-28,1072.8,10.4955,10.533,2014-03-27
2014-03-31,1068.8,10.3873,10.4955,2014-03-28
2014-04-01,1066.1,10.328399999999998,10.3873,2014-03-31
2014-04-02,1060.5,10.2335,10.328399999999998,2014-04-01
2014-04-03,1057.0,10.1767,10.2335,2014-04-02
2014-04-04,1058.1,10.1829,10.1767,2014-04-03
2014-04-07,1056.1,10.2207,10.1829,2014-04-04
2014-04-08,1053.4,10.2158,10.2207,2014-04-07
2014-04-09,1053.6,10.3385,10.2158,2014-04-08
2014-04-10,1043.2,10.2234,10.3385,2014-04-09
2014-04-11,1036.0,10.2104,10.2234,2014-04-10
2014-04-14,1037.5,10.2222,10.2104,2014-04-11
2014-04-15,1038.9,10.1978,10.2222,2014-04-14
2014-04-16,1041.2,10.2249,10.1978,2014-04-15
2014-04-17,1041.3,10.1869,10.2249,2014-04-16
2014-04-18,1037.1,10.1274,10.1869,2014-04-17
2014-04-21,1037.2,10.1254,10.1274,2014-04-18
2014-04-22,1037.9,10.112,10.1254,2014-04-21
2014-04-23,1039.6,10.1301,10.112,2014-04-22
2014-04-24,1039.5,10.1425,10.1301,2014-04-23
2014-04-25,1038.3,10.153,10.1425,2014-04-24
2014-04-28,1038.9,10.1683,10.153,2014-04-25
2014-04-29,1037.1,10.119,10.1683,2014-04-28
2014-04-30,1031.7,10.0531,10.119,2014-04-29
2014-05-02,1032.2,10.0894,10.0531,2014-04-30
2014-05-07,1031.2,10.1426,10.0894,2014-05-02
2014-05-08,1025.6,10.0692,10.1426,2014-05-07
2014-05-09,1023.5,10.0743,10.0692,2014-05-08
2014-05-12,1023.0,10.0437,10.0743,2014-05-09
2014-05-13,1025.0,10.0279,10.0437,2014-05-12
2014-05-14,1022.9,10.0039,10.0279,2014-05-13
2014-05-15,1024.6,10.0604,10.0039,2014-05-14
2014-05-16,1026.5,10.1108,10.0604,2014-05-15
2014-05-19,1025.8,10.1014,10.1108,2014-05-16
2014-05-20,1022.7,10.0783,10.1014,2014-05-19
2014-05-21,1024.1,10.1131,10.0783,2014-05-20
2014-05-22,1026.7,10.1218,10.1131,2014-05-21
2014-05-23,1025.2,10.0732,10.1218,2014-05-22
2014-05-26,1024.3,10.0461,10.0732,2014-05-23
2014-05-27,1023.9,10.0461,10.0461,2014-05-26
2014-05-28,1023.4,10.0358,10.0461,2014-05-27
2014-05-29,1022.6,10.0491,10.0358,2014-05-28
2014-05-30,1021.6,10.0418,10.0491,2014-05-29
2014-06-02,1020.4,10.0206,10.0418,2014-05-30
2014-06-03,1023.6,9.9961,10.0206,2014-06-02
2014-06-05,1024.3,9.9723,9.9961,2014-06-03
2014-06-09,1022.6,9.9688,9.9723,2014-06-05
2014-06-10,1017.4,9.9239,9.9688,2014-06-09
2014-06-11,1016.5,9.934,9.9239,2014-06-10
2014-06-12,1016.5,9.9672,9.934,2014-06-11
2014-06-13,1017.5,10.0064,9.9672,2014-06-12
2014-06-16,1018.0,9.9809,10.0064,2014-06-13
2014-06-17,1019.5,10.0113,9.9809,2014-06-16
2014-06-18,1022.1,10.0034,10.0113,2014-06-17
2014-06-19,1023.1,10.0368,10.0034,2014-06-18
2014-06-20,1018.3,9.9902,10.0368,2014-06-19
2014-06-23,1019.6,9.9873,9.9902,2014-06-20
2014-06-24,1018.4,9.9951,9.9873,2014-06-23
2014-06-25,1018.0,9.9858,9.9951,2014-06-24
2014-06-26,1020.6,10.0246,9.9858,2014-06-25
2014-06-27,1017.0,10.0034,10.0246,2014-06-26
2014-06-30,1014.4,10.0,10.0034,2014-06-27
2014-07-01,1012.1,9.9896,10.0,2014-06-30
2014-07-02,1011.8,9.9641,9.9896,2014-07-01
2014-07-03,1009.8,9.9209,9.9641,2014-07-02
2014-07-04,1009.6,9.8782,9.9209,2014-07-03
2014-07-07,1008.9,9.8805,9.8782,2014-07-04
2014-07-08,1009.9,9.916,9.8805,2014-07-07
2014-07-09,1011.2,9.9591,9.916,2014-07-08
2014-07-10,1012.2,9.9611,9.9591,2014-07-09
2014-07-11,1011.9,9.9906,9.9611,2014-07-10
2014-07-14,1018.0,10.0414,9.9906,2014-07-11
2014-07-15,1018.5,10.0305,10.0414,2014-07-14
2014-07-16,1023.7,10.0684,10.0305,2014-07-15
2014-07-17,1032.7,10.1584,10.0684,2014-07-16
2014-07-18,1029.6,10.1764,10.1584,2014-07-17
2014-07-21,1031.9,10.181,10.1764,2014-07-18
2014-07-22,1027.5,10.1326,10.181,2014-07-21
2014-07-23,1024.6,10.0981,10.1326,2014-07-22
2014-07-24,1022.8,10.0744,10.0981,2014-07-23
2014-07-25,1028.0,10.0987,10.0744,2014-07-24
2014-07-28,1029.4,10.1145,10.0987,2014-07-25
2014-07-29,1025.2,10.0653,10.1145,2014-07-28
2014-07-30,1024.7,10.0357,10.0653,2014-07-29
2014-07-31,1024.3,9.9572,10.0357,2014-07-30
2014-08-01,1026.2,9.9859,9.9572,2014-07-31
2014-08-04,1033.7,10.0785,9.9859,2014-08-01
2014-08-05,1031.7,10.0609,10.0785,2014-08-04
2014-08-06,1030.8,10.0468,10.0609,2014-08-05
2014-08-07,1034.3,10.1288,10.0468,2014-08-06
2014-08-08,1034.4,10.1327,10.1288,2014-08-07
2014-08-11,1037.4,10.1606,10.1327,2014-08-08
2014-08-12,1030.6,10.0817,10.1606,2014-08-11
2014-08-13,1028.3,10.0538,10.0817,2014-08-12
2014-08-14,1028.1,10.0366,10.0538,2014-08-13
2014-08-18,1024.9,10.0122,10.0366,2014-08-14
2014-08-19,1017.7,9.9162,10.0122,2014-08-18
2014-08-20,1018.0,9.8917,9.9162,2014-08-19
2014-08-21,1020.9,9.8443,9.8917,2014-08-20
2014-08-22,1023.9,9.8599,9.8443,2014-08-21
2014-08-25,1019.5,9.7841,9.8599,2014-08-22
2014-08-26,1020.6,9.8078,9.7841,2014-08-25
2014-08-27,1018.0,9.78,9.8078,2014-08-26
2014-08-28,1014.6,9.7647,9.78,2014-08-27
2014-08-29,1013.6,9.7758,9.7647,2014-08-28
2014-09-01,1014.9,9.746,9.7758,2014-08-29
2014-09-02,1014.3,9.7225,9.746,2014-09-01
2014-09-03,1015.6,9.6604,9.7225,2014-09-02
2014-09-04,1018.9,9.7186,9.6604,2014-09-03
2014-09-05,1018.0,9.6598,9.7186,2014-09-04
2014-09-11,1024.6,9.5918,9.6598,2014-09-05
2014-09-12,1034.4,9.6623,9.5918,2014-09-11
2014-09-15,1038.0,9.6729,9.6623,2014-09-12
2014-09-16,1038.9,9.6971,9.6729,2014-09-15
2014-09-17,1035.2,9.6603,9.6971,2014-09-16
2014-09-18,1033.9,9.5255,9.6603,2014-09-17
2014-09-19,1041.5,9.5744,9.5255,2014-09-18
2014-09-22,1044.9,9.5876,9.5744,2014-09-19
2014-09-23,1040.7,9.5675,9.5876,2014-09-22
2014-09-24,1042.1,9.575,9.5675,2014-09-23
2014-09-25,1039.8,9.5207,9.575,2014-09-24
2014-09-26,1042.6,9.5999,9.5207,2014-09-25
2014-09-29,1042.7,9.5263,9.5999,2014-09-26
2014-09-30,1050.6,9.6024,9.5263,2014-09-29
2014-10-01,1054.7,9.621,9.6024,2014-09-30
2014-10-02,1062.1,9.736,9.621,2014-10-01
2014-10-06,1061.1,9.6622,9.736,2014-10-02
2014-10-07,1069.7,9.8318,9.6622,2014-10-06
2014-10-08,1066.5,9.8787,9.8318,2014-10-07
2014-10-10,1072.3,9.9384,9.8787,2014-10-08
2014-10-13,1071.0,9.9758,9.9384,2014-10-10
2014-10-14,1069.1,9.9902,9.9758,2014-10-13
2014-10-15,1063.5,9.9184,9.9902,2014-10-14
2014-10-16,1065.8,10.0505,9.9184,2014-10-15
2014-10-17,1059.9,9.9563,10.0505,2014-10-16
2014-10-20,1062.7,9.9146,9.9563,2014-10-17
2014-10-21,1060.4,9.9172,9.9146,2014-10-20
2014-10-22,1054.5,9.851,9.9172,2014-10-21
2014-10-23,1053.7,9.8311,9.851,2014-10-22
2014-10-24,1055.4,9.7564,9.8311,2014-10-23
2014-10-27,1059.3,9.7947,9.7564,2014-10-24
2014-10-28,1052.6,9.7612,9.7947,2014-10-27
2014-10-29,1050.6,9.7174,9.7612,2014-10-28
2014-10-30,1047.0,9.6245,9.7174,2014-10-29
2014-10-31,1054.0,9.6405,9.6245,2014-10-30
2014-11-03,1058.8,9.3761,9.6405,2014-10-31
2014-11-04,1075.1,9.4477,9.3761,2014-11-03
2014-11-05,1079.9,9.5179,9.4477,2014-11-04
2014-11-06,1078.7,9.407,9.5179,2014-11-05
2014-11-07,1089.1,9.4519,9.407,2014-11-06
2014-11-10,1092.5,9.5423,9.4519,2014-11-07
2014-11-11,1085.2,9.4505,9.5423,2014-11-10
2014-11-12,1089.9,9.4066,9.4505,2014-11-11
2014-11-13,1098.5,9.5042,9.4066,2014-11-12
2014-11-14,1097.5,9.478,9.5042,2014-11-13
2014-11-17,1099.6,9.4342,9.478,2014-11-14
2014-11-18,1097.0,9.4014,9.4342,2014-11-17
2014-11-19,1098.9,9.4036,9.4014,2014-11-18
2014-11-20,1104.2,9.3457,9.4036,2014-11-19
2014-11-21,1113.1,9.4091,9.3457,2014-11-20
2014-11-24,1110.9,9.42,9.4091,2014-11-21
2014-11-25,1112.2,9.3975,9.42,2014-11-24
2014-11-26,1112.8,9.4365,9.3975,2014-11-25
2014-11-27,1107.0,9.4121,9.4365,2014-11-26
2014-11-28,1101.1,9.3385,9.4121,2014-11-27
2014-12-01,1105.0,9.3029,9.3385,2014-11-28
2014-12-02,1116.2,9.4381,9.3029,2014-12-01
2014-12-03,1106.8,9.2833,9.4381,2014-12-02
2014-12-04,1114.4,9.3018,9.2833,2014-12-03
2014-12-05,1115.8,9.3127,9.3018,2014-12-04
2014-12-08,1113.2,9.1426,9.3127,2014-12-05
2014-12-09,1118.3,9.2766,9.1426,2014-12-08
2014-12-10,1112.0,9.2938,9.2766,2014-12-09
2014-12-11,1104.5,9.3661,9.2938,2014-12-10
2014-12-12,1098.1,9.2339,9.3661,2014-12-11
2014-12-15,1103.9,9.331,9.2339,2014-12-12
2014-12-16,1103.0,9.3669,9.331,2014-12-15
2014-12-17,1092.4,9.3732,9.3669,2014-12-16
2014-12-18,1088.1,9.1445,9.3732,2014-12-17
2014-12-19,1103.2,9.2764,9.1445,2014-12-18
2014-12-22,1101.3,9.2128,9.2764,2014-12-19
2014-12-23,1097.3,9.1347,9.2128,2014-12-22
2014-12-24,1100.5,9.1154,9.1347,2014-12-23
2014-12-26,1104.3,9.1818,9.1154,2014-12-24
2014-12-29,1099.5,9.1328,9.1818,2014-12-26
2014-12-30,1098.2,9.1001,9.1328,2014-12-29
2014-12-31,1099.2,9.2014,9.1001,2014-12-30
2015-01-02,1099.2,9.173,9.2014,2014-12-31
2015-01-05,1102.6,9.1498,9.173,2015-01-02
2015-01-06,1108.7,9.2879,9.1498,2015-01-05
2015-01-07,1103.9,9.3125,9.2879,2015-01-06
2015-01-08,1099.7,9.2183,9.3125,2015-01-07
2015-01-09,1098.5,9.171,9.2183,2015-01-08
2015-01-12,1092.2,9.2332,9.171,2015-01-09
2015-01-13,1083.0,9.1481,9.2332,2015-01-12
2015-01-14,1081.5,9.1796,9.1481,2015-01-13
2015-01-15,1079.9,9.2087,9.1796,2015-01-14
2015-01-16,1084.1,9.3128,9.2087,2015-01-15
2015-01-19,1077.3,9.1689,9.3128,2015-01-16
2015-01-20,1079.8,9.1711,9.1689,2015-01-19
2015-01-21,1084.4,9.1383,9.1711,2015-01-20
2015-01-22,1086.8,9.2137,9.1383,2015-01-21
2015-01-23,1085.3,9.1459,9.2137,2015-01-22
2015-01-26,1084.1,9.2162,9.1459,2015-01-23
2015-01-27,1079.3,9.1126,9.2162,2015-01-26
2015-01-28,1082.1,9.1894,9.1126,2015-01-27
2015-01-29,1082.9,9.2205,9.1894,2015-01-28
2015-01-30,1090.8,9.2136,9.2205,2015-01-29
2015-02-02,1095.9,9.3583,9.2136,2015-01-30
2015-02-03,1101.2,9.362,9.3583,2015-02-02
2015-02-04,1098.3,9.3437,9.362,2015-02-03
2015-02-05,1089.2,9.2892,9.3437,2015-02-04
2015-02-06,1089.2,9.2694,9.2892,2015-02-05
2015-02-09,1088.3,9.1415,9.2694,2015-02-06
2015-02-10,1097.0,9.2472,9.1415,2015-02-09
2015-02-11,1090.8,9.133,9.2472,2015-02-10
2015-02-12,1096.9,9.1192,9.133,2015-02-11
2015-02-13,1107.5,9.2977,9.1192,2015-02-12
2015-02-16,1098.4,9.2559,9.2977,2015-02-13
2015-02-17,1098.7,9.276,9.2559,2015-02-16
2015-02-23,1101.3,9.25,9.276,2015-02-17
2015-02-24,1109.8,9.3374,9.25,2015-02-23
2015-02-25,1108.6,9.3183,9.3374,2015-02-24
2015-02-26,1102.5,9.2764,9.3183,2015-02-25
2015-02-27,1099.2,9.2072,9.2764,2015-02-26
2015-03-02,1099.5,9.1843,9.2072,2015-02-27
2015-03-03,1102.5,9.1734,9.1843,2015-03-02
2015-03-04,1100.0,9.1904,9.1734,2015-03-03
2015-03-05,1096.5,9.1619,9.1904,2015-03-04
2015-03-06,1100.1,9.1595,9.1619,2015-03-05
2015-03-09,1099.5,9.1071,9.1595,2015-03-06
2015-03-10,1110.3,9.1481,9.1071,2015-03-09
2015-03-11,1119.5,9.2471,9.1481,2015-03-10
2015-03-12,1126.6,9.2774,9.2471,2015-03-11
2015-03-13,1130.9,9.3197,9.2774,2015-03-12
2015-03-16,1125.6,9.276,9.3197,2015-03-13
2015-03-17,1133.9,9.3414,9.276,2015-03-16
2015-03-18,1130.1,9.3131,9.3414,2015-03-17
2015-03-19,1126.6,9.3704,9.3131,2015-03-18
2015-03-20,1114.0,9.2215,9.3704,2015-03-19
2015-03-23,1121.7,9.3444,9.2215,2015-03-20
2015-03-24,1115.9,9.3299,9.3444,2015-03-23
2015-03-25,1107.1,9.2447,9.3299,2015-03-24
2015-03-26,1102.7,9.2295,9.2447,2015-03-25
2015-03-27,1104.2,9.263,9.2295,2015-03-26
2015-03-30,1104.3,9.2623,9.263,2015-03-27
2015-03-31,1105.0,9.2026,9.2623,2015-03-30
2015-04-01,1109.4,9.2438,9.2026,2015-03-31
2015-04-02,1103.8,9.2241,9.2438,2015-04-01
2015-04-03,1098.0,9.1703,9.2241,2015-04-02
2015-04-06,1094.6,9.2057,9.1703,2015-04-03
2015-04-07,1086.0,9.0879,9.2057,2015-04-06
2015-04-08,1089.7,9.0593,9.0879,2015-04-07
2015-04-09,1093.4,9.1026,9.0593,2015-04-08
2015-04-10,1093.9,9.0746,9.1026,2015-04-09
2015-04-13,1094.6,9.1054,9.0746,2015-04-10
2015-04-14,1096.6,9.1319,9.1054,2015-04-13
2015-04-15,1096.8,9.1863,9.1319,2015-04-14
2015-04-16,1096.0,9.1966,9.1863,2015-04-15
2015-04-17,1089.0,9.1501,9.1966,2015-04-16
2015-04-20,1085.1,9.1219,9.1501,2015-04-17
2015-04-21,1082.7,9.0766,9.1219,2015-04-20
2015-04-22,1083.5,9.0552,9.0766,2015-04-21
2015-04-23,1081.8,9.0161,9.0552,2015-04-22
2015-04-24,1083.2,9.058,9.0161,2015-04-23
2015-04-27,1079.0,9.076,9.058,2015-04-24
2015-04-28,1074.5,9.0222,9.076,2015-04-27
2015-04-29,1070.9,9.0109,9.0222,2015-04-28
2015-04-30,1068.1,8.9722,9.0109,2015-04-29
2015-05-04,1069.5,8.8999,8.9722,2015-04-30
2015-05-06,1080.5,9.0087,8.8999,2015-05-04
2015-05-07,1081.0,9.0532,9.0087,2015-05-06
2015-05-08,1086.6,9.0758,9.0532,2015-05-07
2015-05-11,1091.3,9.1067,9.0758,2015-05-08
2015-05-12,1089.9,9.073,9.1067,2015-05-11
2015-05-13,1096.2,9.1438,9.073,2015-05-12
2015-05-14,1094.9,9.1885,9.1438,2015-05-13
2015-05-15,1093.6,9.1753,9.1885,2015-05-14
2015-05-18,1089.2,9.1223,9.1753,2015-05-15
2015-05-19,1085.5,9.0496,9.1223,2015-05-18
2015-05-20,1090.9,9.04,9.0496,2015-05-19
2015-05-21,1095.2,9.0337,9.04,2015-05-20
2015-05-22,1094.4,9.0413,9.0337,2015-05-21
2015-05-26,1090.8,8.9741,9.0413,2015-05-22
2015-05-27,1098.4,8.9297,8.9741,2015-05-26
2015-05-28,1107.0,8.9473,8.9297,2015-05-27
2015-05-29,1108.0,8.9463,8.9473,2015-05-28
2015-06-01,1107.6,8.920399999999999,8.9463,2015-05-29
2015-06-02,1111.6,8.9053,8.920399999999999,2015-06-01
2015-06-03,1114.5,8.9839,8.9053,2015-06-02
2015-06-04,1106.0,8.895299999999999,8.9839,2015-06-03
2015-06-05,1109.9,8.919500000000001,8.895299999999999,2015-06-04
2015-06-08,1112.1,8.8511,8.919500000000001,2015-06-05
2015-06-09,1121.5,9.0012,8.8511,2015-06-08
2015-06-10,1119.3,8.999,9.0012,2015-06-09
2015-06-11,1117.3,9.0974,8.999,2015-06-10
2015-06-12,1110.4,8.9911,9.0974,2015-06-11
2015-06-15,1111.9,9.0153,8.9911,2015-06-12
2015-06-16,1116.2,9.045,9.0153,2015-06-15
2015-06-17,1117.3,9.0554,9.045,2015-06-16
2015-06-18,1117.6,9.0512,9.0554,2015-06-17
2015-06-19,1109.9,9.0261,9.0512,2015-06-18
2015-06-22,1104.0,8.995,9.0261,2015-06-19
2015-06-23,1099.9,8.9151,8.995,2015-06-22
2015-06-24,1104.1,8.911200000000001,8.9151,2015-06-23
2015-06-25,1108.4,8.9488,8.911200000000001,2015-06-24
2015-06-26,1109.6,8.9799,8.9488,2015-06-25
2015-06-29,1115.1,9.0943,8.9799,2015-06-26
2015-06-30,1124.1,9.1715,9.0943,2015-06-29
2015-07-01,1118.3,9.1361,9.1715,2015-06-30
2015-07-02,1118.5,9.0762,9.1361,2015-07-01
2015-07-03,1123.2,9.1269,9.0762,2015-07-02
2015-07-06,1120.1,9.159,9.1269,2015-07-03
2015-07-07,1126.3,9.1868,9.159,2015-07-06
2015-07-08,1129.6,9.2186,9.1868,2015-07-07
2015-07-09,1135.7,9.4081,9.2186,2015-07-08
2015-07-10,1136.2,9.3357,9.4081,2015-07-09
2015-07-13,1130.0,9.2204,9.3357,2015-07-10
2015-07-14,1131.5,9.1586,9.2204,2015-07-13
2015-07-15,1139.4,9.2368,9.1586,2015-07-14
2015-07-16,1141.5,9.2112,9.2368,2015-07-15
2015-07-17,1148.4,9.2505,9.2112,2015-07-16
2015-07-20,1146.3,9.2365,9.2505,2015-07-17
2015-07-21,1151.9,9.2682,9.2365,2015-07-20
2015-07-22,1158.4,9.3529,9.2682,2015-07-21
2015-07-23,1152.6,9.2963,9.3529,2015-07-22
2015-07-24,1162.3,9.3821,9.2963,2015-07-23
2015-07-27,1164.6,9.4075,9.3821,2015-07-24
2015-07-28,1168.9,9.4801,9.4075,2015-07-27
2015-07-29,1166.2,9.4368,9.4801,2015-07-28
2015-07-30,1157.9,9.3432,9.4368,2015-07-29
2015-07-31,1166.3,9.3928,9.3432,2015-07-30
2015-08-03,1169.4,9.4337,9.3928,2015-07-31
2015-08-04,1165.2,9.3983,9.4337,2015-08-03
2015-08-05,1169.3,9.4067,9.3983,2015-08-04
2015-08-06,1172.1,9.3933,9.4067,2015-08-05
2015-08-07,1170.2,9.3841,9.3933,2015-08-06
2015-08-10,1164.3,9.3676,9.3841,2015-08-07
2015-08-11,1165.3,9.3565,9.3676,2015-08-10
2015-08-12,1170.4,9.358,9.3565,2015-08-11
2015-08-13,1190.3,9.5834,9.358,2015-08-12
2015-08-17,1174.2,9.4457,9.5834,2015-08-13
2015-08-18,1182.2,9.5005,9.4457,2015-08-17
2015-08-19,1184.7,9.5245,9.5005,2015-08-18
2015-08-20,1185.1,9.565,9.5245,2015-08-19
2015-08-21,1185.1,9.5983,9.565,2015-08-20
2015-08-24,1192.0,9.8224,9.5983,2015-08-21
2015-08-25,1198.1,10.1105,9.8224,2015-08-24
2015-08-26,1194.6,10.0433,10.1105,2015-08-25
2015-08-27,1188.9,9.8857,10.0433,2015-08-26
2015-08-28,1184.3,9.7815,9.8857,2015-08-27
2015-08-31,1176.3,9.7006,9.7815,2015-08-28
2015-09-01,1183.0,9.7591,9.7006,2015-08-31
2015-09-02,1175.6,9.8286,9.7591,2015-09-01
2015-09-03,1178.0,9.7792,9.8286,2015-09-02
2015-09-04,1187.6,9.8843,9.7792,2015-09-03
2015-09-07,1191.0,10.0017,9.8843,2015-09-04
2015-09-08,1202.0,10.0763,10.0017,2015-09-07
2015-09-09,1203.1,10.0296,10.0763,2015-09-08
2015-09-10,1192.0,9.9007,10.0296,2015-09-09
2015-09-11,1195.8,9.9056,9.9007,2015-09-10
2015-09-14,1183.8,9.8098,9.9056,2015-09-11
2015-09-15,1181.0,9.8147,9.8098,2015-09-14
2015-09-16,1182.4,9.8214,9.8147,2015-09-15
2015-09-17,1179.4,9.7823,9.8214,2015-09-16
2015-09-18,1169.7,9.7357,9.7823,2015-09-17
2015-09-21,1166.7,9.7237,9.7357,2015-09-18
2015-09-22,1173.0,9.7332,9.7237,2015-09-21
2015-09-23,1177.2,9.8075,9.7332,2015-09-22
2015-09-24,1187.5,9.8728,9.8075,2015-09-23
2015-09-25,1191.8,9.9085,9.8728,2015-09-24
2015-09-30,1194.5,9.9679,9.9085,2015-09-25
2015-10-01,1190.4,9.9258,9.9679,2015-09-30
2015-10-02,1179.0,9.8389,9.9258,2015-10-01
2015-10-05,1180.5,9.8404,9.8389,2015-10-02
2015-10-06,1172.1,9.733,9.8404,2015-10-05
2015-10-07,1164.8,9.6881,9.733,2015-10-06
2015-10-08,1165.2,9.7128,9.6881,2015-10-07
2015-10-12,1159.4,9.6436,9.7128,2015-10-08
2015-10-13,1147.4,9.5593,9.6436,2015-10-12
2015-10-14,1147.5,9.5809,9.5593,2015-10-13
2015-10-15,1150.1,9.6777,9.5809,2015-10-14
2015-10-16,1133.7,9.5321,9.6777,2015-10-15
2015-10-19,1128.9,9.4564,9.5321,2015-10-16
2015-10-20,1125.3,9.4144,9.4564,2015-10-19
2015-10-21,1130.1,9.4309,9.4144,2015-10-20
2015-10-22,1131.3,9.4365,9.4309,2015-10-21
2015-10-23,1138.2,9.4273,9.4365,2015-10-22
2015-10-26,1127.4,9.2886,9.4273,2015-10-23
2015-10-27,1134.1,9.3673,9.2886,2015-10-26
2015-10-28,1131.2,9.3938,9.3673,2015-10-27
2015-10-29,1132.9,9.3547,9.3938,2015-10-28
2015-10-30,1142.3,9.4409,9.3547,2015-10-29
2015-11-02,1138.6,9.4447,9.4409,2015-10-30
2015-11-03,1140.1,9.443,9.4447,2015-11-02
2015-11-04,1133.4,9.3619,9.443,2015-11-03
2015-11-05,1129.5,9.2936,9.3619,2015-11-04
2015-11-06,1137.1,9.3419,9.2936,2015-11-05
2015-11-09,1138.6,9.2333,9.3419,2015-11-06
2015-11-10,1154.1,9.3772,9.2333,2015-11-09
2015-11-11,1158.2,9.4006,9.3772,2015-11-10
2015-11-12,1154.8,9.4047,9.4006,2015-11-11
2015-11-13,1154.5,9.4157,9.4047,2015-11-12
2015-11-16,1161.3,9.4881,9.4157,2015-11-13
2015-11-17,1172.7,9.5152,9.4881,2015-11-16
2015-11-18,1169.2,9.4714,9.5152,2015-11-17
2015-11-19,1173.4,9.497,9.4714,2015-11-18
2015-11-20,1164.2,9.4708,9.497,2015-11-19
2015-11-23,1156.9,9.4156,9.4708,2015-11-20
2015-11-24,1157.9,9.4207,9.4156,2015-11-23
2015-11-25,1155.6,9.4323,9.4207,2015-11-24
2015-11-26,1145.1,9.3318,9.4323,2015-11-25
2015-11-27,1145.7,9.3439,9.3318,2015-11-26
2015-11-30,1150.4,9.3673,9.3439,2015-11-27
2015-12-01,1157.7,9.3988,9.3673,2015-11-30
2015-12-02,1158.1,9.4204,9.3988,2015-12-01
2015-12-03,1159.3,9.403,9.4204,2015-12-02
2015-12-04,1167.4,9.5166,9.403,2015-12-03
2015-12-07,1156.8,9.39,9.5166,2015-12-04
2015-12-08,1166.4,9.4533,9.39,2015-12-07
2015-12-09,1176.0,9.5699,9.4533,2015-12-08
2015-12-10,1178.2,9.6895,9.5699,2015-12-09
2015-12-11,1177.5,9.6814,9.6895,2015-12-10
2015-12-14,1179.7,9.7439,9.6814,2015-12-11
2015-12-15,1186.1,9.8029,9.7439,2015-12-14
2015-12-16,1182.9,9.7246,9.8029,2015-12-15
2015-12-17,1178.2,9.6254,9.7246,2015-12-16
2015-12-18,1178.9,9.6158,9.6254,2015-12-17
2015-12-21,1184.3,9.7618,9.6158,2015-12-18
2015-12-22,1178.2,9.7191,9.7618,2015-12-21
2015-12-23,1176.1,9.7162,9.7191,2015-12-22
2015-12-24,1171.7,9.6895,9.7162,2015-12-23
2015-12-28,1171.0,9.7405,9.6895,2015-12-24
2015-12-29,1165.0,9.6785,9.7405,2015-12-28
2015-12-30,1167.7,9.6897,9.6785,2015-12-29
2015-12-31,1172.0,9.7201,9.6897,2015-12-30
2016-01-04,1172.0,9.7419,9.7201,2015-12-31
2016-01-05,1184.3,9.9242,9.7419,2016-01-04
2016-01-06,1187.7,9.9715,9.9242,2016-01-05
2016-01-07,1193.9,10.0772,9.9715,2016-01-06
2016-01-08,1199.7,10.2054,10.0772,2016-01-07
2016-01-11,1196.2,10.2349,10.2054,2016-01-08
2016-01-12,1208.6,10.2698,10.2349,2016-01-11
2016-01-13,1208.5,10.2663,10.2698,2016-01-12
2016-01-14,1206.4,10.2568,10.2663,2016-01-13
2016-01-15,1212.7,10.2645,10.2568,2016-01-14
2016-01-18,1211.0,10.3571,10.2645,2016-01-15
2016-01-19,1212.5,10.3275,10.3571,2016-01-18
2016-01-20,1209.9,10.2861,10.3275,2016-01-19
2016-01-21,1211.6,10.361300000000002,10.2861,2016-01-20
2016-01-22,1209.9,10.2699,10.361300000000002,2016-01-21
2016-01-25,1203.2,10.1343,10.2699,2016-01-22
2016-01-26,1194.4,10.0925,10.1343,2016-01-25
2016-01-27,1201.4,10.1491,10.0925,2016-01-26
2016-01-28,1201.0,10.126,10.1491,2016-01-27
2016-01-29,1208.4,10.1713,10.126,2016-01-28
2016-02-01,1206.2,9.9337,10.1713,2016-01-29
2016-02-02,1204.5,9.9566,9.9337,2016-02-01
2016-02-03,1203.1,10.0438,9.9566,2016-02-02
2016-02-04,1216.7,10.3158,10.0438,2016-02-03
2016-02-05,1202.7,10.294,10.3158,2016-02-04
2016-02-11,1195.1,10.5337,10.294,2016-02-05
2016-02-12,1197.0,10.6395,10.5337,2016-02-11
2016-02-15,1206.5,10.622,10.6395,2016-02-12
2016-02-16,1209.9,10.5737,10.622,2016-02-15
2016-02-17,1216.6,10.6556,10.5737,2016-02-16
2016-02-18,1224.8,10.7321,10.6556,2016-02-17
2016-02-19,1225.7,10.8196,10.7321,2016-02-18
2016-02-22,1233.9,10.9695,10.8196,2016-02-19
2016-02-23,1233.2,10.921,10.9695,2016-02-22
2016-02-24,1230.1,10.9825,10.921,2016-02-23
2016-02-25,1234.8,11.0275,10.9825,2016-02-24
2016-02-26,1236.1,10.9481,11.0275,2016-02-25
2016-02-29,1235.4,10.8583,10.9481,2016-02-26
2016-03-02,1240.9,10.8837,10.8583,2016-02-29
2016-03-03,1232.7,10.8546,10.8837,2016-03-02
2016-03-04,1218.9,10.717,10.8546,2016-03-03
2016-03-07,1208.5,10.6153,10.717,2016-03-04
2016-03-08,1200.7,10.5957,10.6153,2016-03-07
2016-03-09,1205.2,10.6981,10.5957,2016-03-08
2016-03-10,1214.5,10.717,10.6981,2016-03-09
2016-03-11,1208.8,10.6846,10.717,2016-03-10
2016-03-14,1200.1,10.5517,10.6846,2016-03-11
2016-03-15,1186.5,10.4266,10.5517,2016-03-14
2016-03-16,1189.2,10.5085,10.4266,2016-03-15
2016-03-17,1192.7,10.5783,10.5085,2016-03-16
2016-03-18,1174.5,10.544,10.5783,2016-03-17
2016-03-21,1161.3,10.411,10.544,2016-03-18
2016-03-22,1165.3,10.3961,10.411,2016-03-21
2016-03-23,1159.5,10.3269,10.3961,2016-03-22
2016-03-24,1158.8,10.3073,10.3269,2016-03-23
2016-03-25,1167.1,10.348,10.3073,2016-03-24
2016-03-28,1169.4,10.3181,10.348,2016-03-25
2016-03-29,1169.6,10.3135,10.3181,2016-03-28
2016-03-30,1163.0,10.3144,10.3135,2016-03-29
2016-03-31,1153.5,10.2602,10.3144,2016-03-30
2016-04-01,1144.5,10.1684,10.2602,2016-03-31
2016-04-04,1148.9,10.2851,10.1684,2016-04-01
2016-04-05,1147.8,10.3187,10.2851,2016-04-04
2016-04-06,1155.0,10.4724,10.3187,2016-04-05
2016-04-07,1155.9,10.5345,10.4724,2016-04-06
2016-04-08,1154.5,10.6548,10.5345,2016-04-07
2016-04-11,1156.5,10.6861,10.6548,2016-04-08
2016-04-12,1149.2,10.6511,10.6861,2016-04-11
2016-04-14,1144.7,10.463,10.6511,2016-04-12
2016-04-15,1153.4,10.5444,10.463,2016-04-14
2016-04-18,1150.7,10.6173,10.5444,2016-04-15
2016-04-19,1151.1,10.5746,10.6173,2016-04-18
2016-04-20,1140.5,10.4427,10.5746,2016-04-19
2016-04-21,1132.3,10.3096,10.4427,2016-04-20
2016-04-22,1134.9,10.3705,10.3096,2016-04-21
2016-04-25,1141.1,10.2345,10.3705,2016-04-22
2016-04-26,1149.7,10.3409,10.2345,2016-04-25
2016-04-27,1149.7,10.3302,10.3409,2016-04-26
2016-04-28,1145.9,10.2785,10.3302,2016-04-27
2016-04-29,1143.9,10.5819,10.2785,2016-04-28
2016-05-02,1138.1,10.6809,10.5819,2016-04-29
2016-05-03,1140.8,10.7183,10.6809,2016-05-02
2016-05-04,1137.1,10.6505,10.7183,2016-05-03
2016-05-09,1153.5,10.7517,10.6505,2016-05-04
2016-05-10,1164.7,10.7469,10.7517,2016-05-09
2016-05-11,1174.0,10.7455,10.7469,2016-05-10
2016-05-12,1168.1,10.7733,10.7455,2016-05-11
2016-05-13,1164.1,10.6813,10.7733,2016-05-12
2016-05-16,1169.4,10.7724,10.6813,2016-05-13
2016-05-17,1178.6,10.8059,10.7724,2016-05-16
2016-05-18,1173.3,10.7514,10.8059,2016-05-17
2016-05-19,1180.9,10.7223,10.7514,2016-05-18
2016-05-20,1190.8,10.8328,10.7223,2016-05-19
2016-05-23,1188.4,10.7875,10.8328,2016-05-20
2016-05-24,1183.1,10.8288,10.7875,2016-05-23
2016-05-25,1188.6,10.800999999999998,10.8288,2016-05-24
2016-05-26,1185.8,10.7639,10.800999999999998,2016-05-25
2016-05-27,1181.0,10.7633,10.7639,2016-05-26
2016-05-30,1179.3,10.6546,10.7633,2016-05-27
2016-05-31,1190.6,10.7276,10.6546,2016-05-30
2016-06-01,1190.5,10.7567,10.7276,2016-05-31
2016-06-02,1192.2,10.8882,10.7567,2016-06-01
2016-06-03,1189.6,10.9273,10.8882,2016-06-02
2016-06-07,1186.5,11.0377,10.9273,2016-06-03
2016-06-08,1163.2,10.8341,11.0377,2016-06-07
2016-06-09,1156.5,10.8165,10.8341,2016-06-08
2016-06-10,1155.8,10.8014,10.8165,2016-06-09
2016-06-13,1163.1,10.9012,10.8014,2016-06-10
2016-06-14,1172.8,11.0563,10.9012,2016-06-13
2016-06-15,1172.5,11.0577,11.0563,2016-06-14
2016-06-16,1176.3,11.1124,11.0577,2016-06-15
2016-06-17,1170.1,11.2138,11.1124,2016-06-16
2016-06-20,1170.8,11.1894,11.2138,2016-06-17
2016-06-21,1163.2,11.1981,11.1894,2016-06-20
2016-06-22,1158.2,11.0594,11.1981,2016-06-21
2016-06-23,1155.7,11.0356,11.0594,2016-06-22
2016-06-24,1151.2,10.8691,11.0356,2016-06-23
2016-06-27,1168.5,11.4396,10.8691,2016-06-24
2016-06-28,1183.3,11.6084,11.4396,2016-06-27
2016-06-29,1175.9,11.4577,11.6084,2016-06-28
2016-06-30,1164.7,11.3215,11.4577,2016-06-29
2016-07-01,1152.6,11.1686,11.3215,2016-06-30
2016-07-04,1147.5,11.1848,11.1686,2016-07-01
2016-07-05,1148.1,11.1972,11.1848,2016-07-04
2016-07-06,1153.0,11.3512,11.1972,2016-07-05
2016-07-07,1165.8,11.526,11.3512,2016-07-06
2016-07-08,1156.6,11.485,11.526,2016-07-07
2016-07-11,1159.2,11.5166,11.485,2016-07-08
2016-07-12,1147.8,11.1779,11.5166,2016-07-11
2016-07-13,1149.3,10.9734,11.1779,2016-07-12
2016-07-14,1145.7,11.0021,10.9734,2016-07-13
2016-07-15,1141.8,10.8418,11.0021,2016-07-14
2016-07-18,1132.7,10.7329,10.8418,2016-07-15
2016-07-19,1136.3,10.6986,10.7329,2016-07-18
2016-07-20,1138.4,10.7159,10.6986,2016-07-19
2016-07-21,1140.8,10.646300000000002,10.7159,2016-07-20
2016-07-22,1140.2,10.771300000000002,10.646300000000002,2016-07-21
2016-07-25,1135.0,10.6748,10.771300000000002,2016-07-22
2016-07-26,1136.9,10.7534,10.6748,2016-07-25
2016-07-27,1138.4,10.8735,10.7534,2016-07-26
2016-07-28,1134.1,10.7789,10.8735,2016-07-27
2016-07-29,1125.7,10.7368,10.7789,2016-07-28
2016-08-01,1122.4,10.9679,10.7368,2016-07-29
2016-08-02,1111.0,10.8491,10.9679,2016-08-01
2016-08-03,1108.9,10.9776,10.8491,2016-08-02
2016-08-04,1114.0,10.9987,10.9776,2016-08-03
2016-08-05,1113.8,11.0086,10.9987,2016-08-04
2016-08-08,1111.3,10.8796,11.0086,2016-08-05
2016-08-09,1112.7,10.8657,10.8796,2016-08-08
2016-08-10,1107.2,10.8624,10.8657,2016-08-09
2016-08-11,1096.1,10.8294,10.8624,2016-08-10
2016-08-12,1098.6,10.7838,10.8294,2016-08-11
2016-08-16,1101.1,10.880999999999998,10.7838,2016-08-12
2016-08-17,1095.0,10.9156,10.880999999999998,2016-08-16
2016-08-18,1102.3,11.011400000000002,10.9156,2016-08-17
2016-08-19,1106.4,11.0535,11.011400000000002,2016-08-18
2016-08-22,1115.2,11.1103,11.0535,2016-08-19
2016-08-23,1125.3,11.216,11.1103,2016-08-22
2016-08-24,1117.4,11.1445,11.216,2016-08-23
2016-08-25,1121.6,11.163,11.1445,2016-08-24
2016-08-26,1119.0,11.1271,11.163,2016-08-25
2016-08-29,1113.9,10.9297,11.1271,2016-08-26
2016-08-30,1125.2,11.0357,10.9297,2016-08-29
2016-08-31,1118.5,10.8629,11.0357,2016-08-30
2016-09-01,1117.4,10.8118,10.8629,2016-08-31
2016-09-02,1119.3,10.8433,10.8118,2016-09-01
2016-09-05,1117.6,10.7436,10.8433,2016-09-02
2016-09-06,1108.2,10.7129,10.7436,2016-09-05
2016-09-07,1105.0,10.8264,10.7129,2016-09-06
2016-09-08,1093.2,10.7519,10.8264,2016-09-07
2016-09-09,1093.2,10.683599999999998,10.7519,2016-09-08
2016-09-12,1099.5,10.7378,10.683599999999998,2016-09-09
2016-09-13,1110.6,10.9053,10.7378,2016-09-12
2016-09-19,1112.3,10.8729,10.9053,2016-09-13
2016-09-20,1120.0,11.0014,10.8729,2016-09-19
2016-09-21,1119.5,11.0062,11.0014,2016-09-20
2016-09-22,1116.8,11.1246,11.0062,2016-09-21
2016-09-23,1103.1,10.9429,11.1246,2016-09-22
2016-09-26,1104.2,10.9343,10.9429,2016-09-23
2016-09-27,1106.9,11.0331,10.9343,2016-09-26
2016-09-28,1103.5,10.9971,11.0331,2016-09-27
2016-09-29,1095.7,10.8577,10.9971,2016-09-28
2016-09-30,1096.3,10.8368,10.8577,2016-09-29
2016-10-04,1102.0,10.8337,10.8368,2016-09-30
2016-10-05,1105.1,10.7479,10.8337,2016-10-04
2016-10-06,1113.8,10.7619,10.7479,2016-10-05
2016-10-07,1111.3,10.6995,10.7619,2016-10-06
2016-10-10,1115.7,10.8273,10.6995,2016-10-07
2016-10-11,1111.0,10.7182,10.8273,2016-10-10
2016-10-12,1117.2,10.8073,10.7182,2016-10-11
2016-10-13,1123.3,10.7751,10.8073,2016-10-12
2016-10-14,1130.5,10.9106,10.7751,2016-10-13
2016-10-17,1132.9,10.875,10.9106,2016-10-14
2016-10-18,1140.3,10.9771,10.875,2016-10-17
2016-10-19,1132.3,10.9022,10.9771,2016-10-18
2016-10-20,1122.8,10.8604,10.9022,2016-10-19
2016-10-21,1124.0,10.8061,10.8604,2016-10-20
2016-10-24,1134.5,10.9129,10.8061,2016-10-21
2016-10-25,1134.5,10.8752,10.9129,2016-10-24
2016-10-26,1136.5,10.9179,10.8752,2016-10-25
2016-10-27,1132.4,10.8307,10.9179,2016-10-26
2016-10-28,1140.2,10.8333,10.8307,2016-10-27
2016-10-31,1145.2,10.9442,10.8333,2016-10-28
2016-11-01,1144.6,10.9171,10.9442,2016-10-31
2016-11-02,1141.8,10.9746,10.9171,2016-11-01
2016-11-03,1148.7,11.113599999999998,10.9746,2016-11-02
2016-11-04,1140.6,11.0781,11.113599999999998,2016-11-03
2016-11-07,1143.4,10.9958,11.0781,2016-11-04
2016-11-08,1141.6,10.9197,10.9958,2016-11-07
2016-11-09,1137.5,10.8148,10.9197,2016-11-08
2016-11-10,1145.8,10.8345,10.8148,2016-11-09
2016-11-11,1151.0,10.7711,10.8345,2016-11-10
2016-11-14,1164.4,10.9067,10.7711,2016-11-11
2016-11-15,1169.8,10.805,10.9067,2016-11-14
2016-11-16,1168.8,10.718,10.805,2016-11-15
2016-11-17,1167.2,10.726,10.718,2016-11-16
2016-11-18,1174.4,10.6584,10.726,2016-11-17
2016-11-21,1182.3,10.6528,10.6584,2016-11-18
2016-11-22,1183.6,10.6756,10.6528,2016-11-21
2016-11-23,1175.5,10.5768,10.6756,2016-11-22
2016-11-24,1174.9,10.4398,10.5768,2016-11-23
2016-11-25,1182.4,10.4402,10.4398,2016-11-24
2016-11-28,1178.9,10.4434,10.4402,2016-11-25
2016-11-29,1170.3,10.4664,10.4434,2016-11-28
2016-11-30,1168.5,10.3881,10.4664,2016-11-29
2016-12-01,1168.0,10.2076,10.3881,2016-11-30
2016-12-02,1172.6,10.2747,10.2076,2016-12-01
2016-12-05,1170.5,10.3401,10.2747,2016-12-02
2016-12-06,1173.8,10.3137,10.3401,2016-12-05
2016-12-07,1169.5,10.2552,10.3137,2016-12-06
2016-12-08,1169.4,10.2927,10.2552,2016-12-07
2016-12-09,1159.1,10.1573,10.2927,2016-12-08
2016-12-12,1166.2,10.0983,10.1573,2016-12-09
2016-12-13,1170.2,10.185,10.0983,2016-12-12
2016-12-14,1165.5,10.115,10.185,2016-12-13
2016-12-15,1168.3,9.9629,10.115,2016-12-14
2016-12-16,1180.1,9.9789,9.9629,2016-12-15
2016-12-19,1183.4,10.0488,9.9789,2016-12-16
2016-12-20,1186.4,10.1306,10.0488,2016-12-19
2016-12-21,1191.2,10.1078,10.1306,2016-12-20
2016-12-22,1194.2,10.1647,10.1078,2016-12-21
2016-12-23,1198.0,10.1875,10.1647,2016-12-22
2016-12-26,1202.9,10.2597,10.1875,2016-12-23
2016-12-27,1199.4,10.2338,10.2597,2016-12-26
2016-12-28,1205.3,10.2601,10.2338,2016-12-27
2016-12-29,1207.6,10.317,10.2601,2016-12-28
2016-12-30,1208.5,10.3681,10.317,2016-12-29
2017-01-02,1208.5,10.3445,10.3681,2016-12-30
2017-01-03,1207.8,10.2883,10.3445,2017-01-02
2017-01-04,1206.2,10.2599,10.2883,2017-01-03
2017-01-05,1206.7,10.2851,10.2599,2017-01-04
2017-01-06,1191.6,10.3191,10.2851,2017-01-05
2017-01-09,1189.1,10.1481,10.3191,2017-01-06
2017-01-10,1205.5,10.4017,10.1481,2017-01-09
2017-01-11,1198.7,10.3501,10.4017,2017-01-10
2017-01-12,1196.4,10.3692,10.3501,2017-01-11
2017-01-13,1182.8,10.3144,10.3692,2017-01-12
2017-01-16,1177.7,10.3049,10.3144,2017-01-13
2017-01-17,1180.5,10.3475,10.3049,2017-01-16
2017-01-18,1180.9,10.4773,10.3475,2017-01-17
2017-01-19,1165.6,10.175,10.4773,2017-01-18
2017-01-20,1177.1,10.2316,10.175,2017-01-19
2017-01-23,1172.5,10.2572,10.2316,2017-01-20
2017-01-24,1166.7,10.3587,10.2572,2017-01-23
2017-01-25,1163.6,10.2191,10.3587,2017-01-24
2017-01-26,1166.2,10.2858,10.2191,2017-01-25
2017-01-31,1157.8,10.1789,10.2858,2017-01-26
2017-02-01,1165.5,10.3425,10.1789,2017-01-31
2017-02-02,1155.2,10.195,10.3425,2017-02-01
2017-02-03,1149.2,10.1848,10.195,2017-02-02
2017-02-06,1146.8,10.1915,10.1848,2017-02-03
2017-02-07,1137.7,10.1748,10.1915,2017-02-06
2017-02-08,1142.1,10.1637,10.1748,2017-02-07
2017-02-09,1145.4,10.2387,10.1637,2017-02-08
2017-02-10,1145.7,10.1081,10.2387,2017-02-09
2017-02-13,1151.4,10.1244,10.1081,2017-02-10
2017-02-14,1151.9,10.1239,10.1244,2017-02-13
2017-02-15,1144.5,10.0083,10.1239,2017-02-14
2017-02-16,1141.6,9.9926,10.0083,2017-02-15
2017-02-17,1138.9,10.0534,9.9926,2017-02-16
2017-02-20,1145.3,10.1403,10.0534,2017-02-17
2017-02-21,1147.6,10.1418,10.1403,2017-02-20
2017-02-22,1146.8,10.0844,10.1418,2017-02-21
2017-02-23,1140.9,10.0693,10.0844,2017-02-22
2017-02-24,1138.8,10.1016,10.0693,2017-02-23
2017-02-27,1131.0,10.0753,10.1016,2017-02-24
2017-02-28,1132.1,10.0404,10.0753,2017-02-27
2017-03-02,1132.3,9.9338,10.0404,2017-02-28
2017-03-03,1142.0,9.9821,9.9338,2017-03-02
2017-03-06,1152.7,10.1065,9.9821,2017-03-03
2017-03-07,1156.1,10.1417,10.1065,2017-03-06
2017-03-08,1151.2,10.1022,10.1417,2017-03-07
2017-03-09,1146.6,10.0197,10.1022,2017-03-08
2017-03-10,1156.1,10.0395,10.0197,2017-03-09
2017-03-13,1158.2,10.0853,10.0395,2017-03-10
2017-03-14,1147.7,9.9856,10.0853,2017-03-13
2017-03-15,1147.3,10.0039,9.9856,2017-03-14
2017-03-16,1146.3,10.1089,10.0039,2017-03-15
2017-03-17,1131.7,9.9802,10.1089,2017-03-16
2017-03-20,1131.4,10.0368,9.9802,2017-03-17
2017-03-21,1124.5,9.9987,10.0368,2017-03-20
2017-03-22,1117.5,10.0211,9.9987,2017-03-21
2017-03-23,1123.8,10.102,10.0211,2017-03-22
2017-03-24,1120.0,10.0896,10.102,2017-03-23
2017-03-27,1122.7,10.1482,10.0896,2017-03-24
2017-03-28,1114.2,10.07,10.1482,2017-03-27
2017-03-29,1112.5,10.0031,10.07,2017-03-28
2017-03-30,1114.0,10.0256,10.0031,2017-03-29
2017-03-31,1116.1,9.9852,10.0256,2017-03-30
2017-04-03,1119.3,10.053,9.9852,2017-03-31
2017-04-04,1113.8,10.051,10.053,2017-04-03
2017-04-05,1118.9,10.097,10.051,2017-04-04
2017-04-06,1124.0,10.1789,10.097,2017-04-05
2017-04-07,1131.0,10.2025,10.1789,2017-04-06
2017-04-10,1134.6,10.1936,10.2025,2017-04-07
2017-04-11,1141.6,10.306500000000002,10.1936,2017-04-10
2017-04-12,1145.8,10.4463,10.306500000000002,2017-04-11
2017-04-13,1145.2,10.4992,10.4463,2017-04-12
2017-04-14,1131.9,10.3697,10.4992,2017-04-13
2017-04-17,1138.8,10.4905,10.3697,2017-04-14
2017-04-18,1136.5,10.4242,10.4905,2017-04-17
2017-04-19,1137.9,10.4938,10.4242,2017-04-18
2017-04-20,1139.8,10.4708,10.4938,2017-04-19
2017-04-21,1141.4,10.4361,10.4708,2017-04-20
2017-04-24,1136.6,10.3257,10.4361,2017-04-21
2017-04-25,1131.7,10.3055,10.3257,2017-04-24
2017-04-26,1130.5,10.1792,10.3055,2017-04-25
2017-04-27,1125.1,10.1201,10.1792,2017-04-26
2017-04-28,1130.1,10.1596,10.1201,2017-04-27
2017-05-02,1133.4,10.1319,10.1596,2017-04-28
2017-05-04,1130.7,10.0324,10.1319,2017-05-02
2017-05-08,1132.1,10.0341,10.0324,2017-05-04
2017-05-10,1132.4,9.9539,10.0341,2017-05-08
2017-05-11,1134.5,9.9261,9.9539,2017-05-10
2017-05-12,1130.4,9.9363,9.9261,2017-05-11
2017-05-15,1126.8,9.9448,9.9363,2017-05-12
2017-05-16,1125.4,9.901,9.9448,2017-05-15
2017-05-17,1117.7,9.9122,9.901,2017-05-16
2017-05-18,1118.4,10.0789,9.9122,2017-05-17
2017-05-19,1125.2,10.0965,10.0789,2017-05-18
2017-05-22,1127.5,10.1417,10.0965,2017-05-19
2017-05-23,1117.1,10.0572,10.1417,2017-05-22
2017-05-24,1120.6,10.0233,10.0572,2017-05-23
2017-05-25,1126.6,10.0963,10.0233,2017-05-24
2017-05-26,1118.0,10.0031,10.0963,2017-05-25
2017-05-29,1119.5,10.0647,10.0031,2017-05-26
2017-05-30,1120.1,10.0688,10.0647,2017-05-29
2017-05-31,1123.9,10.143,10.0688,2017-05-30
2017-06-01,1121.8,10.1268,10.143,2017-05-31
2017-06-02,1120.4,10.057,10.1268,2017-06-01
2017-06-05,1120.9,10.1508,10.057,2017-06-02
2017-06-07,1118.4,10.2198,10.1508,2017-06-05
2017-06-08,1122.0,10.2218,10.2198,2017-06-07
2017-06-09,1125.0,10.2277,10.2218,2017-06-08
2017-06-12,1121.6,10.1645,10.2277,2017-06-09
2017-06-13,1126.0,10.2489,10.1645,2017-06-12
2017-06-14,1128.9,10.2576,10.2489,2017-06-13
2017-06-15,1125.6,10.2973,10.2576,2017-06-14
2017-06-16,1122.8,10.1272,10.2973,2017-06-15
2017-06-19,1133.0,10.2196,10.1272,2017-06-16
2017-06-20,1131.4,10.1335,10.2196,2017-06-19
2017-06-21,1137.0,10.2124,10.1335,2017-06-20
2017-06-22,1142.2,10.261,10.2124,2017-06-21
2017-06-23,1140.8,10.2502,10.261,2017-06-22
2017-06-26,1140.1,10.2504,10.2502,2017-06-23
2017-06-27,1135.2,10.1461,10.2504,2017-06-26
2017-06-28,1136.4,10.1288,10.1461,2017-06-27
2017-06-29,1141.7,10.1634,10.1288,2017-06-28
2017-06-30,1139.6,10.1755,10.1634,2017-06-29
2017-07-03,1144.0,10.1825,10.1755,2017-06-30
2017-07-04,1145.0,10.1006,10.1825,2017-07-03
2017-07-05,1149.3,10.1623,10.1006,2017-07-04
2017-07-06,1149.3,10.156,10.1623,2017-07-05
2017-07-07,1153.5,10.1926,10.156,2017-07-06
2017-07-10,1155.8,10.1399,10.1926,2017-07-07
2017-07-11,1149.9,10.0815,10.1399,2017-07-10
2017-07-12,1150.1,10.1014,10.0815,2017-07-11
2017-07-13,1145.6,10.1117,10.1014,2017-07-12
2017-07-14,1137.5,10.0322,10.1117,2017-07-13
2017-07-17,1136.0,10.0991,10.0322,2017-07-14
2017-07-18,1128.2,10.0164,10.0991,2017-07-17
2017-07-19,1126.3,10.0509,10.0164,2017-07-18
2017-07-20,1121.8,10.0304,10.0509,2017-07-19
2017-07-21,1124.9,10.0532,10.0304,2017-07-20
2017-07-24,1121.2,10.0895,10.0532,2017-07-21
2017-07-25,1116.1,10.04,10.0895,2017-07-24
2017-07-26,1116.1,9.9754,10.04,2017-07-25
2017-07-27,1120.3,10.0783,9.9754,2017-07-26
2017-07-28,1112.5,10.0054,10.0783,2017-07-27
2017-07-31,1119.1,10.1226,10.0054,2017-07-28
2017-08-01,1121.9,10.1681,10.1226,2017-07-31
2017-08-02,1118.0,10.1319,10.1681,2017-08-01
2017-08-03,1123.2,10.1395,10.1319,2017-08-02
2017-08-04,1127.6,10.2565,10.1395,2017-08-03
2017-08-07,1125.4,10.1593,10.2565,2017-08-04
2017-08-08,1127.3,10.1788,10.1593,2017-08-07
2017-08-09,1125.4,10.2179,10.1788,2017-08-08
2017-08-10,1134.7,10.3178,10.2179,2017-08-09
2017-08-11,1141.1,10.452,10.3178,2017-08-10
2017-08-14,1146.3,10.4992,10.452,2017-08-11
2017-08-16,1138.2,10.2916,10.4992,2017-08-14
2017-08-17,1139.6,10.352,10.2916,2017-08-16
2017-08-18,1135.9,10.3721,10.352,2017-08-17
2017-08-21,1142.0,10.4392,10.3721,2017-08-18
2017-08-22,1138.3,10.441199999999998,10.4392,2017-08-21
2017-08-23,1135.6,10.351400000000002,10.441199999999998,2017-08-22
2017-08-24,1130.9,10.3857,10.351400000000002,2017-08-23
2017-08-25,1127.3,10.2898,10.3857,2017-08-24
2017-08-28,1129.2,10.3326,10.2898,2017-08-25
2017-08-29,1120.4,10.3115,10.3326,2017-08-28
2017-08-30,1126.2,10.2723,10.3115,2017-08-29
2017-08-31,1122.8,10.1744,10.2723,2017-08-30
2017-09-01,1125.8,10.2294,10.1744,2017-08-31
2017-09-04,1122.7,10.2245,10.2294,2017-09-01
2017-09-05,1131.5,10.315,10.2245,2017-09-04
2017-09-06,1131.3,10.4176,10.315,2017-09-05
2017-09-07,1133.7,10.383299999999998,10.4176,2017-09-06
2017-09-08,1129.6,10.4264,10.383299999999998,2017-09-07
2017-09-11,1126.8,10.4059,10.4264,2017-09-08
2017-09-12,1129.5,10.3354,10.4059,2017-09-11
2017-09-13,1129.8,10.2509,10.3354,2017-09-12
2017-09-14,1127.5,10.2064,10.2509,2017-09-13
2017-09-15,1132.5,10.2894,10.2064,2017-09-14
2017-09-18,1133.5,10.2053,10.2894,2017-09-15
2017-09-19,1127.9,10.1198,10.2053,2017-09-18
2017-09-20,1130.0,10.1323,10.1198,2017-09-19
2017-09-21,1129.1,10.0458,10.1323,2017-09-20
2017-09-22,1132.8,10.0725,10.0458,2017-09-21
2017-09-25,1136.3,10.1175,10.0725,2017-09-22
2017-09-26,1130.7,10.1186,10.1175,2017-09-25
2017-09-27,1136.3,10.1207,10.1186,2017-09-26
2017-09-28,1139.4,10.097,10.1207,2017-09-27
2017-09-29,1146.7,10.2042,10.097,2017-09-28
2017-10-10,1145.7,10.1686,10.2042,2017-09-29
2017-10-11,1138.2,10.1299,10.1686,2017-10-10
2017-10-12,1135.2,10.0911,10.1299,2017-10-11
2017-10-13,1133.7,10.0975,10.0911,2017-10-12
2017-10-16,1130.8,10.1041,10.0975,2017-10-13
2017-10-17,1127.3,10.045,10.1041,2017-10-16
2017-10-18,1131.4,10.0869,10.045,2017-10-17
2017-10-19,1130.4,10.0,10.0869,2017-10-18
2017-10-20,1132.3,10.0573,10.0,2017-10-19
2017-10-23,1131.9,9.9433,10.0573,2017-10-20
2017-10-24,1131.9,9.9824,9.9433,2017-10-23
2017-10-25,1128.3,9.9026,9.9824,2017-10-24
2017-10-26,1128.3,9.9292,9.9026,2017-10-25
2017-10-27,1124.7,9.8558,9.9292,2017-10-26
2017-10-30,1130.0,9.9358,9.8558,2017-10-27
2017-10-31,1125.0,9.9417,9.9358,2017-10-30
2017-11-01,1121.2,9.8649,9.9417,2017-10-31
2017-11-02,1116.8,9.7858,9.8649,2017-11-01
2017-11-03,1113.3,9.7611,9.7858,2017-11-02
2017-11-06,1112.7,9.7447,9.7611,2017-11-03
2017-11-07,1116.7,9.8124,9.7447,2017-11-06
2017-11-08,1111.6,9.7659,9.8124,2017-11-07
2017-11-09,1114.3,9.7853,9.7659,2017-11-08
2017-11-10,1114.3,9.8245,9.7853,2017-11-09
2017-11-13,1117.2,9.831,9.8245,2017-11-10
2017-11-14,1120.7,9.8649,9.831,2017-11-13
2017-11-15,1118.5,9.8598,9.8649,2017-11-14
2017-11-16,1114.4,9.8742,9.8598,2017-11-15
2017-11-17,1104.1,9.7617,9.8742,2017-11-16
2017-11-20,1096.1,9.7783,9.7617,2017-11-17
2017-11-21,1098.9,9.7619,9.7783,2017-11-20
2017-11-22,1097.3,9.7577,9.7619,2017-11-21
2017-11-23,1091.3,9.8108,9.7577,2017-11-22
2017-11-24,1088.2,9.7829,9.8108,2017-11-23
2017-11-27,1085.0,9.7166,9.7829,2017-11-24
2017-11-28,1087.6,9.7933,9.7166,2017-11-27
2017-11-29,1088.3,9.7601,9.7933,2017-11-28
2017-11-30,1082.4,9.6651,9.7601,2017-11-29
2017-12-01,1085.1,9.6316,9.6651,2017-11-30
2017-12-04,1087.1,9.6353,9.6316,2017-12-01
2017-12-05,1088.3,9.6764,9.6353,2017-12-04
2017-12-06,1084.3,9.6292,9.6764,2017-12-05
2017-12-07,1091.9,9.7274,9.6292,2017-12-06
2017-12-08,1092.7,9.6609,9.7274,2017-12-07
2017-12-11,1093.4,9.6237,9.6609,2017-12-08
2017-12-12,1092.4,9.6209,9.6237,2017-12-11
2017-12-13,1090.1,9.5985,9.6209,2017-12-12
2017-12-14,1091.9,9.689,9.5985,2017-12-13
2017-12-15,1086.7,9.675,9.689,2017-12-14
2017-12-18,1089.3,9.6676,9.675,2017-12-15
2017-12-19,1089.1,9.6757,9.6676,2017-12-18
2017-12-20,1086.8,9.6279,9.6757,2017-12-19
2017-12-21,1082.9,9.554,9.6279,2017-12-20
2017-12-22,1080.6,9.532,9.554,2017-12-21
2017-12-26,1079.2,9.5239,9.532,2017-12-22
2017-12-27,1077.1,9.5138,9.5239,2017-12-26
2017-12-28,1075.2,9.4945,9.5138,2017-12-27
2017-12-29,1071.4,9.4911,9.4945,2017-12-28
2018-01-02,1071.4,9.5105,9.4911,2017-12-29
2018-01-03,1064.3,9.4811,9.5105,2018-01-02
2018-01-04,1065.4,9.4664,9.4811,2018-01-03
2018-01-05,1065.5,9.4472,9.4664,2018-01-04
2018-01-08,1062.1,9.3862,9.4472,2018-01-05
2018-01-09,1065.2,9.4128,9.3862,2018-01-08
2018-01-10,1067.1,9.4731,9.4128,2018-01-09
2018-01-11,1070.7,9.6117,9.4731,2018-01-10
2018-01-12,1071.2,9.6266,9.6117,2018-01-11
2018-01-15,1064.7,9.5807,9.6266,2018-01-12
2018-01-16,1061.3,9.6002,9.5807,2018-01-15
2018-01-17,1064.0,9.639,9.6002,2018-01-16
2018-01-18,1065.8,9.5776,9.639,2018-01-17
2018-01-19,1069.4,9.6338,9.5776,2018-01-18
2018-01-22,1067.3,9.6462,9.6338,2018-01-19
2018-01-23,1068.9,9.6349,9.6462,2018-01-22
2018-01-24,1069.7,9.7012,9.6349,2018-01-23
2018-01-25,1070.6,9.8049,9.7012,2018-01-24
2018-01-26,1061.7,9.6848,9.8049,2018-01-25
2018-01-29,1064.8,9.7985,9.6848,2018-01-26
2018-01-30,1064.8,9.7746,9.7985,2018-01-29
2018-01-31,1071.5,9.8502,9.7746,2018-01-30
2018-02-01,1071.0,9.8068,9.8502,2018-01-31
2018-02-02,1071.1,9.7862,9.8068,2018-02-01
2018-02-05,1076.7,9.7726,9.7862,2018-02-02
2018-02-06,1089.8,9.9831,9.7726,2018-02-05
2018-02-07,1094.3,9.9758,9.9831,2018-02-06
2018-02-08,1083.3,9.9045,9.9758,2018-02-07
2018-02-09,1087.8,10.0078,9.9045,2018-02-08
2018-02-12,1092.7,10.0437,10.0078,2018-02-09
2018-02-13,1083.4,9.9664,10.0437,2018-02-12
2018-02-14,1082.8,10.0413,9.9664,2018-02-13
2018-02-19,1079.9,10.1662,10.0413,2018-02-14
2018-02-20,1068.0,10.0174,10.1662,2018-02-19
2018-02-21,1070.3,9.9739,10.0174,2018-02-20
2018-02-22,1075.3,9.98,9.9739,2018-02-21
2018-02-23,1082.9,10.1504,9.98,2018-02-22
2018-02-26,1078.5,10.0842,10.1504,2018-02-23
2018-02-27,1073.7,10.0322,10.0842,2018-02-26
2018-02-28,1071.0,9.9725,10.0322,2018-02-27
2018-03-02,1081.9,10.1927,9.9725,2018-02-28
2018-03-05,1081.3,10.2328,10.1927,2018-03-02
2018-03-06,1080.5,10.1752,10.2328,2018-03-05
2018-03-07,1075.4,10.1861,10.1752,2018-03-06
2018-03-08,1068.7,10.073,10.1861,2018-03-07
2018-03-09,1068.4,10.0503,10.073,2018-03-08
2018-03-12,1069.2,10.0005,10.0503,2018-03-09
2018-03-13,1064.3,10.0052,10.0005,2018-03-12
2018-03-14,1065.8,10.0099,10.0052,2018-03-13
2018-03-15,1065.8,10.0278,10.0099,2018-03-14
2018-03-16,1065.8,10.0259,10.0278,2018-03-15
2018-03-19,1069.6,10.092,10.0259,2018-03-16
2018-03-20,1071.2,10.1014,10.092,2018-03-19
2018-03-21,1071.0,10.054,10.1014,2018-03-20
2018-03-22,1071.4,10.1142,10.054,2018-03-21
2018-03-23,1069.2,10.196,10.1142,2018-03-22
2018-03-26,1080.8,10.3149,10.196,2018-03-23
2018-03-27,1081.2,10.2547,10.3149,2018-03-26
2018-03-28,1072.2,10.1736,10.2547,2018-03-27
2018-03-29,1069.4,10.0117,10.1736,2018-03-28
2018-03-30,1066.5,10.0146,10.0117,2018-03-29
2018-04-02,1064.4,10.008,10.0146,2018-03-30
2018-04-03,1058.1,9.9967,10.008,2018-04-02
2018-04-04,1057.8,9.9282,9.9967,2018-04-03
2018-04-05,1057.6,9.9068,9.9282,2018-04-04
2018-04-06,1059.5,9.8903,9.9068,2018-04-05
2018-04-09,1066.0,9.9752,9.8903,2018-04-06
2018-04-10,1067.5,10.0033,9.9752,2018-04-09
2018-04-11,1067.7,9.9617,10.0033,2018-04-10
2018-04-12,1066.4,9.9827,9.9617,2018-04-11
2018-04-13,1068.7,9.965,9.9827,2018-04-12
2018-04-16,1070.0,9.9475,9.965,2018-04-13
2018-04-17,1073.1,10.0163,9.9475,2018-04-16
2018-04-18,1068.4,9.9822,10.0163,2018-04-17
2018-04-19,1066.5,9.9473,9.9822,2018-04-18
2018-04-20,1063.5,9.9032,9.9473,2018-04-19
2018-04-23,1067.3,9.9012,9.9032,2018-04-20
2018-04-24,1068.9,9.8335,9.9012,2018-04-23
2018-04-25,1076.9,9.8952,9.8335,2018-04-24
2018-04-26,1078.7,9.8579,9.8952,2018-04-25
2018-04-27,1079.7,9.8743,9.8579,2018-04-26
2018-04-30,1076.2,9.8594,9.8743,2018-04-27
2018-05-02,1067.5,9.7138,9.8594,2018-04-30
2018-05-03,1074.9,9.7883,9.7138,2018-05-02
2018-05-04,1076.5,9.863,9.7883,2018-05-03
2018-05-08,1076.7,9.8685,9.863,2018-05-04
2018-05-09,1078.2,9.8849,9.8685,2018-05-08
2018-05-10,1081.3,9.8546,9.8849,2018-05-09
2018-05-11,1075.3,9.8304,9.8546,2018-05-10
2018-05-14,1068.6,9.7723,9.8304,2018-05-11
2018-05-15,1066.6,9.7207,9.7723,2018-05-14
2018-05-16,1072.6,9.731,9.7207,2018-05-15
2018-05-17,1078.7,9.7784,9.731,2018-05-16
2018-05-18,1079.3,9.7427,9.7784,2018-05-17
2018-05-21,1080.0,9.7433,9.7427,2018-05-18
2018-05-23,1083.8,9.7794,9.7433,2018-05-21
2018-05-24,1078.8,9.8059,9.7794,2018-05-23
2018-05-25,1079.7,9.8819,9.8059,2018-05-24
2018-05-28,1078.7,9.8381,9.8819,2018-05-25
2018-05-29,1073.2,9.8049,9.8381,2018-05-28
2018-05-30,1076.1,9.9139,9.8049,2018-05-29
2018-05-31,1081.3,9.9398,9.9139,2018-05-30
2018-06-01,1076.4,9.8961,9.9398,2018-05-31
2018-06-04,1076.0,9.8251,9.8961,2018-06-01
2018-06-05,1070.9,9.7421,9.8251,2018-06-04
2018-06-07,1069.6,9.7091,9.7421,2018-06-05
2018-06-08,1067.9,9.7378,9.7091,2018-06-07
2018-06-11,1073.2,9.8081,9.7378,2018-06-08
2018-06-12,1073.5,9.7418,9.8081,2018-06-11
2018-06-14,1075.1,9.7532,9.7418,2018-06-12
2018-06-15,1082.5,9.7853,9.7532,2018-06-14
2018-06-18,1091.4,9.8684,9.7853,2018-06-15
2018-06-19,1104.4,9.9923,9.8684,2018-06-18
2018-06-20,1105.5,10.0468,9.9923,2018-06-19
2018-06-21,1108.0,10.0367,10.0468,2018-06-20
2018-06-22,1109.0,10.0878,10.0367,2018-06-21
2018-06-25,1108.9,10.0924,10.0878,2018-06-22
2018-06-26,1116.1,10.1774,10.0924,2018-06-25
2018-06-27,1115.2,10.1322,10.1774,2018-06-26
2018-06-28,1117.9,10.1397,10.1322,2018-06-27
2018-06-29,1121.7,10.1479,10.1397,2018-06-28
2018-07-02,1117.2,10.0926,10.1479,2018-06-29
2018-07-03,1117.4,10.0826,10.0926,2018-07-02
2018-07-04,1121.1,10.1434,10.0826,2018-07-03
2018-07-05,1115.3,10.0955,10.1434,2018-07-04
2018-07-06,1118.4,10.1085,10.0955,2018-07-05
2018-07-09,1117.8,10.1222,10.1085,2018-07-06
2018-07-10,1112.3,10.032,10.1222,2018-07-09
2018-07-11,1113.8,10.0428,10.032,2018-07-10
2018-07-12,1120.8,10.0116,10.0428,2018-07-11
2018-07-13,1127.8,10.0155,10.0116,2018-07-12
2018-07-16,1123.4,9.9907,10.0155,2018-07-13
2018-07-17,1128.7,10.0463,9.9907,2018-07-16
2018-07-18,1125.2,9.9584,10.0463,2018-07-17
2018-07-19,1128.9,10.0031,9.9584,2018-07-18
2018-07-20,1131.2,10.0591,10.0031,2018-07-19
2018-07-23,1134.8,10.1991,10.0591,2018-07-20
2018-07-24,1128.5,10.1279,10.1991,2018-07-23
2018-07-25,1135.2,10.2063,10.1279,2018-07-24
2018-07-26,1127.5,10.1673,10.2063,2018-07-25
2018-07-27,1119.6,10.0652,10.1673,2018-07-26
2018-07-30,1120.0,10.0946,10.0652,2018-07-27
2018-07-31,1116.7,10.0595,10.0946,2018-07-30
2018-08-01,1117.9,10.0022,10.0595,2018-07-31
2018-08-02,1119.3,10.0251,10.0022,2018-08-01
2018-08-03,1122.6,10.056,10.0251,2018-08-02
2018-08-06,1128.1,10.1416,10.056,2018-08-03
2018-08-07,1123.5,10.0907,10.1416,2018-08-06
2018-08-08,1125.7,10.1082,10.0907,2018-08-07
2018-08-09,1118.8,10.0884,10.1082,2018-08-08
2018-08-10,1117.9,10.0562,10.0884,2018-08-09
2018-08-13,1126.3,10.1822,10.0562,2018-08-10
2018-08-14,1133.7,10.243,10.1822,2018-08-13
2018-08-16,1132.1,10.2341,10.243,2018-08-14
2018-08-17,1130.7,10.1902,10.2341,2018-08-16
2018-08-20,1125.6,10.185,10.1902,2018-08-17
2018-08-21,1121.7,10.2014,10.185,2018-08-20
2018-08-22,1118.2,10.1558,10.2014,2018-08-21
2018-08-23,1118.7,10.1194,10.1558,2018-08-22
2018-08-24,1120.8,10.0651,10.1194,2018-08-23
2018-08-27,1121.8,10.0822,10.0651,2018-08-24
2018-08-28,1114.3,10.0247,10.0822,2018-08-27
2018-08-29,1110.0,9.9847,10.0247,2018-08-28
2018-08-30,1108.8,9.9235,9.9847,2018-08-29
2018-08-31,1108.8,9.9865,9.9235,2018-08-30
2018-09-03,1113.3,10.0175,9.9865,2018-08-31
2018-09-04,1113.5,10.0239,10.0175,2018-09-03
2018-09-05,1114.2,9.9946,10.0239,2018-09-04
2018-09-06,1117.6,10.0242,9.9946,2018-09-05
2018-09-07,1121.2,10.1315,10.0242,2018-09-06
2018-09-10,1123.1,10.1203,10.1315,2018-09-07
2018-09-11,1128.1,10.1498,10.1203,2018-09-10
2018-09-12,1126.8,10.0954,10.1498,2018-09-11
2018-09-13,1127.3,10.1339,10.0954,2018-09-12
2018-09-14,1121.2,10.0094,10.1339,2018-09-13
2018-09-17,1119.2,9.9942,10.0094,2018-09-14
2018-09-18,1126.2,10.0815,9.9942,2018-09-17
2018-09-19,1126.3,10.0249,10.0815,2018-09-18
2018-09-20,1123.0,10.0004,10.0249,2018-09-19
2018-09-21,1119.9,9.9573,10.0004,2018-09-20
2018-09-27,1116.6,9.902,9.9573,2018-09-21
2018-09-28,1112.7,9.8117,9.902,2018-09-27
2018-10-01,1110.2,9.7579,9.8117,2018-09-28
2018-10-02,1110.9,9.7443,9.7579,2018-10-01
2018-10-04,1116.4,9.7515,9.7443,2018-10-02
2018-10-05,1128.3,9.9087,9.7515,2018-10-04
2018-10-08,1130.7,9.9433,9.9087,2018-10-05
2018-10-10,1131.7,10.0124,9.9433,2018-10-08
2018-10-11,1132.5,10.0886,10.0124,2018-10-10
2018-10-12,1142.5,10.1891,10.0886,2018-10-11
2018-10-15,1133.3,10.1021,10.1891,2018-10-12
2018-10-16,1133.4,10.1382,10.1021,2018-10-15
2018-10-17,1128.1,10.0459,10.1382,2018-10-16
2018-10-18,1125.0,9.9889,10.0459,2018-10-17
2018-10-19,1132.6,10.094,9.9889,2018-10-18
2018-10-22,1134.3,10.0867,10.094,2018-10-19
2018-10-23,1130.9,10.0235,10.0867,2018-10-22
2018-10-24,1135.8,10.1032,10.0235,2018-10-23
2018-10-25,1132.2,10.0995,10.1032,2018-10-24
2018-10-26,1138.5,10.1313,10.0995,2018-10-25
2018-10-29,1140.6,10.1921,10.1313,2018-10-26
2018-10-30,1138.6,10.1326,10.1921,2018-10-29
2018-10-31,1140.6,10.0889,10.1326,2018-10-30
2018-11-01,1139.2,10.0908,10.0889,2018-10-31
2018-11-02,1138.8,10.1096,10.0908,2018-11-01
2018-11-05,1125.5,9.9457,10.1096,2018-11-02
2018-11-06,1122.7,9.9157,9.9457,2018-11-05
2018-11-07,1122.5,9.8938,9.9157,2018-11-06
2018-11-08,1120.9,9.8736,9.8938,2018-11-07
2018-11-09,1118.4,9.8075,9.8736,2018-11-08
2018-11-12,1125.7,9.8854,9.8075,2018-11-09
2018-11-13,1132.0,9.9468,9.8854,2018-11-12
2018-11-14,1135.7,9.9815,9.9468,2018-11-13
2018-11-15,1132.4,9.9674,9.9815,2018-11-14
2018-11-16,1130.3,9.9525,9.9674,2018-11-15
2018-11-19,1128.7,10.0102,9.9525,2018-11-16
2018-11-20,1127.4,10.0231,10.0102,2018-11-19
2018-11-21,1127.5,10.004,10.0231,2018-11-20
2018-11-22,1131.3,10.0049,10.004,2018-11-21
2018-11-23,1129.0,9.9934,10.0049,2018-11-22
2018-11-26,1130.5,10.0111,9.9934,2018-11-23
2018-11-27,1129.9,9.9494,10.0111,2018-11-26
2018-11-28,1129.7,9.9306,9.9494,2018-11-27
2018-11-29,1128.9,9.9379,9.9306,2018-11-28
2018-11-30,1121.8,9.8898,9.9379,2018-11-29
2018-12-03,1120.3,9.844,9.8898,2018-11-30
2018-12-04,1113.7,9.8033,9.844,2018-12-03
2018-12-05,1109.8,9.8465,9.8033,2018-12-04
2018-12-06,1113.6,9.844,9.8465,2018-12-05
2018-12-07,1117.8,9.9197,9.844,2018-12-06
2018-12-10,1118.2,9.9378,9.9197,2018-12-07
2018-12-11,1124.7,9.9316,9.9378,2018-12-10
2018-12-12,1129.4,9.9599,9.9316,2018-12-11
2018-12-13,1127.6,9.9598,9.9599,2018-12-12
2018-12-14,1124.0,9.8944,9.9598,2018-12-13
2018-12-17,1129.2,9.9634,9.8944,2018-12-14
2018-12-18,1131.6,10.0315,9.9634,2018-12-17
2018-12-19,1129.9,10.0494,10.0315,2018-12-18
2018-12-20,1125.1,10.0111,10.0494,2018-12-19
2018-12-21,1128.9,10.1502,10.0111,2018-12-20
2018-12-24,1123.9,10.1184,10.1502,2018-12-21
2018-12-26,1125.2,10.2142,10.1184,2018-12-24
2018-12-27,1125.6,10.1223,10.2142,2018-12-26
2018-12-28,1121.3,10.1095,10.1223,2018-12-27
2018-12-31,1118.1,10.1318,10.1095,2018-12-28
2019-01-02,1118.1,10.1947,10.1318,2018-12-31
2019-01-03,1119.0,10.4487,10.1947,2019-01-02
2019-01-04,1127.5,10.4636,10.4487,2019-01-03
2019-01-07,1125.2,10.3834,10.4636,2019-01-04
2019-01-08,1118.0,10.2885,10.3834,2019-01-07
2019-01-09,1121.7,10.3131,10.2885,2019-01-08
2019-01-10,1121.6,10.368900000000002,10.3131,2019-01-09
2019-01-11,1118.9,10.3196,10.368900000000002,2019-01-10
2019-01-14,1117.6,10.3028,10.3196,2019-01-11
2019-01-15,1121.4,10.3675,10.3028,2019-01-14
2019-01-16,1120.1,10.3097,10.3675,2019-01-15
2019-01-17,1122.0,10.2865,10.3097,2019-01-16
2019-01-18,1121.4,10.2735,10.2865,2019-01-17
2019-01-21,1121.3,10.2187,10.2735,2019-01-18
2019-01-22,1126.5,10.273599999999998,10.2187,2019-01-21
2019-01-23,1130.2,10.3366,10.273599999999998,2019-01-22
2019-01-24,1128.2,10.2971,10.3366,2019-01-23
2019-01-25,1128.0,10.2981,10.2971,2019-01-24
2019-01-28,1125.1,10.2697,10.2981,2019-01-25
2019-01-29,1116.9,10.2219,10.2697,2019-01-28
2019-01-30,1118.1,10.218,10.2219,2019-01-29
2019-01-31,1117.2,10.2481,10.218,2019-01-30
2019-02-01,1111.6,10.2136,10.2481,2019-01-31
2019-02-07,1116.8,10.1597,10.2136,2019-02-01
2019-02-08,1123.4,10.2309,10.1597,2019-02-07
2019-02-11,1124.5,10.239,10.2309,2019-02-08
2019-02-12,1124.5,10.1825,10.239,2019-02-11
2019-02-13,1124.6,10.1815,10.1825,2019-02-12
2019-02-14,1121.7,10.1077,10.1815,2019-02-13
2019-02-15,1125.0,10.1805,10.1077,2019-02-14
2019-02-18,1127.7,10.2031,10.1805,2019-02-15
2019-02-19,1124.7,10.1695,10.2031,2019-02-18
2019-02-20,1127.5,10.1972,10.1695,2019-02-19
2019-02-21,1122.6,10.1295,10.1972,2019-02-20
2019-02-22,1124.4,10.1595,10.1295,2019-02-21
2019-02-25,1125.7,10.162,10.1595,2019-02-22
2019-02-26,1120.8,10.0923,10.162,2019-02-25
2019-02-27,1118.3,10.1162,10.0923,2019-02-26
2019-02-28,1117.8,10.0762,10.1162,2019-02-27
2019-03-04,1119.9,10.0049,10.0762,2019-02-28
2019-03-05,1125.0,10.0685,10.0049,2019-03-04
2019-03-06,1125.8,10.0621,10.0685,2019-03-05
2019-03-07,1127.8,10.0953,10.0621,2019-03-06
2019-03-08,1128.3,10.1116,10.0953,2019-03-07
2019-03-11,1134.0,10.2038,10.1116,2019-03-08
2019-03-12,1134.5,10.1945,10.2038,2019-03-11
2019-03-13,1128.7,10.1433,10.1945,2019-03-12
2019-03-14,1131.5,10.174,10.1433,2019-03-13
2019-03-15,1132.7,10.1396,10.174,2019-03-14
2019-03-18,1136.1,10.1888,10.1396,2019-03-15
2019-03-19,1133.7,10.1782,10.1888,2019-03-18
2019-03-20,1130.9,10.1549,10.1782,2019-03-19
2019-03-21,1130.4,10.2137,10.1549,2019-03-20
2019-03-22,1125.8,10.1639,10.2137,2019-03-21
2019-03-25,1129.8,10.2658,10.1639,2019-03-22
2019-03-26,1134.9,10.3131,10.2658,2019-03-25
2019-03-27,1132.1,10.2429,10.3131,2019-03-26
2019-03-28,1134.7,10.2692,10.2429,2019-03-27
2019-03-29,1137.8,10.2824,10.2692,2019-03-28
2019-04-01,1136.1,10.2411,10.2824,2019-03-29
2019-04-02,1132.7,10.167,10.2411,2019-04-01
2019-04-03,1135.8,10.2026,10.167,2019-04-02
2019-04-04,1134.9,10.1826,10.2026,2019-04-03
2019-04-05,1135.5,10.1706,10.1826,2019-04-04
2019-04-08,1136.4,10.175,10.1706,2019-04-05
2019-04-09,1141.4,10.2409,10.175,2019-04-08
2019-04-10,1142.8,10.2821,10.2409,2019-04-09
2019-04-11,1141.2,10.2871,10.2821,2019-04-10
2019-04-12,1139.2,10.2056,10.2871,2019-04-11
2019-04-15,1140.5,10.1817,10.2056,2019-04-12
2019-04-16,1133.9,10.1255,10.1817,2019-04-15
2019-04-17,1135.7,10.1397,10.1255,2019-04-16
2019-04-18,1136.1,10.1397,10.1397,2019-04-17
2019-04-19,1136.2,10.1474,10.1397,2019-04-18
2019-04-22,1137.1,10.1604,10.1474,2019-04-19
2019-04-23,1140.8,10.1907,10.1604,2019-04-22
2019-04-24,1141.1,10.2007,10.1907,2019-04-23
2019-04-25,1146.9,10.226,10.2007,2019-04-24
2019-04-26,1158.7,10.3877,10.226,2019-04-25
2019-04-29,1159.7,10.3916,10.3877,2019-04-26
2019-04-30,1158.2,10.3702,10.3916,2019-04-29
2019-05-02,1163.8,10.4438,10.3702,2019-04-30
2019-05-03,1163.9,10.4372,10.4438,2019-05-02
2019-05-07,1169.4,10.5584,10.4372,2019-05-03
2019-05-08,1169.8,10.6109,10.5584,2019-05-07
2019-05-09,1169.9,10.6301,10.6109,2019-05-08
2019-05-10,1175.8,10.7139,10.6301,2019-05-09
2019-05-13,1178.1,10.7329,10.7139,2019-05-10
2019-05-14,1183.1,10.8308,10.7329,2019-05-13
2019-05-15,1187.0,10.8258,10.8308,2019-05-14
2019-05-16,1189.4,10.8596,10.8258,2019-05-15
2019-05-17,1189.8,10.8306,10.8596,2019-05-16
2019-05-20,1192.7,10.8363,10.8306,2019-05-17
2019-05-21,1192.9,10.8391,10.8363,2019-05-20
2019-05-22,1193.3,10.7927,10.8391,2019-05-21
2019-05-23,1194.6,10.8329,10.7927,2019-05-22
2019-05-24,1191.2,10.8741,10.8329,2019-05-23
2019-05-27,1189.6,10.8763,10.8741,2019-05-24
2019-05-28,1184.1,10.8097,10.8763,2019-05-27
2019-05-29,1187.6,10.859000000000002,10.8097,2019-05-28
2019-05-30,1193.1,10.8859,10.859000000000002,2019-05-29
2019-05-31,1190.0,10.8582,10.8859,2019-05-30
2019-06-03,1191.2,11.0036,10.8582,2019-05-31
2019-06-04,1183.0,10.9562,11.0036,2019-06-03
2019-06-05,1181.5,10.9181,10.9562,2019-06-04
2019-06-07,1179.8,10.878699999999998,10.9181,2019-06-05
2019-06-10,1179.5,10.8755,10.878699999999998,2019-06-07
2019-06-11,1184.0,10.921,10.8755,2019-06-10
2019-06-12,1181.7,10.8867,10.921,2019-06-11
2019-06-13,1181.7,10.8938,10.8867,2019-06-12
2019-06-14,1184.7,10.9345,10.8938,2019-06-13
2019-06-17,1184.0,10.9079,10.9345,2019-06-14
2019-06-18,1186.3,10.9281,10.9079,2019-06-17
2019-06-19,1185.0,10.9212,10.9281,2019-06-18
2019-06-20,1177.0,10.8916,10.9212,2019-06-19
2019-06-21,1167.7,10.879,10.8916,2019-06-20
2019-06-24,1162.0,10.8219,10.879,2019-06-21
2019-06-25,1157.9,10.7897,10.8219,2019-06-24
2019-06-26,1154.7,10.7735,10.7897,2019-06-25
2019-06-27,1158.2,10.75,10.7735,2019-06-26
2019-06-28,1156.8,10.7335,10.75,2019-06-27
2019-07-01,1156.4,10.6674,10.7335,2019-06-28
2019-07-02,1155.4,10.668,10.6674,2019-07-01
2019-07-03,1164.8,10.7997,10.668,2019-07-02
2019-07-04,1170.4,10.8587,10.7997,2019-07-03
2019-07-05,1169.2,10.845999999999998,10.8587,2019-07-04
2019-07-08,1170.4,10.7856,10.845999999999998,2019-07-05
2019-07-09,1178.5,10.8363,10.7856,2019-07-08
2019-07-10,1179.9,10.8352,10.8363,2019-07-09
2019-07-11,1181.4,10.9041,10.8352,2019-07-10
2019-07-12,1173.8,10.8199,10.9041,2019-07-11
2019-07-15,1177.3,10.9115,10.8199,2019-07-12
2019-07-16,1179.2,10.9342,10.9115,2019-07-15
2019-07-17,1178.5,10.8863,10.9342,2019-07-16
2019-07-18,1180.4,10.9332,10.8863,2019-07-17
2019-07-19,1179.5,10.9777,10.9332,2019-07-18
2019-07-22,1173.4,10.886500000000002,10.9777,2019-07-19
2019-07-23,1177.6,10.9133,10.886500000000002,2019-07-22
2019-07-24,1178.4,10.8904,10.9133,2019-07-23
2019-07-25,1178.2,10.8906,10.8904,2019-07-24
2019-07-26,1179.8,10.8572,10.8906,2019-07-25
2019-07-29,1184.2,10.9007,10.8572,2019-07-26
2019-07-30,1183.4,10.8723,10.9007,2019-07-29
2019-07-31,1182.0,10.8845,10.8723,2019-07-30
2019-08-01,1181.9,10.8645,10.8845,2019-07-31
2019-08-02,1188.5,11.0604,10.8645,2019-08-01
2019-08-05,1194.8,11.214,11.0604,2019-08-02
2019-08-06,1211.8,11.4683,11.214,2019-08-05
2019-08-07,1214.3,11.4163,11.4683,2019-08-06
2019-08-08,1214.5,11.4344,11.4163,2019-08-07
2019-08-09,1211.3,11.4473,11.4344,2019-08-08
2019-08-12,1209.7,11.4604,11.4473,2019-08-09
2019-08-13,1215.6,11.5491,11.4604,2019-08-12
2019-08-14,1218.9,11.4284,11.5491,2019-08-13
2019-08-16,1211.7,11.4155,11.4284,2019-08-14
2019-08-19,1213.3,11.3968,11.4155,2019-08-16
2019-08-20,1210.7,11.3569,11.3968,2019-08-19
2019-08-21,1210.2,11.389,11.3569,2019-08-20
2019-08-22,1204.0,11.294,11.389,2019-08-21
2019-08-23,1205.1,11.3192,11.294,2019-08-22
2019-08-26,1212.2,11.5508,11.3192,2019-08-23
2019-08-27,1218.2,11.4811,11.5508,2019-08-26
2019-08-28,1213.1,11.468699999999998,11.4811,2019-08-27
2019-08-29,1213.5,11.4433,11.468699999999998,2019-08-28
2019-08-30,1215.2,11.4066,11.4433,2019-08-29
2019-09-02,1209.6,11.3957,11.4066,2019-08-30
2019-09-03,1211.9,11.412,11.3957,2019-09-02
2019-09-04,1215.2,11.4674,11.412,2019-09-03
2019-09-05,1209.7,11.3747,11.4674,2019-09-04
2019-09-06,1199.6,11.2096,11.3747,2019-09-05
2019-09-09,1196.9,11.1949,11.2096,2019-09-06
2019-09-10,1192.4,11.12,11.1949,2019-09-09
2019-09-11,1191.9,11.0859,11.12,2019-09-10
2019-09-16,1191.4,11.0514,11.0859,2019-09-11
2019-09-17,1184.0,10.951300000000002,11.0514,2019-09-16
2019-09-18,1188.3,10.9916,10.951300000000002,2019-09-17
2019-09-19,1190.5,10.9815,10.9916,2019-09-18
2019-09-20,1195.1,11.0622,10.9815,2019-09-19
2019-09-23,1191.1,11.0646,11.0622,2019-09-20
2019-09-24,1193.1,11.094,11.0646,2019-09-23
2019-09-25,1194.0,11.1459,11.094,2019-09-24
2019-09-26,1198.3,11.1232,11.1459,2019-09-25
2019-09-27,1199.1,11.121300000000002,11.1232,2019-09-26
2019-09-30,1201.3,11.134,11.121300000000002,2019-09-27
2019-10-01,1199.2,11.097,11.134,2019-09-30
2019-10-02,1198.2,11.1217,11.097,2019-10-01
2019-10-04,1203.7,11.263699999999998,11.1217,2019-10-02
2019-10-07,1197.0,11.2052,11.263699999999998,2019-10-04
2019-10-08,1196.5,11.1551,11.2052,2019-10-07
2019-10-10,1194.7,11.1555,11.1551,2019-10-08
2019-10-11,1196.1,11.0848,11.1555,2019-10-10
2019-10-14,1189.3,10.9613,11.0848,2019-10-11
2019-10-15,1183.7,10.9213,10.9613,2019-10-14
2019-10-16,1184.1,10.8793,10.9213,2019-10-15
2019-10-17,1187.0,10.9175,10.8793,2019-10-16
2019-10-18,1186.6,10.9299,10.9175,2019-10-17
2019-10-21,1180.5,10.8942,10.9299,2019-10-18
2019-10-22,1175.4,10.8232,10.8942,2019-10-21
2019-10-23,1171.4,10.7968,10.8232,2019-10-22
2019-10-24,1173.7,10.801099999999998,10.7968,2019-10-23
2019-10-25,1171.0,10.7802,10.801099999999998,2019-10-24
2019-10-28,1174.2,10.8027,10.7802,2019-10-25
2019-10-29,1169.6,10.7332,10.8027,2019-10-28
2019-10-30,1166.5,10.7151,10.7332,2019-10-29
2019-10-31,1168.4,10.7405,10.7151,2019-10-30
2019-11-01,1161.7,10.755,10.7405,2019-10-31
2019-11-04,1167.6,10.7886,10.755,2019-11-01
2019-11-05,1160.4,10.6851,10.7886,2019-11-04
2019-11-06,1160.1,10.627,10.6851,2019-11-05
2019-11-07,1157.5,10.6251,10.627,2019-11-06
2019-11-08,1160.6,10.6209,10.6251,2019-11-07
2019-11-11,1156.1,10.5846,10.6209,2019-11-08
2019-11-12,1161.3,10.6488,10.5846,2019-11-11
2019-11-13,1163.5,10.6768,10.6488,2019-11-12
2019-11-14,1167.6,10.734100000000002,10.6768,2019-11-13
2019-11-15,1170.4,10.7975,10.734100000000002,2019-11-14
2019-11-18,1166.3,10.7261,10.7975,2019-11-15
2019-11-19,1164.5,10.7145,10.7261,2019-11-18
2019-11-20,1168.6,10.778,10.7145,2019-11-19
2019-11-21,1170.1,10.7853,10.778,2019-11-20
2019-11-22,1176.5,10.8343,10.7853,2019-11-21
2019-11-25,1177.8,10.8348,10.8343,2019-11-22
2019-11-26,1176.2,10.7973,10.8348,2019-11-25
2019-11-27,1174.4,10.7679,10.7973,2019-11-26
2019-11-28,1176.0,10.753,10.7679,2019-11-27
2019-11-29,1179.3,10.7689,10.753,2019-11-28
2019-12-02,1180.3,10.7775,10.7689,2019-11-29
2019-12-03,1180.4,10.8269,10.7775,2019-12-02
2019-12-04,1186.2,10.9181,10.8269,2019-12-03
2019-12-05,1193.7,10.966,10.9181,2019-12-04
2019-12-06,1190.2,10.9449,10.966,2019-12-05
2019-12-09,1189.7,10.9549,10.9449,2019-12-06
2019-12-10,1189.3,10.9537,10.9549,2019-12-09
2019-12-11,1192.0,10.9574,10.9537,2019-12-10
2019-12-12,1193.3,10.9936,10.9574,2019-12-11
2019-12-13,1188.6,10.8523,10.9936,2019-12-12
2019-12-16,1171.7,10.7146,10.8523,2019-12-13
2019-12-17,1172.9,10.7016,10.7146,2019-12-16
2019-12-18,1166.7,10.6533,10.7016,2019-12-17
2019-12-19,1165.3,10.6357,10.6533,2019-12-18
2019-12-20,1164.5,10.6478,10.6357,2019-12-19
2019-12-23,1162.6,10.6198,10.6478,2019-12-20
2019-12-24,1161.7,10.6188,10.6198,2019-12-23
2019-12-26,1163.7,10.6376,10.6188,2019-12-24
2019-12-27,1161.2,10.599200000000002,10.6376,2019-12-26
2019-12-30,1160.9,10.6072,10.599200000000002,2019-12-27
2019-12-31,1157.8,10.6347,10.6072,2019-12-30
2020-01-02,1157.8,10.6567,10.6347,2019-12-31
2020-01-03,1156.9,10.6553,10.6567,2020-01-02
2020-01-06,1162.7,10.7842,10.6553,2020-01-03
2020-01-07,1169.6,10.7902,10.7842,2020-01-06
2020-01-08,1165.3,10.7495,10.7902,2020-01-07
2020-01-09,1174.1,10.7612,10.7495,2020-01-08
2020-01-10,1160.0,10.595999999999998,10.7612,2020-01-09
2020-01-13,1161.1,10.5993,10.595999999999998,2020-01-10
2020-01-14,1155.7,10.5135,10.5993,2020-01-13
2020-01-15,1153.1,10.4842,10.5135,2020-01-14
2020-01-16,1158.8,10.5437,10.4842,2020-01-15
2020-01-17,1159.6,10.5232,10.5437,2020-01-16
2020-01-20,1158.8,10.5183,10.5232,2020-01-17
2020-01-21,1158.8,10.5178,10.5183,2020-01-20
2020-01-22,1164.7,10.5997,10.5178,2020-01-21
2020-01-23,1165.1,10.6087,10.5997,2020-01-22
2020-01-28,1167.2,10.7137,10.6087,2020-01-23
2020-01-29,1176.7,10.783,10.7137,2020-01-28
2020-01-30,1176.0,10.7845,10.783,2020-01-29
2020-01-31,1183.5,10.8668,10.7845,2020-01-30
2020-02-03,1187.8,10.9621,10.8668,2020-01-31
2020-02-04,1196.0,11.0124,10.9621,2020-02-03
2020-02-05,1189.4,10.863599999999998,11.0124,2020-02-04
2020-02-06,1188.5,10.8227,10.863599999999998,2020-02-05
2020-02-07,1181.4,10.7405,10.8227,2020-02-06
2020-02-10,1187.2,10.8158,10.7405,2020-02-07
2020-02-11,1189.8,10.8405,10.8158,2020-02-10
2020-02-12,1184.1,10.7842,10.8405,2020-02-11
2020-02-13,1179.8,10.7186,10.7842,2020-02-12
2020-02-14,1181.5,10.76,10.7186,2020-02-13
2020-02-17,1183.5,10.7762,10.76,2020-02-14
2020-02-18,1182.2,10.7654,10.7762,2020-02-17
2020-02-19,1188.1,10.8127,10.7654,2020-02-18
2020-02-20,1190.8,10.7019,10.8127,2020-02-19
2020-02-21,1197.0,10.6813,10.7019,2020-02-20
2020-02-24,1205.6,10.8179,10.6813,2020-02-21
2020-02-25,1217.7,10.9926,10.8179,2020-02-24
2020-02-26,1212.7,11.0025,10.9926,2020-02-25
2020-02-27,1216.8,11.0192,11.0025,2020-02-26
2020-02-28,1215.9,11.0995,11.0192,2020-02-27
2020-03-02,1215.3,11.3025,11.0995,2020-02-28
2020-03-03,1200.3,11.0846,11.3025,2020-03-02
2020-03-04,1191.4,11.1455,11.0846,2020-03-03
2020-03-05,1186.4,11.0327,11.1455,2020-03-04
2020-03-06,1185.0,11.1682,11.0327,2020-03-05
2020-03-09,1191.4,11.4497,11.1682,2020-03-06
2020-03-10,1201.4,11.7273,11.4497,2020-03-09
2020-03-11,1196.7,11.3858,11.7273,2020-03-10
2020-03-12,1192.8,11.3877,11.3858,2020-03-11
2020-03-13,1202.0,11.4591,11.3877,2020-03-12
2020-03-16,1222.2,11.493900000000002,11.4591,2020-03-13
2020-03-17,1219.6,11.4824,11.493900000000002,2020-03-16
2020-03-18,1241.2,11.567,11.4824,2020-03-17
2020-03-19,1237.8,11.45,11.567,2020-03-18
2020-03-20,1280.1,11.546500000000002,11.45,2020-03-19
2020-03-23,1254.1,11.3048,11.546500000000002,2020-03-20
2020-03-24,1274.6,11.4798,11.3048,2020-03-23
2020-03-25,1256.0,11.2884,11.4798,2020-03-24
2020-03-26,1230.7,11.0904,11.2884,2020-03-25
2020-03-27,1227.9,11.2358,11.0904,2020-03-26
2020-03-30,1212.4,11.2535,11.2358,2020-03-27
2020-03-31,1222.6,11.3083,11.2535,2020-03-30
2020-04-01,1220.0,11.3293,11.3083,2020-03-31
2020-04-02,1222.2,11.3969,11.3293,2020-04-01
2020-04-03,1237.6,11.4423,11.3969,2020-04-02
2020-04-06,1229.8,11.3288,11.4423,2020-04-03
2020-04-07,1233.4,11.2949,11.3288,2020-04-06
2020-04-08,1222.4,11.2451,11.2949,2020-04-07
2020-04-09,1219.7,11.1997,11.2451,2020-04-08
2020-04-10,1216.4,11.208,11.1997,2020-04-09
2020-04-13,1212.3,11.1862,11.208,2020-04-10
2020-04-14,1218.7,11.3167,11.1862,2020-04-13
2020-04-16,1216.7,11.3187,11.3167,2020-04-14
2020-04-17,1227.5,11.3647,11.3187,2020-04-16
2020-04-20,1219.3,11.3323,11.3647,2020-04-17
2020-04-21,1218.7,11.311,11.3323,2020-04-20
2020-04-22,1231.3,11.4295,11.311,2020-04-21
2020-04-23,1235.2,11.462,11.4295,2020-04-22
2020-04-24,1232.0,11.4503,11.462,2020-04-23
2020-04-27,1235.8,11.5028,11.4503,2020-04-24
2020-04-28,1230.3,11.4719,11.5028,2020-04-27
2020-04-29,1225.2,11.4714,11.4719,2020-04-28
2020-05-04,1218.5,11.4065,11.4714,2020-04-29
2020-05-06,1227.8,11.531300000000002,11.4065,2020-05-04
2020-05-07,1223.3,11.5319,11.531300000000002,2020-05-06
2020-05-08,1226.5,11.5386,11.5319,2020-05-07
2020-05-11,1217.7,11.3969,11.5386,2020-05-08
2020-05-12,1217.8,11.3121,11.3969,2020-05-11
2020-05-13,1226.7,11.4415,11.3121,2020-05-12
2020-05-14,1226.3,11.4559,11.4415,2020-05-13
2020-05-15,1227.9,11.4474,11.4559,2020-05-14
2020-05-18,1229.3,11.4615,11.4474,2020-05-15
2020-05-19,1231.6,11.4728,11.4615,2020-05-18
2020-05-20,1224.5,11.3543,11.4728,2020-05-19
2020-05-21,1227.8,11.4124,11.3543,2020-05-20
2020-05-22,1230.7,11.4388,11.4124,2020-05-21
2020-05-25,1236.2,11.4808,11.4388,2020-05-22
2020-05-26,1242.0,11.5283,11.4808,2020-05-25
2020-05-27,1237.1,11.5063,11.5283,2020-05-26
2020-05-28,1233.7,11.4491,11.5063,2020-05-27
2020-05-29,1239.4,11.5063,11.4491,2020-05-28
2020-06-01,1237.6,11.4912,11.5063,2020-05-29
2020-06-02,1227.8,11.4166,11.4912,2020-06-01
2020-06-03,1224.1,11.2639,11.4166,2020-06-02
2020-06-04,1216.9,11.1652,11.2639,2020-06-03
2020-06-05,1217.4,11.1489,11.1652,2020-06-04
2020-06-08,1213.1,11.0629,11.1489,2020-06-05
2020-06-09,1204.2,11.1053,11.0629,2020-06-08
2020-06-10,1197.7,11.113,11.1053,2020-06-09
2020-06-11,1194.4,11.172,11.113,2020-06-10
2020-06-12,1192.8,11.1691,11.172,2020-06-11
2020-06-15,1206.6,11.236199999999998,11.1691,2020-06-12
2020-06-16,1210.8,11.2727,11.236199999999998,2020-06-15
2020-06-17,1206.6,11.2373,11.2727,2020-06-16
2020-06-18,1214.5,11.3526,11.2373,2020-06-17
2020-06-19,1213.0,11.3391,11.3526,2020-06-18
2020-06-22,1212.0,11.3457,11.3391,2020-06-19
2020-06-23,1213.2,11.3463,11.3457,2020-06-22
2020-06-24,1210.1,11.3683,11.3463,2020-06-23
2020-06-25,1202.9,11.2352,11.3683,2020-06-24
2020-06-26,1205.2,11.246199999999998,11.2352,2020-06-25
2020-06-29,1198.6,11.1825,11.246199999999998,2020-06-26
2020-06-30,1200.7,11.1605,11.1825,2020-06-29
2020-07-01,1198.5,11.1008,11.1605,2020-06-30
2020-07-02,1201.6,11.1839,11.1008,2020-07-01
2020-07-03,1201.0,11.1685,11.1839,2020-07-02
2020-07-06,1200.4,11.1592,11.1685,2020-07-03
2020-07-07,1196.8,11.148599999999998,11.1592,2020-07-06
2020-07-08,1192.9,11.089,11.148599999999998,2020-07-07
2020-07-09,1195.8,11.146,11.089,2020-07-08
2020-07-10,1194.5,11.1406,11.146,2020-07-09
2020-07-13,1202.4,11.2505,11.1406,2020-07-10
2020-07-14,1200.3,11.1869,11.2505,2020-07-13
2020-07-15,1206.4,11.2453,11.1869,2020-07-14
2020-07-16,1200.7,11.2325,11.2453,2020-07-15
2020-07-17,1204.1,11.2192,11.2325,2020-07-16
2020-07-20,1205.7,11.2651,11.2192,2020-07-17
2020-07-21,1203.7,11.2228,11.2651,2020-07-20
2020-07-22,1198.1,11.2145,11.2228,2020-07-21
2020-07-23,1193.7,11.1379,11.2145,2020-07-22
2020-07-24,1198.5,11.2182,11.1379,2020-07-23
2020-07-27,1201.3,11.3303,11.2182,2020-07-24
2020-07-28,1196.6,11.3589,11.3303,2020-07-27
2020-07-29,1195.1,11.3705,11.3589,2020-07-28
2020-07-30,1195.2,11.3839,11.3705,2020-07-29
2020-07-31,1191.4,11.3732,11.3839,2020-07-30
2020-08-03,1189.1,11.2397,11.3732,2020-07-31
2020-08-04,1193.7,11.2587,11.2397,2020-08-03
2020-08-05,1193.5,11.2845,11.2587,2020-08-04
2020-08-06,1190.3,11.2712,11.2845,2020-08-05
2020-08-07,1184.3,11.2245,11.2712,2020-08-06
2020-08-10,1185.9,11.1988,11.2245,2020-08-07
2020-08-11,1186.7,11.199000000000002,11.1988,2020-08-10
2020-08-12,1184.9,11.1263,11.199000000000002,2020-08-11
2020-08-13,1186.0,11.0981,11.1263,2020-08-12
2020-08-14,1183.6,11.0648,11.0981,2020-08-13
2020-08-18,1185.8,11.1842,11.0648,2020-08-14
2020-08-19,1185.1,11.2444,11.1842,2020-08-18
2020-08-20,1182.3,11.1511,11.2444,2020-08-19
2020-08-21,1186.3,11.219,11.1511,2020-08-20
2020-08-24,1185.3,11.1942,11.219,2020-08-21
2020-08-25,1190.0,11.2296,11.1942,2020-08-24
2020-08-26,1186.3,11.1521,11.2296,2020-08-25
2020-08-27,1187.0,11.2087,11.1521,2020-08-26
2020-08-28,1185.7,11.126,11.2087,2020-08-27
2020-08-31,1185.1,11.23,11.126,2020-08-28
2020-09-01,1183.3,11.1732,11.23,2020-08-31
2020-09-02,1184.6,11.1839,11.1732,2020-09-01
2020-09-03,1186.2,11.1669,11.1839,2020-09-02
2020-09-04,1187.5,11.1928,11.1669,2020-09-03
2020-09-07,1190.2,11.1992,11.1928,2020-09-04
2020-09-08,1187.2,11.1679,11.1992,2020-09-07
2020-09-09,1187.9,11.205,11.1679,2020-09-08
2020-09-10,1189.6,11.202,11.205,2020-09-09
2020-09-11,1185.3,11.1657,11.202,2020-09-10
2020-09-14,1188.3,11.1977,11.1657,2020-09-11
2020-09-15,1184.2,11.1997,11.1977,2020-09-14
2020-09-16,1180.5,11.2007,11.1997,2020-09-15
2020-09-17,1177.8,11.2166,11.2007,2020-09-16
2020-09-18,1175.4,11.2248,11.2166,2020-09-17
2020-09-21,1163.6,11.1344,11.2248,2020-09-18
2020-09-22,1160.6,11.0834,11.1344,2020-09-21
2020-09-23,1163.9,11.0879,11.0834,2020-09-22
2020-09-24,1164.4,11.049,11.0879,2020-09-23
2020-09-25,1170.3,11.1018,11.049,2020-09-24
2020-09-28,1170.5,11.0859,11.1018,2020-09-25
2020-09-29,1173.5,11.1206,11.0859,2020-09-28
2020-10-05,1169.5,11.0848,11.1206,2020-09-29
2020-10-06,1163.4,11.0019,11.0848,2020-10-05
2020-10-07,1160.0,10.9822,11.0019,2020-10-06
2020-10-08,1162.5,10.9691,10.9822,2020-10-07
2020-10-12,1156.2,10.9463,10.9691,2020-10-08
2020-10-13,1148.3,10.9004,10.9463,2020-10-12
2020-10-14,1149.5,10.8968,10.9004,2020-10-13
2020-10-15,1145.7,10.8938,10.8968,2020-10-14
2020-10-16,1144.6,10.8622,10.8938,2020-10-15
2020-10-19,1145.6,10.867,10.8622,2020-10-16
2020-10-20,1142.2,10.8301,10.867,2020-10-19
2020-10-21,1139.7,10.8003,10.8301,2020-10-20
2020-10-22,1133.7,10.839,10.8003,2020-10-21
2020-10-23,1134.1,10.8128,10.839,2020-10-22
2020-10-26,1134.6,10.8351,10.8128,2020-10-23
2020-10-27,1129.1,10.7672,10.8351,2020-10-26
2020-10-28,1127.6,10.7899,10.7672,2020-10-27
2020-10-29,1129.3,10.8228,10.7899,2020-10-28
2020-10-30,1133.4,10.835,10.8228,2020-10-29
2020-11-02,1130.4,10.8007,10.835,2020-10-30
2020-11-03,1134.7,10.833,10.8007,2020-11-02
2020-11-04,1134.6,10.8382,10.833,2020-11-03
2020-11-05,1136.5,10.8761,10.8382,2020-11-04
2020-11-06,1130.9,10.9166,10.8761,2020-11-05
2020-11-09,1124.4,10.8906,10.9166,2020-11-06
2020-11-10,1115.6,10.595999999999998,10.8906,2020-11-09
2020-11-11,1115.9,10.5989,10.595999999999998,2020-11-10
2020-11-12,1112.4,10.5546,10.5989,2020-11-11
2020-11-13,1113.2,10.5953,10.5546,2020-11-12
2020-11-16,1115.1,10.654000000000002,10.5953,2020-11-13
2020-11-17,1108.0,10.5973,10.654000000000002,2020-11-16
2020-11-18,1106.8,10.623399999999998,10.5973,2020-11-17
2020-11-19,1105.9,10.6526,10.623399999999998,2020-11-18
2020-11-20,1112.2,10.7154,10.6526,2020-11-19
2020-11-23,1114.2,10.7284,10.7154,2020-11-20
2020-11-24,1112.6,10.6449,10.7284,2020-11-23
2020-11-25,1111.2,10.6309,10.6449,2020-11-24
2020-11-26,1107.2,10.6028,10.6309,2020-11-25
2020-11-27,1105.8,10.6077,10.6028,2020-11-26
2020-11-30,1104.4,10.6157,10.6077,2020-11-27
2020-12-01,1104.9,10.5874,10.6157,2020-11-30
2020-12-02,1107.1,10.613,10.5874,2020-12-01
2020-12-03,1103.3,10.5614,10.613,2020-12-02
2020-12-04,1098.1,10.5734,10.5614,2020-12-03
2020-12-07,1086.6,10.4255,10.5734,2020-12-04
2020-12-08,1082.7,10.4101,10.4255,2020-12-07
2020-12-09,1084.4,10.4099,10.4101,2020-12-08
2020-12-10,1083.6,10.3908,10.4099,2020-12-09
2020-12-11,1086.2,10.4197,10.3908,2020-12-10
2020-12-14,1089.3,10.4745,10.4197,2020-12-11
2020-12-15,1090.8,10.4859,10.4745,2020-12-14
2020-12-16,1093.2,10.5445,10.4859,2020-12-15
2020-12-17,1092.2,10.5583,10.5445,2020-12-16
2020-12-18,1092.8,10.5968,10.5583,2020-12-17
2020-12-21,1097.9,10.6185,10.5968,2020-12-18
2020-12-22,1101.2,10.6566,10.6185,2020-12-21
2020-12-23,1106.6,10.681,10.6566,2020-12-22
2020-12-24,1108.9,10.7073,10.681,2020-12-23
2020-12-28,1103.7,10.655,10.7073,2020-12-24
2020-12-29,1098.2,10.584,10.655,2020-12-28
2020-12-30,1093.2,10.5618,10.584,2020-12-29
2020-12-31,1088.0,10.5426,10.5618,2020-12-30
2021-01-04,1088.0,10.538,10.5426,2020-12-31
2021-01-05,1083.1,10.5008,10.538,2021-01-04
2021-01-06,1086.1,10.5749,10.5008,2021-01-05
2021-01-07,1086.8,10.5448,10.5749,2021-01-06
2021-01-08,1087.7,10.4768,10.5448,2021-01-07
2021-01-11,1094.4,10.523599999999998,10.4768,2021-01-08
2021-01-12,1097.8,10.535,10.523599999999998,2021-01-11
2021-01-13,1099.9,10.5968,10.535,2021-01-12
2021-01-14,1095.0,10.5425,10.5968,2021-01-13
2021-01-15,1100.3,10.5997,10.5425,2021-01-14
2021-01-18,1097.9,10.5735,10.5997,2021-01-15
2021-01-19,1104.4,10.6515,10.5735,2021-01-18
2021-01-20,1102.1,10.6078,10.6515,2021-01-19
2021-01-21,1100.0,10.6239,10.6078,2021-01-20
2021-01-22,1099.2,10.621300000000002,10.6239,2021-01-21
2021-01-25,1102.3,10.6179,10.621300000000002,2021-01-22
2021-01-26,1103.2,10.6327,10.6179,2021-01-25
2021-01-27,1103.0,10.6436,10.6327,2021-01-26
2021-01-28,1104.0,10.6057,10.6436,2021-01-27
2021-01-29,1114.6,10.6926,10.6057,2021-01-28
2021-02-01,1117.2,10.6613,10.6926,2021-01-29
2021-02-02,1118.0,10.6542,10.6613,2021-02-01
2021-02-03,1116.6,10.6318,10.6542,2021-02-02
2021-02-04,1114.0,10.608,10.6318,2021-02-03
2021-02-05,1116.7,10.5773,10.608,2021-02-04
2021-02-08,1124.0,10.6631,10.5773,2021-02-05
2021-02-09,1119.1,10.6353,10.6631,2021-02-08
2021-02-10,1116.0,10.6723,10.6353,2021-02-09
2021-02-15,1110.1,10.5749,10.6723,2021-02-10
2021-02-16,1103.1,10.4713,10.5749,2021-02-15
2021-02-17,1099.7,10.3545,10.4713,2021-02-16
2021-02-18,1107.7,10.4623,10.3545,2021-02-17
2021-02-19,1105.7,10.4622,10.4623,2021-02-18
2021-02-22,1107.1,10.4904,10.4622,2021-02-19
2021-02-23,1106.5,10.5381,10.4904,2021-02-22
2021-02-24,1110.8,10.5544,10.5381,2021-02-23
2021-02-25,1110.2,10.483,10.5544,2021-02-24
2021-02-26,1108.4,10.431500000000002,10.483,2021-02-25
2021-03-02,1121.8,10.5062,10.431500000000002,2021-02-26
2021-03-03,1121.3,10.5064,10.5062,2021-03-02
2021-03-04,1122.9,10.49,10.5064,2021-03-03
2021-03-05,1126.2,10.4283,10.49,2021-03-04
2021-03-08,1129.4,10.4212,10.4283,2021-03-05
2021-03-09,1131.3,10.3837,10.4212,2021-03-08
2021-03-10,1141.1,10.5108,10.3837,2021-03-09
2021-03-11,1140.7,10.5197,10.5108,2021-03-10
2021-03-12,1137.3,10.4758,10.5197,2021-03-11
2021-03-15,1130.7,10.3615,10.4758,2021-03-12
2021-03-16,1135.9,10.4082,10.3615,2021-03-15
2021-03-17,1132.5,10.3904,10.4082,2021-03-16
2021-03-18,1131.8,10.3992,10.3904,2021-03-17
2021-03-19,1123.7,10.3134,10.3992,2021-03-18
2021-03-22,1131.8,10.394,10.3134,2021-03-19
2021-03-23,1131.3,10.3985,10.394,2021-03-22
2021-03-24,1128.0,10.3848,10.3985,2021-03-23
2021-03-25,1133.5,10.4244,10.3848,2021-03-24
2021-03-26,1134.2,10.3898,10.4244,2021-03-25
2021-03-29,1131.8,10.3092,10.3898,2021-03-26
2021-03-30,1131.7,10.3004,10.3092,2021-03-29
2021-03-31,1133.5,10.2733,10.3004,2021-03-30
2021-04-01,1132.6,10.2225,10.2733,2021-03-31
2021-04-02,1129.3,10.2088,10.2225,2021-04-01
2021-04-05,1127.5,10.1847,10.2088,2021-04-02
2021-04-06,1127.8,10.2341,10.1847,2021-04-05
2021-04-07,1122.9,10.23,10.2341,2021-04-06
2021-04-08,1116.4,10.1625,10.23,2021-04-07
2021-04-09,1118.5,10.23,10.1625,2021-04-08
2021-04-12,1117.2,10.1809,10.23,2021-04-09
2021-04-13,1124.3,10.2774,10.1809,2021-04-12
2021-04-14,1126.1,10.3298,10.2774,2021-04-13
2021-04-15,1119.9,10.2786,10.3298,2021-04-14
2021-04-16,1117.6,10.2773,10.2786,2021-04-15
2021-04-19,1117.9,10.2781,10.2773,2021-04-16
2021-04-20,1118.2,10.3389,10.2781,2021-04-19
2021-04-21,1113.4,10.3012,10.3389,2021-04-20
2021-04-22,1117.4,10.3444,10.3012,2021-04-21
2021-04-23,1116.3,10.3375,10.3444,2021-04-22
2021-04-26,1118.9,10.3703,10.3375,2021-04-23
2021-04-27,1114.0,10.2962,10.3703,2021-04-26
2021-04-28,1110.8,10.2138,10.2962,2021-04-27
2021-04-29,1112.5,10.2492,10.2138,2021-04-28
2021-04-30,1107.4,10.169,10.2492,2021-04-29
2021-05-03,1109.6,10.1505,10.169,2021-04-30
2021-05-04,1119.3,10.2627,10.1505,2021-05-03
2021-05-06,1121.1,10.2651,10.2627,2021-05-04
2021-05-07,1125.5,10.3205,10.2651,2021-05-06
2021-05-10,1121.4,10.3312,10.3205,2021-05-07
2021-05-11,1114.6,10.2421,10.3312,2021-05-10
2021-05-12,1119.1,10.2996,10.2421,2021-05-11
2021-05-13,1123.5,10.2448,10.2996,2021-05-12
2021-05-14,1130.6,10.3275,10.2448,2021-05-13
2021-05-17,1129.5,10.325,10.3275,2021-05-14
2021-05-18,1133.0,10.3759,10.325,2021-05-17
2021-05-20,1133.1,10.374,10.3759,2021-05-18
2021-05-21,1132.2,10.4048,10.374,2021-05-20
2021-05-24,1126.9,10.3457,10.4048,2021-05-21
2021-05-25,1127.6,10.3625,10.3457,2021-05-24
2021-05-26,1122.8,10.3213,10.3625,2021-05-25
2021-05-27,1118.6,10.2488,10.3213,2021-05-26
2021-05-28,1118.0,10.1771,10.2488,2021-05-27
2021-05-31,1116.0,10.157,10.1771,2021-05-28
2021-06-01,1113.5,10.1662,10.157,2021-05-31
2021-06-02,1107.0,10.1119,10.1662,2021-06-01
2021-06-03,1110.3,10.1319,10.1119,2021-06-02
2021-06-04,1111.8,10.0802,10.1319,2021-06-03
2021-06-07,1117.5,10.1971,10.0802,2021-06-04
2021-06-08,1111.2,10.1688,10.1971,2021-06-07
2021-06-09,1113.7,10.1712,10.1688,2021-06-08
2021-06-10,1115.8,10.1774,10.1712,2021-06-09
2021-06-11,1115.0,10.1962,10.1774,2021-06-10
2021-06-14,1111.2,10.129,10.1962,2021-06-11
2021-06-15,1116.4,10.1431,10.129,2021-06-14
2021-06-16,1117.8,10.1563,10.1431,2021-06-15
2021-06-17,1117.7,10.0944,10.1563,2021-06-16
2021-06-18,1129.5,10.2426,10.0944,2021-06-17
2021-06-21,1132.2,10.2754,10.2426,2021-06-18
2021-06-22,1135.4,10.2905,10.2754,2021-06-21
2021-06-23,1132.4,10.2341,10.2905,2021-06-22
2021-06-24,1135.6,10.2339,10.2341,2021-06-23
2021-06-25,1135.8,10.244000000000002,10.2339,2021-06-24
2021-06-28,1128.8,10.1882,10.244000000000002,2021-06-25
2021-06-29,1129.9,10.2156,10.1882,2021-06-28
2021-06-30,1130.0,10.2212,10.2156,2021-06-29
2021-07-01,1129.5,10.1665,10.2212,2021-06-30
2021-07-02,1132.2,10.1493,10.1665,2021-07-01
2021-07-05,1134.5,10.2092,10.1493,2021-07-02
2021-07-06,1130.3,10.1884,10.2092,2021-07-05
2021-07-07,1131.8,10.23,10.1884,2021-07-06
2021-07-08,1137.6,10.2848,10.23,2021-07-07
2021-07-09,1143.4,10.4121,10.2848,2021-07-08
2021-07-12,1148.3,10.4235,10.4121,2021-07-09
2021-07-13,1146.4,10.3902,10.4235,2021-07-12
2021-07-14,1145.1,10.354,10.3902,2021-07-13
2021-07-15,1150.3,10.4587,10.354,2021-07-14
2021-07-16,1143.7,10.4148,10.4587,2021-07-15
2021-07-19,1141.1,10.376,10.4148,2021-07-16
2021-07-20,1145.7,10.4625,10.376,2021-07-19
2021-07-21,1151.0,10.4741,10.4625,2021-07-20
2021-07-22,1150.6,10.433,10.4741,2021-07-21
2021-07-23,1151.0,10.4499,10.433,2021-07-22
2021-07-26,1149.5,10.3985,10.4499,2021-07-23
2021-07-27,1153.2,10.449000000000002,10.3985,2021-07-26
2021-07-28,1150.2,10.4768,10.449000000000002,2021-07-27
2021-07-29,1154.8,10.5082,10.4768,2021-07-28
2021-07-30,1147.4,10.4848,10.5082,2021-07-29
2021-08-02,1147.5,10.4561,10.4848,2021-07-30
2021-08-03,1151.5,10.5328,10.4561,2021-08-02
2021-08-04,1150.7,10.556400000000002,10.5328,2021-08-03
2021-08-05,1145.8,10.4654,10.556400000000002,2021-08-04
2021-08-06,1143.5,10.4168,10.4654,2021-08-05
2021-08-09,1142.3,10.3596,10.4168,2021-08-06
2021-08-10,1145.0,10.3784,10.3596,2021-08-09
2021-08-11,1148.5,10.3876,10.3784,2021-08-10
2021-08-12,1155.0,10.4596,10.3876,2021-08-11
2021-08-13,1158.9,10.4982,10.4596,2021-08-12
2021-08-17,1167.8,10.6897,10.4982,2021-08-13
2021-08-18,1174.9,10.7194,10.6897,2021-08-17
2021-08-19,1172.7,10.6808,10.7194,2021-08-18
2021-08-20,1174.5,10.6992,10.6808,2021-08-19
2021-08-23,1176.7,10.7094,10.6992,2021-08-20
2021-08-24,1174.0,10.703399999999998,10.7094,2021-08-23
2021-08-25,1168.0,10.6477,10.703399999999998,2021-08-24
2021-08-26,1166.5,10.6031,10.6477,2021-08-25
2021-08-27,1168.1,10.6147,10.6031,2021-08-26
2021-08-30,1170.8,10.6587,10.6147,2021-08-27
2021-08-31,1164.4,10.5888,10.6587,2021-08-30
2021-09-01,1162.8,10.5704,10.5888,2021-08-31
2021-09-02,1157.5,10.5184,10.5704,2021-09-01
2021-09-03,1159.7,10.547,10.5184,2021-09-02
2021-09-06,1156.4,10.5372,10.547,2021-09-03
2021-09-07,1157.3,10.536700000000002,10.5372,2021-09-06
2021-09-08,1157.9,10.4982,10.536700000000002,2021-09-07
2021-09-09,1164.5,10.5628,10.4982,2021-09-08
2021-09-10,1170.1,10.6581,10.5628,2021-09-09
2021-09-13,1170.4,10.6536,10.6581,2021-09-10
2021-09-14,1174.3,10.674,10.6536,2021-09-13
2021-09-15,1172.2,10.684,10.674,2021-09-14
2021-09-16,1171.7,10.7166,10.684,2021-09-15
2021-09-17,1169.1,10.6558,10.7166,2021-09-16
2021-09-23,1177.6,10.726400000000002,10.6558,2021-09-17
2021-09-24,1181.7,10.7145,10.726400000000002,2021-09-23
2021-09-27,1175.3,10.6079,10.7145,2021-09-24
2021-09-28,1175.9,10.593699999999998,10.6079,2021-09-27
2021-09-29,1182.0,10.593800000000002,10.593699999999998,2021-09-28
2021-09-30,1184.9,10.5818,10.593800000000002,2021-09-29
2021-10-01,1185.2,10.6406,10.5818,2021-09-30
2021-10-05,1187.2,10.6998,10.6406,2021-10-01
2021-10-06,1187.1,10.6481,10.6998,2021-10-05
2021-10-07,1190.0,10.6798,10.6481,2021-10-06
2021-10-08,1190.3,10.6605,10.6798,2021-10-07
2021-10-12,1193.4,10.5238,10.6605,2021-10-08
2021-10-13,1199.1,10.5582,10.5238,2021-10-12
2021-10-14,1195.0,10.5514,10.5582,2021-10-13
2021-10-15,1188.3,10.4471,10.5514,2021-10-14
2021-10-18,1182.8,10.3459,10.4471,2021-10-15
2021-10-19,1185.8,10.374,10.3459,2021-10-18
2021-10-20,1181.7,10.3273,10.374,2021-10-19
2021-10-21,1175.6,10.2785,10.3273,2021-10-20
2021-10-22,1175.8,10.3172,10.2785,2021-10-21
2021-10-25,1178.4,10.3792,10.3172,2021-10-22
2021-10-26,1171.8,10.3038,10.3792,2021-10-25
2021-10-27,1166.3,10.2141,10.3038,2021-10-26
2021-10-28,1168.1,10.2663,10.2141,2021-10-27
2021-10-29,1171.7,10.3165,10.2663,2021-10-28
2021-11-01,1169.6,10.248399999999998,10.3165,2021-10-29
2021-11-02,1176.3,10.3125,10.248399999999998,2021-11-01
2021-11-03,1175.5,10.3128,10.3125,2021-11-02
2021-11-04,1181.1,10.3578,10.3128,2021-11-03
2021-11-05,1180.0,10.3654,10.3578,2021-11-04
2021-11-08,1185.2,10.4483,10.3654,2021-11-05
2021-11-09,1184.3,10.4579,10.4483,2021-11-08
2021-11-10,1178.4,10.4352,10.4579,2021-11-09
2021-11-11,1181.0,10.3701,10.4352,2021-11-10
2021-11-12,1184.7,10.388,10.3701,2021-11-11
2021-11-15,1179.6,10.3478,10.388,2021-11-12
2021-11-16,1180.2,10.3422,10.3478,2021-11-15
2021-11-17,1179.6,10.2703,10.3422,2021-11-16
2021-11-18,1183.6,10.3634,10.2703,2021-11-17
2021-11-19,1180.5,10.3331,10.3634,2021-11-18
2021-11-22,1183.5,10.3757,10.3331,2021-11-19
2021-11-23,1187.4,10.3392,10.3757,2021-11-22
2021-11-24,1188.9,10.3279,10.3392,2021-11-23
2021-11-25,1188.5,10.2954,10.3279,2021-11-24
2021-11-26,1189.7,10.3179,10.2954,2021-11-25
2021-11-29,1193.0,10.4953,10.3179,2021-11-26
2021-11-30,1193.4,10.4956,10.4953,2021-11-29
2021-12-01,1187.7,10.4916,10.4956,2021-11-30
2021-12-02,1180.3,10.4581,10.4916,2021-12-01
2021-12-03,1177.3,10.3997,10.4581,2021-12-02
2021-12-06,1178.6,10.4269,10.3997,2021-12-03
2021-12-07,1183.7,10.4323,10.4269,2021-12-06
2021-12-08,1181.2,10.4048,10.4323,2021-12-07
2021-12-09,1176.4,10.3443,10.4048,2021-12-08
2021-12-10,1173.8,10.3473,10.3443,2021-12-09
2021-12-13,1178.2,10.3847,10.3473,2021-12-10
2021-12-14,1178.8,10.38,10.3847,2021-12-13
2021-12-15,1183.6,10.4057,10.38,2021-12-14
2021-12-16,1186.2,10.398,10.4057,2021-12-15
2021-12-17,1183.5,10.4081,10.398,2021-12-16
2021-12-20,1184.4,10.4201,10.4081,2021-12-17
2021-12-21,1189.8,10.4704,10.4201,2021-12-20
2021-12-22,1191.5,10.4467,10.4704,2021-12-21
2021-12-23,1191.2,10.4368,10.4467,2021-12-22
2021-12-24,1187.5,10.3748,10.4368,2021-12-23
2021-12-27,1186.4,10.3706,10.3748,2021-12-24
2021-12-28,1186.2,10.326,10.3706,2021-12-27
2021-12-29,1186.7,10.3376,10.326,2021-12-28
2021-12-30,1186.6,10.3214,10.3376,2021-12-29
2021-12-31,1185.5,10.3024,10.3214,2021-12-30
2022-01-03,1185.5,10.2957,10.3024,2021-12-31
2022-01-04,1190.8,10.3238,10.2957,2022-01-03
2022-01-05,1194.3,10.2793,10.3238,2022-01-04
2022-01-06,1198.2,10.3209,10.2793,2022-01-05
2022-01-07,1199.6,10.3543,10.3209,2022-01-06
2022-01-10,1202.4,10.3982,10.3543,2022-01-07
2022-01-11,1200.0,10.4144,10.3982,2022-01-10
2022-01-12,1195.2,10.3656,10.4144,2022-01-11
2022-01-13,1189.9,10.3799,10.3656,2022-01-12
2022-01-14,1188.2,10.4041,10.3799,2022-01-13
2022-01-17,1187.6,10.387,10.4041,2022-01-14
2022-01-18,1192.3,10.4036,10.387,2022-01-17
2022-01-19,1188.9,10.3748,10.4036,2022-01-18
2022-01-20,1191.8,10.4197,10.3748,2022-01-19
2022-01-21,1190.4,10.4416,10.4197,2022-01-20
2022-01-24,1193.6,10.4936,10.4416,2022-01-21
2022-01-25,1194.2,10.475,10.4936,2022-01-24
2022-01-26,1197.8,10.5162,10.475,2022-01-25
2022-01-27,1197.0,10.433599999999998,10.5162,2022-01-26
2022-01-28,1202.4,10.428,10.433599999999998,2022-01-27
2022-02-03,1205.7,10.5375,10.428,2022-01-28
2022-02-04,1205.4,10.484000000000002,10.5375,2022-02-03
2022-02-07,1199.5,10.4019,10.484000000000002,2022-02-04
2022-02-08,1199.4,10.423699999999998,10.4019,2022-02-07
2022-02-09,1197.8,10.3594,10.423699999999998,2022-02-08
2022-02-10,1196.0,10.3509,10.3594,2022-02-09
2022-02-11,1196.0,10.3046,10.3509,2022-02-10
2022-02-14,1199.6,10.3857,10.3046,2022-02-11
2022-02-15,1198.3,10.3722,10.3857,2022-02-14
2022-02-16,1198.5,10.3663,10.3722,2022-02-15
2022-02-17,1196.9,10.3677,10.3663,2022-02-16
2022-02-18,1197.1,10.4245,10.3677,2022-02-17
2022-02-21,1196.4,10.4125,10.4245,2022-02-18
2022-02-22,1194.6,10.4245,10.4125,2022-02-21
2022-02-23,1194.7,10.383299999999998,10.4245,2022-02-22
2022-02-24,1192.1,10.3719,10.383299999999998,2022-02-23
2022-02-25,1199.4,10.3876,10.3719,2022-02-24
2022-02-28,1202.7,10.4152,10.3876,2022-02-25
2022-03-02,1205.6,10.4949,10.4152,2022-02-28
2022-03-03,1205.0,10.4352,10.4949,2022-03-02
2022-03-04,1203.6,10.4221,10.4352,2022-03-03
2022-03-07,1211.5,10.5417,10.4221,2022-03-04
2022-03-08,1225.4,10.6265,10.5417,2022-03-07
2022-03-10,1234.5,10.6556,10.6265,2022-03-08
2022-03-11,1228.7,10.5781,10.6556,2022-03-10
2022-03-14,1232.4,10.489,10.5781,2022-03-11
2022-03-15,1238.6,10.4722,10.489,2022-03-14
2022-03-16,1241.7,10.4949,10.4722,2022-03-15
2022-03-17,1240.4,10.4389,10.4949,2022-03-16
2022-03-18,1220.6,10.2982,10.4389,2022-03-17
2022-03-21,1211.1,10.1538,10.2982,2022-03-18
2022-03-22,1213.7,10.151,10.1538,2022-03-21
2022-03-23,1221.4,10.0771,10.151,2022-03-22
2022-03-24,1212.7,10.0161,10.0771,2022-03-23
2022-03-25,1219.4,9.9653,10.0161,2022-03-24
2022-03-28,1218.3,9.9579,9.9653,2022-03-25
2022-03-29,1225.7,9.8827,9.9579,2022-03-28
2022-03-30,1220.5,9.9248,9.8827,2022-03-29
2022-03-31,1210.8,9.9274,9.9248,2022-03-30
2022-04-01,1210.7,9.9388,9.9274,2022-03-31
2022-04-04,1216.1,9.9164,9.9388,2022-04-01
2022-04-05,1216.7,9.91,9.9164,2022-04-04
2022-04-06,1212.6,9.8111,9.91,2022-04-05
2022-04-07,1219.1,9.8414,9.8111,2022-04-06
2022-04-08,1218.5,9.8147,9.8414,2022-04-07
2022-04-11,1224.0,9.842,9.8147,2022-04-08
2022-04-12,1232.0,9.8203,9.842,2022-04-11
2022-04-13,1236.6,9.8569,9.8203,2022-04-12
2022-04-14,1227.7,9.7782,9.8569,2022-04-13
2022-04-15,1224.2,9.7155,9.7782,2022-04-14
2022-04-18,1230.1,9.7191,9.7155,2022-04-15
2022-04-19,1232.8,9.6945,9.7191,2022-04-18
2022-04-20,1234.9,9.5606,9.6945,2022-04-19
2022-04-21,1237.1,9.6713,9.5606,2022-04-20
2022-04-22,1236.4,9.6342,9.6713,2022-04-21
2022-04-25,1241.7,9.6461,9.6342,2022-04-22
2022-04-26,1247.1,9.7403,9.6461,2022-04-25
2022-04-27,1248.3,9.8079,9.7403,2022-04-26
2022-04-28,1263.1,9.8292,9.8079,2022-04-27
2022-04-29,1269.4,9.7016,9.8292,2022-04-28
2022-05-02,1265.4,9.7335,9.7016,2022-04-29
2022-05-03,1265.8,9.7223,9.7335,2022-05-02
2022-05-04,1265.7,9.7275,9.7223,2022-05-03
2022-05-06,1261.8,9.6894,9.7275,2022-05-04
2022-05-09,1272.7,9.7387,9.6894,2022-05-06
2022-05-10,1274.6,9.7757,9.7387,2022-05-09
2022-05-11,1275.5,9.7848,9.7757,2022-05-10
2022-05-12,1277.0,9.8295,9.7848,2022-05-11
2022-05-13,1286.4,10.0058,9.8295,2022-05-12
2022-05-16,1286.0,9.9386,10.0058,2022-05-13
2022-05-17,1281.6,9.933,9.9386,2022-05-16
2022-05-18,1277.2,9.8667,9.933,2022-05-17
2022-05-19,1269.3,9.8898,9.8667,2022-05-18
2022-05-20,1274.6,9.9761,9.8898,2022-05-19
2022-05-23,1269.5,9.9269,9.9761,2022-05-20
2022-05-24,1267.7,9.9179,9.9269,2022-05-23
2022-05-25,1264.3,9.9657,9.9179,2022-05-24
2022-05-26,1263.3,9.9297,9.9657,2022-05-25
2022-05-27,1266.4,9.965,9.9297,2022-05-26
2022-05-30,1256.9,9.8801,9.965,2022-05-27
2022-05-31,1245.8,9.7561,9.8801,2022-05-30
2022-06-02,1238.4,9.5141,9.7561,2022-05-31
2022-06-03,1251.2,9.6331,9.5141,2022-06-02
2022-06-07,1241.1,9.4019,9.6331,2022-06-03
2022-06-08,1257.1,9.47,9.4019,2022-06-07
2022-06-09,1255.4,9.3418,9.47,2022-06-08
2022-06-10,1257.6,9.354,9.3418,2022-06-09
2022-06-13,1266.0,9.3997,9.354,2022-06-10
2022-06-14,1286.0,9.5788,9.3997,2022-06-13
2022-06-15,1289.7,9.5332,9.5788,2022-06-14
2022-06-16,1291.3,9.6312,9.5332,2022-06-15
2022-06-17,1284.1,9.6873,9.6312,2022-06-16
2022-06-20,1287.5,9.524,9.6873,2022-06-17
2022-06-21,1291.7,9.5593,9.524,2022-06-20
2022-06-22,1290.6,9.4563,9.5593,2022-06-21
2022-06-23,1295.7,9.5178,9.4563,2022-06-22
2022-06-24,1300.7,9.6466,9.5178,2022-06-23
2022-06-27,1299.4,9.6127,9.6466,2022-06-24
2022-06-28,1285.6,9.4987,9.6127,2022-06-27
2022-06-29,1284.9,9.4426,9.4987,2022-06-28
2022-06-30,1292.9,9.4645,9.4426,2022-06-29
2022-07-01,1299.8,9.5718,9.4645,2022-06-30
2022-07-04,1294.2,9.5714,9.5718,2022-07-01
2022-07-05,1297.9,9.5543,9.5714,2022-07-04
2022-07-06,1298.0,9.5705,9.5543,2022-07-05
2022-07-07,1307.4,9.6093,9.5705,2022-07-06
2022-07-08,1302.7,9.5811,9.6093,2022-07-07
2022-07-11,1299.3,9.54,9.5811,2022-07-08
2022-07-12,1300.6,9.471,9.54,2022-07-11
2022-07-13,1312.9,9.5906,9.471,2022-07-12
2022-07-14,1305.9,9.4999,9.5906,2022-07-13
2022-07-15,1310.0,9.4224,9.4999,2022-07-14
2022-07-18,1323.7,9.5619,9.4224,2022-07-15
2022-07-19,1317.8,9.5351,9.5619,2022-07-18
2022-07-20,1314.9,9.5134,9.5351,2022-07-19
2022-07-21,1308.6,9.4614,9.5134,2022-07-20
2022-07-22,1312.1,9.5617,9.4614,2022-07-21
2022-07-25,1311.7,9.6226,9.5617,2022-07-22
2022-07-26,1311.0,9.6047,9.6226,2022-07-25
2022-07-27,1310.0,9.5715,9.6047,2022-07-26
2022-07-28,1312.8,9.6257,9.5715,2022-07-27
2022-07-29,1304.0,9.7053,9.6257,2022-07-28
2022-08-01,1298.6,9.7343,9.7053,2022-07-29
2022-08-02,1306.4,9.9308,9.7343,2022-08-01
2022-08-03,1307.2,9.8157,9.9308,2022-08-02
2022-08-04,1310.5,9.7766,9.8157,2022-08-03
2022-08-05,1309.7,9.8622,9.7766,2022-08-04
2022-08-08,1299.3,9.6191,9.8622,2022-08-05
2022-08-09,1304.8,9.6706,9.6191,2022-08-08
2022-08-10,1305.1,9.6577,9.6706,2022-08-09
2022-08-11,1309.1,9.8529,9.6577,2022-08-10
2022-08-12,1302.5,9.7921,9.8529,2022-08-11
2022-08-16,1303.1,9.7922,9.7921,2022-08-12
2022-08-17,1309.6,9.7546,9.7922,2022-08-16
2022-08-18,1309.8,9.6932,9.7546,2022-08-17
2022-08-19,1317.3,9.6971,9.6932,2022-08-18
2022-08-22,1326.7,9.6875,9.6971,2022-08-19
2022-08-23,1338.2,9.7334,9.6875,2022-08-22
2022-08-24,1341.8,9.8182,9.7334,2022-08-23
2022-08-25,1341.4,9.7809,9.8182,2022-08-24
2022-08-26,1336.9,9.7895,9.7809,2022-08-25
2022-08-29,1332.5,9.6589,9.7895,2022-08-26
2022-08-30,1347.7,9.7135,9.6589,2022-08-29
2022-08-31,1347.5,9.7065,9.7135,2022-08-30
2022-09-01,1345.1,9.6634,9.7065,2022-08-31
2022-09-02,1351.4,9.6429,9.6634,2022-09-01
2022-09-05,1356.5,9.6634,9.6429,2022-09-02
2022-09-06,1369.7,9.7498,9.6634,2022-09-05
2022-09-07,1370.3,9.5605,9.7498,2022-09-06
2022-09-08,1385.3,9.6125,9.5605,2022-09-07
2022-09-13,1381.2,9.6807,9.6125,2022-09-08
2022-09-14,1374.8,9.4869,9.6807,2022-09-13
2022-09-15,1391.7,9.7325,9.4869,2022-09-14
2022-09-16,1394.2,9.7258,9.7325,2022-09-15
2022-09-19,1394.2,9.7554,9.7258,2022-09-16
2022-09-20,1390.1,9.6983,9.7554,2022-09-19
2022-09-21,1389.1,9.6717,9.6983,2022-09-20
2022-09-22,1393.6,9.658,9.6717,2022-09-21
2022-09-23,1408.0,9.8915,9.658,2022-09-22
2022-09-26,1408.4,9.8153,9.8915,2022-09-23
2022-09-27,1429.7,9.888,9.8153,2022-09-26
2022-09-28,1427.2,9.8543,9.888,2022-09-27
2022-09-29,1436.5,9.9567,9.8543,2022-09-28
2022-09-30,1434.8,9.9325,9.9567,2022-09-29
2022-10-04,1432.1,9.9138,9.9325,2022-09-30
2022-10-05,1431.2,9.9358,9.9138,2022-10-04
2022-10-06,1419.1,9.8208,9.9358,2022-10-05
2022-10-07,1404.2,9.6858,9.8208,2022-10-06
2022-10-11,1410.3,9.6831,9.6858,2022-10-07
2022-10-12,1433.5,9.8296,9.6831,2022-10-11
2022-10-13,1430.4,9.7488,9.8296,2022-10-12
2022-10-14,1427.0,9.6887,9.7488,2022-10-13
2022-10-17,1428.9,9.6167,9.6887,2022-10-14
2022-10-18,1436.6,9.641,9.6167,2022-10-17
2022-10-19,1425.6,9.5582,9.641,2022-10-18
2022-10-20,1420.6,9.4811,9.5582,2022-10-19
2022-10-21,1431.7,9.5342,9.4811,2022-10-20
2022-10-24,1436.6,9.6203,9.5342,2022-10-21
2022-10-25,1436.6,9.6539,9.6203,2022-10-24
2022-10-26,1436.5,9.6992,9.6539,2022-10-25
2022-10-27,1428.2,9.7558,9.6992,2022-10-26
2022-10-28,1418.1,9.6991,9.7558,2022-10-27
2022-10-31,1419.3,9.6119,9.6991,2022-10-28
2022-11-01,1422.2,9.5697,9.6119,2022-10-31
2022-11-02,1421.7,9.609,9.5697,2022-11-01
2022-11-03,1418.0,9.5833,9.609,2022-11-02
2022-11-04,1422.1,9.5939,9.5833,2022-11-03
2022-11-07,1422.4,9.6785,9.5939,2022-11-04
2022-11-08,1406.5,9.5912,9.6785,2022-11-07
2022-11-09,1387.3,9.5275,9.5912,2022-11-08
2022-11-10,1368.3,9.3422,9.5275,2022-11-09
2022-11-11,1370.1,9.6639,9.3422,2022-11-10
2022-11-14,1334.1,9.5474,9.6639,2022-11-11
2022-11-15,1320.3,9.4284,9.5474,2022-11-14
2022-11-16,1322.4,9.5031,9.4284,2022-11-15
2022-11-17,1325.6,9.508,9.5031,2022-11-16
2022-11-18,1338.4,9.543,9.508,2022-11-17
2022-11-21,1340.0,9.552,9.543,2022-11-18
2022-11-22,1352.3,9.5196,9.552,2022-11-21
2022-11-23,1355.7,9.6037,9.5196,2022-11-22
2022-11-24,1352.3,9.6963,9.6037,2022-11-23
2022-11-25,1333.2,9.6118,9.6963,2022-11-24
2022-11-28,1326.8,9.5231,9.6118,2022-11-25
2022-11-29,1339.0,9.6418,9.5231,2022-11-28
2022-11-30,1331.5,9.5954,9.6418,2022-11-29
2022-12-01,1320.1,9.5774,9.5954,2022-11-30
2022-12-02,1300.8,9.6174,9.5774,2022-12-01
2022-12-05,1300.4,9.6659,9.6174,2022-12-02
2022-12-06,1293.2,9.4563,9.6659,2022-12-05
2022-12-07,1309.0,9.5593,9.4563,2022-12-06
2022-12-08,1319.5,9.6713,9.5593,2022-12-07
2022-12-09,1320.4,9.663,9.6713,2022-12-08
2022-12-12,1306.6,9.5575,9.663,2022-12-09
2022-12-13,1310.0,9.5235,9.5575,2022-12-12
2022-12-14,1304.4,9.6305,9.5235,2022-12-13
2022-12-15,1296.0,9.5674,9.6305,2022-12-14
2022-12-16,1301.0,9.4443,9.5674,2022-12-15
2022-12-19,1310.1,9.6158,9.4443,2022-12-16
2022-12-20,1302.0,9.5089,9.6158,2022-12-19
2022-12-21,1298.0,9.8374,9.5089,2022-12-20
2022-12-22,1286.6,9.7245,9.8374,2022-12-21
2022-12-23,1276.1,9.6368,9.7245,2022-12-22
2022-12-26,1282.2,9.654,9.6368,2022-12-23
2022-12-27,1276.4,9.6104,9.654,2022-12-26
2022-12-28,1268.3,9.5018,9.6104,2022-12-27
2022-12-29,1268.4,9.4519,9.5018,2022-12-28
2022-12-30,1267.3,9.5318,9.4519,2022-12-29
2023-01-02,1267.3,9.6855,9.5318,2022-12-30
2023-01-03,1268.9,9.7193,9.6855,2023-01-02
2023-01-04,1272.1,9.7077,9.7193,2023-01-03
2023-01-05,1274.7,9.6262,9.7077,2023-01-04
2023-01-06,1270.3,9.5214,9.6262,2023-01-05
2023-01-09,1267.2,9.5855,9.5214,2023-01-06
2023-01-10,1246.8,9.4594,9.5855,2023-01-09
2023-01-11,1240.8,9.3872,9.4594,2023-01-10
2023-01-12,1245.3,9.4209,9.3872,2023-01-11
2023-01-13,1244.6,9.6246,9.4209,2023-01-12
2023-01-16,1240.6,9.6986,9.6246,2023-01-13
2023-01-17,1234.0,9.6192,9.6986,2023-01-16
2023-01-18,1238.5,9.6569,9.6192,2023-01-17
2023-01-19,1239.8,9.6299,9.6569,2023-01-18
2023-01-20,1236.0,9.6235,9.6299,2023-01-19
2023-01-25,1234.4,9.4892,9.6235,2023-01-20
2023-01-26,1233.4,9.5321,9.4892,2023-01-25
2023-01-27,1231.4,9.4668,9.5321,2023-01-26
2023-01-30,1230.2,9.4751,9.4668,2023-01-27
2023-01-31,1228.7,9.4222,9.4751,2023-01-30
2023-02-01,1230.8,9.4615,9.4222,2023-01-31
2023-02-02,1231.4,9.5706,9.4615,2023-02-01
2023-02-03,1219.3,9.4747,9.5706,2023-02-02
2023-02-06,1227.2,9.3118,9.4747,2023-02-03
2023-02-07,1247.5,9.4034,9.3118,2023-02-06
2023-02-08,1256.0,9.5794,9.4034,2023-02-07
2023-02-09,1257.1,9.5732,9.5794,2023-02-08
2023-02-10,1263.1,9.6079,9.5732,2023-02-09
2023-02-13,1264.3,9.6148,9.6079,2023-02-10
2023-02-14,1274.6,9.6243,9.6148,2023-02-13
2023-02-15,1269.9,9.5406,9.6243,2023-02-14
2023-02-16,1279.3,9.5527,9.5406,2023-02-15
2023-02-17,1283.7,9.5716,9.5527,2023-02-16
2023-02-20,1297.7,9.6634,9.5716,2023-02-17
2023-02-21,1295.8,9.6507,9.6634,2023-02-20
2023-02-22,1295.8,9.6007,9.6507,2023-02-21
2023-02-23,1303.8,9.6667,9.6007,2023-02-22
2023-02-24,1299.6,9.6578,9.6667,2023-02-23
2023-02-27,1300.5,9.5369,9.6578,2023-02-24
2023-02-28,1317.4,9.6736,9.5369,2023-02-27
2023-03-02,1319.2,9.6939,9.6736,2023-02-28
2023-03-03,1310.4,9.5849,9.6939,2023-03-02
2023-03-06,1304.8,9.6022,9.5849,2023-03-03
2023-03-07,1296.7,9.5419,9.6022,2023-03-06
2023-03-08,1299.1,9.4687,9.5419,2023-03-07
2023-03-09,1319.5,9.6166,9.4687,2023-03-08
2023-03-10,1319.7,9.6926,9.6166,2023-03-09
2023-03-13,1325.7,9.8826,9.6926,2023-03-10
2023-03-14,1307.3,9.809,9.8826,2023-03-13
2023-03-15,1304.9,9.7181,9.809,2023-03-14
2023-03-16,1302.0,9.7773,9.7181,2023-03-15
2023-03-17,1312.1,9.834,9.7773,2023-03-16
2023-03-20,1303.6,9.8709,9.834,2023-03-17
2023-03-21,1308.4,9.96,9.8709,2023-03-20
2023-03-22,1307.8,9.8862,9.96,2023-03-21
2023-03-23,1307.1,9.9494,9.8862,2023-03-22
2023-03-24,1287.2,9.8421,9.9494,2023-03-23
2023-03-27,1289.7,9.8627,9.8421,2023-03-24
2023-03-28,1300.3,9.8954,9.8627,2023-03-27
2023-03-29,1297.4,9.914,9.8954,2023-03-28
2023-03-30,1299.3,9.7909,9.914,2023-03-29
2023-03-31,1303.8,9.8144,9.7909,2023-03-30
2023-04-03,1295.4,9.7271,9.8144,2023-03-31
2023-04-04,1316.3,9.9527,9.7271,2023-04-03
2023-04-05,1310.3,9.9503,9.9527,2023-04-04
2023-04-06,1311.9,10.0134,9.9503,2023-04-05
2023-04-07,1318.7,9.9977,10.0134,2023-04-06
2023-04-10,1318.9,9.9936,9.9977,2023-04-07
2023-04-11,1320.0,9.8828,9.9936,2023-04-10
2023-04-12,1319.5,9.8732,9.8828,2023-04-11
2023-04-13,1324.2,9.9534,9.8732,2023-04-12
2023-04-14,1318.0,9.9415,9.9534,2023-04-13
2023-04-17,1299.3,9.701,9.9415,2023-04-14
2023-04-18,1311.3,9.7527,9.701,2023-04-17
2023-04-19,1318.8,9.8407,9.7527,2023-04-18
2023-04-20,1318.8,9.7866,9.8407,2023-04-19
2023-04-21,1327.6,9.896,9.7866,2023-04-20
2023-04-24,1327.9,9.9086,9.896,2023-04-21
2023-04-25,1332.7,9.937,9.9086,2023-04-24
2023-04-26,1333.3,9.9742,9.937,2023-04-25
2023-04-27,1337.3,10.0161,9.9742,2023-04-26
2023-04-28,1339.9,10.0063,10.0161,2023-04-27
2023-05-02,1339.1,9.74,10.0063,2023-04-28
2023-05-03,1340.2,9.8234,9.74,2023-05-02
2023-05-04,1339.1,9.9521,9.8234,2023-05-03
2023-05-08,1325.6,9.8087,9.9521,2023-05-04
2023-05-09,1322.7,9.7952,9.8087,2023-05-08
2023-05-10,1323.0,9.7822,9.7952,2023-05-09
2023-05-11,1324.2,9.8736,9.7822,2023-05-10
2023-05-12,1320.3,9.8185,9.8736,2023-05-11
2023-05-15,1333.6,9.8221,9.8185,2023-05-12
2023-05-16,1337.8,9.8357,9.8221,2023-05-15
2023-05-17,1336.0,9.7929,9.8357,2023-05-16
2023-05-18,1339.4,9.7344,9.7929,2023-05-17
2023-05-19,1332.7,9.62,9.7344,2023-05-18
2023-05-22,1331.2,9.6734,9.62,2023-05-19
2023-05-23,1319.1,9.519,9.6734,2023-05-22
2023-05-24,1311.4,9.4659,9.519,2023-05-23
2023-05-25,1317.5,9.4631,9.4659,2023-05-24
2023-05-26,1323.4,9.4572,9.4631,2023-05-25
2023-05-30,1325.6,9.4372,9.4572,2023-05-26
2023-05-31,1322.2,9.4598,9.4372,2023-05-30
2023-06-01,1321.6,9.5001,9.4598,2023-05-31
2023-06-02,1320.7,9.5175,9.5001,2023-06-01
2023-06-05,1308.8,9.3402,9.5175,2023-06-02
2023-06-07,1308.3,9.3728,9.3402,2023-06-05
2023-06-08,1300.5,9.2863,9.3728,2023-06-07
2023-06-09,1306.1,9.4069,9.2863,2023-06-08
2023-06-12,1294.9,9.2881,9.4069,2023-06-09
2023-06-13,1291.1,9.2575,9.2881,2023-06-12
2023-06-14,1277.5,9.1149,9.2575,2023-06-13
2023-06-15,1275.9,9.11,9.1149,2023-06-14
2023-06-16,1280.1,9.1348,9.11,2023-06-15
2023-06-19,1273.5,8.9749,9.1348,2023-06-16
2023-06-20,1280.7,9.0231,8.9749,2023-06-19
2023-06-21,1282.2,9.0746,9.0231,2023-06-20
2023-06-22,1291.5,9.115,9.0746,2023-06-21
2023-06-23,1291.4,9.0267,9.115,2023-06-22
2023-06-26,1302.2,9.0701,9.0267,2023-06-23
2023-06-27,1303.8,9.0911,9.0701,2023-06-26
2023-06-28,1303.1,9.0534,9.0911,2023-06-27
2023-06-29,1304.3,9.0335,9.0534,2023-06-28
2023-06-30,1312.8,9.0697,9.0335,2023-06-29
2023-07-03,1319.4,9.1387,9.0697,2023-06-30
2023-07-04,1310.0,9.0557,9.1387,2023-07-03
2023-07-05,1301.7,9.0092,9.0557,2023-07-04
2023-07-06,1300.8,9.000499999999999,9.0092,2023-07-05
2023-07-07,1303.8,9.0551,9.000499999999999,2023-07-06
2023-07-10,1307.3,9.1911,9.0551,2023-07-07
2023-07-11,1303.8,9.2282,9.1911,2023-07-10
2023-07-12,1295.0,9.2325,9.2282,2023-07-11
2023-07-13,1291.4,9.3292,9.2325,2023-07-12
2023-07-14,1276.2,9.2522,9.3292,2023-07-13
2023-07-17,1265.8,9.1199,9.2522,2023-07-14
2023-07-18,1266.1,9.1287,9.1199,2023-07-17
2023-07-19,1261.6,9.0831,9.1287,2023-07-18
2023-07-20,1265.4,9.0603,9.0831,2023-07-19
2023-07-21,1265.8,9.0437,9.0603,2023-07-20
2023-07-24,1281.7,9.0461,9.0437,2023-07-21
2023-07-25,1283.8,9.0712,9.0461,2023-07-24
2023-07-26,1280.7,9.0878,9.0712,2023-07-25
2023-07-27,1278.7,9.1059,9.0878,2023-07-26
2023-07-28,1273.4,9.144,9.1059,2023-07-27
2023-07-31,1280.0,9.0828,9.144,2023-07-28
2023-08-01,1273.8,8.951799999999999,9.0828,2023-07-31
2023-08-02,1280.7,8.96,8.951799999999999,2023-08-01
2023-08-03,1293.0,9.0278,8.96,2023-08-02
2023-08-04,1298.8,9.1102,9.0278,2023-08-03
2023-08-07,1303.9,9.1905,9.1102,2023-08-04
2023-08-08,1304.1,9.1558,9.1905,2023-08-07
2023-08-09,1312.6,9.1608,9.1558,2023-08-08
2023-08-10,1318.3,9.1749,9.1608,2023-08-09
2023-08-11,1317.3,9.0977,9.1749,2023-08-10
2023-08-14,1321.1,9.117,9.0977,2023-08-11
2023-08-16,1331.3,9.1426,9.117,2023-08-14
2023-08-17,1338.3,9.148,9.1426,2023-08-16
2023-08-18,1341.6,9.2076,9.148,2023-08-17
2023-08-21,1336.9,9.1975,9.2076,2023-08-18
2023-08-22,1341.5,9.1748,9.1975,2023-08-21
2023-08-23,1338.7,9.1805,9.1748,2023-08-22
2023-08-24,1338.0,9.2438,9.1805,2023-08-23
2023-08-25,1324.0,9.0688,9.2438,2023-08-24
2023-08-28,1326.6,9.05,9.0688,2023-08-25
2023-08-29,1322.5,9.0313,9.05,2023-08-28
2023-08-30,1322.0,9.0669,9.0313,2023-08-29
2023-08-31,1321.4,9.0507,9.0669,2023-08-30
2023-09-01,1322.3,9.0864,9.0507,2023-08-31
2023-09-04,1319.2,9.0294,9.0864,2023-09-01
2023-09-05,1319.3,9.0045,9.0294,2023-09-04
2023-09-06,1324.3,8.9786,9.0045,2023-09-05
2023-09-07,1332.6,9.0263,8.9786,2023-09-06
2023-09-08,1334.7,9.062,9.0263,2023-09-07
2023-09-11,1333.4,9.0575,9.062,2023-09-08
2023-09-12,1332.4,9.0908,9.0575,2023-09-11
2023-09-13,1326.1,9.0159,9.0908,2023-09-12
2023-09-14,1327.8,9.0118,9.0159,2023-09-13
2023-09-15,1326.1,8.9908,9.0118,2023-09-14
2023-09-18,1327.6,8.979099999999999,8.9908,2023-09-15
2023-09-19,1326.0,8.9834,8.979099999999999,2023-09-18
2023-09-20,1323.7,8.9618,8.9834,2023-09-19
2023-09-21,1329.3,8.964500000000001,8.9618,2023-09-20
2023-09-22,1339.1,9.0734,8.964500000000001,2023-09-21
2023-09-25,1337.6,9.0132,9.0734,2023-09-22
2023-09-26,1333.7,8.9621,9.0132,2023-09-25
2023-09-27,1344.8,9.0222,8.9621,2023-09-26
2023-10-04,1351.3,9.0627,9.0222,2023-09-27
2023-10-05,1360.6,9.1337,9.0627,2023-10-04
2023-10-06,1349.4,9.0908,9.1337,2023-10-05
2023-10-10,1348.3,9.0825,9.0908,2023-10-06
2023-10-11,1348.3,9.0755,9.0825,2023-10-10
2023-10-12,1339.6,8.989700000000001,9.0755,2023-10-11
2023-10-13,1339.9,8.9473,8.989700000000001,2023-10-12
2023-10-16,1349.4,9.0198,8.9473,2023-10-13
2023-10-17,1353.8,9.051,9.0198,2023-10-16
2023-10-18,1351.9,9.0256,9.051,2023-10-17
2023-10-19,1351.7,9.0195,9.0256,2023-10-18
2023-10-20,1357.6,9.0618,9.0195,2023-10-19
2023-10-23,1355.1,9.0415,9.0618,2023-10-20
2023-10-24,1353.2,9.0397,9.0415,2023-10-23
2023-10-25,1343.9,8.9674,9.0397,2023-10-24
2023-10-26,1347.0,8.9698,8.9674,2023-10-25
2023-10-27,1357.1,9.0242,8.9698,2023-10-26
2023-10-30,1352.3,9.0343,9.0242,2023-10-27
2023-10-31,1352.8,9.0704,9.0343,2023-10-30
2023-11-01,1349.6,8.9239,9.0704,2023-10-31
2023-11-02,1356.9,9.0064,8.9239,2023-11-01
2023-11-03,1343.2,8.9267,9.0064,2023-11-02
2023-11-06,1325.8,8.8727,8.9267,2023-11-03
2023-11-07,1303.2,8.687999999999999,8.8727,2023-11-06
2023-11-08,1306.1,8.6862,8.687999999999999,2023-11-07
2023-11-09,1305.5,8.6523,8.6862,2023-11-08
2023-11-10,1309.0,8.6494,8.6523,2023-11-09
2023-11-13,1316.7,8.6922,8.6494,2023-11-10
2023-11-14,1322.7,8.7212,8.6922,2023-11-13
2023-11-15,1325.3,8.8107,8.7212,2023-11-14
2023-11-16,1302.0,8.6066,8.8107,2023-11-15
2023-11-17,1303.9,8.652899999999999,8.6066,2023-11-16
2023-11-20,1294.4,8.645800000000001,8.652899999999999,2023-11-17
2023-11-21,1292.4,8.7189,8.645800000000001,2023-11-20
2023-11-22,1287.7,8.6957,8.7189,2023-11-21
2023-11-23,1295.7,8.6654,8.6957,2023-11-22
2023-11-24,1298.7,8.6826,8.6654,2023-11-23
2023-11-27,1302.1,8.7082,8.6826,2023-11-24
2023-11-28,1304.7,8.780800000000001,8.7082,2023-11-27
2023-11-29,1294.0,8.7827,8.780800000000001,2023-11-28
2023-11-30,1289.0,8.7729,8.7827,2023-11-29
2023-12-01,1290.4,8.7121,8.7729,2023-11-30
2023-12-04,1303.2,8.9041,8.7121,2023-12-01
2023-12-05,1301.8,8.8453,8.9041,2023-12-04
2023-12-06,1311.7,8.9155,8.8453,2023-12-05
2023-12-07,1312.4,8.9136,8.9155,2023-12-06
2023-12-08,1322.7,9.1915,8.9136,2023-12-07
2023-12-11,1307.9,9.0309,9.1915,2023-12-08
2023-12-12,1318.3,9.0193,9.0309,2023-12-11
2023-12-13,1315.7,9.0476,9.0193,2023-12-12
2023-12-14,1316.5,9.2376,9.0476,2023-12-13
2023-12-15,1295.6,9.1204,9.2376,2023-12-14
2023-12-18,1294.7,9.0993,9.1204,2023-12-15
2023-12-19,1298.7,9.0942,9.0993,2023-12-18
2023-12-20,1304.7,9.0689,9.0942,2023-12-19
2023-12-21,1300.2,9.0635,9.0689,2023-12-20
2023-12-22,1303.8,9.1759,9.0635,2023-12-21
2023-12-26,1300.7,9.1463,9.1759,2023-12-22
2023-12-27,1296.8,9.1115,9.1463,2023-12-26
2023-12-28,1294.4,9.1416,9.1115,2023-12-27
2023-12-29,1289.4,9.1266,9.1416,2023-12-28
2024-01-02,1289.4,9.156,9.1266,2023-12-29
2024-01-03,1299.3,9.1455,9.156,2024-01-02
2024-01-04,1308.8,9.1476,9.1455,2024-01-03
2024-01-05,1310.2,9.0568,9.1476,2024-01-04
2024-01-08,1313.7,9.0747,9.0568,2024-01-05
2024-01-09,1314.8,9.1214,9.0747,2024-01-08
2024-01-10,1312.1,9.0894,9.1214,2024-01-09
2024-01-11,1320.1,9.066,9.0894,2024-01-10
2024-01-12,1316.0,9.0624,9.066,2024-01-11
2024-01-15,1314.1,9.0603,9.0624,2024-01-12
2024-01-16,1319.3,9.0509,9.0603,2024-01-15
2024-01-17,1329.0,9.0322,9.0509,2024-01-16
2024-01-18,1343.2,9.0674,9.0322,2024-01-17
2024-01-19,1342.4,9.0657,9.0674,2024-01-18
2024-01-22,1336.5,9.0191,9.0657,2024-01-19
2024-01-23,1334.7,9.0152,9.0191,2024-01-22
2024-01-24,1336.0,9.0082,9.0152,2024-01-23
2024-01-25,1339.1,9.0734,9.0082,2024-01-24
2024-01-26,1335.7,9.0504,9.0734,2024-01-25
2024-01-29,1336.6,9.0262,9.0504,2024-01-26
2024-01-30,1336.9,9.0674,9.0262,2024-01-29
2024-01-31,1330.6,9.0189,9.0674,2024-01-30
2024-02-01,1333.5,9.0819,9.0189,2024-01-31
2024-02-02,1332.5,9.1024,9.0819,2024-02-01
2024-02-05,1325.1,8.9223,9.1024,2024-02-02
2024-02-06,1334.6,8.9775,8.9223,2024-02-05
2024-02-07,1329.6,8.9965,8.9775,2024-02-06
2024-02-08,1325.3,8.952,8.9965,2024-02-07
2024-02-13,1327.2,8.888,8.952,2024-02-08
2024-02-14,1328.4,8.8204,8.888,2024-02-13
2024-02-15,1336.9,8.8848,8.8204,2024-02-14
2024-02-16,1333.2,8.8948,8.8848,2024-02-15
2024-02-19,1333.0,8.8805,8.8948,2024-02-16
2024-02-20,1333.8,8.8837,8.8805,2024-02-19
2024-02-21,1337.9,8.922,8.8837,2024-02-20
2024-02-22,1335.0,8.8808,8.922,2024-02-21
2024-02-23,1331.0,8.8453,8.8808,2024-02-22
2024-02-26,1329.3,8.8311,8.8453,2024-02-23
2024-02-27,1331.4,8.835700000000001,8.8311,2024-02-26
2024-02-28,1331.3,8.8473,8.835700000000001,2024-02-27
2024-02-29,1334.0,8.8576,8.8473,2024-02-28
2024-03-04,1334.1,8.8866,8.8576,2024-02-29
2024-03-05,1330.1,8.842,8.8866,2024-03-04
2024-03-06,1333.2,8.8957,8.842,2024-03-05
2024-03-07,1335.7,8.9461,8.8957,2024-03-06
2024-03-08,1329.6,8.9889,8.9461,2024-03-07
2024-03-11,1323.1,9.0047,8.9889,2024-03-08
2024-03-12,1314.4,8.9473,9.0047,2024-03-11
2024-03-13,1311.1,8.8855,8.9473,2024-03-12
2024-03-14,1312.8,8.891,8.8855,2024-03-13
2024-03-15,1316.9,8.8812,8.891,2024-03-14
2024-03-18,1328.4,8.9151,8.8812,2024-03-15
2024-03-19,1333.0,8.9424,8.9151,2024-03-18
2024-03-20,1338.5,8.8681,8.9424,2024-03-19
2024-03-21,1338.7,8.871699999999999,8.8681,2024-03-20
2024-03-22,1326.3,8.7449,8.871699999999999,2024-03-21
2024-03-25,1336.1,8.8387,8.7449,2024-03-22
2024-03-26,1340.7,8.855599999999999,8.8387,2024-03-25
2024-03-27,1338.6,8.8324,8.855599999999999,2024-03-26
2024-03-28,1345.8,8.8917,8.8324,2024-03-27
2024-03-29,1346.8,8.8948,8.8917,2024-03-28
2024-04-01,1347.4,8.9011,8.8948,2024-03-29
2024-04-02,1347.1,8.8832,8.9011,2024-04-01
2024-04-03,1353.0,8.9269,8.8832,2024-04-02
2024-04-04,1349.1,8.8988,8.9269,2024-04-03
2024-04-05,1346.8,8.9053,8.8988,2024-04-04
2024-04-08,1351.8,8.9137,8.9053,2024-04-05
2024-04-09,1353.6,8.9149,8.9137,2024-04-08
2024-04-11,1354.4,8.8555,8.9149,2024-04-09
2024-04-12,1363.7,8.900599999999999,8.8555,2024-04-11
2024-04-15,1371.6,8.948,8.900599999999999,2024-04-12
2024-04-16,1383.7,8.9743,8.948,2024-04-15
2024-04-17,1395.3,9.0191,8.9743,2024-04-16
2024-04-18,1386.3,8.983600000000001,9.0191,2024-04-17
2024-04-19,1375.9,8.8977,8.983600000000001,2024-04-18
2024-04-22,1385.0,8.9589,8.8977,2024-04-19
2024-04-23,1380.6,8.9189,8.9589,2024-04-22
2024-04-24,1377.9,8.9026,8.9189,2024-04-23
2024-04-25,1370.0,8.8248,8.9026,2024-04-24
2024-04-26,1376.6,8.8479,8.8248,2024-04-25
2024-04-29,1375.9,8.6912,8.8479,2024-04-26
2024-04-30,1378.7,8.826799999999999,8.6912,2024-04-29
2024-05-02,1378.0,8.861699999999999,8.826799999999999,2024-04-30
2024-05-03,1378.5,8.9992,8.861699999999999,2024-05-02
2024-05-07,1365.2,8.8583,8.9992,2024-05-03
2024-05-08,1357.8,8.7744,8.8583,2024-05-07
2024-05-09,1364.4,8.7712,8.7744,2024-05-08
2024-05-10,1367.9,8.805299999999999,8.7712,2024-05-09
2024-05-13,1367.9,8.7801,8.805299999999999,2024-05-10
2024-05-14,1370.1,8.7695,8.7801,2024-05-13
2024-05-16,1369.0,8.8537,8.7695,2024-05-14
2024-05-17,1349.4,8.6837,8.8537,2024-05-16
2024-05-20,1355.2,8.7025,8.6837,2024-05-17
2024-05-21,1356.2,8.6783,8.7025,2024-05-20
2024-05-22,1364.4,8.7324,8.6783,2024-05-21
2024-05-23,1363.1,8.6963,8.7324,2024-05-22
2024-05-24,1364.5,8.6914,8.6963,2024-05-23
2024-05-27,1370.0,8.7342,8.6914,2024-05-24
2024-05-28,1365.4,8.701,8.7342,2024-05-27
2024-05-29,1359.5,8.6471,8.701,2024-05-28
2024-05-30,1364.8,8.6563,8.6471,2024-05-29
2024-05-31,1376.5,8.7784,8.6563,2024-05-30
2024-06-03,1381.6,8.7841,8.7784,2024-05-31
2024-06-04,1377.6,8.8203,8.7841,2024-06-03
2024-06-05,1373.1,8.8676,8.8203,2024-06-04
2024-06-07,1371.5,8.8154,8.8676,2024-06-05
2024-06-10,1366.9,8.715499999999999,8.8154,2024-06-07
2024-06-11,1377.9,8.7739,8.715499999999999,2024-06-10
2024-06-12,1377.4,8.764,8.7739,2024-06-11
2024-06-13,1377.8,8.785599999999999,8.764,2024-06-12
2024-06-14,1371.0,8.7258,8.785599999999999,2024-06-13
2024-06-17,1377.7,8.7456,8.7258,2024-06-14
2024-06-18,1380.4,8.7522,8.7456,2024-06-17
2024-06-19,1380.5,8.7462,8.7522,2024-06-18
2024-06-20,1380.8,8.7401,8.7462,2024-06-19
2024-06-21,1383.8,8.7089,8.7401,2024-06-20
2024-06-24,1389.1,8.6963,8.7089,2024-06-21
2024-06-25,1389.7,8.7038,8.6963,2024-06-24
2024-06-26,1386.4,8.6826,8.7038,2024-06-25
2024-06-27,1390.1,8.65,8.6826,2024-06-26
2024-06-28,1389.2,8.643099999999999,8.65,2024-06-27
2024-07-01,1382.4,8.5957,8.643099999999999,2024-06-28
2024-07-02,1380.8,8.5538,8.5957,2024-07-01
2024-07-03,1387.4,8.594199999999999,8.5538,2024-07-02
2024-07-04,1389.4,8.5959,8.594199999999999,2024-07-03
2024-07-05,1381.9,8.5686,8.5959,2024-07-04
2024-07-08,1379.0,8.5807,8.5686,2024-07-05
2024-07-09,1379.4,8.5813,8.5807,2024-07-08
2024-07-10,1383.4,8.5736,8.5813,2024-07-09
2024-07-11,1385.6,8.5753,8.5736,2024-07-10
2024-07-12,1380.1,8.659500000000001,8.5753,2024-07-11
2024-07-15,1376.3,8.6934,8.659500000000001,2024-07-12
2024-07-16,1381.9,8.7409,8.6934,2024-07-15
2024-07-17,1386.0,8.7547,8.7409,2024-07-16
2024-07-18,1381.5,8.861699999999999,8.7547,2024-07-17
2024-07-19,1379.9,8.7744,8.861699999999999,2024-07-18
2024-07-22,1386.6,8.8181,8.7744,2024-07-19
2024-07-23,1388.6,8.8409,8.8181,2024-07-22
2024-07-24,1385.1,8.8945,8.8409,2024-07-23
2024-07-25,1385.1,9.0132,8.8945,2024-07-24
2024-07-26,1385.4,9.0192,9.0132,2024-07-25
2024-07-29,1385.4,8.9911,9.0192,2024-07-26
2024-07-30,1382.0,8.9845,8.9911,2024-07-29
2024-07-31,1384.6,9.0544,8.9845,2024-07-30
2024-08-01,1380.1,9.1866,9.0544,2024-07-31
2024-08-02,1365.9,9.157,9.1866,2024-08-01
2024-08-05,1372.8,9.3867,9.157,2024-08-02
2024-08-06,1360.6,9.3718,9.3867,2024-08-05
2024-08-07,1372.2,9.4949,9.3718,2024-08-06
2024-08-08,1376.4,9.4013,9.4949,2024-08-07
2024-08-09,1377.7,9.3432,9.4013,2024-08-08
2024-08-12,1369.4,9.3109,9.3432,2024-08-09
2024-08-13,1367.7,9.2908,9.3109,2024-08-12
2024-08-14,1370.3,9.3338,9.2908,2024-08-13
2024-08-16,1361.4,9.1244,9.3338,2024-08-14
2024-08-19,1360.1,9.1989,9.1244,2024-08-16
2024-08-20,1337.8,9.1184,9.1989,2024-08-19
2024-08-21,1332.0,9.1707,9.1184,2024-08-20
2024-08-22,1332.4,9.1963,9.1707,2024-08-21
2024-08-23,1335.9,9.1434,9.1963,2024-08-22
2024-08-26,1340.1,9.3305,9.1434,2024-08-23
2024-08-27,1323.9,9.1775,9.3305,2024-08-26
2024-08-28,1330.4,9.2521,9.1775,2024-08-27
2024-08-29,1334.7,9.2517,9.2521,2024-08-28
2024-08-30,1335.3,9.2175,9.2517,2024-08-29
2024-09-02,1334.8,9.1069,9.2175,2024-08-30
2024-09-03,1338.8,9.1112,9.1069,2024-09-02
2024-09-04,1341.0,9.2343,9.1112,2024-09-03
2024-09-05,1342.0,9.3422,9.2343,2024-09-04
2024-09-06,1335.8,9.3181,9.3422,2024-09-05
2024-09-09,1330.4,9.3529,9.3181,2024-09-06
2024-09-10,1339.5,9.3583,9.3529,2024-09-09
2024-09-11,1344.3,9.4387,9.3583,2024-09-10
2024-09-12,1340.3,9.4059,9.4387,2024-09-11
2024-09-13,1339.6,9.4574,9.4059,2024-09-12
2024-09-19,1331.0,9.3446,9.4574,2024-09-13
2024-09-20,1331.8,9.3293,9.3446,2024-09-19
2024-09-23,1329.9,9.2393,9.3293,2024-09-20
2024-09-24,1335.5,9.3024,9.2393,2024-09-23
2024-09-25,1334.3,9.3252,9.3024,2024-09-24
2024-09-26,1328.4,9.1801,9.3252,2024-09-25
2024-09-27,1329.7,9.1729,9.1801,2024-09-26
2024-09-30,1319.6,9.2451,9.1729,2024-09-27
2024-10-02,1306.9,9.1026,9.2451,2024-09-30
2024-10-04,1320.1,8.9947,9.1026,2024-10-02
2024-10-07,1333.3,8.9465,8.9947,2024-10-04
2024-10-08,1346.5,9.1026,8.9465,2024-10-07
2024-10-10,1347.8,9.0308,9.1026,2024-10-08
2024-10-11,1349.4,9.0774,9.0308,2024-10-10
2024-10-14,1348.6,9.0331,9.0774,2024-10-11
2024-10-15,1354.9,9.0462,9.0331,2024-10-14
2024-10-16,1360.4,9.1122,9.0462,2024-10-15
2024-10-17,1363.7,9.1129,9.1122,2024-10-16
2024-10-18,1366.5,9.0964,9.1129,2024-10-17
2024-10-21,1371.1,9.1691,9.0964,2024-10-18
2024-10-22,1370.4,9.0908,9.1691,2024-10-21
2024-10-23,1380.1,9.1355,9.0908,2024-10-22
2024-10-24,1382.0,9.0486,9.1355,2024-10-23
2024-10-25,1380.5,9.1026,9.0486,2024-10-24
2024-10-28,1384.4,9.0575,9.1026,2024-10-25
2024-10-29,1387.0,9.0467,9.0575,2024-10-28
2024-10-30,1383.1,9.026,9.0467,2024-10-29
2024-10-31,1383.3,9.022,9.026,2024-10-30
2024-11-01,1379.3,9.0824,9.022,2024-10-31
2024-11-04,1377.9,9.0419,9.0824,2024-11-01
2024-11-05,1371.3,9.0131,9.0419,2024-11-04
2024-11-06,1377.8,9.0776,9.0131,2024-11-05
2024-11-07,1391.5,9.0129,9.0776,2024-11-06
2024-11-08,1399.1,9.1421,9.0129,2024-11-07
2024-11-11,1385.4,9.0617,9.1421,2024-11-08
2024-11-12,1395.3,9.076,9.0617,2024-11-11
2024-11-13,1401.1,9.066,9.076,2024-11-12
2024-11-14,1407.3,9.056,9.066,2024-11-13
2024-11-15,1406.4,8.9961,9.056,2024-11-14
2024-11-18,1402.8,9.0693,8.9961,2024-11-15
2024-11-19,1392.6,9.0139,9.0693,2024-11-18
2024-11-20,1392.0,9.0056,9.0139,2024-11-19
2024-11-21,1391.6,8.9587,9.0056,2024-11-20
2024-11-22,1398.1,9.06,8.9587,2024-11-21
2024-11-25,1400.5,9.0762,9.06,2024-11-22
2024-11-26,1398.2,9.0813,9.0762,2024-11-25
2024-11-27,1401.2,9.1501,9.0813,2024-11-26
2024-11-28,1396.8,9.2531,9.1501,2024-11-27
2024-11-29,1394.7,9.2087,9.2531,2024-11-28
2024-12-02,1395.1,9.3146,9.2087,2024-11-29
2024-12-03,1402.0,9.3751,9.3146,2024-12-02
2024-12-04,1403.4,9.3769,9.3751,2024-12-03
2024-12-05,1413.0,9.3815,9.3769,2024-12-04
2024-12-06,1414.9,9.4248,9.3815,2024-12-05
2024-12-09,1419.4,9.4706,9.4248,2024-12-06
2024-12-10,1433.2,9.4735,9.4706,2024-12-09
2024-12-11,1428.1,9.4007,9.4735,2024-12-10
2024-12-12,1431.4,9.3912,9.4007,2024-12-11
2024-12-13,1431.5,9.3804,9.3912,2024-12-12
2024-12-16,1432.7,9.332,9.3804,2024-12-13
2024-12-17,1434.9,9.3051,9.332,2024-12-16
2024-12-18,1436.6,9.3574,9.3051,2024-12-17
2024-12-19,1436.8,9.2892,9.3574,2024-12-18
2024-12-20,1449.7,9.2021,9.2892,2024-12-19
2024-12-23,1450.3,9.2686,9.2021,2024-12-20
2024-12-24,1449.3,9.2245,9.2686,2024-12-23
2024-12-26,1453.6,9.2456,9.2245,2024-12-24
2024-12-27,1462.9,9.27,9.2456,2024-12-26
2024-12-30,1474.1,9.3431,9.27,2024-12-27
2024-12-31,1470.0,9.3648,9.3431,2024-12-30
2025-01-02,1470.0,9.3467,9.3648,2024-12-31
2025-01-03,1468.3,9.3219,9.3467,2025-01-02
2025-01-06,1466.8,9.316,9.3219,2025-01-03
2025-01-07,1470.8,9.3248,9.316,2025-01-06
2025-01-08,1455.4,9.2,9.3248,2025-01-07
2025-01-09,1453.2,9.1751,9.2,2025-01-08
2025-01-10,1458.2,9.2242,9.1751,2025-01-09
2025-01-13,1460.7,9.2569,9.2242,2025-01-10
2025-01-14,1471.3,9.3481,9.2569,2025-01-13
2025-01-15,1463.3,9.2643,9.3481,2025-01-14
2025-01-16,1460.2,9.3369,9.2643,2025-01-15
2025-01-17,1454.7,9.3725,9.3369,2025-01-16
2025-01-20,1455.8,9.3126,9.3725,2025-01-17
2025-01-21,1453.0,9.3459,9.3126,2025-01-20
2025-01-22,1437.9,9.2318,9.3459,2025-01-21
2025-01-23,1434.3,9.1684,9.2318,2025-01-22
2025-01-24,1437.1,9.2101,9.1684,2025-01-23
2025-01-31,1433.3,9.2788,9.2101,2025-01-24
2025-02-03,1453.0,9.3591,9.2788,2025-01-31
2025-02-04,1469.2,9.4796,9.3591,2025-02-03
2025-02-05,1460.8,9.4608,9.4796,2025-02-04
2025-02-06,1450.0,9.5048,9.4608,2025-02-05
2025-02-07,1447.1,9.5648,9.5048,2025-02-06
2025-02-10,1447.4,9.544,9.5648,2025-02-07
2025-02-11,1453.4,9.5647,9.544,2025-02-10
2025-02-12,1453.5,9.528,9.5647,2025-02-11
2025-02-13,1452.6,9.4144,9.528,2025-02-12
2025-02-14,1450.5,9.4847,9.4144,2025-02-13
2025-02-17,1443.3,9.4779,9.4847,2025-02-14
2025-02-18,1441.1,9.5097,9.4779,2025-02-17
2025-02-19,1443.9,9.4968,9.5097,2025-02-18
2025-02-20,1440.6,9.5212,9.4968,2025-02-19
2025-02-21,1439.4,9.6291,9.5212,2025-02-20
2025-02-24,1434.1,9.6126,9.6291,2025-02-21
2025-02-25,1429.2,9.5359,9.6126,2025-02-24
2025-02-26,1430.7,9.5969,9.5359,2025-02-25
2025-02-27,1431.8,9.6149,9.5969,2025-02-26
2025-02-28,1439.6,9.6182,9.6149,2025-02-27
2025-03-04,1458.7,9.7637,9.6182,2025-02-28
2025-03-05,1459.6,9.7342,9.7637,2025-03-04
2025-03-06,1456.0,9.7826,9.7342,2025-03-05
2025-03-07,1441.6,9.7428,9.7826,2025-03-06
2025-03-10,1446.3,9.8054,9.7428,2025-03-07
2025-03-11,1451.5,9.8829,9.8054,2025-03-10
2025-03-12,1457.9,9.86,9.8829,2025-03-11
2025-03-13,1452.0,9.7986,9.86,2025-03-12
2025-03-14,1451.9,9.8164,9.7986,2025-03-13
2025-03-17,1454.8,9.7933,9.8164,2025-03-14
2025-03-18,1448.0,9.6937,9.7933,2025-03-17
2025-03-19,1447.1,9.6874,9.6937,2025-03-18
2025-03-20,1452.3,9.767,9.6874,2025-03-19
2025-03-21,1459.2,9.8114,9.767,2025-03-20
2025-03-24,1466.9,9.8065,9.8114,2025-03-21
2025-03-25,1466.9,9.7336,9.8065,2025-03-24
2025-03-26,1469.6,9.8009,9.7336,2025-03-25
2025-03-27,1465.3,9.7437,9.8009,2025-03-26
2025-03-28,1466.8,9.7126,9.7437,2025-03-27
2025-03-31,1466.5,9.8176,9.7126,2025-03-28
2025-04-01,1470.6,9.8011,9.8176,2025-03-31
2025-04-02,1471.7,9.8248,9.8011,2025-04-01
2025-04-03,1467.8,9.8995,9.8248,2025-04-02
2025-04-04,1467.0,10.06,9.8995,2025-04-03
2025-04-07,1439.3,9.9245,10.06,2025-04-04
2025-04-08,1465.9,9.9091,9.9245,2025-04-07
2025-04-09,1470.2,10.0861,9.9091,2025-04-08
2025-04-10,1482.9,10.0481,10.0861,2025-04-09
2025-04-11,1458.5,10.1207,10.0481,2025-04-10
2025-04-14,1450.8,10.0974,10.1207,2025-04-11
2025-04-15,1427.4,9.9641,10.0974,2025-04-14
2025-04-16,1423.3,9.9389,9.9641,2025-04-15
2025-04-17,1427.4,10.0642,9.9389,2025-04-16
2025-04-18,1419.9,9.9726,10.0642,2025-04-17
2025-04-21,1421.5,10.0353,9.9726,2025-04-18
2025-04-22,1418.9,10.0799,10.0353,2025-04-21
2025-04-23,1422.6,9.9699,10.0799,2025-04-22
2025-04-24,1426.6,9.9703,9.9699,2025-04-23
2025-04-25,1430.2,10.0168,9.9703,2025-04-24
2025-04-28,1434.6,9.9788,10.0168,2025-04-25
2025-04-29,1439.3,10.1185,9.9788,2025-04-28
2025-04-30,1438.5,10.1107,10.1185,2025-04-29
2025-05-02,1426.9,9.8089,10.1107,2025-04-30
2025-05-07,1426.6,9.9592,9.8089,2025-05-02
2025-05-08,1394.1,9.6917,9.9592,2025-05-07
2025-05-09,1396.0,9.5669,9.6917,2025-05-08
2025-05-12,1405.6,9.6423,9.5669,2025-05-09
2025-05-13,1400.4,9.4338,9.6423,2025-05-12
2025-05-14,1413.7,9.5867,9.4338,2025-05-13
2025-05-15,1415.8,9.6612,9.5867,2025-05-14
2025-05-16,1399.6,9.6196,9.6612,2025-05-15
2025-05-19,1394.3,9.6043,9.6196,2025-05-16
2025-05-20,1398.0,9.645,9.6043,2025-05-19
2025-05-21,1392.6,9.645,9.645,2025-05-20
2025-05-22,1387.1,9.6296,9.645,2025-05-21
2025-05-23,1378.4,9.5859,9.6296,2025-05-22
2025-05-26,1376.9,9.6405,9.5859,2025-05-23
2025-05-27,1365.0,9.5662,9.6405,2025-05-26
2025-05-28,1368.3,9.4879,9.5662,2025-05-27
2025-05-29,1374.6,9.4656,9.4879,2025-05-28
2025-05-30,1381.4,9.5927,9.4656,2025-05-29
2025-06-02,1375.7,9.5678,9.5927,2025-05-30
2025-06-04,1376.9,9.5675,9.5678,2025-06-02
2025-06-05,1373.8,9.6218,9.5675,2025-06-04
2025-06-09,1359.0,9.3948,9.6218,2025-06-05
2025-06-10,1358.9,9.3947,9.3948,2025-06-09
2025-06-11,1359.9,9.3835,9.3947,2025-06-10
2025-06-12,1368.8,9.4894,9.3835,2025-06-11
2025-06-13,1362.9,9.5022,9.4894,2025-06-12
2025-06-16,1366.8,9.4559,9.5022,2025-06-13
2025-06-17,1363.6,9.4266,9.4559,2025-06-16
2025-06-18,1361.7,9.3687,9.4266,2025-06-17
2025-06-19,1373.2,9.4687,9.3687,2025-06-18
2025-06-20,1379.6,9.486,9.4687,2025-06-19
2025-06-23,1369.4,9.3554,9.486,2025-06-20
2025-06-24,1381.9,9.4716,9.3554,2025-06-23
2025-06-25,1365.0,9.419,9.4716,2025-06-24
2025-06-26,1360.9,9.382,9.419,2025-06-25
2025-06-27,1357.6,9.3926,9.382,2025-06-26
2025-06-30,1356.4,9.3898,9.3926,2025-06-27
2025-07-01,1353.6,9.4065,9.3898,2025-06-30
2025-07-02,1352.6,9.4301,9.4065,2025-07-01
2025-07-03,1359.4,9.4682,9.4301,2025-07-02
2025-07-04,1358.1,9.3743,9.4682,2025-07-03
2025-07-07,1364.2,9.4395,9.3743,2025-07-04
2025-07-08,1366.6,9.3677,9.4395,2025-07-07
2025-07-09,1368.0,9.3277,9.3677,2025-07-08
2025-07-10,1373.8,9.3925,9.3277,2025-07-09
2025-07-11,1373.0,9.3932,9.3925,2025-07-10
2025-07-14,1374.7,9.3216,9.3932,2025-07-11
2025-07-15,1378.5,9.3252,9.3216,2025-07-14
2025-07-16,1382.7,9.2877,9.3252,2025-07-15
2025-07-17,1387.1,9.379,9.2877,2025-07-16
2025-07-18,1390.8,9.3773,9.379,2025-07-17
2025-07-21,1391.9,9.3664,9.3773,2025-07-18
2025-07-22,1391.1,9.4366,9.3664,2025-07-21
2025-07-23,1386.3,9.4502,9.4366,2025-07-22
2025-07-24,1379.1,9.4194,9.4502,2025-07-23
2025-07-25,1368.7,9.3096,9.4194,2025-07-24
2025-07-28,1376.0,9.3121,9.3096,2025-07-25
2025-07-29,1379.6,9.2896,9.3121,2025-07-28
2025-07-30,1391.4,9.3688,9.2896,2025-07-29
2025-07-31,1382.9,9.261,9.3688,2025-07-30
2025-08-01,1390.4,9.2278,9.261,2025-07-31
2025-08-04,1399.3,9.501,9.2278,2025-08-01
2025-08-05,1384.9,9.4342,9.501,2025-08-04
2025-08-06,1386.7,9.3966,9.4342,2025-08-05
2025-08-07,1389.5,9.4389,9.3966,2025-08-06
2025-08-08,1384.2,9.425,9.4389,2025-08-07
2025-08-11,1386.0,9.3807,9.425,2025-08-08
2025-08-12,1388.3,9.3674,9.3807,2025-08-11
2025-08-13,1390.2,9.4072,9.3674,2025-08-12
2025-08-14,1383.8,9.4005,9.4072,2025-08-13
2025-08-18,1382.2,9.3852,9.4005,2025-08-14
2025-08-19,1385.3,9.3639,9.3852,2025-08-18
2025-08-20,1389.4,9.4095,9.3639,2025-08-19
2025-08-21,1397.5,9.4813,9.4095,2025-08-20
2025-08-22,1398.1,9.4215,9.4813,2025-08-21
2025-08-25,1395.6,9.4865,9.4215,2025-08-22
2025-08-26,1386.3,9.3792,9.4865,2025-08-25
2025-08-27,1391.2,9.4351,9.3792,2025-08-26
2025-08-28,1395.7,9.4752,9.4351,2025-08-27
2025-08-29,1388.6,9.4479,9.4752,2025-08-28
2025-09-01,1387.7,9.4305,9.4479,2025-08-29
2025-09-02,1392.4,9.4625,9.4305,2025-09-01
2025-09-03,1392.2,9.3741,9.4625,2025-09-02
2025-09-04,1393.8,9.4172,9.3741,2025-09-03
2025-09-05,1392.7,9.3788,9.4172,2025-09-04
2025-09-08,1391.8,9.3828,9.3788,2025-09-05
2025-09-09,1390.4,9.4325,9.3828,2025-09-08
2025-09-10,1386.6,9.4093,9.4325,2025-09-09
2025-09-11,1387.6,9.417,9.4093,2025-09-10
2025-09-12,1389.4,9.4379,9.417,2025-09-11
2025-09-15,1388.7,9.4015,9.4379,2025-09-12
2025-09-16,1389.5,9.427,9.4015,2025-09-15
2025-09-17,1382.3,9.4377,9.427,2025-09-16
2025-09-18,1380.0,9.3983,9.4377,2025-09-17
2025-09-19,1384.6,9.3576,9.3983,2025-09-18
2025-09-22,1393.6,9.4153,9.3576,2025-09-19
2025-09-23,1394.0,9.4368,9.4153,2025-09-22
2025-09-24,1393.8,9.4402,9.4368,2025-09-23
2025-09-25,1394.9,9.3731,9.4402,2025-09-24
2025-09-26,1400.4,9.3519,9.3731,2025-09-25
2025-09-29,1411.6,9.4444,9.3519,2025-09-26
2025-09-30,1402.2,9.4373,9.4444,2025-09-29
2025-10-01,1403.2,9.4926,9.4373,2025-09-30
2025-10-02,1406.0,9.5643,9.4926,2025-10-01
2025-10-10,1401.9,9.1508,9.5643,2025-10-02
2025-10-13,1420.5,9.3549,9.1508,2025-10-10
2025-10-14,1427.7,9.37,9.3549,2025-10-13
2025-10-15,1428.4,9.4088,9.37,2025-10-14
2025-10-16,1424.4,9.4359,9.4088,2025-10-15
2025-10-17,1419.1,9.4468,9.4359,2025-10-16
2025-10-20,1419.5,9.4066,9.4468,2025-10-17
2025-10-21,1420.2,9.419,9.4066,2025-10-20
2025-10-22,1423.7,9.372,9.419,2025-10-21
2025-10-23,1430.1,9.412,9.372,2025-10-22
2025-10-24,1436.6,9.4123,9.412,2025-10-23
2025-10-27,1436.1,9.3777,9.4123,2025-10-24
2025-10-28,1432.5,9.3775,9.3777,2025-10-27
2025-10-29,1434.3,9.4284,9.3775,2025-10-28
2025-10-30,1433.0,9.3838,9.4284,2025-10-29
2025-10-31,1423.2,9.2362,9.3838,2025-10-30
2025-11-03,1427.4,9.261,9.2362,2025-10-31
2025-11-04,1429.0,9.2669,9.261,2025-11-03
2025-11-05,1437.7,9.3561,9.2669,2025-11-04
2025-11-06,1447.0,9.3943,9.3561,2025-11-05
2025-11-07,1445.6,9.4487,9.3943,2025-11-06
2025-11-10,1454.0,9.4554,9.4487,2025-11-07
2025-11-11,1453.7,9.4326,9.4554,2025-11-10
2025-11-12,1463.2,9.4933,9.4326,2025-11-11
2025-11-13,1466.4,9.4775,9.4933,2025-11-12
2025-11-14,1469.5,9.5067,9.4775,2025-11-13
2025-11-17,1458.5,9.441,9.5067,2025-11-14
2025-11-18,1458.3,9.3951,9.441,2025-11-17
2025-11-19,1465.2,9.4213,9.3951,2025-11-18
2025-11-20,1465.0,9.3276,9.4213,2025-11-19
2025-11-21,1468.4,9.3303,9.3276,2025-11-20
2025-11-24,1472.0,9.3994,9.3303,2025-11-21
2025-11-25,1473.5,9.3904,9.3994,2025-11-24
2025-11-26,1473.5,9.4401,9.3904,2025-11-25
2025-11-27,1462.7,9.3556,9.4401,2025-11-26
2025-11-28,1464.8,9.3729,9.3556,2025-11-27
2025-12-01,1465.9,9.3947,9.3729,2025-11-28
2025-12-02,1469.1,9.4515,9.3947,2025-12-01
2025-12-03,1469.6,9.4296,9.4515,2025-12-02
2025-12-04,1468.7,9.4633,9.4296,2025-12-03
2025-12-05,1471.5,9.4859,9.4633,2025-12-04
2025-12-08,1472.1,9.4809,9.4859,2025-12-05
2025-12-09,1469.0,9.4206,9.4809,2025-12-08
2025-12-10,1470.4,9.3767,9.4206,2025-12-09
2025-12-11,1470.4,9.4281,9.3767,2025-12-10
2025-12-12,1469.5,9.4505,9.4281,2025-12-11
2025-12-15,1472.5,9.453,9.4505,2025-12-12
2025-12-16,1474.1,9.5039,9.453,2025-12-15
2025-12-17,1472.4,9.5147,9.5039,2025-12-16
2025-12-18,1478.6,9.5001,9.5147,2025-12-17
2025-12-19,1477.2,9.4963,9.5001,2025-12-18
2025-12-22,1477.8,9.3778,9.4963,2025-12-19
2025-12-23,1478.9,9.4215,9.3778,2025-12-22
2025-12-24,1483.4,9.5001,9.4215,2025-12-23
2025-12-26,1460.6,9.3727,9.5001,2025-12-24
2025-12-29,1442.3,9.2177,9.3727,2025-12-26
2025-12-30,1433.9,9.1908,9.2177,2025-12-29
2025-12-31,1434.9,9.1763,9.1908,2025-12-30
2026-01-02,1434.9,9.1506,9.1763,2025-12-31
2026-01-05,1442.1,9.1979,9.1506,2026-01-02
2026-01-06,1446.8,9.2421,9.1979,2026-01-05
2026-01-07,1445.7,9.2306,9.2421,2026-01-06
2026-01-08,1448.3,9.2446,9.2306,2026-01-07
2026-01-09,1449.4,9.2389,9.2446,2026-01-08
2026-01-12,1455.7,9.2101,9.2389,2026-01-09
2026-01-13,1464.1,9.2562,9.2101,2026-01-12
2026-01-14,1472.8,9.2533,9.2562,2026-01-13
2026-01-15,1477.5,9.3347,9.2533,2026-01-14
2026-01-16,1469.7,9.2652,9.3347,2026-01-15
2026-01-19,1473.5,9.3458,9.2652,2026-01-16
2026-01-20,1473.6,9.3174,9.3458,2026-01-19
2026-01-21,1477.0,9.3401,9.3174,2026-01-20
2026-01-22,1472.8,9.3041,9.3401,2026-01-21
2026-01-23,1468.4,9.2702,9.3041,2026-01-22
2026-01-26,1467.2,9.4888,9.2702,2026-01-23
2026-01-27,1442.8,9.357,9.4888,2026-01-26
2026-01-28,1448.8,9.5081,9.357,2026-01-27
2026-01-29,1428.6,9.3132,9.5081,2026-01-28
2026-01-30,1427.0,9.3289,9.3132,2026-01-29
2026-02-02,1436.7,9.2401,9.3289,2026-01-30
2026-02-03,1457.3,9.3666,9.2401,2026-02-02
2026-02-04,1449.0,9.3019,9.3666,2026-02-03
2026-02-05,1451.2,9.2539,9.3019,2026-02-04
2026-02-06,1464.1,9.3246,9.2539,2026-02-05
2026-02-09,1470.3,9.3281,9.3246,2026-02-06
2026-02-10,1464.3,9.3889,9.3281,2026-02-09
2026-02-11,1457.7,9.4362,9.3889,2026-02-10
2026-02-12,1454.4,9.4929,9.4362,2026-02-11
2026-02-13,1443.4,9.4473,9.4929,2026-02-12
2026-02-19,1443.1,9.3263,9.4473,2026-02-13
2026-02-20,1450.7,9.3615,9.3263,2026-02-19
2026-02-23,1448.7,9.3555,9.3615,2026-02-20
2026-02-24,1442.0,9.3291,9.3555,2026-02-23
2026-02-25,1445.8,9.2766,9.3291,2026-02-24
2026-02-26,1435.3,9.1839,9.2766,2026-02-25
2026-02-27,1424.5,9.1338,9.1839,2026-02-26
2026-03-03,1435.4,9.1235,9.1338,2026-02-27
2026-03-04,1464.5,9.2928,9.1235,2026-03-03
2026-03-05,1478.8,9.4158,9.2928,2026-03-04
2026-03-06,1464.3,9.2933,9.4158,2026-03-05
2026-03-09,1474.5,9.3161,9.2933,2026-03-06
2026-03-10,1493.1,9.4617,9.3161,2026-03-09
2026-03-11,1472.8,9.3121,9.4617,2026-03-10
2026-03-12,1467.3,9.2286,9.3121,2026-03-11
2026-03-13,1479.8,9.2894,9.2286,2026-03-12
2026-03-16,1489.5,9.3362,9.2894,2026-03-13
2026-03-17,1496.0,9.3982,9.3362,2026-03-16
2026-03-18,1491.6,9.3826,9.3982,2026-03-17
2026-03-19,1486.0,9.2971,9.3826,2026-03-18
2026-03-20,1499.7,9.4993,9.2971,2026-03-19
2026-03-23,1494.9,9.3945,9.4993,2026-03-20
2026-03-24,1509.6,9.5351,9.3945,2026-03-23
2026-03-25,1498.3,9.4408,9.5351,2026-03-24
2026-03-26,1495.6,9.3818,9.4408,2026-03-25
2026-03-27,1506.2,9.4347,9.3818,2026-03-26
2026-03-30,1508.1,9.4009,9.4347,2026-03-27
2026-03-31,1513.4,9.4673,9.4009,2026-03-30
2026-04-01,1530.5,9.6422,9.4673,2026-03-31
2026-04-02,1507.8,9.509,9.6422,2026-04-01
2026-04-03,1518.8,9.5211,9.509,2026-04-02
2026-04-06,1507.6,9.4423,9.5211,2026-04-03
2026-04-07,1507.2,9.4401,9.4423,2026-04-06
2026-04-08,1506.8,9.486,9.4401,2026-04-07
2026-04-09,1476.1,9.3088,9.486,2026-04-08
2026-04-10,1481.1,9.3119,9.3088,2026-04-09
2026-04-13,1479.8,9.2583,9.3119,2026-04-10
2026-04-14,1489.8,9.351,9.2583,2026-04-13
2026-04-15,1481.4,9.3255,9.351,2026-04-14
2026-04-16,1473.1,9.2762,9.3255,2026-04-15
2026-04-17,1472.6,9.2535,9.2762,2026-04-16
2026-04-20,1480.0,9.3073,9.2535,2026-04-17
2026-04-21,1475.6,9.2931,9.3073,2026-04-20
2026-04-22,1470.8,9.2245,9.2931,2026-04-21
2026-04-23,1477.6,9.2651,9.2245,2026-04-22
2026-04-24,1480.6,9.27,9.2651,2026-04-23
2026-04-27,1482.9,9.2963,9.27,2026-04-24
2026-04-28,1473.1,9.2424,9.2963,2026-04-27
2026-04-29,1473.3,9.2326,9.2424,2026-04-28
2026-04-30,1476.1,9.2058,9.2326,2026-04-29
2026-05-04,1484.8,9.4667,9.2058,2026-04-30
2026-05-06,1470.5,9.3279,9.4667,2026-05-04
2026-05-07,1456.8,9.3182,9.3279,2026-05-06
2026-05-08,1450.8,9.2469,9.3182,2026-05-07
2026-05-11,1466.0,9.3444,9.2469,2026-05-08
2026-05-12,1473.0,9.3702,9.3444,2026-05-11
2026-05-13,1484.3,9.4175,9.3702,2026-05-12
2026-05-14,1495.1,9.4747,9.4175,2026-05-13
2026-05-15,1491.8,9.4176,9.4747,2026-05-14
2026-05-18,1499.8,9.444,9.4176,2026-05-15
2026-05-19,1503.4,9.4652,9.444,2026-05-18
2026-05-20,1503.8,9.4552,9.4652,2026-05-19
2026-05-21,1509.7,9.5039,9.4552,2026-05-20
2026-05-22,1503.5,9.4551,9.5039,2026-05-21
2026-05-26,1513.3,9.5221,9.4551,2026-05-22
2026-05-27,1507.9,9.467,9.5221,2026-05-26
2026-05-28,1501.6,9.4141,9.467,2026-05-27
2026-05-29,1505.8,9.4556,9.4141,2026-05-28
2026-06-01,1503.2,9.4321,9.4556,2026-05-29
2026-06-02,1511.3,9.4663,9.4321,2026-06-01
2026-06-04,1515.6,9.4755,9.4663,2026-06-02
2026-06-05,1528.6,9.5535,9.4755,2026-06-04
2026-06-08,1543.0,9.6254,9.5535,2026-06-05
2026-06-09,1546.5,9.6551,9.6254,2026-06-08
2026-06-10,1518.4,9.466,9.6551,2026-06-09
2026-06-11,1522.4,9.4818,9.466,2026-06-10
2026-06-12,1527.0,9.5429,9.4818,2026-06-11
2026-06-15,1520.4,9.5076,9.5429,2026-06-12
2026-06-16,1510.0,9.4204,9.5076,2026-06-15
2026-06-17,1513.5,9.4355,9.4204,2026-06-16
2026-06-18,1512.8,9.4203,9.4355,2026-06-17
2026-06-19,1523.4,9.4433,9.4203,2026-06-18
2026-06-22,1535.0,9.5088,9.4433,2026-06-19
2026-06-23,1535.7,9.5049,9.5088,2026-06-22
2026-06-24,1537.2,9.5153,9.5049,2026-06-23
2026-06-25,1538.3,9.5092,9.5153,2026-06-24
2026-06-26,1545.3,9.5513,9.5092,2026-06-25
2026-06-29,1544.2,9.5445,9.5513,2026-06-26
2026-06-30,1541.5,9.5198,9.5445,2026-06-29
2026-07-01,1548.4,9.5225,9.5198,2026-06-30
2026-07-02,1554.4,9.5632,9.5225,2026-07-01
2026-07-03,1554.1,9.6369,9.5632,2026-07-02
2026-07-06,1539.7,9.5361,9.6369,2026-07-03
2026-07-07,1531.8,9.4541,9.5361,2026-07-06
2026-07-08,1526.6,9.4104,9.4541,2026-07-07
2026-07-09,1509.9,9.2885,9.4104,2026-07-08
2026-07-10,1504.2,9.2655,9.2885,2026-07-09
2026-07-13,1507.1,9.3008,9.2655,2026-07-10
2026-07-14,1504.9,9.2652,9.3008,2026-07-13
2026-07-15,1492.2,9.1983,9.2652,2026-07-14
2026-07-16,1488.8,9.1836,9.1983,2026-07-15
2026-07-20,1484.3,9.1327,9.1836,2026-07-16
2026-07-21,1482.0,9.12,9.1327,2026-07-20
2026-07-22,1475.6,9.0411,9.12,2026-07-21
2026-07-23,1480.9,9.0783,9.0411,2026-07-22
2026-07-24,1469.4,8.968200000000001,9.0783,2026-07-23
2026-07-27,1466.3,8.9581,8.968200000000001,2026-07-24
2026-07-28,1465.4,8.950099999999999,8.9581,2026-07-27
2026-07-29,1466.2,8.947899999999999,8.950099999999999,2026-07-28
2026-07-30,1450.1,8.879199999999999,8.947899999999999,2026-07-29
