available_at_et,unit,availability_rule,release_regime,broad_usd_index,h10_release_date,safe_from_krw_date,series_id,broad_usd_observation_date,frequency,available_at_kst,exclusion_reason
,Index Jan 2006=100,first official H.10 release after observation week; usable from calendar day after KST release date,pre-2009 daily-update availability not implemented,101.4155,,,DTWEXBGS,2006-01-02,Daily,,release_availability_unresolved
,Index Jan 2006=100,first official H.10 release after observation week; usable from calendar day after KST release date,pre-2009 daily-update availability not implemented,100.7558,,,DTWEXBGS,2006-01-03,Daily,,release_availability_unresolved
,Index Jan 2006=100,first official H.10 release after observation week; usable from calendar day after KST release date,pre-2009 daily-update availability not implemented,100.2288,,,DTWEXBGS,2006-01-04,Daily,,release_availability_unresolved
,Index Jan 2006=100,first official H.10 release after observation week; usable from calendar day after KST release date,pre-2009 daily-update availability not implemented,100.2992,,,DTWEXBGS,2006-01-05,Daily,,release_availability_unresolved
,Index Jan 2006=100,first official H.10 release after observation week; usable from calendar day after KST release date,pre-2009 daily-update availability not implemented,100.0241,,,DTWEXBGS,2006-01-06,Daily,,release_availability_unresolved
,Index Jan 2006=100,first official H.10 release after observation week; usable from calendar day after KST release date,pre-2009 daily-update availability not implemented,100.1794,,,DTWEXBGS,2006-01-09,Daily,,release_availability_unresolved
,Index Jan 2006=100,first official H.10 release after observation week; usable from calendar day after KST release date,pre-2009 daily-update availability not implemented,100.1436,,,DTWEXBGS,2006-01-10,Daily,,release_availability_unresolved
,Index Jan 2006=100,first official H.10 release after observation week; usable from calendar day after KST release date,pre-2009 daily-update availability not implemented,99.871,,,DTWEXBGS,2006-01-11,Daily,,release_availability_unresolved
,Index Jan 2006=100,first official H.10 release after observation week; usable from calendar day after KST release date,pre-2009 daily-update availability not implemented,100.0643,,,DTWEXBGS,2006-01-12,Daily,,release_availability_unresolved
,Index Jan 2006=100,first official H.10 release after observation week; usable from calendar day after KST release date,pre-2009 daily-update availability not implemented,99.9675,,,DTWEXBGS,2006-01-13,Daily,,release_availability_unresolved
,Index Jan 2006=100,first official H.10 release after observation week; usable from calendar day after KST release date,pre-2009 daily-update availability not implemented,99.9715,,,DTWEXBGS,2006-01-16,Daily,,release_availability_unresolved
,Index Jan 2006=100,first official H.10 release after observation week; usable from calendar day after KST release date,pre-2009 daily-update availability not implemented,100.2447,,,DTWEXBGS,2006-01-17,Daily,,release_availability_unresolved
,Index Jan 2006=100,first official H.10 release after observation week; usable from calendar day after KST release date,pre-2009 daily-update availability not implemented,100.4085,,,DTWEXBGS,2006-01-18,Daily,,release_availability_unresolved
,Index Jan 2006=100,first official H.10 release after observation week; usable from calendar day after KST release date,pre-2009 daily-update availability not implemented,100.1862,,,DTWEXBGS,2006-01-19,Daily,,release_availability_unresolved
,Index Jan 2006=100,first official H.10 release after observation week; usable from calendar day after KST release date,pre-2009 daily-update availability not implemented,99.9017,,,DTWEXBGS,2006-01-20,Daily,,release_availability_unresolved
,Index Jan 2006=100,first official H.10 release after observation week; usable from calendar day after KST release date,pre-2009 daily-update availability not implemented,99.3783,,,DTWEXBGS,2006-01-23,Daily,,release_availability_unresolved
,Index Jan 2006=100,first official H.10 release after observation week; usable from calendar day after KST release date,pre-2009 daily-update availability not implemented,99.3434,,,DTWEXBGS,2006-01-24,Daily,,release_availability_unresolved
,Index Jan 2006=100,first official H.10 release after observation week; usable from calendar day after KST release date,pre-2009 daily-update availability not implemented,99.348,,,DTWEXBGS,2006-01-25,Daily,,release_availability_unresolved
,Index Jan 2006=100,first official H.10 release after observation week; usable from calendar day after KST release date,pre-2009 daily-update availability not implemented,99.4798,,,DTWEXBGS,2006-01-26,Daily,,release_availability_unresolved
,Index Jan 2006=100,first official H.10 release after observation week; usable from calendar day after KST release date,pre-2009 daily-update availability not implemented,99.6433,,,DTWEXBGS,2006-01-27,Daily,,release_availability_unresolved
,Index Jan 2006=100,first official H.10 release after observation week; usable from calendar day after KST release date,pre-2009 daily-update availability not implemented,99.7144,,,DTWEXBGS,2006-01-30,Daily,,release_availability_unresolved
,Index Jan 2006=100,first official H.10 release after observation week; usable from calendar day after KST release date,pre-2009 daily-update availability not implemented,99.4311,,,DTWEXBGS,2006-01-31,Daily,,release_availability_unresolved
,Index Jan 2006=100,first official H.10 release after observation week; usable from calendar day after KST release date,pre-2009 daily-update availability not implemented,99.6132,,,DTWEXBGS,2006-02-01,Daily,,release_availability_unresolved
,Index Jan 2006=100,first official H.10 release after observation week; usable from calendar day after KST release date,pre-2009 daily-update availability not implemented,99.7916,,,DTWEXBGS,2006-02-02,Daily,,release_availability_unresolved
,Index Jan 2006=100,first official H.10 release after observation week; usable from calendar day after KST release date,pre-2009 daily-update availability not implemented,100.118,,,DTWEXBGS,2006-02-03,Daily,,release_availability_unresolved
,Index Jan 2006=100,first official H.10 release after observation week; usable from calendar day after KST release date,pre-2009 daily-update availability not implemented,100.1372,,,DTWEXBGS,2006-02-06,Daily,,release_availability_unresolved
,Index Jan 2006=100,first official H.10 release after observation week; usable from calendar day after KST release date,pre-2009 daily-update availability not implemented,100.1759,,,DTWEXBGS,2006-02-07,Daily,,release_availability_unresolved
,Index Jan 2006=100,first official H.10 release after observation week; usable from calendar day after KST release date,pre-2009 daily-update availability not implemented,100.4879,,,DTWEXBGS,2006-02-08,Daily,,release_availability_unresolved
,Index Jan 2006=100,first official H.10 release after observation week; usable from calendar day after KST release date,pre-2009 daily-update availability not implemented,100.2117,,,DTWEXBGS,2006-02-09,Daily,,release_availability_unresolved
,Index Jan 2006=100,first official H.10 release after observation week; usable from calendar day after KST release date,pre-2009 daily-update availability not implemented,100.322,,,DTWEXBGS,2006-02-10,Daily,,release_availability_unresolved
,Index Jan 2006=100,first official H.10 release after observation week; usable from calendar day after KST release date,pre-2009 daily-update availability not implemented,100.3955,,,DTWEXBGS,2006-02-13,Daily,,release_availability_unresolved
,Index Jan 2006=100,first official H.10 release after observation week; usable from calendar day after KST release date,pre-2009 daily-update availability not implemented,100.3987,,,DTWEXBGS,2006-02-14,Daily,,release_availability_unresolved
,Index Jan 2006=100,first official H.10 release after observation week; usable from calendar day after KST release date,pre-2009 daily-update availability not implemented,100.4489,,,DTWEXBGS,2006-02-15,Daily,,release_availability_unresolved
,Index Jan 2006=100,first official H.10 release after observation week; usable from calendar day after KST release date,pre-2009 daily-update availability not implemented,100.5183,,,DTWEXBGS,2006-02-16,Daily,,release_availability_unresolved
,Index Jan 2006=100,first official H.10 release after observation week; usable from calendar day after KST release date,pre-2009 daily-update availability not implemented,100.3404,,,DTWEXBGS,2006-02-17,Daily,,release_availability_unresolved
,Index Jan 2006=100,first official H.10 release after observation week; usable from calendar day after KST release date,pre-2009 daily-update availability not implemented,100.3447,,,DTWEXBGS,2006-02-20,Daily,,release_availability_unresolved
,Index Jan 2006=100,first official H.10 release after observation week; usable from calendar day after KST release date,pre-2009 daily-update availability not implemented,100.2346,,,DTWEXBGS,2006-02-21,Daily,,release_availability_unresolved
,Index Jan 2006=100,first official H.10 release after observation week; usable from calendar day after KST release date,pre-2009 daily-update availability not implemented,100.3879,,,DTWEXBGS,2006-02-22,Daily,,release_availability_unresolved
,Index Jan 2006=100,first official H.10 release after observation week; usable from calendar day after KST release date,pre-2009 daily-update availability not implemented,100.1956,,,DTWEXBGS,2006-02-23,Daily,,release_availability_unresolved
,Index Jan 2006=100,first official H.10 release after observation week; usable from calendar day after KST release date,pre-2009 daily-update availability not implemented,100.2594,,,DTWEXBGS,2006-02-24,Daily,,release_availability_unresolved
,Index Jan 2006=100,first official H.10 release after observation week; usable from calendar day after KST release date,pre-2009 daily-update availability not implemented,100.0724,,,DTWEXBGS,2006-02-27,Daily,,release_availability_unresolved
,Index Jan 2006=100,first official H.10 release after observation week; usable from calendar day after KST release date,pre-2009 daily-update availability not implemented,99.7695,,,DTWEXBGS,2006-02-28,Daily,,release_availability_unresolved
,Index Jan 2006=100,first official H.10 release after observation week; usable from calendar day after KST release date,pre-2009 daily-update availability not implemented,99.8355,,,DTWEXBGS,2006-03-01,Daily,,release_availability_unresolved
,Index Jan 2006=100,first official H.10 release after observation week; usable from calendar day after KST release date,pre-2009 daily-update availability not implemented,99.5969,,,DTWEXBGS,2006-03-02,Daily,,release_availability_unresolved
,Index Jan 2006=100,first official H.10 release after observation week; usable from calendar day after KST release date,pre-2009 daily-update availability not implemented,99.7024,,,DTWEXBGS,2006-03-03,Daily,,release_availability_unresolved
,Index Jan 2006=100,first official H.10 release after observation week; usable from calendar day after KST release date,pre-2009 daily-update availability not implemented,99.9834,,,DTWEXBGS,2006-03-06,Daily,,release_availability_unresolved
,Index Jan 2006=100,first official H.10 release after observation week; usable from calendar day after KST release date,pre-2009 daily-update availability not implemented,100.564,,,DTWEXBGS,2006-03-07,Daily,,release_availability_unresolved
,Index Jan 2006=100,first official H.10 release after observation week; usable from calendar day after KST release date,pre-2009 daily-update availability not implemented,100.8565,,,DTWEXBGS,2006-03-08,Daily,,release_availability_unresolved
,Index Jan 2006=100,first official H.10 release after observation week; usable from calendar day after KST release date,pre-2009 daily-update availability not implemented,100.7718,,,DTWEXBGS,2006-03-09,Daily,,release_availability_unresolved
,Index Jan 2006=100,first official H.10 release after observation week; usable from calendar day after KST release date,pre-2009 daily-update availability not implemented,100.9566,,,DTWEXBGS,2006-03-10,Daily,,release_availability_unresolved
,Index Jan 2006=100,first official H.10 release after observation week; usable from calendar day after KST release date,pre-2009 daily-update availability not implemented,100.8563,,,DTWEXBGS,2006-03-13,Daily,,release_availability_unresolved
,Index Jan 2006=100,first official H.10 release after observation week; usable from calendar day after KST release date,pre-2009 daily-update availability not implemented,100.312,,,DTWEXBGS,2006-03-14,Daily,,release_availability_unresolved
,Index Jan 2006=100,first official H.10 release after observation week; usable from calendar day after KST release date,pre-2009 daily-update availability not implemented,100.2121,,,DTWEXBGS,2006-03-15,Daily,,release_availability_unresolved
,Index Jan 2006=100,first official H.10 release after observation week; usable from calendar day after KST release date,pre-2009 daily-update availability not implemented,99.9049,,,DTWEXBGS,2006-03-16,Daily,,release_availability_unresolved
,Index Jan 2006=100,first official H.10 release after observation week; usable from calendar day after KST release date,pre-2009 daily-update availability not implemented,99.8614,,,DTWEXBGS,2006-03-17,Daily,,release_availability_unresolved
,Index Jan 2006=100,first official H.10 release after observation week; usable from calendar day after KST release date,pre-2009 daily-update availability not implemented,100.0491,,,DTWEXBGS,2006-03-20,Daily,,release_availability_unresolved
,Index Jan 2006=100,first official H.10 release after observation week; usable from calendar day after KST release date,pre-2009 daily-update availability not implemented,100.4716,,,DTWEXBGS,2006-03-21,Daily,,release_availability_unresolved
,Index Jan 2006=100,first official H.10 release after observation week; usable from calendar day after KST release date,pre-2009 daily-update availability not implemented,100.496,,,DTWEXBGS,2006-03-22,Daily,,release_availability_unresolved
,Index Jan 2006=100,first official H.10 release after observation week; usable from calendar day after KST release date,pre-2009 daily-update availability not implemented,100.8256,,,DTWEXBGS,2006-03-23,Daily,,release_availability_unresolved
,Index Jan 2006=100,first official H.10 release after observation week; usable from calendar day after KST release date,pre-2009 daily-update availability not implemented,100.7773,,,DTWEXBGS,2006-03-24,Daily,,release_availability_unresolved
,Index Jan 2006=100,first official H.10 release after observation week; usable from calendar day after KST release date,pre-2009 daily-update availability not implemented,100.8359,,,DTWEXBGS,2006-03-27,Daily,,release_availability_unresolved
,Index Jan 2006=100,first official H.10 release after observation week; usable from calendar day after KST release date,pre-2009 daily-update availability not implemented,100.7995,,,DTWEXBGS,2006-03-28,Daily,,release_availability_unresolved
,Index Jan 2006=100,first official H.10 release after observation week; usable from calendar day after KST release date,pre-2009 daily-update availability not implemented,101.0474,,,DTWEXBGS,2006-03-29,Daily,,release_availability_unresolved
,Index Jan 2006=100,first official H.10 release after observation week; usable from calendar day after KST release date,pre-2009 daily-update availability not implemented,100.5698,,,DTWEXBGS,2006-03-30,Daily,,release_availability_unresolved
,Index Jan 2006=100,first official H.10 release after observation week; usable from calendar day after KST release date,pre-2009 daily-update availability not implemented,100.56,,,DTWEXBGS,2006-03-31,Daily,,release_availability_unresolved
,Index Jan 2006=100,first official H.10 release after observation week; usable from calendar day after KST release date,pre-2009 daily-update availability not implemented,100.6204,,,DTWEXBGS,2006-04-03,Daily,,release_availability_unresolved
,Index Jan 2006=100,first official H.10 release after observation week; usable from calendar day after KST release date,pre-2009 daily-update availability not implemented,100.1319,,,DTWEXBGS,2006-04-04,Daily,,release_availability_unresolved
,Index Jan 2006=100,first official H.10 release after observation week; usable from calendar day after KST release date,pre-2009 daily-update availability not implemented,100.0792,,,DTWEXBGS,2006-04-05,Daily,,release_availability_unresolved
,Index Jan 2006=100,first official H.10 release after observation week; usable from calendar day after KST release date,pre-2009 daily-update availability not implemented,100.1578,,,DTWEXBGS,2006-04-06,Daily,,release_availability_unresolved
,Index Jan 2006=100,first official H.10 release after observation week; usable from calendar day after KST release date,pre-2009 daily-update availability not implemented,100.4187,,,DTWEXBGS,2006-04-07,Daily,,release_availability_unresolved
,Index Jan 2006=100,first official H.10 release after observation week; usable from calendar day after KST release date,pre-2009 daily-update availability not implemented,100.4091,,,DTWEXBGS,2006-04-10,Daily,,release_availability_unresolved
,Index Jan 2006=100,first official H.10 release after observation week; usable from calendar day after KST release date,pre-2009 daily-update availability not implemented,100.2903,,,DTWEXBGS,2006-04-11,Daily,,release_availability_unresolved
,Index Jan 2006=100,first official H.10 release after observation week; usable from calendar day after KST release date,pre-2009 daily-update availability not implemented,100.3589,,,DTWEXBGS,2006-04-12,Daily,,release_availability_unresolved
,Index Jan 2006=100,first official H.10 release after observation week; usable from calendar day after KST release date,pre-2009 daily-update availability not implemented,100.4759,,,DTWEXBGS,2006-04-13,Daily,,release_availability_unresolved
,Index Jan 2006=100,first official H.10 release after observation week; usable from calendar day after KST release date,pre-2009 daily-update availability not implemented,100.4697,,,DTWEXBGS,2006-04-14,Daily,,release_availability_unresolved
,Index Jan 2006=100,first official H.10 release after observation week; usable from calendar day after KST release date,pre-2009 daily-update availability not implemented,99.8719,,,DTWEXBGS,2006-04-17,Daily,,release_availability_unresolved
,Index Jan 2006=100,first official H.10 release after observation week; usable from calendar day after KST release date,pre-2009 daily-update availability not implemented,99.6747,,,DTWEXBGS,2006-04-18,Daily,,release_availability_unresolved
,Index Jan 2006=100,first official H.10 release after observation week; usable from calendar day after KST release date,pre-2009 daily-update availability not implemented,99.3467,,,DTWEXBGS,2006-04-19,Daily,,release_availability_unresolved
,Index Jan 2006=100,first official H.10 release after observation week; usable from calendar day after KST release date,pre-2009 daily-update availability not implemented,99.4974,,,DTWEXBGS,2006-04-20,Daily,,release_availability_unresolved
,Index Jan 2006=100,first official H.10 release after observation week; usable from calendar day after KST release date,pre-2009 daily-update availability not implemented,99.4345,,,DTWEXBGS,2006-04-21,Daily,,release_availability_unresolved
,Index Jan 2006=100,first official H.10 release after observation week; usable from calendar day after KST release date,pre-2009 daily-update availability not implemented,99.117,,,DTWEXBGS,2006-04-24,Daily,,release_availability_unresolved
,Index Jan 2006=100,first official H.10 release after observation week; usable from calendar day after KST release date,pre-2009 daily-update availability not implemented,98.9687,,,DTWEXBGS,2006-04-25,Daily,,release_availability_unresolved
,Index Jan 2006=100,first official H.10 release after observation week; usable from calendar day after KST release date,pre-2009 daily-update availability not implemented,98.8907,,,DTWEXBGS,2006-04-26,Daily,,release_availability_unresolved
,Index Jan 2006=100,first official H.10 release after observation week; usable from calendar day after KST release date,pre-2009 daily-update availability not implemented,98.5149,,,DTWEXBGS,2006-04-27,Daily,,release_availability_unresolved
,Index Jan 2006=100,first official H.10 release after observation week; usable from calendar day after KST release date,pre-2009 daily-update availability not implemented,98.1412,,,DTWEXBGS,2006-04-28,Daily,,release_availability_unresolved
,Index Jan 2006=100,first official H.10 release after observation week; usable from calendar day after KST release date,pre-2009 daily-update availability not implemented,97.9085,,,DTWEXBGS,2006-05-01,Daily,,release_availability_unresolved
,Index Jan 2006=100,first official H.10 release after observation week; usable from calendar day after KST release date,pre-2009 daily-update availability not implemented,97.6571,,,DTWEXBGS,2006-05-02,Daily,,release_availability_unresolved
,Index Jan 2006=100,first official H.10 release after observation week; usable from calendar day after KST release date,pre-2009 daily-update availability not implemented,97.5572,,,DTWEXBGS,2006-05-03,Daily,,release_availability_unresolved
,Index Jan 2006=100,first official H.10 release after observation week; usable from calendar day after KST release date,pre-2009 daily-update availability not implemented,97.4878,,,DTWEXBGS,2006-05-04,Daily,,release_availability_unresolved
,Index Jan 2006=100,first official H.10 release after observation week; usable from calendar day after KST release date,pre-2009 daily-update availability not implemented,97.2585,,,DTWEXBGS,2006-05-05,Daily,,release_availability_unresolved
,Index Jan 2006=100,first official H.10 release after observation week; usable from calendar day after KST release date,pre-2009 daily-update availability not implemented,97.1945,,,DTWEXBGS,2006-05-08,Daily,,release_availability_unresolved
,Index Jan 2006=100,first official H.10 release after observation week; usable from calendar day after KST release date,pre-2009 daily-update availability not implemented,96.9578,,,DTWEXBGS,2006-05-09,Daily,,release_availability_unresolved
,Index Jan 2006=100,first official H.10 release after observation week; usable from calendar day after KST release date,pre-2009 daily-update availability not implemented,96.6391,,,DTWEXBGS,2006-05-10,Daily,,release_availability_unresolved
,Index Jan 2006=100,first official H.10 release after observation week; usable from calendar day after KST release date,pre-2009 daily-update availability not implemented,96.5383,,,DTWEXBGS,2006-05-11,Daily,,release_availability_unresolved
,Index Jan 2006=100,first official H.10 release after observation week; usable from calendar day after KST release date,pre-2009 daily-update availability not implemented,96.8788,,,DTWEXBGS,2006-05-12,Daily,,release_availability_unresolved
,Index Jan 2006=100,first official H.10 release after observation week; usable from calendar day after KST release date,pre-2009 daily-update availability not implemented,97.3588,,,DTWEXBGS,2006-05-15,Daily,,release_availability_unresolved
,Index Jan 2006=100,first official H.10 release after observation week; usable from calendar day after KST release date,pre-2009 daily-update availability not implemented,97.1959,,,DTWEXBGS,2006-05-16,Daily,,release_availability_unresolved
,Index Jan 2006=100,first official H.10 release after observation week; usable from calendar day after KST release date,pre-2009 daily-update availability not implemented,97.4725,,,DTWEXBGS,2006-05-17,Daily,,release_availability_unresolved
,Index Jan 2006=100,first official H.10 release after observation week; usable from calendar day after KST release date,pre-2009 daily-update availability not implemented,97.7033,,,DTWEXBGS,2006-05-18,Daily,,release_availability_unresolved
,Index Jan 2006=100,first official H.10 release after observation week; usable from calendar day after KST release date,pre-2009 daily-update availability not implemented,97.933,,,DTWEXBGS,2006-05-19,Daily,,release_availability_unresolved
,Index Jan 2006=100,first official H.10 release after observation week; usable from calendar day after KST release date,pre-2009 daily-update availability not implemented,97.9377,,,DTWEXBGS,2006-05-22,Daily,,release_availability_unresolved
,Index Jan 2006=100,first official H.10 release after observation week; usable from calendar day after KST release date,pre-2009 daily-update availability not implemented,97.7045,,,DTWEXBGS,2006-05-23,Daily,,release_availability_unresolved
,Index Jan 2006=100,first official H.10 release after observation week; usable from calendar day after KST release date,pre-2009 daily-update availability not implemented,98.3936,,,DTWEXBGS,2006-05-24,Daily,,release_availability_unresolved
,Index Jan 2006=100,first official H.10 release after observation week; usable from calendar day after KST release date,pre-2009 daily-update availability not implemented,97.8423,,,DTWEXBGS,2006-05-25,Daily,,release_availability_unresolved
,Index Jan 2006=100,first official H.10 release after observation week; usable from calendar day after KST release date,pre-2009 daily-update availability not implemented,97.8995,,,DTWEXBGS,2006-05-26,Daily,,release_availability_unresolved
,Index Jan 2006=100,first official H.10 release after observation week; usable from calendar day after KST release date,pre-2009 daily-update availability not implemented,97.8936,,,DTWEXBGS,2006-05-29,Daily,,release_availability_unresolved
,Index Jan 2006=100,first official H.10 release after observation week; usable from calendar day after KST release date,pre-2009 daily-update availability not implemented,97.588,,,DTWEXBGS,2006-05-30,Daily,,release_availability_unresolved
,Index Jan 2006=100,first official H.10 release after observation week; usable from calendar day after KST release date,pre-2009 daily-update availability not implemented,97.7705,,,DTWEXBGS,2006-05-31,Daily,,release_availability_unresolved
,Index Jan 2006=100,first official H.10 release after observation week; usable from calendar day after KST release date,pre-2009 daily-update availability not implemented,97.7726,,,DTWEXBGS,2006-06-01,Daily,,release_availability_unresolved
,Index Jan 2006=100,first official H.10 release after observation week; usable from calendar day after KST release date,pre-2009 daily-update availability not implemented,97.5544,,,DTWEXBGS,2006-06-02,Daily,,release_availability_unresolved
,Index Jan 2006=100,first official H.10 release after observation week; usable from calendar day after KST release date,pre-2009 daily-update availability not implemented,97.3681,,,DTWEXBGS,2006-06-05,Daily,,release_availability_unresolved
,Index Jan 2006=100,first official H.10 release after observation week; usable from calendar day after KST release date,pre-2009 daily-update availability not implemented,98.1449,,,DTWEXBGS,2006-06-06,Daily,,release_availability_unresolved
,Index Jan 2006=100,first official H.10 release after observation week; usable from calendar day after KST release date,pre-2009 daily-update availability not implemented,98.1641,,,DTWEXBGS,2006-06-07,Daily,,release_availability_unresolved
,Index Jan 2006=100,first official H.10 release after observation week; usable from calendar day after KST release date,pre-2009 daily-update availability not implemented,98.9313,,,DTWEXBGS,2006-06-08,Daily,,release_availability_unresolved
,Index Jan 2006=100,first official H.10 release after observation week; usable from calendar day after KST release date,pre-2009 daily-update availability not implemented,98.5471,,,DTWEXBGS,2006-06-09,Daily,,release_availability_unresolved
,Index Jan 2006=100,first official H.10 release after observation week; usable from calendar day after KST release date,pre-2009 daily-update availability not implemented,98.5494,,,DTWEXBGS,2006-06-12,Daily,,release_availability_unresolved
,Index Jan 2006=100,first official H.10 release after observation week; usable from calendar day after KST release date,pre-2009 daily-update availability not implemented,98.9201,,,DTWEXBGS,2006-06-13,Daily,,release_availability_unresolved
,Index Jan 2006=100,first official H.10 release after observation week; usable from calendar day after KST release date,pre-2009 daily-update availability not implemented,98.8338,,,DTWEXBGS,2006-06-14,Daily,,release_availability_unresolved
,Index Jan 2006=100,first official H.10 release after observation week; usable from calendar day after KST release date,pre-2009 daily-update availability not implemented,98.8846,,,DTWEXBGS,2006-06-15,Daily,,release_availability_unresolved
,Index Jan 2006=100,first official H.10 release after observation week; usable from calendar day after KST release date,pre-2009 daily-update availability not implemented,98.9127,,,DTWEXBGS,2006-06-16,Daily,,release_availability_unresolved
,Index Jan 2006=100,first official H.10 release after observation week; usable from calendar day after KST release date,pre-2009 daily-update availability not implemented,99.145,,,DTWEXBGS,2006-06-19,Daily,,release_availability_unresolved
,Index Jan 2006=100,first official H.10 release after observation week; usable from calendar day after KST release date,pre-2009 daily-update availability not implemented,99.0117,,,DTWEXBGS,2006-06-20,Daily,,release_availability_unresolved
,Index Jan 2006=100,first official H.10 release after observation week; usable from calendar day after KST release date,pre-2009 daily-update availability not implemented,98.5544,,,DTWEXBGS,2006-06-21,Daily,,release_availability_unresolved
,Index Jan 2006=100,first official H.10 release after observation week; usable from calendar day after KST release date,pre-2009 daily-update availability not implemented,99.0856,,,DTWEXBGS,2006-06-22,Daily,,release_availability_unresolved
,Index Jan 2006=100,first official H.10 release after observation week; usable from calendar day after KST release date,pre-2009 daily-update availability not implemented,99.4216,,,DTWEXBGS,2006-06-23,Daily,,release_availability_unresolved
,Index Jan 2006=100,first official H.10 release after observation week; usable from calendar day after KST release date,pre-2009 daily-update availability not implemented,99.3634,,,DTWEXBGS,2006-06-26,Daily,,release_availability_unresolved
,Index Jan 2006=100,first official H.10 release after observation week; usable from calendar day after KST release date,pre-2009 daily-update availability not implemented,99.219,,,DTWEXBGS,2006-06-27,Daily,,release_availability_unresolved
,Index Jan 2006=100,first official H.10 release after observation week; usable from calendar day after KST release date,pre-2009 daily-update availability not implemented,99.392,,,DTWEXBGS,2006-06-28,Daily,,release_availability_unresolved
,Index Jan 2006=100,first official H.10 release after observation week; usable from calendar day after KST release date,pre-2009 daily-update availability not implemented,99.2158,,,DTWEXBGS,2006-06-29,Daily,,release_availability_unresolved
,Index Jan 2006=100,first official H.10 release after observation week; usable from calendar day after KST release date,pre-2009 daily-update availability not implemented,98.2483,,,DTWEXBGS,2006-06-30,Daily,,release_availability_unresolved
,Index Jan 2006=100,first official H.10 release after observation week; usable from calendar day after KST release date,pre-2009 daily-update availability not implemented,98.0371,,,DTWEXBGS,2006-07-03,Daily,,release_availability_unresolved
,Index Jan 2006=100,first official H.10 release after observation week; usable from calendar day after KST release date,pre-2009 daily-update availability not implemented,98.0221,,,DTWEXBGS,2006-07-04,Daily,,release_availability_unresolved
,Index Jan 2006=100,first official H.10 release after observation week; usable from calendar day after KST release date,pre-2009 daily-update availability not implemented,98.308,,,DTWEXBGS,2006-07-05,Daily,,release_availability_unresolved
,Index Jan 2006=100,first official H.10 release after observation week; usable from calendar day after KST release date,pre-2009 daily-update availability not implemented,98.138,,,DTWEXBGS,2006-07-06,Daily,,release_availability_unresolved
,Index Jan 2006=100,first official H.10 release after observation week; usable from calendar day after KST release date,pre-2009 daily-update availability not implemented,97.7508,,,DTWEXBGS,2006-07-07,Daily,,release_availability_unresolved
,Index Jan 2006=100,first official H.10 release after observation week; usable from calendar day after KST release date,pre-2009 daily-update availability not implemented,97.9813,,,DTWEXBGS,2006-07-10,Daily,,release_availability_unresolved
,Index Jan 2006=100,first official H.10 release after observation week; usable from calendar day after KST release date,pre-2009 daily-update availability not implemented,98.2132,,,DTWEXBGS,2006-07-11,Daily,,release_availability_unresolved
,Index Jan 2006=100,first official H.10 release after observation week; usable from calendar day after KST release date,pre-2009 daily-update availability not implemented,98.5202,,,DTWEXBGS,2006-07-12,Daily,,release_availability_unresolved
,Index Jan 2006=100,first official H.10 release after observation week; usable from calendar day after KST release date,pre-2009 daily-update availability not implemented,98.5583,,,DTWEXBGS,2006-07-13,Daily,,release_availability_unresolved
,Index Jan 2006=100,first official H.10 release after observation week; usable from calendar day after KST release date,pre-2009 daily-update availability not implemented,98.6814,,,DTWEXBGS,2006-07-14,Daily,,release_availability_unresolved
,Index Jan 2006=100,first official H.10 release after observation week; usable from calendar day after KST release date,pre-2009 daily-update availability not implemented,99.0767,,,DTWEXBGS,2006-07-17,Daily,,release_availability_unresolved
,Index Jan 2006=100,first official H.10 release after observation week; usable from calendar day after KST release date,pre-2009 daily-update availability not implemented,99.1341,,,DTWEXBGS,2006-07-18,Daily,,release_availability_unresolved
,Index Jan 2006=100,first official H.10 release after observation week; usable from calendar day after KST release date,pre-2009 daily-update availability not implemented,98.9262,,,DTWEXBGS,2006-07-19,Daily,,release_availability_unresolved
,Index Jan 2006=100,first official H.10 release after observation week; usable from calendar day after KST release date,pre-2009 daily-update availability not implemented,98.6014,,,DTWEXBGS,2006-07-20,Daily,,release_availability_unresolved
,Index Jan 2006=100,first official H.10 release after observation week; usable from calendar day after KST release date,pre-2009 daily-update availability not implemented,98.5221,,,DTWEXBGS,2006-07-21,Daily,,release_availability_unresolved
,Index Jan 2006=100,first official H.10 release after observation week; usable from calendar day after KST release date,pre-2009 daily-update availability not implemented,98.7795,,,DTWEXBGS,2006-07-24,Daily,,release_availability_unresolved
,Index Jan 2006=100,first official H.10 release after observation week; usable from calendar day after KST release date,pre-2009 daily-update availability not implemented,98.9388,,,DTWEXBGS,2006-07-25,Daily,,release_availability_unresolved
,Index Jan 2006=100,first official H.10 release after observation week; usable from calendar day after KST release date,pre-2009 daily-update availability not implemented,98.742,,,DTWEXBGS,2006-07-26,Daily,,release_availability_unresolved
,Index Jan 2006=100,first official H.10 release after observation week; usable from calendar day after KST release date,pre-2009 daily-update availability not implemented,98.2283,,,DTWEXBGS,2006-07-27,Daily,,release_availability_unresolved
,Index Jan 2006=100,first official H.10 release after observation week; usable from calendar day after KST release date,pre-2009 daily-update availability not implemented,98.0539,,,DTWEXBGS,2006-07-28,Daily,,release_availability_unresolved
,Index Jan 2006=100,first official H.10 release after observation week; usable from calendar day after KST release date,pre-2009 daily-update availability not implemented,97.9996,,,DTWEXBGS,2006-07-31,Daily,,release_availability_unresolved
,Index Jan 2006=100,first official H.10 release after observation week; usable from calendar day after KST release date,pre-2009 daily-update availability not implemented,98.1715,,,DTWEXBGS,2006-08-01,Daily,,release_availability_unresolved
,Index Jan 2006=100,first official H.10 release after observation week; usable from calendar day after KST release date,pre-2009 daily-update availability not implemented,97.9432,,,DTWEXBGS,2006-08-02,Daily,,release_availability_unresolved
,Index Jan 2006=100,first official H.10 release after observation week; usable from calendar day after KST release date,pre-2009 daily-update availability not implemented,98.0694,,,DTWEXBGS,2006-08-03,Daily,,release_availability_unresolved
,Index Jan 2006=100,first official H.10 release after observation week; usable from calendar day after KST release date,pre-2009 daily-update availability not implemented,97.6005,,,DTWEXBGS,2006-08-04,Daily,,release_availability_unresolved
,Index Jan 2006=100,first official H.10 release after observation week; usable from calendar day after KST release date,pre-2009 daily-update availability not implemented,97.5088,,,DTWEXBGS,2006-08-07,Daily,,release_availability_unresolved
,Index Jan 2006=100,first official H.10 release after observation week; usable from calendar day after KST release date,pre-2009 daily-update availability not implemented,97.6524,,,DTWEXBGS,2006-08-08,Daily,,release_availability_unresolved
,Index Jan 2006=100,first official H.10 release after observation week; usable from calendar day after KST release date,pre-2009 daily-update availability not implemented,97.4402,,,DTWEXBGS,2006-08-09,Daily,,release_availability_unresolved
,Index Jan 2006=100,first official H.10 release after observation week; usable from calendar day after KST release date,pre-2009 daily-update availability not implemented,97.8887,,,DTWEXBGS,2006-08-10,Daily,,release_availability_unresolved
,Index Jan 2006=100,first official H.10 release after observation week; usable from calendar day after KST release date,pre-2009 daily-update availability not implemented,97.7863,,,DTWEXBGS,2006-08-11,Daily,,release_availability_unresolved
,Index Jan 2006=100,first official H.10 release after observation week; usable from calendar day after KST release date,pre-2009 daily-update availability not implemented,97.9677,,,DTWEXBGS,2006-08-14,Daily,,release_availability_unresolved
,Index Jan 2006=100,first official H.10 release after observation week; usable from calendar day after KST release date,pre-2009 daily-update availability not implemented,97.8043,,,DTWEXBGS,2006-08-15,Daily,,release_availability_unresolved
,Index Jan 2006=100,first official H.10 release after observation week; usable from calendar day after KST release date,pre-2009 daily-update availability not implemented,97.3894,,,DTWEXBGS,2006-08-16,Daily,,release_availability_unresolved
,Index Jan 2006=100,first official H.10 release after observation week; usable from calendar day after KST release date,pre-2009 daily-update availability not implemented,97.3486,,,DTWEXBGS,2006-08-17,Daily,,release_availability_unresolved
,Index Jan 2006=100,first official H.10 release after observation week; usable from calendar day after KST release date,pre-2009 daily-update availability not implemented,97.7577,,,DTWEXBGS,2006-08-18,Daily,,release_availability_unresolved
,Index Jan 2006=100,first official H.10 release after observation week; usable from calendar day after KST release date,pre-2009 daily-update availability not implemented,97.3856,,,DTWEXBGS,2006-08-21,Daily,,release_availability_unresolved
,Index Jan 2006=100,first official H.10 release after observation week; usable from calendar day after KST release date,pre-2009 daily-update availability not implemented,97.6079,,,DTWEXBGS,2006-08-22,Daily,,release_availability_unresolved
,Index Jan 2006=100,first official H.10 release after observation week; usable from calendar day after KST release date,pre-2009 daily-update availability not implemented,97.5731,,,DTWEXBGS,2006-08-23,Daily,,release_availability_unresolved
,Index Jan 2006=100,first official H.10 release after observation week; usable from calendar day after KST release date,pre-2009 daily-update availability not implemented,97.7939,,,DTWEXBGS,2006-08-24,Daily,,release_availability_unresolved
,Index Jan 2006=100,first official H.10 release after observation week; usable from calendar day after KST release date,pre-2009 daily-update availability not implemented,97.8827,,,DTWEXBGS,2006-08-25,Daily,,release_availability_unresolved
,Index Jan 2006=100,first official H.10 release after observation week; usable from calendar day after KST release date,pre-2009 daily-update availability not implemented,97.8467,,,DTWEXBGS,2006-08-28,Daily,,release_availability_unresolved
,Index Jan 2006=100,first official H.10 release after observation week; usable from calendar day after KST release date,pre-2009 daily-update availability not implemented,97.7748,,,DTWEXBGS,2006-08-29,Daily,,release_availability_unresolved
,Index Jan 2006=100,first official H.10 release after observation week; usable from calendar day after KST release date,pre-2009 daily-update availability not implemented,97.5792,,,DTWEXBGS,2006-08-30,Daily,,release_availability_unresolved
,Index Jan 2006=100,first official H.10 release after observation week; usable from calendar day after KST release date,pre-2009 daily-update availability not implemented,97.644,,,DTWEXBGS,2006-08-31,Daily,,release_availability_unresolved
,Index Jan 2006=100,first official H.10 release after observation week; usable from calendar day after KST release date,pre-2009 daily-update availability not implemented,97.5084,,,DTWEXBGS,2006-09-01,Daily,,release_availability_unresolved
,Index Jan 2006=100,first official H.10 release after observation week; usable from calendar day after KST release date,pre-2009 daily-update availability not implemented,97.4981,,,DTWEXBGS,2006-09-04,Daily,,release_availability_unresolved
,Index Jan 2006=100,first official H.10 release after observation week; usable from calendar day after KST release date,pre-2009 daily-update availability not implemented,97.4392,,,DTWEXBGS,2006-09-05,Daily,,release_availability_unresolved
,Index Jan 2006=100,first official H.10 release after observation week; usable from calendar day after KST release date,pre-2009 daily-update availability not implemented,97.6087,,,DTWEXBGS,2006-09-06,Daily,,release_availability_unresolved
,Index Jan 2006=100,first official H.10 release after observation week; usable from calendar day after KST release date,pre-2009 daily-update availability not implemented,97.8108,,,DTWEXBGS,2006-09-07,Daily,,release_availability_unresolved
,Index Jan 2006=100,first official H.10 release after observation week; usable from calendar day after KST release date,pre-2009 daily-update availability not implemented,98.2119,,,DTWEXBGS,2006-09-08,Daily,,release_availability_unresolved
,Index Jan 2006=100,first official H.10 release after observation week; usable from calendar day after KST release date,pre-2009 daily-update availability not implemented,98.3845,,,DTWEXBGS,2006-09-11,Daily,,release_availability_unresolved
,Index Jan 2006=100,first official H.10 release after observation week; usable from calendar day after KST release date,pre-2009 daily-update availability not implemented,98.2781,,,DTWEXBGS,2006-09-12,Daily,,release_availability_unresolved
,Index Jan 2006=100,first official H.10 release after observation week; usable from calendar day after KST release date,pre-2009 daily-update availability not implemented,98.1775,,,DTWEXBGS,2006-09-13,Daily,,release_availability_unresolved
,Index Jan 2006=100,first official H.10 release after observation week; usable from calendar day after KST release date,pre-2009 daily-update availability not implemented,98.0088,,,DTWEXBGS,2006-09-14,Daily,,release_availability_unresolved
,Index Jan 2006=100,first official H.10 release after observation week; usable from calendar day after KST release date,pre-2009 daily-update availability not implemented,98.2104,,,DTWEXBGS,2006-09-15,Daily,,release_availability_unresolved
,Index Jan 2006=100,first official H.10 release after observation week; usable from calendar day after KST release date,pre-2009 daily-update availability not implemented,98.1332,,,DTWEXBGS,2006-09-18,Daily,,release_availability_unresolved
,Index Jan 2006=100,first official H.10 release after observation week; usable from calendar day after KST release date,pre-2009 daily-update availability not implemented,98.1703,,,DTWEXBGS,2006-09-19,Daily,,release_availability_unresolved
,Index Jan 2006=100,first official H.10 release after observation week; usable from calendar day after KST release date,pre-2009 daily-update availability not implemented,98.1556,,,DTWEXBGS,2006-09-20,Daily,,release_availability_unresolved
,Index Jan 2006=100,first official H.10 release after observation week; usable from calendar day after KST release date,pre-2009 daily-update availability not implemented,97.9458,,,DTWEXBGS,2006-09-21,Daily,,release_availability_unresolved
,Index Jan 2006=100,first official H.10 release after observation week; usable from calendar day after KST release date,pre-2009 daily-update availability not implemented,97.8667,,,DTWEXBGS,2006-09-22,Daily,,release_availability_unresolved
,Index Jan 2006=100,first official H.10 release after observation week; usable from calendar day after KST release date,pre-2009 daily-update availability not implemented,97.9909,,,DTWEXBGS,2006-09-25,Daily,,release_availability_unresolved
,Index Jan 2006=100,first official H.10 release after observation week; usable from calendar day after KST release date,pre-2009 daily-update availability not implemented,98.0555,,,DTWEXBGS,2006-09-26,Daily,,release_availability_unresolved
,Index Jan 2006=100,first official H.10 release after observation week; usable from calendar day after KST release date,pre-2009 daily-update availability not implemented,98.0107,,,DTWEXBGS,2006-09-27,Daily,,release_availability_unresolved
,Index Jan 2006=100,first official H.10 release after observation week; usable from calendar day after KST release date,pre-2009 daily-update availability not implemented,98.0381,,,DTWEXBGS,2006-09-28,Daily,,release_availability_unresolved
,Index Jan 2006=100,first official H.10 release after observation week; usable from calendar day after KST release date,pre-2009 daily-update availability not implemented,98.1054,,,DTWEXBGS,2006-09-29,Daily,,release_availability_unresolved
,Index Jan 2006=100,first official H.10 release after observation week; usable from calendar day after KST release date,pre-2009 daily-update availability not implemented,97.9247,,,DTWEXBGS,2006-10-02,Daily,,release_availability_unresolved
,Index Jan 2006=100,first official H.10 release after observation week; usable from calendar day after KST release date,pre-2009 daily-update availability not implemented,98.1267,,,DTWEXBGS,2006-10-03,Daily,,release_availability_unresolved
,Index Jan 2006=100,first official H.10 release after observation week; usable from calendar day after KST release date,pre-2009 daily-update availability not implemented,98.3682,,,DTWEXBGS,2006-10-04,Daily,,release_availability_unresolved
,Index Jan 2006=100,first official H.10 release after observation week; usable from calendar day after KST release date,pre-2009 daily-update availability not implemented,98.2776,,,DTWEXBGS,2006-10-05,Daily,,release_availability_unresolved
,Index Jan 2006=100,first official H.10 release after observation week; usable from calendar day after KST release date,pre-2009 daily-update availability not implemented,98.5619,,,DTWEXBGS,2006-10-06,Daily,,release_availability_unresolved
,Index Jan 2006=100,first official H.10 release after observation week; usable from calendar day after KST release date,pre-2009 daily-update availability not implemented,98.5702,,,DTWEXBGS,2006-10-09,Daily,,release_availability_unresolved
,Index Jan 2006=100,first official H.10 release after observation week; usable from calendar day after KST release date,pre-2009 daily-update availability not implemented,98.9125,,,DTWEXBGS,2006-10-10,Daily,,release_availability_unresolved
,Index Jan 2006=100,first official H.10 release after observation week; usable from calendar day after KST release date,pre-2009 daily-update availability not implemented,98.9146,,,DTWEXBGS,2006-10-11,Daily,,release_availability_unresolved
,Index Jan 2006=100,first official H.10 release after observation week; usable from calendar day after KST release date,pre-2009 daily-update availability not implemented,98.831,,,DTWEXBGS,2006-10-12,Daily,,release_availability_unresolved
,Index Jan 2006=100,first official H.10 release after observation week; usable from calendar day after KST release date,pre-2009 daily-update availability not implemented,98.8002,,,DTWEXBGS,2006-10-13,Daily,,release_availability_unresolved
,Index Jan 2006=100,first official H.10 release after observation week; usable from calendar day after KST release date,pre-2009 daily-update availability not implemented,98.71,,,DTWEXBGS,2006-10-16,Daily,,release_availability_unresolved
,Index Jan 2006=100,first official H.10 release after observation week; usable from calendar day after KST release date,pre-2009 daily-update availability not implemented,98.5354,,,DTWEXBGS,2006-10-17,Daily,,release_availability_unresolved
,Index Jan 2006=100,first official H.10 release after observation week; usable from calendar day after KST release date,pre-2009 daily-update availability not implemented,98.6164,,,DTWEXBGS,2006-10-18,Daily,,release_availability_unresolved
,Index Jan 2006=100,first official H.10 release after observation week; usable from calendar day after KST release date,pre-2009 daily-update availability not implemented,98.2897,,,DTWEXBGS,2006-10-19,Daily,,release_availability_unresolved
,Index Jan 2006=100,first official H.10 release after observation week; usable from calendar day after KST release date,pre-2009 daily-update availability not implemented,98.1629,,,DTWEXBGS,2006-10-20,Daily,,release_availability_unresolved
,Index Jan 2006=100,first official H.10 release after observation week; usable from calendar day after KST release date,pre-2009 daily-update availability not implemented,98.4483,,,DTWEXBGS,2006-10-23,Daily,,release_availability_unresolved
,Index Jan 2006=100,first official H.10 release after observation week; usable from calendar day after KST release date,pre-2009 daily-update availability not implemented,98.349,,,DTWEXBGS,2006-10-24,Daily,,release_availability_unresolved
,Index Jan 2006=100,first official H.10 release after observation week; usable from calendar day after KST release date,pre-2009 daily-update availability not implemented,98.2057,,,DTWEXBGS,2006-10-25,Daily,,release_availability_unresolved
,Index Jan 2006=100,first official H.10 release after observation week; usable from calendar day after KST release date,pre-2009 daily-update availability not implemented,97.8907,,,DTWEXBGS,2006-10-26,Daily,,release_availability_unresolved
,Index Jan 2006=100,first official H.10 release after observation week; usable from calendar day after KST release date,pre-2009 daily-update availability not implemented,97.4914,,,DTWEXBGS,2006-10-27,Daily,,release_availability_unresolved
,Index Jan 2006=100,first official H.10 release after observation week; usable from calendar day after KST release date,pre-2009 daily-update availability not implemented,97.5672,,,DTWEXBGS,2006-10-30,Daily,,release_availability_unresolved
,Index Jan 2006=100,first official H.10 release after observation week; usable from calendar day after KST release date,pre-2009 daily-update availability not implemented,97.3901,,,DTWEXBGS,2006-10-31,Daily,,release_availability_unresolved
,Index Jan 2006=100,first official H.10 release after observation week; usable from calendar day after KST release date,pre-2009 daily-update availability not implemented,97.4949,,,DTWEXBGS,2006-11-01,Daily,,release_availability_unresolved
,Index Jan 2006=100,first official H.10 release after observation week; usable from calendar day after KST release date,pre-2009 daily-update availability not implemented,97.6556,,,DTWEXBGS,2006-11-02,Daily,,release_availability_unresolved
,Index Jan 2006=100,first official H.10 release after observation week; usable from calendar day after KST release date,pre-2009 daily-update availability not implemented,97.7209,,,DTWEXBGS,2006-11-03,Daily,,release_availability_unresolved
,Index Jan 2006=100,first official H.10 release after observation week; usable from calendar day after KST release date,pre-2009 daily-update availability not implemented,97.806,,,DTWEXBGS,2006-11-06,Daily,,release_availability_unresolved
,Index Jan 2006=100,first official H.10 release after observation week; usable from calendar day after KST release date,pre-2009 daily-update availability not implemented,97.4453,,,DTWEXBGS,2006-11-07,Daily,,release_availability_unresolved
,Index Jan 2006=100,first official H.10 release after observation week; usable from calendar day after KST release date,pre-2009 daily-update availability not implemented,97.58,,,DTWEXBGS,2006-11-08,Daily,,release_availability_unresolved
,Index Jan 2006=100,first official H.10 release after observation week; usable from calendar day after KST release date,pre-2009 daily-update availability not implemented,97.5041,,,DTWEXBGS,2006-11-09,Daily,,release_availability_unresolved
,Index Jan 2006=100,first official H.10 release after observation week; usable from calendar day after KST release date,pre-2009 daily-update availability not implemented,97.4638,,,DTWEXBGS,2006-11-10,Daily,,release_availability_unresolved
,Index Jan 2006=100,first official H.10 release after observation week; usable from calendar day after KST release date,pre-2009 daily-update availability not implemented,97.7904,,,DTWEXBGS,2006-11-13,Daily,,release_availability_unresolved
,Index Jan 2006=100,first official H.10 release after observation week; usable from calendar day after KST release date,pre-2009 daily-update availability not implemented,97.7475,,,DTWEXBGS,2006-11-14,Daily,,release_availability_unresolved
,Index Jan 2006=100,first official H.10 release after observation week; usable from calendar day after KST release date,pre-2009 daily-update availability not implemented,97.8359,,,DTWEXBGS,2006-11-15,Daily,,release_availability_unresolved
,Index Jan 2006=100,first official H.10 release after observation week; usable from calendar day after KST release date,pre-2009 daily-update availability not implemented,97.8098,,,DTWEXBGS,2006-11-16,Daily,,release_availability_unresolved
,Index Jan 2006=100,first official H.10 release after observation week; usable from calendar day after KST release date,pre-2009 daily-update availability not implemented,97.9855,,,DTWEXBGS,2006-11-17,Daily,,release_availability_unresolved
,Index Jan 2006=100,first official H.10 release after observation week; usable from calendar day after KST release date,pre-2009 daily-update availability not implemented,98.0254,,,DTWEXBGS,2006-11-20,Daily,,release_availability_unresolved
,Index Jan 2006=100,first official H.10 release after observation week; usable from calendar day after KST release date,pre-2009 daily-update availability not implemented,98.0215,,,DTWEXBGS,2006-11-21,Daily,,release_availability_unresolved
,Index Jan 2006=100,first official H.10 release after observation week; usable from calendar day after KST release date,pre-2009 daily-update availability not implemented,97.5315,,,DTWEXBGS,2006-11-22,Daily,,release_availability_unresolved
,Index Jan 2006=100,first official H.10 release after observation week; usable from calendar day after KST release date,pre-2009 daily-update availability not implemented,97.5314,,,DTWEXBGS,2006-11-23,Daily,,release_availability_unresolved
,Index Jan 2006=100,first official H.10 release after observation week; usable from calendar day after KST release date,pre-2009 daily-update availability not implemented,97.0657,,,DTWEXBGS,2006-11-24,Daily,,release_availability_unresolved
,Index Jan 2006=100,first official H.10 release after observation week; usable from calendar day after KST release date,pre-2009 daily-update availability not implemented,96.9986,,,DTWEXBGS,2006-11-27,Daily,,release_availability_unresolved
,Index Jan 2006=100,first official H.10 release after observation week; usable from calendar day after KST release date,pre-2009 daily-update availability not implemented,96.8428,,,DTWEXBGS,2006-11-28,Daily,,release_availability_unresolved
,Index Jan 2006=100,first official H.10 release after observation week; usable from calendar day after KST release date,pre-2009 daily-update availability not implemented,96.8577,,,DTWEXBGS,2006-11-29,Daily,,release_availability_unresolved
,Index Jan 2006=100,first official H.10 release after observation week; usable from calendar day after KST release date,pre-2009 daily-update availability not implemented,96.5779,,,DTWEXBGS,2006-11-30,Daily,,release_availability_unresolved
,Index Jan 2006=100,first official H.10 release after observation week; usable from calendar day after KST release date,pre-2009 daily-update availability not implemented,96.4585,,,DTWEXBGS,2006-12-01,Daily,,release_availability_unresolved
,Index Jan 2006=100,first official H.10 release after observation week; usable from calendar day after KST release date,pre-2009 daily-update availability not implemented,96.4319,,,DTWEXBGS,2006-12-04,Daily,,release_availability_unresolved
,Index Jan 2006=100,first official H.10 release after observation week; usable from calendar day after KST release date,pre-2009 daily-update availability not implemented,96.2082,,,DTWEXBGS,2006-12-05,Daily,,release_availability_unresolved
,Index Jan 2006=100,first official H.10 release after observation week; usable from calendar day after KST release date,pre-2009 daily-update availability not implemented,96.2839,,,DTWEXBGS,2006-12-06,Daily,,release_availability_unresolved
,Index Jan 2006=100,first official H.10 release after observation week; usable from calendar day after KST release date,pre-2009 daily-update availability not implemented,96.3207,,,DTWEXBGS,2006-12-07,Daily,,release_availability_unresolved
,Index Jan 2006=100,first official H.10 release after observation week; usable from calendar day after KST release date,pre-2009 daily-update availability not implemented,96.6123,,,DTWEXBGS,2006-12-08,Daily,,release_availability_unresolved
,Index Jan 2006=100,first official H.10 release after observation week; usable from calendar day after KST release date,pre-2009 daily-update availability not implemented,96.6646,,,DTWEXBGS,2006-12-11,Daily,,release_availability_unresolved
,Index Jan 2006=100,first official H.10 release after observation week; usable from calendar day after KST release date,pre-2009 daily-update availability not implemented,96.7119,,,DTWEXBGS,2006-12-12,Daily,,release_availability_unresolved
,Index Jan 2006=100,first official H.10 release after observation week; usable from calendar day after KST release date,pre-2009 daily-update availability not implemented,96.7296,,,DTWEXBGS,2006-12-13,Daily,,release_availability_unresolved
,Index Jan 2006=100,first official H.10 release after observation week; usable from calendar day after KST release date,pre-2009 daily-update availability not implemented,96.7946,,,DTWEXBGS,2006-12-14,Daily,,release_availability_unresolved
,Index Jan 2006=100,first official H.10 release after observation week; usable from calendar day after KST release date,pre-2009 daily-update availability not implemented,96.9857,,,DTWEXBGS,2006-12-15,Daily,,release_availability_unresolved
,Index Jan 2006=100,first official H.10 release after observation week; usable from calendar day after KST release date,pre-2009 daily-update availability not implemented,97.1559,,,DTWEXBGS,2006-12-18,Daily,,release_availability_unresolved
,Index Jan 2006=100,first official H.10 release after observation week; usable from calendar day after KST release date,pre-2009 daily-update availability not implemented,96.9313,,,DTWEXBGS,2006-12-19,Daily,,release_availability_unresolved
,Index Jan 2006=100,first official H.10 release after observation week; usable from calendar day after KST release date,pre-2009 daily-update availability not implemented,96.7762,,,DTWEXBGS,2006-12-20,Daily,,release_availability_unresolved
,Index Jan 2006=100,first official H.10 release after observation week; usable from calendar day after KST release date,pre-2009 daily-update availability not implemented,96.9148,,,DTWEXBGS,2006-12-21,Daily,,release_availability_unresolved
,Index Jan 2006=100,first official H.10 release after observation week; usable from calendar day after KST release date,pre-2009 daily-update availability not implemented,97.1113,,,DTWEXBGS,2006-12-22,Daily,,release_availability_unresolved
,Index Jan 2006=100,first official H.10 release after observation week; usable from calendar day after KST release date,pre-2009 daily-update availability not implemented,97.1221,,,DTWEXBGS,2006-12-25,Daily,,release_availability_unresolved
,Index Jan 2006=100,first official H.10 release after observation week; usable from calendar day after KST release date,pre-2009 daily-update availability not implemented,97.1786,,,DTWEXBGS,2006-12-26,Daily,,release_availability_unresolved
,Index Jan 2006=100,first official H.10 release after observation week; usable from calendar day after KST release date,pre-2009 daily-update availability not implemented,97.2076,,,DTWEXBGS,2006-12-27,Daily,,release_availability_unresolved
,Index Jan 2006=100,first official H.10 release after observation week; usable from calendar day after KST release date,pre-2009 daily-update availability not implemented,97.0656,,,DTWEXBGS,2006-12-28,Daily,,release_availability_unresolved
,Index Jan 2006=100,first official H.10 release after observation week; usable from calendar day after KST release date,pre-2009 daily-update availability not implemented,97.0312,,,DTWEXBGS,2006-12-29,Daily,,release_availability_unresolved
,Index Jan 2006=100,first official H.10 release after observation week; usable from calendar day after KST release date,pre-2009 daily-update availability not implemented,97.0323,,,DTWEXBGS,2007-01-01,Daily,,release_availability_unresolved
,Index Jan 2006=100,first official H.10 release after observation week; usable from calendar day after KST release date,pre-2009 daily-update availability not implemented,,,,DTWEXBGS,2007-01-02,Daily,,release_availability_unresolved;empty_value
,Index Jan 2006=100,first official H.10 release after observation week; usable from calendar day after KST release date,pre-2009 daily-update availability not implemented,97.1281,,,DTWEXBGS,2007-01-03,Daily,,release_availability_unresolved
,Index Jan 2006=100,first official H.10 release after observation week; usable from calendar day after KST release date,pre-2009 daily-update availability not implemented,97.5251,,,DTWEXBGS,2007-01-04,Daily,,release_availability_unresolved
,Index Jan 2006=100,first official H.10 release after observation week; usable from calendar day after KST release date,pre-2009 daily-update availability not implemented,97.7801,,,DTWEXBGS,2007-01-05,Daily,,release_availability_unresolved
,Index Jan 2006=100,first official H.10 release after observation week; usable from calendar day after KST release date,pre-2009 daily-update availability not implemented,97.788,,,DTWEXBGS,2007-01-08,Daily,,release_availability_unresolved
,Index Jan 2006=100,first official H.10 release after observation week; usable from calendar day after KST release date,pre-2009 daily-update availability not implemented,97.9642,,,DTWEXBGS,2007-01-09,Daily,,release_availability_unresolved
,Index Jan 2006=100,first official H.10 release after observation week; usable from calendar day after KST release date,pre-2009 daily-update availability not implemented,98.0943,,,DTWEXBGS,2007-01-10,Daily,,release_availability_unresolved
,Index Jan 2006=100,first official H.10 release after observation week; usable from calendar day after KST release date,pre-2009 daily-update availability not implemented,98.0845,,,DTWEXBGS,2007-01-11,Daily,,release_availability_unresolved
,Index Jan 2006=100,first official H.10 release after observation week; usable from calendar day after KST release date,pre-2009 daily-update availability not implemented,97.921,,,DTWEXBGS,2007-01-12,Daily,,release_availability_unresolved
,Index Jan 2006=100,first official H.10 release after observation week; usable from calendar day after KST release date,pre-2009 daily-update availability not implemented,97.9201,,,DTWEXBGS,2007-01-15,Daily,,release_availability_unresolved
,Index Jan 2006=100,first official H.10 release after observation week; usable from calendar day after KST release date,pre-2009 daily-update availability not implemented,97.9816,,,DTWEXBGS,2007-01-16,Daily,,release_availability_unresolved
,Index Jan 2006=100,first official H.10 release after observation week; usable from calendar day after KST release date,pre-2009 daily-update availability not implemented,97.7509,,,DTWEXBGS,2007-01-17,Daily,,release_availability_unresolved
,Index Jan 2006=100,first official H.10 release after observation week; usable from calendar day after KST release date,pre-2009 daily-update availability not implemented,97.8286,,,DTWEXBGS,2007-01-18,Daily,,release_availability_unresolved
,Index Jan 2006=100,first official H.10 release after observation week; usable from calendar day after KST release date,pre-2009 daily-update availability not implemented,97.6868,,,DTWEXBGS,2007-01-19,Daily,,release_availability_unresolved
,Index Jan 2006=100,first official H.10 release after observation week; usable from calendar day after KST release date,pre-2009 daily-update availability not implemented,97.827,,,DTWEXBGS,2007-01-22,Daily,,release_availability_unresolved
,Index Jan 2006=100,first official H.10 release after observation week; usable from calendar day after KST release date,pre-2009 daily-update availability not implemented,97.8117,,,DTWEXBGS,2007-01-23,Daily,,release_availability_unresolved
,Index Jan 2006=100,first official H.10 release after observation week; usable from calendar day after KST release date,pre-2009 daily-update availability not implemented,97.908,,,DTWEXBGS,2007-01-24,Daily,,release_availability_unresolved
,Index Jan 2006=100,first official H.10 release after observation week; usable from calendar day after KST release date,pre-2009 daily-update availability not implemented,97.8396,,,DTWEXBGS,2007-01-25,Daily,,release_availability_unresolved
,Index Jan 2006=100,first official H.10 release after observation week; usable from calendar day after KST release date,pre-2009 daily-update availability not implemented,98.1491,,,DTWEXBGS,2007-01-26,Daily,,release_availability_unresolved
,Index Jan 2006=100,first official H.10 release after observation week; usable from calendar day after KST release date,pre-2009 daily-update availability not implemented,98.2066,,,DTWEXBGS,2007-01-29,Daily,,release_availability_unresolved
,Index Jan 2006=100,first official H.10 release after observation week; usable from calendar day after KST release date,pre-2009 daily-update availability not implemented,98.1515,,,DTWEXBGS,2007-01-30,Daily,,release_availability_unresolved
,Index Jan 2006=100,first official H.10 release after observation week; usable from calendar day after KST release date,pre-2009 daily-update availability not implemented,97.964,,,DTWEXBGS,2007-01-31,Daily,,release_availability_unresolved
,Index Jan 2006=100,first official H.10 release after observation week; usable from calendar day after KST release date,pre-2009 daily-update availability not implemented,97.7101,,,DTWEXBGS,2007-02-01,Daily,,release_availability_unresolved
,Index Jan 2006=100,first official H.10 release after observation week; usable from calendar day after KST release date,pre-2009 daily-update availability not implemented,97.9743,,,DTWEXBGS,2007-02-02,Daily,,release_availability_unresolved
,Index Jan 2006=100,first official H.10 release after observation week; usable from calendar day after KST release date,pre-2009 daily-update availability not implemented,97.87,,,DTWEXBGS,2007-02-05,Daily,,release_availability_unresolved
,Index Jan 2006=100,first official H.10 release after observation week; usable from calendar day after KST release date,pre-2009 daily-update availability not implemented,97.7357,,,DTWEXBGS,2007-02-06,Daily,,release_availability_unresolved
,Index Jan 2006=100,first official H.10 release after observation week; usable from calendar day after KST release date,pre-2009 daily-update availability not implemented,97.7239,,,DTWEXBGS,2007-02-07,Daily,,release_availability_unresolved
,Index Jan 2006=100,first official H.10 release after observation week; usable from calendar day after KST release date,pre-2009 daily-update availability not implemented,97.8169,,,DTWEXBGS,2007-02-08,Daily,,release_availability_unresolved
,Index Jan 2006=100,first official H.10 release after observation week; usable from calendar day after KST release date,pre-2009 daily-update availability not implemented,97.7076,,,DTWEXBGS,2007-02-09,Daily,,release_availability_unresolved
,Index Jan 2006=100,first official H.10 release after observation week; usable from calendar day after KST release date,pre-2009 daily-update availability not implemented,97.9409,,,DTWEXBGS,2007-02-12,Daily,,release_availability_unresolved
,Index Jan 2006=100,first official H.10 release after observation week; usable from calendar day after KST release date,pre-2009 daily-update availability not implemented,97.7063,,,DTWEXBGS,2007-02-13,Daily,,release_availability_unresolved
,Index Jan 2006=100,first official H.10 release after observation week; usable from calendar day after KST release date,pre-2009 daily-update availability not implemented,97.2779,,,DTWEXBGS,2007-02-14,Daily,,release_availability_unresolved
,Index Jan 2006=100,first official H.10 release after observation week; usable from calendar day after KST release date,pre-2009 daily-update availability not implemented,97.1588,,,DTWEXBGS,2007-02-15,Daily,,release_availability_unresolved
,Index Jan 2006=100,first official H.10 release after observation week; usable from calendar day after KST release date,pre-2009 daily-update availability not implemented,97.164,,,DTWEXBGS,2007-02-16,Daily,,release_availability_unresolved
,Index Jan 2006=100,first official H.10 release after observation week; usable from calendar day after KST release date,pre-2009 daily-update availability not implemented,97.1545,,,DTWEXBGS,2007-02-19,Daily,,release_availability_unresolved
,Index Jan 2006=100,first official H.10 release after observation week; usable from calendar day after KST release date,pre-2009 daily-update availability not implemented,97.321,,,DTWEXBGS,2007-02-20,Daily,,release_availability_unresolved
,Index Jan 2006=100,first official H.10 release after observation week; usable from calendar day after KST release date,pre-2009 daily-update availability not implemented,97.27,,,DTWEXBGS,2007-02-21,Daily,,release_availability_unresolved
,Index Jan 2006=100,first official H.10 release after observation week; usable from calendar day after KST release date,pre-2009 daily-update availability not implemented,97.266,,,DTWEXBGS,2007-02-22,Daily,,release_availability_unresolved
,Index Jan 2006=100,first official H.10 release after observation week; usable from calendar day after KST release date,pre-2009 daily-update availability not implemented,97.1756,,,DTWEXBGS,2007-02-23,Daily,,release_availability_unresolved
,Index Jan 2006=100,first official H.10 release after observation week; usable from calendar day after KST release date,pre-2009 daily-update availability not implemented,97.2281,,,DTWEXBGS,2007-02-26,Daily,,release_availability_unresolved
,Index Jan 2006=100,first official H.10 release after observation week; usable from calendar day after KST release date,pre-2009 daily-update availability not implemented,97.0883,,,DTWEXBGS,2007-02-27,Daily,,release_availability_unresolved
,Index Jan 2006=100,first official H.10 release after observation week; usable from calendar day after KST release date,pre-2009 daily-update availability not implemented,97.2386,,,DTWEXBGS,2007-02-28,Daily,,release_availability_unresolved
,Index Jan 2006=100,first official H.10 release after observation week; usable from calendar day after KST release date,pre-2009 daily-update availability not implemented,97.3358,,,DTWEXBGS,2007-03-01,Daily,,release_availability_unresolved
,Index Jan 2006=100,first official H.10 release after observation week; usable from calendar day after KST release date,pre-2009 daily-update availability not implemented,97.3691,,,DTWEXBGS,2007-03-02,Daily,,release_availability_unresolved
,Index Jan 2006=100,first official H.10 release after observation week; usable from calendar day after KST release date,pre-2009 daily-update availability not implemented,97.6716,,,DTWEXBGS,2007-03-05,Daily,,release_availability_unresolved
,Index Jan 2006=100,first official H.10 release after observation week; usable from calendar day after KST release date,pre-2009 daily-update availability not implemented,97.5123,,,DTWEXBGS,2007-03-06,Daily,,release_availability_unresolved
,Index Jan 2006=100,first official H.10 release after observation week; usable from calendar day after KST release date,pre-2009 daily-update availability not implemented,97.4558,,,DTWEXBGS,2007-03-07,Daily,,release_availability_unresolved
,Index Jan 2006=100,first official H.10 release after observation week; usable from calendar day after KST release date,pre-2009 daily-update availability not implemented,97.5731,,,DTWEXBGS,2007-03-08,Daily,,release_availability_unresolved
,Index Jan 2006=100,first official H.10 release after observation week; usable from calendar day after KST release date,pre-2009 daily-update availability not implemented,97.4559,,,DTWEXBGS,2007-03-09,Daily,,release_availability_unresolved
,Index Jan 2006=100,first official H.10 release after observation week; usable from calendar day after KST release date,pre-2009 daily-update availability not implemented,97.3013,,,DTWEXBGS,2007-03-12,Daily,,release_availability_unresolved
,Index Jan 2006=100,first official H.10 release after observation week; usable from calendar day after KST release date,pre-2009 daily-update availability not implemented,97.2203,,,DTWEXBGS,2007-03-13,Daily,,release_availability_unresolved
,Index Jan 2006=100,first official H.10 release after observation week; usable from calendar day after KST release date,pre-2009 daily-update availability not implemented,97.2759,,,DTWEXBGS,2007-03-14,Daily,,release_availability_unresolved
,Index Jan 2006=100,first official H.10 release after observation week; usable from calendar day after KST release date,pre-2009 daily-update availability not implemented,97.2476,,,DTWEXBGS,2007-03-15,Daily,,release_availability_unresolved
,Index Jan 2006=100,first official H.10 release after observation week; usable from calendar day after KST release date,pre-2009 daily-update availability not implemented,97.0407,,,DTWEXBGS,2007-03-16,Daily,,release_availability_unresolved
,Index Jan 2006=100,first official H.10 release after observation week; usable from calendar day after KST release date,pre-2009 daily-update availability not implemented,97.1062,,,DTWEXBGS,2007-03-19,Daily,,release_availability_unresolved
,Index Jan 2006=100,first official H.10 release after observation week; usable from calendar day after KST release date,pre-2009 daily-update availability not implemented,96.7985,,,DTWEXBGS,2007-03-20,Daily,,release_availability_unresolved
,Index Jan 2006=100,first official H.10 release after observation week; usable from calendar day after KST release date,pre-2009 daily-update availability not implemented,96.6195,,,DTWEXBGS,2007-03-21,Daily,,release_availability_unresolved
,Index Jan 2006=100,first official H.10 release after observation week; usable from calendar day after KST release date,pre-2009 daily-update availability not implemented,96.3893,,,DTWEXBGS,2007-03-22,Daily,,release_availability_unresolved
,Index Jan 2006=100,first official H.10 release after observation week; usable from calendar day after KST release date,pre-2009 daily-update availability not implemented,96.5662,,,DTWEXBGS,2007-03-23,Daily,,release_availability_unresolved
,Index Jan 2006=100,first official H.10 release after observation week; usable from calendar day after KST release date,pre-2009 daily-update availability not implemented,96.5493,,,DTWEXBGS,2007-03-26,Daily,,release_availability_unresolved
,Index Jan 2006=100,first official H.10 release after observation week; usable from calendar day after KST release date,pre-2009 daily-update availability not implemented,96.4558,,,DTWEXBGS,2007-03-27,Daily,,release_availability_unresolved
,Index Jan 2006=100,first official H.10 release after observation week; usable from calendar day after KST release date,pre-2009 daily-update availability not implemented,96.4894,,,DTWEXBGS,2007-03-28,Daily,,release_availability_unresolved
,Index Jan 2006=100,first official H.10 release after observation week; usable from calendar day after KST release date,pre-2009 daily-update availability not implemented,96.5067,,,DTWEXBGS,2007-03-29,Daily,,release_availability_unresolved
,Index Jan 2006=100,first official H.10 release after observation week; usable from calendar day after KST release date,pre-2009 daily-update availability not implemented,96.3183,,,DTWEXBGS,2007-03-30,Daily,,release_availability_unresolved
,Index Jan 2006=100,first official H.10 release after observation week; usable from calendar day after KST release date,pre-2009 daily-update availability not implemented,96.3175,,,DTWEXBGS,2007-04-02,Daily,,release_availability_unresolved
,Index Jan 2006=100,first official H.10 release after observation week; usable from calendar day after KST release date,pre-2009 daily-update availability not implemented,96.3774,,,DTWEXBGS,2007-04-03,Daily,,release_availability_unresolved
,Index Jan 2006=100,first official H.10 release after observation week; usable from calendar day after KST release date,pre-2009 daily-update availability not implemented,96.3646,,,DTWEXBGS,2007-04-04,Daily,,release_availability_unresolved
,Index Jan 2006=100,first official H.10 release after observation week; usable from calendar day after KST release date,pre-2009 daily-update availability not implemented,96.1188,,,DTWEXBGS,2007-04-05,Daily,,release_availability_unresolved
,Index Jan 2006=100,first official H.10 release after observation week; usable from calendar day after KST release date,pre-2009 daily-update availability not implemented,96.2526,,,DTWEXBGS,2007-04-06,Daily,,release_availability_unresolved
,Index Jan 2006=100,first official H.10 release after observation week; usable from calendar day after KST release date,pre-2009 daily-update availability not implemented,96.293,,,DTWEXBGS,2007-04-09,Daily,,release_availability_unresolved
,Index Jan 2006=100,first official H.10 release after observation week; usable from calendar day after KST release date,pre-2009 daily-update availability not implemented,96.1179,,,DTWEXBGS,2007-04-10,Daily,,release_availability_unresolved
,Index Jan 2006=100,first official H.10 release after observation week; usable from calendar day after KST release date,pre-2009 daily-update availability not implemented,96.0293,,,DTWEXBGS,2007-04-11,Daily,,release_availability_unresolved
,Index Jan 2006=100,first official H.10 release after observation week; usable from calendar day after KST release date,pre-2009 daily-update availability not implemented,95.7999,,,DTWEXBGS,2007-04-12,Daily,,release_availability_unresolved
,Index Jan 2006=100,first official H.10 release after observation week; usable from calendar day after KST release date,pre-2009 daily-update availability not implemented,95.711,,,DTWEXBGS,2007-04-13,Daily,,release_availability_unresolved
,Index Jan 2006=100,first official H.10 release after observation week; usable from calendar day after KST release date,pre-2009 daily-update availability not implemented,95.5538,,,DTWEXBGS,2007-04-16,Daily,,release_availability_unresolved
,Index Jan 2006=100,first official H.10 release after observation week; usable from calendar day after KST release date,pre-2009 daily-update availability not implemented,95.3832,,,DTWEXBGS,2007-04-17,Daily,,release_availability_unresolved
,Index Jan 2006=100,first official H.10 release after observation week; usable from calendar day after KST release date,pre-2009 daily-update availability not implemented,95.3109,,,DTWEXBGS,2007-04-18,Daily,,release_availability_unresolved
,Index Jan 2006=100,first official H.10 release after observation week; usable from calendar day after KST release date,pre-2009 daily-update availability not implemented,95.2712,,,DTWEXBGS,2007-04-19,Daily,,release_availability_unresolved
,Index Jan 2006=100,first official H.10 release after observation week; usable from calendar day after KST release date,pre-2009 daily-update availability not implemented,95.1692,,,DTWEXBGS,2007-04-20,Daily,,release_availability_unresolved
,Index Jan 2006=100,first official H.10 release after observation week; usable from calendar day after KST release date,pre-2009 daily-update availability not implemented,95.1833,,,DTWEXBGS,2007-04-23,Daily,,release_availability_unresolved
,Index Jan 2006=100,first official H.10 release after observation week; usable from calendar day after KST release date,pre-2009 daily-update availability not implemented,95.1608,,,DTWEXBGS,2007-04-24,Daily,,release_availability_unresolved
,Index Jan 2006=100,first official H.10 release after observation week; usable from calendar day after KST release date,pre-2009 daily-update availability not implemented,94.8497,,,DTWEXBGS,2007-04-25,Daily,,release_availability_unresolved
,Index Jan 2006=100,first official H.10 release after observation week; usable from calendar day after KST release date,pre-2009 daily-update availability not implemented,95.1653,,,DTWEXBGS,2007-04-26,Daily,,release_availability_unresolved
,Index Jan 2006=100,first official H.10 release after observation week; usable from calendar day after KST release date,pre-2009 daily-update availability not implemented,95.0103,,,DTWEXBGS,2007-04-27,Daily,,release_availability_unresolved
,Index Jan 2006=100,first official H.10 release after observation week; usable from calendar day after KST release date,pre-2009 daily-update availability not implemented,94.8365,,,DTWEXBGS,2007-04-30,Daily,,release_availability_unresolved
,Index Jan 2006=100,first official H.10 release after observation week; usable from calendar day after KST release date,pre-2009 daily-update availability not implemented,95.0037,,,DTWEXBGS,2007-05-01,Daily,,release_availability_unresolved
,Index Jan 2006=100,first official H.10 release after observation week; usable from calendar day after KST release date,pre-2009 daily-update availability not implemented,95.0352,,,DTWEXBGS,2007-05-02,Daily,,release_availability_unresolved
,Index Jan 2006=100,first official H.10 release after observation week; usable from calendar day after KST release date,pre-2009 daily-update availability not implemented,95.0167,,,DTWEXBGS,2007-05-03,Daily,,release_availability_unresolved
,Index Jan 2006=100,first official H.10 release after observation week; usable from calendar day after KST release date,pre-2009 daily-update availability not implemented,94.9118,,,DTWEXBGS,2007-05-04,Daily,,release_availability_unresolved
,Index Jan 2006=100,first official H.10 release after observation week; usable from calendar day after KST release date,pre-2009 daily-update availability not implemented,94.6914,,,DTWEXBGS,2007-05-07,Daily,,release_availability_unresolved
,Index Jan 2006=100,first official H.10 release after observation week; usable from calendar day after KST release date,pre-2009 daily-update availability not implemented,94.8648,,,DTWEXBGS,2007-05-08,Daily,,release_availability_unresolved
,Index Jan 2006=100,first official H.10 release after observation week; usable from calendar day after KST release date,pre-2009 daily-update availability not implemented,94.7933,,,DTWEXBGS,2007-05-09,Daily,,release_availability_unresolved
,Index Jan 2006=100,first official H.10 release after observation week; usable from calendar day after KST release date,pre-2009 daily-update availability not implemented,94.9506,,,DTWEXBGS,2007-05-10,Daily,,release_availability_unresolved
,Index Jan 2006=100,first official H.10 release after observation week; usable from calendar day after KST release date,pre-2009 daily-update availability not implemented,95.0035,,,DTWEXBGS,2007-05-11,Daily,,release_availability_unresolved
,Index Jan 2006=100,first official H.10 release after observation week; usable from calendar day after KST release date,pre-2009 daily-update availability not implemented,94.8267,,,DTWEXBGS,2007-05-14,Daily,,release_availability_unresolved
,Index Jan 2006=100,first official H.10 release after observation week; usable from calendar day after KST release date,pre-2009 daily-update availability not implemented,94.5574,,,DTWEXBGS,2007-05-15,Daily,,release_availability_unresolved
,Index Jan 2006=100,first official H.10 release after observation week; usable from calendar day after KST release date,pre-2009 daily-update availability not implemented,94.8143,,,DTWEXBGS,2007-05-16,Daily,,release_availability_unresolved
,Index Jan 2006=100,first official H.10 release after observation week; usable from calendar day after KST release date,pre-2009 daily-update availability not implemented,94.8339,,,DTWEXBGS,2007-05-17,Daily,,release_availability_unresolved
,Index Jan 2006=100,first official H.10 release after observation week; usable from calendar day after KST release date,pre-2009 daily-update availability not implemented,94.6573,,,DTWEXBGS,2007-05-18,Daily,,release_availability_unresolved
,Index Jan 2006=100,first official H.10 release after observation week; usable from calendar day after KST release date,pre-2009 daily-update availability not implemented,94.7026,,,DTWEXBGS,2007-05-21,Daily,,release_availability_unresolved
,Index Jan 2006=100,first official H.10 release after observation week; usable from calendar day after KST release date,pre-2009 daily-update availability not implemented,94.5753,,,DTWEXBGS,2007-05-22,Daily,,release_availability_unresolved
,Index Jan 2006=100,first official H.10 release after observation week; usable from calendar day after KST release date,pre-2009 daily-update availability not implemented,94.4557,,,DTWEXBGS,2007-05-23,Daily,,release_availability_unresolved
,Index Jan 2006=100,first official H.10 release after observation week; usable from calendar day after KST release date,pre-2009 daily-update availability not implemented,94.7025,,,DTWEXBGS,2007-05-24,Daily,,release_availability_unresolved
,Index Jan 2006=100,first official H.10 release after observation week; usable from calendar day after KST release date,pre-2009 daily-update availability not implemented,94.5022,,,DTWEXBGS,2007-05-25,Daily,,release_availability_unresolved
,Index Jan 2006=100,first official H.10 release after observation week; usable from calendar day after KST release date,pre-2009 daily-update availability not implemented,94.4959,,,DTWEXBGS,2007-05-28,Daily,,release_availability_unresolved
,Index Jan 2006=100,first official H.10 release after observation week; usable from calendar day after KST release date,pre-2009 daily-update availability not implemented,94.3533,,,DTWEXBGS,2007-05-29,Daily,,release_availability_unresolved
,Index Jan 2006=100,first official H.10 release after observation week; usable from calendar day after KST release date,pre-2009 daily-update availability not implemented,94.549,,,DTWEXBGS,2007-05-30,Daily,,release_availability_unresolved
,Index Jan 2006=100,first official H.10 release after observation week; usable from calendar day after KST release date,pre-2009 daily-update availability not implemented,94.3215,,,DTWEXBGS,2007-05-31,Daily,,release_availability_unresolved
,Index Jan 2006=100,first official H.10 release after observation week; usable from calendar day after KST release date,pre-2009 daily-update availability not implemented,94.132,,,DTWEXBGS,2007-06-01,Daily,,release_availability_unresolved
,Index Jan 2006=100,first official H.10 release after observation week; usable from calendar day after KST release date,pre-2009 daily-update availability not implemented,93.9969,,,DTWEXBGS,2007-06-04,Daily,,release_availability_unresolved
,Index Jan 2006=100,first official H.10 release after observation week; usable from calendar day after KST release date,pre-2009 daily-update availability not implemented,93.9986,,,DTWEXBGS,2007-06-05,Daily,,release_availability_unresolved
,Index Jan 2006=100,first official H.10 release after observation week; usable from calendar day after KST release date,pre-2009 daily-update availability not implemented,94.1217,,,DTWEXBGS,2007-06-06,Daily,,release_availability_unresolved
,Index Jan 2006=100,first official H.10 release after observation week; usable from calendar day after KST release date,pre-2009 daily-update availability not implemented,94.3537,,,DTWEXBGS,2007-06-07,Daily,,release_availability_unresolved
,Index Jan 2006=100,first official H.10 release after observation week; usable from calendar day after KST release date,pre-2009 daily-update availability not implemented,94.7599,,,DTWEXBGS,2007-06-08,Daily,,release_availability_unresolved
,Index Jan 2006=100,first official H.10 release after observation week; usable from calendar day after KST release date,pre-2009 daily-update availability not implemented,94.6576,,,DTWEXBGS,2007-06-11,Daily,,release_availability_unresolved
,Index Jan 2006=100,first official H.10 release after observation week; usable from calendar day after KST release date,pre-2009 daily-update availability not implemented,94.6991,,,DTWEXBGS,2007-06-12,Daily,,release_availability_unresolved
,Index Jan 2006=100,first official H.10 release after observation week; usable from calendar day after KST release date,pre-2009 daily-update availability not implemented,94.9011,,,DTWEXBGS,2007-06-13,Daily,,release_availability_unresolved
,Index Jan 2006=100,first official H.10 release after observation week; usable from calendar day after KST release date,pre-2009 daily-update availability not implemented,94.9029,,,DTWEXBGS,2007-06-14,Daily,,release_availability_unresolved
,Index Jan 2006=100,first official H.10 release after observation week; usable from calendar day after KST release date,pre-2009 daily-update availability not implemented,94.6228,,,DTWEXBGS,2007-06-15,Daily,,release_availability_unresolved
,Index Jan 2006=100,first official H.10 release after observation week; usable from calendar day after KST release date,pre-2009 daily-update availability not implemented,94.5475,,,DTWEXBGS,2007-06-18,Daily,,release_availability_unresolved
,Index Jan 2006=100,first official H.10 release after observation week; usable from calendar day after KST release date,pre-2009 daily-update availability not implemented,94.3227,,,DTWEXBGS,2007-06-19,Daily,,release_availability_unresolved
,Index Jan 2006=100,first official H.10 release after observation week; usable from calendar day after KST release date,pre-2009 daily-update availability not implemented,94.3618,,,DTWEXBGS,2007-06-20,Daily,,release_availability_unresolved
,Index Jan 2006=100,first official H.10 release after observation week; usable from calendar day after KST release date,pre-2009 daily-update availability not implemented,94.6073,,,DTWEXBGS,2007-06-21,Daily,,release_availability_unresolved
,Index Jan 2006=100,first official H.10 release after observation week; usable from calendar day after KST release date,pre-2009 daily-update availability not implemented,94.4371,,,DTWEXBGS,2007-06-22,Daily,,release_availability_unresolved
,Index Jan 2006=100,first official H.10 release after observation week; usable from calendar day after KST release date,pre-2009 daily-update availability not implemented,94.5105,,,DTWEXBGS,2007-06-25,Daily,,release_availability_unresolved
,Index Jan 2006=100,first official H.10 release after observation week; usable from calendar day after KST release date,pre-2009 daily-update availability not implemented,94.4678,,,DTWEXBGS,2007-06-26,Daily,,release_availability_unresolved
,Index Jan 2006=100,first official H.10 release after observation week; usable from calendar day after KST release date,pre-2009 daily-update availability not implemented,94.5633,,,DTWEXBGS,2007-06-27,Daily,,release_availability_unresolved
,Index Jan 2006=100,first official H.10 release after observation week; usable from calendar day after KST release date,pre-2009 daily-update availability not implemented,94.2395,,,DTWEXBGS,2007-06-28,Daily,,release_availability_unresolved
,Index Jan 2006=100,first official H.10 release after observation week; usable from calendar day after KST release date,pre-2009 daily-update availability not implemented,94.1393,,,DTWEXBGS,2007-06-29,Daily,,release_availability_unresolved
,Index Jan 2006=100,first official H.10 release after observation week; usable from calendar day after KST release date,pre-2009 daily-update availability not implemented,93.634,,,DTWEXBGS,2007-07-02,Daily,,release_availability_unresolved
,Index Jan 2006=100,first official H.10 release after observation week; usable from calendar day after KST release date,pre-2009 daily-update availability not implemented,93.697,,,DTWEXBGS,2007-07-03,Daily,,release_availability_unresolved
,Index Jan 2006=100,first official H.10 release after observation week; usable from calendar day after KST release date,pre-2009 daily-update availability not implemented,93.6965,,,DTWEXBGS,2007-07-04,Daily,,release_availability_unresolved
,Index Jan 2006=100,first official H.10 release after observation week; usable from calendar day after KST release date,pre-2009 daily-update availability not implemented,93.7653,,,DTWEXBGS,2007-07-05,Daily,,release_availability_unresolved
,Index Jan 2006=100,first official H.10 release after observation week; usable from calendar day after KST release date,pre-2009 daily-update availability not implemented,93.5759,,,DTWEXBGS,2007-07-06,Daily,,release_availability_unresolved
,Index Jan 2006=100,first official H.10 release after observation week; usable from calendar day after KST release date,pre-2009 daily-update availability not implemented,93.5519,,,DTWEXBGS,2007-07-09,Daily,,release_availability_unresolved
,Index Jan 2006=100,first official H.10 release after observation week; usable from calendar day after KST release date,pre-2009 daily-update availability not implemented,93.3339,,,DTWEXBGS,2007-07-10,Daily,,release_availability_unresolved
,Index Jan 2006=100,first official H.10 release after observation week; usable from calendar day after KST release date,pre-2009 daily-update availability not implemented,93.3089,,,DTWEXBGS,2007-07-11,Daily,,release_availability_unresolved
,Index Jan 2006=100,first official H.10 release after observation week; usable from calendar day after KST release date,pre-2009 daily-update availability not implemented,93.1198,,,DTWEXBGS,2007-07-12,Daily,,release_availability_unresolved
,Index Jan 2006=100,first official H.10 release after observation week; usable from calendar day after KST release date,pre-2009 daily-update availability not implemented,93.0133,,,DTWEXBGS,2007-07-13,Daily,,release_availability_unresolved
,Index Jan 2006=100,first official H.10 release after observation week; usable from calendar day after KST release date,pre-2009 daily-update availability not implemented,92.9094,,,DTWEXBGS,2007-07-16,Daily,,release_availability_unresolved
,Index Jan 2006=100,first official H.10 release after observation week; usable from calendar day after KST release date,pre-2009 daily-update availability not implemented,92.9095,,,DTWEXBGS,2007-07-17,Daily,,release_availability_unresolved
,Index Jan 2006=100,first official H.10 release after observation week; usable from calendar day after KST release date,pre-2009 daily-update availability not implemented,92.7959,,,DTWEXBGS,2007-07-18,Daily,,release_availability_unresolved
,Index Jan 2006=100,first official H.10 release after observation week; usable from calendar day after KST release date,pre-2009 daily-update availability not implemented,92.7332,,,DTWEXBGS,2007-07-19,Daily,,release_availability_unresolved
,Index Jan 2006=100,first official H.10 release after observation week; usable from calendar day after KST release date,pre-2009 daily-update availability not implemented,92.7179,,,DTWEXBGS,2007-07-20,Daily,,release_availability_unresolved
,Index Jan 2006=100,first official H.10 release after observation week; usable from calendar day after KST release date,pre-2009 daily-update availability not implemented,92.6585,,,DTWEXBGS,2007-07-23,Daily,,release_availability_unresolved
,Index Jan 2006=100,first official H.10 release after observation week; usable from calendar day after KST release date,pre-2009 daily-update availability not implemented,92.505,,,DTWEXBGS,2007-07-24,Daily,,release_availability_unresolved
,Index Jan 2006=100,first official H.10 release after observation week; usable from calendar day after KST release date,pre-2009 daily-update availability not implemented,92.9189,,,DTWEXBGS,2007-07-25,Daily,,release_availability_unresolved
,Index Jan 2006=100,first official H.10 release after observation week; usable from calendar day after KST release date,pre-2009 daily-update availability not implemented,93.1186,,,DTWEXBGS,2007-07-26,Daily,,release_availability_unresolved
,Index Jan 2006=100,first official H.10 release after observation week; usable from calendar day after KST release date,pre-2009 daily-update availability not implemented,93.5485,,,DTWEXBGS,2007-07-27,Daily,,release_availability_unresolved
,Index Jan 2006=100,first official H.10 release after observation week; usable from calendar day after KST release date,pre-2009 daily-update availability not implemented,93.5918,,,DTWEXBGS,2007-07-30,Daily,,release_availability_unresolved
,Index Jan 2006=100,first official H.10 release after observation week; usable from calendar day after KST release date,pre-2009 daily-update availability not implemented,93.4264,,,DTWEXBGS,2007-07-31,Daily,,release_availability_unresolved
,Index Jan 2006=100,first official H.10 release after observation week; usable from calendar day after KST release date,pre-2009 daily-update availability not implemented,93.4011,,,DTWEXBGS,2007-08-01,Daily,,release_availability_unresolved
,Index Jan 2006=100,first official H.10 release after observation week; usable from calendar day after KST release date,pre-2009 daily-update availability not implemented,93.3038,,,DTWEXBGS,2007-08-02,Daily,,release_availability_unresolved
,Index Jan 2006=100,first official H.10 release after observation week; usable from calendar day after KST release date,pre-2009 daily-update availability not implemented,93.1039,,,DTWEXBGS,2007-08-03,Daily,,release_availability_unresolved
,Index Jan 2006=100,first official H.10 release after observation week; usable from calendar day after KST release date,pre-2009 daily-update availability not implemented,93.1112,,,DTWEXBGS,2007-08-06,Daily,,release_availability_unresolved
,Index Jan 2006=100,first official H.10 release after observation week; usable from calendar day after KST release date,pre-2009 daily-update availability not implemented,93.3171,,,DTWEXBGS,2007-08-07,Daily,,release_availability_unresolved
,Index Jan 2006=100,first official H.10 release after observation week; usable from calendar day after KST release date,pre-2009 daily-update availability not implemented,93.0989,,,DTWEXBGS,2007-08-08,Daily,,release_availability_unresolved
,Index Jan 2006=100,first official H.10 release after observation week; usable from calendar day after KST release date,pre-2009 daily-update availability not implemented,93.441,,,DTWEXBGS,2007-08-09,Daily,,release_availability_unresolved
,Index Jan 2006=100,first official H.10 release after observation week; usable from calendar day after KST release date,pre-2009 daily-update availability not implemented,93.5214,,,DTWEXBGS,2007-08-10,Daily,,release_availability_unresolved
,Index Jan 2006=100,first official H.10 release after observation week; usable from calendar day after KST release date,pre-2009 daily-update availability not implemented,93.6032,,,DTWEXBGS,2007-08-13,Daily,,release_availability_unresolved
,Index Jan 2006=100,first official H.10 release after observation week; usable from calendar day after KST release date,pre-2009 daily-update availability not implemented,94.0416,,,DTWEXBGS,2007-08-14,Daily,,release_availability_unresolved
,Index Jan 2006=100,first official H.10 release after observation week; usable from calendar day after KST release date,pre-2009 daily-update availability not implemented,94.5014,,,DTWEXBGS,2007-08-15,Daily,,release_availability_unresolved
,Index Jan 2006=100,first official H.10 release after observation week; usable from calendar day after KST release date,pre-2009 daily-update availability not implemented,94.9055,,,DTWEXBGS,2007-08-16,Daily,,release_availability_unresolved
,Index Jan 2006=100,first official H.10 release after observation week; usable from calendar day after KST release date,pre-2009 daily-update availability not implemented,94.319,,,DTWEXBGS,2007-08-17,Daily,,release_availability_unresolved
,Index Jan 2006=100,first official H.10 release after observation week; usable from calendar day after KST release date,pre-2009 daily-update availability not implemented,94.2138,,,DTWEXBGS,2007-08-20,Daily,,release_availability_unresolved
,Index Jan 2006=100,first official H.10 release after observation week; usable from calendar day after KST release date,pre-2009 daily-update availability not implemented,94.2676,,,DTWEXBGS,2007-08-21,Daily,,release_availability_unresolved
,Index Jan 2006=100,first official H.10 release after observation week; usable from calendar day after KST release date,pre-2009 daily-update availability not implemented,94.0998,,,DTWEXBGS,2007-08-22,Daily,,release_availability_unresolved
,Index Jan 2006=100,first official H.10 release after observation week; usable from calendar day after KST release date,pre-2009 daily-update availability not implemented,93.9827,,,DTWEXBGS,2007-08-23,Daily,,release_availability_unresolved
,Index Jan 2006=100,first official H.10 release after observation week; usable from calendar day after KST release date,pre-2009 daily-update availability not implemented,93.6863,,,DTWEXBGS,2007-08-24,Daily,,release_availability_unresolved
,Index Jan 2006=100,first official H.10 release after observation week; usable from calendar day after KST release date,pre-2009 daily-update availability not implemented,93.6109,,,DTWEXBGS,2007-08-27,Daily,,release_availability_unresolved
,Index Jan 2006=100,first official H.10 release after observation week; usable from calendar day after KST release date,pre-2009 daily-update availability not implemented,93.8394,,,DTWEXBGS,2007-08-28,Daily,,release_availability_unresolved
,Index Jan 2006=100,first official H.10 release after observation week; usable from calendar day after KST release date,pre-2009 daily-update availability not implemented,93.7174,,,DTWEXBGS,2007-08-29,Daily,,release_availability_unresolved
,Index Jan 2006=100,first official H.10 release after observation week; usable from calendar day after KST release date,pre-2009 daily-update availability not implemented,93.7324,,,DTWEXBGS,2007-08-30,Daily,,release_availability_unresolved
,Index Jan 2006=100,first official H.10 release after observation week; usable from calendar day after KST release date,pre-2009 daily-update availability not implemented,93.6674,,,DTWEXBGS,2007-08-31,Daily,,release_availability_unresolved
,Index Jan 2006=100,first official H.10 release after observation week; usable from calendar day after KST release date,pre-2009 daily-update availability not implemented,93.6691,,,DTWEXBGS,2007-09-03,Daily,,release_availability_unresolved
,Index Jan 2006=100,first official H.10 release after observation week; usable from calendar day after KST release date,pre-2009 daily-update availability not implemented,93.6433,,,DTWEXBGS,2007-09-04,Daily,,release_availability_unresolved
,Index Jan 2006=100,first official H.10 release after observation week; usable from calendar day after KST release date,pre-2009 daily-update availability not implemented,93.5453,,,DTWEXBGS,2007-09-05,Daily,,release_availability_unresolved
,Index Jan 2006=100,first official H.10 release after observation week; usable from calendar day after KST release date,pre-2009 daily-update availability not implemented,93.4468,,,DTWEXBGS,2007-09-06,Daily,,release_availability_unresolved
,Index Jan 2006=100,first official H.10 release after observation week; usable from calendar day after KST release date,pre-2009 daily-update availability not implemented,93.2939,,,DTWEXBGS,2007-09-07,Daily,,release_availability_unresolved
,Index Jan 2006=100,first official H.10 release after observation week; usable from calendar day after KST release date,pre-2009 daily-update availability not implemented,93.2349,,,DTWEXBGS,2007-09-10,Daily,,release_availability_unresolved
,Index Jan 2006=100,first official H.10 release after observation week; usable from calendar day after KST release date,pre-2009 daily-update availability not implemented,92.9244,,,DTWEXBGS,2007-09-11,Daily,,release_availability_unresolved
,Index Jan 2006=100,first official H.10 release after observation week; usable from calendar day after KST release date,pre-2009 daily-update availability not implemented,92.6386,,,DTWEXBGS,2007-09-12,Daily,,release_availability_unresolved
,Index Jan 2006=100,first official H.10 release after observation week; usable from calendar day after KST release date,pre-2009 daily-update availability not implemented,92.6172,,,DTWEXBGS,2007-09-13,Daily,,release_availability_unresolved
,Index Jan 2006=100,first official H.10 release after observation week; usable from calendar day after KST release date,pre-2009 daily-update availability not implemented,92.7083,,,DTWEXBGS,2007-09-14,Daily,,release_availability_unresolved
,Index Jan 2006=100,first official H.10 release after observation week; usable from calendar day after KST release date,pre-2009 daily-update availability not implemented,92.823,,,DTWEXBGS,2007-09-17,Daily,,release_availability_unresolved
,Index Jan 2006=100,first official H.10 release after observation week; usable from calendar day after KST release date,pre-2009 daily-update availability not implemented,92.6584,,,DTWEXBGS,2007-09-18,Daily,,release_availability_unresolved
,Index Jan 2006=100,first official H.10 release after observation week; usable from calendar day after KST release date,pre-2009 daily-update availability not implemented,92.1534,,,DTWEXBGS,2007-09-19,Daily,,release_availability_unresolved
,Index Jan 2006=100,first official H.10 release after observation week; usable from calendar day after KST release date,pre-2009 daily-update availability not implemented,91.4212,,,DTWEXBGS,2007-09-20,Daily,,release_availability_unresolved
,Index Jan 2006=100,first official H.10 release after observation week; usable from calendar day after KST release date,pre-2009 daily-update availability not implemented,91.4854,,,DTWEXBGS,2007-09-21,Daily,,release_availability_unresolved
,Index Jan 2006=100,first official H.10 release after observation week; usable from calendar day after KST release date,pre-2009 daily-update availability not implemented,91.4017,,,DTWEXBGS,2007-09-24,Daily,,release_availability_unresolved
,Index Jan 2006=100,first official H.10 release after observation week; usable from calendar day after KST release date,pre-2009 daily-update availability not implemented,91.3392,,,DTWEXBGS,2007-09-25,Daily,,release_availability_unresolved
,Index Jan 2006=100,first official H.10 release after observation week; usable from calendar day after KST release date,pre-2009 daily-update availability not implemented,91.4335,,,DTWEXBGS,2007-09-26,Daily,,release_availability_unresolved
,Index Jan 2006=100,first official H.10 release after observation week; usable from calendar day after KST release date,pre-2009 daily-update availability not implemented,91.3497,,,DTWEXBGS,2007-09-27,Daily,,release_availability_unresolved
,Index Jan 2006=100,first official H.10 release after observation week; usable from calendar day after KST release date,pre-2009 daily-update availability not implemented,90.9446,,,DTWEXBGS,2007-09-28,Daily,,release_availability_unresolved
,Index Jan 2006=100,first official H.10 release after observation week; usable from calendar day after KST release date,pre-2009 daily-update availability not implemented,90.8801,,,DTWEXBGS,2007-10-01,Daily,,release_availability_unresolved
,Index Jan 2006=100,first official H.10 release after observation week; usable from calendar day after KST release date,pre-2009 daily-update availability not implemented,91.12,,,DTWEXBGS,2007-10-02,Daily,,release_availability_unresolved
,Index Jan 2006=100,first official H.10 release after observation week; usable from calendar day after KST release date,pre-2009 daily-update availability not implemented,91.1038,,,DTWEXBGS,2007-10-03,Daily,,release_availability_unresolved
,Index Jan 2006=100,first official H.10 release after observation week; usable from calendar day after KST release date,pre-2009 daily-update availability not implemented,91.1632,,,DTWEXBGS,2007-10-04,Daily,,release_availability_unresolved
,Index Jan 2006=100,first official H.10 release after observation week; usable from calendar day after KST release date,pre-2009 daily-update availability not implemented,90.7393,,,DTWEXBGS,2007-10-05,Daily,,release_availability_unresolved
,Index Jan 2006=100,first official H.10 release after observation week; usable from calendar day after KST release date,pre-2009 daily-update availability not implemented,90.748,,,DTWEXBGS,2007-10-08,Daily,,release_availability_unresolved
,Index Jan 2006=100,first official H.10 release after observation week; usable from calendar day after KST release date,pre-2009 daily-update availability not implemented,90.8609,,,DTWEXBGS,2007-10-09,Daily,,release_availability_unresolved
,Index Jan 2006=100,first official H.10 release after observation week; usable from calendar day after KST release date,pre-2009 daily-update availability not implemented,90.7154,,,DTWEXBGS,2007-10-10,Daily,,release_availability_unresolved
,Index Jan 2006=100,first official H.10 release after observation week; usable from calendar day after KST release date,pre-2009 daily-update availability not implemented,90.4901,,,DTWEXBGS,2007-10-11,Daily,,release_availability_unresolved
,Index Jan 2006=100,first official H.10 release after observation week; usable from calendar day after KST release date,pre-2009 daily-update availability not implemented,90.5945,,,DTWEXBGS,2007-10-12,Daily,,release_availability_unresolved
,Index Jan 2006=100,first official H.10 release after observation week; usable from calendar day after KST release date,pre-2009 daily-update availability not implemented,90.5387,,,DTWEXBGS,2007-10-15,Daily,,release_availability_unresolved
,Index Jan 2006=100,first official H.10 release after observation week; usable from calendar day after KST release date,pre-2009 daily-update availability not implemented,90.7123,,,DTWEXBGS,2007-10-16,Daily,,release_availability_unresolved
,Index Jan 2006=100,first official H.10 release after observation week; usable from calendar day after KST release date,pre-2009 daily-update availability not implemented,90.515,,,DTWEXBGS,2007-10-17,Daily,,release_availability_unresolved
,Index Jan 2006=100,first official H.10 release after observation week; usable from calendar day after KST release date,pre-2009 daily-update availability not implemented,90.3084,,,DTWEXBGS,2007-10-18,Daily,,release_availability_unresolved
,Index Jan 2006=100,first official H.10 release after observation week; usable from calendar day after KST release date,pre-2009 daily-update availability not implemented,90.1014,,,DTWEXBGS,2007-10-19,Daily,,release_availability_unresolved
,Index Jan 2006=100,first official H.10 release after observation week; usable from calendar day after KST release date,pre-2009 daily-update availability not implemented,90.6777,,,DTWEXBGS,2007-10-22,Daily,,release_availability_unresolved
,Index Jan 2006=100,first official H.10 release after observation week; usable from calendar day after KST release date,pre-2009 daily-update availability not implemented,90.1899,,,DTWEXBGS,2007-10-23,Daily,,release_availability_unresolved
,Index Jan 2006=100,first official H.10 release after observation week; usable from calendar day after KST release date,pre-2009 daily-update availability not implemented,90.2262,,,DTWEXBGS,2007-10-24,Daily,,release_availability_unresolved
,Index Jan 2006=100,first official H.10 release after observation week; usable from calendar day after KST release date,pre-2009 daily-update availability not implemented,89.9925,,,DTWEXBGS,2007-10-25,Daily,,release_availability_unresolved
,Index Jan 2006=100,first official H.10 release after observation week; usable from calendar day after KST release date,pre-2009 daily-update availability not implemented,89.6508,,,DTWEXBGS,2007-10-26,Daily,,release_availability_unresolved
,Index Jan 2006=100,first official H.10 release after observation week; usable from calendar day after KST release date,pre-2009 daily-update availability not implemented,89.4118,,,DTWEXBGS,2007-10-29,Daily,,release_availability_unresolved
,Index Jan 2006=100,first official H.10 release after observation week; usable from calendar day after KST release date,pre-2009 daily-update availability not implemented,89.3252,,,DTWEXBGS,2007-10-30,Daily,,release_availability_unresolved
,Index Jan 2006=100,first official H.10 release after observation week; usable from calendar day after KST release date,pre-2009 daily-update availability not implemented,89.1389,,,DTWEXBGS,2007-10-31,Daily,,release_availability_unresolved
,Index Jan 2006=100,first official H.10 release after observation week; usable from calendar day after KST release date,pre-2009 daily-update availability not implemented,89.1628,,,DTWEXBGS,2007-11-01,Daily,,release_availability_unresolved
,Index Jan 2006=100,first official H.10 release after observation week; usable from calendar day after KST release date,pre-2009 daily-update availability not implemented,88.8924,,,DTWEXBGS,2007-11-02,Daily,,release_availability_unresolved
,Index Jan 2006=100,first official H.10 release after observation week; usable from calendar day after KST release date,pre-2009 daily-update availability not implemented,88.8851,,,DTWEXBGS,2007-11-05,Daily,,release_availability_unresolved
,Index Jan 2006=100,first official H.10 release after observation week; usable from calendar day after KST release date,pre-2009 daily-update availability not implemented,88.4938,,,DTWEXBGS,2007-11-06,Daily,,release_availability_unresolved
,Index Jan 2006=100,first official H.10 release after observation week; usable from calendar day after KST release date,pre-2009 daily-update availability not implemented,88.0631,,,DTWEXBGS,2007-11-07,Daily,,release_availability_unresolved
,Index Jan 2006=100,first official H.10 release after observation week; usable from calendar day after KST release date,pre-2009 daily-update availability not implemented,88.2631,,,DTWEXBGS,2007-11-08,Daily,,release_availability_unresolved
,Index Jan 2006=100,first official H.10 release after observation week; usable from calendar day after KST release date,pre-2009 daily-update availability not implemented,88.4615,,,DTWEXBGS,2007-11-09,Daily,,release_availability_unresolved
,Index Jan 2006=100,first official H.10 release after observation week; usable from calendar day after KST release date,pre-2009 daily-update availability not implemented,88.465,,,DTWEXBGS,2007-11-12,Daily,,release_availability_unresolved
,Index Jan 2006=100,first official H.10 release after observation week; usable from calendar day after KST release date,pre-2009 daily-update availability not implemented,89.1016,,,DTWEXBGS,2007-11-13,Daily,,release_availability_unresolved
,Index Jan 2006=100,first official H.10 release after observation week; usable from calendar day after KST release date,pre-2009 daily-update availability not implemented,88.9671,,,DTWEXBGS,2007-11-14,Daily,,release_availability_unresolved
,Index Jan 2006=100,first official H.10 release after observation week; usable from calendar day after KST release date,pre-2009 daily-update availability not implemented,89.4413,,,DTWEXBGS,2007-11-15,Daily,,release_availability_unresolved
,Index Jan 2006=100,first official H.10 release after observation week; usable from calendar day after KST release date,pre-2009 daily-update availability not implemented,89.3182,,,DTWEXBGS,2007-11-16,Daily,,release_availability_unresolved
,Index Jan 2006=100,first official H.10 release after observation week; usable from calendar day after KST release date,pre-2009 daily-update availability not implemented,89.5262,,,DTWEXBGS,2007-11-19,Daily,,release_availability_unresolved
,Index Jan 2006=100,first official H.10 release after observation week; usable from calendar day after KST release date,pre-2009 daily-update availability not implemented,89.2622,,,DTWEXBGS,2007-11-20,Daily,,release_availability_unresolved
,Index Jan 2006=100,first official H.10 release after observation week; usable from calendar day after KST release date,pre-2009 daily-update availability not implemented,89.3352,,,DTWEXBGS,2007-11-21,Daily,,release_availability_unresolved
,Index Jan 2006=100,first official H.10 release after observation week; usable from calendar day after KST release date,pre-2009 daily-update availability not implemented,89.3269,,,DTWEXBGS,2007-11-22,Daily,,release_availability_unresolved
,Index Jan 2006=100,first official H.10 release after observation week; usable from calendar day after KST release date,pre-2009 daily-update availability not implemented,89.2384,,,DTWEXBGS,2007-11-23,Daily,,release_availability_unresolved
,Index Jan 2006=100,first official H.10 release after observation week; usable from calendar day after KST release date,pre-2009 daily-update availability not implemented,89.145,,,DTWEXBGS,2007-11-26,Daily,,release_availability_unresolved
,Index Jan 2006=100,first official H.10 release after observation week; usable from calendar day after KST release date,pre-2009 daily-update availability not implemented,89.4082,,,DTWEXBGS,2007-11-27,Daily,,release_availability_unresolved
,Index Jan 2006=100,first official H.10 release after observation week; usable from calendar day after KST release date,pre-2009 daily-update availability not implemented,89.4195,,,DTWEXBGS,2007-11-28,Daily,,release_availability_unresolved
,Index Jan 2006=100,first official H.10 release after observation week; usable from calendar day after KST release date,pre-2009 daily-update availability not implemented,89.3681,,,DTWEXBGS,2007-11-29,Daily,,release_availability_unresolved
,Index Jan 2006=100,first official H.10 release after observation week; usable from calendar day after KST release date,pre-2009 daily-update availability not implemented,89.6212,,,DTWEXBGS,2007-11-30,Daily,,release_availability_unresolved
,Index Jan 2006=100,first official H.10 release after observation week; usable from calendar day after KST release date,pre-2009 daily-update availability not implemented,89.6403,,,DTWEXBGS,2007-12-03,Daily,,release_availability_unresolved
,Index Jan 2006=100,first official H.10 release after observation week; usable from calendar day after KST release date,pre-2009 daily-update availability not implemented,89.6672,,,DTWEXBGS,2007-12-04,Daily,,release_availability_unresolved
,Index Jan 2006=100,first official H.10 release after observation week; usable from calendar day after KST release date,pre-2009 daily-update availability not implemented,89.8751,,,DTWEXBGS,2007-12-05,Daily,,release_availability_unresolved
,Index Jan 2006=100,first official H.10 release after observation week; usable from calendar day after KST release date,pre-2009 daily-update availability not implemented,89.9268,,,DTWEXBGS,2007-12-06,Daily,,release_availability_unresolved
,Index Jan 2006=100,first official H.10 release after observation week; usable from calendar day after KST release date,pre-2009 daily-update availability not implemented,89.74,,,DTWEXBGS,2007-12-07,Daily,,release_availability_unresolved
,Index Jan 2006=100,first official H.10 release after observation week; usable from calendar day after KST release date,pre-2009 daily-update availability not implemented,89.6811,,,DTWEXBGS,2007-12-10,Daily,,release_availability_unresolved
,Index Jan 2006=100,first official H.10 release after observation week; usable from calendar day after KST release date,pre-2009 daily-update availability not implemented,89.7176,,,DTWEXBGS,2007-12-11,Daily,,release_availability_unresolved
,Index Jan 2006=100,first official H.10 release after observation week; usable from calendar day after KST release date,pre-2009 daily-update availability not implemented,89.7349,,,DTWEXBGS,2007-12-12,Daily,,release_availability_unresolved
,Index Jan 2006=100,first official H.10 release after observation week; usable from calendar day after KST release date,pre-2009 daily-update availability not implemented,90.1374,,,DTWEXBGS,2007-12-13,Daily,,release_availability_unresolved
,Index Jan 2006=100,first official H.10 release after observation week; usable from calendar day after KST release date,pre-2009 daily-update availability not implemented,90.4345,,,DTWEXBGS,2007-12-14,Daily,,release_availability_unresolved
,Index Jan 2006=100,first official H.10 release after observation week; usable from calendar day after KST release date,pre-2009 daily-update availability not implemented,90.5363,,,DTWEXBGS,2007-12-17,Daily,,release_availability_unresolved
,Index Jan 2006=100,first official H.10 release after observation week; usable from calendar day after KST release date,pre-2009 daily-update availability not implemented,90.5602,,,DTWEXBGS,2007-12-18,Daily,,release_availability_unresolved
,Index Jan 2006=100,first official H.10 release after observation week; usable from calendar day after KST release date,pre-2009 daily-update availability not implemented,90.6147,,,DTWEXBGS,2007-12-19,Daily,,release_availability_unresolved
,Index Jan 2006=100,first official H.10 release after observation week; usable from calendar day after KST release date,pre-2009 daily-update availability not implemented,90.4695,,,DTWEXBGS,2007-12-20,Daily,,release_availability_unresolved
,Index Jan 2006=100,first official H.10 release after observation week; usable from calendar day after KST release date,pre-2009 daily-update availability not implemented,90.3672,,,DTWEXBGS,2007-12-21,Daily,,release_availability_unresolved
,Index Jan 2006=100,first official H.10 release after observation week; usable from calendar day after KST release date,pre-2009 daily-update availability not implemented,90.1788,,,DTWEXBGS,2007-12-24,Daily,,release_availability_unresolved
,Index Jan 2006=100,first official H.10 release after observation week; usable from calendar day after KST release date,pre-2009 daily-update availability not implemented,90.1786,,,DTWEXBGS,2007-12-25,Daily,,release_availability_unresolved
,Index Jan 2006=100,first official H.10 release after observation week; usable from calendar day after KST release date,pre-2009 daily-update availability not implemented,89.9226,,,DTWEXBGS,2007-12-26,Daily,,release_availability_unresolved
,Index Jan 2006=100,first official H.10 release after observation week; usable from calendar day after KST release date,pre-2009 daily-update availability not implemented,89.684,,,DTWEXBGS,2007-12-27,Daily,,release_availability_unresolved
,Index Jan 2006=100,first official H.10 release after observation week; usable from calendar day after KST release date,pre-2009 daily-update availability not implemented,89.4069,,,DTWEXBGS,2007-12-28,Daily,,release_availability_unresolved
,Index Jan 2006=100,first official H.10 release after observation week; usable from calendar day after KST release date,pre-2009 daily-update availability not implemented,89.6304,,,DTWEXBGS,2007-12-31,Daily,,release_availability_unresolved
,Index Jan 2006=100,first official H.10 release after observation week; usable from calendar day after KST release date,pre-2009 daily-update availability not implemented,89.6297,,,DTWEXBGS,2008-01-01,Daily,,release_availability_unresolved
,Index Jan 2006=100,first official H.10 release after observation week; usable from calendar day after KST release date,pre-2009 daily-update availability not implemented,89.3514,,,DTWEXBGS,2008-01-02,Daily,,release_availability_unresolved
,Index Jan 2006=100,first official H.10 release after observation week; usable from calendar day after KST release date,pre-2009 daily-update availability not implemented,89.231,,,DTWEXBGS,2008-01-03,Daily,,release_availability_unresolved
,Index Jan 2006=100,first official H.10 release after observation week; usable from calendar day after KST release date,pre-2009 daily-update availability not implemented,89.2467,,,DTWEXBGS,2008-01-04,Daily,,release_availability_unresolved
,Index Jan 2006=100,first official H.10 release after observation week; usable from calendar day after KST release date,pre-2009 daily-update availability not implemented,89.5718,,,DTWEXBGS,2008-01-07,Daily,,release_availability_unresolved
,Index Jan 2006=100,first official H.10 release after observation week; usable from calendar day after KST release date,pre-2009 daily-update availability not implemented,89.3398,,,DTWEXBGS,2008-01-08,Daily,,release_availability_unresolved
,Index Jan 2006=100,first official H.10 release after observation week; usable from calendar day after KST release date,pre-2009 daily-update availability not implemented,89.6807,,,DTWEXBGS,2008-01-09,Daily,,release_availability_unresolved
,Index Jan 2006=100,first official H.10 release after observation week; usable from calendar day after KST release date,pre-2009 daily-update availability not implemented,89.6226,,,DTWEXBGS,2008-01-10,Daily,,release_availability_unresolved
,Index Jan 2006=100,first official H.10 release after observation week; usable from calendar day after KST release date,pre-2009 daily-update availability not implemented,89.5215,,,DTWEXBGS,2008-01-11,Daily,,release_availability_unresolved
,Index Jan 2006=100,first official H.10 release after observation week; usable from calendar day after KST release date,pre-2009 daily-update availability not implemented,89.2749,,,DTWEXBGS,2008-01-14,Daily,,release_availability_unresolved
,Index Jan 2006=100,first official H.10 release after observation week; usable from calendar day after KST release date,pre-2009 daily-update availability not implemented,89.1555,,,DTWEXBGS,2008-01-15,Daily,,release_availability_unresolved
,Index Jan 2006=100,first official H.10 release after observation week; usable from calendar day after KST release date,pre-2009 daily-update availability not implemented,89.6701,,,DTWEXBGS,2008-01-16,Daily,,release_availability_unresolved
,Index Jan 2006=100,first official H.10 release after observation week; usable from calendar day after KST release date,pre-2009 daily-update availability not implemented,89.6484,,,DTWEXBGS,2008-01-17,Daily,,release_availability_unresolved
,Index Jan 2006=100,first official H.10 release after observation week; usable from calendar day after KST release date,pre-2009 daily-update availability not implemented,89.8993,,,DTWEXBGS,2008-01-18,Daily,,release_availability_unresolved
,Index Jan 2006=100,first official H.10 release after observation week; usable from calendar day after KST release date,pre-2009 daily-update availability not implemented,89.9265,,,DTWEXBGS,2008-01-21,Daily,,release_availability_unresolved
,Index Jan 2006=100,first official H.10 release after observation week; usable from calendar day after KST release date,pre-2009 daily-update availability not implemented,89.84,,,DTWEXBGS,2008-01-22,Daily,,release_availability_unresolved
,Index Jan 2006=100,first official H.10 release after observation week; usable from calendar day after KST release date,pre-2009 daily-update availability not implemented,89.9138,,,DTWEXBGS,2008-01-23,Daily,,release_availability_unresolved
,Index Jan 2006=100,first official H.10 release after observation week; usable from calendar day after KST release date,pre-2009 daily-update availability not implemented,89.203,,,DTWEXBGS,2008-01-24,Daily,,release_availability_unresolved
,Index Jan 2006=100,first official H.10 release after observation week; usable from calendar day after KST release date,pre-2009 daily-update availability not implemented,89.2184,,,DTWEXBGS,2008-01-25,Daily,,release_availability_unresolved
,Index Jan 2006=100,first official H.10 release after observation week; usable from calendar day after KST release date,pre-2009 daily-update availability not implemented,88.9555,,,DTWEXBGS,2008-01-28,Daily,,release_availability_unresolved
,Index Jan 2006=100,first official H.10 release after observation week; usable from calendar day after KST release date,pre-2009 daily-update availability not implemented,88.8342,,,DTWEXBGS,2008-01-29,Daily,,release_availability_unresolved
,Index Jan 2006=100,first official H.10 release after observation week; usable from calendar day after KST release date,pre-2009 daily-update availability not implemented,88.7442,,,DTWEXBGS,2008-01-30,Daily,,release_availability_unresolved
,Index Jan 2006=100,first official H.10 release after observation week; usable from calendar day after KST release date,pre-2009 daily-update availability not implemented,88.6547,,,DTWEXBGS,2008-01-31,Daily,,release_availability_unresolved
,Index Jan 2006=100,first official H.10 release after observation week; usable from calendar day after KST release date,pre-2009 daily-update availability not implemented,88.4824,,,DTWEXBGS,2008-02-01,Daily,,release_availability_unresolved
,Index Jan 2006=100,first official H.10 release after observation week; usable from calendar day after KST release date,pre-2009 daily-update availability not implemented,88.4788,,,DTWEXBGS,2008-02-04,Daily,,release_availability_unresolved
,Index Jan 2006=100,first official H.10 release after observation week; usable from calendar day after KST release date,pre-2009 daily-update availability not implemented,89.076,,,DTWEXBGS,2008-02-05,Daily,,release_availability_unresolved
,Index Jan 2006=100,first official H.10 release after observation week; usable from calendar day after KST release date,pre-2009 daily-update availability not implemented,88.9987,,,DTWEXBGS,2008-02-06,Daily,,release_availability_unresolved
,Index Jan 2006=100,first official H.10 release after observation week; usable from calendar day after KST release date,pre-2009 daily-update availability not implemented,89.4221,,,DTWEXBGS,2008-02-07,Daily,,release_availability_unresolved
,Index Jan 2006=100,first official H.10 release after observation week; usable from calendar day after KST release date,pre-2009 daily-update availability not implemented,89.2226,,,DTWEXBGS,2008-02-08,Daily,,release_availability_unresolved
,Index Jan 2006=100,first official H.10 release after observation week; usable from calendar day after KST release date,pre-2009 daily-update availability not implemented,89.2149,,,DTWEXBGS,2008-02-11,Daily,,release_availability_unresolved
,Index Jan 2006=100,first official H.10 release after observation week; usable from calendar day after KST release date,pre-2009 daily-update availability not implemented,88.9539,,,DTWEXBGS,2008-02-12,Daily,,release_availability_unresolved
,Index Jan 2006=100,first official H.10 release after observation week; usable from calendar day after KST release date,pre-2009 daily-update availability not implemented,89.1382,,,DTWEXBGS,2008-02-13,Daily,,release_availability_unresolved
,Index Jan 2006=100,first official H.10 release after observation week; usable from calendar day after KST release date,pre-2009 daily-update availability not implemented,88.9055,,,DTWEXBGS,2008-02-14,Daily,,release_availability_unresolved
,Index Jan 2006=100,first official H.10 release after observation week; usable from calendar day after KST release date,pre-2009 daily-update availability not implemented,88.9006,,,DTWEXBGS,2008-02-15,Daily,,release_availability_unresolved
,Index Jan 2006=100,first official H.10 release after observation week; usable from calendar day after KST release date,pre-2009 daily-update availability not implemented,88.9004,,,DTWEXBGS,2008-02-18,Daily,,release_availability_unresolved
,Index Jan 2006=100,first official H.10 release after observation week; usable from calendar day after KST release date,pre-2009 daily-update availability not implemented,88.9626,,,DTWEXBGS,2008-02-19,Daily,,release_availability_unresolved
,Index Jan 2006=100,first official H.10 release after observation week; usable from calendar day after KST release date,pre-2009 daily-update availability not implemented,89.2572,,,DTWEXBGS,2008-02-20,Daily,,release_availability_unresolved
,Index Jan 2006=100,first official H.10 release after observation week; usable from calendar day after KST release date,pre-2009 daily-update availability not implemented,88.716,,,DTWEXBGS,2008-02-21,Daily,,release_availability_unresolved
,Index Jan 2006=100,first official H.10 release after observation week; usable from calendar day after KST release date,pre-2009 daily-update availability not implemented,88.7082,,,DTWEXBGS,2008-02-22,Daily,,release_availability_unresolved
,Index Jan 2006=100,first official H.10 release after observation week; usable from calendar day after KST release date,pre-2009 daily-update availability not implemented,88.5373,,,DTWEXBGS,2008-02-25,Daily,,release_availability_unresolved
,Index Jan 2006=100,first official H.10 release after observation week; usable from calendar day after KST release date,pre-2009 daily-update availability not implemented,88.0998,,,DTWEXBGS,2008-02-26,Daily,,release_availability_unresolved
,Index Jan 2006=100,first official H.10 release after observation week; usable from calendar day after KST release date,pre-2009 daily-update availability not implemented,87.3353,,,DTWEXBGS,2008-02-27,Daily,,release_availability_unresolved
,Index Jan 2006=100,first official H.10 release after observation week; usable from calendar day after KST release date,pre-2009 daily-update availability not implemented,87.0363,,,DTWEXBGS,2008-02-28,Daily,,release_availability_unresolved
,Index Jan 2006=100,first official H.10 release after observation week; usable from calendar day after KST release date,pre-2009 daily-update availability not implemented,87.1654,,,DTWEXBGS,2008-02-29,Daily,,release_availability_unresolved
,Index Jan 2006=100,first official H.10 release after observation week; usable from calendar day after KST release date,pre-2009 daily-update availability not implemented,87.2381,,,DTWEXBGS,2008-03-03,Daily,,release_availability_unresolved
,Index Jan 2006=100,first official H.10 release after observation week; usable from calendar day after KST release date,pre-2009 daily-update availability not implemented,87.3039,,,DTWEXBGS,2008-03-04,Daily,,release_availability_unresolved
,Index Jan 2006=100,first official H.10 release after observation week; usable from calendar day after KST release date,pre-2009 daily-update availability not implemented,87.1347,,,DTWEXBGS,2008-03-05,Daily,,release_availability_unresolved
,Index Jan 2006=100,first official H.10 release after observation week; usable from calendar day after KST release date,pre-2009 daily-update availability not implemented,86.9105,,,DTWEXBGS,2008-03-06,Daily,,release_availability_unresolved
,Index Jan 2006=100,first official H.10 release after observation week; usable from calendar day after KST release date,pre-2009 daily-update availability not implemented,87.1258,,,DTWEXBGS,2008-03-07,Daily,,release_availability_unresolved
,Index Jan 2006=100,first official H.10 release after observation week; usable from calendar day after KST release date,pre-2009 daily-update availability not implemented,87.1452,,,DTWEXBGS,2008-03-10,Daily,,release_availability_unresolved
,Index Jan 2006=100,first official H.10 release after observation week; usable from calendar day after KST release date,pre-2009 daily-update availability not implemented,87.1763,,,DTWEXBGS,2008-03-11,Daily,,release_availability_unresolved
,Index Jan 2006=100,first official H.10 release after observation week; usable from calendar day after KST release date,pre-2009 daily-update availability not implemented,86.728,,,DTWEXBGS,2008-03-12,Daily,,release_availability_unresolved
,Index Jan 2006=100,first official H.10 release after observation week; usable from calendar day after KST release date,pre-2009 daily-update availability not implemented,86.3891,,,DTWEXBGS,2008-03-13,Daily,,release_availability_unresolved
,Index Jan 2006=100,first official H.10 release after observation week; usable from calendar day after KST release date,pre-2009 daily-update availability not implemented,86.4301,,,DTWEXBGS,2008-03-14,Daily,,release_availability_unresolved
,Index Jan 2006=100,first official H.10 release after observation week; usable from calendar day after KST release date,pre-2009 daily-update availability not implemented,86.3417,,,DTWEXBGS,2008-03-17,Daily,,release_availability_unresolved
,Index Jan 2006=100,first official H.10 release after observation week; usable from calendar day after KST release date,pre-2009 daily-update availability not implemented,86.1191,,,DTWEXBGS,2008-03-18,Daily,,release_availability_unresolved
,Index Jan 2006=100,first official H.10 release after observation week; usable from calendar day after KST release date,pre-2009 daily-update availability not implemented,86.5755,,,DTWEXBGS,2008-03-19,Daily,,release_availability_unresolved
,Index Jan 2006=100,first official H.10 release after observation week; usable from calendar day after KST release date,pre-2009 daily-update availability not implemented,87.3293,,,DTWEXBGS,2008-03-20,Daily,,release_availability_unresolved
,Index Jan 2006=100,first official H.10 release after observation week; usable from calendar day after KST release date,pre-2009 daily-update availability not implemented,87.2111,,,DTWEXBGS,2008-03-21,Daily,,release_availability_unresolved
,Index Jan 2006=100,first official H.10 release after observation week; usable from calendar day after KST release date,pre-2009 daily-update availability not implemented,87.3103,,,DTWEXBGS,2008-03-24,Daily,,release_availability_unresolved
,Index Jan 2006=100,first official H.10 release after observation week; usable from calendar day after KST release date,pre-2009 daily-update availability not implemented,86.8339,,,DTWEXBGS,2008-03-25,Daily,,release_availability_unresolved
,Index Jan 2006=100,first official H.10 release after observation week; usable from calendar day after KST release date,pre-2009 daily-update availability not implemented,86.5513,,,DTWEXBGS,2008-03-26,Daily,,release_availability_unresolved
,Index Jan 2006=100,first official H.10 release after observation week; usable from calendar day after KST release date,pre-2009 daily-update availability not implemented,86.4583,,,DTWEXBGS,2008-03-27,Daily,,release_availability_unresolved
,Index Jan 2006=100,first official H.10 release after observation week; usable from calendar day after KST release date,pre-2009 daily-update availability not implemented,86.6369,,,DTWEXBGS,2008-03-28,Daily,,release_availability_unresolved
,Index Jan 2006=100,first official H.10 release after observation week; usable from calendar day after KST release date,pre-2009 daily-update availability not implemented,86.6881,,,DTWEXBGS,2008-03-31,Daily,,release_availability_unresolved
,Index Jan 2006=100,first official H.10 release after observation week; usable from calendar day after KST release date,pre-2009 daily-update availability not implemented,87.0276,,,DTWEXBGS,2008-04-01,Daily,,release_availability_unresolved
,Index Jan 2006=100,first official H.10 release after observation week; usable from calendar day after KST release date,pre-2009 daily-update availability not implemented,86.8886,,,DTWEXBGS,2008-04-02,Daily,,release_availability_unresolved
,Index Jan 2006=100,first official H.10 release after observation week; usable from calendar day after KST release date,pre-2009 daily-update availability not implemented,86.6424,,,DTWEXBGS,2008-04-03,Daily,,release_availability_unresolved
,Index Jan 2006=100,first official H.10 release after observation week; usable from calendar day after KST release date,pre-2009 daily-update availability not implemented,86.5108,,,DTWEXBGS,2008-04-04,Daily,,release_availability_unresolved
,Index Jan 2006=100,first official H.10 release after observation week; usable from calendar day after KST release date,pre-2009 daily-update availability not implemented,86.603,,,DTWEXBGS,2008-04-07,Daily,,release_availability_unresolved
,Index Jan 2006=100,first official H.10 release after observation week; usable from calendar day after KST release date,pre-2009 daily-update availability not implemented,86.7369,,,DTWEXBGS,2008-04-08,Daily,,release_availability_unresolved
,Index Jan 2006=100,first official H.10 release after observation week; usable from calendar day after KST release date,pre-2009 daily-update availability not implemented,86.5764,,,DTWEXBGS,2008-04-09,Daily,,release_availability_unresolved
,Index Jan 2006=100,first official H.10 release after observation week; usable from calendar day after KST release date,pre-2009 daily-update availability not implemented,86.5131,,,DTWEXBGS,2008-04-10,Daily,,release_availability_unresolved
,Index Jan 2006=100,first official H.10 release after observation week; usable from calendar day after KST release date,pre-2009 daily-update availability not implemented,86.5029,,,DTWEXBGS,2008-04-11,Daily,,release_availability_unresolved
,Index Jan 2006=100,first official H.10 release after observation week; usable from calendar day after KST release date,pre-2009 daily-update availability not implemented,86.3492,,,DTWEXBGS,2008-04-14,Daily,,release_availability_unresolved
,Index Jan 2006=100,first official H.10 release after observation week; usable from calendar day after KST release date,pre-2009 daily-update availability not implemented,86.4705,,,DTWEXBGS,2008-04-15,Daily,,release_availability_unresolved
,Index Jan 2006=100,first official H.10 release after observation week; usable from calendar day after KST release date,pre-2009 daily-update availability not implemented,85.9037,,,DTWEXBGS,2008-04-16,Daily,,release_availability_unresolved
,Index Jan 2006=100,first official H.10 release after observation week; usable from calendar day after KST release date,pre-2009 daily-update availability not implemented,86.1077,,,DTWEXBGS,2008-04-17,Daily,,release_availability_unresolved
,Index Jan 2006=100,first official H.10 release after observation week; usable from calendar day after KST release date,pre-2009 daily-update availability not implemented,86.5277,,,DTWEXBGS,2008-04-18,Daily,,release_availability_unresolved
,Index Jan 2006=100,first official H.10 release after observation week; usable from calendar day after KST release date,pre-2009 daily-update availability not implemented,86.2979,,,DTWEXBGS,2008-04-21,Daily,,release_availability_unresolved
,Index Jan 2006=100,first official H.10 release after observation week; usable from calendar day after KST release date,pre-2009 daily-update availability not implemented,85.927,,,DTWEXBGS,2008-04-22,Daily,,release_availability_unresolved
,Index Jan 2006=100,first official H.10 release after observation week; usable from calendar day after KST release date,pre-2009 daily-update availability not implemented,86.3841,,,DTWEXBGS,2008-04-23,Daily,,release_availability_unresolved
,Index Jan 2006=100,first official H.10 release after observation week; usable from calendar day after KST release date,pre-2009 daily-update availability not implemented,86.7154,,,DTWEXBGS,2008-04-24,Daily,,release_availability_unresolved
,Index Jan 2006=100,first official H.10 release after observation week; usable from calendar day after KST release date,pre-2009 daily-update availability not implemented,86.8337,,,DTWEXBGS,2008-04-25,Daily,,release_availability_unresolved
,Index Jan 2006=100,first official H.10 release after observation week; usable from calendar day after KST release date,pre-2009 daily-update availability not implemented,86.7635,,,DTWEXBGS,2008-04-28,Daily,,release_availability_unresolved
,Index Jan 2006=100,first official H.10 release after observation week; usable from calendar day after KST release date,pre-2009 daily-update availability not implemented,86.873,,,DTWEXBGS,2008-04-29,Daily,,release_availability_unresolved
,Index Jan 2006=100,first official H.10 release after observation week; usable from calendar day after KST release date,pre-2009 daily-update availability not implemented,86.8907,,,DTWEXBGS,2008-04-30,Daily,,release_availability_unresolved
,Index Jan 2006=100,first official H.10 release after observation week; usable from calendar day after KST release date,pre-2009 daily-update availability not implemented,87.1347,,,DTWEXBGS,2008-05-01,Daily,,release_availability_unresolved
,Index Jan 2006=100,first official H.10 release after observation week; usable from calendar day after KST release date,pre-2009 daily-update availability not implemented,87.2311,,,DTWEXBGS,2008-05-02,Daily,,release_availability_unresolved
,Index Jan 2006=100,first official H.10 release after observation week; usable from calendar day after KST release date,pre-2009 daily-update availability not implemented,87.0636,,,DTWEXBGS,2008-05-05,Daily,,release_availability_unresolved
,Index Jan 2006=100,first official H.10 release after observation week; usable from calendar day after KST release date,pre-2009 daily-update availability not implemented,86.847,,,DTWEXBGS,2008-05-06,Daily,,release_availability_unresolved
,Index Jan 2006=100,first official H.10 release after observation week; usable from calendar day after KST release date,pre-2009 daily-update availability not implemented,87.3421,,,DTWEXBGS,2008-05-07,Daily,,release_availability_unresolved
,Index Jan 2006=100,first official H.10 release after observation week; usable from calendar day after KST release date,pre-2009 daily-update availability not implemented,87.4575,,,DTWEXBGS,2008-05-08,Daily,,release_availability_unresolved
,Index Jan 2006=100,first official H.10 release after observation week; usable from calendar day after KST release date,pre-2009 daily-update availability not implemented,87.2528,,,DTWEXBGS,2008-05-09,Daily,,release_availability_unresolved
,Index Jan 2006=100,first official H.10 release after observation week; usable from calendar day after KST release date,pre-2009 daily-update availability not implemented,87.0403,,,DTWEXBGS,2008-05-12,Daily,,release_availability_unresolved
,Index Jan 2006=100,first official H.10 release after observation week; usable from calendar day after KST release date,pre-2009 daily-update availability not implemented,87.1332,,,DTWEXBGS,2008-05-13,Daily,,release_availability_unresolved
,Index Jan 2006=100,first official H.10 release after observation week; usable from calendar day after KST release date,pre-2009 daily-update availability not implemented,87.3659,,,DTWEXBGS,2008-05-14,Daily,,release_availability_unresolved
,Index Jan 2006=100,first official H.10 release after observation week; usable from calendar day after KST release date,pre-2009 daily-update availability not implemented,87.1823,,,DTWEXBGS,2008-05-15,Daily,,release_availability_unresolved
,Index Jan 2006=100,first official H.10 release after observation week; usable from calendar day after KST release date,pre-2009 daily-update availability not implemented,86.7855,,,DTWEXBGS,2008-05-16,Daily,,release_availability_unresolved
,Index Jan 2006=100,first official H.10 release after observation week; usable from calendar day after KST release date,pre-2009 daily-update availability not implemented,86.8225,,,DTWEXBGS,2008-05-19,Daily,,release_availability_unresolved
,Index Jan 2006=100,first official H.10 release after observation week; usable from calendar day after KST release date,pre-2009 daily-update availability not implemented,86.5627,,,DTWEXBGS,2008-05-20,Daily,,release_availability_unresolved
,Index Jan 2006=100,first official H.10 release after observation week; usable from calendar day after KST release date,pre-2009 daily-update availability not implemented,86.1595,,,DTWEXBGS,2008-05-21,Daily,,release_availability_unresolved
,Index Jan 2006=100,first official H.10 release after observation week; usable from calendar day after KST release date,pre-2009 daily-update availability not implemented,86.3223,,,DTWEXBGS,2008-05-22,Daily,,release_availability_unresolved
,Index Jan 2006=100,first official H.10 release after observation week; usable from calendar day after KST release date,pre-2009 daily-update availability not implemented,86.1922,,,DTWEXBGS,2008-05-23,Daily,,release_availability_unresolved
,Index Jan 2006=100,first official H.10 release after observation week; usable from calendar day after KST release date,pre-2009 daily-update availability not implemented,86.19,,,DTWEXBGS,2008-05-26,Daily,,release_availability_unresolved
,Index Jan 2006=100,first official H.10 release after observation week; usable from calendar day after KST release date,pre-2009 daily-update availability not implemented,86.4459,,,DTWEXBGS,2008-05-27,Daily,,release_availability_unresolved
,Index Jan 2006=100,first official H.10 release after observation week; usable from calendar day after KST release date,pre-2009 daily-update availability not implemented,86.4951,,,DTWEXBGS,2008-05-28,Daily,,release_availability_unresolved
,Index Jan 2006=100,first official H.10 release after observation week; usable from calendar day after KST release date,pre-2009 daily-update availability not implemented,86.5616,,,DTWEXBGS,2008-05-29,Daily,,release_availability_unresolved
,Index Jan 2006=100,first official H.10 release after observation week; usable from calendar day after KST release date,pre-2009 daily-update availability not implemented,86.5504,,,DTWEXBGS,2008-05-30,Daily,,release_availability_unresolved
,Index Jan 2006=100,first official H.10 release after observation week; usable from calendar day after KST release date,pre-2009 daily-update availability not implemented,86.6321,,,DTWEXBGS,2008-06-02,Daily,,release_availability_unresolved
,Index Jan 2006=100,first official H.10 release after observation week; usable from calendar day after KST release date,pre-2009 daily-update availability not implemented,86.8359,,,DTWEXBGS,2008-06-03,Daily,,release_availability_unresolved
,Index Jan 2006=100,first official H.10 release after observation week; usable from calendar day after KST release date,pre-2009 daily-update availability not implemented,87.0999,,,DTWEXBGS,2008-06-04,Daily,,release_availability_unresolved
,Index Jan 2006=100,first official H.10 release after observation week; usable from calendar day after KST release date,pre-2009 daily-update availability not implemented,87.0968,,,DTWEXBGS,2008-06-05,Daily,,release_availability_unresolved
,Index Jan 2006=100,first official H.10 release after observation week; usable from calendar day after KST release date,pre-2009 daily-update availability not implemented,86.8028,,,DTWEXBGS,2008-06-06,Daily,,release_availability_unresolved
,Index Jan 2006=100,first official H.10 release after observation week; usable from calendar day after KST release date,pre-2009 daily-update availability not implemented,86.9096,,,DTWEXBGS,2008-06-09,Daily,,release_availability_unresolved
,Index Jan 2006=100,first official H.10 release after observation week; usable from calendar day after KST release date,pre-2009 daily-update availability not implemented,87.4705,,,DTWEXBGS,2008-06-10,Daily,,release_availability_unresolved
,Index Jan 2006=100,first official H.10 release after observation week; usable from calendar day after KST release date,pre-2009 daily-update availability not implemented,87.2059,,,DTWEXBGS,2008-06-11,Daily,,release_availability_unresolved
,Index Jan 2006=100,first official H.10 release after observation week; usable from calendar day after KST release date,pre-2009 daily-update availability not implemented,87.6187,,,DTWEXBGS,2008-06-12,Daily,,release_availability_unresolved
,Index Jan 2006=100,first official H.10 release after observation week; usable from calendar day after KST release date,pre-2009 daily-update availability not implemented,87.7622,,,DTWEXBGS,2008-06-13,Daily,,release_availability_unresolved
,Index Jan 2006=100,first official H.10 release after observation week; usable from calendar day after KST release date,pre-2009 daily-update availability not implemented,87.3911,,,DTWEXBGS,2008-06-16,Daily,,release_availability_unresolved
,Index Jan 2006=100,first official H.10 release after observation week; usable from calendar day after KST release date,pre-2009 daily-update availability not implemented,87.2103,,,DTWEXBGS,2008-06-17,Daily,,release_availability_unresolved
,Index Jan 2006=100,first official H.10 release after observation week; usable from calendar day after KST release date,pre-2009 daily-update availability not implemented,87.1872,,,DTWEXBGS,2008-06-18,Daily,,release_availability_unresolved
,Index Jan 2006=100,first official H.10 release after observation week; usable from calendar day after KST release date,pre-2009 daily-update availability not implemented,87.0815,,,DTWEXBGS,2008-06-19,Daily,,release_availability_unresolved
,Index Jan 2006=100,first official H.10 release after observation week; usable from calendar day after KST release date,pre-2009 daily-update availability not implemented,86.9036,,,DTWEXBGS,2008-06-20,Daily,,release_availability_unresolved
,Index Jan 2006=100,first official H.10 release after observation week; usable from calendar day after KST release date,pre-2009 daily-update availability not implemented,87.2163,,,DTWEXBGS,2008-06-23,Daily,,release_availability_unresolved
,Index Jan 2006=100,first official H.10 release after observation week; usable from calendar day after KST release date,pre-2009 daily-update availability not implemented,86.9666,,,DTWEXBGS,2008-06-24,Daily,,release_availability_unresolved
,Index Jan 2006=100,first official H.10 release after observation week; usable from calendar day after KST release date,pre-2009 daily-update availability not implemented,87.0535,,,DTWEXBGS,2008-06-25,Daily,,release_availability_unresolved
,Index Jan 2006=100,first official H.10 release after observation week; usable from calendar day after KST release date,pre-2009 daily-update availability not implemented,86.6793,,,DTWEXBGS,2008-06-26,Daily,,release_availability_unresolved
,Index Jan 2006=100,first official H.10 release after observation week; usable from calendar day after KST release date,pre-2009 daily-update availability not implemented,86.643,,,DTWEXBGS,2008-06-27,Daily,,release_availability_unresolved
,Index Jan 2006=100,first official H.10 release after observation week; usable from calendar day after KST release date,pre-2009 daily-update availability not implemented,86.7621,,,DTWEXBGS,2008-06-30,Daily,,release_availability_unresolved
,Index Jan 2006=100,first official H.10 release after observation week; usable from calendar day after KST release date,pre-2009 daily-update availability not implemented,86.8447,,,DTWEXBGS,2008-07-01,Daily,,release_availability_unresolved
,Index Jan 2006=100,first official H.10 release after observation week; usable from calendar day after KST release date,pre-2009 daily-update availability not implemented,86.4782,,,DTWEXBGS,2008-07-02,Daily,,release_availability_unresolved
,Index Jan 2006=100,first official H.10 release after observation week; usable from calendar day after KST release date,pre-2009 daily-update availability not implemented,86.8843,,,DTWEXBGS,2008-07-03,Daily,,release_availability_unresolved
,Index Jan 2006=100,first official H.10 release after observation week; usable from calendar day after KST release date,pre-2009 daily-update availability not implemented,86.8781,,,DTWEXBGS,2008-07-04,Daily,,release_availability_unresolved
,Index Jan 2006=100,first official H.10 release after observation week; usable from calendar day after KST release date,pre-2009 daily-update availability not implemented,86.9617,,,DTWEXBGS,2008-07-07,Daily,,release_availability_unresolved
,Index Jan 2006=100,first official H.10 release after observation week; usable from calendar day after KST release date,pre-2009 daily-update availability not implemented,86.9778,,,DTWEXBGS,2008-07-08,Daily,,release_availability_unresolved
,Index Jan 2006=100,first official H.10 release after observation week; usable from calendar day after KST release date,pre-2009 daily-update availability not implemented,86.5335,,,DTWEXBGS,2008-07-09,Daily,,release_availability_unresolved
,Index Jan 2006=100,first official H.10 release after observation week; usable from calendar day after KST release date,pre-2009 daily-update availability not implemented,86.5122,,,DTWEXBGS,2008-07-10,Daily,,release_availability_unresolved
,Index Jan 2006=100,first official H.10 release after observation week; usable from calendar day after KST release date,pre-2009 daily-update availability not implemented,86.221,,,DTWEXBGS,2008-07-11,Daily,,release_availability_unresolved
,Index Jan 2006=100,first official H.10 release after observation week; usable from calendar day after KST release date,pre-2009 daily-update availability not implemented,86.1079,,,DTWEXBGS,2008-07-14,Daily,,release_availability_unresolved
,Index Jan 2006=100,first official H.10 release after observation week; usable from calendar day after KST release date,pre-2009 daily-update availability not implemented,85.8731,,,DTWEXBGS,2008-07-15,Daily,,release_availability_unresolved
,Index Jan 2006=100,first official H.10 release after observation week; usable from calendar day after KST release date,pre-2009 daily-update availability not implemented,85.9285,,,DTWEXBGS,2008-07-16,Daily,,release_availability_unresolved
,Index Jan 2006=100,first official H.10 release after observation week; usable from calendar day after KST release date,pre-2009 daily-update availability not implemented,85.9387,,,DTWEXBGS,2008-07-17,Daily,,release_availability_unresolved
,Index Jan 2006=100,first official H.10 release after observation week; usable from calendar day after KST release date,pre-2009 daily-update availability not implemented,86.0735,,,DTWEXBGS,2008-07-18,Daily,,release_availability_unresolved
,Index Jan 2006=100,first official H.10 release after observation week; usable from calendar day after KST release date,pre-2009 daily-update availability not implemented,86.0151,,,DTWEXBGS,2008-07-21,Daily,,release_availability_unresolved
,Index Jan 2006=100,first official H.10 release after observation week; usable from calendar day after KST release date,pre-2009 daily-update availability not implemented,86.1909,,,DTWEXBGS,2008-07-22,Daily,,release_availability_unresolved
,Index Jan 2006=100,first official H.10 release after observation week; usable from calendar day after KST release date,pre-2009 daily-update availability not implemented,86.2664,,,DTWEXBGS,2008-07-23,Daily,,release_availability_unresolved
,Index Jan 2006=100,first official H.10 release after observation week; usable from calendar day after KST release date,pre-2009 daily-update availability not implemented,86.4017,,,DTWEXBGS,2008-07-24,Daily,,release_availability_unresolved
,Index Jan 2006=100,first official H.10 release after observation week; usable from calendar day after KST release date,pre-2009 daily-update availability not implemented,86.3916,,,DTWEXBGS,2008-07-25,Daily,,release_availability_unresolved
,Index Jan 2006=100,first official H.10 release after observation week; usable from calendar day after KST release date,pre-2009 daily-update availability not implemented,86.4666,,,DTWEXBGS,2008-07-28,Daily,,release_availability_unresolved
,Index Jan 2006=100,first official H.10 release after observation week; usable from calendar day after KST release date,pre-2009 daily-update availability not implemented,86.8175,,,DTWEXBGS,2008-07-29,Daily,,release_availability_unresolved
,Index Jan 2006=100,first official H.10 release after observation week; usable from calendar day after KST release date,pre-2009 daily-update availability not implemented,86.8167,,,DTWEXBGS,2008-07-30,Daily,,release_availability_unresolved
,Index Jan 2006=100,first official H.10 release after observation week; usable from calendar day after KST release date,pre-2009 daily-update availability not implemented,86.8567,,,DTWEXBGS,2008-07-31,Daily,,release_availability_unresolved
,Index Jan 2006=100,first official H.10 release after observation week; usable from calendar day after KST release date,pre-2009 daily-update availability not implemented,86.8257,,,DTWEXBGS,2008-08-01,Daily,,release_availability_unresolved
,Index Jan 2006=100,first official H.10 release after observation week; usable from calendar day after KST release date,pre-2009 daily-update availability not implemented,87.0611,,,DTWEXBGS,2008-08-04,Daily,,release_availability_unresolved
,Index Jan 2006=100,first official H.10 release after observation week; usable from calendar day after KST release date,pre-2009 daily-update availability not implemented,87.3281,,,DTWEXBGS,2008-08-05,Daily,,release_availability_unresolved
,Index Jan 2006=100,first official H.10 release after observation week; usable from calendar day after KST release date,pre-2009 daily-update availability not implemented,87.6004,,,DTWEXBGS,2008-08-06,Daily,,release_availability_unresolved
,Index Jan 2006=100,first official H.10 release after observation week; usable from calendar day after KST release date,pre-2009 daily-update availability not implemented,87.8732,,,DTWEXBGS,2008-08-07,Daily,,release_availability_unresolved
,Index Jan 2006=100,first official H.10 release after observation week; usable from calendar day after KST release date,pre-2009 daily-update availability not implemented,88.8939,,,DTWEXBGS,2008-08-08,Daily,,release_availability_unresolved
,Index Jan 2006=100,first official H.10 release after observation week; usable from calendar day after KST release date,pre-2009 daily-update availability not implemented,89.035,,,DTWEXBGS,2008-08-11,Daily,,release_availability_unresolved
,Index Jan 2006=100,first official H.10 release after observation week; usable from calendar day after KST release date,pre-2009 daily-update availability not implemented,89.1916,,,DTWEXBGS,2008-08-12,Daily,,release_availability_unresolved
,Index Jan 2006=100,first official H.10 release after observation week; usable from calendar day after KST release date,pre-2009 daily-update availability not implemented,89.3211,,,DTWEXBGS,2008-08-13,Daily,,release_availability_unresolved
,Index Jan 2006=100,first official H.10 release after observation week; usable from calendar day after KST release date,pre-2009 daily-update availability not implemented,89.3675,,,DTWEXBGS,2008-08-14,Daily,,release_availability_unresolved
,Index Jan 2006=100,first official H.10 release after observation week; usable from calendar day after KST release date,pre-2009 daily-update availability not implemented,89.7244,,,DTWEXBGS,2008-08-15,Daily,,release_availability_unresolved
,Index Jan 2006=100,first official H.10 release after observation week; usable from calendar day after KST release date,pre-2009 daily-update availability not implemented,89.5966,,,DTWEXBGS,2008-08-18,Daily,,release_availability_unresolved
,Index Jan 2006=100,first official H.10 release after observation week; usable from calendar day after KST release date,pre-2009 daily-update availability not implemented,89.6465,,,DTWEXBGS,2008-08-19,Daily,,release_availability_unresolved
,Index Jan 2006=100,first official H.10 release after observation week; usable from calendar day after KST release date,pre-2009 daily-update availability not implemented,89.6977,,,DTWEXBGS,2008-08-20,Daily,,release_availability_unresolved
,Index Jan 2006=100,first official H.10 release after observation week; usable from calendar day after KST release date,pre-2009 daily-update availability not implemented,88.9128,,,DTWEXBGS,2008-08-21,Daily,,release_availability_unresolved
,Index Jan 2006=100,first official H.10 release after observation week; usable from calendar day after KST release date,pre-2009 daily-update availability not implemented,89.2381,,,DTWEXBGS,2008-08-22,Daily,,release_availability_unresolved
,Index Jan 2006=100,first official H.10 release after observation week; usable from calendar day after KST release date,pre-2009 daily-update availability not implemented,89.3094,,,DTWEXBGS,2008-08-25,Daily,,release_availability_unresolved
,Index Jan 2006=100,first official H.10 release after observation week; usable from calendar day after KST release date,pre-2009 daily-update availability not implemented,89.7007,,,DTWEXBGS,2008-08-26,Daily,,release_availability_unresolved
,Index Jan 2006=100,first official H.10 release after observation week; usable from calendar day after KST release date,pre-2009 daily-update availability not implemented,89.6419,,,DTWEXBGS,2008-08-27,Daily,,release_availability_unresolved
,Index Jan 2006=100,first official H.10 release after observation week; usable from calendar day after KST release date,pre-2009 daily-update availability not implemented,89.8225,,,DTWEXBGS,2008-08-28,Daily,,release_availability_unresolved
,Index Jan 2006=100,first official H.10 release after observation week; usable from calendar day after KST release date,pre-2009 daily-update availability not implemented,90.0567,,,DTWEXBGS,2008-08-29,Daily,,release_availability_unresolved
,Index Jan 2006=100,first official H.10 release after observation week; usable from calendar day after KST release date,pre-2009 daily-update availability not implemented,90.08,,,DTWEXBGS,2008-09-01,Daily,,release_availability_unresolved
,Index Jan 2006=100,first official H.10 release after observation week; usable from calendar day after KST release date,pre-2009 daily-update availability not implemented,90.8438,,,DTWEXBGS,2008-09-02,Daily,,release_availability_unresolved
,Index Jan 2006=100,first official H.10 release after observation week; usable from calendar day after KST release date,pre-2009 daily-update availability not implemented,90.8286,,,DTWEXBGS,2008-09-03,Daily,,release_availability_unresolved
,Index Jan 2006=100,first official H.10 release after observation week; usable from calendar day after KST release date,pre-2009 daily-update availability not implemented,91.1621,,,DTWEXBGS,2008-09-04,Daily,,release_availability_unresolved
,Index Jan 2006=100,first official H.10 release after observation week; usable from calendar day after KST release date,pre-2009 daily-update availability not implemented,91.341,,,DTWEXBGS,2008-09-05,Daily,,release_availability_unresolved
,Index Jan 2006=100,first official H.10 release after observation week; usable from calendar day after KST release date,pre-2009 daily-update availability not implemented,91.663,,,DTWEXBGS,2008-09-08,Daily,,release_availability_unresolved
,Index Jan 2006=100,first official H.10 release after observation week; usable from calendar day after KST release date,pre-2009 daily-update availability not implemented,91.5779,,,DTWEXBGS,2008-09-09,Daily,,release_availability_unresolved
,Index Jan 2006=100,first official H.10 release after observation week; usable from calendar day after KST release date,pre-2009 daily-update availability not implemented,92.1283,,,DTWEXBGS,2008-09-10,Daily,,release_availability_unresolved
,Index Jan 2006=100,first official H.10 release after observation week; usable from calendar day after KST release date,pre-2009 daily-update availability not implemented,92.4901,,,DTWEXBGS,2008-09-11,Daily,,release_availability_unresolved
,Index Jan 2006=100,first official H.10 release after observation week; usable from calendar day after KST release date,pre-2009 daily-update availability not implemented,91.4706,,,DTWEXBGS,2008-09-12,Daily,,release_availability_unresolved
,Index Jan 2006=100,first official H.10 release after observation week; usable from calendar day after KST release date,pre-2009 daily-update availability not implemented,91.757,,,DTWEXBGS,2008-09-15,Daily,,release_availability_unresolved
,Index Jan 2006=100,first official H.10 release after observation week; usable from calendar day after KST release date,pre-2009 daily-update availability not implemented,92.0594,,,DTWEXBGS,2008-09-16,Daily,,release_availability_unresolved
,Index Jan 2006=100,first official H.10 release after observation week; usable from calendar day after KST release date,pre-2009 daily-update availability not implemented,92.0982,,,DTWEXBGS,2008-09-17,Daily,,release_availability_unresolved
,Index Jan 2006=100,first official H.10 release after observation week; usable from calendar day after KST release date,pre-2009 daily-update availability not implemented,91.7111,,,DTWEXBGS,2008-09-18,Daily,,release_availability_unresolved
,Index Jan 2006=100,first official H.10 release after observation week; usable from calendar day after KST release date,pre-2009 daily-update availability not implemented,91.0014,,,DTWEXBGS,2008-09-19,Daily,,release_availability_unresolved
,Index Jan 2006=100,first official H.10 release after observation week; usable from calendar day after KST release date,pre-2009 daily-update availability not implemented,90.1119,,,DTWEXBGS,2008-09-22,Daily,,release_availability_unresolved
,Index Jan 2006=100,first official H.10 release after observation week; usable from calendar day after KST release date,pre-2009 daily-update availability not implemented,90.1221,,,DTWEXBGS,2008-09-23,Daily,,release_availability_unresolved
,Index Jan 2006=100,first official H.10 release after observation week; usable from calendar day after KST release date,pre-2009 daily-update availability not implemented,90.4602,,,DTWEXBGS,2008-09-24,Daily,,release_availability_unresolved
,Index Jan 2006=100,first official H.10 release after observation week; usable from calendar day after KST release date,pre-2009 daily-update availability not implemented,90.4651,,,DTWEXBGS,2008-09-25,Daily,,release_availability_unresolved
,Index Jan 2006=100,first official H.10 release after observation week; usable from calendar day after KST release date,pre-2009 daily-update availability not implemented,90.6872,,,DTWEXBGS,2008-09-26,Daily,,release_availability_unresolved
,Index Jan 2006=100,first official H.10 release after observation week; usable from calendar day after KST release date,pre-2009 daily-update availability not implemented,91.3961,,,DTWEXBGS,2008-09-29,Daily,,release_availability_unresolved
,Index Jan 2006=100,first official H.10 release after observation week; usable from calendar day after KST release date,pre-2009 daily-update availability not implemented,92.3773,,,DTWEXBGS,2008-09-30,Daily,,release_availability_unresolved
,Index Jan 2006=100,first official H.10 release after observation week; usable from calendar day after KST release date,pre-2009 daily-update availability not implemented,92.511,,,DTWEXBGS,2008-10-01,Daily,,release_availability_unresolved
,Index Jan 2006=100,first official H.10 release after observation week; usable from calendar day after KST release date,pre-2009 daily-update availability not implemented,93.3792,,,DTWEXBGS,2008-10-02,Daily,,release_availability_unresolved
,Index Jan 2006=100,first official H.10 release after observation week; usable from calendar day after KST release date,pre-2009 daily-update availability not implemented,93.5414,,,DTWEXBGS,2008-10-03,Daily,,release_availability_unresolved
,Index Jan 2006=100,first official H.10 release after observation week; usable from calendar day after KST release date,pre-2009 daily-update availability not implemented,95.1629,,,DTWEXBGS,2008-10-06,Daily,,release_availability_unresolved
,Index Jan 2006=100,first official H.10 release after observation week; usable from calendar day after KST release date,pre-2009 daily-update availability not implemented,95.4889,,,DTWEXBGS,2008-10-07,Daily,,release_availability_unresolved
,Index Jan 2006=100,first official H.10 release after observation week; usable from calendar day after KST release date,pre-2009 daily-update availability not implemented,96.9684,,,DTWEXBGS,2008-10-08,Daily,,release_availability_unresolved
,Index Jan 2006=100,first official H.10 release after observation week; usable from calendar day after KST release date,pre-2009 daily-update availability not implemented,96.5143,,,DTWEXBGS,2008-10-09,Daily,,release_availability_unresolved
,Index Jan 2006=100,first official H.10 release after observation week; usable from calendar day after KST release date,pre-2009 daily-update availability not implemented,97.999,,,DTWEXBGS,2008-10-10,Daily,,release_availability_unresolved
,Index Jan 2006=100,first official H.10 release after observation week; usable from calendar day after KST release date,pre-2009 daily-update availability not implemented,97.9686,,,DTWEXBGS,2008-10-13,Daily,,release_availability_unresolved
,Index Jan 2006=100,first official H.10 release after observation week; usable from calendar day after KST release date,pre-2009 daily-update availability not implemented,96.2544,,,DTWEXBGS,2008-10-14,Daily,,release_availability_unresolved
,Index Jan 2006=100,first official H.10 release after observation week; usable from calendar day after KST release date,pre-2009 daily-update availability not implemented,97.2045,,,DTWEXBGS,2008-10-15,Daily,,release_availability_unresolved
,Index Jan 2006=100,first official H.10 release after observation week; usable from calendar day after KST release date,pre-2009 daily-update availability not implemented,98.368,,,DTWEXBGS,2008-10-16,Daily,,release_availability_unresolved
,Index Jan 2006=100,first official H.10 release after observation week; usable from calendar day after KST release date,pre-2009 daily-update availability not implemented,97.7255,,,DTWEXBGS,2008-10-17,Daily,,release_availability_unresolved
,Index Jan 2006=100,first official H.10 release after observation week; usable from calendar day after KST release date,pre-2009 daily-update availability not implemented,98.1605,,,DTWEXBGS,2008-10-20,Daily,,release_availability_unresolved
,Index Jan 2006=100,first official H.10 release after observation week; usable from calendar day after KST release date,pre-2009 daily-update availability not implemented,99.4242,,,DTWEXBGS,2008-10-21,Daily,,release_availability_unresolved
,Index Jan 2006=100,first official H.10 release after observation week; usable from calendar day after KST release date,pre-2009 daily-update availability not implemented,101.2131,,,DTWEXBGS,2008-10-22,Daily,,release_availability_unresolved
,Index Jan 2006=100,first official H.10 release after observation week; usable from calendar day after KST release date,pre-2009 daily-update availability not implemented,101.1071,,,DTWEXBGS,2008-10-23,Daily,,release_availability_unresolved
,Index Jan 2006=100,first official H.10 release after observation week; usable from calendar day after KST release date,pre-2009 daily-update availability not implemented,101.8442,,,DTWEXBGS,2008-10-24,Daily,,release_availability_unresolved
,Index Jan 2006=100,first official H.10 release after observation week; usable from calendar day after KST release date,pre-2009 daily-update availability not implemented,102.3415,,,DTWEXBGS,2008-10-27,Daily,,release_availability_unresolved
,Index Jan 2006=100,first official H.10 release after observation week; usable from calendar day after KST release date,pre-2009 daily-update availability not implemented,102.4236,,,DTWEXBGS,2008-10-28,Daily,,release_availability_unresolved
,Index Jan 2006=100,first official H.10 release after observation week; usable from calendar day after KST release date,pre-2009 daily-update availability not implemented,100.0967,,,DTWEXBGS,2008-10-29,Daily,,release_availability_unresolved
,Index Jan 2006=100,first official H.10 release after observation week; usable from calendar day after KST release date,pre-2009 daily-update availability not implemented,99.4568,,,DTWEXBGS,2008-10-30,Daily,,release_availability_unresolved
,Index Jan 2006=100,first official H.10 release after observation week; usable from calendar day after KST release date,pre-2009 daily-update availability not implemented,99.7662,,,DTWEXBGS,2008-10-31,Daily,,release_availability_unresolved
,Index Jan 2006=100,first official H.10 release after observation week; usable from calendar day after KST release date,pre-2009 daily-update availability not implemented,99.4345,,,DTWEXBGS,2008-11-03,Daily,,release_availability_unresolved
,Index Jan 2006=100,first official H.10 release after observation week; usable from calendar day after KST release date,pre-2009 daily-update availability not implemented,97.9957,,,DTWEXBGS,2008-11-04,Daily,,release_availability_unresolved
,Index Jan 2006=100,first official H.10 release after observation week; usable from calendar day after KST release date,pre-2009 daily-update availability not implemented,98.0953,,,DTWEXBGS,2008-11-05,Daily,,release_availability_unresolved
,Index Jan 2006=100,first official H.10 release after observation week; usable from calendar day after KST release date,pre-2009 daily-update availability not implemented,99.5364,,,DTWEXBGS,2008-11-06,Daily,,release_availability_unresolved
,Index Jan 2006=100,first official H.10 release after observation week; usable from calendar day after KST release date,pre-2009 daily-update availability not implemented,99.3944,,,DTWEXBGS,2008-11-07,Daily,,release_availability_unresolved
,Index Jan 2006=100,first official H.10 release after observation week; usable from calendar day after KST release date,pre-2009 daily-update availability not implemented,99.5897,,,DTWEXBGS,2008-11-10,Daily,,release_availability_unresolved
,Index Jan 2006=100,first official H.10 release after observation week; usable from calendar day after KST release date,pre-2009 daily-update availability not implemented,99.6041,,,DTWEXBGS,2008-11-11,Daily,,release_availability_unresolved
,Index Jan 2006=100,first official H.10 release after observation week; usable from calendar day after KST release date,pre-2009 daily-update availability not implemented,101.1947,,,DTWEXBGS,2008-11-12,Daily,,release_availability_unresolved
,Index Jan 2006=100,first official H.10 release after observation week; usable from calendar day after KST release date,pre-2009 daily-update availability not implemented,101.774,,,DTWEXBGS,2008-11-13,Daily,,release_availability_unresolved
,Index Jan 2006=100,first official H.10 release after observation week; usable from calendar day after KST release date,pre-2009 daily-update availability not implemented,100.9705,,,DTWEXBGS,2008-11-14,Daily,,release_availability_unresolved
,Index Jan 2006=100,first official H.10 release after observation week; usable from calendar day after KST release date,pre-2009 daily-update availability not implemented,101.1029,,,DTWEXBGS,2008-11-17,Daily,,release_availability_unresolved
,Index Jan 2006=100,first official H.10 release after observation week; usable from calendar day after KST release date,pre-2009 daily-update availability not implemented,101.3965,,,DTWEXBGS,2008-11-18,Daily,,release_availability_unresolved
,Index Jan 2006=100,first official H.10 release after observation week; usable from calendar day after KST release date,pre-2009 daily-update availability not implemented,101.8804,,,DTWEXBGS,2008-11-19,Daily,,release_availability_unresolved
,Index Jan 2006=100,first official H.10 release after observation week; usable from calendar day after KST release date,pre-2009 daily-update availability not implemented,103.2737,,,DTWEXBGS,2008-11-20,Daily,,release_availability_unresolved
,Index Jan 2006=100,first official H.10 release after observation week; usable from calendar day after KST release date,pre-2009 daily-update availability not implemented,103.6289,,,DTWEXBGS,2008-11-21,Daily,,release_availability_unresolved
,Index Jan 2006=100,first official H.10 release after observation week; usable from calendar day after KST release date,pre-2009 daily-update availability not implemented,101.502,,,DTWEXBGS,2008-11-24,Daily,,release_availability_unresolved
,Index Jan 2006=100,first official H.10 release after observation week; usable from calendar day after KST release date,pre-2009 daily-update availability not implemented,100.7997,,,DTWEXBGS,2008-11-25,Daily,,release_availability_unresolved
,Index Jan 2006=100,first official H.10 release after observation week; usable from calendar day after KST release date,pre-2009 daily-update availability not implemented,101.2566,,,DTWEXBGS,2008-11-26,Daily,,release_availability_unresolved
,Index Jan 2006=100,first official H.10 release after observation week; usable from calendar day after KST release date,pre-2009 daily-update availability not implemented,101.2564,,,DTWEXBGS,2008-11-27,Daily,,release_availability_unresolved
,Index Jan 2006=100,first official H.10 release after observation week; usable from calendar day after KST release date,pre-2009 daily-update availability not implemented,101.6468,,,DTWEXBGS,2008-11-28,Daily,,release_availability_unresolved
,Index Jan 2006=100,first official H.10 release after observation week; usable from calendar day after KST release date,pre-2009 daily-update availability not implemented,102.1744,,,DTWEXBGS,2008-12-01,Daily,,release_availability_unresolved
,Index Jan 2006=100,first official H.10 release after observation week; usable from calendar day after KST release date,pre-2009 daily-update availability not implemented,101.9891,,,DTWEXBGS,2008-12-02,Daily,,release_availability_unresolved
,Index Jan 2006=100,first official H.10 release after observation week; usable from calendar day after KST release date,pre-2009 daily-update availability not implemented,102.4251,,,DTWEXBGS,2008-12-03,Daily,,release_availability_unresolved
,Index Jan 2006=100,first official H.10 release after observation week; usable from calendar day after KST release date,pre-2009 daily-update availability not implemented,102.0715,,,DTWEXBGS,2008-12-04,Daily,,release_availability_unresolved
,Index Jan 2006=100,first official H.10 release after observation week; usable from calendar day after KST release date,pre-2009 daily-update availability not implemented,103.4902,,,DTWEXBGS,2008-12-05,Daily,,release_availability_unresolved
,Index Jan 2006=100,first official H.10 release after observation week; usable from calendar day after KST release date,pre-2009 daily-update availability not implemented,101.7227,,,DTWEXBGS,2008-12-08,Daily,,release_availability_unresolved
,Index Jan 2006=100,first official H.10 release after observation week; usable from calendar day after KST release date,pre-2009 daily-update availability not implemented,101.7346,,,DTWEXBGS,2008-12-09,Daily,,release_availability_unresolved
,Index Jan 2006=100,first official H.10 release after observation week; usable from calendar day after KST release date,pre-2009 daily-update availability not implemented,101.2913,,,DTWEXBGS,2008-12-10,Daily,,release_availability_unresolved
,Index Jan 2006=100,first official H.10 release after observation week; usable from calendar day after KST release date,pre-2009 daily-update availability not implemented,99.5101,,,DTWEXBGS,2008-12-11,Daily,,release_availability_unresolved
,Index Jan 2006=100,first official H.10 release after observation week; usable from calendar day after KST release date,pre-2009 daily-update availability not implemented,100.319,,,DTWEXBGS,2008-12-12,Daily,,release_availability_unresolved
,Index Jan 2006=100,first official H.10 release after observation week; usable from calendar day after KST release date,pre-2009 daily-update availability not implemented,99.1001,,,DTWEXBGS,2008-12-15,Daily,,release_availability_unresolved
,Index Jan 2006=100,first official H.10 release after observation week; usable from calendar day after KST release date,pre-2009 daily-update availability not implemented,98.4771,,,DTWEXBGS,2008-12-16,Daily,,release_availability_unresolved
,Index Jan 2006=100,first official H.10 release after observation week; usable from calendar day after KST release date,pre-2009 daily-update availability not implemented,96.8227,,,DTWEXBGS,2008-12-17,Daily,,release_availability_unresolved
,Index Jan 2006=100,first official H.10 release after observation week; usable from calendar day after KST release date,pre-2009 daily-update availability not implemented,96.8447,,,DTWEXBGS,2008-12-18,Daily,,release_availability_unresolved
,Index Jan 2006=100,first official H.10 release after observation week; usable from calendar day after KST release date,pre-2009 daily-update availability not implemented,98.1278,,,DTWEXBGS,2008-12-19,Daily,,release_availability_unresolved
,Index Jan 2006=100,first official H.10 release after observation week; usable from calendar day after KST release date,pre-2009 daily-update availability not implemented,98.1643,,,DTWEXBGS,2008-12-22,Daily,,release_availability_unresolved
,Index Jan 2006=100,first official H.10 release after observation week; usable from calendar day after KST release date,pre-2009 daily-update availability not implemented,98.2698,,,DTWEXBGS,2008-12-23,Daily,,release_availability_unresolved
,Index Jan 2006=100,first official H.10 release after observation week; usable from calendar day after KST release date,pre-2009 daily-update availability not implemented,98.2249,,,DTWEXBGS,2008-12-24,Daily,,release_availability_unresolved
,Index Jan 2006=100,first official H.10 release after observation week; usable from calendar day after KST release date,pre-2009 daily-update availability not implemented,98.2419,,,DTWEXBGS,2008-12-25,Daily,,release_availability_unresolved
,Index Jan 2006=100,first official H.10 release after observation week; usable from calendar day after KST release date,pre-2009 daily-update availability not implemented,98.2594,,,DTWEXBGS,2008-12-26,Daily,,release_availability_unresolved
,Index Jan 2006=100,first official H.10 release after observation week; usable from calendar day after KST release date,pre-2009 daily-update availability not implemented,97.9359,,,DTWEXBGS,2008-12-29,Daily,,release_availability_unresolved
,Index Jan 2006=100,first official H.10 release after observation week; usable from calendar day after KST release date,pre-2009 daily-update availability not implemented,98.3833,,,DTWEXBGS,2008-12-30,Daily,,release_availability_unresolved
,Index Jan 2006=100,first official H.10 release after observation week; usable from calendar day after KST release date,pre-2009 daily-update availability not implemented,98.6518,,,DTWEXBGS,2008-12-31,Daily,,release_availability_unresolved
,Index Jan 2006=100,first official H.10 release after observation week; usable from calendar day after KST release date,pre-2009 daily-update availability not implemented,,,,DTWEXBGS,2009-01-01,Daily,,release_availability_unresolved;empty_value
,Index Jan 2006=100,first official H.10 release after observation week; usable from calendar day after KST release date,pre-2009 daily-update availability not implemented,98.6008,,,DTWEXBGS,2009-01-02,Daily,,release_availability_unresolved
2009-01-26T16:15:00-05:00,Index Jan 2006=100,first official H.10 release after observation week; usable from calendar day after KST release date,weekly H.10 official release calendar,,2009-01-26,2009-01-28,DTWEXBGS,2009-01-19,Daily,2009-01-27T06:15:00+09:00,empty_value
2009-01-26T16:15:00-05:00,Index Jan 2006=100,first official H.10 release after observation week; usable from calendar day after KST release date,weekly H.10 official release calendar,,2009-01-26,2009-01-28,DTWEXBGS,2009-01-20,Daily,2009-01-27T06:15:00+09:00,empty_value
2009-02-23T16:15:00-05:00,Index Jan 2006=100,first official H.10 release after observation week; usable from calendar day after KST release date,weekly H.10 official release calendar,,2009-02-23,2009-02-25,DTWEXBGS,2009-02-16,Daily,2009-02-24T06:15:00+09:00,empty_value
2009-06-01T16:15:00-04:00,Index Jan 2006=100,first official H.10 release after observation week; usable from calendar day after KST release date,weekly H.10 official release calendar,,2009-06-01,2009-06-03,DTWEXBGS,2009-05-25,Daily,2009-06-02T05:15:00+09:00,empty_value
2009-07-06T16:15:00-04:00,Index Jan 2006=100,first official H.10 release after observation week; usable from calendar day after KST release date,weekly H.10 official release calendar,,2009-07-06,2009-07-08,DTWEXBGS,2009-07-03,Daily,2009-07-07T05:15:00+09:00,empty_value
2009-09-14T16:15:00-04:00,Index Jan 2006=100,first official H.10 release after observation week; usable from calendar day after KST release date,weekly H.10 official release calendar,,2009-09-14,2009-09-16,DTWEXBGS,2009-09-07,Daily,2009-09-15T05:15:00+09:00,empty_value
2009-10-19T16:15:00-04:00,Index Jan 2006=100,first official H.10 release after observation week; usable from calendar day after KST release date,weekly H.10 official release calendar,,2009-10-19,2009-10-21,DTWEXBGS,2009-10-12,Daily,2009-10-20T05:15:00+09:00,empty_value
2009-11-16T16:15:00-05:00,Index Jan 2006=100,first official H.10 release after observation week; usable from calendar day after KST release date,weekly H.10 official release calendar,,2009-11-16,2009-11-18,DTWEXBGS,2009-11-11,Daily,2009-11-17T06:15:00+09:00,empty_value
2009-11-30T16:15:00-05:00,Index Jan 2006=100,first official H.10 release after observation week; usable from calendar day after KST release date,weekly H.10 official release calendar,,2009-11-30,2009-12-02,DTWEXBGS,2009-11-26,Daily,2009-12-01T06:15:00+09:00,empty_value
2009-12-28T16:15:00-05:00,Index Jan 2006=100,first official H.10 release after observation week; usable from calendar day after KST release date,weekly H.10 official release calendar,,2009-12-28,2009-12-30,DTWEXBGS,2009-12-21,Daily,2009-12-29T06:15:00+09:00,empty_value
2009-12-28T16:15:00-05:00,Index Jan 2006=100,first official H.10 release after observation week; usable from calendar day after KST release date,weekly H.10 official release calendar,,2009-12-28,2009-12-30,DTWEXBGS,2009-12-25,Daily,2009-12-29T06:15:00+09:00,empty_value
2010-01-04T16:15:00-05:00,Index Jan 2006=100,first official H.10 release after observation week; usable from calendar day after KST release date,weekly H.10 official release calendar,,2010-01-04,2010-01-06,DTWEXBGS,2010-01-01,Daily,2010-01-05T06:15:00+09:00,empty_value
2010-01-25T16:15:00-05:00,Index Jan 2006=100,first official H.10 release after observation week; usable from calendar day after KST release date,weekly H.10 official release calendar,,2010-01-25,2010-01-27,DTWEXBGS,2010-01-18,Daily,2010-01-26T06:15:00+09:00,empty_value
2010-02-16T16:15:00-05:00,Index Jan 2006=100,first official H.10 release after observation week; usable from calendar day after KST release date,weekly H.10 official release calendar,,2010-02-16,2010-02-18,DTWEXBGS,2010-02-08,Daily,2010-02-17T06:15:00+09:00,empty_value
2010-02-16T16:15:00-05:00,Index Jan 2006=100,first official H.10 release after observation week; usable from calendar day after KST release date,weekly H.10 official release calendar,,2010-02-16,2010-02-18,DTWEXBGS,2010-02-09,Daily,2010-02-17T06:15:00+09:00,empty_value
2010-02-16T16:15:00-05:00,Index Jan 2006=100,first official H.10 release after observation week; usable from calendar day after KST release date,weekly H.10 official release calendar,,2010-02-16,2010-02-18,DTWEXBGS,2010-02-10,Daily,2010-02-17T06:15:00+09:00,empty_value
2010-02-16T16:15:00-05:00,Index Jan 2006=100,first official H.10 release after observation week; usable from calendar day after KST release date,weekly H.10 official release calendar,,2010-02-16,2010-02-18,DTWEXBGS,2010-02-11,Daily,2010-02-17T06:15:00+09:00,empty_value
2010-02-22T16:15:00-05:00,Index Jan 2006=100,first official H.10 release after observation week; usable from calendar day after KST release date,weekly H.10 official release calendar,,2010-02-22,2010-02-24,DTWEXBGS,2010-02-15,Daily,2010-02-23T06:15:00+09:00,empty_value
2010-06-07T16:15:00-04:00,Index Jan 2006=100,first official H.10 release after observation week; usable from calendar day after KST release date,weekly H.10 official release calendar,,2010-06-07,2010-06-09,DTWEXBGS,2010-05-31,Daily,2010-06-08T05:15:00+09:00,empty_value
2010-07-12T16:15:00-04:00,Index Jan 2006=100,first official H.10 release after observation week; usable from calendar day after KST release date,weekly H.10 official release calendar,,2010-07-12,2010-07-14,DTWEXBGS,2010-07-05,Daily,2010-07-13T05:15:00+09:00,empty_value
2010-09-13T16:15:00-04:00,Index Jan 2006=100,first official H.10 release after observation week; usable from calendar day after KST release date,weekly H.10 official release calendar,,2010-09-13,2010-09-15,DTWEXBGS,2010-09-06,Daily,2010-09-14T05:15:00+09:00,empty_value
2010-10-18T16:15:00-04:00,Index Jan 2006=100,first official H.10 release after observation week; usable from calendar day after KST release date,weekly H.10 official release calendar,,2010-10-18,2010-10-20,DTWEXBGS,2010-10-11,Daily,2010-10-19T05:15:00+09:00,empty_value
2010-11-15T16:15:00-05:00,Index Jan 2006=100,first official H.10 release after observation week; usable from calendar day after KST release date,weekly H.10 official release calendar,,2010-11-15,2010-11-17,DTWEXBGS,2010-11-11,Daily,2010-11-16T06:15:00+09:00,empty_value
2010-11-29T16:15:00-05:00,Index Jan 2006=100,first official H.10 release after observation week; usable from calendar day after KST release date,weekly H.10 official release calendar,,2010-11-29,2010-12-01,DTWEXBGS,2010-11-25,Daily,2010-11-30T06:15:00+09:00,empty_value
2010-12-27T16:15:00-05:00,Index Jan 2006=100,first official H.10 release after observation week; usable from calendar day after KST release date,weekly H.10 official release calendar,,2010-12-27,2010-12-29,DTWEXBGS,2010-12-24,Daily,2010-12-28T06:15:00+09:00,empty_value
2011-01-03T16:15:00-05:00,Index Jan 2006=100,first official H.10 release after observation week; usable from calendar day after KST release date,weekly H.10 official release calendar,,2011-01-03,2011-01-05,DTWEXBGS,2010-12-31,Daily,2011-01-04T06:15:00+09:00,empty_value
2011-01-24T16:15:00-05:00,Index Jan 2006=100,first official H.10 release after observation week; usable from calendar day after KST release date,weekly H.10 official release calendar,,2011-01-24,2011-01-26,DTWEXBGS,2011-01-17,Daily,2011-01-25T06:15:00+09:00,empty_value
2011-02-28T16:15:00-05:00,Index Jan 2006=100,first official H.10 release after observation week; usable from calendar day after KST release date,weekly H.10 official release calendar,,2011-02-28,2011-03-02,DTWEXBGS,2011-02-21,Daily,2011-03-01T06:15:00+09:00,empty_value
2011-06-06T16:15:00-04:00,Index Jan 2006=100,first official H.10 release after observation week; usable from calendar day after KST release date,weekly H.10 official release calendar,,2011-06-06,2011-06-08,DTWEXBGS,2011-05-30,Daily,2011-06-07T05:15:00+09:00,empty_value
2011-07-11T16:15:00-04:00,Index Jan 2006=100,first official H.10 release after observation week; usable from calendar day after KST release date,weekly H.10 official release calendar,,2011-07-11,2011-07-13,DTWEXBGS,2011-07-04,Daily,2011-07-12T05:15:00+09:00,empty_value
2011-09-12T16:15:00-04:00,Index Jan 2006=100,first official H.10 release after observation week; usable from calendar day after KST release date,weekly H.10 official release calendar,,2011-09-12,2011-09-14,DTWEXBGS,2011-09-05,Daily,2011-09-13T05:15:00+09:00,empty_value
2011-10-17T16:15:00-04:00,Index Jan 2006=100,first official H.10 release after observation week; usable from calendar day after KST release date,weekly H.10 official release calendar,,2011-10-17,2011-10-19,DTWEXBGS,2011-10-10,Daily,2011-10-18T05:15:00+09:00,empty_value
2011-11-14T16:15:00-05:00,Index Jan 2006=100,first official H.10 release after observation week; usable from calendar day after KST release date,weekly H.10 official release calendar,,2011-11-14,2011-11-16,DTWEXBGS,2011-11-11,Daily,2011-11-15T06:15:00+09:00,empty_value
2011-11-28T16:15:00-05:00,Index Jan 2006=100,first official H.10 release after observation week; usable from calendar day after KST release date,weekly H.10 official release calendar,,2011-11-28,2011-11-30,DTWEXBGS,2011-11-24,Daily,2011-11-29T06:15:00+09:00,empty_value
2012-01-03T16:15:00-05:00,Index Jan 2006=100,first official H.10 release after observation week; usable from calendar day after KST release date,weekly H.10 official release calendar,,2012-01-03,2012-01-05,DTWEXBGS,2011-12-26,Daily,2012-01-04T06:15:00+09:00,empty_value
2012-01-09T16:15:00-05:00,Index Jan 2006=100,first official H.10 release after observation week; usable from calendar day after KST release date,weekly H.10 official release calendar,,2012-01-09,2012-01-11,DTWEXBGS,2012-01-02,Daily,2012-01-10T06:15:00+09:00,empty_value
2012-01-23T16:15:00-05:00,Index Jan 2006=100,first official H.10 release after observation week; usable from calendar day after KST release date,weekly H.10 official release calendar,,2012-01-23,2012-01-25,DTWEXBGS,2012-01-16,Daily,2012-01-24T06:15:00+09:00,empty_value
2012-02-27T16:15:00-05:00,Index Jan 2006=100,first official H.10 release after observation week; usable from calendar day after KST release date,weekly H.10 official release calendar,,2012-02-27,2012-02-29,DTWEXBGS,2012-02-20,Daily,2012-02-28T06:15:00+09:00,empty_value
2012-06-04T16:15:00-04:00,Index Jan 2006=100,first official H.10 release after observation week; usable from calendar day after KST release date,weekly H.10 official release calendar,,2012-06-04,2012-06-06,DTWEXBGS,2012-05-28,Daily,2012-06-05T05:15:00+09:00,empty_value
2012-07-09T16:15:00-04:00,Index Jan 2006=100,first official H.10 release after observation week; usable from calendar day after KST release date,weekly H.10 official release calendar,,2012-07-09,2012-07-11,DTWEXBGS,2012-07-04,Daily,2012-07-10T05:15:00+09:00,empty_value
2012-09-10T16:15:00-04:00,Index Jan 2006=100,first official H.10 release after observation week; usable from calendar day after KST release date,weekly H.10 official release calendar,,2012-09-10,2012-09-12,DTWEXBGS,2012-09-03,Daily,2012-09-11T05:15:00+09:00,empty_value
2012-10-15T16:15:00-04:00,Index Jan 2006=100,first official H.10 release after observation week; usable from calendar day after KST release date,weekly H.10 official release calendar,,2012-10-15,2012-10-17,DTWEXBGS,2012-10-08,Daily,2012-10-16T05:15:00+09:00,empty_value
2012-11-05T16:15:00-05:00,Index Jan 2006=100,first official H.10 release after observation week; usable from calendar day after KST release date,weekly H.10 official release calendar,,2012-11-05,2012-11-07,DTWEXBGS,2012-10-29,Daily,2012-11-06T06:15:00+09:00,empty_value
2012-11-05T16:15:00-05:00,Index Jan 2006=100,first official H.10 release after observation week; usable from calendar day after KST release date,weekly H.10 official release calendar,,2012-11-05,2012-11-07,DTWEXBGS,2012-10-30,Daily,2012-11-06T06:15:00+09:00,empty_value
2012-11-19T16:15:00-05:00,Index Jan 2006=100,first official H.10 release after observation week; usable from calendar day after KST release date,weekly H.10 official release calendar,,2012-11-19,2012-11-21,DTWEXBGS,2012-11-12,Daily,2012-11-20T06:15:00+09:00,empty_value
2012-11-26T16:15:00-05:00,Index Jan 2006=100,first official H.10 release after observation week; usable from calendar day after KST release date,weekly H.10 official release calendar,,2012-11-26,2012-11-28,DTWEXBGS,2012-11-22,Daily,2012-11-27T06:15:00+09:00,empty_value
2012-12-31T16:15:00-05:00,Index Jan 2006=100,first official H.10 release after observation week; usable from calendar day after KST release date,weekly H.10 official release calendar,,2012-12-31,2013-01-02,DTWEXBGS,2012-12-25,Daily,2013-01-01T06:15:00+09:00,empty_value
2013-01-07T16:15:00-05:00,Index Jan 2006=100,first official H.10 release after observation week; usable from calendar day after KST release date,weekly H.10 official release calendar,,2013-01-07,2013-01-09,DTWEXBGS,2013-01-01,Daily,2013-01-08T06:15:00+09:00,empty_value
2013-01-28T16:15:00-05:00,Index Jan 2006=100,first official H.10 release after observation week; usable from calendar day after KST release date,weekly H.10 official release calendar,,2013-01-28,2013-01-30,DTWEXBGS,2013-01-21,Daily,2013-01-29T06:15:00+09:00,empty_value
2013-02-25T16:15:00-05:00,Index Jan 2006=100,first official H.10 release after observation week; usable from calendar day after KST release date,weekly H.10 official release calendar,,2013-02-25,2013-02-27,DTWEXBGS,2013-02-18,Daily,2013-02-26T06:15:00+09:00,empty_value
2013-03-11T16:15:00-04:00,Index Jan 2006=100,first official H.10 release after observation week; usable from calendar day after KST release date,weekly H.10 official release calendar,,2013-03-11,2013-03-13,DTWEXBGS,2013-03-06,Daily,2013-03-12T05:15:00+09:00,empty_value
2013-06-03T16:15:00-04:00,Index Jan 2006=100,first official H.10 release after observation week; usable from calendar day after KST release date,weekly H.10 official release calendar,,2013-06-03,2013-06-05,DTWEXBGS,2013-05-27,Daily,2013-06-04T05:15:00+09:00,empty_value
2013-07-08T16:15:00-04:00,Index Jan 2006=100,first official H.10 release after observation week; usable from calendar day after KST release date,weekly H.10 official release calendar,,2013-07-08,2013-07-10,DTWEXBGS,2013-07-04,Daily,2013-07-09T05:15:00+09:00,empty_value
2013-09-09T16:15:00-04:00,Index Jan 2006=100,first official H.10 release after observation week; usable from calendar day after KST release date,weekly H.10 official release calendar,,2013-09-09,2013-09-11,DTWEXBGS,2013-09-02,Daily,2013-09-10T05:15:00+09:00,empty_value
2013-10-21T16:15:00-04:00,Index Jan 2006=100,first official H.10 release after observation week; usable from calendar day after KST release date,weekly H.10 official release calendar,,2013-10-21,2013-10-23,DTWEXBGS,2013-10-14,Daily,2013-10-22T05:15:00+09:00,empty_value
2013-11-18T16:15:00-05:00,Index Jan 2006=100,first official H.10 release after observation week; usable from calendar day after KST release date,weekly H.10 official release calendar,,2013-11-18,2013-11-20,DTWEXBGS,2013-11-11,Daily,2013-11-19T06:15:00+09:00,empty_value
2013-12-02T16:15:00-05:00,Index Jan 2006=100,first official H.10 release after observation week; usable from calendar day after KST release date,weekly H.10 official release calendar,,2013-12-02,2013-12-04,DTWEXBGS,2013-11-28,Daily,2013-12-03T06:15:00+09:00,empty_value
2013-12-16T16:15:00-05:00,Index Jan 2006=100,first official H.10 release after observation week; usable from calendar day after KST release date,weekly H.10 official release calendar,,2013-12-16,2013-12-18,DTWEXBGS,2013-12-10,Daily,2013-12-17T06:15:00+09:00,empty_value
2013-12-30T16:15:00-05:00,Index Jan 2006=100,first official H.10 release after observation week; usable from calendar day after KST release date,weekly H.10 official release calendar,,2013-12-30,2014-01-01,DTWEXBGS,2013-12-25,Daily,2013-12-31T06:15:00+09:00,empty_value
2014-01-06T16:15:00-05:00,Index Jan 2006=100,first official H.10 release after observation week; usable from calendar day after KST release date,weekly H.10 official release calendar,,2014-01-06,2014-01-08,DTWEXBGS,2014-01-01,Daily,2014-01-07T06:15:00+09:00,empty_value
2014-01-27T16:15:00-05:00,Index Jan 2006=100,first official H.10 release after observation week; usable from calendar day after KST release date,weekly H.10 official release calendar,,2014-01-27,2014-01-29,DTWEXBGS,2014-01-20,Daily,2014-01-28T06:15:00+09:00,empty_value
2014-02-18T16:15:00-05:00,Index Jan 2006=100,first official H.10 release after observation week; usable from calendar day after KST release date,weekly H.10 official release calendar,,2014-02-18,2014-02-20,DTWEXBGS,2014-02-13,Daily,2014-02-19T06:15:00+09:00,empty_value
2014-02-24T16:15:00-05:00,Index Jan 2006=100,first official H.10 release after observation week; usable from calendar day after KST release date,weekly H.10 official release calendar,,2014-02-24,2014-02-26,DTWEXBGS,2014-02-17,Daily,2014-02-25T06:15:00+09:00,empty_value
2014-02-24T16:15:00-05:00,Index Jan 2006=100,first official H.10 release after observation week; usable from calendar day after KST release date,weekly H.10 official release calendar,,2014-02-24,2014-02-26,DTWEXBGS,2014-02-21,Daily,2014-02-25T06:15:00+09:00,empty_value
2014-03-10T16:15:00-04:00,Index Jan 2006=100,first official H.10 release after observation week; usable from calendar day after KST release date,weekly H.10 official release calendar,,2014-03-10,2014-03-12,DTWEXBGS,2014-03-03,Daily,2014-03-11T05:15:00+09:00,empty_value
2014-03-24T16:15:00-04:00,Index Jan 2006=100,first official H.10 release after observation week; usable from calendar day after KST release date,weekly H.10 official release calendar,,2014-03-24,2014-03-26,DTWEXBGS,2014-03-17,Daily,2014-03-25T05:15:00+09:00,empty_value
2014-06-02T16:15:00-04:00,Index Jan 2006=100,first official H.10 release after observation week; usable from calendar day after KST release date,weekly H.10 official release calendar,,2014-06-02,2014-06-04,DTWEXBGS,2014-05-26,Daily,2014-06-03T05:15:00+09:00,empty_value
2014-07-07T16:15:00-04:00,Index Jan 2006=100,first official H.10 release after observation week; usable from calendar day after KST release date,weekly H.10 official release calendar,,2014-07-07,2014-07-09,DTWEXBGS,2014-07-04,Daily,2014-07-08T05:15:00+09:00,empty_value
2014-09-08T16:15:00-04:00,Index Jan 2006=100,first official H.10 release after observation week; usable from calendar day after KST release date,weekly H.10 official release calendar,,2014-09-08,2014-09-10,DTWEXBGS,2014-09-01,Daily,2014-09-09T05:15:00+09:00,empty_value
2014-10-20T16:15:00-04:00,Index Jan 2006=100,first official H.10 release after observation week; usable from calendar day after KST release date,weekly H.10 official release calendar,,2014-10-20,2014-10-22,DTWEXBGS,2014-10-13,Daily,2014-10-21T05:15:00+09:00,empty_value
2014-11-17T16:15:00-05:00,Index Jan 2006=100,first official H.10 release after observation week; usable from calendar day after KST release date,weekly H.10 official release calendar,,2014-11-17,2014-11-19,DTWEXBGS,2014-11-11,Daily,2014-11-18T06:15:00+09:00,empty_value
2014-12-01T16:15:00-05:00,Index Jan 2006=100,first official H.10 release after observation week; usable from calendar day after KST release date,weekly H.10 official release calendar,,2014-12-01,2014-12-03,DTWEXBGS,2014-11-27,Daily,2014-12-02T06:15:00+09:00,empty_value
2014-12-29T16:15:00-05:00,Index Jan 2006=100,first official H.10 release after observation week; usable from calendar day after KST release date,weekly H.10 official release calendar,,2014-12-29,2014-12-31,DTWEXBGS,2014-12-25,Daily,2014-12-30T06:15:00+09:00,empty_value
2014-12-29T16:15:00-05:00,Index Jan 2006=100,first official H.10 release after observation week; usable from calendar day after KST release date,weekly H.10 official release calendar,,2014-12-29,2014-12-31,DTWEXBGS,2014-12-26,Daily,2014-12-30T06:15:00+09:00,empty_value
2015-01-05T16:15:00-05:00,Index Jan 2006=100,first official H.10 release after observation week; usable from calendar day after KST release date,weekly H.10 official release calendar,,2015-01-05,2015-01-07,DTWEXBGS,2015-01-01,Daily,2015-01-06T06:15:00+09:00,empty_value
2015-01-26T16:15:00-05:00,Index Jan 2006=100,first official H.10 release after observation week; usable from calendar day after KST release date,weekly H.10 official release calendar,,2015-01-26,2015-01-28,DTWEXBGS,2015-01-19,Daily,2015-01-27T06:15:00+09:00,empty_value
2015-02-23T16:15:00-05:00,Index Jan 2006=100,first official H.10 release after observation week; usable from calendar day after KST release date,weekly H.10 official release calendar,,2015-02-23,2015-02-25,DTWEXBGS,2015-02-16,Daily,2015-02-24T06:15:00+09:00,empty_value
2015-02-23T16:15:00-05:00,Index Jan 2006=100,first official H.10 release after observation week; usable from calendar day after KST release date,weekly H.10 official release calendar,,2015-02-23,2015-02-25,DTWEXBGS,2015-02-17,Daily,2015-02-24T06:15:00+09:00,empty_value
2015-03-09T16:15:00-04:00,Index Jan 2006=100,first official H.10 release after observation week; usable from calendar day after KST release date,weekly H.10 official release calendar,,2015-03-09,2015-03-11,DTWEXBGS,2015-03-05,Daily,2015-03-10T05:15:00+09:00,empty_value
2015-06-01T16:15:00-04:00,Index Jan 2006=100,first official H.10 release after observation week; usable from calendar day after KST release date,weekly H.10 official release calendar,,2015-06-01,2015-06-03,DTWEXBGS,2015-05-25,Daily,2015-06-02T05:15:00+09:00,empty_value
2015-07-06T16:15:00-04:00,Index Jan 2006=100,first official H.10 release after observation week; usable from calendar day after KST release date,weekly H.10 official release calendar,,2015-07-06,2015-07-08,DTWEXBGS,2015-07-03,Daily,2015-07-07T05:15:00+09:00,empty_value
2015-09-14T16:15:00-04:00,Index Jan 2006=100,first official H.10 release after observation week; usable from calendar day after KST release date,weekly H.10 official release calendar,,2015-09-14,2015-09-16,DTWEXBGS,2015-09-07,Daily,2015-09-15T05:15:00+09:00,empty_value
2015-10-19T16:15:00-04:00,Index Jan 2006=100,first official H.10 release after observation week; usable from calendar day after KST release date,weekly H.10 official release calendar,,2015-10-19,2015-10-21,DTWEXBGS,2015-10-12,Daily,2015-10-20T05:15:00+09:00,empty_value
2015-11-16T16:15:00-05:00,Index Jan 2006=100,first official H.10 release after observation week; usable from calendar day after KST release date,weekly H.10 official release calendar,,2015-11-16,2015-11-18,DTWEXBGS,2015-11-11,Daily,2015-11-17T06:15:00+09:00,empty_value
2015-11-30T16:15:00-05:00,Index Jan 2006=100,first official H.10 release after observation week; usable from calendar day after KST release date,weekly H.10 official release calendar,,2015-11-30,2015-12-02,DTWEXBGS,2015-11-26,Daily,2015-12-01T06:15:00+09:00,empty_value
2015-12-28T16:15:00-05:00,Index Jan 2006=100,first official H.10 release after observation week; usable from calendar day after KST release date,weekly H.10 official release calendar,,2015-12-28,2015-12-30,DTWEXBGS,2015-12-25,Daily,2015-12-29T06:15:00+09:00,empty_value
2016-01-04T16:15:00-05:00,Index Jan 2006=100,first official H.10 release after observation week; usable from calendar day after KST release date,weekly H.10 official release calendar,,2016-01-04,2016-01-06,DTWEXBGS,2016-01-01,Daily,2016-01-05T06:15:00+09:00,empty_value
2016-01-27T16:15:00-05:00,Index Jan 2006=100,first official H.10 release after observation week; usable from calendar day after KST release date,weekly H.10 official release calendar,,2016-01-27,2016-01-29,DTWEXBGS,2016-01-18,Daily,2016-01-28T06:15:00+09:00,empty_value
2016-01-27T16:15:00-05:00,Index Jan 2006=100,first official H.10 release after observation week; usable from calendar day after KST release date,weekly H.10 official release calendar,,2016-01-27,2016-01-29,DTWEXBGS,2016-01-22,Daily,2016-01-28T06:15:00+09:00,empty_value
2016-02-01T16:15:00-05:00,Index Jan 2006=100,first official H.10 release after observation week; usable from calendar day after KST release date,weekly H.10 official release calendar,,2016-02-01,2016-02-03,DTWEXBGS,2016-01-25,Daily,2016-02-02T06:15:00+09:00,empty_value
2016-02-01T16:15:00-05:00,Index Jan 2006=100,first official H.10 release after observation week; usable from calendar day after KST release date,weekly H.10 official release calendar,,2016-02-01,2016-02-03,DTWEXBGS,2016-01-26,Daily,2016-02-02T06:15:00+09:00,empty_value
2016-02-22T16:15:00-05:00,Index Jan 2006=100,first official H.10 release after observation week; usable from calendar day after KST release date,weekly H.10 official release calendar,,2016-02-22,2016-02-24,DTWEXBGS,2016-02-15,Daily,2016-02-23T06:15:00+09:00,empty_value
2016-06-06T16:15:00-04:00,Index Jan 2006=100,first official H.10 release after observation week; usable from calendar day after KST release date,weekly H.10 official release calendar,,2016-06-06,2016-06-08,DTWEXBGS,2016-05-30,Daily,2016-06-07T05:15:00+09:00,empty_value
2016-07-11T16:15:00-04:00,Index Jan 2006=100,first official H.10 release after observation week; usable from calendar day after KST release date,weekly H.10 official release calendar,,2016-07-11,2016-07-13,DTWEXBGS,2016-07-04,Daily,2016-07-12T05:15:00+09:00,empty_value
2016-09-12T16:15:00-04:00,Index Jan 2006=100,first official H.10 release after observation week; usable from calendar day after KST release date,weekly H.10 official release calendar,,2016-09-12,2016-09-14,DTWEXBGS,2016-09-05,Daily,2016-09-13T05:15:00+09:00,empty_value
2016-10-17T16:15:00-04:00,Index Jan 2006=100,first official H.10 release after observation week; usable from calendar day after KST release date,weekly H.10 official release calendar,,2016-10-17,2016-10-19,DTWEXBGS,2016-10-10,Daily,2016-10-18T05:15:00+09:00,empty_value
2016-11-14T16:15:00-05:00,Index Jan 2006=100,first official H.10 release after observation week; usable from calendar day after KST release date,weekly H.10 official release calendar,,2016-11-14,2016-11-16,DTWEXBGS,2016-11-11,Daily,2016-11-15T06:15:00+09:00,empty_value
2016-11-28T16:15:00-05:00,Index Jan 2006=100,first official H.10 release after observation week; usable from calendar day after KST release date,weekly H.10 official release calendar,,2016-11-28,2016-11-30,DTWEXBGS,2016-11-24,Daily,2016-11-29T06:15:00+09:00,empty_value
2017-01-03T16:15:00-05:00,Index Jan 2006=100,first official H.10 release after observation week; usable from calendar day after KST release date,weekly H.10 official release calendar,,2017-01-03,2017-01-05,DTWEXBGS,2016-12-26,Daily,2017-01-04T06:15:00+09:00,empty_value
2017-01-09T16:15:00-05:00,Index Jan 2006=100,first official H.10 release after observation week; usable from calendar day after KST release date,weekly H.10 official release calendar,,2017-01-09,2017-01-11,DTWEXBGS,2017-01-02,Daily,2017-01-10T06:15:00+09:00,empty_value
2017-01-23T16:15:00-05:00,Index Jan 2006=100,first official H.10 release after observation week; usable from calendar day after KST release date,weekly H.10 official release calendar,,2017-01-23,2017-01-25,DTWEXBGS,2017-01-16,Daily,2017-01-24T06:15:00+09:00,empty_value
2017-01-23T16:15:00-05:00,Index Jan 2006=100,first official H.10 release after observation week; usable from calendar day after KST release date,weekly H.10 official release calendar,,2017-01-23,2017-01-25,DTWEXBGS,2017-01-20,Daily,2017-01-24T06:15:00+09:00,empty_value
2017-02-27T16:15:00-05:00,Index Jan 2006=100,first official H.10 release after observation week; usable from calendar day after KST release date,weekly H.10 official release calendar,,2017-02-27,2017-03-01,DTWEXBGS,2017-02-20,Daily,2017-02-28T06:15:00+09:00,empty_value
2017-06-05T16:15:00-04:00,Index Jan 2006=100,first official H.10 release after observation week; usable from calendar day after KST release date,weekly H.10 official release calendar,,2017-06-05,2017-06-07,DTWEXBGS,2017-05-29,Daily,2017-06-06T05:15:00+09:00,empty_value
2017-07-10T16:15:00-04:00,Index Jan 2006=100,first official H.10 release after observation week; usable from calendar day after KST release date,weekly H.10 official release calendar,,2017-07-10,2017-07-12,DTWEXBGS,2017-07-04,Daily,2017-07-11T05:15:00+09:00,empty_value
2017-09-11T16:15:00-04:00,Index Jan 2006=100,first official H.10 release after observation week; usable from calendar day after KST release date,weekly H.10 official release calendar,,2017-09-11,2017-09-13,DTWEXBGS,2017-09-04,Daily,2017-09-12T05:15:00+09:00,empty_value
2017-10-16T16:15:00-04:00,Index Jan 2006=100,first official H.10 release after observation week; usable from calendar day after KST release date,weekly H.10 official release calendar,,2017-10-16,2017-10-18,DTWEXBGS,2017-10-09,Daily,2017-10-17T05:15:00+09:00,empty_value
2017-11-13T16:15:00-05:00,Index Jan 2006=100,first official H.10 release after observation week; usable from calendar day after KST release date,weekly H.10 official release calendar,,2017-11-13,2017-11-15,DTWEXBGS,2017-11-10,Daily,2017-11-14T06:15:00+09:00,empty_value
2017-11-27T16:15:00-05:00,Index Jan 2006=100,first official H.10 release after observation week; usable from calendar day after KST release date,weekly H.10 official release calendar,,2017-11-27,2017-11-29,DTWEXBGS,2017-11-23,Daily,2017-11-28T06:15:00+09:00,empty_value
2018-01-02T16:15:00-05:00,Index Jan 2006=100,first official H.10 release after observation week; usable from calendar day after KST release date,weekly H.10 official release calendar,,2018-01-02,2018-01-04,DTWEXBGS,2017-12-25,Daily,2018-01-03T06:15:00+09:00,empty_value
2018-01-08T16:15:00-05:00,Index Jan 2006=100,first official H.10 release after observation week; usable from calendar day after KST release date,weekly H.10 official release calendar,,2018-01-08,2018-01-10,DTWEXBGS,2018-01-01,Daily,2018-01-09T06:15:00+09:00,empty_value
2018-01-22T16:15:00-05:00,Index Jan 2006=100,first official H.10 release after observation week; usable from calendar day after KST release date,weekly H.10 official release calendar,,2018-01-22,2018-01-24,DTWEXBGS,2018-01-15,Daily,2018-01-23T06:15:00+09:00,empty_value
2018-02-26T16:15:00-05:00,Index Jan 2006=100,first official H.10 release after observation week; usable from calendar day after KST release date,weekly H.10 official release calendar,,2018-02-26,2018-02-28,DTWEXBGS,2018-02-19,Daily,2018-02-27T06:15:00+09:00,empty_value
2018-03-05T16:15:00-05:00,Index Jan 2006=100,first official H.10 release after observation week; usable from calendar day after KST release date,weekly H.10 official release calendar,,2018-03-05,2018-03-07,DTWEXBGS,2018-03-02,Daily,2018-03-06T06:15:00+09:00,empty_value
2018-03-26T16:15:00-04:00,Index Jan 2006=100,first official H.10 release after observation week; usable from calendar day after KST release date,weekly H.10 official release calendar,,2018-03-26,2018-03-28,DTWEXBGS,2018-03-21,Daily,2018-03-27T05:15:00+09:00,empty_value
2018-06-04T16:15:00-04:00,Index Jan 2006=100,first official H.10 release after observation week; usable from calendar day after KST release date,weekly H.10 official release calendar,,2018-06-04,2018-06-06,DTWEXBGS,2018-05-28,Daily,2018-06-05T05:15:00+09:00,empty_value
2018-07-09T16:15:00-04:00,Index Jan 2006=100,first official H.10 release after observation week; usable from calendar day after KST release date,weekly H.10 official release calendar,,2018-07-09,2018-07-11,DTWEXBGS,2018-07-04,Daily,2018-07-10T05:15:00+09:00,empty_value
2018-09-10T16:15:00-04:00,Index Jan 2006=100,first official H.10 release after observation week; usable from calendar day after KST release date,weekly H.10 official release calendar,,2018-09-10,2018-09-12,DTWEXBGS,2018-09-03,Daily,2018-09-11T05:15:00+09:00,empty_value
2018-10-15T16:15:00-04:00,Index Jan 2006=100,first official H.10 release after observation week; usable from calendar day after KST release date,weekly H.10 official release calendar,,2018-10-15,2018-10-17,DTWEXBGS,2018-10-08,Daily,2018-10-16T05:15:00+09:00,empty_value
2018-11-19T16:15:00-05:00,Index Jan 2006=100,first official H.10 release after observation week; usable from calendar day after KST release date,weekly H.10 official release calendar,,2018-11-19,2018-11-21,DTWEXBGS,2018-11-12,Daily,2018-11-20T06:15:00+09:00,empty_value
2018-11-26T16:15:00-05:00,Index Jan 2006=100,first official H.10 release after observation week; usable from calendar day after KST release date,weekly H.10 official release calendar,,2018-11-26,2018-11-28,DTWEXBGS,2018-11-22,Daily,2018-11-27T06:15:00+09:00,empty_value
2018-12-10T16:15:00-05:00,Index Jan 2006=100,first official H.10 release after observation week; usable from calendar day after KST release date,weekly H.10 official release calendar,,2018-12-10,2018-12-12,DTWEXBGS,2018-12-05,Daily,2018-12-11T06:15:00+09:00,empty_value
2018-12-31T16:15:00-05:00,Index Jan 2006=100,first official H.10 release after observation week; usable from calendar day after KST release date,weekly H.10 official release calendar,,2018-12-31,2019-01-02,DTWEXBGS,2018-12-25,Daily,2019-01-01T06:15:00+09:00,empty_value
2019-01-07T16:15:00-05:00,Index Jan 2006=100,first official H.10 release after observation week; usable from calendar day after KST release date,weekly H.10 official release calendar,,2019-01-07,2019-01-09,DTWEXBGS,2019-01-01,Daily,2019-01-08T06:15:00+09:00,empty_value
2019-01-22T16:15:00-05:00,Index Jan 2006=100,first official H.10 release after observation week; usable from calendar day after KST release date,weekly H.10 official release calendar,,2019-01-22,2019-01-24,DTWEXBGS,2019-01-14,Daily,2019-01-23T06:15:00+09:00,empty_value
2019-01-28T16:15:00-05:00,Index Jan 2006=100,first official H.10 release after observation week; usable from calendar day after KST release date,weekly H.10 official release calendar,,2019-01-28,2019-01-30,DTWEXBGS,2019-01-21,Daily,2019-01-29T06:15:00+09:00,empty_value
2019-02-25T16:15:00-05:00,Index Jan 2006=100,first official H.10 release after observation week; usable from calendar day after KST release date,weekly H.10 official release calendar,,2019-02-25,2019-02-27,DTWEXBGS,2019-02-18,Daily,2019-02-26T06:15:00+09:00,empty_value
2019-02-25T16:15:00-05:00,Index Jan 2006=100,first official H.10 release after observation week; usable from calendar day after KST release date,weekly H.10 official release calendar,,2019-02-25,2019-02-27,DTWEXBGS,2019-02-20,Daily,2019-02-26T06:15:00+09:00,empty_value
2019-06-03T16:15:00-04:00,Index Jan 2006=100,first official H.10 release after observation week; usable from calendar day after KST release date,weekly H.10 official release calendar,,2019-06-03,2019-06-05,DTWEXBGS,2019-05-27,Daily,2019-06-04T05:15:00+09:00,empty_value
2019-07-08T16:15:00-04:00,Index Jan 2006=100,first official H.10 release after observation week; usable from calendar day after KST release date,weekly H.10 official release calendar,,2019-07-08,2019-07-10,DTWEXBGS,2019-07-04,Daily,2019-07-09T05:15:00+09:00,empty_value
2019-09-09T16:15:00-04:00,Index Jan 2006=100,first official H.10 release after observation week; usable from calendar day after KST release date,weekly H.10 official release calendar,,2019-09-09,2019-09-11,DTWEXBGS,2019-09-02,Daily,2019-09-10T05:15:00+09:00,empty_value
2019-10-21T16:15:00-04:00,Index Jan 2006=100,first official H.10 release after observation week; usable from calendar day after KST release date,weekly H.10 official release calendar,,2019-10-21,2019-10-23,DTWEXBGS,2019-10-14,Daily,2019-10-22T05:15:00+09:00,empty_value
2019-11-18T16:15:00-05:00,Index Jan 2006=100,first official H.10 release after observation week; usable from calendar day after KST release date,weekly H.10 official release calendar,,2019-11-18,2019-11-20,DTWEXBGS,2019-11-11,Daily,2019-11-19T06:15:00+09:00,empty_value
2019-12-02T16:15:00-05:00,Index Jan 2006=100,first official H.10 release after observation week; usable from calendar day after KST release date,weekly H.10 official release calendar,,2019-12-02,2019-12-04,DTWEXBGS,2019-11-28,Daily,2019-12-03T06:15:00+09:00,empty_value
2019-12-30T16:15:00-05:00,Index Jan 2006=100,first official H.10 release after observation week; usable from calendar day after KST release date,weekly H.10 official release calendar,,2019-12-30,2020-01-01,DTWEXBGS,2019-12-24,Daily,2019-12-31T06:15:00+09:00,empty_value
2019-12-30T16:15:00-05:00,Index Jan 2006=100,first official H.10 release after observation week; usable from calendar day after KST release date,weekly H.10 official release calendar,,2019-12-30,2020-01-01,DTWEXBGS,2019-12-25,Daily,2019-12-31T06:15:00+09:00,empty_value
2020-01-06T16:15:00-05:00,Index Jan 2006=100,first official H.10 release after observation week; usable from calendar day after KST release date,weekly H.10 official release calendar,,2020-01-06,2020-01-08,DTWEXBGS,2020-01-01,Daily,2020-01-07T06:15:00+09:00,empty_value
2020-01-27T16:15:00-05:00,Index Jan 2006=100,first official H.10 release after observation week; usable from calendar day after KST release date,weekly H.10 official release calendar,,2020-01-27,2020-01-29,DTWEXBGS,2020-01-20,Daily,2020-01-28T06:15:00+09:00,empty_value
2020-02-24T16:15:00-05:00,Index Jan 2006=100,first official H.10 release after observation week; usable from calendar day after KST release date,weekly H.10 official release calendar,,2020-02-24,2020-02-26,DTWEXBGS,2020-02-17,Daily,2020-02-25T06:15:00+09:00,empty_value
2020-06-01T16:15:00-04:00,Index Jan 2006=100,first official H.10 release after observation week; usable from calendar day after KST release date,weekly H.10 official release calendar,,2020-06-01,2020-06-03,DTWEXBGS,2020-05-25,Daily,2020-06-02T05:15:00+09:00,empty_value
2020-07-06T16:15:00-04:00,Index Jan 2006=100,first official H.10 release after observation week; usable from calendar day after KST release date,weekly H.10 official release calendar,,2020-07-06,2020-07-08,DTWEXBGS,2020-07-03,Daily,2020-07-07T05:15:00+09:00,empty_value
2020-09-14T16:15:00-04:00,Index Jan 2006=100,first official H.10 release after observation week; usable from calendar day after KST release date,weekly H.10 official release calendar,,2020-09-14,2020-09-16,DTWEXBGS,2020-09-07,Daily,2020-09-15T05:15:00+09:00,empty_value
2020-10-19T16:15:00-04:00,Index Jan 2006=100,first official H.10 release after observation week; usable from calendar day after KST release date,weekly H.10 official release calendar,,2020-10-19,2020-10-21,DTWEXBGS,2020-10-12,Daily,2020-10-20T05:15:00+09:00,empty_value
2020-11-16T16:15:00-05:00,Index Jan 2006=100,first official H.10 release after observation week; usable from calendar day after KST release date,weekly H.10 official release calendar,,2020-11-16,2020-11-18,DTWEXBGS,2020-11-11,Daily,2020-11-17T06:15:00+09:00,empty_value
2020-11-30T16:15:00-05:00,Index Jan 2006=100,first official H.10 release after observation week; usable from calendar day after KST release date,weekly H.10 official release calendar,,2020-11-30,2020-12-02,DTWEXBGS,2020-11-26,Daily,2020-12-01T06:15:00+09:00,empty_value
2020-11-30T16:15:00-05:00,Index Jan 2006=100,first official H.10 release after observation week; usable from calendar day after KST release date,weekly H.10 official release calendar,,2020-11-30,2020-12-02,DTWEXBGS,2020-11-27,Daily,2020-12-01T06:15:00+09:00,empty_value
2020-12-28T16:15:00-05:00,Index Jan 2006=100,first official H.10 release after observation week; usable from calendar day after KST release date,weekly H.10 official release calendar,,2020-12-28,2020-12-30,DTWEXBGS,2020-12-24,Daily,2020-12-29T06:15:00+09:00,empty_value
2020-12-28T16:15:00-05:00,Index Jan 2006=100,first official H.10 release after observation week; usable from calendar day after KST release date,weekly H.10 official release calendar,,2020-12-28,2020-12-30,DTWEXBGS,2020-12-25,Daily,2020-12-29T06:15:00+09:00,empty_value
2021-01-04T16:15:00-05:00,Index Jan 2006=100,first official H.10 release after observation week; usable from calendar day after KST release date,weekly H.10 official release calendar,,2021-01-04,2021-01-06,DTWEXBGS,2021-01-01,Daily,2021-01-05T06:15:00+09:00,empty_value
2021-01-25T16:15:00-05:00,Index Jan 2006=100,first official H.10 release after observation week; usable from calendar day after KST release date,weekly H.10 official release calendar,,2021-01-25,2021-01-27,DTWEXBGS,2021-01-18,Daily,2021-01-26T06:15:00+09:00,empty_value
2021-01-25T16:15:00-05:00,Index Jan 2006=100,first official H.10 release after observation week; usable from calendar day after KST release date,weekly H.10 official release calendar,,2021-01-25,2021-01-27,DTWEXBGS,2021-01-20,Daily,2021-01-26T06:15:00+09:00,empty_value
2021-02-22T16:15:00-05:00,Index Jan 2006=100,first official H.10 release after observation week; usable from calendar day after KST release date,weekly H.10 official release calendar,,2021-02-22,2021-02-24,DTWEXBGS,2021-02-15,Daily,2021-02-23T06:15:00+09:00,empty_value
2021-06-07T16:15:00-04:00,Index Jan 2006=100,first official H.10 release after observation week; usable from calendar day after KST release date,weekly H.10 official release calendar,,2021-06-07,2021-06-09,DTWEXBGS,2021-05-31,Daily,2021-06-08T05:15:00+09:00,empty_value
2021-07-12T16:15:00-04:00,Index Jan 2006=100,first official H.10 release after observation week; usable from calendar day after KST release date,weekly H.10 official release calendar,,2021-07-12,2021-07-14,DTWEXBGS,2021-07-05,Daily,2021-07-13T05:15:00+09:00,empty_value
2021-09-13T16:15:00-04:00,Index Jan 2006=100,first official H.10 release after observation week; usable from calendar day after KST release date,weekly H.10 official release calendar,,2021-09-13,2021-09-15,DTWEXBGS,2021-09-06,Daily,2021-09-14T05:15:00+09:00,empty_value
2021-10-18T16:15:00-04:00,Index Jan 2006=100,first official H.10 release after observation week; usable from calendar day after KST release date,weekly H.10 official release calendar,,2021-10-18,2021-10-20,DTWEXBGS,2021-10-11,Daily,2021-10-19T05:15:00+09:00,empty_value
2021-11-15T16:15:00-05:00,Index Jan 2006=100,first official H.10 release after observation week; usable from calendar day after KST release date,weekly H.10 official release calendar,,2021-11-15,2021-11-17,DTWEXBGS,2021-11-11,Daily,2021-11-16T06:15:00+09:00,empty_value
2021-11-29T16:15:00-05:00,Index Jan 2006=100,first official H.10 release after observation week; usable from calendar day after KST release date,weekly H.10 official release calendar,,2021-11-29,2021-12-01,DTWEXBGS,2021-11-25,Daily,2021-11-30T06:15:00+09:00,empty_value
2021-12-27T16:15:00-05:00,Index Jan 2006=100,first official H.10 release after observation week; usable from calendar day after KST release date,weekly H.10 official release calendar,,2021-12-27,2021-12-29,DTWEXBGS,2021-12-24,Daily,2021-12-28T06:15:00+09:00,empty_value
2022-01-03T16:15:00-05:00,Index Jan 2006=100,first official H.10 release after observation week; usable from calendar day after KST release date,weekly H.10 official release calendar,,2022-01-03,2022-01-05,DTWEXBGS,2021-12-31,Daily,2022-01-04T06:15:00+09:00,empty_value
2022-01-24T16:15:00-05:00,Index Jan 2006=100,first official H.10 release after observation week; usable from calendar day after KST release date,weekly H.10 official release calendar,,2022-01-24,2022-01-26,DTWEXBGS,2022-01-17,Daily,2022-01-25T06:15:00+09:00,empty_value
2022-02-28T16:15:00-05:00,Index Jan 2006=100,first official H.10 release after observation week; usable from calendar day after KST release date,weekly H.10 official release calendar,,2022-02-28,2022-03-02,DTWEXBGS,2022-02-21,Daily,2022-03-01T06:15:00+09:00,empty_value
2022-06-06T16:15:00-04:00,Index Jan 2006=100,first official H.10 release after observation week; usable from calendar day after KST release date,weekly H.10 official release calendar,,2022-06-06,2022-06-08,DTWEXBGS,2022-05-30,Daily,2022-06-07T05:15:00+09:00,empty_value
2022-06-27T16:15:00-04:00,Index Jan 2006=100,first official H.10 release after observation week; usable from calendar day after KST release date,weekly H.10 official release calendar,,2022-06-27,2022-06-29,DTWEXBGS,2022-06-20,Daily,2022-06-28T05:15:00+09:00,empty_value
2022-07-11T16:15:00-04:00,Index Jan 2006=100,first official H.10 release after observation week; usable from calendar day after KST release date,weekly H.10 official release calendar,,2022-07-11,2022-07-13,DTWEXBGS,2022-07-04,Daily,2022-07-12T05:15:00+09:00,empty_value
2022-09-12T16:15:00-04:00,Index Jan 2006=100,first official H.10 release after observation week; usable from calendar day after KST release date,weekly H.10 official release calendar,,2022-09-12,2022-09-14,DTWEXBGS,2022-09-05,Daily,2022-09-13T05:15:00+09:00,empty_value
2022-10-17T16:15:00-04:00,Index Jan 2006=100,first official H.10 release after observation week; usable from calendar day after KST release date,weekly H.10 official release calendar,,2022-10-17,2022-10-19,DTWEXBGS,2022-10-10,Daily,2022-10-18T05:15:00+09:00,empty_value
2022-11-14T16:15:00-05:00,Index Jan 2006=100,first official H.10 release after observation week; usable from calendar day after KST release date,weekly H.10 official release calendar,,2022-11-14,2022-11-16,DTWEXBGS,2022-11-11,Daily,2022-11-15T06:15:00+09:00,empty_value
2022-11-28T16:15:00-05:00,Index Jan 2006=100,first official H.10 release after observation week; usable from calendar day after KST release date,weekly H.10 official release calendar,,2022-11-28,2022-11-30,DTWEXBGS,2022-11-24,Daily,2022-11-29T06:15:00+09:00,empty_value
2023-01-03T16:15:00-05:00,Index Jan 2006=100,first official H.10 release after observation week; usable from calendar day after KST release date,weekly H.10 official release calendar,,2023-01-03,2023-01-05,DTWEXBGS,2022-12-26,Daily,2023-01-04T06:15:00+09:00,empty_value
2023-01-09T16:15:00-05:00,Index Jan 2006=100,first official H.10 release after observation week; usable from calendar day after KST release date,weekly H.10 official release calendar,,2023-01-09,2023-01-11,DTWEXBGS,2023-01-02,Daily,2023-01-10T06:15:00+09:00,empty_value
2023-01-23T16:15:00-05:00,Index Jan 2006=100,first official H.10 release after observation week; usable from calendar day after KST release date,weekly H.10 official release calendar,,2023-01-23,2023-01-25,DTWEXBGS,2023-01-16,Daily,2023-01-24T06:15:00+09:00,empty_value
2023-02-27T16:15:00-05:00,Index Jan 2006=100,first official H.10 release after observation week; usable from calendar day after KST release date,weekly H.10 official release calendar,,2023-02-27,2023-03-01,DTWEXBGS,2023-02-20,Daily,2023-02-28T06:15:00+09:00,empty_value
2023-06-05T16:15:00-04:00,Index Jan 2006=100,first official H.10 release after observation week; usable from calendar day after KST release date,weekly H.10 official release calendar,,2023-06-05,2023-06-07,DTWEXBGS,2023-05-29,Daily,2023-06-06T05:15:00+09:00,empty_value
2023-06-26T16:15:00-04:00,Index Jan 2006=100,first official H.10 release after observation week; usable from calendar day after KST release date,weekly H.10 official release calendar,,2023-06-26,2023-06-28,DTWEXBGS,2023-06-19,Daily,2023-06-27T05:15:00+09:00,empty_value
2023-07-10T16:15:00-04:00,Index Jan 2006=100,first official H.10 release after observation week; usable from calendar day after KST release date,weekly H.10 official release calendar,,2023-07-10,2023-07-12,DTWEXBGS,2023-07-04,Daily,2023-07-11T05:15:00+09:00,empty_value
2023-09-11T16:15:00-04:00,Index Jan 2006=100,first official H.10 release after observation week; usable from calendar day after KST release date,weekly H.10 official release calendar,,2023-09-11,2023-09-13,DTWEXBGS,2023-09-04,Daily,2023-09-12T05:15:00+09:00,empty_value
2023-10-16T16:15:00-04:00,Index Jan 2006=100,first official H.10 release after observation week; usable from calendar day after KST release date,weekly H.10 official release calendar,,2023-10-16,2023-10-18,DTWEXBGS,2023-10-09,Daily,2023-10-17T05:15:00+09:00,empty_value
2023-11-13T16:15:00-05:00,Index Jan 2006=100,first official H.10 release after observation week; usable from calendar day after KST release date,weekly H.10 official release calendar,,2023-11-13,2023-11-15,DTWEXBGS,2023-11-10,Daily,2023-11-14T06:15:00+09:00,empty_value
2023-11-27T16:15:00-05:00,Index Jan 2006=100,first official H.10 release after observation week; usable from calendar day after KST release date,weekly H.10 official release calendar,,2023-11-27,2023-11-29,DTWEXBGS,2023-11-23,Daily,2023-11-28T06:15:00+09:00,empty_value
2024-01-02T16:15:00-05:00,Index Jan 2006=100,first official H.10 release after observation week; usable from calendar day after KST release date,weekly H.10 official release calendar,,2024-01-02,2024-01-04,DTWEXBGS,2023-12-25,Daily,2024-01-03T06:15:00+09:00,empty_value
2024-01-08T16:15:00-05:00,Index Jan 2006=100,first official H.10 release after observation week; usable from calendar day after KST release date,weekly H.10 official release calendar,,2024-01-08,2024-01-10,DTWEXBGS,2024-01-01,Daily,2024-01-09T06:15:00+09:00,empty_value
2024-01-22T16:15:00-05:00,Index Jan 2006=100,first official H.10 release after observation week; usable from calendar day after KST release date,weekly H.10 official release calendar,,2024-01-22,2024-01-24,DTWEXBGS,2024-01-15,Daily,2024-01-23T06:15:00+09:00,empty_value
2024-02-26T16:15:00-05:00,Index Jan 2006=100,first official H.10 release after observation week; usable from calendar day after KST release date,weekly H.10 official release calendar,,2024-02-26,2024-02-28,DTWEXBGS,2024-02-19,Daily,2024-02-27T06:15:00+09:00,empty_value
2024-06-03T16:15:00-04:00,Index Jan 2006=100,first official H.10 release after observation week; usable from calendar day after KST release date,weekly H.10 official release calendar,,2024-06-03,2024-06-05,DTWEXBGS,2024-05-27,Daily,2024-06-04T05:15:00+09:00,empty_value
2024-06-24T16:15:00-04:00,Index Jan 2006=100,first official H.10 release after observation week; usable from calendar day after KST release date,weekly H.10 official release calendar,,2024-06-24,2024-06-26,DTWEXBGS,2024-06-19,Daily,2024-06-25T05:15:00+09:00,empty_value
2024-07-08T16:15:00-04:00,Index Jan 2006=100,first official H.10 release after observation week; usable from calendar day after KST release date,weekly H.10 official release calendar,,2024-07-08,2024-07-10,DTWEXBGS,2024-07-04,Daily,2024-07-09T05:15:00+09:00,empty_value
2024-09-09T16:15:00-04:00,Index Jan 2006=100,first official H.10 release after observation week; usable from calendar day after KST release date,weekly H.10 official release calendar,,2024-09-09,2024-09-11,DTWEXBGS,2024-09-02,Daily,2024-09-10T05:15:00+09:00,empty_value
2024-10-21T16:15:00-04:00,Index Jan 2006=100,first official H.10 release after observation week; usable from calendar day after KST release date,weekly H.10 official release calendar,,2024-10-21,2024-10-23,DTWEXBGS,2024-10-14,Daily,2024-10-22T05:15:00+09:00,empty_value
2024-11-18T16:15:00-05:00,Index Jan 2006=100,first official H.10 release after observation week; usable from calendar day after KST release date,weekly H.10 official release calendar,,2024-11-18,2024-11-20,DTWEXBGS,2024-11-11,Daily,2024-11-19T06:15:00+09:00,empty_value
2024-12-02T16:15:00-05:00,Index Jan 2006=100,first official H.10 release after observation week; usable from calendar day after KST release date,weekly H.10 official release calendar,,2024-12-02,2024-12-04,DTWEXBGS,2024-11-28,Daily,2024-12-03T06:15:00+09:00,empty_value
2024-12-30T16:15:00-05:00,Index Jan 2006=100,first official H.10 release after observation week; usable from calendar day after KST release date,weekly H.10 official release calendar,,2024-12-30,2025-01-01,DTWEXBGS,2024-12-25,Daily,2024-12-31T06:15:00+09:00,empty_value
2025-01-06T16:15:00-05:00,Index Jan 2006=100,first official H.10 release after observation week; usable from calendar day after KST release date,weekly H.10 official release calendar,,2025-01-06,2025-01-08,DTWEXBGS,2025-01-01,Daily,2025-01-07T06:15:00+09:00,empty_value
2025-01-27T16:15:00-05:00,Index Jan 2006=100,first official H.10 release after observation week; usable from calendar day after KST release date,weekly H.10 official release calendar,,2025-01-27,2025-01-29,DTWEXBGS,2025-01-20,Daily,2025-01-28T06:15:00+09:00,empty_value
2025-02-24T16:15:00-05:00,Index Jan 2006=100,first official H.10 release after observation week; usable from calendar day after KST release date,weekly H.10 official release calendar,,2025-02-24,2025-02-26,DTWEXBGS,2025-02-17,Daily,2025-02-25T06:15:00+09:00,empty_value
2025-06-02T16:15:00-04:00,Index Jan 2006=100,first official H.10 release after observation week; usable from calendar day after KST release date,weekly H.10 official release calendar,,2025-06-02,2025-06-04,DTWEXBGS,2025-05-26,Daily,2025-06-03T05:15:00+09:00,empty_value
2025-06-23T16:15:00-04:00,Index Jan 2006=100,first official H.10 release after observation week; usable from calendar day after KST release date,weekly H.10 official release calendar,,2025-06-23,2025-06-25,DTWEXBGS,2025-06-19,Daily,2025-06-24T05:15:00+09:00,empty_value
2025-07-07T16:15:00-04:00,Index Jan 2006=100,first official H.10 release after observation week; usable from calendar day after KST release date,weekly H.10 official release calendar,,2025-07-07,2025-07-09,DTWEXBGS,2025-07-04,Daily,2025-07-08T05:15:00+09:00,empty_value
2025-09-08T16:15:00-04:00,Index Jan 2006=100,first official H.10 release after observation week; usable from calendar day after KST release date,weekly H.10 official release calendar,,2025-09-08,2025-09-10,DTWEXBGS,2025-09-01,Daily,2025-09-09T05:15:00+09:00,empty_value
2025-10-20T16:15:00-04:00,Index Jan 2006=100,first official H.10 release after observation week; usable from calendar day after KST release date,weekly H.10 official release calendar,,2025-10-20,2025-10-22,DTWEXBGS,2025-10-13,Daily,2025-10-21T05:15:00+09:00,empty_value
2025-11-17T16:15:00-05:00,Index Jan 2006=100,first official H.10 release after observation week; usable from calendar day after KST release date,weekly H.10 official release calendar,,2025-11-17,2025-11-19,DTWEXBGS,2025-11-11,Daily,2025-11-18T06:15:00+09:00,empty_value
2025-12-01T16:15:00-05:00,Index Jan 2006=100,first official H.10 release after observation week; usable from calendar day after KST release date,weekly H.10 official release calendar,,2025-12-01,2025-12-03,DTWEXBGS,2025-11-27,Daily,2025-12-02T06:15:00+09:00,empty_value
2025-12-29T16:15:00-05:00,Index Jan 2006=100,first official H.10 release after observation week; usable from calendar day after KST release date,weekly H.10 official release calendar,,2025-12-29,2025-12-31,DTWEXBGS,2025-12-25,Daily,2025-12-30T06:15:00+09:00,empty_value
2026-01-05T16:15:00-05:00,Index Jan 2006=100,first official H.10 release after observation week; usable from calendar day after KST release date,weekly H.10 official release calendar,,2026-01-05,2026-01-07,DTWEXBGS,2026-01-01,Daily,2026-01-06T06:15:00+09:00,empty_value
2026-01-26T16:15:00-05:00,Index Jan 2006=100,first official H.10 release after observation week; usable from calendar day after KST release date,weekly H.10 official release calendar,,2026-01-26,2026-01-28,DTWEXBGS,2026-01-19,Daily,2026-01-27T06:15:00+09:00,empty_value
2026-02-23T16:15:00-05:00,Index Jan 2006=100,first official H.10 release after observation week; usable from calendar day after KST release date,weekly H.10 official release calendar,,2026-02-23,2026-02-25,DTWEXBGS,2026-02-16,Daily,2026-02-24T06:15:00+09:00,empty_value
2026-06-01T16:15:00-04:00,Index Jan 2006=100,first official H.10 release after observation week; usable from calendar day after KST release date,weekly H.10 official release calendar,,2026-06-01,2026-06-03,DTWEXBGS,2026-05-25,Daily,2026-06-02T05:15:00+09:00,empty_value
2026-06-22T16:15:00-04:00,Index Jan 2006=100,first official H.10 release after observation week; usable from calendar day after KST release date,weekly H.10 official release calendar,,2026-06-22,2026-06-24,DTWEXBGS,2026-06-19,Daily,2026-06-23T05:15:00+09:00,empty_value
2026-07-06T16:15:00-04:00,Index Jan 2006=100,first official H.10 release after observation week; usable from calendar day after KST release date,weekly H.10 official release calendar,,2026-07-06,2026-07-08,DTWEXBGS,2026-07-03,Daily,2026-07-07T05:15:00+09:00,empty_value
