date,value,raw_rate,raw_unit,normalized_rate,normalized_unit,stat_code,item_code,item_name,unit_name,series_code,notes,weekday,exclusion_reason
1977-04-02,1.745,174.5,KRW per 100 JPY,1.745,KRW per JPY,731Y001,2,원/일본엔(100엔),원,731Y001,JPY/KRW (KRW per JPY; raw ECOS value is KRW per 100 JPY),Saturday,weekend_observation
1977-04-09,1.7702,177.02,KRW per 100 JPY,1.7702,KRW per JPY,731Y001,2,원/일본엔(100엔),원,731Y001,JPY/KRW (KRW per JPY; raw ECOS value is KRW per 100 JPY),Saturday,weekend_observation
1977-04-16,1.7648,176.48,KRW per 100 JPY,1.7648,KRW per JPY,731Y001,2,원/일본엔(100엔),원,731Y001,JPY/KRW (KRW per JPY; raw ECOS value is KRW per 100 JPY),Saturday,weekend_observation
1977-04-23,1.7492,174.92,KRW per 100 JPY,1.7492,KRW per JPY,731Y001,2,원/일본엔(100엔),원,731Y001,JPY/KRW (KRW per JPY; raw ECOS value is KRW per 100 JPY),Saturday,weekend_observation
1977-04-30,1.7428,174.28,KRW per 100 JPY,1.7428,KRW per JPY,731Y001,2,원/일본엔(100엔),원,731Y001,JPY/KRW (KRW per JPY; raw ECOS value is KRW per 100 JPY),Saturday,weekend_observation
1977-05-07,1.7391,173.91,KRW per 100 JPY,1.7391,KRW per JPY,731Y001,2,원/일본엔(100엔),원,731Y001,JPY/KRW (KRW per JPY; raw ECOS value is KRW per 100 JPY),Saturday,weekend_observation
1977-05-14,1.7436,174.36,KRW per 100 JPY,1.7436,KRW per JPY,731Y001,2,원/일본엔(100엔),원,731Y001,JPY/KRW (KRW per JPY; raw ECOS value is KRW per 100 JPY),Saturday,weekend_observation
1977-05-21,1.7467,174.67,KRW per 100 JPY,1.7467,KRW per JPY,731Y001,2,원/일본엔(100엔),원,731Y001,JPY/KRW (KRW per JPY; raw ECOS value is KRW per 100 JPY),Saturday,weekend_observation
1977-05-28,1.7465000000000002,174.65,KRW per 100 JPY,1.7465000000000002,KRW per JPY,731Y001,2,원/일본엔(100엔),원,731Y001,JPY/KRW (KRW per JPY; raw ECOS value is KRW per 100 JPY),Saturday,weekend_observation
1977-06-11,1.76,176.0,KRW per 100 JPY,1.76,KRW per JPY,731Y001,2,원/일본엔(100엔),원,731Y001,JPY/KRW (KRW per JPY; raw ECOS value is KRW per 100 JPY),Saturday,weekend_observation
1977-06-18,1.7767,177.67,KRW per 100 JPY,1.7767,KRW per JPY,731Y001,2,원/일본엔(100엔),원,731Y001,JPY/KRW (KRW per JPY; raw ECOS value is KRW per 100 JPY),Saturday,weekend_observation
1977-06-25,1.7794,177.94,KRW per 100 JPY,1.7794,KRW per JPY,731Y001,2,원/일본엔(100엔),원,731Y001,JPY/KRW (KRW per JPY; raw ECOS value is KRW per 100 JPY),Saturday,weekend_observation
1977-07-02,1.8089,180.89,KRW per 100 JPY,1.8089,KRW per JPY,731Y001,2,원/일본엔(100엔),원,731Y001,JPY/KRW (KRW per JPY; raw ECOS value is KRW per 100 JPY),Saturday,weekend_observation
1977-07-09,1.8267,182.67,KRW per 100 JPY,1.8267,KRW per JPY,731Y001,2,원/일본엔(100엔),원,731Y001,JPY/KRW (KRW per JPY; raw ECOS value is KRW per 100 JPY),Saturday,weekend_observation
1977-07-30,1.8195,181.95,KRW per 100 JPY,1.8195,KRW per JPY,731Y001,2,원/일본엔(100엔),원,731Y001,JPY/KRW (KRW per JPY; raw ECOS value is KRW per 100 JPY),Saturday,weekend_observation
1977-08-06,1.8194,181.94,KRW per 100 JPY,1.8194,KRW per JPY,731Y001,2,원/일본엔(100엔),원,731Y001,JPY/KRW (KRW per JPY; raw ECOS value is KRW per 100 JPY),Saturday,weekend_observation
1977-08-13,1.8182,181.82,KRW per 100 JPY,1.8182,KRW per JPY,731Y001,2,원/일본엔(100엔),원,731Y001,JPY/KRW (KRW per JPY; raw ECOS value is KRW per 100 JPY),Saturday,weekend_observation
1977-08-27,1.8129,181.29,KRW per 100 JPY,1.8129,KRW per JPY,731Y001,2,원/일본엔(100엔),원,731Y001,JPY/KRW (KRW per JPY; raw ECOS value is KRW per 100 JPY),Saturday,weekend_observation
1977-09-03,1.8044,180.44,KRW per 100 JPY,1.8044,KRW per JPY,731Y001,2,원/일본엔(100엔),원,731Y001,JPY/KRW (KRW per JPY; raw ECOS value is KRW per 100 JPY),Saturday,weekend_observation
1977-09-10,1.8136,181.36,KRW per 100 JPY,1.8136,KRW per JPY,731Y001,2,원/일본엔(100엔),원,731Y001,JPY/KRW (KRW per JPY; raw ECOS value is KRW per 100 JPY),Saturday,weekend_observation
1977-09-17,1.8118,181.18,KRW per 100 JPY,1.8118,KRW per JPY,731Y001,2,원/일본엔(100엔),원,731Y001,JPY/KRW (KRW per JPY; raw ECOS value is KRW per 100 JPY),Saturday,weekend_observation
1977-09-24,1.815,181.5,KRW per 100 JPY,1.815,KRW per JPY,731Y001,2,원/일본엔(100엔),원,731Y001,JPY/KRW (KRW per JPY; raw ECOS value is KRW per 100 JPY),Saturday,weekend_observation
1977-10-08,1.8713,187.13,KRW per 100 JPY,1.8713,KRW per JPY,731Y001,2,원/일본엔(100엔),원,731Y001,JPY/KRW (KRW per JPY; raw ECOS value is KRW per 100 JPY),Saturday,weekend_observation
1977-10-15,1.9039,190.39,KRW per 100 JPY,1.9039,KRW per JPY,731Y001,2,원/일본엔(100엔),원,731Y001,JPY/KRW (KRW per JPY; raw ECOS value is KRW per 100 JPY),Saturday,weekend_observation
1977-10-22,1.9003,190.03,KRW per 100 JPY,1.9003,KRW per JPY,731Y001,2,원/일본엔(100엔),원,731Y001,JPY/KRW (KRW per JPY; raw ECOS value is KRW per 100 JPY),Saturday,weekend_observation
1977-11-05,1.9449,194.49,KRW per 100 JPY,1.9449,KRW per JPY,731Y001,2,원/일본엔(100엔),원,731Y001,JPY/KRW (KRW per JPY; raw ECOS value is KRW per 100 JPY),Saturday,weekend_observation
1977-11-12,1.9687,196.87,KRW per 100 JPY,1.9687,KRW per JPY,731Y001,2,원/일본엔(100엔),원,731Y001,JPY/KRW (KRW per JPY; raw ECOS value is KRW per 100 JPY),Saturday,weekend_observation
1977-11-19,1.9707,197.07,KRW per 100 JPY,1.9707,KRW per JPY,731Y001,2,원/일본엔(100엔),원,731Y001,JPY/KRW (KRW per JPY; raw ECOS value is KRW per 100 JPY),Saturday,weekend_observation
1977-11-26,2.0154,201.54,KRW per 100 JPY,2.0154,KRW per JPY,731Y001,2,원/일본엔(100엔),원,731Y001,JPY/KRW (KRW per JPY; raw ECOS value is KRW per 100 JPY),Saturday,weekend_observation
1977-12-03,1.9942,199.42,KRW per 100 JPY,1.9942,KRW per JPY,731Y001,2,원/일본엔(100엔),원,731Y001,JPY/KRW (KRW per JPY; raw ECOS value is KRW per 100 JPY),Saturday,weekend_observation
1977-12-10,2.0004,200.04,KRW per 100 JPY,2.0004,KRW per JPY,731Y001,2,원/일본엔(100엔),원,731Y001,JPY/KRW (KRW per JPY; raw ECOS value is KRW per 100 JPY),Saturday,weekend_observation
1977-12-17,2.0141,201.41,KRW per 100 JPY,2.0141,KRW per JPY,731Y001,2,원/일본엔(100엔),원,731Y001,JPY/KRW (KRW per JPY; raw ECOS value is KRW per 100 JPY),Saturday,weekend_observation
1977-12-24,2.0022,200.22,KRW per 100 JPY,2.0022,KRW per JPY,731Y001,2,원/일본엔(100엔),원,731Y001,JPY/KRW (KRW per JPY; raw ECOS value is KRW per 100 JPY),Saturday,weekend_observation
1977-12-31,2.0165,201.65,KRW per 100 JPY,2.0165,KRW per JPY,731Y001,2,원/일본엔(100엔),원,731Y001,JPY/KRW (KRW per JPY; raw ECOS value is KRW per 100 JPY),Saturday,weekend_observation
1978-01-07,2.0076,200.76,KRW per 100 JPY,2.0076,KRW per JPY,731Y001,2,원/일본엔(100엔),원,731Y001,JPY/KRW (KRW per JPY; raw ECOS value is KRW per 100 JPY),Saturday,weekend_observation
1978-01-14,2.0083,200.83,KRW per 100 JPY,2.0083,KRW per JPY,731Y001,2,원/일본엔(100엔),원,731Y001,JPY/KRW (KRW per JPY; raw ECOS value is KRW per 100 JPY),Saturday,weekend_observation
1978-01-21,2.0029,200.29,KRW per 100 JPY,2.0029,KRW per JPY,731Y001,2,원/일본엔(100엔),원,731Y001,JPY/KRW (KRW per JPY; raw ECOS value is KRW per 100 JPY),Saturday,weekend_observation
1978-01-28,2.0087,200.87,KRW per 100 JPY,2.0087,KRW per JPY,731Y001,2,원/일본엔(100엔),원,731Y001,JPY/KRW (KRW per JPY; raw ECOS value is KRW per 100 JPY),Saturday,weekend_observation
1978-02-04,2.0022,200.22,KRW per 100 JPY,2.0022,KRW per JPY,731Y001,2,원/일본엔(100엔),원,731Y001,JPY/KRW (KRW per JPY; raw ECOS value is KRW per 100 JPY),Saturday,weekend_observation
1978-02-11,2.0033000000000003,200.33,KRW per 100 JPY,2.0033000000000003,KRW per JPY,731Y001,2,원/일본엔(100엔),원,731Y001,JPY/KRW (KRW per JPY; raw ECOS value is KRW per 100 JPY),Saturday,weekend_observation
1978-02-18,2.0166,201.66,KRW per 100 JPY,2.0166,KRW per JPY,731Y001,2,원/일본엔(100엔),원,731Y001,JPY/KRW (KRW per JPY; raw ECOS value is KRW per 100 JPY),Saturday,weekend_observation
1978-02-25,2.0255,202.55,KRW per 100 JPY,2.0255,KRW per JPY,731Y001,2,원/일본엔(100엔),원,731Y001,JPY/KRW (KRW per JPY; raw ECOS value is KRW per 100 JPY),Saturday,weekend_observation
1978-03-11,2.0657,206.57,KRW per 100 JPY,2.0657,KRW per JPY,731Y001,2,원/일본엔(100엔),원,731Y001,JPY/KRW (KRW per JPY; raw ECOS value is KRW per 100 JPY),Saturday,weekend_observation
1978-03-18,2.0921000000000003,209.21,KRW per 100 JPY,2.0921000000000003,KRW per JPY,731Y001,2,원/일본엔(100엔),원,731Y001,JPY/KRW (KRW per JPY; raw ECOS value is KRW per 100 JPY),Saturday,weekend_observation
1978-03-25,2.1163,211.63,KRW per 100 JPY,2.1163,KRW per JPY,731Y001,2,원/일본엔(100엔),원,731Y001,JPY/KRW (KRW per JPY; raw ECOS value is KRW per 100 JPY),Saturday,weekend_observation
1978-04-01,2.1761,217.61,KRW per 100 JPY,2.1761,KRW per JPY,731Y001,2,원/일본엔(100엔),원,731Y001,JPY/KRW (KRW per JPY; raw ECOS value is KRW per 100 JPY),Saturday,weekend_observation
1978-04-08,2.2121,221.21,KRW per 100 JPY,2.2121,KRW per JPY,731Y001,2,원/일본엔(100엔),원,731Y001,JPY/KRW (KRW per JPY; raw ECOS value is KRW per 100 JPY),Saturday,weekend_observation
1978-04-15,2.2055,220.55,KRW per 100 JPY,2.2055,KRW per JPY,731Y001,2,원/일본엔(100엔),원,731Y001,JPY/KRW (KRW per JPY; raw ECOS value is KRW per 100 JPY),Saturday,weekend_observation
1978-04-29,2.1775,217.75,KRW per 100 JPY,2.1775,KRW per JPY,731Y001,2,원/일본엔(100엔),원,731Y001,JPY/KRW (KRW per JPY; raw ECOS value is KRW per 100 JPY),Saturday,weekend_observation
1978-05-06,2.1421,214.21,KRW per 100 JPY,2.1421,KRW per JPY,731Y001,2,원/일본엔(100엔),원,731Y001,JPY/KRW (KRW per JPY; raw ECOS value is KRW per 100 JPY),Saturday,weekend_observation
1978-05-13,2.143,214.3,KRW per 100 JPY,2.143,KRW per JPY,731Y001,2,원/일본엔(100엔),원,731Y001,JPY/KRW (KRW per JPY; raw ECOS value is KRW per 100 JPY),Saturday,weekend_observation
1978-05-20,2.1275,212.75,KRW per 100 JPY,2.1275,KRW per JPY,731Y001,2,원/일본엔(100엔),원,731Y001,JPY/KRW (KRW per JPY; raw ECOS value is KRW per 100 JPY),Saturday,weekend_observation
1978-05-27,2.1469,214.69,KRW per 100 JPY,2.1469,KRW per JPY,731Y001,2,원/일본엔(100엔),원,731Y001,JPY/KRW (KRW per JPY; raw ECOS value is KRW per 100 JPY),Saturday,weekend_observation
1978-06-03,2.1895,218.95,KRW per 100 JPY,2.1895,KRW per JPY,731Y001,2,원/일본엔(100엔),원,731Y001,JPY/KRW (KRW per JPY; raw ECOS value is KRW per 100 JPY),Saturday,weekend_observation
1978-06-10,2.191,219.1,KRW per 100 JPY,2.191,KRW per JPY,731Y001,2,원/일본엔(100엔),원,731Y001,JPY/KRW (KRW per JPY; raw ECOS value is KRW per 100 JPY),Saturday,weekend_observation
1978-06-17,2.2392,223.92,KRW per 100 JPY,2.2392,KRW per JPY,731Y001,2,원/일본엔(100엔),원,731Y001,JPY/KRW (KRW per JPY; raw ECOS value is KRW per 100 JPY),Saturday,weekend_observation
1978-06-24,2.313,231.3,KRW per 100 JPY,2.313,KRW per JPY,731Y001,2,원/일본엔(100엔),원,731Y001,JPY/KRW (KRW per JPY; raw ECOS value is KRW per 100 JPY),Saturday,weekend_observation
1978-07-01,2.3619,236.19,KRW per 100 JPY,2.3619,KRW per JPY,731Y001,2,원/일본엔(100엔),원,731Y001,JPY/KRW (KRW per JPY; raw ECOS value is KRW per 100 JPY),Saturday,weekend_observation
1978-07-08,2.3807,238.07,KRW per 100 JPY,2.3807,KRW per JPY,731Y001,2,원/일본엔(100엔),원,731Y001,JPY/KRW (KRW per JPY; raw ECOS value is KRW per 100 JPY),Saturday,weekend_observation
1978-07-15,2.3825,238.25,KRW per 100 JPY,2.3825,KRW per JPY,731Y001,2,원/일본엔(100엔),원,731Y001,JPY/KRW (KRW per JPY; raw ECOS value is KRW per 100 JPY),Saturday,weekend_observation
1978-07-22,2.3975,239.75,KRW per 100 JPY,2.3975,KRW per JPY,731Y001,2,원/일본엔(100엔),원,731Y001,JPY/KRW (KRW per JPY; raw ECOS value is KRW per 100 JPY),Saturday,weekend_observation
1978-07-29,2.5143,251.43,KRW per 100 JPY,2.5143,KRW per JPY,731Y001,2,원/일본엔(100엔),원,731Y001,JPY/KRW (KRW per JPY; raw ECOS value is KRW per 100 JPY),Saturday,weekend_observation
1978-08-05,2.5527,255.27,KRW per 100 JPY,2.5527,KRW per JPY,731Y001,2,원/일본엔(100엔),원,731Y001,JPY/KRW (KRW per JPY; raw ECOS value is KRW per 100 JPY),Saturday,weekend_observation
1978-08-12,2.5935,259.35,KRW per 100 JPY,2.5935,KRW per JPY,731Y001,2,원/일본엔(100엔),원,731Y001,JPY/KRW (KRW per JPY; raw ECOS value is KRW per 100 JPY),Saturday,weekend_observation
1978-08-19,2.6092,260.92,KRW per 100 JPY,2.6092,KRW per JPY,731Y001,2,원/일본엔(100엔),원,731Y001,JPY/KRW (KRW per JPY; raw ECOS value is KRW per 100 JPY),Saturday,weekend_observation
1978-08-26,2.5541,255.41,KRW per 100 JPY,2.5541,KRW per JPY,731Y001,2,원/일본엔(100엔),원,731Y001,JPY/KRW (KRW per JPY; raw ECOS value is KRW per 100 JPY),Saturday,weekend_observation
1978-09-02,2.5248,252.48,KRW per 100 JPY,2.5248,KRW per JPY,731Y001,2,원/일본엔(100엔),원,731Y001,JPY/KRW (KRW per JPY; raw ECOS value is KRW per 100 JPY),Saturday,weekend_observation
1978-09-09,2.5169,251.69,KRW per 100 JPY,2.5169,KRW per JPY,731Y001,2,원/일본엔(100엔),원,731Y001,JPY/KRW (KRW per JPY; raw ECOS value is KRW per 100 JPY),Saturday,weekend_observation
1978-09-16,2.5434,254.34,KRW per 100 JPY,2.5434,KRW per JPY,731Y001,2,원/일본엔(100엔),원,731Y001,JPY/KRW (KRW per JPY; raw ECOS value is KRW per 100 JPY),Saturday,weekend_observation
1978-09-23,2.5875,258.75,KRW per 100 JPY,2.5875,KRW per JPY,731Y001,2,원/일본엔(100엔),원,731Y001,JPY/KRW (KRW per JPY; raw ECOS value is KRW per 100 JPY),Saturday,weekend_observation
1978-09-30,2.5572999999999997,255.73,KRW per 100 JPY,2.5572999999999997,KRW per JPY,731Y001,2,원/일본엔(100엔),원,731Y001,JPY/KRW (KRW per JPY; raw ECOS value is KRW per 100 JPY),Saturday,weekend_observation
1978-10-07,2.5823,258.23,KRW per 100 JPY,2.5823,KRW per JPY,731Y001,2,원/일본엔(100엔),원,731Y001,JPY/KRW (KRW per JPY; raw ECOS value is KRW per 100 JPY),Saturday,weekend_observation
1978-10-14,2.5945,259.45,KRW per 100 JPY,2.5945,KRW per JPY,731Y001,2,원/일본엔(100엔),원,731Y001,JPY/KRW (KRW per JPY; raw ECOS value is KRW per 100 JPY),Saturday,weekend_observation
1978-10-21,2.6369,263.69,KRW per 100 JPY,2.6369,KRW per JPY,731Y001,2,원/일본엔(100엔),원,731Y001,JPY/KRW (KRW per JPY; raw ECOS value is KRW per 100 JPY),Saturday,weekend_observation
1978-10-28,2.6944999999999997,269.45,KRW per 100 JPY,2.6944999999999997,KRW per JPY,731Y001,2,원/일본엔(100엔),원,731Y001,JPY/KRW (KRW per JPY; raw ECOS value is KRW per 100 JPY),Saturday,weekend_observation
1978-11-04,2.5841000000000003,258.41,KRW per 100 JPY,2.5841000000000003,KRW per JPY,731Y001,2,원/일본엔(100엔),원,731Y001,JPY/KRW (KRW per JPY; raw ECOS value is KRW per 100 JPY),Saturday,weekend_observation
1978-11-11,2.582,258.2,KRW per 100 JPY,2.582,KRW per JPY,731Y001,2,원/일본엔(100엔),원,731Y001,JPY/KRW (KRW per JPY; raw ECOS value is KRW per 100 JPY),Saturday,weekend_observation
1978-11-18,2.51,251.0,KRW per 100 JPY,2.51,KRW per JPY,731Y001,2,원/일본엔(100엔),원,731Y001,JPY/KRW (KRW per JPY; raw ECOS value is KRW per 100 JPY),Saturday,weekend_observation
1978-11-25,2.4939,249.39,KRW per 100 JPY,2.4939,KRW per JPY,731Y001,2,원/일본엔(100엔),원,731Y001,JPY/KRW (KRW per JPY; raw ECOS value is KRW per 100 JPY),Saturday,weekend_observation
1978-12-02,2.4206,242.06,KRW per 100 JPY,2.4206,KRW per JPY,731Y001,2,원/일본엔(100엔),원,731Y001,JPY/KRW (KRW per JPY; raw ECOS value is KRW per 100 JPY),Saturday,weekend_observation
1978-12-09,2.4364,243.64,KRW per 100 JPY,2.4364,KRW per JPY,731Y001,2,원/일본엔(100엔),원,731Y001,JPY/KRW (KRW per JPY; raw ECOS value is KRW per 100 JPY),Saturday,weekend_observation
1978-12-16,2.4697,246.97,KRW per 100 JPY,2.4697,KRW per JPY,731Y001,2,원/일본엔(100엔),원,731Y001,JPY/KRW (KRW per JPY; raw ECOS value is KRW per 100 JPY),Saturday,weekend_observation
1978-12-23,2.4776,247.76,KRW per 100 JPY,2.4776,KRW per JPY,731Y001,2,원/일본엔(100엔),원,731Y001,JPY/KRW (KRW per JPY; raw ECOS value is KRW per 100 JPY),Saturday,weekend_observation
1979-01-06,2.4587,245.87,KRW per 100 JPY,2.4587,KRW per JPY,731Y001,2,원/일본엔(100엔),원,731Y001,JPY/KRW (KRW per JPY; raw ECOS value is KRW per 100 JPY),Saturday,weekend_observation
1979-01-13,2.4454,244.54,KRW per 100 JPY,2.4454,KRW per JPY,731Y001,2,원/일본엔(100엔),원,731Y001,JPY/KRW (KRW per JPY; raw ECOS value is KRW per 100 JPY),Saturday,weekend_observation
1979-01-20,2.4488,244.88,KRW per 100 JPY,2.4488,KRW per JPY,731Y001,2,원/일본엔(100엔),원,731Y001,JPY/KRW (KRW per JPY; raw ECOS value is KRW per 100 JPY),Saturday,weekend_observation
1979-01-27,2.43,243.0,KRW per 100 JPY,2.43,KRW per JPY,731Y001,2,원/일본엔(100엔),원,731Y001,JPY/KRW (KRW per JPY; raw ECOS value is KRW per 100 JPY),Saturday,weekend_observation
1979-02-03,2.3931,239.31,KRW per 100 JPY,2.3931,KRW per JPY,731Y001,2,원/일본엔(100엔),원,731Y001,JPY/KRW (KRW per JPY; raw ECOS value is KRW per 100 JPY),Saturday,weekend_observation
1979-02-10,2.4469,244.69,KRW per 100 JPY,2.4469,KRW per JPY,731Y001,2,원/일본엔(100엔),원,731Y001,JPY/KRW (KRW per JPY; raw ECOS value is KRW per 100 JPY),Saturday,weekend_observation
1979-02-17,2.4146,241.46,KRW per 100 JPY,2.4146,KRW per JPY,731Y001,2,원/일본엔(100엔),원,731Y001,JPY/KRW (KRW per JPY; raw ECOS value is KRW per 100 JPY),Saturday,weekend_observation
1979-02-24,2.4083,240.83,KRW per 100 JPY,2.4083,KRW per JPY,731Y001,2,원/일본엔(100엔),원,731Y001,JPY/KRW (KRW per JPY; raw ECOS value is KRW per 100 JPY),Saturday,weekend_observation
1979-03-03,2.379,237.9,KRW per 100 JPY,2.379,KRW per JPY,731Y001,2,원/일본엔(100엔),원,731Y001,JPY/KRW (KRW per JPY; raw ECOS value is KRW per 100 JPY),Saturday,weekend_observation
1979-03-17,2.3373,233.73,KRW per 100 JPY,2.3373,KRW per JPY,731Y001,2,원/일본엔(100엔),원,731Y001,JPY/KRW (KRW per JPY; raw ECOS value is KRW per 100 JPY),Saturday,weekend_observation
1979-03-24,2.3515,235.15,KRW per 100 JPY,2.3515,KRW per JPY,731Y001,2,원/일본엔(100엔),원,731Y001,JPY/KRW (KRW per JPY; raw ECOS value is KRW per 100 JPY),Saturday,weekend_observation
1979-03-31,2.3127,231.27,KRW per 100 JPY,2.3127,KRW per JPY,731Y001,2,원/일본엔(100엔),원,731Y001,JPY/KRW (KRW per JPY; raw ECOS value is KRW per 100 JPY),Saturday,weekend_observation
1979-04-07,2.2472,224.72,KRW per 100 JPY,2.2472,KRW per JPY,731Y001,2,원/일본엔(100엔),원,731Y001,JPY/KRW (KRW per JPY; raw ECOS value is KRW per 100 JPY),Saturday,weekend_observation
1979-04-14,2.2633,226.33,KRW per 100 JPY,2.2633,KRW per JPY,731Y001,2,원/일본엔(100엔),원,731Y001,JPY/KRW (KRW per JPY; raw ECOS value is KRW per 100 JPY),Saturday,weekend_observation
1979-04-21,2.2327,223.27,KRW per 100 JPY,2.2327,KRW per JPY,731Y001,2,원/일본엔(100엔),원,731Y001,JPY/KRW (KRW per JPY; raw ECOS value is KRW per 100 JPY),Saturday,weekend_observation
1979-04-28,2.2085,220.85,KRW per 100 JPY,2.2085,KRW per JPY,731Y001,2,원/일본엔(100엔),원,731Y001,JPY/KRW (KRW per JPY; raw ECOS value is KRW per 100 JPY),Saturday,weekend_observation
1979-05-12,2.2509,225.09,KRW per 100 JPY,2.2509,KRW per JPY,731Y001,2,원/일본엔(100엔),원,731Y001,JPY/KRW (KRW per JPY; raw ECOS value is KRW per 100 JPY),Saturday,weekend_observation
1979-05-19,2.2278,222.78,KRW per 100 JPY,2.2278,KRW per JPY,731Y001,2,원/일본엔(100엔),원,731Y001,JPY/KRW (KRW per JPY; raw ECOS value is KRW per 100 JPY),Saturday,weekend_observation
1979-05-26,2.2078,220.78,KRW per 100 JPY,2.2078,KRW per JPY,731Y001,2,원/일본엔(100엔),원,731Y001,JPY/KRW (KRW per JPY; raw ECOS value is KRW per 100 JPY),Saturday,weekend_observation
1979-06-02,2.1861,218.61,KRW per 100 JPY,2.1861,KRW per JPY,731Y001,2,원/일본엔(100엔),원,731Y001,JPY/KRW (KRW per JPY; raw ECOS value is KRW per 100 JPY),Saturday,weekend_observation
1979-06-09,2.1978,219.78,KRW per 100 JPY,2.1978,KRW per JPY,731Y001,2,원/일본엔(100엔),원,731Y001,JPY/KRW (KRW per JPY; raw ECOS value is KRW per 100 JPY),Saturday,weekend_observation
1979-06-16,2.197,219.7,KRW per 100 JPY,2.197,KRW per JPY,731Y001,2,원/일본엔(100엔),원,731Y001,JPY/KRW (KRW per JPY; raw ECOS value is KRW per 100 JPY),Saturday,weekend_observation
1979-06-23,2.222,222.2,KRW per 100 JPY,2.222,KRW per JPY,731Y001,2,원/일본엔(100엔),원,731Y001,JPY/KRW (KRW per JPY; raw ECOS value is KRW per 100 JPY),Saturday,weekend_observation
1979-06-30,2.2304,223.04,KRW per 100 JPY,2.2304,KRW per JPY,731Y001,2,원/일본엔(100엔),원,731Y001,JPY/KRW (KRW per JPY; raw ECOS value is KRW per 100 JPY),Saturday,weekend_observation
1979-07-07,2.2304,223.04,KRW per 100 JPY,2.2304,KRW per JPY,731Y001,2,원/일본엔(100엔),원,731Y001,JPY/KRW (KRW per JPY; raw ECOS value is KRW per 100 JPY),Saturday,weekend_observation
1979-07-14,2.2227,222.27,KRW per 100 JPY,2.2227,KRW per JPY,731Y001,2,원/일본엔(100엔),원,731Y001,JPY/KRW (KRW per JPY; raw ECOS value is KRW per 100 JPY),Saturday,weekend_observation
1979-07-21,2.2407,224.07,KRW per 100 JPY,2.2407,KRW per JPY,731Y001,2,원/일본엔(100엔),원,731Y001,JPY/KRW (KRW per JPY; raw ECOS value is KRW per 100 JPY),Saturday,weekend_observation
1979-07-28,2.2459,224.59,KRW per 100 JPY,2.2459,KRW per JPY,731Y001,2,원/일본엔(100엔),원,731Y001,JPY/KRW (KRW per JPY; raw ECOS value is KRW per 100 JPY),Saturday,weekend_observation
1979-08-04,2.2317,223.17,KRW per 100 JPY,2.2317,KRW per JPY,731Y001,2,원/일본엔(100엔),원,731Y001,JPY/KRW (KRW per JPY; raw ECOS value is KRW per 100 JPY),Saturday,weekend_observation
1979-08-11,2.2415000000000003,224.15,KRW per 100 JPY,2.2415000000000003,KRW per JPY,731Y001,2,원/일본엔(100엔),원,731Y001,JPY/KRW (KRW per JPY; raw ECOS value is KRW per 100 JPY),Saturday,weekend_observation
1979-08-18,2.2245,222.45,KRW per 100 JPY,2.2245,KRW per JPY,731Y001,2,원/일본엔(100엔),원,731Y001,JPY/KRW (KRW per JPY; raw ECOS value is KRW per 100 JPY),Saturday,weekend_observation
1979-08-25,2.2075,220.75,KRW per 100 JPY,2.2075,KRW per JPY,731Y001,2,원/일본엔(100엔),원,731Y001,JPY/KRW (KRW per JPY; raw ECOS value is KRW per 100 JPY),Saturday,weekend_observation
1979-09-01,2.199,219.9,KRW per 100 JPY,2.199,KRW per JPY,731Y001,2,원/일본엔(100엔),원,731Y001,JPY/KRW (KRW per JPY; raw ECOS value is KRW per 100 JPY),Saturday,weekend_observation
1979-09-08,2.1918,219.18,KRW per 100 JPY,2.1918,KRW per JPY,731Y001,2,원/일본엔(100엔),원,731Y001,JPY/KRW (KRW per JPY; raw ECOS value is KRW per 100 JPY),Saturday,weekend_observation
1979-09-15,2.161,216.1,KRW per 100 JPY,2.161,KRW per JPY,731Y001,2,원/일본엔(100엔),원,731Y001,JPY/KRW (KRW per JPY; raw ECOS value is KRW per 100 JPY),Saturday,weekend_observation
1979-09-22,2.1863,218.63,KRW per 100 JPY,2.1863,KRW per JPY,731Y001,2,원/일본엔(100엔),원,731Y001,JPY/KRW (KRW per JPY; raw ECOS value is KRW per 100 JPY),Saturday,weekend_observation
1979-09-29,2.1545,215.45,KRW per 100 JPY,2.1545,KRW per JPY,731Y001,2,원/일본엔(100엔),원,731Y001,JPY/KRW (KRW per JPY; raw ECOS value is KRW per 100 JPY),Saturday,weekend_observation
1979-10-06,2.1525,215.25,KRW per 100 JPY,2.1525,KRW per JPY,731Y001,2,원/일본엔(100엔),원,731Y001,JPY/KRW (KRW per JPY; raw ECOS value is KRW per 100 JPY),Saturday,weekend_observation
1979-10-13,2.1336,213.36,KRW per 100 JPY,2.1336,KRW per JPY,731Y001,2,원/일본엔(100엔),원,731Y001,JPY/KRW (KRW per JPY; raw ECOS value is KRW per 100 JPY),Saturday,weekend_observation
1979-10-20,2.088,208.8,KRW per 100 JPY,2.088,KRW per JPY,731Y001,2,원/일본엔(100엔),원,731Y001,JPY/KRW (KRW per JPY; raw ECOS value is KRW per 100 JPY),Saturday,weekend_observation
1979-10-27,2.0624,206.24,KRW per 100 JPY,2.0624,KRW per JPY,731Y001,2,원/일본엔(100엔),원,731Y001,JPY/KRW (KRW per JPY; raw ECOS value is KRW per 100 JPY),Saturday,weekend_observation
1979-11-10,1.9992,199.92,KRW per 100 JPY,1.9992,KRW per JPY,731Y001,2,원/일본엔(100엔),원,731Y001,JPY/KRW (KRW per JPY; raw ECOS value is KRW per 100 JPY),Saturday,weekend_observation
1979-11-17,1.9567,195.67,KRW per 100 JPY,1.9567,KRW per JPY,731Y001,2,원/일본엔(100엔),원,731Y001,JPY/KRW (KRW per JPY; raw ECOS value is KRW per 100 JPY),Saturday,weekend_observation
1979-11-24,1.9455,194.55,KRW per 100 JPY,1.9455,KRW per JPY,731Y001,2,원/일본엔(100엔),원,731Y001,JPY/KRW (KRW per JPY; raw ECOS value is KRW per 100 JPY),Saturday,weekend_observation
1979-12-01,1.9401,194.01,KRW per 100 JPY,1.9401,KRW per JPY,731Y001,2,원/일본엔(100엔),원,731Y001,JPY/KRW (KRW per JPY; raw ECOS value is KRW per 100 JPY),Saturday,weekend_observation
1979-12-08,2.0029,200.29,KRW per 100 JPY,2.0029,KRW per JPY,731Y001,2,원/일본엔(100엔),원,731Y001,JPY/KRW (KRW per JPY; raw ECOS value is KRW per 100 JPY),Saturday,weekend_observation
1979-12-15,1.991,199.1,KRW per 100 JPY,1.991,KRW per JPY,731Y001,2,원/일본엔(100엔),원,731Y001,JPY/KRW (KRW per JPY; raw ECOS value is KRW per 100 JPY),Saturday,weekend_observation
1979-12-22,2.0251,202.51,KRW per 100 JPY,2.0251,KRW per JPY,731Y001,2,원/일본엔(100엔),원,731Y001,JPY/KRW (KRW per JPY; raw ECOS value is KRW per 100 JPY),Saturday,weekend_observation
1979-12-29,2.0209,202.09,KRW per 100 JPY,2.0209,KRW per JPY,731Y001,2,원/일본엔(100엔),원,731Y001,JPY/KRW (KRW per JPY; raw ECOS value is KRW per 100 JPY),Saturday,weekend_observation
1980-01-05,2.0383,203.83,KRW per 100 JPY,2.0383,KRW per JPY,731Y001,2,원/일본엔(100엔),원,731Y001,JPY/KRW (KRW per JPY; raw ECOS value is KRW per 100 JPY),Saturday,weekend_observation
1980-01-12,2.4595,245.95,KRW per 100 JPY,2.4595,KRW per JPY,731Y001,2,원/일본엔(100엔),원,731Y001,JPY/KRW (KRW per JPY; raw ECOS value is KRW per 100 JPY),Saturday,weekend_observation
1980-01-19,2.4222,242.22,KRW per 100 JPY,2.4222,KRW per JPY,731Y001,2,원/일본엔(100엔),원,731Y001,JPY/KRW (KRW per JPY; raw ECOS value is KRW per 100 JPY),Saturday,weekend_observation
1980-01-26,2.4237,242.37,KRW per 100 JPY,2.4237,KRW per JPY,731Y001,2,원/일본엔(100엔),원,731Y001,JPY/KRW (KRW per JPY; raw ECOS value is KRW per 100 JPY),Saturday,weekend_observation
1980-02-02,2.4136,241.36,KRW per 100 JPY,2.4136,KRW per JPY,731Y001,2,원/일본엔(100엔),원,731Y001,JPY/KRW (KRW per JPY; raw ECOS value is KRW per 100 JPY),Saturday,weekend_observation
1980-02-09,2.4084,240.84,KRW per 100 JPY,2.4084,KRW per JPY,731Y001,2,원/일본엔(100엔),원,731Y001,JPY/KRW (KRW per JPY; raw ECOS value is KRW per 100 JPY),Saturday,weekend_observation
1980-02-16,2.3861000000000003,238.61,KRW per 100 JPY,2.3861000000000003,KRW per JPY,731Y001,2,원/일본엔(100엔),원,731Y001,JPY/KRW (KRW per JPY; raw ECOS value is KRW per 100 JPY),Saturday,weekend_observation
1980-02-23,2.3541,235.41,KRW per 100 JPY,2.3541,KRW per JPY,731Y001,2,원/일본엔(100엔),원,731Y001,JPY/KRW (KRW per JPY; raw ECOS value is KRW per 100 JPY),Saturday,weekend_observation
1980-03-08,2.3467,234.67,KRW per 100 JPY,2.3467,KRW per JPY,731Y001,2,원/일본엔(100엔),원,731Y001,JPY/KRW (KRW per JPY; raw ECOS value is KRW per 100 JPY),Saturday,weekend_observation
1980-03-15,2.3425,234.25,KRW per 100 JPY,2.3425,KRW per JPY,731Y001,2,원/일본엔(100엔),원,731Y001,JPY/KRW (KRW per JPY; raw ECOS value is KRW per 100 JPY),Saturday,weekend_observation
1980-03-22,2.3488,234.88,KRW per 100 JPY,2.3488,KRW per JPY,731Y001,2,원/일본엔(100엔),원,731Y001,JPY/KRW (KRW per JPY; raw ECOS value is KRW per 100 JPY),Saturday,weekend_observation
1980-03-29,2.3514,235.14,KRW per 100 JPY,2.3514,KRW per JPY,731Y001,2,원/일본엔(100엔),원,731Y001,JPY/KRW (KRW per JPY; raw ECOS value is KRW per 100 JPY),Saturday,weekend_observation
1980-04-12,2.3383000000000003,233.83,KRW per 100 JPY,2.3383000000000003,KRW per JPY,731Y001,2,원/일본엔(100엔),원,731Y001,JPY/KRW (KRW per JPY; raw ECOS value is KRW per 100 JPY),Saturday,weekend_observation
1980-04-19,2.3644,236.44,KRW per 100 JPY,2.3644,KRW per JPY,731Y001,2,원/일본엔(100엔),원,731Y001,JPY/KRW (KRW per JPY; raw ECOS value is KRW per 100 JPY),Saturday,weekend_observation
1980-04-26,2.4034999999999997,240.35,KRW per 100 JPY,2.4034999999999997,KRW per JPY,731Y001,2,원/일본엔(100엔),원,731Y001,JPY/KRW (KRW per JPY; raw ECOS value is KRW per 100 JPY),Saturday,weekend_observation
1980-05-03,2.4795,247.95,KRW per 100 JPY,2.4795,KRW per JPY,731Y001,2,원/일본엔(100엔),원,731Y001,JPY/KRW (KRW per JPY; raw ECOS value is KRW per 100 JPY),Saturday,weekend_observation
1980-05-10,2.5798,257.98,KRW per 100 JPY,2.5798,KRW per JPY,731Y001,2,원/일본엔(100엔),원,731Y001,JPY/KRW (KRW per JPY; raw ECOS value is KRW per 100 JPY),Saturday,weekend_observation
1980-05-17,2.6009,260.09,KRW per 100 JPY,2.6009,KRW per JPY,731Y001,2,원/일본엔(100엔),원,731Y001,JPY/KRW (KRW per JPY; raw ECOS value is KRW per 100 JPY),Saturday,weekend_observation
1980-05-24,2.6982,269.82,KRW per 100 JPY,2.6982,KRW per JPY,731Y001,2,원/일본엔(100엔),원,731Y001,JPY/KRW (KRW per JPY; raw ECOS value is KRW per 100 JPY),Saturday,weekend_observation
1980-05-31,2.6736,267.36,KRW per 100 JPY,2.6736,KRW per JPY,731Y001,2,원/일본엔(100엔),원,731Y001,JPY/KRW (KRW per JPY; raw ECOS value is KRW per 100 JPY),Saturday,weekend_observation
1980-06-07,2.7192000000000003,271.92,KRW per 100 JPY,2.7192000000000003,KRW per JPY,731Y001,2,원/일본엔(100엔),원,731Y001,JPY/KRW (KRW per JPY; raw ECOS value is KRW per 100 JPY),Saturday,weekend_observation
1980-06-14,2.7683999999999997,276.84,KRW per 100 JPY,2.7683999999999997,KRW per JPY,731Y001,2,원/일본엔(100엔),원,731Y001,JPY/KRW (KRW per JPY; raw ECOS value is KRW per 100 JPY),Saturday,weekend_observation
1980-06-21,2.7653,276.53,KRW per 100 JPY,2.7653,KRW per JPY,731Y001,2,원/일본엔(100엔),원,731Y001,JPY/KRW (KRW per JPY; raw ECOS value is KRW per 100 JPY),Saturday,weekend_observation
1980-06-28,2.7776,277.76,KRW per 100 JPY,2.7776,KRW per JPY,731Y001,2,원/일본엔(100엔),원,731Y001,JPY/KRW (KRW per JPY; raw ECOS value is KRW per 100 JPY),Saturday,weekend_observation
1980-07-05,2.7596,275.96,KRW per 100 JPY,2.7596,KRW per JPY,731Y001,2,원/일본엔(100엔),원,731Y001,JPY/KRW (KRW per JPY; raw ECOS value is KRW per 100 JPY),Saturday,weekend_observation
1980-07-12,2.7588999999999997,275.89,KRW per 100 JPY,2.7588999999999997,KRW per JPY,731Y001,2,원/일본엔(100엔),원,731Y001,JPY/KRW (KRW per JPY; raw ECOS value is KRW per 100 JPY),Saturday,weekend_observation
1980-07-19,2.7495,274.95,KRW per 100 JPY,2.7495,KRW per JPY,731Y001,2,원/일본엔(100엔),원,731Y001,JPY/KRW (KRW per JPY; raw ECOS value is KRW per 100 JPY),Saturday,weekend_observation
1980-07-26,2.701,270.1,KRW per 100 JPY,2.701,KRW per JPY,731Y001,2,원/일본엔(100엔),원,731Y001,JPY/KRW (KRW per JPY; raw ECOS value is KRW per 100 JPY),Saturday,weekend_observation
1980-08-02,2.7062,270.62,KRW per 100 JPY,2.7062,KRW per JPY,731Y001,2,원/일본엔(100엔),원,731Y001,JPY/KRW (KRW per JPY; raw ECOS value is KRW per 100 JPY),Saturday,weekend_observation
1980-08-09,2.7158,271.58,KRW per 100 JPY,2.7158,KRW per JPY,731Y001,2,원/일본엔(100엔),원,731Y001,JPY/KRW (KRW per JPY; raw ECOS value is KRW per 100 JPY),Saturday,weekend_observation
1980-08-16,2.7264,272.64,KRW per 100 JPY,2.7264,KRW per JPY,731Y001,2,원/일본엔(100엔),원,731Y001,JPY/KRW (KRW per JPY; raw ECOS value is KRW per 100 JPY),Saturday,weekend_observation
1980-08-23,2.7706999999999997,277.07,KRW per 100 JPY,2.7706999999999997,KRW per JPY,731Y001,2,원/일본엔(100엔),원,731Y001,JPY/KRW (KRW per JPY; raw ECOS value is KRW per 100 JPY),Saturday,weekend_observation
1980-08-30,2.8181,281.81,KRW per 100 JPY,2.8181,KRW per JPY,731Y001,2,원/일본엔(100엔),원,731Y001,JPY/KRW (KRW per JPY; raw ECOS value is KRW per 100 JPY),Saturday,weekend_observation
1980-09-06,2.8276,282.76,KRW per 100 JPY,2.8276,KRW per JPY,731Y001,2,원/일본엔(100엔),원,731Y001,JPY/KRW (KRW per JPY; raw ECOS value is KRW per 100 JPY),Saturday,weekend_observation
1980-09-20,2.9363,293.63,KRW per 100 JPY,2.9363,KRW per JPY,731Y001,2,원/일본엔(100엔),원,731Y001,JPY/KRW (KRW per JPY; raw ECOS value is KRW per 100 JPY),Saturday,weekend_observation
1980-09-27,2.9375,293.75,KRW per 100 JPY,2.9375,KRW per JPY,731Y001,2,원/일본엔(100엔),원,731Y001,JPY/KRW (KRW per JPY; raw ECOS value is KRW per 100 JPY),Saturday,weekend_observation
1980-10-11,3.0189999999999997,301.9,KRW per 100 JPY,3.0189999999999997,KRW per JPY,731Y001,2,원/일본엔(100엔),원,731Y001,JPY/KRW (KRW per JPY; raw ECOS value is KRW per 100 JPY),Saturday,weekend_observation
1980-10-18,3.0765,307.65,KRW per 100 JPY,3.0765,KRW per JPY,731Y001,2,원/일본엔(100엔),원,731Y001,JPY/KRW (KRW per JPY; raw ECOS value is KRW per 100 JPY),Saturday,weekend_observation
1980-10-25,3.0397000000000003,303.97,KRW per 100 JPY,3.0397000000000003,KRW per JPY,731Y001,2,원/일본엔(100엔),원,731Y001,JPY/KRW (KRW per JPY; raw ECOS value is KRW per 100 JPY),Saturday,weekend_observation
1980-11-01,3.0991000000000004,309.91,KRW per 100 JPY,3.0991000000000004,KRW per JPY,731Y001,2,원/일본엔(100엔),원,731Y001,JPY/KRW (KRW per JPY; raw ECOS value is KRW per 100 JPY),Saturday,weekend_observation
1980-11-08,3.0791000000000004,307.91,KRW per 100 JPY,3.0791000000000004,KRW per JPY,731Y001,2,원/일본엔(100엔),원,731Y001,JPY/KRW (KRW per JPY; raw ECOS value is KRW per 100 JPY),Saturday,weekend_observation
1980-11-15,3.0813,308.13,KRW per 100 JPY,3.0813,KRW per JPY,731Y001,2,원/일본엔(100엔),원,731Y001,JPY/KRW (KRW per JPY; raw ECOS value is KRW per 100 JPY),Saturday,weekend_observation
1980-11-22,3.0773,307.73,KRW per 100 JPY,3.0773,KRW per JPY,731Y001,2,원/일본엔(100엔),원,731Y001,JPY/KRW (KRW per JPY; raw ECOS value is KRW per 100 JPY),Saturday,weekend_observation
1980-11-29,3.0444,304.44,KRW per 100 JPY,3.0444,KRW per JPY,731Y001,2,원/일본엔(100엔),원,731Y001,JPY/KRW (KRW per JPY; raw ECOS value is KRW per 100 JPY),Saturday,weekend_observation
1980-12-06,3.1168,311.68,KRW per 100 JPY,3.1168,KRW per JPY,731Y001,2,원/일본엔(100엔),원,731Y001,JPY/KRW (KRW per JPY; raw ECOS value is KRW per 100 JPY),Saturday,weekend_observation
1980-12-13,3.1382999999999996,313.83,KRW per 100 JPY,3.1382999999999996,KRW per JPY,731Y001,2,원/일본엔(100엔),원,731Y001,JPY/KRW (KRW per JPY; raw ECOS value is KRW per 100 JPY),Saturday,weekend_observation
1980-12-20,3.177,317.7,KRW per 100 JPY,3.177,KRW per JPY,731Y001,2,원/일본엔(100엔),원,731Y001,JPY/KRW (KRW per JPY; raw ECOS value is KRW per 100 JPY),Saturday,weekend_observation
1980-12-27,3.1705,317.05,KRW per 100 JPY,3.1705,KRW per JPY,731Y001,2,원/일본엔(100엔),원,731Y001,JPY/KRW (KRW per JPY; raw ECOS value is KRW per 100 JPY),Saturday,weekend_observation
1981-01-10,3.2615,326.15,KRW per 100 JPY,3.2615,KRW per JPY,731Y001,2,원/일본엔(100엔),원,731Y001,JPY/KRW (KRW per JPY; raw ECOS value is KRW per 100 JPY),Saturday,weekend_observation
1981-01-17,3.2611000000000003,326.11,KRW per 100 JPY,3.2611000000000003,KRW per JPY,731Y001,2,원/일본엔(100엔),원,731Y001,JPY/KRW (KRW per JPY; raw ECOS value is KRW per 100 JPY),Saturday,weekend_observation
1981-01-24,3.2724,327.24,KRW per 100 JPY,3.2724,KRW per JPY,731Y001,2,원/일본엔(100엔),원,731Y001,JPY/KRW (KRW per JPY; raw ECOS value is KRW per 100 JPY),Saturday,weekend_observation
1981-01-31,3.2269,322.69,KRW per 100 JPY,3.2269,KRW per JPY,731Y001,2,원/일본엔(100엔),원,731Y001,JPY/KRW (KRW per JPY; raw ECOS value is KRW per 100 JPY),Saturday,weekend_observation
1981-02-07,3.2738,327.38,KRW per 100 JPY,3.2738,KRW per JPY,731Y001,2,원/일본엔(100엔),원,731Y001,JPY/KRW (KRW per JPY; raw ECOS value is KRW per 100 JPY),Saturday,weekend_observation
1981-02-14,3.2206,322.06,KRW per 100 JPY,3.2206,KRW per JPY,731Y001,2,원/일본엔(100엔),원,731Y001,JPY/KRW (KRW per JPY; raw ECOS value is KRW per 100 JPY),Saturday,weekend_observation
1981-02-21,3.2432999999999996,324.33,KRW per 100 JPY,3.2432999999999996,KRW per JPY,731Y001,2,원/일본엔(100엔),원,731Y001,JPY/KRW (KRW per JPY; raw ECOS value is KRW per 100 JPY),Saturday,weekend_observation
1981-02-28,3.2013,320.13,KRW per 100 JPY,3.2013,KRW per JPY,731Y001,2,원/일본엔(100엔),원,731Y001,JPY/KRW (KRW per JPY; raw ECOS value is KRW per 100 JPY),Saturday,weekend_observation
1981-03-07,3.215,321.5,KRW per 100 JPY,3.215,KRW per JPY,731Y001,2,원/일본엔(100엔),원,731Y001,JPY/KRW (KRW per JPY; raw ECOS value is KRW per 100 JPY),Saturday,weekend_observation
1981-03-14,3.2362,323.62,KRW per 100 JPY,3.2362,KRW per JPY,731Y001,2,원/일본엔(100엔),원,731Y001,JPY/KRW (KRW per JPY; raw ECOS value is KRW per 100 JPY),Saturday,weekend_observation
1981-03-21,3.2245,322.45,KRW per 100 JPY,3.2245,KRW per JPY,731Y001,2,원/일본엔(100엔),원,731Y001,JPY/KRW (KRW per JPY; raw ECOS value is KRW per 100 JPY),Saturday,weekend_observation
1981-03-28,3.1848,318.48,KRW per 100 JPY,3.1848,KRW per JPY,731Y001,2,원/일본엔(100엔),원,731Y001,JPY/KRW (KRW per JPY; raw ECOS value is KRW per 100 JPY),Saturday,weekend_observation
1981-04-04,3.1687,316.87,KRW per 100 JPY,3.1687,KRW per JPY,731Y001,2,원/일본엔(100엔),원,731Y001,JPY/KRW (KRW per JPY; raw ECOS value is KRW per 100 JPY),Saturday,weekend_observation
1981-04-11,3.1413,314.13,KRW per 100 JPY,3.1413,KRW per JPY,731Y001,2,원/일본엔(100엔),원,731Y001,JPY/KRW (KRW per JPY; raw ECOS value is KRW per 100 JPY),Saturday,weekend_observation
1981-04-18,3.1178,311.78,KRW per 100 JPY,3.1178,KRW per JPY,731Y001,2,원/일본엔(100엔),원,731Y001,JPY/KRW (KRW per JPY; raw ECOS value is KRW per 100 JPY),Saturday,weekend_observation
1981-04-25,3.1597000000000004,315.97,KRW per 100 JPY,3.1597000000000004,KRW per JPY,731Y001,2,원/일본엔(100엔),원,731Y001,JPY/KRW (KRW per JPY; raw ECOS value is KRW per 100 JPY),Saturday,weekend_observation
1981-05-02,3.1464,314.64,KRW per 100 JPY,3.1464,KRW per JPY,731Y001,2,원/일본엔(100엔),원,731Y001,JPY/KRW (KRW per JPY; raw ECOS value is KRW per 100 JPY),Saturday,weekend_observation
1981-05-09,3.1294999999999997,312.95,KRW per 100 JPY,3.1294999999999997,KRW per JPY,731Y001,2,원/일본엔(100엔),원,731Y001,JPY/KRW (KRW per JPY; raw ECOS value is KRW per 100 JPY),Saturday,weekend_observation
1981-05-16,3.0617,306.17,KRW per 100 JPY,3.0617,KRW per JPY,731Y001,2,원/일본엔(100엔),원,731Y001,JPY/KRW (KRW per JPY; raw ECOS value is KRW per 100 JPY),Saturday,weekend_observation
1981-05-23,3.0743,307.43,KRW per 100 JPY,3.0743,KRW per JPY,731Y001,2,원/일본엔(100엔),원,731Y001,JPY/KRW (KRW per JPY; raw ECOS value is KRW per 100 JPY),Saturday,weekend_observation
1981-05-30,3.0595999999999997,305.96,KRW per 100 JPY,3.0595999999999997,KRW per JPY,731Y001,2,원/일본엔(100엔),원,731Y001,JPY/KRW (KRW per JPY; raw ECOS value is KRW per 100 JPY),Saturday,weekend_observation
1981-06-13,3.0687,306.87,KRW per 100 JPY,3.0687,KRW per JPY,731Y001,2,원/일본엔(100엔),원,731Y001,JPY/KRW (KRW per JPY; raw ECOS value is KRW per 100 JPY),Saturday,weekend_observation
1981-06-20,3.0759,307.59,KRW per 100 JPY,3.0759,KRW per JPY,731Y001,2,원/일본엔(100엔),원,731Y001,JPY/KRW (KRW per JPY; raw ECOS value is KRW per 100 JPY),Saturday,weekend_observation
1981-06-27,3.0572000000000004,305.72,KRW per 100 JPY,3.0572000000000004,KRW per JPY,731Y001,2,원/일본엔(100엔),원,731Y001,JPY/KRW (KRW per JPY; raw ECOS value is KRW per 100 JPY),Saturday,weekend_observation
1981-07-04,3.0088999999999997,300.89,KRW per 100 JPY,3.0088999999999997,KRW per JPY,731Y001,2,원/일본엔(100엔),원,731Y001,JPY/KRW (KRW per JPY; raw ECOS value is KRW per 100 JPY),Saturday,weekend_observation
1981-07-11,3.0042,300.42,KRW per 100 JPY,3.0042,KRW per JPY,731Y001,2,원/일본엔(100엔),원,731Y001,JPY/KRW (KRW per JPY; raw ECOS value is KRW per 100 JPY),Saturday,weekend_observation
1981-07-18,2.9589,295.89,KRW per 100 JPY,2.9589,KRW per JPY,731Y001,2,원/일본엔(100엔),원,731Y001,JPY/KRW (KRW per JPY; raw ECOS value is KRW per 100 JPY),Saturday,weekend_observation
1981-07-25,2.9276,292.76,KRW per 100 JPY,2.9276,KRW per JPY,731Y001,2,원/일본엔(100엔),원,731Y001,JPY/KRW (KRW per JPY; raw ECOS value is KRW per 100 JPY),Saturday,weekend_observation
1981-08-01,2.858,285.8,KRW per 100 JPY,2.858,KRW per JPY,731Y001,2,원/일본엔(100엔),원,731Y001,JPY/KRW (KRW per JPY; raw ECOS value is KRW per 100 JPY),Saturday,weekend_observation
1981-08-08,2.9307999999999996,293.08,KRW per 100 JPY,2.9307999999999996,KRW per JPY,731Y001,2,원/일본엔(100엔),원,731Y001,JPY/KRW (KRW per JPY; raw ECOS value is KRW per 100 JPY),Saturday,weekend_observation
1981-08-22,3.0172000000000003,301.72,KRW per 100 JPY,3.0172000000000003,KRW per JPY,731Y001,2,원/일본엔(100엔),원,731Y001,JPY/KRW (KRW per JPY; raw ECOS value is KRW per 100 JPY),Saturday,weekend_observation
1981-08-29,3.002,300.2,KRW per 100 JPY,3.002,KRW per JPY,731Y001,2,원/일본엔(100엔),원,731Y001,JPY/KRW (KRW per JPY; raw ECOS value is KRW per 100 JPY),Saturday,weekend_observation
1981-09-05,2.9852999999999996,298.53,KRW per 100 JPY,2.9852999999999996,KRW per JPY,731Y001,2,원/일본엔(100엔),원,731Y001,JPY/KRW (KRW per JPY; raw ECOS value is KRW per 100 JPY),Saturday,weekend_observation
1981-09-19,3.0258999999999996,302.59,KRW per 100 JPY,3.0258999999999996,KRW per JPY,731Y001,2,원/일본엔(100엔),원,731Y001,JPY/KRW (KRW per JPY; raw ECOS value is KRW per 100 JPY),Saturday,weekend_observation
1981-09-26,2.978,297.8,KRW per 100 JPY,2.978,KRW per JPY,731Y001,2,원/일본엔(100엔),원,731Y001,JPY/KRW (KRW per JPY; raw ECOS value is KRW per 100 JPY),Saturday,weekend_observation
1981-10-10,3.0232,302.32,KRW per 100 JPY,3.0232,KRW per JPY,731Y001,2,원/일본엔(100엔),원,731Y001,JPY/KRW (KRW per JPY; raw ECOS value is KRW per 100 JPY),Saturday,weekend_observation
1981-10-17,2.97,297.0,KRW per 100 JPY,2.97,KRW per JPY,731Y001,2,원/일본엔(100엔),원,731Y001,JPY/KRW (KRW per JPY; raw ECOS value is KRW per 100 JPY),Saturday,weekend_observation
1981-10-24,2.9597,295.97,KRW per 100 JPY,2.9597,KRW per JPY,731Y001,2,원/일본엔(100엔),원,731Y001,JPY/KRW (KRW per JPY; raw ECOS value is KRW per 100 JPY),Saturday,weekend_observation
1981-10-31,2.9542,295.42,KRW per 100 JPY,2.9542,KRW per JPY,731Y001,2,원/일본엔(100엔),원,731Y001,JPY/KRW (KRW per JPY; raw ECOS value is KRW per 100 JPY),Saturday,weekend_observation
1981-11-07,3.0063,300.63,KRW per 100 JPY,3.0063,KRW per JPY,731Y001,2,원/일본엔(100엔),원,731Y001,JPY/KRW (KRW per JPY; raw ECOS value is KRW per 100 JPY),Saturday,weekend_observation
1981-11-14,3.0332,303.32,KRW per 100 JPY,3.0332,KRW per JPY,731Y001,2,원/일본엔(100엔),원,731Y001,JPY/KRW (KRW per JPY; raw ECOS value is KRW per 100 JPY),Saturday,weekend_observation
1981-11-21,3.1608,316.08,KRW per 100 JPY,3.1608,KRW per JPY,731Y001,2,원/일본엔(100엔),원,731Y001,JPY/KRW (KRW per JPY; raw ECOS value is KRW per 100 JPY),Saturday,weekend_observation
1981-11-28,3.2044,320.44,KRW per 100 JPY,3.2044,KRW per JPY,731Y001,2,원/일본엔(100엔),원,731Y001,JPY/KRW (KRW per JPY; raw ECOS value is KRW per 100 JPY),Saturday,weekend_observation
1981-12-05,3.1906,319.06,KRW per 100 JPY,3.1906,KRW per JPY,731Y001,2,원/일본엔(100엔),원,731Y001,JPY/KRW (KRW per JPY; raw ECOS value is KRW per 100 JPY),Saturday,weekend_observation
1981-12-12,3.1687,316.87,KRW per 100 JPY,3.1687,KRW per JPY,731Y001,2,원/일본엔(100엔),원,731Y001,JPY/KRW (KRW per JPY; raw ECOS value is KRW per 100 JPY),Saturday,weekend_observation
1981-12-19,3.1776999999999997,317.77,KRW per 100 JPY,3.1776999999999997,KRW per JPY,731Y001,2,원/일본엔(100엔),원,731Y001,JPY/KRW (KRW per JPY; raw ECOS value is KRW per 100 JPY),Saturday,weekend_observation
1981-12-26,3.1452,314.52,KRW per 100 JPY,3.1452,KRW per JPY,731Y001,2,원/일본엔(100엔),원,731Y001,JPY/KRW (KRW per JPY; raw ECOS value is KRW per 100 JPY),Saturday,weekend_observation
1982-01-09,3.1793,317.93,KRW per 100 JPY,3.1793,KRW per JPY,731Y001,2,원/일본엔(100엔),원,731Y001,JPY/KRW (KRW per JPY; raw ECOS value is KRW per 100 JPY),Saturday,weekend_observation
1982-01-16,3.1452,314.52,KRW per 100 JPY,3.1452,KRW per JPY,731Y001,2,원/일본엔(100엔),원,731Y001,JPY/KRW (KRW per JPY; raw ECOS value is KRW per 100 JPY),Saturday,weekend_observation
1982-01-23,3.1161000000000003,311.61,KRW per 100 JPY,3.1161000000000003,KRW per JPY,731Y001,2,원/일본엔(100엔),원,731Y001,JPY/KRW (KRW per JPY; raw ECOS value is KRW per 100 JPY),Saturday,weekend_observation
1982-01-30,3.1058999999999997,310.59,KRW per 100 JPY,3.1058999999999997,KRW per JPY,731Y001,2,원/일본엔(100엔),원,731Y001,JPY/KRW (KRW per JPY; raw ECOS value is KRW per 100 JPY),Saturday,weekend_observation
1982-02-06,3.0277999999999996,302.78,KRW per 100 JPY,3.0277999999999996,KRW per JPY,731Y001,2,원/일본엔(100엔),원,731Y001,JPY/KRW (KRW per JPY; raw ECOS value is KRW per 100 JPY),Saturday,weekend_observation
1982-02-13,2.9812,298.12,KRW per 100 JPY,2.9812,KRW per JPY,731Y001,2,원/일본엔(100엔),원,731Y001,JPY/KRW (KRW per JPY; raw ECOS value is KRW per 100 JPY),Saturday,weekend_observation
1982-02-20,3.0787,307.87,KRW per 100 JPY,3.0787,KRW per JPY,731Y001,2,원/일본엔(100엔),원,731Y001,JPY/KRW (KRW per JPY; raw ECOS value is KRW per 100 JPY),Saturday,weekend_observation
1982-02-27,2.9847,298.47,KRW per 100 JPY,2.9847,KRW per JPY,731Y001,2,원/일본엔(100엔),원,731Y001,JPY/KRW (KRW per JPY; raw ECOS value is KRW per 100 JPY),Saturday,weekend_observation
1982-03-06,3.0301,303.01,KRW per 100 JPY,3.0301,KRW per JPY,731Y001,2,원/일본엔(100엔),원,731Y001,JPY/KRW (KRW per JPY; raw ECOS value is KRW per 100 JPY),Saturday,weekend_observation
1982-03-13,2.9767,297.67,KRW per 100 JPY,2.9767,KRW per JPY,731Y001,2,원/일본엔(100엔),원,731Y001,JPY/KRW (KRW per JPY; raw ECOS value is KRW per 100 JPY),Saturday,weekend_observation
1982-03-20,2.9328,293.28,KRW per 100 JPY,2.9328,KRW per JPY,731Y001,2,원/일본엔(100엔),원,731Y001,JPY/KRW (KRW per JPY; raw ECOS value is KRW per 100 JPY),Saturday,weekend_observation
1982-03-27,2.9005,290.05,KRW per 100 JPY,2.9005,KRW per JPY,731Y001,2,원/일본엔(100엔),원,731Y001,JPY/KRW (KRW per JPY; raw ECOS value is KRW per 100 JPY),Saturday,weekend_observation
1982-04-03,2.9167,291.67,KRW per 100 JPY,2.9167,KRW per JPY,731Y001,2,원/일본엔(100엔),원,731Y001,JPY/KRW (KRW per JPY; raw ECOS value is KRW per 100 JPY),Saturday,weekend_observation
1982-04-10,2.9085,290.85,KRW per 100 JPY,2.9085,KRW per JPY,731Y001,2,원/일본엔(100엔),원,731Y001,JPY/KRW (KRW per JPY; raw ECOS value is KRW per 100 JPY),Saturday,weekend_observation
1982-04-17,2.918,291.8,KRW per 100 JPY,2.918,KRW per JPY,731Y001,2,원/일본엔(100엔),원,731Y001,JPY/KRW (KRW per JPY; raw ECOS value is KRW per 100 JPY),Saturday,weekend_observation
1982-04-24,3.009,300.9,KRW per 100 JPY,3.009,KRW per JPY,731Y001,2,원/일본엔(100엔),원,731Y001,JPY/KRW (KRW per JPY; raw ECOS value is KRW per 100 JPY),Saturday,weekend_observation
1982-05-08,3.1023,310.23,KRW per 100 JPY,3.1023,KRW per JPY,731Y001,2,원/일본엔(100엔),원,731Y001,JPY/KRW (KRW per JPY; raw ECOS value is KRW per 100 JPY),Saturday,weekend_observation
1982-05-15,3.0898000000000003,308.98,KRW per 100 JPY,3.0898000000000003,KRW per JPY,731Y001,2,원/일본엔(100엔),원,731Y001,JPY/KRW (KRW per JPY; raw ECOS value is KRW per 100 JPY),Saturday,weekend_observation
1982-05-22,3.0574,305.74,KRW per 100 JPY,3.0574,KRW per JPY,731Y001,2,원/일본엔(100엔),원,731Y001,JPY/KRW (KRW per JPY; raw ECOS value is KRW per 100 JPY),Saturday,weekend_observation
1982-05-29,3.0126,301.26,KRW per 100 JPY,3.0126,KRW per JPY,731Y001,2,원/일본엔(100엔),원,731Y001,JPY/KRW (KRW per JPY; raw ECOS value is KRW per 100 JPY),Saturday,weekend_observation
1982-06-05,3.0186,301.86,KRW per 100 JPY,3.0186,KRW per JPY,731Y001,2,원/일본엔(100엔),원,731Y001,JPY/KRW (KRW per JPY; raw ECOS value is KRW per 100 JPY),Saturday,weekend_observation
1982-06-12,2.9851,298.51,KRW per 100 JPY,2.9851,KRW per JPY,731Y001,2,원/일본엔(100엔),원,731Y001,JPY/KRW (KRW per JPY; raw ECOS value is KRW per 100 JPY),Saturday,weekend_observation
1982-06-19,2.8968000000000003,289.68,KRW per 100 JPY,2.8968000000000003,KRW per JPY,731Y001,2,원/일본엔(100엔),원,731Y001,JPY/KRW (KRW per JPY; raw ECOS value is KRW per 100 JPY),Saturday,weekend_observation
1982-06-26,2.8831,288.31,KRW per 100 JPY,2.8831,KRW per JPY,731Y001,2,원/일본엔(100엔),원,731Y001,JPY/KRW (KRW per JPY; raw ECOS value is KRW per 100 JPY),Saturday,weekend_observation
1982-07-03,2.891,289.1,KRW per 100 JPY,2.891,KRW per JPY,731Y001,2,원/일본엔(100엔),원,731Y001,JPY/KRW (KRW per JPY; raw ECOS value is KRW per 100 JPY),Saturday,weekend_observation
1982-07-10,2.9128,291.28,KRW per 100 JPY,2.9128,KRW per JPY,731Y001,2,원/일본엔(100엔),원,731Y001,JPY/KRW (KRW per JPY; raw ECOS value is KRW per 100 JPY),Saturday,weekend_observation
1982-07-24,2.9729,297.29,KRW per 100 JPY,2.9729,KRW per JPY,731Y001,2,원/일본엔(100엔),원,731Y001,JPY/KRW (KRW per JPY; raw ECOS value is KRW per 100 JPY),Saturday,weekend_observation
1982-07-31,2.9014,290.14,KRW per 100 JPY,2.9014,KRW per JPY,731Y001,2,원/일본엔(100엔),원,731Y001,JPY/KRW (KRW per JPY; raw ECOS value is KRW per 100 JPY),Saturday,weekend_observation
1982-08-07,2.8415,284.15,KRW per 100 JPY,2.8415,KRW per JPY,731Y001,2,원/일본엔(100엔),원,731Y001,JPY/KRW (KRW per JPY; raw ECOS value is KRW per 100 JPY),Saturday,weekend_observation
1982-08-14,2.8267,282.67,KRW per 100 JPY,2.8267,KRW per JPY,731Y001,2,원/일본엔(100엔),원,731Y001,JPY/KRW (KRW per JPY; raw ECOS value is KRW per 100 JPY),Saturday,weekend_observation
1982-08-21,2.9163,291.63,KRW per 100 JPY,2.9163,KRW per JPY,731Y001,2,원/일본엔(100엔),원,731Y001,JPY/KRW (KRW per JPY; raw ECOS value is KRW per 100 JPY),Saturday,weekend_observation
1982-08-28,2.8733999999999997,287.34,KRW per 100 JPY,2.8733999999999997,KRW per JPY,731Y001,2,원/일본엔(100엔),원,731Y001,JPY/KRW (KRW per JPY; raw ECOS value is KRW per 100 JPY),Saturday,weekend_observation
1982-09-04,2.8758999999999997,287.59,KRW per 100 JPY,2.8758999999999997,KRW per JPY,731Y001,2,원/일본엔(100엔),원,731Y001,JPY/KRW (KRW per JPY; raw ECOS value is KRW per 100 JPY),Saturday,weekend_observation
1982-09-11,2.8239,282.39,KRW per 100 JPY,2.8239,KRW per JPY,731Y001,2,원/일본엔(100엔),원,731Y001,JPY/KRW (KRW per JPY; raw ECOS value is KRW per 100 JPY),Saturday,weekend_observation
1982-09-18,2.8245,282.45,KRW per 100 JPY,2.8245,KRW per JPY,731Y001,2,원/일본엔(100엔),원,731Y001,JPY/KRW (KRW per JPY; raw ECOS value is KRW per 100 JPY),Saturday,weekend_observation
1982-09-25,2.7906999999999997,279.07,KRW per 100 JPY,2.7906999999999997,KRW per JPY,731Y001,2,원/일본엔(100엔),원,731Y001,JPY/KRW (KRW per JPY; raw ECOS value is KRW per 100 JPY),Saturday,weekend_observation
1982-10-16,2.7638,276.38,KRW per 100 JPY,2.7638,KRW per JPY,731Y001,2,원/일본엔(100엔),원,731Y001,JPY/KRW (KRW per JPY; raw ECOS value is KRW per 100 JPY),Saturday,weekend_observation
1982-10-23,2.7114,271.14,KRW per 100 JPY,2.7114,KRW per JPY,731Y001,2,원/일본엔(100엔),원,731Y001,JPY/KRW (KRW per JPY; raw ECOS value is KRW per 100 JPY),Saturday,weekend_observation
1982-10-30,2.6908999999999996,269.09,KRW per 100 JPY,2.6908999999999996,KRW per JPY,731Y001,2,원/일본엔(100엔),원,731Y001,JPY/KRW (KRW per JPY; raw ECOS value is KRW per 100 JPY),Saturday,weekend_observation
1982-11-06,2.6963999999999997,269.64,KRW per 100 JPY,2.6963999999999997,KRW per JPY,731Y001,2,원/일본엔(100엔),원,731Y001,JPY/KRW (KRW per JPY; raw ECOS value is KRW per 100 JPY),Saturday,weekend_observation
1982-11-13,2.7815,278.15,KRW per 100 JPY,2.7815,KRW per JPY,731Y001,2,원/일본엔(100엔),원,731Y001,JPY/KRW (KRW per JPY; raw ECOS value is KRW per 100 JPY),Saturday,weekend_observation
1982-11-20,2.8985000000000003,289.85,KRW per 100 JPY,2.8985000000000003,KRW per JPY,731Y001,2,원/일본엔(100엔),원,731Y001,JPY/KRW (KRW per JPY; raw ECOS value is KRW per 100 JPY),Saturday,weekend_observation
1982-11-27,2.9844,298.44,KRW per 100 JPY,2.9844,KRW per JPY,731Y001,2,원/일본엔(100엔),원,731Y001,JPY/KRW (KRW per JPY; raw ECOS value is KRW per 100 JPY),Saturday,weekend_observation
1982-12-04,3.0106,301.06,KRW per 100 JPY,3.0106,KRW per JPY,731Y001,2,원/일본엔(100엔),원,731Y001,JPY/KRW (KRW per JPY; raw ECOS value is KRW per 100 JPY),Saturday,weekend_observation
1982-12-11,3.0461,304.61,KRW per 100 JPY,3.0461,KRW per JPY,731Y001,2,원/일본엔(100엔),원,731Y001,JPY/KRW (KRW per JPY; raw ECOS value is KRW per 100 JPY),Saturday,weekend_observation
1982-12-18,3.0557999999999996,305.58,KRW per 100 JPY,3.0557999999999996,KRW per JPY,731Y001,2,원/일본엔(100엔),원,731Y001,JPY/KRW (KRW per JPY; raw ECOS value is KRW per 100 JPY),Saturday,weekend_observation
1983-01-08,3.2708999999999997,327.09,KRW per 100 JPY,3.2708999999999997,KRW per JPY,731Y001,2,원/일본엔(100엔),원,731Y001,JPY/KRW (KRW per JPY; raw ECOS value is KRW per 100 JPY),Saturday,weekend_observation
1983-01-15,3.2472000000000003,324.72,KRW per 100 JPY,3.2472000000000003,KRW per JPY,731Y001,2,원/일본엔(100엔),원,731Y001,JPY/KRW (KRW per JPY; raw ECOS value is KRW per 100 JPY),Saturday,weekend_observation
1983-01-22,3.1682,316.82,KRW per 100 JPY,3.1682,KRW per JPY,731Y001,2,원/일본엔(100엔),원,731Y001,JPY/KRW (KRW per JPY; raw ECOS value is KRW per 100 JPY),Saturday,weekend_observation
1983-01-29,3.1675999999999997,316.76,KRW per 100 JPY,3.1675999999999997,KRW per JPY,731Y001,2,원/일본엔(100엔),원,731Y001,JPY/KRW (KRW per JPY; raw ECOS value is KRW per 100 JPY),Saturday,weekend_observation
1983-02-05,3.1327999999999996,313.28,KRW per 100 JPY,3.1327999999999996,KRW per JPY,731Y001,2,원/일본엔(100엔),원,731Y001,JPY/KRW (KRW per JPY; raw ECOS value is KRW per 100 JPY),Saturday,weekend_observation
1983-02-12,3.1998,319.98,KRW per 100 JPY,3.1998,KRW per JPY,731Y001,2,원/일본엔(100엔),원,731Y001,JPY/KRW (KRW per JPY; raw ECOS value is KRW per 100 JPY),Saturday,weekend_observation
1983-02-19,3.2156,321.56,KRW per 100 JPY,3.2156,KRW per JPY,731Y001,2,원/일본엔(100엔),원,731Y001,JPY/KRW (KRW per JPY; raw ECOS value is KRW per 100 JPY),Saturday,weekend_observation
1983-02-26,3.2061,320.61,KRW per 100 JPY,3.2061,KRW per JPY,731Y001,2,원/일본엔(100엔),원,731Y001,JPY/KRW (KRW per JPY; raw ECOS value is KRW per 100 JPY),Saturday,weekend_observation
1983-03-05,3.2017,320.17,KRW per 100 JPY,3.2017,KRW per JPY,731Y001,2,원/일본엔(100엔),원,731Y001,JPY/KRW (KRW per JPY; raw ECOS value is KRW per 100 JPY),Saturday,weekend_observation
1983-03-12,3.17,317.0,KRW per 100 JPY,3.17,KRW per JPY,731Y001,2,원/일본엔(100엔),원,731Y001,JPY/KRW (KRW per JPY; raw ECOS value is KRW per 100 JPY),Saturday,weekend_observation
1983-03-19,3.1683,316.83,KRW per 100 JPY,3.1683,KRW per JPY,731Y001,2,원/일본엔(100엔),원,731Y001,JPY/KRW (KRW per JPY; raw ECOS value is KRW per 100 JPY),Saturday,weekend_observation
1983-03-26,3.2097,320.97,KRW per 100 JPY,3.2097,KRW per JPY,731Y001,2,원/일본엔(100엔),원,731Y001,JPY/KRW (KRW per JPY; raw ECOS value is KRW per 100 JPY),Saturday,weekend_observation
1983-04-02,3.1886,318.86,KRW per 100 JPY,3.1886,KRW per JPY,731Y001,2,원/일본엔(100엔),원,731Y001,JPY/KRW (KRW per JPY; raw ECOS value is KRW per 100 JPY),Saturday,weekend_observation
1983-04-09,3.1982,319.82,KRW per 100 JPY,3.1982,KRW per JPY,731Y001,2,원/일본엔(100엔),원,731Y001,JPY/KRW (KRW per JPY; raw ECOS value is KRW per 100 JPY),Saturday,weekend_observation
1983-04-16,3.2201,322.01,KRW per 100 JPY,3.2201,KRW per JPY,731Y001,2,원/일본엔(100엔),원,731Y001,JPY/KRW (KRW per JPY; raw ECOS value is KRW per 100 JPY),Saturday,weekend_observation
1983-04-23,3.2396,323.96,KRW per 100 JPY,3.2396,KRW per JPY,731Y001,2,원/일본엔(100엔),원,731Y001,JPY/KRW (KRW per JPY; raw ECOS value is KRW per 100 JPY),Saturday,weekend_observation
1983-04-30,3.2292,322.92,KRW per 100 JPY,3.2292,KRW per JPY,731Y001,2,원/일본엔(100엔),원,731Y001,JPY/KRW (KRW per JPY; raw ECOS value is KRW per 100 JPY),Saturday,weekend_observation
1983-05-07,3.2811000000000003,328.11,KRW per 100 JPY,3.2811000000000003,KRW per JPY,731Y001,2,원/일본엔(100엔),원,731Y001,JPY/KRW (KRW per JPY; raw ECOS value is KRW per 100 JPY),Saturday,weekend_observation
1983-05-14,3.2954000000000003,329.54,KRW per 100 JPY,3.2954000000000003,KRW per JPY,731Y001,2,원/일본엔(100엔),원,731Y001,JPY/KRW (KRW per JPY; raw ECOS value is KRW per 100 JPY),Saturday,weekend_observation
1983-05-21,3.2743,327.43,KRW per 100 JPY,3.2743,KRW per JPY,731Y001,2,원/일본엔(100엔),원,731Y001,JPY/KRW (KRW per JPY; raw ECOS value is KRW per 100 JPY),Saturday,weekend_observation
1983-05-28,3.2386,323.86,KRW per 100 JPY,3.2386,KRW per JPY,731Y001,2,원/일본엔(100엔),원,731Y001,JPY/KRW (KRW per JPY; raw ECOS value is KRW per 100 JPY),Saturday,weekend_observation
1983-06-04,3.237,323.7,KRW per 100 JPY,3.237,KRW per JPY,731Y001,2,원/일본엔(100엔),원,731Y001,JPY/KRW (KRW per JPY; raw ECOS value is KRW per 100 JPY),Saturday,weekend_observation
1983-06-11,3.2034,320.34,KRW per 100 JPY,3.2034,KRW per JPY,731Y001,2,원/일본엔(100엔),원,731Y001,JPY/KRW (KRW per JPY; raw ECOS value is KRW per 100 JPY),Saturday,weekend_observation
1983-06-18,3.2323000000000004,323.23,KRW per 100 JPY,3.2323000000000004,KRW per JPY,731Y001,2,원/일본엔(100엔),원,731Y001,JPY/KRW (KRW per JPY; raw ECOS value is KRW per 100 JPY),Saturday,weekend_observation
1983-06-25,3.2695999999999996,326.96,KRW per 100 JPY,3.2695999999999996,KRW per JPY,731Y001,2,원/일본엔(100엔),원,731Y001,JPY/KRW (KRW per JPY; raw ECOS value is KRW per 100 JPY),Saturday,weekend_observation
1983-07-02,3.236,323.6,KRW per 100 JPY,3.236,KRW per JPY,731Y001,2,원/일본엔(100엔),원,731Y001,JPY/KRW (KRW per JPY; raw ECOS value is KRW per 100 JPY),Saturday,weekend_observation
1983-07-09,3.2356,323.56,KRW per 100 JPY,3.2356,KRW per JPY,731Y001,2,원/일본엔(100엔),원,731Y001,JPY/KRW (KRW per JPY; raw ECOS value is KRW per 100 JPY),Saturday,weekend_observation
1983-07-16,3.2351,323.51,KRW per 100 JPY,3.2351,KRW per JPY,731Y001,2,원/일본엔(100엔),원,731Y001,JPY/KRW (KRW per JPY; raw ECOS value is KRW per 100 JPY),Saturday,weekend_observation
1983-07-23,3.2418,324.18,KRW per 100 JPY,3.2418,KRW per JPY,731Y001,2,원/일본엔(100엔),원,731Y001,JPY/KRW (KRW per JPY; raw ECOS value is KRW per 100 JPY),Saturday,weekend_observation
1983-07-30,3.218,321.8,KRW per 100 JPY,3.218,KRW per JPY,731Y001,2,원/일본엔(100엔),원,731Y001,JPY/KRW (KRW per JPY; raw ECOS value is KRW per 100 JPY),Saturday,weekend_observation
1983-08-06,3.2187,321.87,KRW per 100 JPY,3.2187,KRW per JPY,731Y001,2,원/일본엔(100엔),원,731Y001,JPY/KRW (KRW per JPY; raw ECOS value is KRW per 100 JPY),Saturday,weekend_observation
1983-08-13,3.2086,320.86,KRW per 100 JPY,3.2086,KRW per JPY,731Y001,2,원/일본엔(100엔),원,731Y001,JPY/KRW (KRW per JPY; raw ECOS value is KRW per 100 JPY),Saturday,weekend_observation
1983-08-20,3.2314999999999996,323.15,KRW per 100 JPY,3.2314999999999996,KRW per JPY,731Y001,2,원/일본엔(100엔),원,731Y001,JPY/KRW (KRW per JPY; raw ECOS value is KRW per 100 JPY),Saturday,weekend_observation
1983-08-27,3.1898,318.98,KRW per 100 JPY,3.1898,KRW per JPY,731Y001,2,원/일본엔(100엔),원,731Y001,JPY/KRW (KRW per JPY; raw ECOS value is KRW per 100 JPY),Saturday,weekend_observation
1983-09-03,3.2211000000000003,322.11,KRW per 100 JPY,3.2211000000000003,KRW per JPY,731Y001,2,원/일본엔(100엔),원,731Y001,JPY/KRW (KRW per JPY; raw ECOS value is KRW per 100 JPY),Saturday,weekend_observation
1983-09-10,3.2384,323.84,KRW per 100 JPY,3.2384,KRW per JPY,731Y001,2,원/일본엔(100엔),원,731Y001,JPY/KRW (KRW per JPY; raw ECOS value is KRW per 100 JPY),Saturday,weekend_observation
1983-09-17,3.2451999999999996,324.52,KRW per 100 JPY,3.2451999999999996,KRW per JPY,731Y001,2,원/일본엔(100엔),원,731Y001,JPY/KRW (KRW per JPY; raw ECOS value is KRW per 100 JPY),Saturday,weekend_observation
1983-09-24,3.3056,330.56,KRW per 100 JPY,3.3056,KRW per JPY,731Y001,2,원/일본엔(100엔),원,731Y001,JPY/KRW (KRW per JPY; raw ECOS value is KRW per 100 JPY),Saturday,weekend_observation
1983-10-08,3.4217,342.17,KRW per 100 JPY,3.4217,KRW per JPY,731Y001,2,원/일본엔(100엔),원,731Y001,JPY/KRW (KRW per JPY; raw ECOS value is KRW per 100 JPY),Saturday,weekend_observation
1983-10-15,3.4164999999999996,341.65,KRW per 100 JPY,3.4164999999999996,KRW per JPY,731Y001,2,원/일본엔(100엔),원,731Y001,JPY/KRW (KRW per JPY; raw ECOS value is KRW per 100 JPY),Saturday,weekend_observation
1983-10-22,3.3898,338.98,KRW per 100 JPY,3.3898,KRW per JPY,731Y001,2,원/일본엔(100엔),원,731Y001,JPY/KRW (KRW per JPY; raw ECOS value is KRW per 100 JPY),Saturday,weekend_observation
1983-10-29,3.4008999999999996,340.09,KRW per 100 JPY,3.4008999999999996,KRW per JPY,731Y001,2,원/일본엔(100엔),원,731Y001,JPY/KRW (KRW per JPY; raw ECOS value is KRW per 100 JPY),Saturday,weekend_observation
1983-11-05,3.3613,336.13,KRW per 100 JPY,3.3613,KRW per JPY,731Y001,2,원/일본엔(100엔),원,731Y001,JPY/KRW (KRW per JPY; raw ECOS value is KRW per 100 JPY),Saturday,weekend_observation
1983-11-12,3.383,338.3,KRW per 100 JPY,3.383,KRW per JPY,731Y001,2,원/일본엔(100엔),원,731Y001,JPY/KRW (KRW per JPY; raw ECOS value is KRW per 100 JPY),Saturday,weekend_observation
1983-11-19,3.3767,337.67,KRW per 100 JPY,3.3767,KRW per JPY,731Y001,2,원/일본엔(100엔),원,731Y001,JPY/KRW (KRW per JPY; raw ECOS value is KRW per 100 JPY),Saturday,weekend_observation
1983-11-26,3.3897000000000004,338.97,KRW per 100 JPY,3.3897000000000004,KRW per JPY,731Y001,2,원/일본엔(100엔),원,731Y001,JPY/KRW (KRW per JPY; raw ECOS value is KRW per 100 JPY),Saturday,weekend_observation
1983-12-03,3.4108,341.08,KRW per 100 JPY,3.4108,KRW per JPY,731Y001,2,원/일본엔(100엔),원,731Y001,JPY/KRW (KRW per JPY; raw ECOS value is KRW per 100 JPY),Saturday,weekend_observation
1983-12-10,3.3837,338.37,KRW per 100 JPY,3.3837,KRW per JPY,731Y001,2,원/일본엔(100엔),원,731Y001,JPY/KRW (KRW per JPY; raw ECOS value is KRW per 100 JPY),Saturday,weekend_observation
1983-12-17,3.3994999999999997,339.95,KRW per 100 JPY,3.3994999999999997,KRW per JPY,731Y001,2,원/일본엔(100엔),원,731Y001,JPY/KRW (KRW per JPY; raw ECOS value is KRW per 100 JPY),Saturday,weekend_observation
1983-12-24,3.4144,341.44,KRW per 100 JPY,3.4144,KRW per JPY,731Y001,2,원/일본엔(100엔),원,731Y001,JPY/KRW (KRW per JPY; raw ECOS value is KRW per 100 JPY),Saturday,weekend_observation
1983-12-31,3.4363,343.63,KRW per 100 JPY,3.4363,KRW per JPY,731Y001,2,원/일본엔(100엔),원,731Y001,JPY/KRW (KRW per JPY; raw ECOS value is KRW per 100 JPY),Saturday,weekend_observation
1984-01-07,3.4282999999999997,342.83,KRW per 100 JPY,3.4282999999999997,KRW per JPY,731Y001,2,원/일본엔(100엔),원,731Y001,JPY/KRW (KRW per JPY; raw ECOS value is KRW per 100 JPY),Saturday,weekend_observation
1984-01-14,3.4200999999999997,342.01,KRW per 100 JPY,3.4200999999999997,KRW per JPY,731Y001,2,원/일본엔(100엔),원,731Y001,JPY/KRW (KRW per JPY; raw ECOS value is KRW per 100 JPY),Saturday,weekend_observation
1984-01-21,3.4063,340.63,KRW per 100 JPY,3.4063,KRW per JPY,731Y001,2,원/일본엔(100엔),원,731Y001,JPY/KRW (KRW per JPY; raw ECOS value is KRW per 100 JPY),Saturday,weekend_observation
1984-01-28,3.4134,341.34,KRW per 100 JPY,3.4134,KRW per JPY,731Y001,2,원/일본엔(100엔),원,731Y001,JPY/KRW (KRW per JPY; raw ECOS value is KRW per 100 JPY),Saturday,weekend_observation
1984-02-04,3.4233,342.33,KRW per 100 JPY,3.4233,KRW per JPY,731Y001,2,원/일본엔(100엔),원,731Y001,JPY/KRW (KRW per JPY; raw ECOS value is KRW per 100 JPY),Saturday,weekend_observation
1984-02-11,3.4068,340.68,KRW per 100 JPY,3.4068,KRW per JPY,731Y001,2,원/일본엔(100엔),원,731Y001,JPY/KRW (KRW per JPY; raw ECOS value is KRW per 100 JPY),Saturday,weekend_observation
1984-02-18,3.412,341.2,KRW per 100 JPY,3.412,KRW per JPY,731Y001,2,원/일본엔(100엔),원,731Y001,JPY/KRW (KRW per JPY; raw ECOS value is KRW per 100 JPY),Saturday,weekend_observation
1984-02-25,3.4046,340.46,KRW per 100 JPY,3.4046,KRW per JPY,731Y001,2,원/일본엔(100엔),원,731Y001,JPY/KRW (KRW per JPY; raw ECOS value is KRW per 100 JPY),Saturday,weekend_observation
1984-03-03,3.4778,347.78,KRW per 100 JPY,3.4778,KRW per JPY,731Y001,2,원/일본엔(100엔),원,731Y001,JPY/KRW (KRW per JPY; raw ECOS value is KRW per 100 JPY),Saturday,weekend_observation
1984-03-17,3.5056,350.56,KRW per 100 JPY,3.5056,KRW per JPY,731Y001,2,원/일본엔(100엔),원,731Y001,JPY/KRW (KRW per JPY; raw ECOS value is KRW per 100 JPY),Saturday,weekend_observation
1984-03-24,3.5197000000000003,351.97,KRW per 100 JPY,3.5197000000000003,KRW per JPY,731Y001,2,원/일본엔(100엔),원,731Y001,JPY/KRW (KRW per JPY; raw ECOS value is KRW per 100 JPY),Saturday,weekend_observation
1984-03-31,3.5277999999999996,352.78,KRW per 100 JPY,3.5277999999999996,KRW per JPY,731Y001,2,원/일본엔(100엔),원,731Y001,JPY/KRW (KRW per JPY; raw ECOS value is KRW per 100 JPY),Saturday,weekend_observation
1984-04-07,3.5264,352.64,KRW per 100 JPY,3.5264,KRW per JPY,731Y001,2,원/일본엔(100엔),원,731Y001,JPY/KRW (KRW per JPY; raw ECOS value is KRW per 100 JPY),Saturday,weekend_observation
1984-04-14,3.5238,352.38,KRW per 100 JPY,3.5238,KRW per JPY,731Y001,2,원/일본엔(100엔),원,731Y001,JPY/KRW (KRW per JPY; raw ECOS value is KRW per 100 JPY),Saturday,weekend_observation
1984-04-21,3.5353,353.53,KRW per 100 JPY,3.5353,KRW per JPY,731Y001,2,원/일본엔(100엔),원,731Y001,JPY/KRW (KRW per JPY; raw ECOS value is KRW per 100 JPY),Saturday,weekend_observation
1984-04-28,3.516,351.6,KRW per 100 JPY,3.516,KRW per JPY,731Y001,2,원/일본엔(100엔),원,731Y001,JPY/KRW (KRW per JPY; raw ECOS value is KRW per 100 JPY),Saturday,weekend_observation
1984-05-12,3.4753,347.53,KRW per 100 JPY,3.4753,KRW per JPY,731Y001,2,원/일본엔(100엔),원,731Y001,JPY/KRW (KRW per JPY; raw ECOS value is KRW per 100 JPY),Saturday,weekend_observation
1984-05-19,3.4360000000000004,343.6,KRW per 100 JPY,3.4360000000000004,KRW per JPY,731Y001,2,원/일본엔(100엔),원,731Y001,JPY/KRW (KRW per JPY; raw ECOS value is KRW per 100 JPY),Saturday,weekend_observation
1984-05-26,3.4435,344.35,KRW per 100 JPY,3.4435,KRW per JPY,731Y001,2,원/일본엔(100엔),원,731Y001,JPY/KRW (KRW per JPY; raw ECOS value is KRW per 100 JPY),Saturday,weekend_observation
1984-06-02,3.4688999999999997,346.89,KRW per 100 JPY,3.4688999999999997,KRW per JPY,731Y001,2,원/일본엔(100엔),원,731Y001,JPY/KRW (KRW per JPY; raw ECOS value is KRW per 100 JPY),Saturday,weekend_observation
1984-06-09,3.4477999999999995,344.78,KRW per 100 JPY,3.4477999999999995,KRW per JPY,731Y001,2,원/일본엔(100엔),원,731Y001,JPY/KRW (KRW per JPY; raw ECOS value is KRW per 100 JPY),Saturday,weekend_observation
1984-06-16,3.43,343.0,KRW per 100 JPY,3.43,KRW per JPY,731Y001,2,원/일본엔(100엔),원,731Y001,JPY/KRW (KRW per JPY; raw ECOS value is KRW per 100 JPY),Saturday,weekend_observation
1984-06-23,3.3985000000000003,339.85,KRW per 100 JPY,3.3985000000000003,KRW per JPY,731Y001,2,원/일본엔(100엔),원,731Y001,JPY/KRW (KRW per JPY; raw ECOS value is KRW per 100 JPY),Saturday,weekend_observation
1984-06-30,3.3856,338.56,KRW per 100 JPY,3.3856,KRW per JPY,731Y001,2,원/일본엔(100엔),원,731Y001,JPY/KRW (KRW per JPY; raw ECOS value is KRW per 100 JPY),Saturday,weekend_observation
1984-07-07,3.3438999999999997,334.39,KRW per 100 JPY,3.3438999999999997,KRW per JPY,731Y001,2,원/일본엔(100엔),원,731Y001,JPY/KRW (KRW per JPY; raw ECOS value is KRW per 100 JPY),Saturday,weekend_observation
1984-07-14,3.3480000000000003,334.8,KRW per 100 JPY,3.3480000000000003,KRW per JPY,731Y001,2,원/일본엔(100엔),원,731Y001,JPY/KRW (KRW per JPY; raw ECOS value is KRW per 100 JPY),Saturday,weekend_observation
1984-07-21,3.3046,330.46,KRW per 100 JPY,3.3046,KRW per JPY,731Y001,2,원/일본엔(100엔),원,731Y001,JPY/KRW (KRW per JPY; raw ECOS value is KRW per 100 JPY),Saturday,weekend_observation
1984-07-28,3.2801,328.01,KRW per 100 JPY,3.2801,KRW per JPY,731Y001,2,원/일본엔(100엔),원,731Y001,JPY/KRW (KRW per JPY; raw ECOS value is KRW per 100 JPY),Saturday,weekend_observation
1984-08-04,3.3561,335.61,KRW per 100 JPY,3.3561,KRW per JPY,731Y001,2,원/일본엔(100엔),원,731Y001,JPY/KRW (KRW per JPY; raw ECOS value is KRW per 100 JPY),Saturday,weekend_observation
1984-08-11,3.3198000000000003,331.98,KRW per 100 JPY,3.3198000000000003,KRW per JPY,731Y001,2,원/일본엔(100엔),원,731Y001,JPY/KRW (KRW per JPY; raw ECOS value is KRW per 100 JPY),Saturday,weekend_observation
1984-08-18,3.3522000000000003,335.22,KRW per 100 JPY,3.3522000000000003,KRW per JPY,731Y001,2,원/일본엔(100엔),원,731Y001,JPY/KRW (KRW per JPY; raw ECOS value is KRW per 100 JPY),Saturday,weekend_observation
1984-08-25,3.3566000000000003,335.66,KRW per 100 JPY,3.3566000000000003,KRW per JPY,731Y001,2,원/일본엔(100엔),원,731Y001,JPY/KRW (KRW per JPY; raw ECOS value is KRW per 100 JPY),Saturday,weekend_observation
1984-09-01,3.3445,334.45,KRW per 100 JPY,3.3445,KRW per JPY,731Y001,2,원/일본엔(100엔),원,731Y001,JPY/KRW (KRW per JPY; raw ECOS value is KRW per 100 JPY),Saturday,weekend_observation
1984-09-08,3.304,330.4,KRW per 100 JPY,3.304,KRW per JPY,731Y001,2,원/일본엔(100엔),원,731Y001,JPY/KRW (KRW per JPY; raw ECOS value is KRW per 100 JPY),Saturday,weekend_observation
1984-09-15,3.3107,331.07,KRW per 100 JPY,3.3107,KRW per JPY,731Y001,2,원/일본엔(100엔),원,731Y001,JPY/KRW (KRW per JPY; raw ECOS value is KRW per 100 JPY),Saturday,weekend_observation
1984-09-22,3.3407,334.07,KRW per 100 JPY,3.3407,KRW per JPY,731Y001,2,원/일본엔(100엔),원,731Y001,JPY/KRW (KRW per JPY; raw ECOS value is KRW per 100 JPY),Saturday,weekend_observation
1984-09-29,3.3045,330.45,KRW per 100 JPY,3.3045,KRW per JPY,731Y001,2,원/일본엔(100엔),원,731Y001,JPY/KRW (KRW per JPY; raw ECOS value is KRW per 100 JPY),Saturday,weekend_observation
1984-10-06,3.3092,330.92,KRW per 100 JPY,3.3092,KRW per JPY,731Y001,2,원/일본엔(100엔),원,731Y001,JPY/KRW (KRW per JPY; raw ECOS value is KRW per 100 JPY),Saturday,weekend_observation
1984-10-13,3.3057999999999996,330.58,KRW per 100 JPY,3.3057999999999996,KRW per JPY,731Y001,2,원/일본엔(100엔),원,731Y001,JPY/KRW (KRW per JPY; raw ECOS value is KRW per 100 JPY),Saturday,weekend_observation
1984-10-20,3.312,331.2,KRW per 100 JPY,3.312,KRW per JPY,731Y001,2,원/일본엔(100엔),원,731Y001,JPY/KRW (KRW per JPY; raw ECOS value is KRW per 100 JPY),Saturday,weekend_observation
1984-10-27,3.3215,332.15,KRW per 100 JPY,3.3215,KRW per JPY,731Y001,2,원/일본엔(100엔),원,731Y001,JPY/KRW (KRW per JPY; raw ECOS value is KRW per 100 JPY),Saturday,weekend_observation
1984-11-03,3.3681,336.81,KRW per 100 JPY,3.3681,KRW per JPY,731Y001,2,원/일본엔(100엔),원,731Y001,JPY/KRW (KRW per JPY; raw ECOS value is KRW per 100 JPY),Saturday,weekend_observation
1984-11-10,3.3838999999999997,338.39,KRW per 100 JPY,3.3838999999999997,KRW per JPY,731Y001,2,원/일본엔(100엔),원,731Y001,JPY/KRW (KRW per JPY; raw ECOS value is KRW per 100 JPY),Saturday,weekend_observation
1984-11-17,3.3597,335.97,KRW per 100 JPY,3.3597,KRW per JPY,731Y001,2,원/일본엔(100엔),원,731Y001,JPY/KRW (KRW per JPY; raw ECOS value is KRW per 100 JPY),Saturday,weekend_observation
1984-11-24,3.3383,333.83,KRW per 100 JPY,3.3383,KRW per JPY,731Y001,2,원/일본엔(100엔),원,731Y001,JPY/KRW (KRW per JPY; raw ECOS value is KRW per 100 JPY),Saturday,weekend_observation
1984-12-01,3.321,332.1,KRW per 100 JPY,3.321,KRW per JPY,731Y001,2,원/일본엔(100엔),원,731Y001,JPY/KRW (KRW per JPY; raw ECOS value is KRW per 100 JPY),Saturday,weekend_observation
1984-12-02,3.321,332.1,KRW per 100 JPY,3.321,KRW per JPY,731Y001,2,원/일본엔(100엔),원,731Y001,JPY/KRW (KRW per JPY; raw ECOS value is KRW per 100 JPY),Sunday,weekend_observation
1984-12-08,3.321,332.1,KRW per 100 JPY,3.321,KRW per JPY,731Y001,2,원/일본엔(100엔),원,731Y001,JPY/KRW (KRW per JPY; raw ECOS value is KRW per 100 JPY),Saturday,weekend_observation
1984-12-15,3.3268,332.68,KRW per 100 JPY,3.3268,KRW per JPY,731Y001,2,원/일본엔(100엔),원,731Y001,JPY/KRW (KRW per JPY; raw ECOS value is KRW per 100 JPY),Saturday,weekend_observation
1984-12-22,3.3287,332.87,KRW per 100 JPY,3.3287,KRW per JPY,731Y001,2,원/일본엔(100엔),원,731Y001,JPY/KRW (KRW per JPY; raw ECOS value is KRW per 100 JPY),Saturday,weekend_observation
1984-12-29,3.3057,330.57,KRW per 100 JPY,3.3057,KRW per JPY,731Y001,2,원/일본엔(100엔),원,731Y001,JPY/KRW (KRW per JPY; raw ECOS value is KRW per 100 JPY),Saturday,weekend_observation
1985-01-05,3.2678,326.78,KRW per 100 JPY,3.2678,KRW per JPY,731Y001,2,원/일본엔(100엔),원,731Y001,JPY/KRW (KRW per JPY; raw ECOS value is KRW per 100 JPY),Saturday,weekend_observation
1985-01-12,3.2628,326.28,KRW per 100 JPY,3.2628,KRW per JPY,731Y001,2,원/일본엔(100엔),원,731Y001,JPY/KRW (KRW per JPY; raw ECOS value is KRW per 100 JPY),Saturday,weekend_observation
1985-01-19,3.2713,327.13,KRW per 100 JPY,3.2713,KRW per JPY,731Y001,2,원/일본엔(100엔),원,731Y001,JPY/KRW (KRW per JPY; raw ECOS value is KRW per 100 JPY),Saturday,weekend_observation
1985-01-26,3.267,326.7,KRW per 100 JPY,3.267,KRW per JPY,731Y001,2,원/일본엔(100엔),원,731Y001,JPY/KRW (KRW per JPY; raw ECOS value is KRW per 100 JPY),Saturday,weekend_observation
1985-02-02,3.2338,323.38,KRW per 100 JPY,3.2338,KRW per JPY,731Y001,2,원/일본엔(100엔),원,731Y001,JPY/KRW (KRW per JPY; raw ECOS value is KRW per 100 JPY),Saturday,weekend_observation
1985-02-09,3.2097,320.97,KRW per 100 JPY,3.2097,KRW per JPY,731Y001,2,원/일본엔(100엔),원,731Y001,JPY/KRW (KRW per JPY; raw ECOS value is KRW per 100 JPY),Saturday,weekend_observation
1985-02-16,3.2670999999999997,326.71,KRW per 100 JPY,3.2670999999999997,KRW per JPY,731Y001,2,원/일본엔(100엔),원,731Y001,JPY/KRW (KRW per JPY; raw ECOS value is KRW per 100 JPY),Saturday,weekend_observation
1985-02-23,3.1994,319.94,KRW per 100 JPY,3.1994,KRW per JPY,731Y001,2,원/일본엔(100엔),원,731Y001,JPY/KRW (KRW per JPY; raw ECOS value is KRW per 100 JPY),Saturday,weekend_observation
1985-03-02,3.2489999999999997,324.9,KRW per 100 JPY,3.2489999999999997,KRW per JPY,731Y001,2,원/일본엔(100엔),원,731Y001,JPY/KRW (KRW per JPY; raw ECOS value is KRW per 100 JPY),Saturday,weekend_observation
1985-03-09,3.2495999999999996,324.96,KRW per 100 JPY,3.2495999999999996,KRW per JPY,731Y001,2,원/일본엔(100엔),원,731Y001,JPY/KRW (KRW per JPY; raw ECOS value is KRW per 100 JPY),Saturday,weekend_observation
1985-03-16,3.2611000000000003,326.11,KRW per 100 JPY,3.2611000000000003,KRW per JPY,731Y001,2,원/일본엔(100엔),원,731Y001,JPY/KRW (KRW per JPY; raw ECOS value is KRW per 100 JPY),Saturday,weekend_observation
1985-03-23,3.3267,332.67,KRW per 100 JPY,3.3267,KRW per JPY,731Y001,2,원/일본엔(100엔),원,731Y001,JPY/KRW (KRW per JPY; raw ECOS value is KRW per 100 JPY),Saturday,weekend_observation
1985-03-30,3.3945,339.45,KRW per 100 JPY,3.3945,KRW per JPY,731Y001,2,원/일본엔(100엔),원,731Y001,JPY/KRW (KRW per JPY; raw ECOS value is KRW per 100 JPY),Saturday,weekend_observation
1985-04-06,3.3674,336.74,KRW per 100 JPY,3.3674,KRW per JPY,731Y001,2,원/일본엔(100엔),원,731Y001,JPY/KRW (KRW per JPY; raw ECOS value is KRW per 100 JPY),Saturday,weekend_observation
1985-04-13,3.4164999999999996,341.65,KRW per 100 JPY,3.4164999999999996,KRW per JPY,731Y001,2,원/일본엔(100엔),원,731Y001,JPY/KRW (KRW per JPY; raw ECOS value is KRW per 100 JPY),Saturday,weekend_observation
1985-04-20,3.4652,346.52,KRW per 100 JPY,3.4652,KRW per JPY,731Y001,2,원/일본엔(100엔),원,731Y001,JPY/KRW (KRW per JPY; raw ECOS value is KRW per 100 JPY),Saturday,weekend_observation
1985-04-27,3.4232,342.32,KRW per 100 JPY,3.4232,KRW per JPY,731Y001,2,원/일본엔(100엔),원,731Y001,JPY/KRW (KRW per JPY; raw ECOS value is KRW per 100 JPY),Saturday,weekend_observation
1985-05-04,3.4106,341.06,KRW per 100 JPY,3.4106,KRW per JPY,731Y001,2,원/일본엔(100엔),원,731Y001,JPY/KRW (KRW per JPY; raw ECOS value is KRW per 100 JPY),Saturday,weekend_observation
1985-05-11,3.446,344.6,KRW per 100 JPY,3.446,KRW per JPY,731Y001,2,원/일본엔(100엔),원,731Y001,JPY/KRW (KRW per JPY; raw ECOS value is KRW per 100 JPY),Saturday,weekend_observation
1985-05-18,3.4651,346.51,KRW per 100 JPY,3.4651,KRW per JPY,731Y001,2,원/일본엔(100엔),원,731Y001,JPY/KRW (KRW per JPY; raw ECOS value is KRW per 100 JPY),Saturday,weekend_observation
1985-05-25,3.4693,346.93,KRW per 100 JPY,3.4693,KRW per JPY,731Y001,2,원/일본엔(100엔),원,731Y001,JPY/KRW (KRW per JPY; raw ECOS value is KRW per 100 JPY),Saturday,weekend_observation
1985-06-01,3.4753,347.53,KRW per 100 JPY,3.4753,KRW per JPY,731Y001,2,원/일본엔(100엔),원,731Y001,JPY/KRW (KRW per JPY; raw ECOS value is KRW per 100 JPY),Saturday,weekend_observation
1985-06-08,3.4941000000000004,349.41,KRW per 100 JPY,3.4941000000000004,KRW per JPY,731Y001,2,원/일본엔(100엔),원,731Y001,JPY/KRW (KRW per JPY; raw ECOS value is KRW per 100 JPY),Saturday,weekend_observation
1985-06-15,3.5074,350.74,KRW per 100 JPY,3.5074,KRW per JPY,731Y001,2,원/일본엔(100엔),원,731Y001,JPY/KRW (KRW per JPY; raw ECOS value is KRW per 100 JPY),Saturday,weekend_observation
1985-06-22,3.5273000000000003,352.73,KRW per 100 JPY,3.5273000000000003,KRW per JPY,731Y001,2,원/일본엔(100엔),원,731Y001,JPY/KRW (KRW per JPY; raw ECOS value is KRW per 100 JPY),Saturday,weekend_observation
1985-06-29,3.5163,351.63,KRW per 100 JPY,3.5163,KRW per JPY,731Y001,2,원/일본엔(100엔),원,731Y001,JPY/KRW (KRW per JPY; raw ECOS value is KRW per 100 JPY),Saturday,weekend_observation
1985-07-06,3.5382,353.82,KRW per 100 JPY,3.5382,KRW per JPY,731Y001,2,원/일본엔(100엔),원,731Y001,JPY/KRW (KRW per JPY; raw ECOS value is KRW per 100 JPY),Saturday,weekend_observation
1985-07-13,3.6383,363.83,KRW per 100 JPY,3.6383,KRW per JPY,731Y001,2,원/일본엔(100엔),원,731Y001,JPY/KRW (KRW per JPY; raw ECOS value is KRW per 100 JPY),Saturday,weekend_observation
1985-07-20,3.666,366.6,KRW per 100 JPY,3.666,KRW per JPY,731Y001,2,원/일본엔(100엔),원,731Y001,JPY/KRW (KRW per JPY; raw ECOS value is KRW per 100 JPY),Saturday,weekend_observation
1985-07-27,3.6899,368.99,KRW per 100 JPY,3.6899,KRW per JPY,731Y001,2,원/일본엔(100엔),원,731Y001,JPY/KRW (KRW per JPY; raw ECOS value is KRW per 100 JPY),Saturday,weekend_observation
1985-08-03,3.7145,371.45,KRW per 100 JPY,3.7145,KRW per JPY,731Y001,2,원/일본엔(100엔),원,731Y001,JPY/KRW (KRW per JPY; raw ECOS value is KRW per 100 JPY),Saturday,weekend_observation
1985-08-10,3.7185,371.85,KRW per 100 JPY,3.7185,KRW per JPY,731Y001,2,원/일본엔(100엔),원,731Y001,JPY/KRW (KRW per JPY; raw ECOS value is KRW per 100 JPY),Saturday,weekend_observation
1985-08-17,3.7285,372.85,KRW per 100 JPY,3.7285,KRW per JPY,731Y001,2,원/일본엔(100엔),원,731Y001,JPY/KRW (KRW per JPY; raw ECOS value is KRW per 100 JPY),Saturday,weekend_observation
1985-08-24,3.7362,373.62,KRW per 100 JPY,3.7362,KRW per JPY,731Y001,2,원/일본엔(100엔),원,731Y001,JPY/KRW (KRW per JPY; raw ECOS value is KRW per 100 JPY),Saturday,weekend_observation
1985-08-31,3.7097,370.97,KRW per 100 JPY,3.7097,KRW per JPY,731Y001,2,원/일본엔(100엔),원,731Y001,JPY/KRW (KRW per JPY; raw ECOS value is KRW per 100 JPY),Saturday,weekend_observation
1985-09-07,3.6833,368.33,KRW per 100 JPY,3.6833,KRW per JPY,731Y001,2,원/일본엔(100엔),원,731Y001,JPY/KRW (KRW per JPY; raw ECOS value is KRW per 100 JPY),Saturday,weekend_observation
1985-09-14,3.6937,369.37,KRW per 100 JPY,3.6937,KRW per JPY,731Y001,2,원/일본엔(100엔),원,731Y001,JPY/KRW (KRW per JPY; raw ECOS value is KRW per 100 JPY),Saturday,weekend_observation
1985-09-21,3.7346,373.46,KRW per 100 JPY,3.7346,KRW per JPY,731Y001,2,원/일본엔(100엔),원,731Y001,JPY/KRW (KRW per JPY; raw ECOS value is KRW per 100 JPY),Saturday,weekend_observation
1985-09-28,4.0848,408.48,KRW per 100 JPY,4.0848,KRW per JPY,731Y001,2,원/일본엔(100엔),원,731Y001,JPY/KRW (KRW per JPY; raw ECOS value is KRW per 100 JPY),Saturday,weekend_observation
1985-10-05,4.166,416.6,KRW per 100 JPY,4.166,KRW per JPY,731Y001,2,원/일본엔(100엔),원,731Y001,JPY/KRW (KRW per JPY; raw ECOS value is KRW per 100 JPY),Saturday,weekend_observation
1985-10-12,4.148,414.8,KRW per 100 JPY,4.148,KRW per JPY,731Y001,2,원/일본엔(100엔),원,731Y001,JPY/KRW (KRW per JPY; raw ECOS value is KRW per 100 JPY),Saturday,weekend_observation
1985-10-19,4.154599999999999,415.46,KRW per 100 JPY,4.154599999999999,KRW per JPY,731Y001,2,원/일본엔(100엔),원,731Y001,JPY/KRW (KRW per JPY; raw ECOS value is KRW per 100 JPY),Saturday,weekend_observation
1985-10-26,4.1642,416.42,KRW per 100 JPY,4.1642,KRW per JPY,731Y001,2,원/일본엔(100엔),원,731Y001,JPY/KRW (KRW per JPY; raw ECOS value is KRW per 100 JPY),Saturday,weekend_observation
1985-11-02,4.2753,427.53,KRW per 100 JPY,4.2753,KRW per JPY,731Y001,2,원/일본엔(100엔),원,731Y001,JPY/KRW (KRW per JPY; raw ECOS value is KRW per 100 JPY),Saturday,weekend_observation
1985-11-09,4.3477,434.77,KRW per 100 JPY,4.3477,KRW per JPY,731Y001,2,원/일본엔(100엔),원,731Y001,JPY/KRW (KRW per JPY; raw ECOS value is KRW per 100 JPY),Saturday,weekend_observation
1985-11-16,4.3691,436.91,KRW per 100 JPY,4.3691,KRW per JPY,731Y001,2,원/일본엔(100엔),원,731Y001,JPY/KRW (KRW per JPY; raw ECOS value is KRW per 100 JPY),Saturday,weekend_observation
1985-11-23,4.4284,442.84,KRW per 100 JPY,4.4284,KRW per JPY,731Y001,2,원/일본엔(100엔),원,731Y001,JPY/KRW (KRW per JPY; raw ECOS value is KRW per 100 JPY),Saturday,weekend_observation
1985-11-30,4.392799999999999,439.28,KRW per 100 JPY,4.392799999999999,KRW per JPY,731Y001,2,원/일본엔(100엔),원,731Y001,JPY/KRW (KRW per JPY; raw ECOS value is KRW per 100 JPY),Saturday,weekend_observation
1985-12-07,4.3781,437.81,KRW per 100 JPY,4.3781,KRW per JPY,731Y001,2,원/일본엔(100엔),원,731Y001,JPY/KRW (KRW per JPY; raw ECOS value is KRW per 100 JPY),Saturday,weekend_observation
1985-12-14,4.3949,439.49,KRW per 100 JPY,4.3949,KRW per JPY,731Y001,2,원/일본엔(100엔),원,731Y001,JPY/KRW (KRW per JPY; raw ECOS value is KRW per 100 JPY),Saturday,weekend_observation
1985-12-21,4.4009,440.09,KRW per 100 JPY,4.4009,KRW per JPY,731Y001,2,원/일본엔(100엔),원,731Y001,JPY/KRW (KRW per JPY; raw ECOS value is KRW per 100 JPY),Saturday,weekend_observation
1985-12-28,4.4111,441.11,KRW per 100 JPY,4.4111,KRW per JPY,731Y001,2,원/일본엔(100엔),원,731Y001,JPY/KRW (KRW per JPY; raw ECOS value is KRW per 100 JPY),Saturday,weekend_observation
1986-01-04,4.3807,438.07,KRW per 100 JPY,4.3807,KRW per JPY,731Y001,2,원/일본엔(100엔),원,731Y001,JPY/KRW (KRW per JPY; raw ECOS value is KRW per 100 JPY),Saturday,weekend_observation
1986-01-11,4.398,439.8,KRW per 100 JPY,4.398,KRW per JPY,731Y001,2,원/일본엔(100엔),원,731Y001,JPY/KRW (KRW per JPY; raw ECOS value is KRW per 100 JPY),Saturday,weekend_observation
1986-01-18,4.4055,440.55,KRW per 100 JPY,4.4055,KRW per JPY,731Y001,2,원/일본엔(100엔),원,731Y001,JPY/KRW (KRW per JPY; raw ECOS value is KRW per 100 JPY),Saturday,weekend_observation
1986-01-25,4.5199,451.99,KRW per 100 JPY,4.5199,KRW per JPY,731Y001,2,원/일본엔(100엔),원,731Y001,JPY/KRW (KRW per JPY; raw ECOS value is KRW per 100 JPY),Saturday,weekend_observation
1986-02-01,4.6375,463.75,KRW per 100 JPY,4.6375,KRW per JPY,731Y001,2,원/일본엔(100엔),원,731Y001,JPY/KRW (KRW per JPY; raw ECOS value is KRW per 100 JPY),Saturday,weekend_observation
1986-02-08,4.658,465.8,KRW per 100 JPY,4.658,KRW per JPY,731Y001,2,원/일본엔(100엔),원,731Y001,JPY/KRW (KRW per JPY; raw ECOS value is KRW per 100 JPY),Saturday,weekend_observation
1986-02-15,4.8899,488.99,KRW per 100 JPY,4.8899,KRW per JPY,731Y001,2,원/일본엔(100엔),원,731Y001,JPY/KRW (KRW per JPY; raw ECOS value is KRW per 100 JPY),Saturday,weekend_observation
1986-02-22,4.8517,485.17,KRW per 100 JPY,4.8517,KRW per JPY,731Y001,2,원/일본엔(100엔),원,731Y001,JPY/KRW (KRW per JPY; raw ECOS value is KRW per 100 JPY),Saturday,weekend_observation
1986-03-08,4.9338999999999995,493.39,KRW per 100 JPY,4.9338999999999995,KRW per JPY,731Y001,2,원/일본엔(100엔),원,731Y001,JPY/KRW (KRW per JPY; raw ECOS value is KRW per 100 JPY),Saturday,weekend_observation
1986-03-15,5.0016,500.16,KRW per 100 JPY,5.0016,KRW per JPY,731Y001,2,원/일본엔(100엔),원,731Y001,JPY/KRW (KRW per JPY; raw ECOS value is KRW per 100 JPY),Saturday,weekend_observation
1986-03-22,5.0176,501.76,KRW per 100 JPY,5.0176,KRW per JPY,731Y001,2,원/일본엔(100엔),원,731Y001,JPY/KRW (KRW per JPY; raw ECOS value is KRW per 100 JPY),Saturday,weekend_observation
1986-03-29,4.9233,492.33,KRW per 100 JPY,4.9233,KRW per JPY,731Y001,2,원/일본엔(100엔),원,731Y001,JPY/KRW (KRW per JPY; raw ECOS value is KRW per 100 JPY),Saturday,weekend_observation
1986-04-12,4.9633,496.33,KRW per 100 JPY,4.9633,KRW per JPY,731Y001,2,원/일본엔(100엔),원,731Y001,JPY/KRW (KRW per JPY; raw ECOS value is KRW per 100 JPY),Saturday,weekend_observation
1986-04-19,5.0792,507.92,KRW per 100 JPY,5.0792,KRW per JPY,731Y001,2,원/일본엔(100엔),원,731Y001,JPY/KRW (KRW per JPY; raw ECOS value is KRW per 100 JPY),Saturday,weekend_observation
1986-04-26,5.2836,528.36,KRW per 100 JPY,5.2836,KRW per JPY,731Y001,2,원/일본엔(100엔),원,731Y001,JPY/KRW (KRW per JPY; raw ECOS value is KRW per 100 JPY),Saturday,weekend_observation
1986-05-03,5.2361,523.61,KRW per 100 JPY,5.2361,KRW per JPY,731Y001,2,원/일본엔(100엔),원,731Y001,JPY/KRW (KRW per JPY; raw ECOS value is KRW per 100 JPY),Saturday,weekend_observation
1986-05-10,5.438400000000001,543.84,KRW per 100 JPY,5.438400000000001,KRW per JPY,731Y001,2,원/일본엔(100엔),원,731Y001,JPY/KRW (KRW per JPY; raw ECOS value is KRW per 100 JPY),Saturday,weekend_observation
1986-05-17,5.317,531.7,KRW per 100 JPY,5.317,KRW per JPY,731Y001,2,원/일본엔(100엔),원,731Y001,JPY/KRW (KRW per JPY; raw ECOS value is KRW per 100 JPY),Saturday,weekend_observation
1986-05-24,5.239299999999999,523.93,KRW per 100 JPY,5.239299999999999,KRW per JPY,731Y001,2,원/일본엔(100엔),원,731Y001,JPY/KRW (KRW per JPY; raw ECOS value is KRW per 100 JPY),Saturday,weekend_observation
1986-05-31,5.0934,509.34,KRW per 100 JPY,5.0934,KRW per JPY,731Y001,2,원/일본엔(100엔),원,731Y001,JPY/KRW (KRW per JPY; raw ECOS value is KRW per 100 JPY),Saturday,weekend_observation
1986-06-07,5.315,531.5,KRW per 100 JPY,5.315,KRW per JPY,731Y001,2,원/일본엔(100엔),원,731Y001,JPY/KRW (KRW per JPY; raw ECOS value is KRW per 100 JPY),Saturday,weekend_observation
1986-06-14,5.3772,537.72,KRW per 100 JPY,5.3772,KRW per JPY,731Y001,2,원/일본엔(100엔),원,731Y001,JPY/KRW (KRW per JPY; raw ECOS value is KRW per 100 JPY),Saturday,weekend_observation
1986-06-21,5.2846,528.46,KRW per 100 JPY,5.2846,KRW per JPY,731Y001,2,원/일본엔(100엔),원,731Y001,JPY/KRW (KRW per JPY; raw ECOS value is KRW per 100 JPY),Saturday,weekend_observation
1986-06-28,5.362,536.2,KRW per 100 JPY,5.362,KRW per JPY,731Y001,2,원/일본엔(100엔),원,731Y001,JPY/KRW (KRW per JPY; raw ECOS value is KRW per 100 JPY),Saturday,weekend_observation
1986-07-05,5.5071,550.71,KRW per 100 JPY,5.5071,KRW per JPY,731Y001,2,원/일본엔(100엔),원,731Y001,JPY/KRW (KRW per JPY; raw ECOS value is KRW per 100 JPY),Saturday,weekend_observation
1986-07-12,5.4792,547.92,KRW per 100 JPY,5.4792,KRW per JPY,731Y001,2,원/일본엔(100엔),원,731Y001,JPY/KRW (KRW per JPY; raw ECOS value is KRW per 100 JPY),Saturday,weekend_observation
1986-07-19,5.6645,566.45,KRW per 100 JPY,5.6645,KRW per JPY,731Y001,2,원/일본엔(100엔),원,731Y001,JPY/KRW (KRW per JPY; raw ECOS value is KRW per 100 JPY),Saturday,weekend_observation
1986-07-26,5.5927,559.27,KRW per 100 JPY,5.5927,KRW per JPY,731Y001,2,원/일본엔(100엔),원,731Y001,JPY/KRW (KRW per JPY; raw ECOS value is KRW per 100 JPY),Saturday,weekend_observation
1986-08-02,5.739,573.9,KRW per 100 JPY,5.739,KRW per JPY,731Y001,2,원/일본엔(100엔),원,731Y001,JPY/KRW (KRW per JPY; raw ECOS value is KRW per 100 JPY),Saturday,weekend_observation
1986-08-09,5.7446,574.46,KRW per 100 JPY,5.7446,KRW per JPY,731Y001,2,원/일본엔(100엔),원,731Y001,JPY/KRW (KRW per JPY; raw ECOS value is KRW per 100 JPY),Saturday,weekend_observation
1986-08-16,5.7379,573.79,KRW per 100 JPY,5.7379,KRW per JPY,731Y001,2,원/일본엔(100엔),원,731Y001,JPY/KRW (KRW per JPY; raw ECOS value is KRW per 100 JPY),Saturday,weekend_observation
1986-08-23,5.7361,573.61,KRW per 100 JPY,5.7361,KRW per JPY,731Y001,2,원/일본엔(100엔),원,731Y001,JPY/KRW (KRW per JPY; raw ECOS value is KRW per 100 JPY),Saturday,weekend_observation
1986-08-30,5.7175,571.75,KRW per 100 JPY,5.7175,KRW per JPY,731Y001,2,원/일본엔(100엔),원,731Y001,JPY/KRW (KRW per JPY; raw ECOS value is KRW per 100 JPY),Saturday,weekend_observation
1986-09-06,5.6507000000000005,565.07,KRW per 100 JPY,5.6507000000000005,KRW per JPY,731Y001,2,원/일본엔(100엔),원,731Y001,JPY/KRW (KRW per JPY; raw ECOS value is KRW per 100 JPY),Saturday,weekend_observation
1986-09-13,5.6633,566.33,KRW per 100 JPY,5.6633,KRW per JPY,731Y001,2,원/일본엔(100엔),원,731Y001,JPY/KRW (KRW per JPY; raw ECOS value is KRW per 100 JPY),Saturday,weekend_observation
1986-09-20,5.7757000000000005,577.57,KRW per 100 JPY,5.7757000000000005,KRW per JPY,731Y001,2,원/일본엔(100엔),원,731Y001,JPY/KRW (KRW per JPY; raw ECOS value is KRW per 100 JPY),Saturday,weekend_observation
1986-09-27,5.68,568.0,KRW per 100 JPY,5.68,KRW per JPY,731Y001,2,원/일본엔(100엔),원,731Y001,JPY/KRW (KRW per JPY; raw ECOS value is KRW per 100 JPY),Saturday,weekend_observation
1986-10-04,5.6738,567.38,KRW per 100 JPY,5.6738,KRW per JPY,731Y001,2,원/일본엔(100엔),원,731Y001,JPY/KRW (KRW per JPY; raw ECOS value is KRW per 100 JPY),Saturday,weekend_observation
1986-10-11,5.6698,566.98,KRW per 100 JPY,5.6698,KRW per JPY,731Y001,2,원/일본엔(100엔),원,731Y001,JPY/KRW (KRW per JPY; raw ECOS value is KRW per 100 JPY),Saturday,weekend_observation
1986-10-12,5.6698,566.98,KRW per 100 JPY,5.6698,KRW per JPY,731Y001,2,원/일본엔(100엔),원,731Y001,JPY/KRW (KRW per JPY; raw ECOS value is KRW per 100 JPY),Sunday,weekend_observation
1986-10-18,5.6615,566.15,KRW per 100 JPY,5.6615,KRW per JPY,731Y001,2,원/일본엔(100엔),원,731Y001,JPY/KRW (KRW per JPY; raw ECOS value is KRW per 100 JPY),Saturday,weekend_observation
1986-10-25,5.4072000000000005,540.72,KRW per 100 JPY,5.4072000000000005,KRW per JPY,731Y001,2,원/일본엔(100엔),원,731Y001,JPY/KRW (KRW per JPY; raw ECOS value is KRW per 100 JPY),Saturday,weekend_observation
1986-11-01,5.350700000000001,535.07,KRW per 100 JPY,5.350700000000001,KRW per JPY,731Y001,2,원/일본엔(100엔),원,731Y001,JPY/KRW (KRW per JPY; raw ECOS value is KRW per 100 JPY),Saturday,weekend_observation
1986-11-08,5.3483,534.83,KRW per 100 JPY,5.3483,KRW per JPY,731Y001,2,원/일본엔(100엔),원,731Y001,JPY/KRW (KRW per JPY; raw ECOS value is KRW per 100 JPY),Saturday,weekend_observation
1986-11-15,5.3749,537.49,KRW per 100 JPY,5.3749,KRW per JPY,731Y001,2,원/일본엔(100엔),원,731Y001,JPY/KRW (KRW per JPY; raw ECOS value is KRW per 100 JPY),Saturday,weekend_observation
1986-11-22,5.2928,529.28,KRW per 100 JPY,5.2928,KRW per JPY,731Y001,2,원/일본엔(100엔),원,731Y001,JPY/KRW (KRW per JPY; raw ECOS value is KRW per 100 JPY),Saturday,weekend_observation
1986-11-29,5.3445,534.45,KRW per 100 JPY,5.3445,KRW per JPY,731Y001,2,원/일본엔(100엔),원,731Y001,JPY/KRW (KRW per JPY; raw ECOS value is KRW per 100 JPY),Saturday,weekend_observation
1986-12-06,5.3264,532.64,KRW per 100 JPY,5.3264,KRW per JPY,731Y001,2,원/일본엔(100엔),원,731Y001,JPY/KRW (KRW per JPY; raw ECOS value is KRW per 100 JPY),Saturday,weekend_observation
1986-12-13,5.3238,532.38,KRW per 100 JPY,5.3238,KRW per JPY,731Y001,2,원/일본엔(100엔),원,731Y001,JPY/KRW (KRW per JPY; raw ECOS value is KRW per 100 JPY),Saturday,weekend_observation
1986-12-20,5.3,530.0,KRW per 100 JPY,5.3,KRW per JPY,731Y001,2,원/일본엔(100엔),원,731Y001,JPY/KRW (KRW per JPY; raw ECOS value is KRW per 100 JPY),Saturday,weekend_observation
1986-12-27,5.390499999999999,539.05,KRW per 100 JPY,5.390499999999999,KRW per JPY,731Y001,2,원/일본엔(100엔),원,731Y001,JPY/KRW (KRW per JPY; raw ECOS value is KRW per 100 JPY),Saturday,weekend_observation
1987-01-10,5.434,543.4,KRW per 100 JPY,5.434,KRW per JPY,731Y001,2,원/일본엔(100엔),원,731Y001,JPY/KRW (KRW per JPY; raw ECOS value is KRW per 100 JPY),Saturday,weekend_observation
1987-01-17,5.6012,560.12,KRW per 100 JPY,5.6012,KRW per JPY,731Y001,2,원/일본엔(100엔),원,731Y001,JPY/KRW (KRW per JPY; raw ECOS value is KRW per 100 JPY),Saturday,weekend_observation
1987-01-24,5.6127,561.27,KRW per 100 JPY,5.6127,KRW per JPY,731Y001,2,원/일본엔(100엔),원,731Y001,JPY/KRW (KRW per JPY; raw ECOS value is KRW per 100 JPY),Saturday,weekend_observation
1987-01-31,5.5752999999999995,557.53,KRW per 100 JPY,5.5752999999999995,KRW per JPY,731Y001,2,원/일본엔(100엔),원,731Y001,JPY/KRW (KRW per JPY; raw ECOS value is KRW per 100 JPY),Saturday,weekend_observation
1987-02-07,5.5514,555.14,KRW per 100 JPY,5.5514,KRW per JPY,731Y001,2,원/일본엔(100엔),원,731Y001,JPY/KRW (KRW per JPY; raw ECOS value is KRW per 100 JPY),Saturday,weekend_observation
1987-02-14,5.58,558.0,KRW per 100 JPY,5.58,KRW per JPY,731Y001,2,원/일본엔(100엔),원,731Y001,JPY/KRW (KRW per JPY; raw ECOS value is KRW per 100 JPY),Saturday,weekend_observation
1987-02-21,5.5741,557.41,KRW per 100 JPY,5.5741,KRW per JPY,731Y001,2,원/일본엔(100엔),원,731Y001,JPY/KRW (KRW per JPY; raw ECOS value is KRW per 100 JPY),Saturday,weekend_observation
1987-02-28,5.5797,557.97,KRW per 100 JPY,5.5797,KRW per JPY,731Y001,2,원/일본엔(100엔),원,731Y001,JPY/KRW (KRW per JPY; raw ECOS value is KRW per 100 JPY),Saturday,weekend_observation
1987-03-07,5.5611,556.11,KRW per 100 JPY,5.5611,KRW per JPY,731Y001,2,원/일본엔(100엔),원,731Y001,JPY/KRW (KRW per JPY; raw ECOS value is KRW per 100 JPY),Saturday,weekend_observation
1987-03-14,5.6011,560.11,KRW per 100 JPY,5.6011,KRW per JPY,731Y001,2,원/일본엔(100엔),원,731Y001,JPY/KRW (KRW per JPY; raw ECOS value is KRW per 100 JPY),Saturday,weekend_observation
1987-03-21,5.618099999999999,561.81,KRW per 100 JPY,5.618099999999999,KRW per JPY,731Y001,2,원/일본엔(100엔),원,731Y001,JPY/KRW (KRW per JPY; raw ECOS value is KRW per 100 JPY),Saturday,weekend_observation
1987-03-28,5.759600000000001,575.96,KRW per 100 JPY,5.759600000000001,KRW per JPY,731Y001,2,원/일본엔(100엔),원,731Y001,JPY/KRW (KRW per JPY; raw ECOS value is KRW per 100 JPY),Saturday,weekend_observation
1987-04-04,5.7885,578.85,KRW per 100 JPY,5.7885,KRW per JPY,731Y001,2,원/일본엔(100엔),원,731Y001,JPY/KRW (KRW per JPY; raw ECOS value is KRW per 100 JPY),Saturday,weekend_observation
1987-04-11,5.8923000000000005,589.23,KRW per 100 JPY,5.8923000000000005,KRW per JPY,731Y001,2,원/일본엔(100엔),원,731Y001,JPY/KRW (KRW per JPY; raw ECOS value is KRW per 100 JPY),Saturday,weekend_observation
1987-04-18,5.8707,587.07,KRW per 100 JPY,5.8707,KRW per JPY,731Y001,2,원/일본엔(100엔),원,731Y001,JPY/KRW (KRW per JPY; raw ECOS value is KRW per 100 JPY),Saturday,weekend_observation
1987-04-25,6.0015,600.15,KRW per 100 JPY,6.0015,KRW per JPY,731Y001,2,원/일본엔(100엔),원,731Y001,JPY/KRW (KRW per JPY; raw ECOS value is KRW per 100 JPY),Saturday,weekend_observation
1987-05-02,5.9458,594.58,KRW per 100 JPY,5.9458,KRW per JPY,731Y001,2,원/일본엔(100엔),원,731Y001,JPY/KRW (KRW per JPY; raw ECOS value is KRW per 100 JPY),Saturday,weekend_observation
1987-05-09,5.9543,595.43,KRW per 100 JPY,5.9543,KRW per JPY,731Y001,2,원/일본엔(100엔),원,731Y001,JPY/KRW (KRW per JPY; raw ECOS value is KRW per 100 JPY),Saturday,weekend_observation
1987-05-16,5.930499999999999,593.05,KRW per 100 JPY,5.930499999999999,KRW per JPY,731Y001,2,원/일본엔(100엔),원,731Y001,JPY/KRW (KRW per JPY; raw ECOS value is KRW per 100 JPY),Saturday,weekend_observation
1987-05-23,5.8515999999999995,585.16,KRW per 100 JPY,5.8515999999999995,KRW per JPY,731Y001,2,원/일본엔(100엔),원,731Y001,JPY/KRW (KRW per JPY; raw ECOS value is KRW per 100 JPY),Saturday,weekend_observation
1987-05-30,5.7232,572.32,KRW per 100 JPY,5.7232,KRW per JPY,731Y001,2,원/일본엔(100엔),원,731Y001,JPY/KRW (KRW per JPY; raw ECOS value is KRW per 100 JPY),Saturday,weekend_observation
1987-06-13,5.652,565.2,KRW per 100 JPY,5.652,KRW per JPY,731Y001,2,원/일본엔(100엔),원,731Y001,JPY/KRW (KRW per JPY; raw ECOS value is KRW per 100 JPY),Saturday,weekend_observation
1987-06-20,5.604299999999999,560.43,KRW per 100 JPY,5.604299999999999,KRW per JPY,731Y001,2,원/일본엔(100엔),원,731Y001,JPY/KRW (KRW per JPY; raw ECOS value is KRW per 100 JPY),Saturday,weekend_observation
1987-06-27,5.5264999999999995,552.65,KRW per 100 JPY,5.5264999999999995,KRW per JPY,731Y001,2,원/일본엔(100엔),원,731Y001,JPY/KRW (KRW per JPY; raw ECOS value is KRW per 100 JPY),Saturday,weekend_observation
1987-07-04,5.4322,543.22,KRW per 100 JPY,5.4322,KRW per JPY,731Y001,2,원/일본엔(100엔),원,731Y001,JPY/KRW (KRW per JPY; raw ECOS value is KRW per 100 JPY),Saturday,weekend_observation
1987-07-11,5.3575,535.75,KRW per 100 JPY,5.3575,KRW per JPY,731Y001,2,원/일본엔(100엔),원,731Y001,JPY/KRW (KRW per JPY; raw ECOS value is KRW per 100 JPY),Saturday,weekend_observation
1987-07-18,5.2828,528.28,KRW per 100 JPY,5.2828,KRW per JPY,731Y001,2,원/일본엔(100엔),원,731Y001,JPY/KRW (KRW per JPY; raw ECOS value is KRW per 100 JPY),Saturday,weekend_observation
1987-07-25,5.4034,540.34,KRW per 100 JPY,5.4034,KRW per JPY,731Y001,2,원/일본엔(100엔),원,731Y001,JPY/KRW (KRW per JPY; raw ECOS value is KRW per 100 JPY),Saturday,weekend_observation
1987-08-01,5.3838,538.38,KRW per 100 JPY,5.3838,KRW per JPY,731Y001,2,원/일본엔(100엔),원,731Y001,JPY/KRW (KRW per JPY; raw ECOS value is KRW per 100 JPY),Saturday,weekend_observation
1987-08-08,5.3267999999999995,532.68,KRW per 100 JPY,5.3267999999999995,KRW per JPY,731Y001,2,원/일본엔(100엔),원,731Y001,JPY/KRW (KRW per JPY; raw ECOS value is KRW per 100 JPY),Saturday,weekend_observation
1987-08-22,5.6814,568.14,KRW per 100 JPY,5.6814,KRW per JPY,731Y001,2,원/일본엔(100엔),원,731Y001,JPY/KRW (KRW per JPY; raw ECOS value is KRW per 100 JPY),Saturday,weekend_observation
1987-08-29,5.6952,569.52,KRW per 100 JPY,5.6952,KRW per JPY,731Y001,2,원/일본엔(100엔),원,731Y001,JPY/KRW (KRW per JPY; raw ECOS value is KRW per 100 JPY),Saturday,weekend_observation
1987-09-05,5.6824,568.24,KRW per 100 JPY,5.6824,KRW per JPY,731Y001,2,원/일본엔(100엔),원,731Y001,JPY/KRW (KRW per JPY; raw ECOS value is KRW per 100 JPY),Saturday,weekend_observation
1987-09-12,5.6053,560.53,KRW per 100 JPY,5.6053,KRW per JPY,731Y001,2,원/일본엔(100엔),원,731Y001,JPY/KRW (KRW per JPY; raw ECOS value is KRW per 100 JPY),Saturday,weekend_observation
1987-09-19,5.6535,565.35,KRW per 100 JPY,5.6535,KRW per JPY,731Y001,2,원/일본엔(100엔),원,731Y001,JPY/KRW (KRW per JPY; raw ECOS value is KRW per 100 JPY),Saturday,weekend_observation
1987-09-26,5.612,561.2,KRW per 100 JPY,5.612,KRW per JPY,731Y001,2,원/일본엔(100엔),원,731Y001,JPY/KRW (KRW per JPY; raw ECOS value is KRW per 100 JPY),Saturday,weekend_observation
1987-10-10,5.609500000000001,560.95,KRW per 100 JPY,5.609500000000001,KRW per JPY,731Y001,2,원/일본엔(100엔),원,731Y001,JPY/KRW (KRW per JPY; raw ECOS value is KRW per 100 JPY),Saturday,weekend_observation
1987-10-17,5.6524,565.24,KRW per 100 JPY,5.6524,KRW per JPY,731Y001,2,원/일본엔(100엔),원,731Y001,JPY/KRW (KRW per JPY; raw ECOS value is KRW per 100 JPY),Saturday,weekend_observation
1987-10-24,5.6696,566.96,KRW per 100 JPY,5.6696,KRW per JPY,731Y001,2,원/일본엔(100엔),원,731Y001,JPY/KRW (KRW per JPY; raw ECOS value is KRW per 100 JPY),Saturday,weekend_observation
1987-10-31,5.7905,579.05,KRW per 100 JPY,5.7905,KRW per JPY,731Y001,2,원/일본엔(100엔),원,731Y001,JPY/KRW (KRW per JPY; raw ECOS value is KRW per 100 JPY),Saturday,weekend_observation
1987-11-07,5.9245,592.45,KRW per 100 JPY,5.9245,KRW per JPY,731Y001,2,원/일본엔(100엔),원,731Y001,JPY/KRW (KRW per JPY; raw ECOS value is KRW per 100 JPY),Saturday,weekend_observation
1987-11-14,5.8801,588.01,KRW per 100 JPY,5.8801,KRW per JPY,731Y001,2,원/일본엔(100엔),원,731Y001,JPY/KRW (KRW per JPY; raw ECOS value is KRW per 100 JPY),Saturday,weekend_observation
1987-11-21,5.8812999999999995,588.13,KRW per 100 JPY,5.8812999999999995,KRW per JPY,731Y001,2,원/일본엔(100엔),원,731Y001,JPY/KRW (KRW per JPY; raw ECOS value is KRW per 100 JPY),Saturday,weekend_observation
1987-11-28,5.965599999999999,596.56,KRW per 100 JPY,5.965599999999999,KRW per JPY,731Y001,2,원/일본엔(100엔),원,731Y001,JPY/KRW (KRW per JPY; raw ECOS value is KRW per 100 JPY),Saturday,weekend_observation
1987-12-05,6.0121,601.21,KRW per 100 JPY,6.0121,KRW per JPY,731Y001,2,원/일본엔(100엔),원,731Y001,JPY/KRW (KRW per JPY; raw ECOS value is KRW per 100 JPY),Saturday,weekend_observation
1987-12-12,6.1948,619.48,KRW per 100 JPY,6.1948,KRW per JPY,731Y001,2,원/일본엔(100엔),원,731Y001,JPY/KRW (KRW per JPY; raw ECOS value is KRW per 100 JPY),Saturday,weekend_observation
1987-12-19,6.2583,625.83,KRW per 100 JPY,6.2583,KRW per JPY,731Y001,2,원/일본엔(100엔),원,731Y001,JPY/KRW (KRW per JPY; raw ECOS value is KRW per 100 JPY),Saturday,weekend_observation
1987-12-26,6.3076,630.76,KRW per 100 JPY,6.3076,KRW per JPY,731Y001,2,원/일본엔(100엔),원,731Y001,JPY/KRW (KRW per JPY; raw ECOS value is KRW per 100 JPY),Saturday,weekend_observation
1988-01-09,6.1637,616.37,KRW per 100 JPY,6.1637,KRW per JPY,731Y001,2,원/일본엔(100엔),원,731Y001,JPY/KRW (KRW per JPY; raw ECOS value is KRW per 100 JPY),Saturday,weekend_observation
1988-01-16,6.014600000000001,601.46,KRW per 100 JPY,6.014600000000001,KRW per JPY,731Y001,2,원/일본엔(100엔),원,731Y001,JPY/KRW (KRW per JPY; raw ECOS value is KRW per 100 JPY),Saturday,weekend_observation
1988-01-23,6.1683,616.83,KRW per 100 JPY,6.1683,KRW per JPY,731Y001,2,원/일본엔(100엔),원,731Y001,JPY/KRW (KRW per JPY; raw ECOS value is KRW per 100 JPY),Saturday,weekend_observation
1988-01-30,6.103899999999999,610.39,KRW per 100 JPY,6.103899999999999,KRW per JPY,731Y001,2,원/일본엔(100엔),원,731Y001,JPY/KRW (KRW per JPY; raw ECOS value is KRW per 100 JPY),Saturday,weekend_observation
1988-02-06,6.029400000000001,602.94,KRW per 100 JPY,6.029400000000001,KRW per JPY,731Y001,2,원/일본엔(100엔),원,731Y001,JPY/KRW (KRW per JPY; raw ECOS value is KRW per 100 JPY),Saturday,weekend_observation
1988-02-13,5.9161,591.61,KRW per 100 JPY,5.9161,KRW per JPY,731Y001,2,원/일본엔(100엔),원,731Y001,JPY/KRW (KRW per JPY; raw ECOS value is KRW per 100 JPY),Saturday,weekend_observation
1988-02-20,5.9025,590.25,KRW per 100 JPY,5.9025,KRW per JPY,731Y001,2,원/일본엔(100엔),원,731Y001,JPY/KRW (KRW per JPY; raw ECOS value is KRW per 100 JPY),Saturday,weekend_observation
1988-02-27,5.9275,592.75,KRW per 100 JPY,5.9275,KRW per JPY,731Y001,2,원/일본엔(100엔),원,731Y001,JPY/KRW (KRW per JPY; raw ECOS value is KRW per 100 JPY),Saturday,weekend_observation
1988-03-05,5.9068,590.68,KRW per 100 JPY,5.9068,KRW per JPY,731Y001,2,원/일본엔(100엔),원,731Y001,JPY/KRW (KRW per JPY; raw ECOS value is KRW per 100 JPY),Saturday,weekend_observation
1988-03-12,5.9294,592.94,KRW per 100 JPY,5.9294,KRW per JPY,731Y001,2,원/일본엔(100엔),원,731Y001,JPY/KRW (KRW per JPY; raw ECOS value is KRW per 100 JPY),Saturday,weekend_observation
1988-03-19,5.879700000000001,587.97,KRW per 100 JPY,5.879700000000001,KRW per JPY,731Y001,2,원/일본엔(100엔),원,731Y001,JPY/KRW (KRW per JPY; raw ECOS value is KRW per 100 JPY),Saturday,weekend_observation
1988-03-26,5.972899999999999,597.29,KRW per 100 JPY,5.972899999999999,KRW per JPY,731Y001,2,원/일본엔(100엔),원,731Y001,JPY/KRW (KRW per JPY; raw ECOS value is KRW per 100 JPY),Saturday,weekend_observation
1988-04-02,5.996,599.6,KRW per 100 JPY,5.996,KRW per JPY,731Y001,2,원/일본엔(100엔),원,731Y001,JPY/KRW (KRW per JPY; raw ECOS value is KRW per 100 JPY),Saturday,weekend_observation
1988-04-09,5.907,590.7,KRW per 100 JPY,5.907,KRW per JPY,731Y001,2,원/일본엔(100엔),원,731Y001,JPY/KRW (KRW per JPY; raw ECOS value is KRW per 100 JPY),Saturday,weekend_observation
1988-04-16,5.9758,597.58,KRW per 100 JPY,5.9758,KRW per JPY,731Y001,2,원/일본엔(100엔),원,731Y001,JPY/KRW (KRW per JPY; raw ECOS value is KRW per 100 JPY),Saturday,weekend_observation
1988-04-23,5.9327,593.27,KRW per 100 JPY,5.9327,KRW per JPY,731Y001,2,원/일본엔(100엔),원,731Y001,JPY/KRW (KRW per JPY; raw ECOS value is KRW per 100 JPY),Saturday,weekend_observation
1988-04-30,5.912999999999999,591.3,KRW per 100 JPY,5.912999999999999,KRW per JPY,731Y001,2,원/일본엔(100엔),원,731Y001,JPY/KRW (KRW per JPY; raw ECOS value is KRW per 100 JPY),Saturday,weekend_observation
1988-05-07,5.9215,592.15,KRW per 100 JPY,5.9215,KRW per JPY,731Y001,2,원/일본엔(100엔),원,731Y001,JPY/KRW (KRW per JPY; raw ECOS value is KRW per 100 JPY),Saturday,weekend_observation
1988-05-14,5.8899,588.99,KRW per 100 JPY,5.8899,KRW per JPY,731Y001,2,원/일본엔(100엔),원,731Y001,JPY/KRW (KRW per JPY; raw ECOS value is KRW per 100 JPY),Saturday,weekend_observation
1988-05-21,5.883500000000001,588.35,KRW per 100 JPY,5.883500000000001,KRW per JPY,731Y001,2,원/일본엔(100엔),원,731Y001,JPY/KRW (KRW per JPY; raw ECOS value is KRW per 100 JPY),Saturday,weekend_observation
1988-05-28,5.8679,586.79,KRW per 100 JPY,5.8679,KRW per JPY,731Y001,2,원/일본엔(100엔),원,731Y001,JPY/KRW (KRW per JPY; raw ECOS value is KRW per 100 JPY),Saturday,weekend_observation
1988-06-04,5.8130999999999995,581.31,KRW per 100 JPY,5.8130999999999995,KRW per JPY,731Y001,2,원/일본엔(100엔),원,731Y001,JPY/KRW (KRW per JPY; raw ECOS value is KRW per 100 JPY),Saturday,weekend_observation
1988-06-11,5.8359000000000005,583.59,KRW per 100 JPY,5.8359000000000005,KRW per JPY,731Y001,2,원/일본엔(100엔),원,731Y001,JPY/KRW (KRW per JPY; raw ECOS value is KRW per 100 JPY),Saturday,weekend_observation
1988-06-18,5.7917,579.17,KRW per 100 JPY,5.7917,KRW per JPY,731Y001,2,원/일본엔(100엔),원,731Y001,JPY/KRW (KRW per JPY; raw ECOS value is KRW per 100 JPY),Saturday,weekend_observation
1988-06-25,5.586799999999999,558.68,KRW per 100 JPY,5.586799999999999,KRW per JPY,731Y001,2,원/일본엔(100엔),원,731Y001,JPY/KRW (KRW per JPY; raw ECOS value is KRW per 100 JPY),Saturday,weekend_observation
1988-07-02,5.4184,541.84,KRW per 100 JPY,5.4184,KRW per JPY,731Y001,2,원/일본엔(100엔),원,731Y001,JPY/KRW (KRW per JPY; raw ECOS value is KRW per 100 JPY),Saturday,weekend_observation
1988-07-09,5.4507,545.07,KRW per 100 JPY,5.4507,KRW per JPY,731Y001,2,원/일본엔(100엔),원,731Y001,JPY/KRW (KRW per JPY; raw ECOS value is KRW per 100 JPY),Saturday,weekend_observation
1988-07-16,5.36,536.0,KRW per 100 JPY,5.36,KRW per JPY,731Y001,2,원/일본엔(100엔),원,731Y001,JPY/KRW (KRW per JPY; raw ECOS value is KRW per 100 JPY),Saturday,weekend_observation
1988-07-23,5.531499999999999,553.15,KRW per 100 JPY,5.531499999999999,KRW per JPY,731Y001,2,원/일본엔(100엔),원,731Y001,JPY/KRW (KRW per JPY; raw ECOS value is KRW per 100 JPY),Saturday,weekend_observation
1988-07-30,5.434,543.4,KRW per 100 JPY,5.434,KRW per JPY,731Y001,2,원/일본엔(100엔),원,731Y001,JPY/KRW (KRW per JPY; raw ECOS value is KRW per 100 JPY),Saturday,weekend_observation
1988-08-06,5.4036,540.36,KRW per 100 JPY,5.4036,KRW per JPY,731Y001,2,원/일본엔(100엔),원,731Y001,JPY/KRW (KRW per JPY; raw ECOS value is KRW per 100 JPY),Saturday,weekend_observation
1988-08-13,5.4237,542.37,KRW per 100 JPY,5.4237,KRW per JPY,731Y001,2,원/일본엔(100엔),원,731Y001,JPY/KRW (KRW per JPY; raw ECOS value is KRW per 100 JPY),Saturday,weekend_observation
1988-08-20,5.4052,540.52,KRW per 100 JPY,5.4052,KRW per JPY,731Y001,2,원/일본엔(100엔),원,731Y001,JPY/KRW (KRW per JPY; raw ECOS value is KRW per 100 JPY),Saturday,weekend_observation
1988-08-27,5.3926,539.26,KRW per 100 JPY,5.3926,KRW per JPY,731Y001,2,원/일본엔(100엔),원,731Y001,JPY/KRW (KRW per JPY; raw ECOS value is KRW per 100 JPY),Saturday,weekend_observation
1988-09-03,5.3113,531.13,KRW per 100 JPY,5.3113,KRW per JPY,731Y001,2,원/일본엔(100엔),원,731Y001,JPY/KRW (KRW per JPY; raw ECOS value is KRW per 100 JPY),Saturday,weekend_observation
1988-09-10,5.3852,538.52,KRW per 100 JPY,5.3852,KRW per JPY,731Y001,2,원/일본엔(100엔),원,731Y001,JPY/KRW (KRW per JPY; raw ECOS value is KRW per 100 JPY),Saturday,weekend_observation
1988-09-17,5.3702,537.02,KRW per 100 JPY,5.3702,KRW per JPY,731Y001,2,원/일본엔(100엔),원,731Y001,JPY/KRW (KRW per JPY; raw ECOS value is KRW per 100 JPY),Saturday,weekend_observation
1988-09-24,5.3552,535.52,KRW per 100 JPY,5.3552,KRW per JPY,731Y001,2,원/일본엔(100엔),원,731Y001,JPY/KRW (KRW per JPY; raw ECOS value is KRW per 100 JPY),Saturday,weekend_observation
1988-10-08,5.3716,537.16,KRW per 100 JPY,5.3716,KRW per JPY,731Y001,2,원/일본엔(100엔),원,731Y001,JPY/KRW (KRW per JPY; raw ECOS value is KRW per 100 JPY),Saturday,weekend_observation
1988-10-15,5.601,560.1,KRW per 100 JPY,5.601,KRW per JPY,731Y001,2,원/일본엔(100엔),원,731Y001,JPY/KRW (KRW per JPY; raw ECOS value is KRW per 100 JPY),Saturday,weekend_observation
1988-10-22,5.5804,558.04,KRW per 100 JPY,5.5804,KRW per JPY,731Y001,2,원/일본엔(100엔),원,731Y001,JPY/KRW (KRW per JPY; raw ECOS value is KRW per 100 JPY),Saturday,weekend_observation
1988-10-29,5.5833,558.33,KRW per 100 JPY,5.5833,KRW per JPY,731Y001,2,원/일본엔(100엔),원,731Y001,JPY/KRW (KRW per JPY; raw ECOS value is KRW per 100 JPY),Saturday,weekend_observation
1988-11-05,5.5839,558.39,KRW per 100 JPY,5.5839,KRW per JPY,731Y001,2,원/일본엔(100엔),원,731Y001,JPY/KRW (KRW per JPY; raw ECOS value is KRW per 100 JPY),Saturday,weekend_observation
1988-11-12,5.649,564.9,KRW per 100 JPY,5.649,KRW per JPY,731Y001,2,원/일본엔(100엔),원,731Y001,JPY/KRW (KRW per JPY; raw ECOS value is KRW per 100 JPY),Saturday,weekend_observation
1988-11-19,5.6424,564.24,KRW per 100 JPY,5.6424,KRW per JPY,731Y001,2,원/일본엔(100엔),원,731Y001,JPY/KRW (KRW per JPY; raw ECOS value is KRW per 100 JPY),Saturday,weekend_observation
1988-11-26,5.6743,567.43,KRW per 100 JPY,5.6743,KRW per JPY,731Y001,2,원/일본엔(100엔),원,731Y001,JPY/KRW (KRW per JPY; raw ECOS value is KRW per 100 JPY),Saturday,weekend_observation
1988-12-03,5.6558,565.58,KRW per 100 JPY,5.6558,KRW per JPY,731Y001,2,원/일본엔(100엔),원,731Y001,JPY/KRW (KRW per JPY; raw ECOS value is KRW per 100 JPY),Saturday,weekend_observation
1988-12-10,5.5826,558.26,KRW per 100 JPY,5.5826,KRW per JPY,731Y001,2,원/일본엔(100엔),원,731Y001,JPY/KRW (KRW per JPY; raw ECOS value is KRW per 100 JPY),Saturday,weekend_observation
1988-12-17,5.516,551.6,KRW per 100 JPY,5.516,KRW per JPY,731Y001,2,원/일본엔(100엔),원,731Y001,JPY/KRW (KRW per JPY; raw ECOS value is KRW per 100 JPY),Saturday,weekend_observation
1988-12-24,5.4886,548.86,KRW per 100 JPY,5.4886,KRW per JPY,731Y001,2,원/일본엔(100엔),원,731Y001,JPY/KRW (KRW per JPY; raw ECOS value is KRW per 100 JPY),Saturday,weekend_observation
1988-12-31,5.4772,547.72,KRW per 100 JPY,5.4772,KRW per JPY,731Y001,2,원/일본엔(100엔),원,731Y001,JPY/KRW (KRW per JPY; raw ECOS value is KRW per 100 JPY),Saturday,weekend_observation
1989-01-07,5.3946000000000005,539.46,KRW per 100 JPY,5.3946000000000005,KRW per JPY,731Y001,2,원/일본엔(100엔),원,731Y001,JPY/KRW (KRW per JPY; raw ECOS value is KRW per 100 JPY),Saturday,weekend_observation
1989-01-14,5.3619,536.19,KRW per 100 JPY,5.3619,KRW per JPY,731Y001,2,원/일본엔(100엔),원,731Y001,JPY/KRW (KRW per JPY; raw ECOS value is KRW per 100 JPY),Saturday,weekend_observation
1989-01-21,5.337000000000001,533.7,KRW per 100 JPY,5.337000000000001,KRW per JPY,731Y001,2,원/일본엔(100엔),원,731Y001,JPY/KRW (KRW per JPY; raw ECOS value is KRW per 100 JPY),Saturday,weekend_observation
1989-01-28,5.2589,525.89,KRW per 100 JPY,5.2589,KRW per JPY,731Y001,2,원/일본엔(100엔),원,731Y001,JPY/KRW (KRW per JPY; raw ECOS value is KRW per 100 JPY),Saturday,weekend_observation
1989-02-04,5.260700000000001,526.07,KRW per 100 JPY,5.260700000000001,KRW per JPY,731Y001,2,원/일본엔(100엔),원,731Y001,JPY/KRW (KRW per JPY; raw ECOS value is KRW per 100 JPY),Saturday,weekend_observation
1989-02-11,5.2665999999999995,526.66,KRW per 100 JPY,5.2665999999999995,KRW per JPY,731Y001,2,원/일본엔(100엔),원,731Y001,JPY/KRW (KRW per JPY; raw ECOS value is KRW per 100 JPY),Saturday,weekend_observation
1989-02-18,5.367000000000001,536.7,KRW per 100 JPY,5.367000000000001,KRW per JPY,731Y001,2,원/일본엔(100엔),원,731Y001,JPY/KRW (KRW per JPY; raw ECOS value is KRW per 100 JPY),Saturday,weekend_observation
1989-02-25,5.3434,534.34,KRW per 100 JPY,5.3434,KRW per JPY,731Y001,2,원/일본엔(100엔),원,731Y001,JPY/KRW (KRW per JPY; raw ECOS value is KRW per 100 JPY),Saturday,weekend_observation
1989-03-04,5.265,526.5,KRW per 100 JPY,5.265,KRW per JPY,731Y001,2,원/일본엔(100엔),원,731Y001,JPY/KRW (KRW per JPY; raw ECOS value is KRW per 100 JPY),Saturday,weekend_observation
1989-03-11,5.197,519.7,KRW per 100 JPY,5.197,KRW per JPY,731Y001,2,원/일본엔(100엔),원,731Y001,JPY/KRW (KRW per JPY; raw ECOS value is KRW per 100 JPY),Saturday,weekend_observation
1989-03-18,5.1133999999999995,511.34,KRW per 100 JPY,5.1133999999999995,KRW per JPY,731Y001,2,원/일본엔(100엔),원,731Y001,JPY/KRW (KRW per JPY; raw ECOS value is KRW per 100 JPY),Saturday,weekend_observation
1989-03-25,5.1174,511.74,KRW per 100 JPY,5.1174,KRW per JPY,731Y001,2,원/일본엔(100엔),원,731Y001,JPY/KRW (KRW per JPY; raw ECOS value is KRW per 100 JPY),Saturday,weekend_observation
1989-04-01,5.0537,505.37,KRW per 100 JPY,5.0537,KRW per JPY,731Y001,2,원/일본엔(100엔),원,731Y001,JPY/KRW (KRW per JPY; raw ECOS value is KRW per 100 JPY),Saturday,weekend_observation
1989-04-08,5.0275,502.75,KRW per 100 JPY,5.0275,KRW per JPY,731Y001,2,원/일본엔(100엔),원,731Y001,JPY/KRW (KRW per JPY; raw ECOS value is KRW per 100 JPY),Saturday,weekend_observation
1989-04-15,5.0523,505.23,KRW per 100 JPY,5.0523,KRW per JPY,731Y001,2,원/일본엔(100엔),원,731Y001,JPY/KRW (KRW per JPY; raw ECOS value is KRW per 100 JPY),Saturday,weekend_observation
1989-04-22,5.0659,506.59,KRW per 100 JPY,5.0659,KRW per JPY,731Y001,2,원/일본엔(100엔),원,731Y001,JPY/KRW (KRW per JPY; raw ECOS value is KRW per 100 JPY),Saturday,weekend_observation
1989-04-29,5.0098,500.98,KRW per 100 JPY,5.0098,KRW per JPY,731Y001,2,원/일본엔(100엔),원,731Y001,JPY/KRW (KRW per JPY; raw ECOS value is KRW per 100 JPY),Saturday,weekend_observation
1989-05-06,4.9648,496.48,KRW per 100 JPY,4.9648,KRW per JPY,731Y001,2,원/일본엔(100엔),원,731Y001,JPY/KRW (KRW per JPY; raw ECOS value is KRW per 100 JPY),Saturday,weekend_observation
1989-05-13,4.8954,489.54,KRW per 100 JPY,4.8954,KRW per JPY,731Y001,2,원/일본엔(100엔),원,731Y001,JPY/KRW (KRW per JPY; raw ECOS value is KRW per 100 JPY),Saturday,weekend_observation
1989-05-20,4.7956,479.56,KRW per 100 JPY,4.7956,KRW per JPY,731Y001,2,원/일본엔(100엔),원,731Y001,JPY/KRW (KRW per JPY; raw ECOS value is KRW per 100 JPY),Saturday,weekend_observation
1989-05-27,4.7227,472.27,KRW per 100 JPY,4.7227,KRW per JPY,731Y001,2,원/일본엔(100엔),원,731Y001,JPY/KRW (KRW per JPY; raw ECOS value is KRW per 100 JPY),Saturday,weekend_observation
1989-06-03,4.7438,474.38,KRW per 100 JPY,4.7438,KRW per JPY,731Y001,2,원/일본엔(100엔),원,731Y001,JPY/KRW (KRW per JPY; raw ECOS value is KRW per 100 JPY),Saturday,weekend_observation
1989-06-10,4.5456,454.56,KRW per 100 JPY,4.5456,KRW per JPY,731Y001,2,원/일본엔(100엔),원,731Y001,JPY/KRW (KRW per JPY; raw ECOS value is KRW per 100 JPY),Saturday,weekend_observation
1989-06-17,4.6041,460.41,KRW per 100 JPY,4.6041,KRW per JPY,731Y001,2,원/일본엔(100엔),원,731Y001,JPY/KRW (KRW per JPY; raw ECOS value is KRW per 100 JPY),Saturday,weekend_observation
1989-06-24,4.7995,479.95,KRW per 100 JPY,4.7995,KRW per JPY,731Y001,2,원/일본엔(100엔),원,731Y001,JPY/KRW (KRW per JPY; raw ECOS value is KRW per 100 JPY),Saturday,weekend_observation
1989-07-01,4.6357,463.57,KRW per 100 JPY,4.6357,KRW per JPY,731Y001,2,원/일본엔(100엔),원,731Y001,JPY/KRW (KRW per JPY; raw ECOS value is KRW per 100 JPY),Saturday,weekend_observation
1989-07-08,4.7917000000000005,479.17,KRW per 100 JPY,4.7917000000000005,KRW per JPY,731Y001,2,원/일본엔(100엔),원,731Y001,JPY/KRW (KRW per JPY; raw ECOS value is KRW per 100 JPY),Saturday,weekend_observation
1989-07-15,4.736000000000001,473.6,KRW per 100 JPY,4.736000000000001,KRW per JPY,731Y001,2,원/일본엔(100엔),원,731Y001,JPY/KRW (KRW per JPY; raw ECOS value is KRW per 100 JPY),Saturday,weekend_observation
1989-07-22,4.6926,469.26,KRW per 100 JPY,4.6926,KRW per JPY,731Y001,2,원/일본엔(100엔),원,731Y001,JPY/KRW (KRW per JPY; raw ECOS value is KRW per 100 JPY),Saturday,weekend_observation
1989-07-29,4.7941,479.41,KRW per 100 JPY,4.7941,KRW per JPY,731Y001,2,원/일본엔(100엔),원,731Y001,JPY/KRW (KRW per JPY; raw ECOS value is KRW per 100 JPY),Saturday,weekend_observation
1989-08-05,4.7735,477.35,KRW per 100 JPY,4.7735,KRW per JPY,731Y001,2,원/일본엔(100엔),원,731Y001,JPY/KRW (KRW per JPY; raw ECOS value is KRW per 100 JPY),Saturday,weekend_observation
1989-08-12,4.7114,471.14,KRW per 100 JPY,4.7114,KRW per JPY,731Y001,2,원/일본엔(100엔),원,731Y001,JPY/KRW (KRW per JPY; raw ECOS value is KRW per 100 JPY),Saturday,weekend_observation
1989-08-19,4.6894,468.94,KRW per 100 JPY,4.6894,KRW per JPY,731Y001,2,원/일본엔(100엔),원,731Y001,JPY/KRW (KRW per JPY; raw ECOS value is KRW per 100 JPY),Saturday,weekend_observation
1989-08-26,4.6498,464.98,KRW per 100 JPY,4.6498,KRW per JPY,731Y001,2,원/일본엔(100엔),원,731Y001,JPY/KRW (KRW per JPY; raw ECOS value is KRW per 100 JPY),Saturday,weekend_observation
1989-09-02,4.5965,459.65,KRW per 100 JPY,4.5965,KRW per JPY,731Y001,2,원/일본엔(100엔),원,731Y001,JPY/KRW (KRW per JPY; raw ECOS value is KRW per 100 JPY),Saturday,weekend_observation
1989-09-09,4.5527999999999995,455.28,KRW per 100 JPY,4.5527999999999995,KRW per JPY,731Y001,2,원/일본엔(100엔),원,731Y001,JPY/KRW (KRW per JPY; raw ECOS value is KRW per 100 JPY),Saturday,weekend_observation
1989-09-16,4.5809,458.09,KRW per 100 JPY,4.5809,KRW per JPY,731Y001,2,원/일본엔(100엔),원,731Y001,JPY/KRW (KRW per JPY; raw ECOS value is KRW per 100 JPY),Saturday,weekend_observation
1989-09-23,4.5907,459.07,KRW per 100 JPY,4.5907,KRW per JPY,731Y001,2,원/일본엔(100엔),원,731Y001,JPY/KRW (KRW per JPY; raw ECOS value is KRW per 100 JPY),Saturday,weekend_observation
1989-09-30,4.8202,482.02,KRW per 100 JPY,4.8202,KRW per JPY,731Y001,2,원/일본엔(100엔),원,731Y001,JPY/KRW (KRW per JPY; raw ECOS value is KRW per 100 JPY),Saturday,weekend_observation
1989-10-07,4.7124,471.24,KRW per 100 JPY,4.7124,KRW per JPY,731Y001,2,원/일본엔(100엔),원,731Y001,JPY/KRW (KRW per JPY; raw ECOS value is KRW per 100 JPY),Saturday,weekend_observation
1989-10-14,4.7292000000000005,472.92,KRW per 100 JPY,4.7292000000000005,KRW per JPY,731Y001,2,원/일본엔(100엔),원,731Y001,JPY/KRW (KRW per JPY; raw ECOS value is KRW per 100 JPY),Saturday,weekend_observation
1989-10-21,4.7173,471.73,KRW per 100 JPY,4.7173,KRW per JPY,731Y001,2,원/일본엔(100엔),원,731Y001,JPY/KRW (KRW per JPY; raw ECOS value is KRW per 100 JPY),Saturday,weekend_observation
1989-10-28,4.7437000000000005,474.37,KRW per 100 JPY,4.7437000000000005,KRW per JPY,731Y001,2,원/일본엔(100엔),원,731Y001,JPY/KRW (KRW per JPY; raw ECOS value is KRW per 100 JPY),Saturday,weekend_observation
1989-11-04,4.6893,468.93,KRW per 100 JPY,4.6893,KRW per JPY,731Y001,2,원/일본엔(100엔),원,731Y001,JPY/KRW (KRW per JPY; raw ECOS value is KRW per 100 JPY),Saturday,weekend_observation
1989-11-11,4.686,468.6,KRW per 100 JPY,4.686,KRW per JPY,731Y001,2,원/일본엔(100엔),원,731Y001,JPY/KRW (KRW per JPY; raw ECOS value is KRW per 100 JPY),Saturday,weekend_observation
1989-11-18,4.6609,466.09,KRW per 100 JPY,4.6609,KRW per JPY,731Y001,2,원/일본엔(100엔),원,731Y001,JPY/KRW (KRW per JPY; raw ECOS value is KRW per 100 JPY),Saturday,weekend_observation
1989-11-25,4.6846,468.46,KRW per 100 JPY,4.6846,KRW per JPY,731Y001,2,원/일본엔(100엔),원,731Y001,JPY/KRW (KRW per JPY; raw ECOS value is KRW per 100 JPY),Saturday,weekend_observation
1989-12-02,4.6919,469.19,KRW per 100 JPY,4.6919,KRW per JPY,731Y001,2,원/일본엔(100엔),원,731Y001,JPY/KRW (KRW per JPY; raw ECOS value is KRW per 100 JPY),Saturday,weekend_observation
1989-12-09,4.6718,467.18,KRW per 100 JPY,4.6718,KRW per JPY,731Y001,2,원/일본엔(100엔),원,731Y001,JPY/KRW (KRW per JPY; raw ECOS value is KRW per 100 JPY),Saturday,weekend_observation
1989-12-16,4.6873000000000005,468.73,KRW per 100 JPY,4.6873000000000005,KRW per JPY,731Y001,2,원/일본엔(100엔),원,731Y001,JPY/KRW (KRW per JPY; raw ECOS value is KRW per 100 JPY),Saturday,weekend_observation
1989-12-23,4.7554,475.54,KRW per 100 JPY,4.7554,KRW per JPY,731Y001,2,원/일본엔(100엔),원,731Y001,JPY/KRW (KRW per JPY; raw ECOS value is KRW per 100 JPY),Saturday,weekend_observation
1989-12-30,4.7206,472.06,KRW per 100 JPY,4.7206,KRW per JPY,731Y001,2,원/일본엔(100엔),원,731Y001,JPY/KRW (KRW per JPY; raw ECOS value is KRW per 100 JPY),Saturday,weekend_observation
1990-01-06,4.7122,471.22,KRW per 100 JPY,4.7122,KRW per JPY,731Y001,2,원/일본엔(100엔),원,731Y001,JPY/KRW (KRW per JPY; raw ECOS value is KRW per 100 JPY),Saturday,weekend_observation
1990-01-13,4.6906,469.06,KRW per 100 JPY,4.6906,KRW per JPY,731Y001,2,원/일본엔(100엔),원,731Y001,JPY/KRW (KRW per JPY; raw ECOS value is KRW per 100 JPY),Saturday,weekend_observation
1990-01-20,4.6932,469.32,KRW per 100 JPY,4.6932,KRW per JPY,731Y001,2,원/일본엔(100엔),원,731Y001,JPY/KRW (KRW per JPY; raw ECOS value is KRW per 100 JPY),Saturday,weekend_observation
1990-02-03,4.7271,472.71,KRW per 100 JPY,4.7271,KRW per JPY,731Y001,2,원/일본엔(100엔),원,731Y001,JPY/KRW (KRW per JPY; raw ECOS value is KRW per 100 JPY),Saturday,weekend_observation
1990-02-10,4.7608,476.08,KRW per 100 JPY,4.7608,KRW per JPY,731Y001,2,원/일본엔(100엔),원,731Y001,JPY/KRW (KRW per JPY; raw ECOS value is KRW per 100 JPY),Saturday,weekend_observation
1990-02-17,4.798500000000001,479.85,KRW per 100 JPY,4.798500000000001,KRW per JPY,731Y001,2,원/일본엔(100엔),원,731Y001,JPY/KRW (KRW per JPY; raw ECOS value is KRW per 100 JPY),Saturday,weekend_observation
1990-02-24,4.7079,470.79,KRW per 100 JPY,4.7079,KRW per JPY,731Y001,2,원/일본엔(100엔),원,731Y001,JPY/KRW (KRW per JPY; raw ECOS value is KRW per 100 JPY),Saturday,weekend_observation
1990-03-03,4.613,461.3,KRW per 100 JPY,4.613,KRW per JPY,731Y001,2,원/일본엔(100엔),원,731Y001,JPY/KRW (KRW per JPY; raw ECOS value is KRW per 100 JPY),Saturday,weekend_observation
1990-03-17,4.5623000000000005,456.23,KRW per 100 JPY,4.5623000000000005,KRW per JPY,731Y001,2,원/일본엔(100엔),원,731Y001,JPY/KRW (KRW per JPY; raw ECOS value is KRW per 100 JPY),Saturday,weekend_observation
1990-03-24,4.5332,453.32,KRW per 100 JPY,4.5332,KRW per JPY,731Y001,2,원/일본엔(100엔),원,731Y001,JPY/KRW (KRW per JPY; raw ECOS value is KRW per 100 JPY),Saturday,weekend_observation
1990-03-31,4.4297,442.97,KRW per 100 JPY,4.4297,KRW per JPY,731Y001,2,원/일본엔(100엔),원,731Y001,JPY/KRW (KRW per JPY; raw ECOS value is KRW per 100 JPY),Saturday,weekend_observation
1990-04-07,4.4807,448.07,KRW per 100 JPY,4.4807,KRW per JPY,731Y001,2,원/일본엔(100엔),원,731Y001,JPY/KRW (KRW per JPY; raw ECOS value is KRW per 100 JPY),Saturday,weekend_observation
1990-04-14,4.4532,445.32,KRW per 100 JPY,4.4532,KRW per JPY,731Y001,2,원/일본엔(100엔),원,731Y001,JPY/KRW (KRW per JPY; raw ECOS value is KRW per 100 JPY),Saturday,weekend_observation
1990-04-21,4.4768,447.68,KRW per 100 JPY,4.4768,KRW per JPY,731Y001,2,원/일본엔(100엔),원,731Y001,JPY/KRW (KRW per JPY; raw ECOS value is KRW per 100 JPY),Saturday,weekend_observation
1990-04-28,4.4382,443.82,KRW per 100 JPY,4.4382,KRW per JPY,731Y001,2,원/일본엔(100엔),원,731Y001,JPY/KRW (KRW per JPY; raw ECOS value is KRW per 100 JPY),Saturday,weekend_observation
1990-05-12,4.6361,463.61,KRW per 100 JPY,4.6361,KRW per JPY,731Y001,2,원/일본엔(100엔),원,731Y001,JPY/KRW (KRW per JPY; raw ECOS value is KRW per 100 JPY),Saturday,weekend_observation
1990-05-19,4.638999999999999,463.9,KRW per 100 JPY,4.638999999999999,KRW per JPY,731Y001,2,원/일본엔(100엔),원,731Y001,JPY/KRW (KRW per JPY; raw ECOS value is KRW per 100 JPY),Saturday,weekend_observation
1990-05-26,4.757,475.7,KRW per 100 JPY,4.757,KRW per JPY,731Y001,2,원/일본엔(100엔),원,731Y001,JPY/KRW (KRW per JPY; raw ECOS value is KRW per 100 JPY),Saturday,weekend_observation
1990-06-02,4.6825,468.25,KRW per 100 JPY,4.6825,KRW per JPY,731Y001,2,원/일본엔(100엔),원,731Y001,JPY/KRW (KRW per JPY; raw ECOS value is KRW per 100 JPY),Saturday,weekend_observation
1990-06-09,4.6594,465.94,KRW per 100 JPY,4.6594,KRW per JPY,731Y001,2,원/일본엔(100엔),원,731Y001,JPY/KRW (KRW per JPY; raw ECOS value is KRW per 100 JPY),Saturday,weekend_observation
1990-06-16,4.6544,465.44,KRW per 100 JPY,4.6544,KRW per JPY,731Y001,2,원/일본엔(100엔),원,731Y001,JPY/KRW (KRW per JPY; raw ECOS value is KRW per 100 JPY),Saturday,weekend_observation
1990-06-23,4.629,462.9,KRW per 100 JPY,4.629,KRW per JPY,731Y001,2,원/일본엔(100엔),원,731Y001,JPY/KRW (KRW per JPY; raw ECOS value is KRW per 100 JPY),Saturday,weekend_observation
1990-06-30,4.7043,470.43,KRW per 100 JPY,4.7043,KRW per JPY,731Y001,2,원/일본엔(100엔),원,731Y001,JPY/KRW (KRW per JPY; raw ECOS value is KRW per 100 JPY),Saturday,weekend_observation
1990-07-07,4.7251,472.51,KRW per 100 JPY,4.7251,KRW per JPY,731Y001,2,원/일본엔(100엔),원,731Y001,JPY/KRW (KRW per JPY; raw ECOS value is KRW per 100 JPY),Saturday,weekend_observation
1990-07-14,4.8321,483.21,KRW per 100 JPY,4.8321,KRW per JPY,731Y001,2,원/일본엔(100엔),원,731Y001,JPY/KRW (KRW per JPY; raw ECOS value is KRW per 100 JPY),Saturday,weekend_observation
1990-07-21,4.8156,481.56,KRW per 100 JPY,4.8156,KRW per JPY,731Y001,2,원/일본엔(100엔),원,731Y001,JPY/KRW (KRW per JPY; raw ECOS value is KRW per 100 JPY),Saturday,weekend_observation
1990-07-28,4.8007,480.07,KRW per 100 JPY,4.8007,KRW per JPY,731Y001,2,원/일본엔(100엔),원,731Y001,JPY/KRW (KRW per JPY; raw ECOS value is KRW per 100 JPY),Saturday,weekend_observation
1990-08-04,4.7811,478.11,KRW per 100 JPY,4.7811,KRW per JPY,731Y001,2,원/일본엔(100엔),원,731Y001,JPY/KRW (KRW per JPY; raw ECOS value is KRW per 100 JPY),Saturday,weekend_observation
1990-08-11,4.7611,476.11,KRW per 100 JPY,4.7611,KRW per JPY,731Y001,2,원/일본엔(100엔),원,731Y001,JPY/KRW (KRW per JPY; raw ECOS value is KRW per 100 JPY),Saturday,weekend_observation
1990-08-18,4.873,487.3,KRW per 100 JPY,4.873,KRW per JPY,731Y001,2,원/일본엔(100엔),원,731Y001,JPY/KRW (KRW per JPY; raw ECOS value is KRW per 100 JPY),Saturday,weekend_observation
1990-08-25,4.8867,488.67,KRW per 100 JPY,4.8867,KRW per JPY,731Y001,2,원/일본엔(100엔),원,731Y001,JPY/KRW (KRW per JPY; raw ECOS value is KRW per 100 JPY),Saturday,weekend_observation
1990-09-01,4.9620999999999995,496.21,KRW per 100 JPY,4.9620999999999995,KRW per JPY,731Y001,2,원/일본엔(100엔),원,731Y001,JPY/KRW (KRW per JPY; raw ECOS value is KRW per 100 JPY),Saturday,weekend_observation
1990-09-08,5.1128,511.28,KRW per 100 JPY,5.1128,KRW per JPY,731Y001,2,원/일본엔(100엔),원,731Y001,JPY/KRW (KRW per JPY; raw ECOS value is KRW per 100 JPY),Saturday,weekend_observation
1990-09-15,5.2299,522.99,KRW per 100 JPY,5.2299,KRW per JPY,731Y001,2,원/일본엔(100엔),원,731Y001,JPY/KRW (KRW per JPY; raw ECOS value is KRW per 100 JPY),Saturday,weekend_observation
1990-09-22,5.2338,523.38,KRW per 100 JPY,5.2338,KRW per JPY,731Y001,2,원/일본엔(100엔),원,731Y001,JPY/KRW (KRW per JPY; raw ECOS value is KRW per 100 JPY),Saturday,weekend_observation
1990-09-29,5.148,514.8,KRW per 100 JPY,5.148,KRW per JPY,731Y001,2,원/일본엔(100엔),원,731Y001,JPY/KRW (KRW per JPY; raw ECOS value is KRW per 100 JPY),Saturday,weekend_observation
1990-10-06,5.4014,540.14,KRW per 100 JPY,5.4014,KRW per JPY,731Y001,2,원/일본엔(100엔),원,731Y001,JPY/KRW (KRW per JPY; raw ECOS value is KRW per 100 JPY),Saturday,weekend_observation
1990-10-13,5.5442,554.42,KRW per 100 JPY,5.5442,KRW per JPY,731Y001,2,원/일본엔(100엔),원,731Y001,JPY/KRW (KRW per JPY; raw ECOS value is KRW per 100 JPY),Saturday,weekend_observation
1990-10-20,5.6848,568.48,KRW per 100 JPY,5.6848,KRW per JPY,731Y001,2,원/일본엔(100엔),원,731Y001,JPY/KRW (KRW per JPY; raw ECOS value is KRW per 100 JPY),Saturday,weekend_observation
1990-10-27,5.5778,557.78,KRW per 100 JPY,5.5778,KRW per JPY,731Y001,2,원/일본엔(100엔),원,731Y001,JPY/KRW (KRW per JPY; raw ECOS value is KRW per 100 JPY),Saturday,weekend_observation
1990-11-03,5.5959,559.59,KRW per 100 JPY,5.5959,KRW per JPY,731Y001,2,원/일본엔(100엔),원,731Y001,JPY/KRW (KRW per JPY; raw ECOS value is KRW per 100 JPY),Saturday,weekend_observation
1990-11-10,5.5092,550.92,KRW per 100 JPY,5.5092,KRW per JPY,731Y001,2,원/일본엔(100엔),원,731Y001,JPY/KRW (KRW per JPY; raw ECOS value is KRW per 100 JPY),Saturday,weekend_observation
1990-11-17,5.5163,551.63,KRW per 100 JPY,5.5163,KRW per JPY,731Y001,2,원/일본엔(100엔),원,731Y001,JPY/KRW (KRW per JPY; raw ECOS value is KRW per 100 JPY),Saturday,weekend_observation
1990-11-24,5.6159,561.59,KRW per 100 JPY,5.6159,KRW per JPY,731Y001,2,원/일본엔(100엔),원,731Y001,JPY/KRW (KRW per JPY; raw ECOS value is KRW per 100 JPY),Saturday,weekend_observation
1990-12-01,5.379099999999999,537.91,KRW per 100 JPY,5.379099999999999,KRW per JPY,731Y001,2,원/일본엔(100엔),원,731Y001,JPY/KRW (KRW per JPY; raw ECOS value is KRW per 100 JPY),Saturday,weekend_observation
1990-12-08,5.4677,546.77,KRW per 100 JPY,5.4677,KRW per JPY,731Y001,2,원/일본엔(100엔),원,731Y001,JPY/KRW (KRW per JPY; raw ECOS value is KRW per 100 JPY),Saturday,weekend_observation
1990-12-15,5.3849,538.49,KRW per 100 JPY,5.3849,KRW per JPY,731Y001,2,원/일본엔(100엔),원,731Y001,JPY/KRW (KRW per JPY; raw ECOS value is KRW per 100 JPY),Saturday,weekend_observation
1990-12-22,5.289,528.9,KRW per 100 JPY,5.289,KRW per JPY,731Y001,2,원/일본엔(100엔),원,731Y001,JPY/KRW (KRW per JPY; raw ECOS value is KRW per 100 JPY),Saturday,weekend_observation
1990-12-29,5.3126,531.26,KRW per 100 JPY,5.3126,KRW per JPY,731Y001,2,원/일본엔(100엔),원,731Y001,JPY/KRW (KRW per JPY; raw ECOS value is KRW per 100 JPY),Saturday,weekend_observation
1991-01-05,5.3187,531.87,KRW per 100 JPY,5.3187,KRW per JPY,731Y001,2,원/일본엔(100엔),원,731Y001,JPY/KRW (KRW per JPY; raw ECOS value is KRW per 100 JPY),Saturday,weekend_observation
1991-01-12,5.3567,535.67,KRW per 100 JPY,5.3567,KRW per JPY,731Y001,2,원/일본엔(100엔),원,731Y001,JPY/KRW (KRW per JPY; raw ECOS value is KRW per 100 JPY),Saturday,weekend_observation
1991-01-19,5.425700000000001,542.57,KRW per 100 JPY,5.425700000000001,KRW per JPY,731Y001,2,원/일본엔(100엔),원,731Y001,JPY/KRW (KRW per JPY; raw ECOS value is KRW per 100 JPY),Saturday,weekend_observation
1991-01-26,5.4198,541.98,KRW per 100 JPY,5.4198,KRW per JPY,731Y001,2,원/일본엔(100엔),원,731Y001,JPY/KRW (KRW per JPY; raw ECOS value is KRW per 100 JPY),Saturday,weekend_observation
1991-02-02,5.4666,546.66,KRW per 100 JPY,5.4666,KRW per JPY,731Y001,2,원/일본엔(100엔),원,731Y001,JPY/KRW (KRW per JPY; raw ECOS value is KRW per 100 JPY),Saturday,weekend_observation
1991-02-09,5.649500000000001,564.95,KRW per 100 JPY,5.649500000000001,KRW per JPY,731Y001,2,원/일본엔(100엔),원,731Y001,JPY/KRW (KRW per JPY; raw ECOS value is KRW per 100 JPY),Saturday,weekend_observation
1991-02-23,5.4744,547.44,KRW per 100 JPY,5.4744,KRW per JPY,731Y001,2,원/일본엔(100엔),원,731Y001,JPY/KRW (KRW per JPY; raw ECOS value is KRW per 100 JPY),Saturday,weekend_observation
1991-03-02,5.3744000000000005,537.44,KRW per 100 JPY,5.3744000000000005,KRW per JPY,731Y001,2,원/일본엔(100엔),원,731Y001,JPY/KRW (KRW per JPY; raw ECOS value is KRW per 100 JPY),Saturday,weekend_observation
1991-03-09,5.2982000000000005,529.82,KRW per 100 JPY,5.2982000000000005,KRW per JPY,731Y001,2,원/일본엔(100엔),원,731Y001,JPY/KRW (KRW per JPY; raw ECOS value is KRW per 100 JPY),Saturday,weekend_observation
1991-03-16,5.2661,526.61,KRW per 100 JPY,5.2661,KRW per JPY,731Y001,2,원/일본엔(100엔),원,731Y001,JPY/KRW (KRW per JPY; raw ECOS value is KRW per 100 JPY),Saturday,weekend_observation
1991-03-23,5.274400000000001,527.44,KRW per 100 JPY,5.274400000000001,KRW per JPY,731Y001,2,원/일본엔(100엔),원,731Y001,JPY/KRW (KRW per JPY; raw ECOS value is KRW per 100 JPY),Saturday,weekend_observation
1991-03-30,5.1498,514.98,KRW per 100 JPY,5.1498,KRW per JPY,731Y001,2,원/일본엔(100엔),원,731Y001,JPY/KRW (KRW per JPY; raw ECOS value is KRW per 100 JPY),Saturday,weekend_observation
1991-04-06,5.310599999999999,531.06,KRW per 100 JPY,5.310599999999999,KRW per JPY,731Y001,2,원/일본엔(100엔),원,731Y001,JPY/KRW (KRW per JPY; raw ECOS value is KRW per 100 JPY),Saturday,weekend_observation
1991-04-13,5.3264,532.64,KRW per 100 JPY,5.3264,KRW per JPY,731Y001,2,원/일본엔(100엔),원,731Y001,JPY/KRW (KRW per JPY; raw ECOS value is KRW per 100 JPY),Saturday,weekend_observation
1991-04-20,5.2458,524.58,KRW per 100 JPY,5.2458,KRW per JPY,731Y001,2,원/일본엔(100엔),원,731Y001,JPY/KRW (KRW per JPY; raw ECOS value is KRW per 100 JPY),Saturday,weekend_observation
1991-04-27,5.2401,524.01,KRW per 100 JPY,5.2401,KRW per JPY,731Y001,2,원/일본엔(100엔),원,731Y001,JPY/KRW (KRW per JPY; raw ECOS value is KRW per 100 JPY),Saturday,weekend_observation
1991-05-04,5.2071000000000005,520.71,KRW per 100 JPY,5.2071000000000005,KRW per JPY,731Y001,2,원/일본엔(100엔),원,731Y001,JPY/KRW (KRW per JPY; raw ECOS value is KRW per 100 JPY),Saturday,weekend_observation
1991-05-11,5.2427,524.27,KRW per 100 JPY,5.2427,KRW per JPY,731Y001,2,원/일본엔(100엔),원,731Y001,JPY/KRW (KRW per JPY; raw ECOS value is KRW per 100 JPY),Saturday,weekend_observation
1991-05-18,5.243200000000001,524.32,KRW per 100 JPY,5.243200000000001,KRW per JPY,731Y001,2,원/일본엔(100엔),원,731Y001,JPY/KRW (KRW per JPY; raw ECOS value is KRW per 100 JPY),Saturday,weekend_observation
1991-05-25,5.2440999999999995,524.41,KRW per 100 JPY,5.2440999999999995,KRW per JPY,731Y001,2,원/일본엔(100엔),원,731Y001,JPY/KRW (KRW per JPY; raw ECOS value is KRW per 100 JPY),Saturday,weekend_observation
1991-06-01,5.223,522.3,KRW per 100 JPY,5.223,KRW per JPY,731Y001,2,원/일본엔(100엔),원,731Y001,JPY/KRW (KRW per JPY; raw ECOS value is KRW per 100 JPY),Saturday,weekend_observation
1991-06-08,5.1684,516.84,KRW per 100 JPY,5.1684,KRW per JPY,731Y001,2,원/일본엔(100엔),원,731Y001,JPY/KRW (KRW per JPY; raw ECOS value is KRW per 100 JPY),Saturday,weekend_observation
1991-06-15,5.140499999999999,514.05,KRW per 100 JPY,5.140499999999999,KRW per JPY,731Y001,2,원/일본엔(100엔),원,731Y001,JPY/KRW (KRW per JPY; raw ECOS value is KRW per 100 JPY),Saturday,weekend_observation
1991-06-22,5.227799999999999,522.78,KRW per 100 JPY,5.227799999999999,KRW per JPY,731Y001,2,원/일본엔(100엔),원,731Y001,JPY/KRW (KRW per JPY; raw ECOS value is KRW per 100 JPY),Saturday,weekend_observation
1991-06-29,5.260800000000001,526.08,KRW per 100 JPY,5.260800000000001,KRW per JPY,731Y001,2,원/일본엔(100엔),원,731Y001,JPY/KRW (KRW per JPY; raw ECOS value is KRW per 100 JPY),Saturday,weekend_observation
1991-07-06,5.2736,527.36,KRW per 100 JPY,5.2736,KRW per JPY,731Y001,2,원/일본엔(100엔),원,731Y001,JPY/KRW (KRW per JPY; raw ECOS value is KRW per 100 JPY),Saturday,weekend_observation
1991-07-13,5.3629,536.29,KRW per 100 JPY,5.3629,KRW per JPY,731Y001,2,원/일본엔(100엔),원,731Y001,JPY/KRW (KRW per JPY; raw ECOS value is KRW per 100 JPY),Saturday,weekend_observation
1991-07-20,5.3612,536.12,KRW per 100 JPY,5.3612,KRW per JPY,731Y001,2,원/일본엔(100엔),원,731Y001,JPY/KRW (KRW per JPY; raw ECOS value is KRW per 100 JPY),Saturday,weekend_observation
1991-07-27,5.2725,527.25,KRW per 100 JPY,5.2725,KRW per JPY,731Y001,2,원/일본엔(100엔),원,731Y001,JPY/KRW (KRW per JPY; raw ECOS value is KRW per 100 JPY),Saturday,weekend_observation
1991-08-03,5.2966,529.66,KRW per 100 JPY,5.2966,KRW per JPY,731Y001,2,원/일본엔(100엔),원,731Y001,JPY/KRW (KRW per JPY; raw ECOS value is KRW per 100 JPY),Saturday,weekend_observation
1991-08-10,5.3445,534.45,KRW per 100 JPY,5.3445,KRW per JPY,731Y001,2,원/일본엔(100엔),원,731Y001,JPY/KRW (KRW per JPY; raw ECOS value is KRW per 100 JPY),Saturday,weekend_observation
1991-08-17,5.3458000000000006,534.58,KRW per 100 JPY,5.3458000000000006,KRW per JPY,731Y001,2,원/일본엔(100엔),원,731Y001,JPY/KRW (KRW per JPY; raw ECOS value is KRW per 100 JPY),Saturday,weekend_observation
1991-08-24,5.3472,534.72,KRW per 100 JPY,5.3472,KRW per JPY,731Y001,2,원/일본엔(100엔),원,731Y001,JPY/KRW (KRW per JPY; raw ECOS value is KRW per 100 JPY),Saturday,weekend_observation
1991-08-31,5.376,537.6,KRW per 100 JPY,5.376,KRW per JPY,731Y001,2,원/일본엔(100엔),원,731Y001,JPY/KRW (KRW per JPY; raw ECOS value is KRW per 100 JPY),Saturday,weekend_observation
1991-09-07,5.4578999999999995,545.79,KRW per 100 JPY,5.4578999999999995,KRW per JPY,731Y001,2,원/일본엔(100엔),원,731Y001,JPY/KRW (KRW per JPY; raw ECOS value is KRW per 100 JPY),Saturday,weekend_observation
1991-09-14,5.5258,552.58,KRW per 100 JPY,5.5258,KRW per JPY,731Y001,2,원/일본엔(100엔),원,731Y001,JPY/KRW (KRW per JPY; raw ECOS value is KRW per 100 JPY),Saturday,weekend_observation
1991-09-28,5.5668,556.68,KRW per 100 JPY,5.5668,KRW per JPY,731Y001,2,원/일본엔(100엔),원,731Y001,JPY/KRW (KRW per JPY; raw ECOS value is KRW per 100 JPY),Saturday,weekend_observation
1991-10-05,5.755,575.5,KRW per 100 JPY,5.755,KRW per JPY,731Y001,2,원/일본엔(100엔),원,731Y001,JPY/KRW (KRW per JPY; raw ECOS value is KRW per 100 JPY),Saturday,weekend_observation
1991-10-12,5.7902,579.02,KRW per 100 JPY,5.7902,KRW per JPY,731Y001,2,원/일본엔(100엔),원,731Y001,JPY/KRW (KRW per JPY; raw ECOS value is KRW per 100 JPY),Saturday,weekend_observation
1991-10-19,5.772,577.2,KRW per 100 JPY,5.772,KRW per JPY,731Y001,2,원/일본엔(100엔),원,731Y001,JPY/KRW (KRW per JPY; raw ECOS value is KRW per 100 JPY),Saturday,weekend_observation
1991-10-26,5.7071000000000005,570.71,KRW per 100 JPY,5.7071000000000005,KRW per JPY,731Y001,2,원/일본엔(100엔),원,731Y001,JPY/KRW (KRW per JPY; raw ECOS value is KRW per 100 JPY),Saturday,weekend_observation
1991-11-02,5.801900000000001,580.19,KRW per 100 JPY,5.801900000000001,KRW per JPY,731Y001,2,원/일본엔(100엔),원,731Y001,JPY/KRW (KRW per JPY; raw ECOS value is KRW per 100 JPY),Saturday,weekend_observation
1991-11-09,5.7685,576.85,KRW per 100 JPY,5.7685,KRW per JPY,731Y001,2,원/일본엔(100엔),원,731Y001,JPY/KRW (KRW per JPY; raw ECOS value is KRW per 100 JPY),Saturday,weekend_observation
1991-11-16,5.8175,581.75,KRW per 100 JPY,5.8175,KRW per JPY,731Y001,2,원/일본엔(100엔),원,731Y001,JPY/KRW (KRW per JPY; raw ECOS value is KRW per 100 JPY),Saturday,weekend_observation
1991-11-23,5.833600000000001,583.36,KRW per 100 JPY,5.833600000000001,KRW per JPY,731Y001,2,원/일본엔(100엔),원,731Y001,JPY/KRW (KRW per JPY; raw ECOS value is KRW per 100 JPY),Saturday,weekend_observation
1991-11-30,5.804500000000001,580.45,KRW per 100 JPY,5.804500000000001,KRW per JPY,731Y001,2,원/일본엔(100엔),원,731Y001,JPY/KRW (KRW per JPY; raw ECOS value is KRW per 100 JPY),Saturday,weekend_observation
1991-12-07,5.903,590.3,KRW per 100 JPY,5.903,KRW per JPY,731Y001,2,원/일본엔(100엔),원,731Y001,JPY/KRW (KRW per JPY; raw ECOS value is KRW per 100 JPY),Saturday,weekend_observation
1991-12-14,5.8669,586.69,KRW per 100 JPY,5.8669,KRW per JPY,731Y001,2,원/일본엔(100엔),원,731Y001,JPY/KRW (KRW per JPY; raw ECOS value is KRW per 100 JPY),Saturday,weekend_observation
1991-12-21,5.949400000000001,594.94,KRW per 100 JPY,5.949400000000001,KRW per JPY,731Y001,2,원/일본엔(100엔),원,731Y001,JPY/KRW (KRW per JPY; raw ECOS value is KRW per 100 JPY),Saturday,weekend_observation
1991-12-28,6.038099999999999,603.81,KRW per 100 JPY,6.038099999999999,KRW per JPY,731Y001,2,원/일본엔(100엔),원,731Y001,JPY/KRW (KRW per JPY; raw ECOS value is KRW per 100 JPY),Saturday,weekend_observation
1992-01-04,6.0889999999999995,608.9,KRW per 100 JPY,6.0889999999999995,KRW per JPY,731Y001,2,원/일본엔(100엔),원,731Y001,JPY/KRW (KRW per JPY; raw ECOS value is KRW per 100 JPY),Saturday,weekend_observation
1992-01-11,5.9984,599.84,KRW per 100 JPY,5.9984,KRW per JPY,731Y001,2,원/일본엔(100엔),원,731Y001,JPY/KRW (KRW per JPY; raw ECOS value is KRW per 100 JPY),Saturday,weekend_observation
1992-01-18,6.135,613.5,KRW per 100 JPY,6.135,KRW per JPY,731Y001,2,원/일본엔(100엔),원,731Y001,JPY/KRW (KRW per JPY; raw ECOS value is KRW per 100 JPY),Saturday,weekend_observation
1992-01-25,6.187799999999999,618.78,KRW per 100 JPY,6.187799999999999,KRW per JPY,731Y001,2,원/일본엔(100엔),원,731Y001,JPY/KRW (KRW per JPY; raw ECOS value is KRW per 100 JPY),Saturday,weekend_observation
1992-02-01,6.0596000000000005,605.96,KRW per 100 JPY,6.0596000000000005,KRW per JPY,731Y001,2,원/일본엔(100엔),원,731Y001,JPY/KRW (KRW per JPY; raw ECOS value is KRW per 100 JPY),Saturday,weekend_observation
1992-02-08,6.0985000000000005,609.85,KRW per 100 JPY,6.0985000000000005,KRW per JPY,731Y001,2,원/일본엔(100엔),원,731Y001,JPY/KRW (KRW per JPY; raw ECOS value is KRW per 100 JPY),Saturday,weekend_observation
1992-02-15,5.9836,598.36,KRW per 100 JPY,5.9836,KRW per JPY,731Y001,2,원/일본엔(100엔),원,731Y001,JPY/KRW (KRW per JPY; raw ECOS value is KRW per 100 JPY),Saturday,weekend_observation
1992-02-22,5.955299999999999,595.53,KRW per 100 JPY,5.955299999999999,KRW per JPY,731Y001,2,원/일본엔(100엔),원,731Y001,JPY/KRW (KRW per JPY; raw ECOS value is KRW per 100 JPY),Saturday,weekend_observation
1992-02-29,5.932,593.2,KRW per 100 JPY,5.932,KRW per JPY,731Y001,2,원/일본엔(100엔),원,731Y001,JPY/KRW (KRW per JPY; raw ECOS value is KRW per 100 JPY),Saturday,weekend_observation
1992-03-07,5.8263,582.63,KRW per 100 JPY,5.8263,KRW per JPY,731Y001,2,원/일본엔(100엔),원,731Y001,JPY/KRW (KRW per JPY; raw ECOS value is KRW per 100 JPY),Saturday,weekend_observation
1992-03-14,5.7659,576.59,KRW per 100 JPY,5.7659,KRW per JPY,731Y001,2,원/일본엔(100엔),원,731Y001,JPY/KRW (KRW per JPY; raw ECOS value is KRW per 100 JPY),Saturday,weekend_observation
1992-03-21,5.7787,577.87,KRW per 100 JPY,5.7787,KRW per JPY,731Y001,2,원/일본엔(100엔),원,731Y001,JPY/KRW (KRW per JPY; raw ECOS value is KRW per 100 JPY),Saturday,weekend_observation
1992-03-28,5.821000000000001,582.1,KRW per 100 JPY,5.821000000000001,KRW per JPY,731Y001,2,원/일본엔(100엔),원,731Y001,JPY/KRW (KRW per JPY; raw ECOS value is KRW per 100 JPY),Saturday,weekend_observation
1992-04-04,5.8119000000000005,581.19,KRW per 100 JPY,5.8119000000000005,KRW per JPY,731Y001,2,원/일본엔(100엔),원,731Y001,JPY/KRW (KRW per JPY; raw ECOS value is KRW per 100 JPY),Saturday,weekend_observation
1992-04-11,5.8668,586.68,KRW per 100 JPY,5.8668,KRW per JPY,731Y001,2,원/일본엔(100엔),원,731Y001,JPY/KRW (KRW per JPY; raw ECOS value is KRW per 100 JPY),Saturday,weekend_observation
1992-04-18,5.8052,580.52,KRW per 100 JPY,5.8052,KRW per JPY,731Y001,2,원/일본엔(100엔),원,731Y001,JPY/KRW (KRW per JPY; raw ECOS value is KRW per 100 JPY),Saturday,weekend_observation
1992-04-25,5.7888,578.88,KRW per 100 JPY,5.7888,KRW per JPY,731Y001,2,원/일본엔(100엔),원,731Y001,JPY/KRW (KRW per JPY; raw ECOS value is KRW per 100 JPY),Saturday,weekend_observation
1992-05-02,5.8688,586.88,KRW per 100 JPY,5.8688,KRW per JPY,731Y001,2,원/일본엔(100엔),원,731Y001,JPY/KRW (KRW per JPY; raw ECOS value is KRW per 100 JPY),Saturday,weekend_observation
1992-05-09,5.8686,586.86,KRW per 100 JPY,5.8686,KRW per JPY,731Y001,2,원/일본엔(100엔),원,731Y001,JPY/KRW (KRW per JPY; raw ECOS value is KRW per 100 JPY),Saturday,weekend_observation
1992-05-16,6.0347,603.47,KRW per 100 JPY,6.0347,KRW per JPY,731Y001,2,원/일본엔(100엔),원,731Y001,JPY/KRW (KRW per JPY; raw ECOS value is KRW per 100 JPY),Saturday,weekend_observation
1992-05-23,6.072,607.2,KRW per 100 JPY,6.072,KRW per JPY,731Y001,2,원/일본엔(100엔),원,731Y001,JPY/KRW (KRW per JPY; raw ECOS value is KRW per 100 JPY),Saturday,weekend_observation
1992-05-30,6.1403,614.03,KRW per 100 JPY,6.1403,KRW per JPY,731Y001,2,원/일본엔(100엔),원,731Y001,JPY/KRW (KRW per JPY; raw ECOS value is KRW per 100 JPY),Saturday,weekend_observation
1992-06-13,6.2297,622.97,KRW per 100 JPY,6.2297,KRW per JPY,731Y001,2,원/일본엔(100엔),원,731Y001,JPY/KRW (KRW per JPY; raw ECOS value is KRW per 100 JPY),Saturday,weekend_observation
1992-06-20,6.23,623.0,KRW per 100 JPY,6.23,KRW per JPY,731Y001,2,원/일본엔(100엔),원,731Y001,JPY/KRW (KRW per JPY; raw ECOS value is KRW per 100 JPY),Saturday,weekend_observation
1992-06-27,6.2879,628.79,KRW per 100 JPY,6.2879,KRW per JPY,731Y001,2,원/일본엔(100엔),원,731Y001,JPY/KRW (KRW per JPY; raw ECOS value is KRW per 100 JPY),Saturday,weekend_observation
1992-07-04,6.2974,629.74,KRW per 100 JPY,6.2974,KRW per JPY,731Y001,2,원/일본엔(100엔),원,731Y001,JPY/KRW (KRW per JPY; raw ECOS value is KRW per 100 JPY),Saturday,weekend_observation
1992-07-11,6.2905,629.05,KRW per 100 JPY,6.2905,KRW per JPY,731Y001,2,원/일본엔(100엔),원,731Y001,JPY/KRW (KRW per JPY; raw ECOS value is KRW per 100 JPY),Saturday,weekend_observation
1992-07-18,6.3228,632.28,KRW per 100 JPY,6.3228,KRW per JPY,731Y001,2,원/일본엔(100엔),원,731Y001,JPY/KRW (KRW per JPY; raw ECOS value is KRW per 100 JPY),Saturday,weekend_observation
1992-07-25,6.1468,614.68,KRW per 100 JPY,6.1468,KRW per JPY,731Y001,2,원/일본엔(100엔),원,731Y001,JPY/KRW (KRW per JPY; raw ECOS value is KRW per 100 JPY),Saturday,weekend_observation
1992-08-01,6.1935,619.35,KRW per 100 JPY,6.1935,KRW per JPY,731Y001,2,원/일본엔(100엔),원,731Y001,JPY/KRW (KRW per JPY; raw ECOS value is KRW per 100 JPY),Saturday,weekend_observation
1992-08-08,6.186699999999999,618.67,KRW per 100 JPY,6.186699999999999,KRW per JPY,731Y001,2,원/일본엔(100엔),원,731Y001,JPY/KRW (KRW per JPY; raw ECOS value is KRW per 100 JPY),Saturday,weekend_observation
1992-08-22,6.285900000000001,628.59,KRW per 100 JPY,6.285900000000001,KRW per JPY,731Y001,2,원/일본엔(100엔),원,731Y001,JPY/KRW (KRW per JPY; raw ECOS value is KRW per 100 JPY),Saturday,weekend_observation
1992-08-29,6.4007000000000005,640.07,KRW per 100 JPY,6.4007000000000005,KRW per JPY,731Y001,2,원/일본엔(100엔),원,731Y001,JPY/KRW (KRW per JPY; raw ECOS value is KRW per 100 JPY),Saturday,weekend_observation
1992-09-05,6.3764,637.64,KRW per 100 JPY,6.3764,KRW per JPY,731Y001,2,원/일본엔(100엔),원,731Y001,JPY/KRW (KRW per JPY; raw ECOS value is KRW per 100 JPY),Saturday,weekend_observation
1992-09-19,6.3015,630.15,KRW per 100 JPY,6.3015,KRW per JPY,731Y001,2,원/일본엔(100엔),원,731Y001,JPY/KRW (KRW per JPY; raw ECOS value is KRW per 100 JPY),Saturday,weekend_observation
1992-09-26,6.5035,650.35,KRW per 100 JPY,6.5035,KRW per JPY,731Y001,2,원/일본엔(100엔),원,731Y001,JPY/KRW (KRW per JPY; raw ECOS value is KRW per 100 JPY),Saturday,weekend_observation
1992-10-10,6.4399,643.99,KRW per 100 JPY,6.4399,KRW per JPY,731Y001,2,원/일본엔(100엔),원,731Y001,JPY/KRW (KRW per JPY; raw ECOS value is KRW per 100 JPY),Saturday,weekend_observation
1992-10-17,6.5523,655.23,KRW per 100 JPY,6.5523,KRW per JPY,731Y001,2,원/일본엔(100엔),원,731Y001,JPY/KRW (KRW per JPY; raw ECOS value is KRW per 100 JPY),Saturday,weekend_observation
1992-10-24,6.434,643.4,KRW per 100 JPY,6.434,KRW per JPY,731Y001,2,원/일본엔(100엔),원,731Y001,JPY/KRW (KRW per JPY; raw ECOS value is KRW per 100 JPY),Saturday,weekend_observation
1992-10-31,6.3404,634.04,KRW per 100 JPY,6.3404,KRW per JPY,731Y001,2,원/일본엔(100엔),원,731Y001,JPY/KRW (KRW per JPY; raw ECOS value is KRW per 100 JPY),Saturday,weekend_observation
1992-11-07,6.340700000000001,634.07,KRW per 100 JPY,6.340700000000001,KRW per JPY,731Y001,2,원/일본엔(100엔),원,731Y001,JPY/KRW (KRW per JPY; raw ECOS value is KRW per 100 JPY),Saturday,weekend_observation
1992-11-14,6.3071,630.71,KRW per 100 JPY,6.3071,KRW per JPY,731Y001,2,원/일본엔(100엔),원,731Y001,JPY/KRW (KRW per JPY; raw ECOS value is KRW per 100 JPY),Saturday,weekend_observation
1992-11-21,6.3313999999999995,633.14,KRW per 100 JPY,6.3313999999999995,KRW per JPY,731Y001,2,원/일본엔(100엔),원,731Y001,JPY/KRW (KRW per JPY; raw ECOS value is KRW per 100 JPY),Saturday,weekend_observation
1992-11-28,6.3111,631.11,KRW per 100 JPY,6.3111,KRW per JPY,731Y001,2,원/일본엔(100엔),원,731Y001,JPY/KRW (KRW per JPY; raw ECOS value is KRW per 100 JPY),Saturday,weekend_observation
1992-12-05,6.2928999999999995,629.29,KRW per 100 JPY,6.2928999999999995,KRW per JPY,731Y001,2,원/일본엔(100엔),원,731Y001,JPY/KRW (KRW per JPY; raw ECOS value is KRW per 100 JPY),Saturday,weekend_observation
1992-12-12,6.3793,637.93,KRW per 100 JPY,6.3793,KRW per JPY,731Y001,2,원/일본엔(100엔),원,731Y001,JPY/KRW (KRW per JPY; raw ECOS value is KRW per 100 JPY),Saturday,weekend_observation
1992-12-19,6.4088,640.88,KRW per 100 JPY,6.4088,KRW per JPY,731Y001,2,원/일본엔(100엔),원,731Y001,JPY/KRW (KRW per JPY; raw ECOS value is KRW per 100 JPY),Saturday,weekend_observation
1992-12-26,6.3673,636.73,KRW per 100 JPY,6.3673,KRW per JPY,731Y001,2,원/일본엔(100엔),원,731Y001,JPY/KRW (KRW per JPY; raw ECOS value is KRW per 100 JPY),Saturday,weekend_observation
1993-01-09,6.320499999999999,632.05,KRW per 100 JPY,6.320499999999999,KRW per JPY,731Y001,2,원/일본엔(100엔),원,731Y001,JPY/KRW (KRW per JPY; raw ECOS value is KRW per 100 JPY),Saturday,weekend_observation
1993-01-16,6.2888,628.88,KRW per 100 JPY,6.2888,KRW per JPY,731Y001,2,원/일본엔(100엔),원,731Y001,JPY/KRW (KRW per JPY; raw ECOS value is KRW per 100 JPY),Saturday,weekend_observation
1993-01-30,6.369800000000001,636.98,KRW per 100 JPY,6.369800000000001,KRW per JPY,731Y001,2,원/일본엔(100엔),원,731Y001,JPY/KRW (KRW per JPY; raw ECOS value is KRW per 100 JPY),Saturday,weekend_observation
1993-02-06,6.41,641.0,KRW per 100 JPY,6.41,KRW per JPY,731Y001,2,원/일본엔(100엔),원,731Y001,JPY/KRW (KRW per JPY; raw ECOS value is KRW per 100 JPY),Saturday,weekend_observation
1993-02-13,6.603899999999999,660.39,KRW per 100 JPY,6.603899999999999,KRW per JPY,731Y001,2,원/일본엔(100엔),원,731Y001,JPY/KRW (KRW per JPY; raw ECOS value is KRW per 100 JPY),Saturday,weekend_observation
1993-02-20,6.735399999999999,673.54,KRW per 100 JPY,6.735399999999999,KRW per JPY,731Y001,2,원/일본엔(100엔),원,731Y001,JPY/KRW (KRW per JPY; raw ECOS value is KRW per 100 JPY),Saturday,weekend_observation
1993-02-27,6.725,672.5,KRW per 100 JPY,6.725,KRW per JPY,731Y001,2,원/일본엔(100엔),원,731Y001,JPY/KRW (KRW per JPY; raw ECOS value is KRW per 100 JPY),Saturday,weekend_observation
1993-03-06,6.741499999999999,674.15,KRW per 100 JPY,6.741499999999999,KRW per JPY,731Y001,2,원/일본엔(100엔),원,731Y001,JPY/KRW (KRW per JPY; raw ECOS value is KRW per 100 JPY),Saturday,weekend_observation
1993-03-13,6.7226,672.26,KRW per 100 JPY,6.7226,KRW per JPY,731Y001,2,원/일본엔(100엔),원,731Y001,JPY/KRW (KRW per JPY; raw ECOS value is KRW per 100 JPY),Saturday,weekend_observation
1993-03-20,6.8353,683.53,KRW per 100 JPY,6.8353,KRW per JPY,731Y001,2,원/일본엔(100엔),원,731Y001,JPY/KRW (KRW per JPY; raw ECOS value is KRW per 100 JPY),Saturday,weekend_observation
1993-03-27,6.806799999999999,680.68,KRW per 100 JPY,6.806799999999999,KRW per JPY,731Y001,2,원/일본엔(100엔),원,731Y001,JPY/KRW (KRW per JPY; raw ECOS value is KRW per 100 JPY),Saturday,weekend_observation
1993-04-03,6.994299999999999,699.43,KRW per 100 JPY,6.994299999999999,KRW per JPY,731Y001,2,원/일본엔(100엔),원,731Y001,JPY/KRW (KRW per JPY; raw ECOS value is KRW per 100 JPY),Saturday,weekend_observation
1993-04-10,7.0084,700.84,KRW per 100 JPY,7.0084,KRW per JPY,731Y001,2,원/일본엔(100엔),원,731Y001,JPY/KRW (KRW per JPY; raw ECOS value is KRW per 100 JPY),Saturday,weekend_observation
1993-04-17,7.091799999999999,709.18,KRW per 100 JPY,7.091799999999999,KRW per JPY,731Y001,2,원/일본엔(100엔),원,731Y001,JPY/KRW (KRW per JPY; raw ECOS value is KRW per 100 JPY),Saturday,weekend_observation
1993-04-24,7.1887,718.87,KRW per 100 JPY,7.1887,KRW per JPY,731Y001,2,원/일본엔(100엔),원,731Y001,JPY/KRW (KRW per JPY; raw ECOS value is KRW per 100 JPY),Saturday,weekend_observation
1993-05-01,7.1615,716.15,KRW per 100 JPY,7.1615,KRW per JPY,731Y001,2,원/일본엔(100엔),원,731Y001,JPY/KRW (KRW per JPY; raw ECOS value is KRW per 100 JPY),Saturday,weekend_observation
1993-05-08,7.2326,723.26,KRW per 100 JPY,7.2326,KRW per JPY,731Y001,2,원/일본엔(100엔),원,731Y001,JPY/KRW (KRW per JPY; raw ECOS value is KRW per 100 JPY),Saturday,weekend_observation
1993-05-15,7.2356,723.56,KRW per 100 JPY,7.2356,KRW per JPY,731Y001,2,원/일본엔(100엔),원,731Y001,JPY/KRW (KRW per JPY; raw ECOS value is KRW per 100 JPY),Saturday,weekend_observation
1993-05-22,7.269299999999999,726.93,KRW per 100 JPY,7.269299999999999,KRW per JPY,731Y001,2,원/일본엔(100엔),원,731Y001,JPY/KRW (KRW per JPY; raw ECOS value is KRW per 100 JPY),Saturday,weekend_observation
1993-05-29,7.490399999999999,749.04,KRW per 100 JPY,7.490399999999999,KRW per JPY,731Y001,2,원/일본엔(100엔),원,731Y001,JPY/KRW (KRW per JPY; raw ECOS value is KRW per 100 JPY),Saturday,weekend_observation
1993-06-05,7.4616,746.16,KRW per 100 JPY,7.4616,KRW per JPY,731Y001,2,원/일본엔(100엔),원,731Y001,JPY/KRW (KRW per JPY; raw ECOS value is KRW per 100 JPY),Saturday,weekend_observation
1993-06-12,7.5443,754.43,KRW per 100 JPY,7.5443,KRW per JPY,731Y001,2,원/일본엔(100엔),원,731Y001,JPY/KRW (KRW per JPY; raw ECOS value is KRW per 100 JPY),Saturday,weekend_observation
1993-06-19,7.3093,730.93,KRW per 100 JPY,7.3093,KRW per JPY,731Y001,2,원/일본엔(100엔),원,731Y001,JPY/KRW (KRW per JPY; raw ECOS value is KRW per 100 JPY),Saturday,weekend_observation
1993-06-26,7.5542,755.42,KRW per 100 JPY,7.5542,KRW per JPY,731Y001,2,원/일본엔(100엔),원,731Y001,JPY/KRW (KRW per JPY; raw ECOS value is KRW per 100 JPY),Saturday,weekend_observation
1993-07-03,7.4046,740.46,KRW per 100 JPY,7.4046,KRW per JPY,731Y001,2,원/일본엔(100엔),원,731Y001,JPY/KRW (KRW per JPY; raw ECOS value is KRW per 100 JPY),Saturday,weekend_observation
1993-07-10,7.3274,732.74,KRW per 100 JPY,7.3274,KRW per JPY,731Y001,2,원/일본엔(100엔),원,731Y001,JPY/KRW (KRW per JPY; raw ECOS value is KRW per 100 JPY),Saturday,weekend_observation
1993-07-24,7.565,756.5,KRW per 100 JPY,7.565,KRW per JPY,731Y001,2,원/일본엔(100엔),원,731Y001,JPY/KRW (KRW per JPY; raw ECOS value is KRW per 100 JPY),Saturday,weekend_observation
1993-07-31,7.7002,770.02,KRW per 100 JPY,7.7002,KRW per JPY,731Y001,2,원/일본엔(100엔),원,731Y001,JPY/KRW (KRW per JPY; raw ECOS value is KRW per 100 JPY),Saturday,weekend_observation
1993-08-07,7.7395,773.95,KRW per 100 JPY,7.7395,KRW per JPY,731Y001,2,원/일본엔(100엔),원,731Y001,JPY/KRW (KRW per JPY; raw ECOS value is KRW per 100 JPY),Saturday,weekend_observation
1993-08-14,7.9411,794.11,KRW per 100 JPY,7.9411,KRW per JPY,731Y001,2,원/일본엔(100엔),원,731Y001,JPY/KRW (KRW per JPY; raw ECOS value is KRW per 100 JPY),Saturday,weekend_observation
1993-08-21,7.782100000000001,778.21,KRW per 100 JPY,7.782100000000001,KRW per JPY,731Y001,2,원/일본엔(100엔),원,731Y001,JPY/KRW (KRW per JPY; raw ECOS value is KRW per 100 JPY),Saturday,weekend_observation
1993-08-28,7.789,778.9,KRW per 100 JPY,7.789,KRW per JPY,731Y001,2,원/일본엔(100엔),원,731Y001,JPY/KRW (KRW per JPY; raw ECOS value is KRW per 100 JPY),Saturday,weekend_observation
1993-09-04,7.7282,772.82,KRW per 100 JPY,7.7282,KRW per JPY,731Y001,2,원/일본엔(100엔),원,731Y001,JPY/KRW (KRW per JPY; raw ECOS value is KRW per 100 JPY),Saturday,weekend_observation
1993-09-11,7.615399999999999,761.54,KRW per 100 JPY,7.615399999999999,KRW per JPY,731Y001,2,원/일본엔(100엔),원,731Y001,JPY/KRW (KRW per JPY; raw ECOS value is KRW per 100 JPY),Saturday,weekend_observation
1993-09-18,7.754,775.4,KRW per 100 JPY,7.754,KRW per JPY,731Y001,2,원/일본엔(100엔),원,731Y001,JPY/KRW (KRW per JPY; raw ECOS value is KRW per 100 JPY),Saturday,weekend_observation
1993-09-25,7.6347,763.47,KRW per 100 JPY,7.6347,KRW per JPY,731Y001,2,원/일본엔(100엔),원,731Y001,JPY/KRW (KRW per JPY; raw ECOS value is KRW per 100 JPY),Saturday,weekend_observation
1993-10-02,7.632999999999999,763.3,KRW per 100 JPY,7.632999999999999,KRW per JPY,731Y001,2,원/일본엔(100엔),원,731Y001,JPY/KRW (KRW per JPY; raw ECOS value is KRW per 100 JPY),Saturday,weekend_observation
1993-10-09,7.6492,764.92,KRW per 100 JPY,7.6492,KRW per JPY,731Y001,2,원/일본엔(100엔),원,731Y001,JPY/KRW (KRW per JPY; raw ECOS value is KRW per 100 JPY),Saturday,weekend_observation
1993-10-16,7.5623,756.23,KRW per 100 JPY,7.5623,KRW per JPY,731Y001,2,원/일본엔(100엔),원,731Y001,JPY/KRW (KRW per JPY; raw ECOS value is KRW per 100 JPY),Saturday,weekend_observation
1993-10-23,7.4865,748.65,KRW per 100 JPY,7.4865,KRW per JPY,731Y001,2,원/일본엔(100엔),원,731Y001,JPY/KRW (KRW per JPY; raw ECOS value is KRW per 100 JPY),Saturday,weekend_observation
1993-10-30,7.4488,744.88,KRW per 100 JPY,7.4488,KRW per JPY,731Y001,2,원/일본엔(100엔),원,731Y001,JPY/KRW (KRW per JPY; raw ECOS value is KRW per 100 JPY),Saturday,weekend_observation
1993-11-06,7.456799999999999,745.68,KRW per 100 JPY,7.456799999999999,KRW per JPY,731Y001,2,원/일본엔(100엔),원,731Y001,JPY/KRW (KRW per JPY; raw ECOS value is KRW per 100 JPY),Saturday,weekend_observation
1993-11-13,7.6255,762.55,KRW per 100 JPY,7.6255,KRW per JPY,731Y001,2,원/일본엔(100엔),원,731Y001,JPY/KRW (KRW per JPY; raw ECOS value is KRW per 100 JPY),Saturday,weekend_observation
1993-11-20,7.431699999999999,743.17,KRW per 100 JPY,7.431699999999999,KRW per JPY,731Y001,2,원/일본엔(100엔),원,731Y001,JPY/KRW (KRW per JPY; raw ECOS value is KRW per 100 JPY),Saturday,weekend_observation
1993-11-27,7.4212,742.12,KRW per 100 JPY,7.4212,KRW per JPY,731Y001,2,원/일본엔(100엔),원,731Y001,JPY/KRW (KRW per JPY; raw ECOS value is KRW per 100 JPY),Saturday,weekend_observation
1993-12-04,7.4556,745.56,KRW per 100 JPY,7.4556,KRW per JPY,731Y001,2,원/일본엔(100엔),원,731Y001,JPY/KRW (KRW per JPY; raw ECOS value is KRW per 100 JPY),Saturday,weekend_observation
1993-12-11,7.4096,740.96,KRW per 100 JPY,7.4096,KRW per JPY,731Y001,2,원/일본엔(100엔),원,731Y001,JPY/KRW (KRW per JPY; raw ECOS value is KRW per 100 JPY),Saturday,weekend_observation
1993-12-18,7.3542,735.42,KRW per 100 JPY,7.3542,KRW per JPY,731Y001,2,원/일본엔(100엔),원,731Y001,JPY/KRW (KRW per JPY; raw ECOS value is KRW per 100 JPY),Saturday,weekend_observation
1994-01-08,7.272200000000001,727.22,KRW per 100 JPY,7.272200000000001,KRW per JPY,731Y001,2,원/일본엔(100엔),원,731Y001,JPY/KRW (KRW per JPY; raw ECOS value is KRW per 100 JPY),Saturday,weekend_observation
1994-01-15,7.3141,731.41,KRW per 100 JPY,7.3141,KRW per JPY,731Y001,2,원/일본엔(100엔),원,731Y001,JPY/KRW (KRW per JPY; raw ECOS value is KRW per 100 JPY),Saturday,weekend_observation
1994-01-22,7.2599,725.99,KRW per 100 JPY,7.2599,KRW per JPY,731Y001,2,원/일본엔(100엔),원,731Y001,JPY/KRW (KRW per JPY; raw ECOS value is KRW per 100 JPY),Saturday,weekend_observation
1994-01-29,7.3597,735.97,KRW per 100 JPY,7.3597,KRW per JPY,731Y001,2,원/일본엔(100엔),원,731Y001,JPY/KRW (KRW per JPY; raw ECOS value is KRW per 100 JPY),Saturday,weekend_observation
1994-02-05,7.3922,739.22,KRW per 100 JPY,7.3922,KRW per JPY,731Y001,2,원/일본엔(100엔),원,731Y001,JPY/KRW (KRW per JPY; raw ECOS value is KRW per 100 JPY),Saturday,weekend_observation
1994-02-12,7.5724,757.24,KRW per 100 JPY,7.5724,KRW per JPY,731Y001,2,원/일본엔(100엔),원,731Y001,JPY/KRW (KRW per JPY; raw ECOS value is KRW per 100 JPY),Saturday,weekend_observation
1994-02-19,7.7429,774.29,KRW per 100 JPY,7.7429,KRW per JPY,731Y001,2,원/일본엔(100엔),원,731Y001,JPY/KRW (KRW per JPY; raw ECOS value is KRW per 100 JPY),Saturday,weekend_observation
1994-02-26,7.7099,770.99,KRW per 100 JPY,7.7099,KRW per JPY,731Y001,2,원/일본엔(100엔),원,731Y001,JPY/KRW (KRW per JPY; raw ECOS value is KRW per 100 JPY),Saturday,weekend_observation
1994-03-05,7.642,764.2,KRW per 100 JPY,7.642,KRW per JPY,731Y001,2,원/일본엔(100엔),원,731Y001,JPY/KRW (KRW per JPY; raw ECOS value is KRW per 100 JPY),Saturday,weekend_observation
1994-03-12,7.68,768.0,KRW per 100 JPY,7.68,KRW per JPY,731Y001,2,원/일본엔(100엔),원,731Y001,JPY/KRW (KRW per JPY; raw ECOS value is KRW per 100 JPY),Saturday,weekend_observation
1994-03-19,7.6027,760.27,KRW per 100 JPY,7.6027,KRW per JPY,731Y001,2,원/일본엔(100엔),원,731Y001,JPY/KRW (KRW per JPY; raw ECOS value is KRW per 100 JPY),Saturday,weekend_observation
1994-03-26,7.715800000000001,771.58,KRW per 100 JPY,7.715800000000001,KRW per JPY,731Y001,2,원/일본엔(100엔),원,731Y001,JPY/KRW (KRW per JPY; raw ECOS value is KRW per 100 JPY),Saturday,weekend_observation
1994-04-02,7.7926,779.26,KRW per 100 JPY,7.7926,KRW per JPY,731Y001,2,원/일본엔(100엔),원,731Y001,JPY/KRW (KRW per JPY; raw ECOS value is KRW per 100 JPY),Saturday,weekend_observation
1994-04-09,7.706,770.6,KRW per 100 JPY,7.706,KRW per JPY,731Y001,2,원/일본엔(100엔),원,731Y001,JPY/KRW (KRW per JPY; raw ECOS value is KRW per 100 JPY),Saturday,weekend_observation
1994-04-16,7.8225,782.25,KRW per 100 JPY,7.8225,KRW per JPY,731Y001,2,원/일본엔(100엔),원,731Y001,JPY/KRW (KRW per JPY; raw ECOS value is KRW per 100 JPY),Saturday,weekend_observation
1994-04-23,7.8187,781.87,KRW per 100 JPY,7.8187,KRW per JPY,731Y001,2,원/일본엔(100엔),원,731Y001,JPY/KRW (KRW per JPY; raw ECOS value is KRW per 100 JPY),Saturday,weekend_observation
1994-04-30,7.9478,794.78,KRW per 100 JPY,7.9478,KRW per JPY,731Y001,2,원/일본엔(100엔),원,731Y001,JPY/KRW (KRW per JPY; raw ECOS value is KRW per 100 JPY),Saturday,weekend_observation
1994-05-07,7.87,787.0,KRW per 100 JPY,7.87,KRW per JPY,731Y001,2,원/일본엔(100엔),원,731Y001,JPY/KRW (KRW per JPY; raw ECOS value is KRW per 100 JPY),Saturday,weekend_observation
1994-05-14,7.6736,767.36,KRW per 100 JPY,7.6736,KRW per JPY,731Y001,2,원/일본엔(100엔),원,731Y001,JPY/KRW (KRW per JPY; raw ECOS value is KRW per 100 JPY),Saturday,weekend_observation
1994-05-21,7.7436,774.36,KRW per 100 JPY,7.7436,KRW per JPY,731Y001,2,원/일본엔(100엔),원,731Y001,JPY/KRW (KRW per JPY; raw ECOS value is KRW per 100 JPY),Saturday,weekend_observation
1994-05-28,7.7353,773.53,KRW per 100 JPY,7.7353,KRW per JPY,731Y001,2,원/일본엔(100엔),원,731Y001,JPY/KRW (KRW per JPY; raw ECOS value is KRW per 100 JPY),Saturday,weekend_observation
1994-06-04,7.651,765.1,KRW per 100 JPY,7.651,KRW per JPY,731Y001,2,원/일본엔(100엔),원,731Y001,JPY/KRW (KRW per JPY; raw ECOS value is KRW per 100 JPY),Saturday,weekend_observation
1994-06-11,7.7885,778.85,KRW per 100 JPY,7.7885,KRW per JPY,731Y001,2,원/일본엔(100엔),원,731Y001,JPY/KRW (KRW per JPY; raw ECOS value is KRW per 100 JPY),Saturday,weekend_observation
1994-06-18,7.857,785.7,KRW per 100 JPY,7.857,KRW per JPY,731Y001,2,원/일본엔(100엔),원,731Y001,JPY/KRW (KRW per JPY; raw ECOS value is KRW per 100 JPY),Saturday,weekend_observation
1994-06-25,8.0219,802.19,KRW per 100 JPY,8.0219,KRW per JPY,731Y001,2,원/일본엔(100엔),원,731Y001,JPY/KRW (KRW per JPY; raw ECOS value is KRW per 100 JPY),Saturday,weekend_observation
1994-07-02,8.161200000000001,816.12,KRW per 100 JPY,8.161200000000001,KRW per JPY,731Y001,2,원/일본엔(100엔),원,731Y001,JPY/KRW (KRW per JPY; raw ECOS value is KRW per 100 JPY),Saturday,weekend_observation
1994-07-09,8.2158,821.58,KRW per 100 JPY,8.2158,KRW per JPY,731Y001,2,원/일본엔(100엔),원,731Y001,JPY/KRW (KRW per JPY; raw ECOS value is KRW per 100 JPY),Saturday,weekend_observation
1994-07-16,8.2503,825.03,KRW per 100 JPY,8.2503,KRW per JPY,731Y001,2,원/일본엔(100엔),원,731Y001,JPY/KRW (KRW per JPY; raw ECOS value is KRW per 100 JPY),Saturday,weekend_observation
1994-07-23,8.1243,812.43,KRW per 100 JPY,8.1243,KRW per JPY,731Y001,2,원/일본엔(100엔),원,731Y001,JPY/KRW (KRW per JPY; raw ECOS value is KRW per 100 JPY),Saturday,weekend_observation
1994-07-30,8.03,803.0,KRW per 100 JPY,8.03,KRW per JPY,731Y001,2,원/일본엔(100엔),원,731Y001,JPY/KRW (KRW per JPY; raw ECOS value is KRW per 100 JPY),Saturday,weekend_observation
1994-08-06,8.011000000000001,801.1,KRW per 100 JPY,8.011000000000001,KRW per JPY,731Y001,2,원/일본엔(100엔),원,731Y001,JPY/KRW (KRW per JPY; raw ECOS value is KRW per 100 JPY),Saturday,weekend_observation
1994-08-13,8.0443,804.43,KRW per 100 JPY,8.0443,KRW per JPY,731Y001,2,원/일본엔(100엔),원,731Y001,JPY/KRW (KRW per JPY; raw ECOS value is KRW per 100 JPY),Saturday,weekend_observation
1994-08-20,8.151,815.1,KRW per 100 JPY,8.151,KRW per JPY,731Y001,2,원/일본엔(100엔),원,731Y001,JPY/KRW (KRW per JPY; raw ECOS value is KRW per 100 JPY),Saturday,weekend_observation
1994-08-27,7.9851,798.51,KRW per 100 JPY,7.9851,KRW per JPY,731Y001,2,원/일본엔(100엔),원,731Y001,JPY/KRW (KRW per JPY; raw ECOS value is KRW per 100 JPY),Saturday,weekend_observation
1994-09-03,8.0787,807.87,KRW per 100 JPY,8.0787,KRW per JPY,731Y001,2,원/일본엔(100엔),원,731Y001,JPY/KRW (KRW per JPY; raw ECOS value is KRW per 100 JPY),Saturday,weekend_observation
1994-09-10,8.0746,807.46,KRW per 100 JPY,8.0746,KRW per JPY,731Y001,2,원/일본엔(100엔),원,731Y001,JPY/KRW (KRW per JPY; raw ECOS value is KRW per 100 JPY),Saturday,weekend_observation
1994-09-17,8.081900000000001,808.19,KRW per 100 JPY,8.081900000000001,KRW per JPY,731Y001,2,원/일본엔(100엔),원,731Y001,JPY/KRW (KRW per JPY; raw ECOS value is KRW per 100 JPY),Saturday,weekend_observation
1994-09-24,8.2034,820.34,KRW per 100 JPY,8.2034,KRW per JPY,731Y001,2,원/일본엔(100엔),원,731Y001,JPY/KRW (KRW per JPY; raw ECOS value is KRW per 100 JPY),Saturday,weekend_observation
1994-10-01,8.05,805.0,KRW per 100 JPY,8.05,KRW per JPY,731Y001,2,원/일본엔(100엔),원,731Y001,JPY/KRW (KRW per JPY; raw ECOS value is KRW per 100 JPY),Saturday,weekend_observation
1994-10-08,7.942,794.2,KRW per 100 JPY,7.942,KRW per JPY,731Y001,2,원/일본엔(100엔),원,731Y001,JPY/KRW (KRW per JPY; raw ECOS value is KRW per 100 JPY),Saturday,weekend_observation
1994-10-15,8.1469,814.69,KRW per 100 JPY,8.1469,KRW per JPY,731Y001,2,원/일본엔(100엔),원,731Y001,JPY/KRW (KRW per JPY; raw ECOS value is KRW per 100 JPY),Saturday,weekend_observation
1994-10-22,8.211,821.1,KRW per 100 JPY,8.211,KRW per JPY,731Y001,2,원/일본엔(100엔),원,731Y001,JPY/KRW (KRW per JPY; raw ECOS value is KRW per 100 JPY),Saturday,weekend_observation
1994-10-29,8.191799999999999,819.18,KRW per 100 JPY,8.191799999999999,KRW per JPY,731Y001,2,원/일본엔(100엔),원,731Y001,JPY/KRW (KRW per JPY; raw ECOS value is KRW per 100 JPY),Saturday,weekend_observation
1994-11-05,8.1806,818.06,KRW per 100 JPY,8.1806,KRW per JPY,731Y001,2,원/일본엔(100엔),원,731Y001,JPY/KRW (KRW per JPY; raw ECOS value is KRW per 100 JPY),Saturday,weekend_observation
1994-11-12,8.167,816.7,KRW per 100 JPY,8.167,KRW per JPY,731Y001,2,원/일본엔(100엔),원,731Y001,JPY/KRW (KRW per JPY; raw ECOS value is KRW per 100 JPY),Saturday,weekend_observation
1994-11-19,8.075099999999999,807.51,KRW per 100 JPY,8.075099999999999,KRW per JPY,731Y001,2,원/일본엔(100엔),원,731Y001,JPY/KRW (KRW per JPY; raw ECOS value is KRW per 100 JPY),Saturday,weekend_observation
1994-11-26,8.0476,804.76,KRW per 100 JPY,8.0476,KRW per JPY,731Y001,2,원/일본엔(100엔),원,731Y001,JPY/KRW (KRW per JPY; raw ECOS value is KRW per 100 JPY),Saturday,weekend_observation
1994-12-03,7.8744,787.44,KRW per 100 JPY,7.8744,KRW per JPY,731Y001,2,원/일본엔(100엔),원,731Y001,JPY/KRW (KRW per JPY; raw ECOS value is KRW per 100 JPY),Saturday,weekend_observation
1994-12-10,7.9101,791.01,KRW per 100 JPY,7.9101,KRW per JPY,731Y001,2,원/일본엔(100엔),원,731Y001,JPY/KRW (KRW per JPY; raw ECOS value is KRW per 100 JPY),Saturday,weekend_observation
1994-12-17,7.9172,791.72,KRW per 100 JPY,7.9172,KRW per JPY,731Y001,2,원/일본엔(100엔),원,731Y001,JPY/KRW (KRW per JPY; raw ECOS value is KRW per 100 JPY),Saturday,weekend_observation
1994-12-24,7.9015,790.15,KRW per 100 JPY,7.9015,KRW per JPY,731Y001,2,원/일본엔(100엔),원,731Y001,JPY/KRW (KRW per JPY; raw ECOS value is KRW per 100 JPY),Saturday,weekend_observation
1994-12-31,7.9068,790.68,KRW per 100 JPY,7.9068,KRW per JPY,731Y001,2,원/일본엔(100엔),원,731Y001,JPY/KRW (KRW per JPY; raw ECOS value is KRW per 100 JPY),Saturday,weekend_observation
1995-01-07,7.795800000000001,779.58,KRW per 100 JPY,7.795800000000001,KRW per JPY,731Y001,2,원/일본엔(100엔),원,731Y001,JPY/KRW (KRW per JPY; raw ECOS value is KRW per 100 JPY),Saturday,weekend_observation
1995-01-14,8.0446,804.46,KRW per 100 JPY,8.0446,KRW per JPY,731Y001,2,원/일본엔(100엔),원,731Y001,JPY/KRW (KRW per JPY; raw ECOS value is KRW per 100 JPY),Saturday,weekend_observation
1995-01-21,7.9712,797.12,KRW per 100 JPY,7.9712,KRW per JPY,731Y001,2,원/일본엔(100엔),원,731Y001,JPY/KRW (KRW per JPY; raw ECOS value is KRW per 100 JPY),Saturday,weekend_observation
1995-01-28,7.9165,791.65,KRW per 100 JPY,7.9165,KRW per JPY,731Y001,2,원/일본엔(100엔),원,731Y001,JPY/KRW (KRW per JPY; raw ECOS value is KRW per 100 JPY),Saturday,weekend_observation
1995-02-04,7.927899999999999,792.79,KRW per 100 JPY,7.927899999999999,KRW per JPY,731Y001,2,원/일본엔(100엔),원,731Y001,JPY/KRW (KRW per JPY; raw ECOS value is KRW per 100 JPY),Saturday,weekend_observation
1995-02-11,8.0233,802.33,KRW per 100 JPY,8.0233,KRW per JPY,731Y001,2,원/일본엔(100엔),원,731Y001,JPY/KRW (KRW per JPY; raw ECOS value is KRW per 100 JPY),Saturday,weekend_observation
1995-02-18,8.1686,816.86,KRW per 100 JPY,8.1686,KRW per JPY,731Y001,2,원/일본엔(100엔),원,731Y001,JPY/KRW (KRW per JPY; raw ECOS value is KRW per 100 JPY),Saturday,weekend_observation
1995-02-25,8.1186,811.86,KRW per 100 JPY,8.1186,KRW per JPY,731Y001,2,원/일본엔(100엔),원,731Y001,JPY/KRW (KRW per JPY; raw ECOS value is KRW per 100 JPY),Saturday,weekend_observation
1995-03-04,8.4007,840.07,KRW per 100 JPY,8.4007,KRW per JPY,731Y001,2,원/일본엔(100엔),원,731Y001,JPY/KRW (KRW per JPY; raw ECOS value is KRW per 100 JPY),Saturday,weekend_observation
1995-03-11,8.6172,861.72,KRW per 100 JPY,8.6172,KRW per JPY,731Y001,2,원/일본엔(100엔),원,731Y001,JPY/KRW (KRW per JPY; raw ECOS value is KRW per 100 JPY),Saturday,weekend_observation
1995-03-18,8.7059,870.59,KRW per 100 JPY,8.7059,KRW per JPY,731Y001,2,원/일본엔(100엔),원,731Y001,JPY/KRW (KRW per JPY; raw ECOS value is KRW per 100 JPY),Saturday,weekend_observation
1995-03-25,8.666699999999999,866.67,KRW per 100 JPY,8.666699999999999,KRW per JPY,731Y001,2,원/일본엔(100엔),원,731Y001,JPY/KRW (KRW per JPY; raw ECOS value is KRW per 100 JPY),Saturday,weekend_observation
1995-04-01,8.9076,890.76,KRW per 100 JPY,8.9076,KRW per JPY,731Y001,2,원/일본엔(100엔),원,731Y001,JPY/KRW (KRW per JPY; raw ECOS value is KRW per 100 JPY),Saturday,weekend_observation
1995-04-08,9.1955,919.55,KRW per 100 JPY,9.1955,KRW per JPY,731Y001,2,원/일본엔(100엔),원,731Y001,JPY/KRW (KRW per JPY; raw ECOS value is KRW per 100 JPY),Saturday,weekend_observation
1995-04-15,9.2461,924.61,KRW per 100 JPY,9.2461,KRW per JPY,731Y001,2,원/일본엔(100엔),원,731Y001,JPY/KRW (KRW per JPY; raw ECOS value is KRW per 100 JPY),Saturday,weekend_observation
1995-04-22,9.243,924.3,KRW per 100 JPY,9.243,KRW per JPY,731Y001,2,원/일본엔(100엔),원,731Y001,JPY/KRW (KRW per JPY; raw ECOS value is KRW per 100 JPY),Saturday,weekend_observation
1995-04-29,9.0421,904.21,KRW per 100 JPY,9.0421,KRW per JPY,731Y001,2,원/일본엔(100엔),원,731Y001,JPY/KRW (KRW per JPY; raw ECOS value is KRW per 100 JPY),Saturday,weekend_observation
1995-05-06,9.0833,908.33,KRW per 100 JPY,9.0833,KRW per JPY,731Y001,2,원/일본엔(100엔),원,731Y001,JPY/KRW (KRW per JPY; raw ECOS value is KRW per 100 JPY),Saturday,weekend_observation
1995-05-13,8.7988,879.88,KRW per 100 JPY,8.7988,KRW per JPY,731Y001,2,원/일본엔(100엔),원,731Y001,JPY/KRW (KRW per JPY; raw ECOS value is KRW per 100 JPY),Saturday,weekend_observation
1995-05-20,8.7638,876.38,KRW per 100 JPY,8.7638,KRW per JPY,731Y001,2,원/일본엔(100엔),원,731Y001,JPY/KRW (KRW per JPY; raw ECOS value is KRW per 100 JPY),Saturday,weekend_observation
1995-05-27,9.1827,918.27,KRW per 100 JPY,9.1827,KRW per JPY,731Y001,2,원/일본엔(100엔),원,731Y001,JPY/KRW (KRW per JPY; raw ECOS value is KRW per 100 JPY),Saturday,weekend_observation
1995-06-03,9.0196,901.96,KRW per 100 JPY,9.0196,KRW per JPY,731Y001,2,원/일본엔(100엔),원,731Y001,JPY/KRW (KRW per JPY; raw ECOS value is KRW per 100 JPY),Saturday,weekend_observation
1995-06-10,9.0611,906.11,KRW per 100 JPY,9.0611,KRW per JPY,731Y001,2,원/일본엔(100엔),원,731Y001,JPY/KRW (KRW per JPY; raw ECOS value is KRW per 100 JPY),Saturday,weekend_observation
1995-06-17,8.9882,898.82,KRW per 100 JPY,8.9882,KRW per JPY,731Y001,2,원/일본엔(100엔),원,731Y001,JPY/KRW (KRW per JPY; raw ECOS value is KRW per 100 JPY),Saturday,weekend_observation
1995-06-24,9.0136,901.36,KRW per 100 JPY,9.0136,KRW per JPY,731Y001,2,원/일본엔(100엔),원,731Y001,JPY/KRW (KRW per JPY; raw ECOS value is KRW per 100 JPY),Saturday,weekend_observation
1995-07-01,8.954500000000001,895.45,KRW per 100 JPY,8.954500000000001,KRW per JPY,731Y001,2,원/일본엔(100엔),원,731Y001,JPY/KRW (KRW per JPY; raw ECOS value is KRW per 100 JPY),Saturday,weekend_observation
1995-07-08,8.7285,872.85,KRW per 100 JPY,8.7285,KRW per JPY,731Y001,2,원/일본엔(100엔),원,731Y001,JPY/KRW (KRW per JPY; raw ECOS value is KRW per 100 JPY),Saturday,weekend_observation
1995-07-15,8.6409,864.09,KRW per 100 JPY,8.6409,KRW per JPY,731Y001,2,원/일본엔(100엔),원,731Y001,JPY/KRW (KRW per JPY; raw ECOS value is KRW per 100 JPY),Saturday,weekend_observation
1995-07-22,8.5411,854.11,KRW per 100 JPY,8.5411,KRW per JPY,731Y001,2,원/일본엔(100엔),원,731Y001,JPY/KRW (KRW per JPY; raw ECOS value is KRW per 100 JPY),Saturday,weekend_observation
1995-07-29,8.5863,858.63,KRW per 100 JPY,8.5863,KRW per JPY,731Y001,2,원/일본엔(100엔),원,731Y001,JPY/KRW (KRW per JPY; raw ECOS value is KRW per 100 JPY),Saturday,weekend_observation
1995-08-05,8.3042,830.42,KRW per 100 JPY,8.3042,KRW per JPY,731Y001,2,원/일본엔(100엔),원,731Y001,JPY/KRW (KRW per JPY; raw ECOS value is KRW per 100 JPY),Saturday,weekend_observation
1995-08-12,8.0948,809.48,KRW per 100 JPY,8.0948,KRW per JPY,731Y001,2,원/일본엔(100엔),원,731Y001,JPY/KRW (KRW per JPY; raw ECOS value is KRW per 100 JPY),Saturday,weekend_observation
1995-08-19,8.0349,803.49,KRW per 100 JPY,8.0349,KRW per JPY,731Y001,2,원/일본엔(100엔),원,731Y001,JPY/KRW (KRW per JPY; raw ECOS value is KRW per 100 JPY),Saturday,weekend_observation
1995-08-26,8.0352,803.52,KRW per 100 JPY,8.0352,KRW per JPY,731Y001,2,원/일본엔(100엔),원,731Y001,JPY/KRW (KRW per JPY; raw ECOS value is KRW per 100 JPY),Saturday,weekend_observation
1995-09-02,7.9312,793.12,KRW per 100 JPY,7.9312,KRW per JPY,731Y001,2,원/일본엔(100엔),원,731Y001,JPY/KRW (KRW per JPY; raw ECOS value is KRW per 100 JPY),Saturday,weekend_observation
1995-09-16,7.4522,745.22,KRW per 100 JPY,7.4522,KRW per JPY,731Y001,2,원/일본엔(100엔),원,731Y001,JPY/KRW (KRW per JPY; raw ECOS value is KRW per 100 JPY),Saturday,weekend_observation
1995-09-23,7.7019,770.19,KRW per 100 JPY,7.7019,KRW per JPY,731Y001,2,원/일본엔(100엔),원,731Y001,JPY/KRW (KRW per JPY; raw ECOS value is KRW per 100 JPY),Saturday,weekend_observation
1995-09-30,7.7052,770.52,KRW per 100 JPY,7.7052,KRW per JPY,731Y001,2,원/일본엔(100엔),원,731Y001,JPY/KRW (KRW per JPY; raw ECOS value is KRW per 100 JPY),Saturday,weekend_observation
1995-10-07,7.6459,764.59,KRW per 100 JPY,7.6459,KRW per JPY,731Y001,2,원/일본엔(100엔),원,731Y001,JPY/KRW (KRW per JPY; raw ECOS value is KRW per 100 JPY),Saturday,weekend_observation
1995-10-14,7.6122,761.22,KRW per 100 JPY,7.6122,KRW per JPY,731Y001,2,원/일본엔(100엔),원,731Y001,JPY/KRW (KRW per JPY; raw ECOS value is KRW per 100 JPY),Saturday,weekend_observation
1995-10-21,7.6501,765.01,KRW per 100 JPY,7.6501,KRW per JPY,731Y001,2,원/일본엔(100엔),원,731Y001,JPY/KRW (KRW per JPY; raw ECOS value is KRW per 100 JPY),Saturday,weekend_observation
1995-10-28,7.5246,752.46,KRW per 100 JPY,7.5246,KRW per JPY,731Y001,2,원/일본엔(100엔),원,731Y001,JPY/KRW (KRW per JPY; raw ECOS value is KRW per 100 JPY),Saturday,weekend_observation
1995-11-04,7.4332,743.32,KRW per 100 JPY,7.4332,KRW per JPY,731Y001,2,원/일본엔(100엔),원,731Y001,JPY/KRW (KRW per JPY; raw ECOS value is KRW per 100 JPY),Saturday,weekend_observation
1995-11-11,7.616499999999999,761.65,KRW per 100 JPY,7.616499999999999,KRW per JPY,731Y001,2,원/일본엔(100엔),원,731Y001,JPY/KRW (KRW per JPY; raw ECOS value is KRW per 100 JPY),Saturday,weekend_observation
1995-11-18,7.533,753.3,KRW per 100 JPY,7.533,KRW per JPY,731Y001,2,원/일본엔(100엔),원,731Y001,JPY/KRW (KRW per JPY; raw ECOS value is KRW per 100 JPY),Saturday,weekend_observation
1995-11-25,7.5734,757.34,KRW per 100 JPY,7.5734,KRW per JPY,731Y001,2,원/일본엔(100엔),원,731Y001,JPY/KRW (KRW per JPY; raw ECOS value is KRW per 100 JPY),Saturday,weekend_observation
1995-12-02,7.6167,761.67,KRW per 100 JPY,7.6167,KRW per JPY,731Y001,2,원/일본엔(100엔),원,731Y001,JPY/KRW (KRW per JPY; raw ECOS value is KRW per 100 JPY),Saturday,weekend_observation
1995-12-09,7.603,760.3,KRW per 100 JPY,7.603,KRW per JPY,731Y001,2,원/일본엔(100엔),원,731Y001,JPY/KRW (KRW per JPY; raw ECOS value is KRW per 100 JPY),Saturday,weekend_observation
1995-12-16,7.5619,756.19,KRW per 100 JPY,7.5619,KRW per JPY,731Y001,2,원/일본엔(100엔),원,731Y001,JPY/KRW (KRW per JPY; raw ECOS value is KRW per 100 JPY),Saturday,weekend_observation
1995-12-23,7.5527,755.27,KRW per 100 JPY,7.5527,KRW per JPY,731Y001,2,원/일본엔(100엔),원,731Y001,JPY/KRW (KRW per JPY; raw ECOS value is KRW per 100 JPY),Saturday,weekend_observation
1995-12-30,7.4923,749.23,KRW per 100 JPY,7.4923,KRW per JPY,731Y001,2,원/일본엔(100엔),원,731Y001,JPY/KRW (KRW per JPY; raw ECOS value is KRW per 100 JPY),Saturday,weekend_observation
1996-01-06,7.4751,747.51,KRW per 100 JPY,7.4751,KRW per JPY,731Y001,2,원/일본엔(100엔),원,731Y001,JPY/KRW (KRW per JPY; raw ECOS value is KRW per 100 JPY),Saturday,weekend_observation
1996-01-13,7.5116,751.16,KRW per 100 JPY,7.5116,KRW per JPY,731Y001,2,원/일본엔(100엔),원,731Y001,JPY/KRW (KRW per JPY; raw ECOS value is KRW per 100 JPY),Saturday,weekend_observation
1996-01-20,7.4968,749.68,KRW per 100 JPY,7.4968,KRW per JPY,731Y001,2,원/일본엔(100엔),원,731Y001,JPY/KRW (KRW per JPY; raw ECOS value is KRW per 100 JPY),Saturday,weekend_observation
1996-01-27,7.3628,736.28,KRW per 100 JPY,7.3628,KRW per JPY,731Y001,2,원/일본엔(100엔),원,731Y001,JPY/KRW (KRW per JPY; raw ECOS value is KRW per 100 JPY),Saturday,weekend_observation
1996-02-03,7.3537,735.37,KRW per 100 JPY,7.3537,KRW per JPY,731Y001,2,원/일본엔(100엔),원,731Y001,JPY/KRW (KRW per JPY; raw ECOS value is KRW per 100 JPY),Saturday,weekend_observation
1996-02-10,7.299099999999999,729.91,KRW per 100 JPY,7.299099999999999,KRW per JPY,731Y001,2,원/일본엔(100엔),원,731Y001,JPY/KRW (KRW per JPY; raw ECOS value is KRW per 100 JPY),Saturday,weekend_observation
1996-02-17,7.4086,740.86,KRW per 100 JPY,7.4086,KRW per JPY,731Y001,2,원/일본엔(100엔),원,731Y001,JPY/KRW (KRW per JPY; raw ECOS value is KRW per 100 JPY),Saturday,weekend_observation
1996-02-24,7.4392,743.92,KRW per 100 JPY,7.4392,KRW per JPY,731Y001,2,원/일본엔(100엔),원,731Y001,JPY/KRW (KRW per JPY; raw ECOS value is KRW per 100 JPY),Saturday,weekend_observation
1996-03-02,7.436699999999999,743.67,KRW per 100 JPY,7.436699999999999,KRW per JPY,731Y001,2,원/일본엔(100엔),원,731Y001,JPY/KRW (KRW per JPY; raw ECOS value is KRW per 100 JPY),Saturday,weekend_observation
1996-03-09,7.354299999999999,735.43,KRW per 100 JPY,7.354299999999999,KRW per JPY,731Y001,2,원/일본엔(100엔),원,731Y001,JPY/KRW (KRW per JPY; raw ECOS value is KRW per 100 JPY),Saturday,weekend_observation
1996-03-16,7.377999999999999,737.8,KRW per 100 JPY,7.377999999999999,KRW per JPY,731Y001,2,원/일본엔(100엔),원,731Y001,JPY/KRW (KRW per JPY; raw ECOS value is KRW per 100 JPY),Saturday,weekend_observation
1996-03-23,7.3375,733.75,KRW per 100 JPY,7.3375,KRW per JPY,731Y001,2,원/일본엔(100엔),원,731Y001,JPY/KRW (KRW per JPY; raw ECOS value is KRW per 100 JPY),Saturday,weekend_observation
1996-03-30,7.2976,729.76,KRW per 100 JPY,7.2976,KRW per JPY,731Y001,2,원/일본엔(100엔),원,731Y001,JPY/KRW (KRW per JPY; raw ECOS value is KRW per 100 JPY),Saturday,weekend_observation
1996-04-06,7.2414,724.14,KRW per 100 JPY,7.2414,KRW per JPY,731Y001,2,원/일본엔(100엔),원,731Y001,JPY/KRW (KRW per JPY; raw ECOS value is KRW per 100 JPY),Saturday,weekend_observation
1996-04-13,7.206900000000001,720.69,KRW per 100 JPY,7.206900000000001,KRW per JPY,731Y001,2,원/일본엔(100엔),원,731Y001,JPY/KRW (KRW per JPY; raw ECOS value is KRW per 100 JPY),Saturday,weekend_observation
1996-04-20,7.2576,725.76,KRW per 100 JPY,7.2576,KRW per JPY,731Y001,2,원/일본엔(100엔),원,731Y001,JPY/KRW (KRW per JPY; raw ECOS value is KRW per 100 JPY),Saturday,weekend_observation
1996-04-27,7.374,737.4,KRW per 100 JPY,7.374,KRW per JPY,731Y001,2,원/일본엔(100엔),원,731Y001,JPY/KRW (KRW per JPY; raw ECOS value is KRW per 100 JPY),Saturday,weekend_observation
1996-05-04,7.4064,740.64,KRW per 100 JPY,7.4064,KRW per JPY,731Y001,2,원/일본엔(100엔),원,731Y001,JPY/KRW (KRW per JPY; raw ECOS value is KRW per 100 JPY),Saturday,weekend_observation
1996-05-11,7.3774,737.74,KRW per 100 JPY,7.3774,KRW per JPY,731Y001,2,원/일본엔(100엔),원,731Y001,JPY/KRW (KRW per JPY; raw ECOS value is KRW per 100 JPY),Saturday,weekend_observation
1996-05-18,7.299,729.9,KRW per 100 JPY,7.299,KRW per JPY,731Y001,2,원/일본엔(100엔),원,731Y001,JPY/KRW (KRW per JPY; raw ECOS value is KRW per 100 JPY),Saturday,weekend_observation
1996-05-25,7.2437,724.37,KRW per 100 JPY,7.2437,KRW per JPY,731Y001,2,원/일본엔(100엔),원,731Y001,JPY/KRW (KRW per JPY; raw ECOS value is KRW per 100 JPY),Saturday,weekend_observation
1996-06-01,7.2994,729.94,KRW per 100 JPY,7.2994,KRW per JPY,731Y001,2,원/일본엔(100엔),원,731Y001,JPY/KRW (KRW per JPY; raw ECOS value is KRW per 100 JPY),Saturday,weekend_observation
1996-06-08,7.2011,720.11,KRW per 100 JPY,7.2011,KRW per JPY,731Y001,2,원/일본엔(100엔),원,731Y001,JPY/KRW (KRW per JPY; raw ECOS value is KRW per 100 JPY),Saturday,weekend_observation
1996-06-15,7.2982,729.82,KRW per 100 JPY,7.2982,KRW per JPY,731Y001,2,원/일본엔(100엔),원,731Y001,JPY/KRW (KRW per JPY; raw ECOS value is KRW per 100 JPY),Saturday,weekend_observation
1996-06-22,7.4472,744.72,KRW per 100 JPY,7.4472,KRW per JPY,731Y001,2,원/일본엔(100엔),원,731Y001,JPY/KRW (KRW per JPY; raw ECOS value is KRW per 100 JPY),Saturday,weekend_observation
1996-06-29,7.3876,738.76,KRW per 100 JPY,7.3876,KRW per JPY,731Y001,2,원/일본엔(100엔),원,731Y001,JPY/KRW (KRW per JPY; raw ECOS value is KRW per 100 JPY),Saturday,weekend_observation
1996-07-06,7.3357,733.57,KRW per 100 JPY,7.3357,KRW per JPY,731Y001,2,원/일본엔(100엔),원,731Y001,JPY/KRW (KRW per JPY; raw ECOS value is KRW per 100 JPY),Saturday,weekend_observation
1996-07-13,7.3317,733.17,KRW per 100 JPY,7.3317,KRW per JPY,731Y001,2,원/일본엔(100엔),원,731Y001,JPY/KRW (KRW per JPY; raw ECOS value is KRW per 100 JPY),Saturday,weekend_observation
1996-07-20,7.5437,754.37,KRW per 100 JPY,7.5437,KRW per JPY,731Y001,2,원/일본엔(100엔),원,731Y001,JPY/KRW (KRW per JPY; raw ECOS value is KRW per 100 JPY),Saturday,weekend_observation
1996-07-27,7.511900000000001,751.19,KRW per 100 JPY,7.511900000000001,KRW per JPY,731Y001,2,원/일본엔(100엔),원,731Y001,JPY/KRW (KRW per JPY; raw ECOS value is KRW per 100 JPY),Saturday,weekend_observation
1996-08-03,7.6169,761.69,KRW per 100 JPY,7.6169,KRW per JPY,731Y001,2,원/일본엔(100엔),원,731Y001,JPY/KRW (KRW per JPY; raw ECOS value is KRW per 100 JPY),Saturday,weekend_observation
1996-08-10,7.5204,752.04,KRW per 100 JPY,7.5204,KRW per JPY,731Y001,2,원/일본엔(100엔),원,731Y001,JPY/KRW (KRW per JPY; raw ECOS value is KRW per 100 JPY),Saturday,weekend_observation
1996-08-17,7.627000000000001,762.7,KRW per 100 JPY,7.627000000000001,KRW per JPY,731Y001,2,원/일본엔(100엔),원,731Y001,JPY/KRW (KRW per JPY; raw ECOS value is KRW per 100 JPY),Saturday,weekend_observation
1996-08-24,7.5663,756.63,KRW per 100 JPY,7.5663,KRW per JPY,731Y001,2,원/일본엔(100엔),원,731Y001,JPY/KRW (KRW per JPY; raw ECOS value is KRW per 100 JPY),Saturday,weekend_observation
1996-08-31,7.5209,752.09,KRW per 100 JPY,7.5209,KRW per JPY,731Y001,2,원/일본엔(100엔),원,731Y001,JPY/KRW (KRW per JPY; raw ECOS value is KRW per 100 JPY),Saturday,weekend_observation
1996-09-07,7.4987,749.87,KRW per 100 JPY,7.4987,KRW per JPY,731Y001,2,원/일본엔(100엔),원,731Y001,JPY/KRW (KRW per JPY; raw ECOS value is KRW per 100 JPY),Saturday,weekend_observation
1996-09-14,7.4478,744.78,KRW per 100 JPY,7.4478,KRW per JPY,731Y001,2,원/일본엔(100엔),원,731Y001,JPY/KRW (KRW per JPY; raw ECOS value is KRW per 100 JPY),Saturday,weekend_observation
1996-09-21,7.4812,748.12,KRW per 100 JPY,7.4812,KRW per JPY,731Y001,2,원/일본엔(100엔),원,731Y001,JPY/KRW (KRW per JPY; raw ECOS value is KRW per 100 JPY),Saturday,weekend_observation
1996-10-05,7.3715,737.15,KRW per 100 JPY,7.3715,KRW per JPY,731Y001,2,원/일본엔(100엔),원,731Y001,JPY/KRW (KRW per JPY; raw ECOS value is KRW per 100 JPY),Saturday,weekend_observation
1996-10-12,7.428999999999999,742.9,KRW per 100 JPY,7.428999999999999,KRW per JPY,731Y001,2,원/일본엔(100엔),원,731Y001,JPY/KRW (KRW per JPY; raw ECOS value is KRW per 100 JPY),Saturday,weekend_observation
1996-10-19,7.3489,734.89,KRW per 100 JPY,7.3489,KRW per JPY,731Y001,2,원/일본엔(100엔),원,731Y001,JPY/KRW (KRW per JPY; raw ECOS value is KRW per 100 JPY),Saturday,weekend_observation
1996-10-26,7.3104,731.04,KRW per 100 JPY,7.3104,KRW per JPY,731Y001,2,원/일본엔(100엔),원,731Y001,JPY/KRW (KRW per JPY; raw ECOS value is KRW per 100 JPY),Saturday,weekend_observation
1996-11-02,7.2751,727.51,KRW per 100 JPY,7.2751,KRW per JPY,731Y001,2,원/일본엔(100엔),원,731Y001,JPY/KRW (KRW per JPY; raw ECOS value is KRW per 100 JPY),Saturday,weekend_observation
1996-11-09,7.4245,742.45,KRW per 100 JPY,7.4245,KRW per JPY,731Y001,2,원/일본엔(100엔),원,731Y001,JPY/KRW (KRW per JPY; raw ECOS value is KRW per 100 JPY),Saturday,weekend_observation
1996-11-16,7.4535,745.35,KRW per 100 JPY,7.4535,KRW per JPY,731Y001,2,원/일본엔(100엔),원,731Y001,JPY/KRW (KRW per JPY; raw ECOS value is KRW per 100 JPY),Saturday,weekend_observation
1996-11-23,7.4392,743.92,KRW per 100 JPY,7.4392,KRW per JPY,731Y001,2,원/일본엔(100엔),원,731Y001,JPY/KRW (KRW per JPY; raw ECOS value is KRW per 100 JPY),Saturday,weekend_observation
1996-11-30,7.2779,727.79,KRW per 100 JPY,7.2779,KRW per JPY,731Y001,2,원/일본엔(100엔),원,731Y001,JPY/KRW (KRW per JPY; raw ECOS value is KRW per 100 JPY),Saturday,weekend_observation
1996-12-07,7.360499999999999,736.05,KRW per 100 JPY,7.360499999999999,KRW per JPY,731Y001,2,원/일본엔(100엔),원,731Y001,JPY/KRW (KRW per JPY; raw ECOS value is KRW per 100 JPY),Saturday,weekend_observation
1996-12-14,7.3984,739.84,KRW per 100 JPY,7.3984,KRW per JPY,731Y001,2,원/일본엔(100엔),원,731Y001,JPY/KRW (KRW per JPY; raw ECOS value is KRW per 100 JPY),Saturday,weekend_observation
1996-12-21,7.382000000000001,738.2,KRW per 100 JPY,7.382000000000001,KRW per JPY,731Y001,2,원/일본엔(100엔),원,731Y001,JPY/KRW (KRW per JPY; raw ECOS value is KRW per 100 JPY),Saturday,weekend_observation
1996-12-28,7.3174,731.74,KRW per 100 JPY,7.3174,KRW per JPY,731Y001,2,원/일본엔(100엔),원,731Y001,JPY/KRW (KRW per JPY; raw ECOS value is KRW per 100 JPY),Saturday,weekend_observation
1997-01-04,7.244,724.4,KRW per 100 JPY,7.244,KRW per JPY,731Y001,2,원/일본엔(100엔),원,731Y001,JPY/KRW (KRW per JPY; raw ECOS value is KRW per 100 JPY),Saturday,weekend_observation
1997-01-11,7.2921,729.21,KRW per 100 JPY,7.2921,KRW per JPY,731Y001,2,원/일본엔(100엔),원,731Y001,JPY/KRW (KRW per JPY; raw ECOS value is KRW per 100 JPY),Saturday,weekend_observation
1997-01-18,7.2346,723.46,KRW per 100 JPY,7.2346,KRW per JPY,731Y001,2,원/일본엔(100엔),원,731Y001,JPY/KRW (KRW per JPY; raw ECOS value is KRW per 100 JPY),Saturday,weekend_observation
1997-01-25,7.1833,718.33,KRW per 100 JPY,7.1833,KRW per JPY,731Y001,2,원/일본엔(100엔),원,731Y001,JPY/KRW (KRW per JPY; raw ECOS value is KRW per 100 JPY),Saturday,weekend_observation
1997-02-01,7.1196,711.96,KRW per 100 JPY,7.1196,KRW per JPY,731Y001,2,원/일본엔(100엔),원,731Y001,JPY/KRW (KRW per JPY; raw ECOS value is KRW per 100 JPY),Saturday,weekend_observation
1997-02-15,7.0366,703.66,KRW per 100 JPY,7.0366,KRW per JPY,731Y001,2,원/일본엔(100엔),원,731Y001,JPY/KRW (KRW per JPY; raw ECOS value is KRW per 100 JPY),Saturday,weekend_observation
1997-02-22,6.950900000000001,695.09,KRW per 100 JPY,6.950900000000001,KRW per JPY,731Y001,2,원/일본엔(100엔),원,731Y001,JPY/KRW (KRW per JPY; raw ECOS value is KRW per 100 JPY),Saturday,weekend_observation
1997-03-08,7.1326,713.26,KRW per 100 JPY,7.1326,KRW per JPY,731Y001,2,원/일본엔(100엔),원,731Y001,JPY/KRW (KRW per JPY; raw ECOS value is KRW per 100 JPY),Saturday,weekend_observation
1997-03-15,7.1174,711.74,KRW per 100 JPY,7.1174,KRW per JPY,731Y001,2,원/일본엔(100엔),원,731Y001,JPY/KRW (KRW per JPY; raw ECOS value is KRW per 100 JPY),Saturday,weekend_observation
1997-03-22,7.2026,720.26,KRW per 100 JPY,7.2026,KRW per JPY,731Y001,2,원/일본엔(100엔),원,731Y001,JPY/KRW (KRW per JPY; raw ECOS value is KRW per 100 JPY),Saturday,weekend_observation
1997-03-29,7.2291,722.91,KRW per 100 JPY,7.2291,KRW per JPY,731Y001,2,원/일본엔(100엔),원,731Y001,JPY/KRW (KRW per JPY; raw ECOS value is KRW per 100 JPY),Saturday,weekend_observation
1997-04-12,7.0603,706.03,KRW per 100 JPY,7.0603,KRW per JPY,731Y001,2,원/일본엔(100엔),원,731Y001,JPY/KRW (KRW per JPY; raw ECOS value is KRW per 100 JPY),Saturday,weekend_observation
1997-04-19,7.100499999999999,710.05,KRW per 100 JPY,7.100499999999999,KRW per JPY,731Y001,2,원/일본엔(100엔),원,731Y001,JPY/KRW (KRW per JPY; raw ECOS value is KRW per 100 JPY),Saturday,weekend_observation
1997-04-26,7.0701,707.01,KRW per 100 JPY,7.0701,KRW per JPY,731Y001,2,원/일본엔(100엔),원,731Y001,JPY/KRW (KRW per JPY; raw ECOS value is KRW per 100 JPY),Saturday,weekend_observation
1997-05-03,7.0436000000000005,704.36,KRW per 100 JPY,7.0436000000000005,KRW per JPY,731Y001,2,원/일본엔(100엔),원,731Y001,JPY/KRW (KRW per JPY; raw ECOS value is KRW per 100 JPY),Saturday,weekend_observation
1997-05-10,7.4195,741.95,KRW per 100 JPY,7.4195,KRW per JPY,731Y001,2,원/일본엔(100엔),원,731Y001,JPY/KRW (KRW per JPY; raw ECOS value is KRW per 100 JPY),Saturday,weekend_observation
1997-05-17,7.7113,771.13,KRW per 100 JPY,7.7113,KRW per JPY,731Y001,2,원/일본엔(100엔),원,731Y001,JPY/KRW (KRW per JPY; raw ECOS value is KRW per 100 JPY),Saturday,weekend_observation
1997-05-24,7.7093,770.93,KRW per 100 JPY,7.7093,KRW per JPY,731Y001,2,원/일본엔(100엔),원,731Y001,JPY/KRW (KRW per JPY; raw ECOS value is KRW per 100 JPY),Saturday,weekend_observation
1997-05-31,7.6714,767.14,KRW per 100 JPY,7.6714,KRW per JPY,731Y001,2,원/일본엔(100엔),원,731Y001,JPY/KRW (KRW per JPY; raw ECOS value is KRW per 100 JPY),Saturday,weekend_observation
1997-06-07,7.7889,778.89,KRW per 100 JPY,7.7889,KRW per JPY,731Y001,2,원/일본엔(100엔),원,731Y001,JPY/KRW (KRW per JPY; raw ECOS value is KRW per 100 JPY),Saturday,weekend_observation
1997-06-14,7.7466,774.66,KRW per 100 JPY,7.7466,KRW per JPY,731Y001,2,원/일본엔(100엔),원,731Y001,JPY/KRW (KRW per JPY; raw ECOS value is KRW per 100 JPY),Saturday,weekend_observation
1997-06-21,7.7353,773.53,KRW per 100 JPY,7.7353,KRW per JPY,731Y001,2,원/일본엔(100엔),원,731Y001,JPY/KRW (KRW per JPY; raw ECOS value is KRW per 100 JPY),Saturday,weekend_observation
1997-06-28,7.7475,774.75,KRW per 100 JPY,7.7475,KRW per JPY,731Y001,2,원/일본엔(100엔),원,731Y001,JPY/KRW (KRW per JPY; raw ECOS value is KRW per 100 JPY),Saturday,weekend_observation
1997-07-05,7.7994,779.94,KRW per 100 JPY,7.7994,KRW per JPY,731Y001,2,원/일본엔(100엔),원,731Y001,JPY/KRW (KRW per JPY; raw ECOS value is KRW per 100 JPY),Saturday,weekend_observation
1997-07-12,7.806699999999999,780.67,KRW per 100 JPY,7.806699999999999,KRW per JPY,731Y001,2,원/일본엔(100엔),원,731Y001,JPY/KRW (KRW per JPY; raw ECOS value is KRW per 100 JPY),Saturday,weekend_observation
1997-07-19,7.7388,773.88,KRW per 100 JPY,7.7388,KRW per JPY,731Y001,2,원/일본엔(100엔),원,731Y001,JPY/KRW (KRW per JPY; raw ECOS value is KRW per 100 JPY),Saturday,weekend_observation
1997-07-26,7.6273,762.73,KRW per 100 JPY,7.6273,KRW per JPY,731Y001,2,원/일본엔(100엔),원,731Y001,JPY/KRW (KRW per JPY; raw ECOS value is KRW per 100 JPY),Saturday,weekend_observation
1997-08-02,7.511,751.1,KRW per 100 JPY,7.511,KRW per JPY,731Y001,2,원/일본엔(100엔),원,731Y001,JPY/KRW (KRW per JPY; raw ECOS value is KRW per 100 JPY),Saturday,weekend_observation
1997-08-09,7.7857,778.57,KRW per 100 JPY,7.7857,KRW per JPY,731Y001,2,원/일본엔(100엔),원,731Y001,JPY/KRW (KRW per JPY; raw ECOS value is KRW per 100 JPY),Saturday,weekend_observation
1997-08-16,7.6191,761.91,KRW per 100 JPY,7.6191,KRW per JPY,731Y001,2,원/일본엔(100엔),원,731Y001,JPY/KRW (KRW per JPY; raw ECOS value is KRW per 100 JPY),Saturday,weekend_observation
1997-08-23,7.596699999999999,759.67,KRW per 100 JPY,7.596699999999999,KRW per JPY,731Y001,2,원/일본엔(100엔),원,731Y001,JPY/KRW (KRW per JPY; raw ECOS value is KRW per 100 JPY),Saturday,weekend_observation
1997-08-30,7.466900000000001,746.69,KRW per 100 JPY,7.466900000000001,KRW per JPY,731Y001,2,원/일본엔(100엔),원,731Y001,JPY/KRW (KRW per JPY; raw ECOS value is KRW per 100 JPY),Saturday,weekend_observation
1997-09-06,7.4899,748.99,KRW per 100 JPY,7.4899,KRW per JPY,731Y001,2,원/일본엔(100엔),원,731Y001,JPY/KRW (KRW per JPY; raw ECOS value is KRW per 100 JPY),Saturday,weekend_observation
1997-09-13,7.5059,750.59,KRW per 100 JPY,7.5059,KRW per JPY,731Y001,2,원/일본엔(100엔),원,731Y001,JPY/KRW (KRW per JPY; raw ECOS value is KRW per 100 JPY),Saturday,weekend_observation
1997-09-20,7.465700000000001,746.57,KRW per 100 JPY,7.465700000000001,KRW per JPY,731Y001,2,원/일본엔(100엔),원,731Y001,JPY/KRW (KRW per JPY; raw ECOS value is KRW per 100 JPY),Saturday,weekend_observation
1997-09-27,7.547000000000001,754.7,KRW per 100 JPY,7.547000000000001,KRW per JPY,731Y001,2,원/일본엔(100엔),원,731Y001,JPY/KRW (KRW per JPY; raw ECOS value is KRW per 100 JPY),Saturday,weekend_observation
1997-10-04,7.4782,747.82,KRW per 100 JPY,7.4782,KRW per JPY,731Y001,2,원/일본엔(100엔),원,731Y001,JPY/KRW (KRW per JPY; raw ECOS value is KRW per 100 JPY),Saturday,weekend_observation
1997-10-11,7.619199999999999,761.92,KRW per 100 JPY,7.619199999999999,KRW per JPY,731Y001,2,원/일본엔(100엔),원,731Y001,JPY/KRW (KRW per JPY; raw ECOS value is KRW per 100 JPY),Saturday,weekend_observation
1997-10-18,7.579400000000001,757.94,KRW per 100 JPY,7.579400000000001,KRW per JPY,731Y001,2,원/일본엔(100엔),원,731Y001,JPY/KRW (KRW per JPY; raw ECOS value is KRW per 100 JPY),Saturday,weekend_observation
1997-10-25,7.610399999999999,761.04,KRW per 100 JPY,7.610399999999999,KRW per JPY,731Y001,2,원/일본엔(100엔),원,731Y001,JPY/KRW (KRW per JPY; raw ECOS value is KRW per 100 JPY),Saturday,weekend_observation
1997-11-01,8.0116,801.16,KRW per 100 JPY,8.0116,KRW per JPY,731Y001,2,원/일본엔(100엔),원,731Y001,JPY/KRW (KRW per JPY; raw ECOS value is KRW per 100 JPY),Saturday,weekend_observation
1997-11-08,7.8822,788.22,KRW per 100 JPY,7.8822,KRW per JPY,731Y001,2,원/일본엔(100엔),원,731Y001,JPY/KRW (KRW per JPY; raw ECOS value is KRW per 100 JPY),Saturday,weekend_observation
1997-11-15,7.8668,786.68,KRW per 100 JPY,7.8668,KRW per JPY,731Y001,2,원/일본엔(100엔),원,731Y001,JPY/KRW (KRW per JPY; raw ECOS value is KRW per 100 JPY),Saturday,weekend_observation
1997-11-22,8.5205,852.05,KRW per 100 JPY,8.5205,KRW per JPY,731Y001,2,원/일본엔(100엔),원,731Y001,JPY/KRW (KRW per JPY; raw ECOS value is KRW per 100 JPY),Saturday,weekend_observation
1997-11-29,9.1011,910.11,KRW per 100 JPY,9.1011,KRW per JPY,731Y001,2,원/일본엔(100엔),원,731Y001,JPY/KRW (KRW per JPY; raw ECOS value is KRW per 100 JPY),Saturday,weekend_observation
1997-12-06,9.365,936.5,KRW per 100 JPY,9.365,KRW per JPY,731Y001,2,원/일본엔(100엔),원,731Y001,JPY/KRW (KRW per JPY; raw ECOS value is KRW per 100 JPY),Saturday,weekend_observation
1997-12-13,13.3405,1334.05,KRW per 100 JPY,13.3405,KRW per JPY,731Y001,2,원/일본엔(100엔),원,731Y001,JPY/KRW (KRW per JPY; raw ECOS value is KRW per 100 JPY),Saturday,weekend_observation
1997-12-20,12.5046,1250.46,KRW per 100 JPY,12.5046,KRW per JPY,731Y001,2,원/일본엔(100엔),원,731Y001,JPY/KRW (KRW per JPY; raw ECOS value is KRW per 100 JPY),Saturday,weekend_observation
1997-12-27,11.5998,1159.98,KRW per 100 JPY,11.5998,KRW per JPY,731Y001,2,원/일본엔(100엔),원,731Y001,JPY/KRW (KRW per JPY; raw ECOS value is KRW per 100 JPY),Saturday,weekend_observation
1998-01-03,12.8033,1280.33,KRW per 100 JPY,12.8033,KRW per JPY,731Y001,2,원/일본엔(100엔),원,731Y001,JPY/KRW (KRW per JPY; raw ECOS value is KRW per 100 JPY),Saturday,weekend_observation
1998-01-10,13.6734,1367.34,KRW per 100 JPY,13.6734,KRW per JPY,731Y001,2,원/일본엔(100엔),원,731Y001,JPY/KRW (KRW per JPY; raw ECOS value is KRW per 100 JPY),Saturday,weekend_observation
1998-01-17,12.5461,1254.61,KRW per 100 JPY,12.5461,KRW per JPY,731Y001,2,원/일본엔(100엔),원,731Y001,JPY/KRW (KRW per JPY; raw ECOS value is KRW per 100 JPY),Saturday,weekend_observation
1998-01-24,13.9212,1392.12,KRW per 100 JPY,13.9212,KRW per JPY,731Y001,2,원/일본엔(100엔),원,731Y001,JPY/KRW (KRW per JPY; raw ECOS value is KRW per 100 JPY),Saturday,weekend_observation
1998-01-31,12.3821,1238.21,KRW per 100 JPY,12.3821,KRW per JPY,731Y001,2,원/일본엔(100엔),원,731Y001,JPY/KRW (KRW per JPY; raw ECOS value is KRW per 100 JPY),Saturday,weekend_observation
1998-02-07,12.7015,1270.15,KRW per 100 JPY,12.7015,KRW per JPY,731Y001,2,원/일본엔(100엔),원,731Y001,JPY/KRW (KRW per JPY; raw ECOS value is KRW per 100 JPY),Saturday,weekend_observation
1998-02-14,12.9565,1295.65,KRW per 100 JPY,12.9565,KRW per JPY,731Y001,2,원/일본엔(100엔),원,731Y001,JPY/KRW (KRW per JPY; raw ECOS value is KRW per 100 JPY),Saturday,weekend_observation
1998-02-21,12.8732,1287.32,KRW per 100 JPY,12.8732,KRW per JPY,731Y001,2,원/일본엔(100엔),원,731Y001,JPY/KRW (KRW per JPY; raw ECOS value is KRW per 100 JPY),Saturday,weekend_observation
1998-02-28,13.003800000000002,1300.38,KRW per 100 JPY,13.003800000000002,KRW per JPY,731Y001,2,원/일본엔(100엔),원,731Y001,JPY/KRW (KRW per JPY; raw ECOS value is KRW per 100 JPY),Saturday,weekend_observation
1998-03-07,12.8038,1280.38,KRW per 100 JPY,12.8038,KRW per JPY,731Y001,2,원/일본엔(100엔),원,731Y001,JPY/KRW (KRW per JPY; raw ECOS value is KRW per 100 JPY),Saturday,weekend_observation
1998-03-14,12.0208,1202.08,KRW per 100 JPY,12.0208,KRW per JPY,731Y001,2,원/일본엔(100엔),원,731Y001,JPY/KRW (KRW per JPY; raw ECOS value is KRW per 100 JPY),Saturday,weekend_observation
1998-03-21,11.1759,1117.59,KRW per 100 JPY,11.1759,KRW per JPY,731Y001,2,원/일본엔(100엔),원,731Y001,JPY/KRW (KRW per JPY; raw ECOS value is KRW per 100 JPY),Saturday,weekend_observation
1998-03-28,10.5882,1058.82,KRW per 100 JPY,10.5882,KRW per JPY,731Y001,2,원/일본엔(100엔),원,731Y001,JPY/KRW (KRW per JPY; raw ECOS value is KRW per 100 JPY),Saturday,weekend_observation
1998-04-04,10.6862,1068.62,KRW per 100 JPY,10.6862,KRW per JPY,731Y001,2,원/일본엔(100엔),원,731Y001,JPY/KRW (KRW per JPY; raw ECOS value is KRW per 100 JPY),Saturday,weekend_observation
1998-04-11,10.7179,1071.79,KRW per 100 JPY,10.7179,KRW per JPY,731Y001,2,원/일본엔(100엔),원,731Y001,JPY/KRW (KRW per JPY; raw ECOS value is KRW per 100 JPY),Saturday,weekend_observation
1998-04-18,10.4803,1048.03,KRW per 100 JPY,10.4803,KRW per JPY,731Y001,2,원/일본엔(100엔),원,731Y001,JPY/KRW (KRW per JPY; raw ECOS value is KRW per 100 JPY),Saturday,weekend_observation
1998-04-25,10.4114,1041.14,KRW per 100 JPY,10.4114,KRW per JPY,731Y001,2,원/일본엔(100엔),원,731Y001,JPY/KRW (KRW per JPY; raw ECOS value is KRW per 100 JPY),Saturday,weekend_observation
1998-05-02,10.0143,1001.43,KRW per 100 JPY,10.0143,KRW per JPY,731Y001,2,원/일본엔(100엔),원,731Y001,JPY/KRW (KRW per JPY; raw ECOS value is KRW per 100 JPY),Saturday,weekend_observation
1998-05-09,10.4869,1048.69,KRW per 100 JPY,10.4869,KRW per JPY,731Y001,2,원/일본엔(100엔),원,731Y001,JPY/KRW (KRW per JPY; raw ECOS value is KRW per 100 JPY),Saturday,weekend_observation
1998-05-16,10.6612,1066.12,KRW per 100 JPY,10.6612,KRW per JPY,731Y001,2,원/일본엔(100엔),원,731Y001,JPY/KRW (KRW per JPY; raw ECOS value is KRW per 100 JPY),Saturday,weekend_observation
1998-05-23,10.1605,1016.05,KRW per 100 JPY,10.1605,KRW per JPY,731Y001,2,원/일본엔(100엔),원,731Y001,JPY/KRW (KRW per JPY; raw ECOS value is KRW per 100 JPY),Saturday,weekend_observation
1998-05-30,10.1661,1016.61,KRW per 100 JPY,10.1661,KRW per JPY,731Y001,2,원/일본엔(100엔),원,731Y001,JPY/KRW (KRW per JPY; raw ECOS value is KRW per 100 JPY),Saturday,weekend_observation
1998-06-13,9.7088,970.88,KRW per 100 JPY,9.7088,KRW per JPY,731Y001,2,원/일본엔(100엔),원,731Y001,JPY/KRW (KRW per JPY; raw ECOS value is KRW per 100 JPY),Saturday,weekend_observation
1998-06-20,10.2414,1024.14,KRW per 100 JPY,10.2414,KRW per JPY,731Y001,2,원/일본엔(100엔),원,731Y001,JPY/KRW (KRW per JPY; raw ECOS value is KRW per 100 JPY),Saturday,weekend_observation
1998-06-27,9.7435,974.35,KRW per 100 JPY,9.7435,KRW per JPY,731Y001,2,원/일본엔(100엔),원,731Y001,JPY/KRW (KRW per JPY; raw ECOS value is KRW per 100 JPY),Saturday,weekend_observation
1998-07-04,9.7579,975.79,KRW per 100 JPY,9.7579,KRW per JPY,731Y001,2,원/일본엔(100엔),원,731Y001,JPY/KRW (KRW per JPY; raw ECOS value is KRW per 100 JPY),Saturday,weekend_observation
1998-07-11,9.2944,929.44,KRW per 100 JPY,9.2944,KRW per JPY,731Y001,2,원/일본엔(100엔),원,731Y001,JPY/KRW (KRW per JPY; raw ECOS value is KRW per 100 JPY),Saturday,weekend_observation
1998-07-18,9.1754,917.54,KRW per 100 JPY,9.1754,KRW per JPY,731Y001,2,원/일본엔(100엔),원,731Y001,JPY/KRW (KRW per JPY; raw ECOS value is KRW per 100 JPY),Saturday,weekend_observation
1998-07-25,8.8348,883.48,KRW per 100 JPY,8.8348,KRW per JPY,731Y001,2,원/일본엔(100엔),원,731Y001,JPY/KRW (KRW per JPY; raw ECOS value is KRW per 100 JPY),Saturday,weekend_observation
1998-08-01,8.487400000000001,848.74,KRW per 100 JPY,8.487400000000001,KRW per JPY,731Y001,2,원/일본엔(100엔),원,731Y001,JPY/KRW (KRW per JPY; raw ECOS value is KRW per 100 JPY),Saturday,weekend_observation
1998-08-08,9.0729,907.29,KRW per 100 JPY,9.0729,KRW per JPY,731Y001,2,원/일본엔(100엔),원,731Y001,JPY/KRW (KRW per JPY; raw ECOS value is KRW per 100 JPY),Saturday,weekend_observation
1998-08-22,8.9916,899.16,KRW per 100 JPY,8.9916,KRW per JPY,731Y001,2,원/일본엔(100엔),원,731Y001,JPY/KRW (KRW per JPY; raw ECOS value is KRW per 100 JPY),Saturday,weekend_observation
1998-08-29,9.3941,939.41,KRW per 100 JPY,9.3941,KRW per JPY,731Y001,2,원/일본엔(100엔),원,731Y001,JPY/KRW (KRW per JPY; raw ECOS value is KRW per 100 JPY),Saturday,weekend_observation
1998-09-05,9.9708,997.08,KRW per 100 JPY,9.9708,KRW per JPY,731Y001,2,원/일본엔(100엔),원,731Y001,JPY/KRW (KRW per JPY; raw ECOS value is KRW per 100 JPY),Saturday,weekend_observation
1998-09-12,10.4773,1047.73,KRW per 100 JPY,10.4773,KRW per JPY,731Y001,2,원/일본엔(100엔),원,731Y001,JPY/KRW (KRW per JPY; raw ECOS value is KRW per 100 JPY),Saturday,weekend_observation
1998-09-19,10.4604,1046.04,KRW per 100 JPY,10.4604,KRW per JPY,731Y001,2,원/일본엔(100엔),원,731Y001,JPY/KRW (KRW per JPY; raw ECOS value is KRW per 100 JPY),Saturday,weekend_observation
1998-09-26,10.1836,1018.36,KRW per 100 JPY,10.1836,KRW per JPY,731Y001,2,원/일본엔(100엔),원,731Y001,JPY/KRW (KRW per JPY; raw ECOS value is KRW per 100 JPY),Saturday,weekend_observation
1998-10-10,11.4938,1149.38,KRW per 100 JPY,11.4938,KRW per JPY,731Y001,2,원/일본엔(100엔),원,731Y001,JPY/KRW (KRW per JPY; raw ECOS value is KRW per 100 JPY),Saturday,weekend_observation
1998-10-17,11.4735,1147.35,KRW per 100 JPY,11.4735,KRW per JPY,731Y001,2,원/일본엔(100엔),원,731Y001,JPY/KRW (KRW per JPY; raw ECOS value is KRW per 100 JPY),Saturday,weekend_observation
1998-10-24,11.1523,1115.23,KRW per 100 JPY,11.1523,KRW per JPY,731Y001,2,원/일본엔(100엔),원,731Y001,JPY/KRW (KRW per JPY; raw ECOS value is KRW per 100 JPY),Saturday,weekend_observation
1998-10-31,11.321,1132.1,KRW per 100 JPY,11.321,KRW per JPY,731Y001,2,원/일본엔(100엔),원,731Y001,JPY/KRW (KRW per JPY; raw ECOS value is KRW per 100 JPY),Saturday,weekend_observation
1998-11-07,11.0416,1104.16,KRW per 100 JPY,11.0416,KRW per JPY,731Y001,2,원/일본엔(100엔),원,731Y001,JPY/KRW (KRW per JPY; raw ECOS value is KRW per 100 JPY),Saturday,weekend_observation
1998-11-14,10.7175,1071.75,KRW per 100 JPY,10.7175,KRW per JPY,731Y001,2,원/일본엔(100엔),원,731Y001,JPY/KRW (KRW per JPY; raw ECOS value is KRW per 100 JPY),Saturday,weekend_observation
1998-11-21,10.5714,1057.14,KRW per 100 JPY,10.5714,KRW per JPY,731Y001,2,원/일본엔(100엔),원,731Y001,JPY/KRW (KRW per JPY; raw ECOS value is KRW per 100 JPY),Saturday,weekend_observation
1998-11-28,10.1081,1010.81,KRW per 100 JPY,10.1081,KRW per JPY,731Y001,2,원/일본엔(100엔),원,731Y001,JPY/KRW (KRW per JPY; raw ECOS value is KRW per 100 JPY),Saturday,weekend_observation
1998-12-05,10.2325,1023.25,KRW per 100 JPY,10.2325,KRW per JPY,731Y001,2,원/일본엔(100엔),원,731Y001,JPY/KRW (KRW per JPY; raw ECOS value is KRW per 100 JPY),Saturday,weekend_observation
1998-12-12,10.37,1037.0,KRW per 100 JPY,10.37,KRW per JPY,731Y001,2,원/일본엔(100엔),원,731Y001,JPY/KRW (KRW per JPY; raw ECOS value is KRW per 100 JPY),Saturday,weekend_observation
1998-12-19,10.4091,1040.91,KRW per 100 JPY,10.4091,KRW per JPY,731Y001,2,원/일본엔(100엔),원,731Y001,JPY/KRW (KRW per JPY; raw ECOS value is KRW per 100 JPY),Saturday,weekend_observation
1998-12-26,10.3873,1038.73,KRW per 100 JPY,10.3873,KRW per JPY,731Y001,2,원/일본엔(100엔),원,731Y001,JPY/KRW (KRW per JPY; raw ECOS value is KRW per 100 JPY),Saturday,weekend_observation
1999-01-02,10.5608,1056.08,KRW per 100 JPY,10.5608,KRW per JPY,731Y001,2,원/일본엔(100엔),원,731Y001,JPY/KRW (KRW per JPY; raw ECOS value is KRW per 100 JPY),Saturday,weekend_observation
1999-01-09,10.5338,1053.38,KRW per 100 JPY,10.5338,KRW per JPY,731Y001,2,원/일본엔(100엔),원,731Y001,JPY/KRW (KRW per JPY; raw ECOS value is KRW per 100 JPY),Saturday,weekend_observation
1999-01-16,10.4048,1040.48,KRW per 100 JPY,10.4048,KRW per JPY,731Y001,2,원/일본엔(100엔),원,731Y001,JPY/KRW (KRW per JPY; raw ECOS value is KRW per 100 JPY),Saturday,weekend_observation
1999-01-23,10.2709,1027.09,KRW per 100 JPY,10.2709,KRW per JPY,731Y001,2,원/일본엔(100엔),원,731Y001,JPY/KRW (KRW per JPY; raw ECOS value is KRW per 100 JPY),Saturday,weekend_observation
1999-01-30,10.1053,1010.53,KRW per 100 JPY,10.1053,KRW per JPY,731Y001,2,원/일본엔(100엔),원,731Y001,JPY/KRW (KRW per JPY; raw ECOS value is KRW per 100 JPY),Saturday,weekend_observation
1999-02-06,10.343,1034.3,KRW per 100 JPY,10.343,KRW per JPY,731Y001,2,원/일본엔(100엔),원,731Y001,JPY/KRW (KRW per JPY; raw ECOS value is KRW per 100 JPY),Saturday,weekend_observation
1999-02-13,10.297,1029.7,KRW per 100 JPY,10.297,KRW per JPY,731Y001,2,원/일본엔(100엔),원,731Y001,JPY/KRW (KRW per JPY; raw ECOS value is KRW per 100 JPY),Saturday,weekend_observation
1999-02-20,9.8885,988.85,KRW per 100 JPY,9.8885,KRW per JPY,731Y001,2,원/일본엔(100엔),원,731Y001,JPY/KRW (KRW per JPY; raw ECOS value is KRW per 100 JPY),Saturday,weekend_observation
1999-02-27,10.2766,1027.66,KRW per 100 JPY,10.2766,KRW per JPY,731Y001,2,원/일본엔(100엔),원,731Y001,JPY/KRW (KRW per JPY; raw ECOS value is KRW per 100 JPY),Saturday,weekend_observation
1999-03-06,10.1197,1011.97,KRW per 100 JPY,10.1197,KRW per JPY,731Y001,2,원/일본엔(100엔),원,731Y001,JPY/KRW (KRW per JPY; raw ECOS value is KRW per 100 JPY),Saturday,weekend_observation
1999-03-13,10.3904,1039.04,KRW per 100 JPY,10.3904,KRW per JPY,731Y001,2,원/일본엔(100엔),원,731Y001,JPY/KRW (KRW per JPY; raw ECOS value is KRW per 100 JPY),Saturday,weekend_observation
1999-03-20,10.42,1042.0,KRW per 100 JPY,10.42,KRW per JPY,731Y001,2,원/일본엔(100엔),원,731Y001,JPY/KRW (KRW per JPY; raw ECOS value is KRW per 100 JPY),Saturday,weekend_observation
1999-03-27,10.1696,1016.96,KRW per 100 JPY,10.1696,KRW per JPY,731Y001,2,원/일본엔(100엔),원,731Y001,JPY/KRW (KRW per JPY; raw ECOS value is KRW per 100 JPY),Saturday,weekend_observation
1999-04-03,10.1437,1014.37,KRW per 100 JPY,10.1437,KRW per JPY,731Y001,2,원/일본엔(100엔),원,731Y001,JPY/KRW (KRW per JPY; raw ECOS value is KRW per 100 JPY),Saturday,weekend_observation
1999-04-10,10.1195,1011.95,KRW per 100 JPY,10.1195,KRW per JPY,731Y001,2,원/일본엔(100엔),원,731Y001,JPY/KRW (KRW per JPY; raw ECOS value is KRW per 100 JPY),Saturday,weekend_observation
1999-04-17,10.3434,1034.34,KRW per 100 JPY,10.3434,KRW per JPY,731Y001,2,원/일본엔(100엔),원,731Y001,JPY/KRW (KRW per JPY; raw ECOS value is KRW per 100 JPY),Saturday,weekend_observation
1999-04-24,9.974,997.4,KRW per 100 JPY,9.974,KRW per JPY,731Y001,2,원/일본엔(100엔),원,731Y001,JPY/KRW (KRW per JPY; raw ECOS value is KRW per 100 JPY),Saturday,weekend_observation
1999-05-08,9.947,994.7,KRW per 100 JPY,9.947,KRW per JPY,731Y001,2,원/일본엔(100엔),원,731Y001,JPY/KRW (KRW per JPY; raw ECOS value is KRW per 100 JPY),Saturday,weekend_observation
1999-05-15,9.8351,983.51,KRW per 100 JPY,9.8351,KRW per JPY,731Y001,2,원/일본엔(100엔),원,731Y001,JPY/KRW (KRW per JPY; raw ECOS value is KRW per 100 JPY),Saturday,weekend_observation
1999-05-29,9.7558,975.58,KRW per 100 JPY,9.7558,KRW per JPY,731Y001,2,원/일본엔(100엔),원,731Y001,JPY/KRW (KRW per JPY; raw ECOS value is KRW per 100 JPY),Saturday,weekend_observation
1999-06-05,9.68,968.0,KRW per 100 JPY,9.68,KRW per JPY,731Y001,2,원/일본엔(100엔),원,731Y001,JPY/KRW (KRW per JPY; raw ECOS value is KRW per 100 JPY),Saturday,weekend_observation
1999-06-12,9.9025,990.25,KRW per 100 JPY,9.9025,KRW per JPY,731Y001,2,원/일본엔(100엔),원,731Y001,JPY/KRW (KRW per JPY; raw ECOS value is KRW per 100 JPY),Saturday,weekend_observation
1999-06-19,9.6856,968.56,KRW per 100 JPY,9.6856,KRW per JPY,731Y001,2,원/일본엔(100엔),원,731Y001,JPY/KRW (KRW per JPY; raw ECOS value is KRW per 100 JPY),Saturday,weekend_observation
1999-06-26,9.5053,950.53,KRW per 100 JPY,9.5053,KRW per JPY,731Y001,2,원/일본엔(100엔),원,731Y001,JPY/KRW (KRW per JPY; raw ECOS value is KRW per 100 JPY),Saturday,weekend_observation
1999-07-03,9.6454,964.54,KRW per 100 JPY,9.6454,KRW per JPY,731Y001,2,원/일본엔(100엔),원,731Y001,JPY/KRW (KRW per JPY; raw ECOS value is KRW per 100 JPY),Saturday,weekend_observation
1999-07-10,9.7042,970.42,KRW per 100 JPY,9.7042,KRW per JPY,731Y001,2,원/일본엔(100엔),원,731Y001,JPY/KRW (KRW per JPY; raw ECOS value is KRW per 100 JPY),Saturday,weekend_observation
1999-07-24,10.3663,1036.63,KRW per 100 JPY,10.3663,KRW per JPY,731Y001,2,원/일본엔(100엔),원,731Y001,JPY/KRW (KRW per JPY; raw ECOS value is KRW per 100 JPY),Saturday,weekend_observation
1999-07-31,10.538800000000002,1053.88,KRW per 100 JPY,10.538800000000002,KRW per JPY,731Y001,2,원/일본엔(100엔),원,731Y001,JPY/KRW (KRW per JPY; raw ECOS value is KRW per 100 JPY),Saturday,weekend_observation
1999-08-07,10.4445,1044.45,KRW per 100 JPY,10.4445,KRW per JPY,731Y001,2,원/일본엔(100엔),원,731Y001,JPY/KRW (KRW per JPY; raw ECOS value is KRW per 100 JPY),Saturday,weekend_observation
1999-08-14,10.4247,1042.47,KRW per 100 JPY,10.4247,KRW per JPY,731Y001,2,원/일본엔(100엔),원,731Y001,JPY/KRW (KRW per JPY; raw ECOS value is KRW per 100 JPY),Saturday,weekend_observation
1999-08-21,10.7828,1078.28,KRW per 100 JPY,10.7828,KRW per JPY,731Y001,2,원/일본엔(100엔),원,731Y001,JPY/KRW (KRW per JPY; raw ECOS value is KRW per 100 JPY),Saturday,weekend_observation
1999-08-28,10.6813,1068.13,KRW per 100 JPY,10.6813,KRW per JPY,731Y001,2,원/일본엔(100엔),원,731Y001,JPY/KRW (KRW per JPY; raw ECOS value is KRW per 100 JPY),Saturday,weekend_observation
1999-09-04,10.8523,1085.23,KRW per 100 JPY,10.8523,KRW per JPY,731Y001,2,원/일본엔(100엔),원,731Y001,JPY/KRW (KRW per JPY; raw ECOS value is KRW per 100 JPY),Saturday,weekend_observation
1999-09-11,10.9527,1095.27,KRW per 100 JPY,10.9527,KRW per JPY,731Y001,2,원/일본엔(100엔),원,731Y001,JPY/KRW (KRW per JPY; raw ECOS value is KRW per 100 JPY),Saturday,weekend_observation
1999-09-18,11.2428,1124.28,KRW per 100 JPY,11.2428,KRW per JPY,731Y001,2,원/일본엔(100엔),원,731Y001,JPY/KRW (KRW per JPY; raw ECOS value is KRW per 100 JPY),Saturday,weekend_observation
1999-10-02,11.5651,1156.51,KRW per 100 JPY,11.5651,KRW per JPY,731Y001,2,원/일본엔(100엔),원,731Y001,JPY/KRW (KRW per JPY; raw ECOS value is KRW per 100 JPY),Saturday,weekend_observation
1999-10-09,11.1952,1119.52,KRW per 100 JPY,11.1952,KRW per JPY,731Y001,2,원/일본엔(100엔),원,731Y001,JPY/KRW (KRW per JPY; raw ECOS value is KRW per 100 JPY),Saturday,weekend_observation
1999-10-16,11.4433,1144.33,KRW per 100 JPY,11.4433,KRW per JPY,731Y001,2,원/일본엔(100엔),원,731Y001,JPY/KRW (KRW per JPY; raw ECOS value is KRW per 100 JPY),Saturday,weekend_observation
1999-10-23,11.4047,1140.47,KRW per 100 JPY,11.4047,KRW per JPY,731Y001,2,원/일본엔(100엔),원,731Y001,JPY/KRW (KRW per JPY; raw ECOS value is KRW per 100 JPY),Saturday,weekend_observation
1999-10-30,11.5289,1152.89,KRW per 100 JPY,11.5289,KRW per JPY,731Y001,2,원/일본엔(100엔),원,731Y001,JPY/KRW (KRW per JPY; raw ECOS value is KRW per 100 JPY),Saturday,weekend_observation
1999-11-06,11.1625,1116.25,KRW per 100 JPY,11.1625,KRW per JPY,731Y001,2,원/일본엔(100엔),원,731Y001,JPY/KRW (KRW per JPY; raw ECOS value is KRW per 100 JPY),Saturday,weekend_observation
1999-11-13,11.1009,1110.09,KRW per 100 JPY,11.1009,KRW per JPY,731Y001,2,원/일본엔(100엔),원,731Y001,JPY/KRW (KRW per JPY; raw ECOS value is KRW per 100 JPY),Saturday,weekend_observation
1999-11-20,11.0336,1103.36,KRW per 100 JPY,11.0336,KRW per JPY,731Y001,2,원/일본엔(100엔),원,731Y001,JPY/KRW (KRW per JPY; raw ECOS value is KRW per 100 JPY),Saturday,weekend_observation
1999-11-27,11.3862,1138.62,KRW per 100 JPY,11.3862,KRW per JPY,731Y001,2,원/일본엔(100엔),원,731Y001,JPY/KRW (KRW per JPY; raw ECOS value is KRW per 100 JPY),Saturday,weekend_observation
1999-12-04,11.2084,1120.84,KRW per 100 JPY,11.2084,KRW per JPY,731Y001,2,원/일본엔(100엔),원,731Y001,JPY/KRW (KRW per JPY; raw ECOS value is KRW per 100 JPY),Saturday,weekend_observation
1999-12-11,11.0765,1107.65,KRW per 100 JPY,11.0765,KRW per JPY,731Y001,2,원/일본엔(100엔),원,731Y001,JPY/KRW (KRW per JPY; raw ECOS value is KRW per 100 JPY),Saturday,weekend_observation
1999-12-18,10.9594,1095.94,KRW per 100 JPY,10.9594,KRW per JPY,731Y001,2,원/일본엔(100엔),원,731Y001,JPY/KRW (KRW per JPY; raw ECOS value is KRW per 100 JPY),Saturday,weekend_observation
2000-01-08,10.8791,1087.91,KRW per 100 JPY,10.8791,KRW per JPY,731Y001,2,원/일본엔(100엔),원,731Y001,JPY/KRW (KRW per JPY; raw ECOS value is KRW per 100 JPY),Saturday,weekend_observation
2000-01-15,10.6582,1065.82,KRW per 100 JPY,10.6582,KRW per JPY,731Y001,2,원/일본엔(100엔),원,731Y001,JPY/KRW (KRW per JPY; raw ECOS value is KRW per 100 JPY),Saturday,weekend_observation
2000-01-22,10.7616,1076.16,KRW per 100 JPY,10.7616,KRW per JPY,731Y001,2,원/일본엔(100엔),원,731Y001,JPY/KRW (KRW per JPY; raw ECOS value is KRW per 100 JPY),Saturday,weekend_observation
2000-01-29,10.4703,1047.03,KRW per 100 JPY,10.4703,KRW per JPY,731Y001,2,원/일본엔(100엔),원,731Y001,JPY/KRW (KRW per JPY; raw ECOS value is KRW per 100 JPY),Saturday,weekend_observation
2000-02-12,10.2723,1027.23,KRW per 100 JPY,10.2723,KRW per JPY,731Y001,2,원/일본엔(100엔),원,731Y001,JPY/KRW (KRW per JPY; raw ECOS value is KRW per 100 JPY),Saturday,weekend_observation
2000-02-19,10.1838,1018.38,KRW per 100 JPY,10.1838,KRW per JPY,731Y001,2,원/일본엔(100엔),원,731Y001,JPY/KRW (KRW per JPY; raw ECOS value is KRW per 100 JPY),Saturday,weekend_observation
2000-02-26,10.3389,1033.89,KRW per 100 JPY,10.3389,KRW per JPY,731Y001,2,원/일본엔(100엔),원,731Y001,JPY/KRW (KRW per JPY; raw ECOS value is KRW per 100 JPY),Saturday,weekend_observation
2000-03-04,10.3922,1039.22,KRW per 100 JPY,10.3922,KRW per JPY,731Y001,2,원/일본엔(100엔),원,731Y001,JPY/KRW (KRW per JPY; raw ECOS value is KRW per 100 JPY),Saturday,weekend_observation
2000-03-11,10.5334,1053.34,KRW per 100 JPY,10.5334,KRW per JPY,731Y001,2,원/일본엔(100엔),원,731Y001,JPY/KRW (KRW per JPY; raw ECOS value is KRW per 100 JPY),Saturday,weekend_observation
2000-03-18,10.4815,1048.15,KRW per 100 JPY,10.4815,KRW per JPY,731Y001,2,원/일본엔(100엔),원,731Y001,JPY/KRW (KRW per JPY; raw ECOS value is KRW per 100 JPY),Saturday,weekend_observation
2000-03-25,10.3646,1036.46,KRW per 100 JPY,10.3646,KRW per JPY,731Y001,2,원/일본엔(100엔),원,731Y001,JPY/KRW (KRW per JPY; raw ECOS value is KRW per 100 JPY),Saturday,weekend_observation
2000-04-01,10.771,1077.1,KRW per 100 JPY,10.771,KRW per JPY,731Y001,2,원/일본엔(100엔),원,731Y001,JPY/KRW (KRW per JPY; raw ECOS value is KRW per 100 JPY),Saturday,weekend_observation
2000-04-08,10.5175,1051.75,KRW per 100 JPY,10.5175,KRW per JPY,731Y001,2,원/일본엔(100엔),원,731Y001,JPY/KRW (KRW per JPY; raw ECOS value is KRW per 100 JPY),Saturday,weekend_observation
2000-04-15,10.5856,1058.56,KRW per 100 JPY,10.5856,KRW per JPY,731Y001,2,원/일본엔(100엔),원,731Y001,JPY/KRW (KRW per JPY; raw ECOS value is KRW per 100 JPY),Saturday,weekend_observation
2000-04-22,10.484000000000002,1048.4,KRW per 100 JPY,10.484000000000002,KRW per JPY,731Y001,2,원/일본엔(100엔),원,731Y001,JPY/KRW (KRW per JPY; raw ECOS value is KRW per 100 JPY),Saturday,weekend_observation
2000-04-29,10.2634,1026.34,KRW per 100 JPY,10.2634,KRW per JPY,731Y001,2,원/일본엔(100엔),원,731Y001,JPY/KRW (KRW per JPY; raw ECOS value is KRW per 100 JPY),Saturday,weekend_observation
2000-05-06,10.2349,1023.49,KRW per 100 JPY,10.2349,KRW per JPY,731Y001,2,원/일본엔(100엔),원,731Y001,JPY/KRW (KRW per JPY; raw ECOS value is KRW per 100 JPY),Saturday,weekend_observation
2000-05-13,10.2508,1025.08,KRW per 100 JPY,10.2508,KRW per JPY,731Y001,2,원/일본엔(100엔),원,731Y001,JPY/KRW (KRW per JPY; raw ECOS value is KRW per 100 JPY),Saturday,weekend_observation
2000-05-20,10.5012,1050.12,KRW per 100 JPY,10.5012,KRW per JPY,731Y001,2,원/일본엔(100엔),원,731Y001,JPY/KRW (KRW per JPY; raw ECOS value is KRW per 100 JPY),Saturday,weekend_observation
2000-05-27,10.5945,1059.45,KRW per 100 JPY,10.5945,KRW per JPY,731Y001,2,원/일본엔(100엔),원,731Y001,JPY/KRW (KRW per JPY; raw ECOS value is KRW per 100 JPY),Saturday,weekend_observation
2000-06-03,10.4221,1042.21,KRW per 100 JPY,10.4221,KRW per JPY,731Y001,2,원/일본엔(100엔),원,731Y001,JPY/KRW (KRW per JPY; raw ECOS value is KRW per 100 JPY),Saturday,weekend_observation
2000-06-10,10.435899999999998,1043.59,KRW per 100 JPY,10.435899999999998,KRW per JPY,731Y001,2,원/일본엔(100엔),원,731Y001,JPY/KRW (KRW per JPY; raw ECOS value is KRW per 100 JPY),Saturday,weekend_observation
2000-06-17,10.4934,1049.34,KRW per 100 JPY,10.4934,KRW per JPY,731Y001,2,원/일본엔(100엔),원,731Y001,JPY/KRW (KRW per JPY; raw ECOS value is KRW per 100 JPY),Saturday,weekend_observation
2000-06-24,10.6862,1068.62,KRW per 100 JPY,10.6862,KRW per JPY,731Y001,2,원/일본엔(100엔),원,731Y001,JPY/KRW (KRW per JPY; raw ECOS value is KRW per 100 JPY),Saturday,weekend_observation
2000-07-01,10.5256,1052.56,KRW per 100 JPY,10.5256,KRW per JPY,731Y001,2,원/일본엔(100엔),원,731Y001,JPY/KRW (KRW per JPY; raw ECOS value is KRW per 100 JPY),Saturday,weekend_observation
2000-07-08,10.3493,1034.93,KRW per 100 JPY,10.3493,KRW per JPY,731Y001,2,원/일본엔(100엔),원,731Y001,JPY/KRW (KRW per JPY; raw ECOS value is KRW per 100 JPY),Saturday,weekend_observation
2000-07-15,10.3143,1031.43,KRW per 100 JPY,10.3143,KRW per JPY,731Y001,2,원/일본엔(100엔),원,731Y001,JPY/KRW (KRW per JPY; raw ECOS value is KRW per 100 JPY),Saturday,weekend_observation
2000-07-22,10.2111,1021.11,KRW per 100 JPY,10.2111,KRW per JPY,731Y001,2,원/일본엔(100엔),원,731Y001,JPY/KRW (KRW per JPY; raw ECOS value is KRW per 100 JPY),Saturday,weekend_observation
2000-07-29,10.1862,1018.62,KRW per 100 JPY,10.1862,KRW per JPY,731Y001,2,원/일본엔(100엔),원,731Y001,JPY/KRW (KRW per JPY; raw ECOS value is KRW per 100 JPY),Saturday,weekend_observation
2000-08-05,10.2698,1026.98,KRW per 100 JPY,10.2698,KRW per JPY,731Y001,2,원/일본엔(100엔),원,731Y001,JPY/KRW (KRW per JPY; raw ECOS value is KRW per 100 JPY),Saturday,weekend_observation
2000-08-12,10.2633,1026.33,KRW per 100 JPY,10.2633,KRW per JPY,731Y001,2,원/일본엔(100엔),원,731Y001,JPY/KRW (KRW per JPY; raw ECOS value is KRW per 100 JPY),Saturday,weekend_observation
2000-08-19,10.2832,1028.32,KRW per 100 JPY,10.2832,KRW per JPY,731Y001,2,원/일본엔(100엔),원,731Y001,JPY/KRW (KRW per JPY; raw ECOS value is KRW per 100 JPY),Saturday,weekend_observation
2000-08-26,10.4258,1042.58,KRW per 100 JPY,10.4258,KRW per JPY,731Y001,2,원/일본엔(100엔),원,731Y001,JPY/KRW (KRW per JPY; raw ECOS value is KRW per 100 JPY),Saturday,weekend_observation
2000-09-02,10.4464,1044.64,KRW per 100 JPY,10.4464,KRW per JPY,731Y001,2,원/일본엔(100엔),원,731Y001,JPY/KRW (KRW per JPY; raw ECOS value is KRW per 100 JPY),Saturday,weekend_observation
2000-09-09,10.4524,1045.24,KRW per 100 JPY,10.4524,KRW per JPY,731Y001,2,원/일본엔(100엔),원,731Y001,JPY/KRW (KRW per JPY; raw ECOS value is KRW per 100 JPY),Saturday,weekend_observation
2000-09-16,10.435,1043.5,KRW per 100 JPY,10.435,KRW per JPY,731Y001,2,원/일본엔(100엔),원,731Y001,JPY/KRW (KRW per JPY; raw ECOS value is KRW per 100 JPY),Saturday,weekend_observation
2000-09-23,10.4889,1048.89,KRW per 100 JPY,10.4889,KRW per JPY,731Y001,2,원/일본엔(100엔),원,731Y001,JPY/KRW (KRW per JPY; raw ECOS value is KRW per 100 JPY),Saturday,weekend_observation
2000-09-30,10.308800000000002,1030.88,KRW per 100 JPY,10.308800000000002,KRW per JPY,731Y001,2,원/일본엔(100엔),원,731Y001,JPY/KRW (KRW per JPY; raw ECOS value is KRW per 100 JPY),Saturday,weekend_observation
2000-10-07,10.2591,1025.91,KRW per 100 JPY,10.2591,KRW per JPY,731Y001,2,원/일본엔(100엔),원,731Y001,JPY/KRW (KRW per JPY; raw ECOS value is KRW per 100 JPY),Saturday,weekend_observation
2000-10-14,10.4713,1047.13,KRW per 100 JPY,10.4713,KRW per JPY,731Y001,2,원/일본엔(100엔),원,731Y001,JPY/KRW (KRW per JPY; raw ECOS value is KRW per 100 JPY),Saturday,weekend_observation
2000-10-21,10.3684,1036.84,KRW per 100 JPY,10.3684,KRW per JPY,731Y001,2,원/일본엔(100엔),원,731Y001,JPY/KRW (KRW per JPY; raw ECOS value is KRW per 100 JPY),Saturday,weekend_observation
2000-10-28,10.4287,1042.87,KRW per 100 JPY,10.4287,KRW per JPY,731Y001,2,원/일본엔(100엔),원,731Y001,JPY/KRW (KRW per JPY; raw ECOS value is KRW per 100 JPY),Saturday,weekend_observation
2000-11-04,10.5831,1058.31,KRW per 100 JPY,10.5831,KRW per JPY,731Y001,2,원/일본엔(100엔),원,731Y001,JPY/KRW (KRW per JPY; raw ECOS value is KRW per 100 JPY),Saturday,weekend_observation
2000-11-11,10.4946,1049.46,KRW per 100 JPY,10.4946,KRW per JPY,731Y001,2,원/일본엔(100엔),원,731Y001,JPY/KRW (KRW per JPY; raw ECOS value is KRW per 100 JPY),Saturday,weekend_observation
2000-11-18,10.4778,1047.78,KRW per 100 JPY,10.4778,KRW per JPY,731Y001,2,원/일본엔(100엔),원,731Y001,JPY/KRW (KRW per JPY; raw ECOS value is KRW per 100 JPY),Saturday,weekend_observation
2000-11-25,10.7376,1073.76,KRW per 100 JPY,10.7376,KRW per JPY,731Y001,2,원/일본엔(100엔),원,731Y001,JPY/KRW (KRW per JPY; raw ECOS value is KRW per 100 JPY),Saturday,weekend_observation
2000-12-02,10.8894,1088.94,KRW per 100 JPY,10.8894,KRW per JPY,731Y001,2,원/일본엔(100엔),원,731Y001,JPY/KRW (KRW per JPY; raw ECOS value is KRW per 100 JPY),Saturday,weekend_observation
2000-12-09,10.7199,1071.99,KRW per 100 JPY,10.7199,KRW per JPY,731Y001,2,원/일본엔(100엔),원,731Y001,JPY/KRW (KRW per JPY; raw ECOS value is KRW per 100 JPY),Saturday,weekend_observation
2000-12-16,10.7045,1070.45,KRW per 100 JPY,10.7045,KRW per JPY,731Y001,2,원/일본엔(100엔),원,731Y001,JPY/KRW (KRW per JPY; raw ECOS value is KRW per 100 JPY),Saturday,weekend_observation
2000-12-23,10.9132,1091.32,KRW per 100 JPY,10.9132,KRW per JPY,731Y001,2,원/일본엔(100엔),원,731Y001,JPY/KRW (KRW per JPY; raw ECOS value is KRW per 100 JPY),Saturday,weekend_observation
2000-12-30,11.0152,1101.52,KRW per 100 JPY,11.0152,KRW per JPY,731Y001,2,원/일본엔(100엔),원,731Y001,JPY/KRW (KRW per JPY; raw ECOS value is KRW per 100 JPY),Saturday,weekend_observation
2001-01-06,10.8777,1087.77,KRW per 100 JPY,10.8777,KRW per JPY,731Y001,2,원/일본엔(100엔),원,731Y001,JPY/KRW (KRW per JPY; raw ECOS value is KRW per 100 JPY),Saturday,weekend_observation
2001-01-13,10.816400000000002,1081.64,KRW per 100 JPY,10.816400000000002,KRW per JPY,731Y001,2,원/일본엔(100엔),원,731Y001,JPY/KRW (KRW per JPY; raw ECOS value is KRW per 100 JPY),Saturday,weekend_observation
2001-01-20,10.898,1089.8,KRW per 100 JPY,10.898,KRW per JPY,731Y001,2,원/일본엔(100엔),원,731Y001,JPY/KRW (KRW per JPY; raw ECOS value is KRW per 100 JPY),Saturday,weekend_observation
2001-01-27,10.8629,1086.29,KRW per 100 JPY,10.8629,KRW per JPY,731Y001,2,원/일본엔(100엔),원,731Y001,JPY/KRW (KRW per JPY; raw ECOS value is KRW per 100 JPY),Saturday,weekend_observation
2001-02-03,10.824000000000002,1082.4,KRW per 100 JPY,10.824000000000002,KRW per JPY,731Y001,2,원/일본엔(100엔),원,731Y001,JPY/KRW (KRW per JPY; raw ECOS value is KRW per 100 JPY),Saturday,weekend_observation
2001-02-10,10.7272,1072.72,KRW per 100 JPY,10.7272,KRW per JPY,731Y001,2,원/일본엔(100엔),원,731Y001,JPY/KRW (KRW per JPY; raw ECOS value is KRW per 100 JPY),Saturday,weekend_observation
2001-02-17,10.7409,1074.09,KRW per 100 JPY,10.7409,KRW per JPY,731Y001,2,원/일본엔(100엔),원,731Y001,JPY/KRW (KRW per JPY; raw ECOS value is KRW per 100 JPY),Saturday,weekend_observation
2001-02-24,10.7688,1076.88,KRW per 100 JPY,10.7688,KRW per JPY,731Y001,2,원/일본엔(100엔),원,731Y001,JPY/KRW (KRW per JPY; raw ECOS value is KRW per 100 JPY),Saturday,weekend_observation
2001-03-03,10.593800000000002,1059.38,KRW per 100 JPY,10.593800000000002,KRW per JPY,731Y001,2,원/일본엔(100엔),원,731Y001,JPY/KRW (KRW per JPY; raw ECOS value is KRW per 100 JPY),Saturday,weekend_observation
2001-03-10,10.5998,1059.98,KRW per 100 JPY,10.5998,KRW per JPY,731Y001,2,원/일본엔(100엔),원,731Y001,JPY/KRW (KRW per JPY; raw ECOS value is KRW per 100 JPY),Saturday,weekend_observation
2001-03-17,10.5068,1050.68,KRW per 100 JPY,10.5068,KRW per JPY,731Y001,2,원/일본엔(100엔),원,731Y001,JPY/KRW (KRW per JPY; raw ECOS value is KRW per 100 JPY),Saturday,weekend_observation
2001-03-24,10.7008,1070.08,KRW per 100 JPY,10.7008,KRW per JPY,731Y001,2,원/일본엔(100엔),원,731Y001,JPY/KRW (KRW per JPY; raw ECOS value is KRW per 100 JPY),Saturday,weekend_observation
2001-03-31,10.5272,1052.72,KRW per 100 JPY,10.5272,KRW per JPY,731Y001,2,원/일본엔(100엔),원,731Y001,JPY/KRW (KRW per JPY; raw ECOS value is KRW per 100 JPY),Saturday,weekend_observation
2001-04-07,10.8736,1087.36,KRW per 100 JPY,10.8736,KRW per JPY,731Y001,2,원/일본엔(100엔),원,731Y001,JPY/KRW (KRW per JPY; raw ECOS value is KRW per 100 JPY),Saturday,weekend_observation
2001-04-14,10.6609,1066.09,KRW per 100 JPY,10.6609,KRW per JPY,731Y001,2,원/일본엔(100엔),원,731Y001,JPY/KRW (KRW per JPY; raw ECOS value is KRW per 100 JPY),Saturday,weekend_observation
2001-04-21,10.69,1069.0,KRW per 100 JPY,10.69,KRW per JPY,731Y001,2,원/일본엔(100엔),원,731Y001,JPY/KRW (KRW per JPY; raw ECOS value is KRW per 100 JPY),Saturday,weekend_observation
2001-04-28,10.6796,1067.96,KRW per 100 JPY,10.6796,KRW per JPY,731Y001,2,원/일본엔(100엔),원,731Y001,JPY/KRW (KRW per JPY; raw ECOS value is KRW per 100 JPY),Saturday,weekend_observation
2001-05-12,10.6218,1062.18,KRW per 100 JPY,10.6218,KRW per JPY,731Y001,2,원/일본엔(100엔),원,731Y001,JPY/KRW (KRW per JPY; raw ECOS value is KRW per 100 JPY),Saturday,weekend_observation
2001-05-19,10.5181,1051.81,KRW per 100 JPY,10.5181,KRW per JPY,731Y001,2,원/일본엔(100엔),원,731Y001,JPY/KRW (KRW per JPY; raw ECOS value is KRW per 100 JPY),Saturday,weekend_observation
2001-05-26,10.6779,1067.79,KRW per 100 JPY,10.6779,KRW per JPY,731Y001,2,원/일본엔(100엔),원,731Y001,JPY/KRW (KRW per JPY; raw ECOS value is KRW per 100 JPY),Saturday,weekend_observation
2001-06-02,10.7545,1075.45,KRW per 100 JPY,10.7545,KRW per JPY,731Y001,2,원/일본엔(100엔),원,731Y001,JPY/KRW (KRW per JPY; raw ECOS value is KRW per 100 JPY),Saturday,weekend_observation
2001-06-09,10.6352,1063.52,KRW per 100 JPY,10.6352,KRW per JPY,731Y001,2,원/일본엔(100엔),원,731Y001,JPY/KRW (KRW per JPY; raw ECOS value is KRW per 100 JPY),Saturday,weekend_observation
2001-06-16,10.508299999999998,1050.83,KRW per 100 JPY,10.508299999999998,KRW per JPY,731Y001,2,원/일본엔(100엔),원,731Y001,JPY/KRW (KRW per JPY; raw ECOS value is KRW per 100 JPY),Saturday,weekend_observation
2001-06-23,10.4806,1048.06,KRW per 100 JPY,10.4806,KRW per JPY,731Y001,2,원/일본엔(100엔),원,731Y001,JPY/KRW (KRW per JPY; raw ECOS value is KRW per 100 JPY),Saturday,weekend_observation
2001-06-30,10.4331,1043.31,KRW per 100 JPY,10.4331,KRW per JPY,731Y001,2,원/일본엔(100엔),원,731Y001,JPY/KRW (KRW per JPY; raw ECOS value is KRW per 100 JPY),Saturday,weekend_observation
2001-07-07,10.2801,1028.01,KRW per 100 JPY,10.2801,KRW per JPY,731Y001,2,원/일본엔(100엔),원,731Y001,JPY/KRW (KRW per JPY; raw ECOS value is KRW per 100 JPY),Saturday,weekend_observation
2001-07-14,10.4404,1044.04,KRW per 100 JPY,10.4404,KRW per JPY,731Y001,2,원/일본엔(100엔),원,731Y001,JPY/KRW (KRW per JPY; raw ECOS value is KRW per 100 JPY),Saturday,weekend_observation
2001-07-21,10.6078,1060.78,KRW per 100 JPY,10.6078,KRW per JPY,731Y001,2,원/일본엔(100엔),원,731Y001,JPY/KRW (KRW per JPY; raw ECOS value is KRW per 100 JPY),Saturday,weekend_observation
2001-07-28,10.5327,1053.27,KRW per 100 JPY,10.5327,KRW per JPY,731Y001,2,원/일본엔(100엔),원,731Y001,JPY/KRW (KRW per JPY; raw ECOS value is KRW per 100 JPY),Saturday,weekend_observation
2001-08-04,10.3792,1037.92,KRW per 100 JPY,10.3792,KRW per JPY,731Y001,2,원/일본엔(100엔),원,731Y001,JPY/KRW (KRW per JPY; raw ECOS value is KRW per 100 JPY),Saturday,weekend_observation
2001-08-11,10.5094,1050.94,KRW per 100 JPY,10.5094,KRW per JPY,731Y001,2,원/일본엔(100엔),원,731Y001,JPY/KRW (KRW per JPY; raw ECOS value is KRW per 100 JPY),Saturday,weekend_observation
2001-08-18,10.6745,1067.45,KRW per 100 JPY,10.6745,KRW per JPY,731Y001,2,원/일본엔(100엔),원,731Y001,JPY/KRW (KRW per JPY; raw ECOS value is KRW per 100 JPY),Saturday,weekend_observation
2001-08-25,10.6789,1067.89,KRW per 100 JPY,10.6789,KRW per JPY,731Y001,2,원/일본엔(100엔),원,731Y001,JPY/KRW (KRW per JPY; raw ECOS value is KRW per 100 JPY),Saturday,weekend_observation
2001-09-01,10.7885,1078.85,KRW per 100 JPY,10.7885,KRW per JPY,731Y001,2,원/일본엔(100엔),원,731Y001,JPY/KRW (KRW per JPY; raw ECOS value is KRW per 100 JPY),Saturday,weekend_observation
2001-09-08,10.7121,1071.21,KRW per 100 JPY,10.7121,KRW per JPY,731Y001,2,원/일본엔(100엔),원,731Y001,JPY/KRW (KRW per JPY; raw ECOS value is KRW per 100 JPY),Saturday,weekend_observation
2001-09-15,11.0621,1106.21,KRW per 100 JPY,11.0621,KRW per JPY,731Y001,2,원/일본엔(100엔),원,731Y001,JPY/KRW (KRW per JPY; raw ECOS value is KRW per 100 JPY),Saturday,weekend_observation
2001-09-22,11.1225,1112.25,KRW per 100 JPY,11.1225,KRW per JPY,731Y001,2,원/일본엔(100엔),원,731Y001,JPY/KRW (KRW per JPY; raw ECOS value is KRW per 100 JPY),Saturday,weekend_observation
2001-09-29,10.9539,1095.39,KRW per 100 JPY,10.9539,KRW per JPY,731Y001,2,원/일본엔(100엔),원,731Y001,JPY/KRW (KRW per JPY; raw ECOS value is KRW per 100 JPY),Saturday,weekend_observation
2001-10-06,10.8954,1089.54,KRW per 100 JPY,10.8954,KRW per JPY,731Y001,2,원/일본엔(100엔),원,731Y001,JPY/KRW (KRW per JPY; raw ECOS value is KRW per 100 JPY),Saturday,weekend_observation
2001-10-13,10.7244,1072.44,KRW per 100 JPY,10.7244,KRW per JPY,731Y001,2,원/일본엔(100엔),원,731Y001,JPY/KRW (KRW per JPY; raw ECOS value is KRW per 100 JPY),Saturday,weekend_observation
2001-10-20,10.7377,1073.77,KRW per 100 JPY,10.7377,KRW per JPY,731Y001,2,원/일본엔(100엔),원,731Y001,JPY/KRW (KRW per JPY; raw ECOS value is KRW per 100 JPY),Saturday,weekend_observation
2001-10-27,10.5589,1055.89,KRW per 100 JPY,10.5589,KRW per JPY,731Y001,2,원/일본엔(100엔),원,731Y001,JPY/KRW (KRW per JPY; raw ECOS value is KRW per 100 JPY),Saturday,weekend_observation
2001-11-03,10.6558,1065.58,KRW per 100 JPY,10.6558,KRW per JPY,731Y001,2,원/일본엔(100엔),원,731Y001,JPY/KRW (KRW per JPY; raw ECOS value is KRW per 100 JPY),Saturday,weekend_observation
2001-11-10,10.6538,1065.38,KRW per 100 JPY,10.6538,KRW per JPY,731Y001,2,원/일본엔(100엔),원,731Y001,JPY/KRW (KRW per JPY; raw ECOS value is KRW per 100 JPY),Saturday,weekend_observation
2001-11-17,10.4418,1044.18,KRW per 100 JPY,10.4418,KRW per JPY,731Y001,2,원/일본엔(100엔),원,731Y001,JPY/KRW (KRW per JPY; raw ECOS value is KRW per 100 JPY),Saturday,weekend_observation
2001-11-24,10.259,1025.9,KRW per 100 JPY,10.259,KRW per JPY,731Y001,2,원/일본엔(100엔),원,731Y001,JPY/KRW (KRW per JPY; raw ECOS value is KRW per 100 JPY),Saturday,weekend_observation
2001-12-01,10.286,1028.6,KRW per 100 JPY,10.286,KRW per JPY,731Y001,2,원/일본엔(100엔),원,731Y001,JPY/KRW (KRW per JPY; raw ECOS value is KRW per 100 JPY),Saturday,weekend_observation
2001-12-08,10.1418,1014.18,KRW per 100 JPY,10.1418,KRW per JPY,731Y001,2,원/일본엔(100엔),원,731Y001,JPY/KRW (KRW per JPY; raw ECOS value is KRW per 100 JPY),Saturday,weekend_observation
2001-12-15,10.0613,1006.13,KRW per 100 JPY,10.0613,KRW per JPY,731Y001,2,원/일본엔(100엔),원,731Y001,JPY/KRW (KRW per JPY; raw ECOS value is KRW per 100 JPY),Saturday,weekend_observation
2001-12-22,10.1228,1012.28,KRW per 100 JPY,10.1228,KRW per JPY,731Y001,2,원/일본엔(100엔),원,731Y001,JPY/KRW (KRW per JPY; raw ECOS value is KRW per 100 JPY),Saturday,weekend_observation
2001-12-29,10.116,1011.6,KRW per 100 JPY,10.116,KRW per JPY,731Y001,2,원/일본엔(100엔),원,731Y001,JPY/KRW (KRW per JPY; raw ECOS value is KRW per 100 JPY),Saturday,weekend_observation
2002-01-05,9.9885,998.85,KRW per 100 JPY,9.9885,KRW per JPY,731Y001,2,원/일본엔(100엔),원,731Y001,JPY/KRW (KRW per JPY; raw ECOS value is KRW per 100 JPY),Saturday,weekend_observation
2002-01-12,9.9266,992.66,KRW per 100 JPY,9.9266,KRW per JPY,731Y001,2,원/일본엔(100엔),원,731Y001,JPY/KRW (KRW per JPY; raw ECOS value is KRW per 100 JPY),Saturday,weekend_observation
2002-01-19,9.9585,995.85,KRW per 100 JPY,9.9585,KRW per JPY,731Y001,2,원/일본엔(100엔),원,731Y001,JPY/KRW (KRW per JPY; raw ECOS value is KRW per 100 JPY),Saturday,weekend_observation
2002-01-26,9.8862,988.62,KRW per 100 JPY,9.8862,KRW per JPY,731Y001,2,원/일본엔(100엔),원,731Y001,JPY/KRW (KRW per JPY; raw ECOS value is KRW per 100 JPY),Saturday,weekend_observation
2002-02-02,9.9233,992.33,KRW per 100 JPY,9.9233,KRW per JPY,731Y001,2,원/일본엔(100엔),원,731Y001,JPY/KRW (KRW per JPY; raw ECOS value is KRW per 100 JPY),Saturday,weekend_observation
2002-02-09,9.7954,979.54,KRW per 100 JPY,9.7954,KRW per JPY,731Y001,2,원/일본엔(100엔),원,731Y001,JPY/KRW (KRW per JPY; raw ECOS value is KRW per 100 JPY),Saturday,weekend_observation
2002-02-16,9.9201,992.01,KRW per 100 JPY,9.9201,KRW per JPY,731Y001,2,원/일본엔(100엔),원,731Y001,JPY/KRW (KRW per JPY; raw ECOS value is KRW per 100 JPY),Saturday,weekend_observation
2002-02-23,9.8612,986.12,KRW per 100 JPY,9.8612,KRW per JPY,731Y001,2,원/일본엔(100엔),원,731Y001,JPY/KRW (KRW per JPY; raw ECOS value is KRW per 100 JPY),Saturday,weekend_observation
2002-03-02,9.9423,994.23,KRW per 100 JPY,9.9423,KRW per JPY,731Y001,2,원/일본엔(100엔),원,731Y001,JPY/KRW (KRW per JPY; raw ECOS value is KRW per 100 JPY),Saturday,weekend_observation
2002-03-09,10.1921,1019.21,KRW per 100 JPY,10.1921,KRW per JPY,731Y001,2,원/일본엔(100엔),원,731Y001,JPY/KRW (KRW per JPY; raw ECOS value is KRW per 100 JPY),Saturday,weekend_observation
2002-03-16,10.244000000000002,1024.4,KRW per 100 JPY,10.244000000000002,KRW per JPY,731Y001,2,원/일본엔(100엔),원,731Y001,JPY/KRW (KRW per JPY; raw ECOS value is KRW per 100 JPY),Saturday,weekend_observation
2002-03-23,9.9977,999.77,KRW per 100 JPY,9.9977,KRW per JPY,731Y001,2,원/일본엔(100엔),원,731Y001,JPY/KRW (KRW per JPY; raw ECOS value is KRW per 100 JPY),Saturday,weekend_observation
2002-03-30,9.9895,998.95,KRW per 100 JPY,9.9895,KRW per JPY,731Y001,2,원/일본엔(100엔),원,731Y001,JPY/KRW (KRW per JPY; raw ECOS value is KRW per 100 JPY),Saturday,weekend_observation
2002-04-06,10.101,1010.1,KRW per 100 JPY,10.101,KRW per JPY,731Y001,2,원/일본엔(100엔),원,731Y001,JPY/KRW (KRW per JPY; raw ECOS value is KRW per 100 JPY),Saturday,weekend_observation
2002-04-13,10.0917,1009.17,KRW per 100 JPY,10.0917,KRW per JPY,731Y001,2,원/일본엔(100엔),원,731Y001,JPY/KRW (KRW per JPY; raw ECOS value is KRW per 100 JPY),Saturday,weekend_observation
2002-04-20,10.0552,1005.52,KRW per 100 JPY,10.0552,KRW per JPY,731Y001,2,원/일본엔(100엔),원,731Y001,JPY/KRW (KRW per JPY; raw ECOS value is KRW per 100 JPY),Saturday,weekend_observation
2002-04-27,10.1517,1015.17,KRW per 100 JPY,10.1517,KRW per JPY,731Y001,2,원/일본엔(100엔),원,731Y001,JPY/KRW (KRW per JPY; raw ECOS value is KRW per 100 JPY),Saturday,weekend_observation
2002-05-04,10.1449,1014.49,KRW per 100 JPY,10.1449,KRW per JPY,731Y001,2,원/일본엔(100엔),원,731Y001,JPY/KRW (KRW per JPY; raw ECOS value is KRW per 100 JPY),Saturday,weekend_observation
2002-05-11,10.0306,1003.06,KRW per 100 JPY,10.0306,KRW per JPY,731Y001,2,원/일본엔(100엔),원,731Y001,JPY/KRW (KRW per JPY; raw ECOS value is KRW per 100 JPY),Saturday,weekend_observation
2002-05-18,10.0572,1005.72,KRW per 100 JPY,10.0572,KRW per JPY,731Y001,2,원/일본엔(100엔),원,731Y001,JPY/KRW (KRW per JPY; raw ECOS value is KRW per 100 JPY),Saturday,weekend_observation
2002-05-25,10.0088,1000.88,KRW per 100 JPY,10.0088,KRW per JPY,731Y001,2,원/일본엔(100엔),원,731Y001,JPY/KRW (KRW per JPY; raw ECOS value is KRW per 100 JPY),Saturday,weekend_observation
2002-06-01,9.8672,986.72,KRW per 100 JPY,9.8672,KRW per JPY,731Y001,2,원/일본엔(100엔),원,731Y001,JPY/KRW (KRW per JPY; raw ECOS value is KRW per 100 JPY),Saturday,weekend_observation
2002-06-08,9.8738,987.38,KRW per 100 JPY,9.8738,KRW per JPY,731Y001,2,원/일본엔(100엔),원,731Y001,JPY/KRW (KRW per JPY; raw ECOS value is KRW per 100 JPY),Saturday,weekend_observation
2002-06-15,9.9179,991.79,KRW per 100 JPY,9.9179,KRW per JPY,731Y001,2,원/일본엔(100엔),원,731Y001,JPY/KRW (KRW per JPY; raw ECOS value is KRW per 100 JPY),Saturday,weekend_observation
2002-06-22,10.076,1007.6,KRW per 100 JPY,10.076,KRW per JPY,731Y001,2,원/일본엔(100엔),원,731Y001,JPY/KRW (KRW per JPY; raw ECOS value is KRW per 100 JPY),Saturday,weekend_observation
2002-06-29,10.0451,1004.51,KRW per 100 JPY,10.0451,KRW per JPY,731Y001,2,원/일본엔(100엔),원,731Y001,JPY/KRW (KRW per JPY; raw ECOS value is KRW per 100 JPY),Saturday,weekend_observation
2002-07-06,9.9834,998.34,KRW per 100 JPY,9.9834,KRW per JPY,731Y001,2,원/일본엔(100엔),원,731Y001,JPY/KRW (KRW per JPY; raw ECOS value is KRW per 100 JPY),Saturday,weekend_observation
2002-07-13,10.1288,1012.88,KRW per 100 JPY,10.1288,KRW per JPY,731Y001,2,원/일본엔(100엔),원,731Y001,JPY/KRW (KRW per JPY; raw ECOS value is KRW per 100 JPY),Saturday,weekend_observation
2002-07-20,10.1218,1012.18,KRW per 100 JPY,10.1218,KRW per JPY,731Y001,2,원/일본엔(100엔),원,731Y001,JPY/KRW (KRW per JPY; raw ECOS value is KRW per 100 JPY),Saturday,weekend_observation
2002-07-27,9.9302,993.02,KRW per 100 JPY,9.9302,KRW per JPY,731Y001,2,원/일본엔(100엔),원,731Y001,JPY/KRW (KRW per JPY; raw ECOS value is KRW per 100 JPY),Saturday,weekend_observation
2002-08-03,9.9344,993.44,KRW per 100 JPY,9.9344,KRW per JPY,731Y001,2,원/일본엔(100엔),원,731Y001,JPY/KRW (KRW per JPY; raw ECOS value is KRW per 100 JPY),Saturday,weekend_observation
2002-08-10,10.0491,1004.91,KRW per 100 JPY,10.0491,KRW per JPY,731Y001,2,원/일본엔(100엔),원,731Y001,JPY/KRW (KRW per JPY; raw ECOS value is KRW per 100 JPY),Saturday,weekend_observation
2002-08-17,10.0994,1009.94,KRW per 100 JPY,10.0994,KRW per JPY,731Y001,2,원/일본엔(100엔),원,731Y001,JPY/KRW (KRW per JPY; raw ECOS value is KRW per 100 JPY),Saturday,weekend_observation
2002-08-24,10.0451,1004.51,KRW per 100 JPY,10.0451,KRW per JPY,731Y001,2,원/일본엔(100엔),원,731Y001,JPY/KRW (KRW per JPY; raw ECOS value is KRW per 100 JPY),Saturday,weekend_observation
2002-08-31,10.1394,1013.94,KRW per 100 JPY,10.1394,KRW per JPY,731Y001,2,원/일본엔(100엔),원,731Y001,JPY/KRW (KRW per JPY; raw ECOS value is KRW per 100 JPY),Saturday,weekend_observation
2002-09-07,10.0836,1008.36,KRW per 100 JPY,10.0836,KRW per JPY,731Y001,2,원/일본엔(100엔),원,731Y001,JPY/KRW (KRW per JPY; raw ECOS value is KRW per 100 JPY),Saturday,weekend_observation
2002-09-14,9.8726,987.26,KRW per 100 JPY,9.8726,KRW per JPY,731Y001,2,원/일본엔(100엔),원,731Y001,JPY/KRW (KRW per JPY; raw ECOS value is KRW per 100 JPY),Saturday,weekend_observation
2002-09-28,9.9886,998.86,KRW per 100 JPY,9.9886,KRW per JPY,731Y001,2,원/일본엔(100엔),원,731Y001,JPY/KRW (KRW per JPY; raw ECOS value is KRW per 100 JPY),Saturday,weekend_observation
2002-10-05,9.9911,999.11,KRW per 100 JPY,9.9911,KRW per JPY,731Y001,2,원/일본엔(100엔),원,731Y001,JPY/KRW (KRW per JPY; raw ECOS value is KRW per 100 JPY),Saturday,weekend_observation
2002-10-12,10.1677,1016.77,KRW per 100 JPY,10.1677,KRW per JPY,731Y001,2,원/일본엔(100엔),원,731Y001,JPY/KRW (KRW per JPY; raw ECOS value is KRW per 100 JPY),Saturday,weekend_observation
2002-10-19,9.8972,989.72,KRW per 100 JPY,9.8972,KRW per JPY,731Y001,2,원/일본엔(100엔),원,731Y001,JPY/KRW (KRW per JPY; raw ECOS value is KRW per 100 JPY),Saturday,weekend_observation
2002-10-26,9.9074,990.74,KRW per 100 JPY,9.9074,KRW per JPY,731Y001,2,원/일본엔(100엔),원,731Y001,JPY/KRW (KRW per JPY; raw ECOS value is KRW per 100 JPY),Saturday,weekend_observation
2002-11-02,10.0213,1002.13,KRW per 100 JPY,10.0213,KRW per JPY,731Y001,2,원/일본엔(100엔),원,731Y001,JPY/KRW (KRW per JPY; raw ECOS value is KRW per 100 JPY),Saturday,weekend_observation
2002-11-09,10.101,1010.1,KRW per 100 JPY,10.101,KRW per JPY,731Y001,2,원/일본엔(100엔),원,731Y001,JPY/KRW (KRW per JPY; raw ECOS value is KRW per 100 JPY),Saturday,weekend_observation
2002-11-16,10.0415,1004.15,KRW per 100 JPY,10.0415,KRW per JPY,731Y001,2,원/일본엔(100엔),원,731Y001,JPY/KRW (KRW per JPY; raw ECOS value is KRW per 100 JPY),Saturday,weekend_observation
2002-11-23,9.8747,987.47,KRW per 100 JPY,9.8747,KRW per JPY,731Y001,2,원/일본엔(100엔),원,731Y001,JPY/KRW (KRW per JPY; raw ECOS value is KRW per 100 JPY),Saturday,weekend_observation
2002-11-30,9.8628,986.28,KRW per 100 JPY,9.8628,KRW per JPY,731Y001,2,원/일본엔(100엔),원,731Y001,JPY/KRW (KRW per JPY; raw ECOS value is KRW per 100 JPY),Saturday,weekend_observation
2002-12-07,9.9353,993.53,KRW per 100 JPY,9.9353,KRW per JPY,731Y001,2,원/일본엔(100엔),원,731Y001,JPY/KRW (KRW per JPY; raw ECOS value is KRW per 100 JPY),Saturday,weekend_observation
2002-12-14,10.034,1003.4,KRW per 100 JPY,10.034,KRW per JPY,731Y001,2,원/일본엔(100엔),원,731Y001,JPY/KRW (KRW per JPY; raw ECOS value is KRW per 100 JPY),Saturday,weekend_observation
2002-12-21,9.9942,999.42,KRW per 100 JPY,9.9942,KRW per JPY,731Y001,2,원/일본엔(100엔),원,731Y001,JPY/KRW (KRW per JPY; raw ECOS value is KRW per 100 JPY),Saturday,weekend_observation
2002-12-28,9.9875,998.75,KRW per 100 JPY,9.9875,KRW per JPY,731Y001,2,원/일본엔(100엔),원,731Y001,JPY/KRW (KRW per JPY; raw ECOS value is KRW per 100 JPY),Saturday,weekend_observation
2003-01-04,9.9958,999.58,KRW per 100 JPY,9.9958,KRW per JPY,731Y001,2,원/일본엔(100엔),원,731Y001,JPY/KRW (KRW per JPY; raw ECOS value is KRW per 100 JPY),Saturday,weekend_observation
2003-01-11,9.8952,989.52,KRW per 100 JPY,9.8952,KRW per JPY,731Y001,2,원/일본엔(100엔),원,731Y001,JPY/KRW (KRW per JPY; raw ECOS value is KRW per 100 JPY),Saturday,weekend_observation
2003-01-18,9.9601,996.01,KRW per 100 JPY,9.9601,KRW per JPY,731Y001,2,원/일본엔(100엔),원,731Y001,JPY/KRW (KRW per JPY; raw ECOS value is KRW per 100 JPY),Saturday,weekend_observation
2003-01-25,9.9499,994.99,KRW per 100 JPY,9.9499,KRW per JPY,731Y001,2,원/일본엔(100엔),원,731Y001,JPY/KRW (KRW per JPY; raw ECOS value is KRW per 100 JPY),Saturday,weekend_observation
2003-02-08,9.8121,981.21,KRW per 100 JPY,9.8121,KRW per JPY,731Y001,2,원/일본엔(100엔),원,731Y001,JPY/KRW (KRW per JPY; raw ECOS value is KRW per 100 JPY),Saturday,weekend_observation
2003-02-15,9.9859,998.59,KRW per 100 JPY,9.9859,KRW per JPY,731Y001,2,원/일본엔(100엔),원,731Y001,JPY/KRW (KRW per JPY; raw ECOS value is KRW per 100 JPY),Saturday,weekend_observation
2003-02-22,10.0615,1006.15,KRW per 100 JPY,10.0615,KRW per JPY,731Y001,2,원/일본엔(100엔),원,731Y001,JPY/KRW (KRW per JPY; raw ECOS value is KRW per 100 JPY),Saturday,weekend_observation
2003-03-08,10.404000000000002,1040.4,KRW per 100 JPY,10.404000000000002,KRW per JPY,731Y001,2,원/일본엔(100엔),원,731Y001,JPY/KRW (KRW per JPY; raw ECOS value is KRW per 100 JPY),Saturday,weekend_observation
2003-03-15,10.4867,1048.67,KRW per 100 JPY,10.4867,KRW per JPY,731Y001,2,원/일본엔(100엔),원,731Y001,JPY/KRW (KRW per JPY; raw ECOS value is KRW per 100 JPY),Saturday,weekend_observation
2003-03-22,10.2822,1028.22,KRW per 100 JPY,10.2822,KRW per JPY,731Y001,2,원/일본엔(100엔),원,731Y001,JPY/KRW (KRW per JPY; raw ECOS value is KRW per 100 JPY),Saturday,weekend_observation
2003-03-29,10.4644,1046.44,KRW per 100 JPY,10.4644,KRW per JPY,731Y001,2,원/일본엔(100엔),원,731Y001,JPY/KRW (KRW per JPY; raw ECOS value is KRW per 100 JPY),Saturday,weekend_observation
2003-04-12,10.1827,1018.27,KRW per 100 JPY,10.1827,KRW per JPY,731Y001,2,원/일본엔(100엔),원,731Y001,JPY/KRW (KRW per JPY; raw ECOS value is KRW per 100 JPY),Saturday,weekend_observation
2003-04-19,10.0643,1006.43,KRW per 100 JPY,10.0643,KRW per JPY,731Y001,2,원/일본엔(100엔),원,731Y001,JPY/KRW (KRW per JPY; raw ECOS value is KRW per 100 JPY),Saturday,weekend_observation
2003-04-26,10.2602,1026.02,KRW per 100 JPY,10.2602,KRW per JPY,731Y001,2,원/일본엔(100엔),원,731Y001,JPY/KRW (KRW per JPY; raw ECOS value is KRW per 100 JPY),Saturday,weekend_observation
2003-05-03,10.1824,1018.24,KRW per 100 JPY,10.1824,KRW per JPY,731Y001,2,원/일본엔(100엔),원,731Y001,JPY/KRW (KRW per JPY; raw ECOS value is KRW per 100 JPY),Saturday,weekend_observation
2003-05-10,10.2363,1023.63,KRW per 100 JPY,10.2363,KRW per JPY,731Y001,2,원/일본엔(100엔),원,731Y001,JPY/KRW (KRW per JPY; raw ECOS value is KRW per 100 JPY),Saturday,weekend_observation
2003-05-17,10.333900000000002,1033.39,KRW per 100 JPY,10.333900000000002,KRW per JPY,731Y001,2,원/일본엔(100엔),원,731Y001,JPY/KRW (KRW per JPY; raw ECOS value is KRW per 100 JPY),Saturday,weekend_observation
2003-05-24,10.2113,1021.13,KRW per 100 JPY,10.2113,KRW per JPY,731Y001,2,원/일본엔(100엔),원,731Y001,JPY/KRW (KRW per JPY; raw ECOS value is KRW per 100 JPY),Saturday,weekend_observation
2003-05-31,10.1073,1010.73,KRW per 100 JPY,10.1073,KRW per JPY,731Y001,2,원/일본엔(100엔),원,731Y001,JPY/KRW (KRW per JPY; raw ECOS value is KRW per 100 JPY),Saturday,weekend_observation
2003-06-07,10.1154,1011.54,KRW per 100 JPY,10.1154,KRW per JPY,731Y001,2,원/일본엔(100엔),원,731Y001,JPY/KRW (KRW per JPY; raw ECOS value is KRW per 100 JPY),Saturday,weekend_observation
2003-06-14,10.1567,1015.67,KRW per 100 JPY,10.1567,KRW per JPY,731Y001,2,원/일본엔(100엔),원,731Y001,JPY/KRW (KRW per JPY; raw ECOS value is KRW per 100 JPY),Saturday,weekend_observation
2003-06-21,10.043,1004.3,KRW per 100 JPY,10.043,KRW per JPY,731Y001,2,원/일본엔(100엔),원,731Y001,JPY/KRW (KRW per JPY; raw ECOS value is KRW per 100 JPY),Saturday,weekend_observation
2003-06-28,9.9733,997.33,KRW per 100 JPY,9.9733,KRW per JPY,731Y001,2,원/일본엔(100엔),원,731Y001,JPY/KRW (KRW per JPY; raw ECOS value is KRW per 100 JPY),Saturday,weekend_observation
2003-07-05,10.0178,1001.78,KRW per 100 JPY,10.0178,KRW per JPY,731Y001,2,원/일본엔(100엔),원,731Y001,JPY/KRW (KRW per JPY; raw ECOS value is KRW per 100 JPY),Saturday,weekend_observation
2003-07-12,9.9992,999.92,KRW per 100 JPY,9.9992,KRW per JPY,731Y001,2,원/일본엔(100엔),원,731Y001,JPY/KRW (KRW per JPY; raw ECOS value is KRW per 100 JPY),Saturday,weekend_observation
2003-07-19,9.9755,997.55,KRW per 100 JPY,9.9755,KRW per JPY,731Y001,2,원/일본엔(100엔),원,731Y001,JPY/KRW (KRW per JPY; raw ECOS value is KRW per 100 JPY),Saturday,weekend_observation
2003-07-26,9.9503,995.03,KRW per 100 JPY,9.9503,KRW per JPY,731Y001,2,원/일본엔(100엔),원,731Y001,JPY/KRW (KRW per JPY; raw ECOS value is KRW per 100 JPY),Saturday,weekend_observation
2003-08-02,9.826,982.6,KRW per 100 JPY,9.826,KRW per JPY,731Y001,2,원/일본엔(100엔),원,731Y001,JPY/KRW (KRW per JPY; raw ECOS value is KRW per 100 JPY),Saturday,weekend_observation
2003-08-09,9.9194,991.94,KRW per 100 JPY,9.9194,KRW per JPY,731Y001,2,원/일본엔(100엔),원,731Y001,JPY/KRW (KRW per JPY; raw ECOS value is KRW per 100 JPY),Saturday,weekend_observation
2003-08-16,9.8925,989.25,KRW per 100 JPY,9.8925,KRW per JPY,731Y001,2,원/일본엔(100엔),원,731Y001,JPY/KRW (KRW per JPY; raw ECOS value is KRW per 100 JPY),Saturday,weekend_observation
2003-08-23,9.9566,995.66,KRW per 100 JPY,9.9566,KRW per JPY,731Y001,2,원/일본엔(100엔),원,731Y001,JPY/KRW (KRW per JPY; raw ECOS value is KRW per 100 JPY),Saturday,weekend_observation
2003-08-30,10.0959,1009.59,KRW per 100 JPY,10.0959,KRW per JPY,731Y001,2,원/일본엔(100엔),원,731Y001,JPY/KRW (KRW per JPY; raw ECOS value is KRW per 100 JPY),Saturday,weekend_observation
2003-09-06,10.0343,1003.43,KRW per 100 JPY,10.0343,KRW per JPY,731Y001,2,원/일본엔(100엔),원,731Y001,JPY/KRW (KRW per JPY; raw ECOS value is KRW per 100 JPY),Saturday,weekend_observation
2003-09-13,9.971,997.1,KRW per 100 JPY,9.971,KRW per JPY,731Y001,2,원/일본엔(100엔),원,731Y001,JPY/KRW (KRW per JPY; raw ECOS value is KRW per 100 JPY),Saturday,weekend_observation
2003-09-20,10.246300000000002,1024.63,KRW per 100 JPY,10.246300000000002,KRW per JPY,731Y001,2,원/일본엔(100엔),원,731Y001,JPY/KRW (KRW per JPY; raw ECOS value is KRW per 100 JPY),Saturday,weekend_observation
2003-09-27,10.3091,1030.91,KRW per 100 JPY,10.3091,KRW per JPY,731Y001,2,원/일본엔(100엔),원,731Y001,JPY/KRW (KRW per JPY; raw ECOS value is KRW per 100 JPY),Saturday,weekend_observation
2003-10-04,10.3733,1037.33,KRW per 100 JPY,10.3733,KRW per JPY,731Y001,2,원/일본엔(100엔),원,731Y001,JPY/KRW (KRW per JPY; raw ECOS value is KRW per 100 JPY),Saturday,weekend_observation
2003-10-11,10.5717,1057.17,KRW per 100 JPY,10.5717,KRW per JPY,731Y001,2,원/일본엔(100엔),원,731Y001,JPY/KRW (KRW per JPY; raw ECOS value is KRW per 100 JPY),Saturday,weekend_observation
2003-10-18,10.7299,1072.99,KRW per 100 JPY,10.7299,KRW per JPY,731Y001,2,원/일본엔(100엔),원,731Y001,JPY/KRW (KRW per JPY; raw ECOS value is KRW per 100 JPY),Saturday,weekend_observation
2003-10-25,10.8739,1087.39,KRW per 100 JPY,10.8739,KRW per JPY,731Y001,2,원/일본엔(100엔),원,731Y001,JPY/KRW (KRW per JPY; raw ECOS value is KRW per 100 JPY),Saturday,weekend_observation
2003-11-01,10.7559,1075.59,KRW per 100 JPY,10.7559,KRW per JPY,731Y001,2,원/일본엔(100엔),원,731Y001,JPY/KRW (KRW per JPY; raw ECOS value is KRW per 100 JPY),Saturday,weekend_observation
2003-11-08,10.7939,1079.39,KRW per 100 JPY,10.7939,KRW per JPY,731Y001,2,원/일본엔(100엔),원,731Y001,JPY/KRW (KRW per JPY; raw ECOS value is KRW per 100 JPY),Saturday,weekend_observation
2003-11-15,10.8114,1081.14,KRW per 100 JPY,10.8114,KRW per JPY,731Y001,2,원/일본엔(100엔),원,731Y001,JPY/KRW (KRW per JPY; raw ECOS value is KRW per 100 JPY),Saturday,weekend_observation
2003-11-22,10.9891,1098.91,KRW per 100 JPY,10.9891,KRW per JPY,731Y001,2,원/일본엔(100엔),원,731Y001,JPY/KRW (KRW per JPY; raw ECOS value is KRW per 100 JPY),Saturday,weekend_observation
2003-11-29,10.978699999999998,1097.87,KRW per 100 JPY,10.978699999999998,KRW per JPY,731Y001,2,원/일본엔(100엔),원,731Y001,JPY/KRW (KRW per JPY; raw ECOS value is KRW per 100 JPY),Saturday,weekend_observation
2003-12-06,11.0828,1108.28,KRW per 100 JPY,11.0828,KRW per JPY,731Y001,2,원/일본엔(100엔),원,731Y001,JPY/KRW (KRW per JPY; raw ECOS value is KRW per 100 JPY),Saturday,weekend_observation
2003-12-13,10.9893,1098.93,KRW per 100 JPY,10.9893,KRW per JPY,731Y001,2,원/일본엔(100엔),원,731Y001,JPY/KRW (KRW per JPY; raw ECOS value is KRW per 100 JPY),Saturday,weekend_observation
2003-12-20,11.0424,1104.24,KRW per 100 JPY,11.0424,KRW per JPY,731Y001,2,원/일본엔(100엔),원,731Y001,JPY/KRW (KRW per JPY; raw ECOS value is KRW per 100 JPY),Saturday,weekend_observation
2003-12-27,11.1621,1116.21,KRW per 100 JPY,11.1621,KRW per JPY,731Y001,2,원/일본엔(100엔),원,731Y001,JPY/KRW (KRW per JPY; raw ECOS value is KRW per 100 JPY),Saturday,weekend_observation
2004-01-03,11.1645,1116.45,KRW per 100 JPY,11.1645,KRW per JPY,731Y001,2,원/일본엔(100엔),원,731Y001,JPY/KRW (KRW per JPY; raw ECOS value is KRW per 100 JPY),Saturday,weekend_observation
2004-01-10,11.0852,1108.52,KRW per 100 JPY,11.0852,KRW per JPY,731Y001,2,원/일본엔(100엔),원,731Y001,JPY/KRW (KRW per JPY; raw ECOS value is KRW per 100 JPY),Saturday,weekend_observation
2004-01-17,11.128699999999998,1112.87,KRW per 100 JPY,11.128699999999998,KRW per JPY,731Y001,2,원/일본엔(100엔),원,731Y001,JPY/KRW (KRW per JPY; raw ECOS value is KRW per 100 JPY),Saturday,weekend_observation
2004-01-24,11.1323,1113.23,KRW per 100 JPY,11.1323,KRW per JPY,731Y001,2,원/일본엔(100엔),원,731Y001,JPY/KRW (KRW per JPY; raw ECOS value is KRW per 100 JPY),Saturday,weekend_observation
2004-01-31,11.1102,1111.02,KRW per 100 JPY,11.1102,KRW per JPY,731Y001,2,원/일본엔(100엔),원,731Y001,JPY/KRW (KRW per JPY; raw ECOS value is KRW per 100 JPY),Saturday,weekend_observation
2004-02-07,11.0604,1106.04,KRW per 100 JPY,11.0604,KRW per JPY,731Y001,2,원/일본엔(100엔),원,731Y001,JPY/KRW (KRW per JPY; raw ECOS value is KRW per 100 JPY),Saturday,weekend_observation
2004-02-14,11.0091,1100.91,KRW per 100 JPY,11.0091,KRW per JPY,731Y001,2,원/일본엔(100엔),원,731Y001,JPY/KRW (KRW per JPY; raw ECOS value is KRW per 100 JPY),Saturday,weekend_observation
2004-02-21,10.7065,1070.65,KRW per 100 JPY,10.7065,KRW per JPY,731Y001,2,원/일본엔(100엔),원,731Y001,JPY/KRW (KRW per JPY; raw ECOS value is KRW per 100 JPY),Saturday,weekend_observation
2004-02-28,10.7837,1078.37,KRW per 100 JPY,10.7837,KRW per JPY,731Y001,2,원/일본엔(100엔),원,731Y001,JPY/KRW (KRW per JPY; raw ECOS value is KRW per 100 JPY),Saturday,weekend_observation
2004-03-06,10.4811,1048.11,KRW per 100 JPY,10.4811,KRW per JPY,731Y001,2,원/일본엔(100엔),원,731Y001,JPY/KRW (KRW per JPY; raw ECOS value is KRW per 100 JPY),Saturday,weekend_observation
2004-03-13,10.6065,1060.65,KRW per 100 JPY,10.6065,KRW per JPY,731Y001,2,원/일본엔(100엔),원,731Y001,JPY/KRW (KRW per JPY; raw ECOS value is KRW per 100 JPY),Saturday,weekend_observation
2004-03-20,10.8575,1085.75,KRW per 100 JPY,10.8575,KRW per JPY,731Y001,2,원/일본엔(100엔),원,731Y001,JPY/KRW (KRW per JPY; raw ECOS value is KRW per 100 JPY),Saturday,weekend_observation
2004-04-03,10.9206,1092.06,KRW per 100 JPY,10.9206,KRW per JPY,731Y001,2,원/일본엔(100엔),원,731Y001,JPY/KRW (KRW per JPY; raw ECOS value is KRW per 100 JPY),Saturday,weekend_observation
2004-04-10,10.7348,1073.48,KRW per 100 JPY,10.7348,KRW per JPY,731Y001,2,원/일본엔(100엔),원,731Y001,JPY/KRW (KRW per JPY; raw ECOS value is KRW per 100 JPY),Saturday,weekend_observation
2004-04-17,10.761,1076.1,KRW per 100 JPY,10.761,KRW per JPY,731Y001,2,원/일본엔(100엔),원,731Y001,JPY/KRW (KRW per JPY; raw ECOS value is KRW per 100 JPY),Saturday,weekend_observation
2004-04-24,10.6118,1061.18,KRW per 100 JPY,10.6118,KRW per JPY,731Y001,2,원/일본엔(100엔),원,731Y001,JPY/KRW (KRW per JPY; raw ECOS value is KRW per 100 JPY),Saturday,weekend_observation
2004-05-08,10.429,1042.9,KRW per 100 JPY,10.429,KRW per JPY,731Y001,2,원/일본엔(100엔),원,731Y001,JPY/KRW (KRW per JPY; raw ECOS value is KRW per 100 JPY),Saturday,weekend_observation
2004-05-15,10.4074,1040.74,KRW per 100 JPY,10.4074,KRW per JPY,731Y001,2,원/일본엔(100엔),원,731Y001,JPY/KRW (KRW per JPY; raw ECOS value is KRW per 100 JPY),Saturday,weekend_observation
2004-05-22,10.4678,1046.78,KRW per 100 JPY,10.4678,KRW per JPY,731Y001,2,원/일본엔(100엔),원,731Y001,JPY/KRW (KRW per JPY; raw ECOS value is KRW per 100 JPY),Saturday,weekend_observation
2004-05-29,10.5973,1059.73,KRW per 100 JPY,10.5973,KRW per JPY,731Y001,2,원/일본엔(100엔),원,731Y001,JPY/KRW (KRW per JPY; raw ECOS value is KRW per 100 JPY),Saturday,weekend_observation
2004-06-05,10.4601,1046.01,KRW per 100 JPY,10.4601,KRW per JPY,731Y001,2,원/일본엔(100엔),원,731Y001,JPY/KRW (KRW per JPY; raw ECOS value is KRW per 100 JPY),Saturday,weekend_observation
2004-06-12,10.5151,1051.51,KRW per 100 JPY,10.5151,KRW per JPY,731Y001,2,원/일본엔(100엔),원,731Y001,JPY/KRW (KRW per JPY; raw ECOS value is KRW per 100 JPY),Saturday,weekend_observation
2004-06-19,10.6579,1065.79,KRW per 100 JPY,10.6579,KRW per JPY,731Y001,2,원/일본엔(100엔),원,731Y001,JPY/KRW (KRW per JPY; raw ECOS value is KRW per 100 JPY),Saturday,weekend_observation
2004-06-26,10.693499999999998,1069.35,KRW per 100 JPY,10.693499999999998,KRW per JPY,731Y001,2,원/일본엔(100엔),원,731Y001,JPY/KRW (KRW per JPY; raw ECOS value is KRW per 100 JPY),Saturday,weekend_observation
2004-07-03,10.6693,1066.93,KRW per 100 JPY,10.6693,KRW per JPY,731Y001,2,원/일본엔(100엔),원,731Y001,JPY/KRW (KRW per JPY; raw ECOS value is KRW per 100 JPY),Saturday,weekend_observation
2004-07-10,10.6227,1062.27,KRW per 100 JPY,10.6227,KRW per JPY,731Y001,2,원/일본엔(100엔),원,731Y001,JPY/KRW (KRW per JPY; raw ECOS value is KRW per 100 JPY),Saturday,weekend_observation
2004-07-24,10.5729,1057.29,KRW per 100 JPY,10.5729,KRW per JPY,731Y001,2,원/일본엔(100엔),원,731Y001,JPY/KRW (KRW per JPY; raw ECOS value is KRW per 100 JPY),Saturday,weekend_observation
2004-07-31,10.5087,1050.87,KRW per 100 JPY,10.5087,KRW per JPY,731Y001,2,원/일본엔(100엔),원,731Y001,JPY/KRW (KRW per JPY; raw ECOS value is KRW per 100 JPY),Saturday,weekend_observation
2004-08-07,10.5535,1055.35,KRW per 100 JPY,10.5535,KRW per JPY,731Y001,2,원/일본엔(100엔),원,731Y001,JPY/KRW (KRW per JPY; raw ECOS value is KRW per 100 JPY),Saturday,weekend_observation
2004-08-14,10.4982,1049.82,KRW per 100 JPY,10.4982,KRW per JPY,731Y001,2,원/일본엔(100엔),원,731Y001,JPY/KRW (KRW per JPY; raw ECOS value is KRW per 100 JPY),Saturday,weekend_observation
2004-08-21,10.5815,1058.15,KRW per 100 JPY,10.5815,KRW per JPY,731Y001,2,원/일본엔(100엔),원,731Y001,JPY/KRW (KRW per JPY; raw ECOS value is KRW per 100 JPY),Saturday,weekend_observation
2004-08-28,10.5142,1051.42,KRW per 100 JPY,10.5142,KRW per JPY,731Y001,2,원/일본엔(100엔),원,731Y001,JPY/KRW (KRW per JPY; raw ECOS value is KRW per 100 JPY),Saturday,weekend_observation
2004-09-04,10.402,1040.2,KRW per 100 JPY,10.402,KRW per JPY,731Y001,2,원/일본엔(100엔),원,731Y001,JPY/KRW (KRW per JPY; raw ECOS value is KRW per 100 JPY),Saturday,weekend_observation
2004-09-11,10.4548,1045.48,KRW per 100 JPY,10.4548,KRW per JPY,731Y001,2,원/일본엔(100엔),원,731Y001,JPY/KRW (KRW per JPY; raw ECOS value is KRW per 100 JPY),Saturday,weekend_observation
2004-09-18,10.4507,1045.07,KRW per 100 JPY,10.4507,KRW per JPY,731Y001,2,원/일본엔(100엔),원,731Y001,JPY/KRW (KRW per JPY; raw ECOS value is KRW per 100 JPY),Saturday,weekend_observation
2004-09-25,10.3606,1036.06,KRW per 100 JPY,10.3606,KRW per JPY,731Y001,2,원/일본엔(100엔),원,731Y001,JPY/KRW (KRW per JPY; raw ECOS value is KRW per 100 JPY),Saturday,weekend_observation
2004-10-02,10.3835,1038.35,KRW per 100 JPY,10.3835,KRW per JPY,731Y001,2,원/일본엔(100엔),원,731Y001,JPY/KRW (KRW per JPY; raw ECOS value is KRW per 100 JPY),Saturday,weekend_observation
2004-10-09,10.499,1049.9,KRW per 100 JPY,10.499,KRW per JPY,731Y001,2,원/일본엔(100엔),원,731Y001,JPY/KRW (KRW per JPY; raw ECOS value is KRW per 100 JPY),Saturday,weekend_observation
2004-10-16,10.4694,1046.94,KRW per 100 JPY,10.4694,KRW per JPY,731Y001,2,원/일본엔(100엔),원,731Y001,JPY/KRW (KRW per JPY; raw ECOS value is KRW per 100 JPY),Saturday,weekend_observation
2004-10-23,10.6396,1063.96,KRW per 100 JPY,10.6396,KRW per JPY,731Y001,2,원/일본엔(100엔),원,731Y001,JPY/KRW (KRW per JPY; raw ECOS value is KRW per 100 JPY),Saturday,weekend_observation
2004-10-30,10.6183,1061.83,KRW per 100 JPY,10.6183,KRW per JPY,731Y001,2,원/일본엔(100엔),원,731Y001,JPY/KRW (KRW per JPY; raw ECOS value is KRW per 100 JPY),Saturday,weekend_observation
2004-11-06,10.5199,1051.99,KRW per 100 JPY,10.5199,KRW per JPY,731Y001,2,원/일본엔(100엔),원,731Y001,JPY/KRW (KRW per JPY; raw ECOS value is KRW per 100 JPY),Saturday,weekend_observation
2004-11-13,10.4944,1049.44,KRW per 100 JPY,10.4944,KRW per JPY,731Y001,2,원/일본엔(100엔),원,731Y001,JPY/KRW (KRW per JPY; raw ECOS value is KRW per 100 JPY),Saturday,weekend_observation
2004-11-20,10.3692,1036.92,KRW per 100 JPY,10.3692,KRW per JPY,731Y001,2,원/일본엔(100엔),원,731Y001,JPY/KRW (KRW per JPY; raw ECOS value is KRW per 100 JPY),Saturday,weekend_observation
2004-11-27,10.2247,1022.47,KRW per 100 JPY,10.2247,KRW per JPY,731Y001,2,원/일본엔(100엔),원,731Y001,JPY/KRW (KRW per JPY; raw ECOS value is KRW per 100 JPY),Saturday,weekend_observation
2004-12-04,10.2386,1023.86,KRW per 100 JPY,10.2386,KRW per JPY,731Y001,2,원/일본엔(100엔),원,731Y001,JPY/KRW (KRW per JPY; raw ECOS value is KRW per 100 JPY),Saturday,weekend_observation
2004-12-11,10.1046,1010.46,KRW per 100 JPY,10.1046,KRW per JPY,731Y001,2,원/일본엔(100엔),원,731Y001,JPY/KRW (KRW per JPY; raw ECOS value is KRW per 100 JPY),Saturday,weekend_observation
2004-12-18,10.1612,1016.12,KRW per 100 JPY,10.1612,KRW per JPY,731Y001,2,원/일본엔(100엔),원,731Y001,JPY/KRW (KRW per JPY; raw ECOS value is KRW per 100 JPY),Saturday,weekend_observation
2005-01-08,10.0492,1004.92,KRW per 100 JPY,10.0492,KRW per JPY,731Y001,2,원/일본엔(100엔),원,731Y001,JPY/KRW (KRW per JPY; raw ECOS value is KRW per 100 JPY),Saturday,weekend_observation
2005-01-15,10.167,1016.7,KRW per 100 JPY,10.167,KRW per JPY,731Y001,2,원/일본엔(100엔),원,731Y001,JPY/KRW (KRW per JPY; raw ECOS value is KRW per 100 JPY),Saturday,weekend_observation
2005-01-22,10.1081,1010.81,KRW per 100 JPY,10.1081,KRW per JPY,731Y001,2,원/일본엔(100엔),원,731Y001,JPY/KRW (KRW per JPY; raw ECOS value is KRW per 100 JPY),Saturday,weekend_observation
2005-01-29,9.9366,993.66,KRW per 100 JPY,9.9366,KRW per JPY,731Y001,2,원/일본엔(100엔),원,731Y001,JPY/KRW (KRW per JPY; raw ECOS value is KRW per 100 JPY),Saturday,weekend_observation
2005-02-05,9.8622,986.22,KRW per 100 JPY,9.8622,KRW per JPY,731Y001,2,원/일본엔(100엔),원,731Y001,JPY/KRW (KRW per JPY; raw ECOS value is KRW per 100 JPY),Saturday,weekend_observation
2005-02-12,9.7956,979.56,KRW per 100 JPY,9.7956,KRW per JPY,731Y001,2,원/일본엔(100엔),원,731Y001,JPY/KRW (KRW per JPY; raw ECOS value is KRW per 100 JPY),Saturday,weekend_observation
2005-02-19,9.7088,970.88,KRW per 100 JPY,9.7088,KRW per JPY,731Y001,2,원/일본엔(100엔),원,731Y001,JPY/KRW (KRW per JPY; raw ECOS value is KRW per 100 JPY),Saturday,weekend_observation
2005-02-26,9.5813,958.13,KRW per 100 JPY,9.5813,KRW per JPY,731Y001,2,원/일본엔(100엔),원,731Y001,JPY/KRW (KRW per JPY; raw ECOS value is KRW per 100 JPY),Saturday,weekend_observation
2005-03-05,9.6205,962.05,KRW per 100 JPY,9.6205,KRW per JPY,731Y001,2,원/일본엔(100엔),원,731Y001,JPY/KRW (KRW per JPY; raw ECOS value is KRW per 100 JPY),Saturday,weekend_observation
2005-03-12,9.6226,962.26,KRW per 100 JPY,9.6226,KRW per JPY,731Y001,2,원/일본엔(100엔),원,731Y001,JPY/KRW (KRW per JPY; raw ECOS value is KRW per 100 JPY),Saturday,weekend_observation
2005-03-19,9.5756,957.56,KRW per 100 JPY,9.5756,KRW per JPY,731Y001,2,원/일본엔(100엔),원,731Y001,JPY/KRW (KRW per JPY; raw ECOS value is KRW per 100 JPY),Saturday,weekend_observation
2005-03-26,9.5234,952.34,KRW per 100 JPY,9.5234,KRW per JPY,731Y001,2,원/일본엔(100엔),원,731Y001,JPY/KRW (KRW per JPY; raw ECOS value is KRW per 100 JPY),Saturday,weekend_observation
2005-04-02,9.4167,941.67,KRW per 100 JPY,9.4167,KRW per JPY,731Y001,2,원/일본엔(100엔),원,731Y001,JPY/KRW (KRW per JPY; raw ECOS value is KRW per 100 JPY),Saturday,weekend_observation
2005-04-09,9.3754,937.54,KRW per 100 JPY,9.3754,KRW per JPY,731Y001,2,원/일본엔(100엔),원,731Y001,JPY/KRW (KRW per JPY; raw ECOS value is KRW per 100 JPY),Saturday,weekend_observation
2005-04-16,9.4863,948.63,KRW per 100 JPY,9.4863,KRW per JPY,731Y001,2,원/일본엔(100엔),원,731Y001,JPY/KRW (KRW per JPY; raw ECOS value is KRW per 100 JPY),Saturday,weekend_observation
2005-04-23,9.488,948.8,KRW per 100 JPY,9.488,KRW per JPY,731Y001,2,원/일본엔(100엔),원,731Y001,JPY/KRW (KRW per JPY; raw ECOS value is KRW per 100 JPY),Saturday,weekend_observation
2005-04-30,9.5729,957.29,KRW per 100 JPY,9.5729,KRW per JPY,731Y001,2,원/일본엔(100엔),원,731Y001,JPY/KRW (KRW per JPY; raw ECOS value is KRW per 100 JPY),Saturday,weekend_observation
2005-05-07,9.515,951.5,KRW per 100 JPY,9.515,KRW per JPY,731Y001,2,원/일본엔(100엔),원,731Y001,JPY/KRW (KRW per JPY; raw ECOS value is KRW per 100 JPY),Saturday,weekend_observation
2005-05-14,9.3252,932.52,KRW per 100 JPY,9.3252,KRW per JPY,731Y001,2,원/일본엔(100엔),원,731Y001,JPY/KRW (KRW per JPY; raw ECOS value is KRW per 100 JPY),Saturday,weekend_observation
2005-05-21,9.2945,929.45,KRW per 100 JPY,9.2945,KRW per JPY,731Y001,2,원/일본엔(100엔),원,731Y001,JPY/KRW (KRW per JPY; raw ECOS value is KRW per 100 JPY),Saturday,weekend_observation
2005-05-28,9.2653,926.53,KRW per 100 JPY,9.2653,KRW per JPY,731Y001,2,원/일본엔(100엔),원,731Y001,JPY/KRW (KRW per JPY; raw ECOS value is KRW per 100 JPY),Saturday,weekend_observation
2005-06-04,9.3825,938.25,KRW per 100 JPY,9.3825,KRW per JPY,731Y001,2,원/일본엔(100엔),원,731Y001,JPY/KRW (KRW per JPY; raw ECOS value is KRW per 100 JPY),Saturday,weekend_observation
2005-06-11,9.2521,925.21,KRW per 100 JPY,9.2521,KRW per JPY,731Y001,2,원/일본엔(100엔),원,731Y001,JPY/KRW (KRW per JPY; raw ECOS value is KRW per 100 JPY),Saturday,weekend_observation
2005-06-18,9.308,930.8,KRW per 100 JPY,9.308,KRW per JPY,731Y001,2,원/일본엔(100엔),원,731Y001,JPY/KRW (KRW per JPY; raw ECOS value is KRW per 100 JPY),Saturday,weekend_observation
2005-06-25,9.2813,928.13,KRW per 100 JPY,9.2813,KRW per JPY,731Y001,2,원/일본엔(100엔),원,731Y001,JPY/KRW (KRW per JPY; raw ECOS value is KRW per 100 JPY),Saturday,weekend_observation
2005-07-02,9.2172,921.72,KRW per 100 JPY,9.2172,KRW per JPY,731Y001,2,원/일본엔(100엔),원,731Y001,JPY/KRW (KRW per JPY; raw ECOS value is KRW per 100 JPY),Saturday,weekend_observation
2005-07-09,9.3905,939.05,KRW per 100 JPY,9.3905,KRW per JPY,731Y001,2,원/일본엔(100엔),원,731Y001,JPY/KRW (KRW per JPY; raw ECOS value is KRW per 100 JPY),Saturday,weekend_observation
2005-07-16,9.247,924.7,KRW per 100 JPY,9.247,KRW per JPY,731Y001,2,원/일본엔(100엔),원,731Y001,JPY/KRW (KRW per JPY; raw ECOS value is KRW per 100 JPY),Saturday,weekend_observation
2005-07-23,9.183,918.3,KRW per 100 JPY,9.183,KRW per JPY,731Y001,2,원/일본엔(100엔),원,731Y001,JPY/KRW (KRW per JPY; raw ECOS value is KRW per 100 JPY),Saturday,weekend_observation
2005-07-30,9.0963,909.63,KRW per 100 JPY,9.0963,KRW per JPY,731Y001,2,원/일본엔(100엔),원,731Y001,JPY/KRW (KRW per JPY; raw ECOS value is KRW per 100 JPY),Saturday,weekend_observation
2005-08-06,9.0648,906.48,KRW per 100 JPY,9.0648,KRW per JPY,731Y001,2,원/일본엔(100엔),원,731Y001,JPY/KRW (KRW per JPY; raw ECOS value is KRW per 100 JPY),Saturday,weekend_observation
2005-08-13,9.2663,926.63,KRW per 100 JPY,9.2663,KRW per JPY,731Y001,2,원/일본엔(100엔),원,731Y001,JPY/KRW (KRW per JPY; raw ECOS value is KRW per 100 JPY),Saturday,weekend_observation
2005-08-20,9.2556,925.56,KRW per 100 JPY,9.2556,KRW per JPY,731Y001,2,원/일본엔(100엔),원,731Y001,JPY/KRW (KRW per JPY; raw ECOS value is KRW per 100 JPY),Saturday,weekend_observation
2005-08-27,9.3389,933.89,KRW per 100 JPY,9.3389,KRW per JPY,731Y001,2,원/일본엔(100엔),원,731Y001,JPY/KRW (KRW per JPY; raw ECOS value is KRW per 100 JPY),Saturday,weekend_observation
2005-09-03,9.3629,936.29,KRW per 100 JPY,9.3629,KRW per JPY,731Y001,2,원/일본엔(100엔),원,731Y001,JPY/KRW (KRW per JPY; raw ECOS value is KRW per 100 JPY),Saturday,weekend_observation
2005-09-10,9.3646,936.46,KRW per 100 JPY,9.3646,KRW per JPY,731Y001,2,원/일본엔(100엔),원,731Y001,JPY/KRW (KRW per JPY; raw ECOS value is KRW per 100 JPY),Saturday,weekend_observation
2005-09-24,9.1352,913.52,KRW per 100 JPY,9.1352,KRW per JPY,731Y001,2,원/일본엔(100엔),원,731Y001,JPY/KRW (KRW per JPY; raw ECOS value is KRW per 100 JPY),Saturday,weekend_observation
2005-10-01,9.1692,916.92,KRW per 100 JPY,9.1692,KRW per JPY,731Y001,2,원/일본엔(100엔),원,731Y001,JPY/KRW (KRW per JPY; raw ECOS value is KRW per 100 JPY),Saturday,weekend_observation
2005-10-08,9.1183,911.83,KRW per 100 JPY,9.1183,KRW per JPY,731Y001,2,원/일본엔(100엔),원,731Y001,JPY/KRW (KRW per JPY; raw ECOS value is KRW per 100 JPY),Saturday,weekend_observation
2005-10-15,9.1808,918.08,KRW per 100 JPY,9.1808,KRW per JPY,731Y001,2,원/일본엔(100엔),원,731Y001,JPY/KRW (KRW per JPY; raw ECOS value is KRW per 100 JPY),Saturday,weekend_observation
2005-10-22,9.1018,910.18,KRW per 100 JPY,9.1018,KRW per JPY,731Y001,2,원/일본엔(100엔),원,731Y001,JPY/KRW (KRW per JPY; raw ECOS value is KRW per 100 JPY),Saturday,weekend_observation
2005-10-29,9.0191,901.91,KRW per 100 JPY,9.0191,KRW per JPY,731Y001,2,원/일본엔(100엔),원,731Y001,JPY/KRW (KRW per JPY; raw ECOS value is KRW per 100 JPY),Saturday,weekend_observation
2005-11-05,8.8568,885.68,KRW per 100 JPY,8.8568,KRW per JPY,731Y001,2,원/일본엔(100엔),원,731Y001,JPY/KRW (KRW per JPY; raw ECOS value is KRW per 100 JPY),Saturday,weekend_observation
2005-11-12,8.840399999999999,884.04,KRW per 100 JPY,8.840399999999999,KRW per JPY,731Y001,2,원/일본엔(100엔),원,731Y001,JPY/KRW (KRW per JPY; raw ECOS value is KRW per 100 JPY),Saturday,weekend_observation
2005-11-19,8.6945,869.45,KRW per 100 JPY,8.6945,KRW per JPY,731Y001,2,원/일본엔(100엔),원,731Y001,JPY/KRW (KRW per JPY; raw ECOS value is KRW per 100 JPY),Saturday,weekend_observation
2005-11-26,8.7038,870.38,KRW per 100 JPY,8.7038,KRW per JPY,731Y001,2,원/일본엔(100엔),원,731Y001,JPY/KRW (KRW per JPY; raw ECOS value is KRW per 100 JPY),Saturday,weekend_observation
2005-12-03,8.610800000000001,861.08,KRW per 100 JPY,8.610800000000001,KRW per JPY,731Y001,2,원/일본엔(100엔),원,731Y001,JPY/KRW (KRW per JPY; raw ECOS value is KRW per 100 JPY),Saturday,weekend_observation
2005-12-10,8.5686,856.86,KRW per 100 JPY,8.5686,KRW per JPY,731Y001,2,원/일본엔(100엔),원,731Y001,JPY/KRW (KRW per JPY; raw ECOS value is KRW per 100 JPY),Saturday,weekend_observation
2005-12-17,8.7873,878.73,KRW per 100 JPY,8.7873,KRW per JPY,731Y001,2,원/일본엔(100엔),원,731Y001,JPY/KRW (KRW per JPY; raw ECOS value is KRW per 100 JPY),Saturday,weekend_observation
2005-12-24,8.7343,873.43,KRW per 100 JPY,8.7343,KRW per JPY,731Y001,2,원/일본엔(100엔),원,731Y001,JPY/KRW (KRW per JPY; raw ECOS value is KRW per 100 JPY),Saturday,weekend_observation
2005-12-31,8.6004,860.04,KRW per 100 JPY,8.6004,KRW per JPY,731Y001,2,원/일본엔(100엔),원,731Y001,JPY/KRW (KRW per JPY; raw ECOS value is KRW per 100 JPY),Saturday,weekend_observation
2006-01-07,8.676499999999999,867.65,KRW per 100 JPY,8.676499999999999,KRW per JPY,731Y001,2,원/일본엔(100엔),원,731Y001,JPY/KRW (KRW per JPY; raw ECOS value is KRW per 100 JPY),Saturday,weekend_observation
2006-01-14,8.598700000000001,859.87,KRW per 100 JPY,8.598700000000001,KRW per JPY,731Y001,2,원/일본엔(100엔),원,731Y001,JPY/KRW (KRW per JPY; raw ECOS value is KRW per 100 JPY),Saturday,weekend_observation
2006-01-21,8.5604,856.04,KRW per 100 JPY,8.5604,KRW per JPY,731Y001,2,원/일본엔(100엔),원,731Y001,JPY/KRW (KRW per JPY; raw ECOS value is KRW per 100 JPY),Saturday,weekend_observation
2006-02-04,8.1621,816.21,KRW per 100 JPY,8.1621,KRW per JPY,731Y001,2,원/일본엔(100엔),원,731Y001,JPY/KRW (KRW per JPY; raw ECOS value is KRW per 100 JPY),Saturday,weekend_observation
2006-02-11,8.2321,823.21,KRW per 100 JPY,8.2321,KRW per JPY,731Y001,2,원/일본엔(100엔),원,731Y001,JPY/KRW (KRW per JPY; raw ECOS value is KRW per 100 JPY),Saturday,weekend_observation
2006-02-18,8.2509,825.09,KRW per 100 JPY,8.2509,KRW per JPY,731Y001,2,원/일본엔(100엔),원,731Y001,JPY/KRW (KRW per JPY; raw ECOS value is KRW per 100 JPY),Saturday,weekend_observation
2006-02-25,8.2552,825.52,KRW per 100 JPY,8.2552,KRW per JPY,731Y001,2,원/일본엔(100엔),원,731Y001,JPY/KRW (KRW per JPY; raw ECOS value is KRW per 100 JPY),Saturday,weekend_observation
