date,value,raw_rate,raw_unit,normalized_rate,normalized_unit,stat_code,item_code,item_name,unit_name,series_code,notes,kr_yield_source_published_at_kst,kr_yield_safe_from_krw_date,kr_yield_availability_rule
2014-12-09,2.179,2.179,연%,2.179,연%,817Y002,010200000,국고채(3년),연%,817Y002,Korean 3-year Treasury yield (annual percent),2014-12-09T16:00:00+09:00,2014-12-10,KOFIA 16:00 KST source publication; usable from next calendar day; ECOS load time unverified
2014-12-10,2.18,2.18,연%,2.18,연%,817Y002,010200000,국고채(3년),연%,817Y002,Korean 3-year Treasury yield (annual percent),2014-12-10T16:00:00+09:00,2014-12-11,KOFIA 16:00 KST source publication; usable from next calendar day; ECOS load time unverified
2014-12-11,2.126,2.126,연%,2.126,연%,817Y002,010200000,국고채(3년),연%,817Y002,Korean 3-year Treasury yield (annual percent),2014-12-11T16:00:00+09:00,2014-12-12,KOFIA 16:00 KST source publication; usable from next calendar day; ECOS load time unverified
2014-12-12,2.112,2.112,연%,2.112,연%,817Y002,010200000,국고채(3년),연%,817Y002,Korean 3-year Treasury yield (annual percent),2014-12-12T16:00:00+09:00,2014-12-13,KOFIA 16:00 KST source publication; usable from next calendar day; ECOS load time unverified
2014-12-15,2.124,2.124,연%,2.124,연%,817Y002,010200000,국고채(3년),연%,817Y002,Korean 3-year Treasury yield (annual percent),2014-12-15T16:00:00+09:00,2014-12-16,KOFIA 16:00 KST source publication; usable from next calendar day; ECOS load time unverified
2014-12-16,2.129,2.129,연%,2.129,연%,817Y002,010200000,국고채(3년),연%,817Y002,Korean 3-year Treasury yield (annual percent),2014-12-16T16:00:00+09:00,2014-12-17,KOFIA 16:00 KST source publication; usable from next calendar day; ECOS load time unverified
2014-12-17,2.169,2.169,연%,2.169,연%,817Y002,010200000,국고채(3년),연%,817Y002,Korean 3-year Treasury yield (annual percent),2014-12-17T16:00:00+09:00,2014-12-18,KOFIA 16:00 KST source publication; usable from next calendar day; ECOS load time unverified
2014-12-18,2.183,2.183,연%,2.183,연%,817Y002,010200000,국고채(3년),연%,817Y002,Korean 3-year Treasury yield (annual percent),2014-12-18T16:00:00+09:00,2014-12-19,KOFIA 16:00 KST source publication; usable from next calendar day; ECOS load time unverified
2014-12-19,2.18,2.18,연%,2.18,연%,817Y002,010200000,국고채(3년),연%,817Y002,Korean 3-year Treasury yield (annual percent),2014-12-19T16:00:00+09:00,2014-12-20,KOFIA 16:00 KST source publication; usable from next calendar day; ECOS load time unverified
2014-12-22,2.156,2.156,연%,2.156,연%,817Y002,010200000,국고채(3년),연%,817Y002,Korean 3-year Treasury yield (annual percent),2014-12-22T16:00:00+09:00,2014-12-23,KOFIA 16:00 KST source publication; usable from next calendar day; ECOS load time unverified
2014-12-23,2.156,2.156,연%,2.156,연%,817Y002,010200000,국고채(3년),연%,817Y002,Korean 3-year Treasury yield (annual percent),2014-12-23T16:00:00+09:00,2014-12-24,KOFIA 16:00 KST source publication; usable from next calendar day; ECOS load time unverified
2014-12-24,2.147,2.147,연%,2.147,연%,817Y002,010200000,국고채(3년),연%,817Y002,Korean 3-year Treasury yield (annual percent),2014-12-24T16:00:00+09:00,2014-12-25,KOFIA 16:00 KST source publication; usable from next calendar day; ECOS load time unverified
2014-12-26,2.158,2.158,연%,2.158,연%,817Y002,010200000,국고채(3년),연%,817Y002,Korean 3-year Treasury yield (annual percent),2014-12-26T16:00:00+09:00,2014-12-27,KOFIA 16:00 KST source publication; usable from next calendar day; ECOS load time unverified
2014-12-29,2.134,2.134,연%,2.134,연%,817Y002,010200000,국고채(3년),연%,817Y002,Korean 3-year Treasury yield (annual percent),2014-12-29T16:00:00+09:00,2014-12-30,KOFIA 16:00 KST source publication; usable from next calendar day; ECOS load time unverified
2014-12-30,2.099,2.099,연%,2.099,연%,817Y002,010200000,국고채(3년),연%,817Y002,Korean 3-year Treasury yield (annual percent),2014-12-30T16:00:00+09:00,2014-12-31,KOFIA 16:00 KST source publication; usable from next calendar day; ECOS load time unverified
2014-12-31,2.098,2.098,연%,2.098,연%,817Y002,010200000,국고채(3년),연%,817Y002,Korean 3-year Treasury yield (annual percent),2014-12-31T16:00:00+09:00,2015-01-01,KOFIA 16:00 KST source publication; usable from next calendar day; ECOS load time unverified
2015-01-02,2.135,2.135,연%,2.135,연%,817Y002,010200000,국고채(3년),연%,817Y002,Korean 3-year Treasury yield (annual percent),2015-01-02T16:00:00+09:00,2015-01-03,KOFIA 16:00 KST source publication; usable from next calendar day; ECOS load time unverified
2015-01-05,2.118,2.118,연%,2.118,연%,817Y002,010200000,국고채(3년),연%,817Y002,Korean 3-year Treasury yield (annual percent),2015-01-05T16:00:00+09:00,2015-01-06,KOFIA 16:00 KST source publication; usable from next calendar day; ECOS load time unverified
2015-01-06,2.079,2.079,연%,2.079,연%,817Y002,010200000,국고채(3년),연%,817Y002,Korean 3-year Treasury yield (annual percent),2015-01-06T16:00:00+09:00,2015-01-07,KOFIA 16:00 KST source publication; usable from next calendar day; ECOS load time unverified
2015-01-07,2.076,2.076,연%,2.076,연%,817Y002,010200000,국고채(3년),연%,817Y002,Korean 3-year Treasury yield (annual percent),2015-01-07T16:00:00+09:00,2015-01-08,KOFIA 16:00 KST source publication; usable from next calendar day; ECOS load time unverified
2015-01-08,2.072,2.072,연%,2.072,연%,817Y002,010200000,국고채(3년),연%,817Y002,Korean 3-year Treasury yield (annual percent),2015-01-08T16:00:00+09:00,2015-01-09,KOFIA 16:00 KST source publication; usable from next calendar day; ECOS load time unverified
2015-01-09,2.056,2.056,연%,2.056,연%,817Y002,010200000,국고채(3년),연%,817Y002,Korean 3-year Treasury yield (annual percent),2015-01-09T16:00:00+09:00,2015-01-10,KOFIA 16:00 KST source publication; usable from next calendar day; ECOS load time unverified
2015-01-12,2.006,2.006,연%,2.006,연%,817Y002,010200000,국고채(3년),연%,817Y002,Korean 3-year Treasury yield (annual percent),2015-01-12T16:00:00+09:00,2015-01-13,KOFIA 16:00 KST source publication; usable from next calendar day; ECOS load time unverified
2015-01-13,2.024,2.024,연%,2.024,연%,817Y002,010200000,국고채(3년),연%,817Y002,Korean 3-year Treasury yield (annual percent),2015-01-13T16:00:00+09:00,2015-01-14,KOFIA 16:00 KST source publication; usable from next calendar day; ECOS load time unverified
2015-01-14,1.974,1.974,연%,1.974,연%,817Y002,010200000,국고채(3년),연%,817Y002,Korean 3-year Treasury yield (annual percent),2015-01-14T16:00:00+09:00,2015-01-15,KOFIA 16:00 KST source publication; usable from next calendar day; ECOS load time unverified
2015-01-15,2.044,2.044,연%,2.044,연%,817Y002,010200000,국고채(3년),연%,817Y002,Korean 3-year Treasury yield (annual percent),2015-01-15T16:00:00+09:00,2015-01-16,KOFIA 16:00 KST source publication; usable from next calendar day; ECOS load time unverified
2015-01-16,2.012,2.012,연%,2.012,연%,817Y002,010200000,국고채(3년),연%,817Y002,Korean 3-year Treasury yield (annual percent),2015-01-16T16:00:00+09:00,2015-01-17,KOFIA 16:00 KST source publication; usable from next calendar day; ECOS load time unverified
2015-01-19,2.038,2.038,연%,2.038,연%,817Y002,010200000,국고채(3년),연%,817Y002,Korean 3-year Treasury yield (annual percent),2015-01-19T16:00:00+09:00,2015-01-20,KOFIA 16:00 KST source publication; usable from next calendar day; ECOS load time unverified
2015-01-20,2.031,2.031,연%,2.031,연%,817Y002,010200000,국고채(3년),연%,817Y002,Korean 3-year Treasury yield (annual percent),2015-01-20T16:00:00+09:00,2015-01-21,KOFIA 16:00 KST source publication; usable from next calendar day; ECOS load time unverified
2015-01-21,2.045,2.045,연%,2.045,연%,817Y002,010200000,국고채(3년),연%,817Y002,Korean 3-year Treasury yield (annual percent),2015-01-21T16:00:00+09:00,2015-01-22,KOFIA 16:00 KST source publication; usable from next calendar day; ECOS load time unverified
2015-01-22,2.063,2.063,연%,2.063,연%,817Y002,010200000,국고채(3년),연%,817Y002,Korean 3-year Treasury yield (annual percent),2015-01-22T16:00:00+09:00,2015-01-23,KOFIA 16:00 KST source publication; usable from next calendar day; ECOS load time unverified
2015-01-23,2.027,2.027,연%,2.027,연%,817Y002,010200000,국고채(3년),연%,817Y002,Korean 3-year Treasury yield (annual percent),2015-01-23T16:00:00+09:00,2015-01-24,KOFIA 16:00 KST source publication; usable from next calendar day; ECOS load time unverified
2015-01-26,2.024,2.024,연%,2.024,연%,817Y002,010200000,국고채(3년),연%,817Y002,Korean 3-year Treasury yield (annual percent),2015-01-26T16:00:00+09:00,2015-01-27,KOFIA 16:00 KST source publication; usable from next calendar day; ECOS load time unverified
2015-01-27,2.029,2.029,연%,2.029,연%,817Y002,010200000,국고채(3년),연%,817Y002,Korean 3-year Treasury yield (annual percent),2015-01-27T16:00:00+09:00,2015-01-28,KOFIA 16:00 KST source publication; usable from next calendar day; ECOS load time unverified
2015-01-28,2.004,2.004,연%,2.004,연%,817Y002,010200000,국고채(3년),연%,817Y002,Korean 3-year Treasury yield (annual percent),2015-01-28T16:00:00+09:00,2015-01-29,KOFIA 16:00 KST source publication; usable from next calendar day; ECOS load time unverified
2015-01-29,1.998,1.998,연%,1.998,연%,817Y002,010200000,국고채(3년),연%,817Y002,Korean 3-year Treasury yield (annual percent),2015-01-29T16:00:00+09:00,2015-01-30,KOFIA 16:00 KST source publication; usable from next calendar day; ECOS load time unverified
2015-01-30,1.97,1.97,연%,1.97,연%,817Y002,010200000,국고채(3년),연%,817Y002,Korean 3-year Treasury yield (annual percent),2015-01-30T16:00:00+09:00,2015-01-31,KOFIA 16:00 KST source publication; usable from next calendar day; ECOS load time unverified
2015-02-02,1.985,1.985,연%,1.985,연%,817Y002,010200000,국고채(3년),연%,817Y002,Korean 3-year Treasury yield (annual percent),2015-02-02T16:00:00+09:00,2015-02-03,KOFIA 16:00 KST source publication; usable from next calendar day; ECOS load time unverified
2015-02-03,1.935,1.935,연%,1.935,연%,817Y002,010200000,국고채(3년),연%,817Y002,Korean 3-year Treasury yield (annual percent),2015-02-03T16:00:00+09:00,2015-02-04,KOFIA 16:00 KST source publication; usable from next calendar day; ECOS load time unverified
2015-02-04,1.961,1.961,연%,1.961,연%,817Y002,010200000,국고채(3년),연%,817Y002,Korean 3-year Treasury yield (annual percent),2015-02-04T16:00:00+09:00,2015-02-05,KOFIA 16:00 KST source publication; usable from next calendar day; ECOS load time unverified
2015-02-05,1.975,1.975,연%,1.975,연%,817Y002,010200000,국고채(3년),연%,817Y002,Korean 3-year Treasury yield (annual percent),2015-02-05T16:00:00+09:00,2015-02-06,KOFIA 16:00 KST source publication; usable from next calendar day; ECOS load time unverified
2015-02-06,1.962,1.962,연%,1.962,연%,817Y002,010200000,국고채(3년),연%,817Y002,Korean 3-year Treasury yield (annual percent),2015-02-06T16:00:00+09:00,2015-02-07,KOFIA 16:00 KST source publication; usable from next calendar day; ECOS load time unverified
2015-02-09,1.977,1.977,연%,1.977,연%,817Y002,010200000,국고채(3년),연%,817Y002,Korean 3-year Treasury yield (annual percent),2015-02-09T16:00:00+09:00,2015-02-10,KOFIA 16:00 KST source publication; usable from next calendar day; ECOS load time unverified
2015-02-10,2.056,2.056,연%,2.056,연%,817Y002,010200000,국고채(3년),연%,817Y002,Korean 3-year Treasury yield (annual percent),2015-02-10T16:00:00+09:00,2015-02-11,KOFIA 16:00 KST source publication; usable from next calendar day; ECOS load time unverified
2015-02-11,2.051,2.051,연%,2.051,연%,817Y002,010200000,국고채(3년),연%,817Y002,Korean 3-year Treasury yield (annual percent),2015-02-11T16:00:00+09:00,2015-02-12,KOFIA 16:00 KST source publication; usable from next calendar day; ECOS load time unverified
2015-02-12,2.075,2.075,연%,2.075,연%,817Y002,010200000,국고채(3년),연%,817Y002,Korean 3-year Treasury yield (annual percent),2015-02-12T16:00:00+09:00,2015-02-13,KOFIA 16:00 KST source publication; usable from next calendar day; ECOS load time unverified
2015-02-13,2.05,2.05,연%,2.05,연%,817Y002,010200000,국고채(3년),연%,817Y002,Korean 3-year Treasury yield (annual percent),2015-02-13T16:00:00+09:00,2015-02-14,KOFIA 16:00 KST source publication; usable from next calendar day; ECOS load time unverified
2015-02-16,2.091,2.091,연%,2.091,연%,817Y002,010200000,국고채(3년),연%,817Y002,Korean 3-year Treasury yield (annual percent),2015-02-16T16:00:00+09:00,2015-02-17,KOFIA 16:00 KST source publication; usable from next calendar day; ECOS load time unverified
2015-02-17,2.054,2.054,연%,2.054,연%,817Y002,010200000,국고채(3년),연%,817Y002,Korean 3-year Treasury yield (annual percent),2015-02-17T16:00:00+09:00,2015-02-18,KOFIA 16:00 KST source publication; usable from next calendar day; ECOS load time unverified
2015-02-23,2.061,2.061,연%,2.061,연%,817Y002,010200000,국고채(3년),연%,817Y002,Korean 3-year Treasury yield (annual percent),2015-02-23T16:00:00+09:00,2015-02-24,KOFIA 16:00 KST source publication; usable from next calendar day; ECOS load time unverified
2015-02-24,2.063,2.063,연%,2.063,연%,817Y002,010200000,국고채(3년),연%,817Y002,Korean 3-year Treasury yield (annual percent),2015-02-24T16:00:00+09:00,2015-02-25,KOFIA 16:00 KST source publication; usable from next calendar day; ECOS load time unverified
2015-02-25,2.037,2.037,연%,2.037,연%,817Y002,010200000,국고채(3년),연%,817Y002,Korean 3-year Treasury yield (annual percent),2015-02-25T16:00:00+09:00,2015-02-26,KOFIA 16:00 KST source publication; usable from next calendar day; ECOS load time unverified
2015-02-26,2.04,2.04,연%,2.04,연%,817Y002,010200000,국고채(3년),연%,817Y002,Korean 3-year Treasury yield (annual percent),2015-02-26T16:00:00+09:00,2015-02-27,KOFIA 16:00 KST source publication; usable from next calendar day; ECOS load time unverified
2015-02-27,2.034,2.034,연%,2.034,연%,817Y002,010200000,국고채(3년),연%,817Y002,Korean 3-year Treasury yield (annual percent),2015-02-27T16:00:00+09:00,2015-02-28,KOFIA 16:00 KST source publication; usable from next calendar day; ECOS load time unverified
2015-03-02,2.0,2.0,연%,2.0,연%,817Y002,010200000,국고채(3년),연%,817Y002,Korean 3-year Treasury yield (annual percent),2015-03-02T16:00:00+09:00,2015-03-03,KOFIA 16:00 KST source publication; usable from next calendar day; ECOS load time unverified
2015-03-03,1.99,1.99,연%,1.99,연%,817Y002,010200000,국고채(3년),연%,817Y002,Korean 3-year Treasury yield (annual percent),2015-03-03T16:00:00+09:00,2015-03-04,KOFIA 16:00 KST source publication; usable from next calendar day; ECOS load time unverified
2015-03-04,1.98,1.98,연%,1.98,연%,817Y002,010200000,국고채(3년),연%,817Y002,Korean 3-year Treasury yield (annual percent),2015-03-04T16:00:00+09:00,2015-03-05,KOFIA 16:00 KST source publication; usable from next calendar day; ECOS load time unverified
2015-03-05,1.978,1.978,연%,1.978,연%,817Y002,010200000,국고채(3년),연%,817Y002,Korean 3-year Treasury yield (annual percent),2015-03-05T16:00:00+09:00,2015-03-06,KOFIA 16:00 KST source publication; usable from next calendar day; ECOS load time unverified
2015-03-06,1.943,1.943,연%,1.943,연%,817Y002,010200000,국고채(3년),연%,817Y002,Korean 3-year Treasury yield (annual percent),2015-03-06T16:00:00+09:00,2015-03-07,KOFIA 16:00 KST source publication; usable from next calendar day; ECOS load time unverified
2015-03-09,1.924,1.924,연%,1.924,연%,817Y002,010200000,국고채(3년),연%,817Y002,Korean 3-year Treasury yield (annual percent),2015-03-09T16:00:00+09:00,2015-03-10,KOFIA 16:00 KST source publication; usable from next calendar day; ECOS load time unverified
2015-03-10,1.937,1.937,연%,1.937,연%,817Y002,010200000,국고채(3년),연%,817Y002,Korean 3-year Treasury yield (annual percent),2015-03-10T16:00:00+09:00,2015-03-11,KOFIA 16:00 KST source publication; usable from next calendar day; ECOS load time unverified
2015-03-11,1.907,1.907,연%,1.907,연%,817Y002,010200000,국고채(3년),연%,817Y002,Korean 3-year Treasury yield (annual percent),2015-03-11T16:00:00+09:00,2015-03-12,KOFIA 16:00 KST source publication; usable from next calendar day; ECOS load time unverified
2015-03-12,1.896,1.896,연%,1.896,연%,817Y002,010200000,국고채(3년),연%,817Y002,Korean 3-year Treasury yield (annual percent),2015-03-12T16:00:00+09:00,2015-03-13,KOFIA 16:00 KST source publication; usable from next calendar day; ECOS load time unverified
2015-03-13,1.869,1.869,연%,1.869,연%,817Y002,010200000,국고채(3년),연%,817Y002,Korean 3-year Treasury yield (annual percent),2015-03-13T16:00:00+09:00,2015-03-14,KOFIA 16:00 KST source publication; usable from next calendar day; ECOS load time unverified
2015-03-16,1.856,1.856,연%,1.856,연%,817Y002,010200000,국고채(3년),연%,817Y002,Korean 3-year Treasury yield (annual percent),2015-03-16T16:00:00+09:00,2015-03-17,KOFIA 16:00 KST source publication; usable from next calendar day; ECOS load time unverified
2015-03-17,1.872,1.872,연%,1.872,연%,817Y002,010200000,국고채(3년),연%,817Y002,Korean 3-year Treasury yield (annual percent),2015-03-17T16:00:00+09:00,2015-03-18,KOFIA 16:00 KST source publication; usable from next calendar day; ECOS load time unverified
2015-03-18,1.859,1.859,연%,1.859,연%,817Y002,010200000,국고채(3년),연%,817Y002,Korean 3-year Treasury yield (annual percent),2015-03-18T16:00:00+09:00,2015-03-19,KOFIA 16:00 KST source publication; usable from next calendar day; ECOS load time unverified
2015-03-19,1.825,1.825,연%,1.825,연%,817Y002,010200000,국고채(3년),연%,817Y002,Korean 3-year Treasury yield (annual percent),2015-03-19T16:00:00+09:00,2015-03-20,KOFIA 16:00 KST source publication; usable from next calendar day; ECOS load time unverified
2015-03-20,1.797,1.797,연%,1.797,연%,817Y002,010200000,국고채(3년),연%,817Y002,Korean 3-year Treasury yield (annual percent),2015-03-20T16:00:00+09:00,2015-03-21,KOFIA 16:00 KST source publication; usable from next calendar day; ECOS load time unverified
2015-03-23,1.793,1.793,연%,1.793,연%,817Y002,010200000,국고채(3년),연%,817Y002,Korean 3-year Treasury yield (annual percent),2015-03-23T16:00:00+09:00,2015-03-24,KOFIA 16:00 KST source publication; usable from next calendar day; ECOS load time unverified
2015-03-24,1.795,1.795,연%,1.795,연%,817Y002,010200000,국고채(3년),연%,817Y002,Korean 3-year Treasury yield (annual percent),2015-03-24T16:00:00+09:00,2015-03-25,KOFIA 16:00 KST source publication; usable from next calendar day; ECOS load time unverified
2015-03-25,1.785,1.785,연%,1.785,연%,817Y002,010200000,국고채(3년),연%,817Y002,Korean 3-year Treasury yield (annual percent),2015-03-25T16:00:00+09:00,2015-03-26,KOFIA 16:00 KST source publication; usable from next calendar day; ECOS load time unverified
2015-03-26,1.779,1.779,연%,1.779,연%,817Y002,010200000,국고채(3년),연%,817Y002,Korean 3-year Treasury yield (annual percent),2015-03-26T16:00:00+09:00,2015-03-27,KOFIA 16:00 KST source publication; usable from next calendar day; ECOS load time unverified
2015-03-27,1.77,1.77,연%,1.77,연%,817Y002,010200000,국고채(3년),연%,817Y002,Korean 3-year Treasury yield (annual percent),2015-03-27T16:00:00+09:00,2015-03-28,KOFIA 16:00 KST source publication; usable from next calendar day; ECOS load time unverified
2015-03-30,1.748,1.748,연%,1.748,연%,817Y002,010200000,국고채(3년),연%,817Y002,Korean 3-year Treasury yield (annual percent),2015-03-30T16:00:00+09:00,2015-03-31,KOFIA 16:00 KST source publication; usable from next calendar day; ECOS load time unverified
2015-03-31,1.721,1.721,연%,1.721,연%,817Y002,010200000,국고채(3년),연%,817Y002,Korean 3-year Treasury yield (annual percent),2015-03-31T16:00:00+09:00,2015-04-01,KOFIA 16:00 KST source publication; usable from next calendar day; ECOS load time unverified
2015-04-01,1.72,1.72,연%,1.72,연%,817Y002,010200000,국고채(3년),연%,817Y002,Korean 3-year Treasury yield (annual percent),2015-04-01T16:00:00+09:00,2015-04-02,KOFIA 16:00 KST source publication; usable from next calendar day; ECOS load time unverified
2015-04-02,1.721,1.721,연%,1.721,연%,817Y002,010200000,국고채(3년),연%,817Y002,Korean 3-year Treasury yield (annual percent),2015-04-02T16:00:00+09:00,2015-04-03,KOFIA 16:00 KST source publication; usable from next calendar day; ECOS load time unverified
2015-04-03,1.714,1.714,연%,1.714,연%,817Y002,010200000,국고채(3년),연%,817Y002,Korean 3-year Treasury yield (annual percent),2015-04-03T16:00:00+09:00,2015-04-04,KOFIA 16:00 KST source publication; usable from next calendar day; ECOS load time unverified
2015-04-06,1.714,1.714,연%,1.714,연%,817Y002,010200000,국고채(3년),연%,817Y002,Korean 3-year Treasury yield (annual percent),2015-04-06T16:00:00+09:00,2015-04-07,KOFIA 16:00 KST source publication; usable from next calendar day; ECOS load time unverified
2015-04-07,1.721,1.721,연%,1.721,연%,817Y002,010200000,국고채(3년),연%,817Y002,Korean 3-year Treasury yield (annual percent),2015-04-07T16:00:00+09:00,2015-04-08,KOFIA 16:00 KST source publication; usable from next calendar day; ECOS load time unverified
2015-04-08,1.727,1.727,연%,1.727,연%,817Y002,010200000,국고채(3년),연%,817Y002,Korean 3-year Treasury yield (annual percent),2015-04-08T16:00:00+09:00,2015-04-09,KOFIA 16:00 KST source publication; usable from next calendar day; ECOS load time unverified
2015-04-09,1.698,1.698,연%,1.698,연%,817Y002,010200000,국고채(3년),연%,817Y002,Korean 3-year Treasury yield (annual percent),2015-04-09T16:00:00+09:00,2015-04-10,KOFIA 16:00 KST source publication; usable from next calendar day; ECOS load time unverified
2015-04-10,1.714,1.714,연%,1.714,연%,817Y002,010200000,국고채(3년),연%,817Y002,Korean 3-year Treasury yield (annual percent),2015-04-10T16:00:00+09:00,2015-04-11,KOFIA 16:00 KST source publication; usable from next calendar day; ECOS load time unverified
2015-04-13,1.732,1.732,연%,1.732,연%,817Y002,010200000,국고채(3년),연%,817Y002,Korean 3-year Treasury yield (annual percent),2015-04-13T16:00:00+09:00,2015-04-14,KOFIA 16:00 KST source publication; usable from next calendar day; ECOS load time unverified
2015-04-14,1.731,1.731,연%,1.731,연%,817Y002,010200000,국고채(3년),연%,817Y002,Korean 3-year Treasury yield (annual percent),2015-04-14T16:00:00+09:00,2015-04-15,KOFIA 16:00 KST source publication; usable from next calendar day; ECOS load time unverified
2015-04-15,1.721,1.721,연%,1.721,연%,817Y002,010200000,국고채(3년),연%,817Y002,Korean 3-year Treasury yield (annual percent),2015-04-15T16:00:00+09:00,2015-04-16,KOFIA 16:00 KST source publication; usable from next calendar day; ECOS load time unverified
2015-04-16,1.724,1.724,연%,1.724,연%,817Y002,010200000,국고채(3년),연%,817Y002,Korean 3-year Treasury yield (annual percent),2015-04-16T16:00:00+09:00,2015-04-17,KOFIA 16:00 KST source publication; usable from next calendar day; ECOS load time unverified
2015-04-17,1.691,1.691,연%,1.691,연%,817Y002,010200000,국고채(3년),연%,817Y002,Korean 3-year Treasury yield (annual percent),2015-04-17T16:00:00+09:00,2015-04-18,KOFIA 16:00 KST source publication; usable from next calendar day; ECOS load time unverified
2015-04-20,1.693,1.693,연%,1.693,연%,817Y002,010200000,국고채(3년),연%,817Y002,Korean 3-year Treasury yield (annual percent),2015-04-20T16:00:00+09:00,2015-04-21,KOFIA 16:00 KST source publication; usable from next calendar day; ECOS load time unverified
2015-04-21,1.71,1.71,연%,1.71,연%,817Y002,010200000,국고채(3년),연%,817Y002,Korean 3-year Treasury yield (annual percent),2015-04-21T16:00:00+09:00,2015-04-22,KOFIA 16:00 KST source publication; usable from next calendar day; ECOS load time unverified
2015-04-22,1.71,1.71,연%,1.71,연%,817Y002,010200000,국고채(3년),연%,817Y002,Korean 3-year Treasury yield (annual percent),2015-04-22T16:00:00+09:00,2015-04-23,KOFIA 16:00 KST source publication; usable from next calendar day; ECOS load time unverified
2015-04-23,1.745,1.745,연%,1.745,연%,817Y002,010200000,국고채(3년),연%,817Y002,Korean 3-year Treasury yield (annual percent),2015-04-23T16:00:00+09:00,2015-04-24,KOFIA 16:00 KST source publication; usable from next calendar day; ECOS load time unverified
2015-04-24,1.771,1.771,연%,1.771,연%,817Y002,010200000,국고채(3년),연%,817Y002,Korean 3-year Treasury yield (annual percent),2015-04-24T16:00:00+09:00,2015-04-25,KOFIA 16:00 KST source publication; usable from next calendar day; ECOS load time unverified
2015-04-27,1.786,1.786,연%,1.786,연%,817Y002,010200000,국고채(3년),연%,817Y002,Korean 3-year Treasury yield (annual percent),2015-04-27T16:00:00+09:00,2015-04-28,KOFIA 16:00 KST source publication; usable from next calendar day; ECOS load time unverified
2015-04-28,1.829,1.829,연%,1.829,연%,817Y002,010200000,국고채(3년),연%,817Y002,Korean 3-year Treasury yield (annual percent),2015-04-28T16:00:00+09:00,2015-04-29,KOFIA 16:00 KST source publication; usable from next calendar day; ECOS load time unverified
2015-04-29,1.842,1.842,연%,1.842,연%,817Y002,010200000,국고채(3년),연%,817Y002,Korean 3-year Treasury yield (annual percent),2015-04-29T16:00:00+09:00,2015-04-30,KOFIA 16:00 KST source publication; usable from next calendar day; ECOS load time unverified
2015-04-30,1.843,1.843,연%,1.843,연%,817Y002,010200000,국고채(3년),연%,817Y002,Korean 3-year Treasury yield (annual percent),2015-04-30T16:00:00+09:00,2015-05-01,KOFIA 16:00 KST source publication; usable from next calendar day; ECOS load time unverified
2015-05-04,1.896,1.896,연%,1.896,연%,817Y002,010200000,국고채(3년),연%,817Y002,Korean 3-year Treasury yield (annual percent),2015-05-04T16:00:00+09:00,2015-05-05,KOFIA 16:00 KST source publication; usable from next calendar day; ECOS load time unverified
2015-05-06,1.969,1.969,연%,1.969,연%,817Y002,010200000,국고채(3년),연%,817Y002,Korean 3-year Treasury yield (annual percent),2015-05-06T16:00:00+09:00,2015-05-07,KOFIA 16:00 KST source publication; usable from next calendar day; ECOS load time unverified
2015-05-07,1.966,1.966,연%,1.966,연%,817Y002,010200000,국고채(3년),연%,817Y002,Korean 3-year Treasury yield (annual percent),2015-05-07T16:00:00+09:00,2015-05-08,KOFIA 16:00 KST source publication; usable from next calendar day; ECOS load time unverified
2015-05-08,1.888,1.888,연%,1.888,연%,817Y002,010200000,국고채(3년),연%,817Y002,Korean 3-year Treasury yield (annual percent),2015-05-08T16:00:00+09:00,2015-05-09,KOFIA 16:00 KST source publication; usable from next calendar day; ECOS load time unverified
2015-05-11,1.876,1.876,연%,1.876,연%,817Y002,010200000,국고채(3년),연%,817Y002,Korean 3-year Treasury yield (annual percent),2015-05-11T16:00:00+09:00,2015-05-12,KOFIA 16:00 KST source publication; usable from next calendar day; ECOS load time unverified
2015-05-12,1.942,1.942,연%,1.942,연%,817Y002,010200000,국고채(3년),연%,817Y002,Korean 3-year Treasury yield (annual percent),2015-05-12T16:00:00+09:00,2015-05-13,KOFIA 16:00 KST source publication; usable from next calendar day; ECOS load time unverified
2015-05-13,1.864,1.864,연%,1.864,연%,817Y002,010200000,국고채(3년),연%,817Y002,Korean 3-year Treasury yield (annual percent),2015-05-13T16:00:00+09:00,2015-05-14,KOFIA 16:00 KST source publication; usable from next calendar day; ECOS load time unverified
2015-05-14,1.857,1.857,연%,1.857,연%,817Y002,010200000,국고채(3년),연%,817Y002,Korean 3-year Treasury yield (annual percent),2015-05-14T16:00:00+09:00,2015-05-15,KOFIA 16:00 KST source publication; usable from next calendar day; ECOS load time unverified
2015-05-15,1.881,1.881,연%,1.881,연%,817Y002,010200000,국고채(3년),연%,817Y002,Korean 3-year Treasury yield (annual percent),2015-05-15T16:00:00+09:00,2015-05-16,KOFIA 16:00 KST source publication; usable from next calendar day; ECOS load time unverified
2015-05-18,1.889,1.889,연%,1.889,연%,817Y002,010200000,국고채(3년),연%,817Y002,Korean 3-year Treasury yield (annual percent),2015-05-18T16:00:00+09:00,2015-05-19,KOFIA 16:00 KST source publication; usable from next calendar day; ECOS load time unverified
2015-05-19,1.903,1.903,연%,1.903,연%,817Y002,010200000,국고채(3년),연%,817Y002,Korean 3-year Treasury yield (annual percent),2015-05-19T16:00:00+09:00,2015-05-20,KOFIA 16:00 KST source publication; usable from next calendar day; ECOS load time unverified
2015-05-20,1.878,1.878,연%,1.878,연%,817Y002,010200000,국고채(3년),연%,817Y002,Korean 3-year Treasury yield (annual percent),2015-05-20T16:00:00+09:00,2015-05-21,KOFIA 16:00 KST source publication; usable from next calendar day; ECOS load time unverified
2015-05-21,1.88,1.88,연%,1.88,연%,817Y002,010200000,국고채(3년),연%,817Y002,Korean 3-year Treasury yield (annual percent),2015-05-21T16:00:00+09:00,2015-05-22,KOFIA 16:00 KST source publication; usable from next calendar day; ECOS load time unverified
2015-05-22,1.871,1.871,연%,1.871,연%,817Y002,010200000,국고채(3년),연%,817Y002,Korean 3-year Treasury yield (annual percent),2015-05-22T16:00:00+09:00,2015-05-23,KOFIA 16:00 KST source publication; usable from next calendar day; ECOS load time unverified
2015-05-26,1.846,1.846,연%,1.846,연%,817Y002,010200000,국고채(3년),연%,817Y002,Korean 3-year Treasury yield (annual percent),2015-05-26T16:00:00+09:00,2015-05-27,KOFIA 16:00 KST source publication; usable from next calendar day; ECOS load time unverified
2015-05-27,1.809,1.809,연%,1.809,연%,817Y002,010200000,국고채(3년),연%,817Y002,Korean 3-year Treasury yield (annual percent),2015-05-27T16:00:00+09:00,2015-05-28,KOFIA 16:00 KST source publication; usable from next calendar day; ECOS load time unverified
2015-05-28,1.798,1.798,연%,1.798,연%,817Y002,010200000,국고채(3년),연%,817Y002,Korean 3-year Treasury yield (annual percent),2015-05-28T16:00:00+09:00,2015-05-29,KOFIA 16:00 KST source publication; usable from next calendar day; ECOS load time unverified
2015-05-29,1.745,1.745,연%,1.745,연%,817Y002,010200000,국고채(3년),연%,817Y002,Korean 3-year Treasury yield (annual percent),2015-05-29T16:00:00+09:00,2015-05-30,KOFIA 16:00 KST source publication; usable from next calendar day; ECOS load time unverified
2015-06-01,1.746,1.746,연%,1.746,연%,817Y002,010200000,국고채(3년),연%,817Y002,Korean 3-year Treasury yield (annual percent),2015-06-01T16:00:00+09:00,2015-06-02,KOFIA 16:00 KST source publication; usable from next calendar day; ECOS load time unverified
2015-06-02,1.726,1.726,연%,1.726,연%,817Y002,010200000,국고채(3년),연%,817Y002,Korean 3-year Treasury yield (annual percent),2015-06-02T16:00:00+09:00,2015-06-03,KOFIA 16:00 KST source publication; usable from next calendar day; ECOS load time unverified
2015-06-03,1.757,1.757,연%,1.757,연%,817Y002,010200000,국고채(3년),연%,817Y002,Korean 3-year Treasury yield (annual percent),2015-06-03T16:00:00+09:00,2015-06-04,KOFIA 16:00 KST source publication; usable from next calendar day; ECOS load time unverified
2015-06-04,1.767,1.767,연%,1.767,연%,817Y002,010200000,국고채(3년),연%,817Y002,Korean 3-year Treasury yield (annual percent),2015-06-04T16:00:00+09:00,2015-06-05,KOFIA 16:00 KST source publication; usable from next calendar day; ECOS load time unverified
2015-06-05,1.741,1.741,연%,1.741,연%,817Y002,010200000,국고채(3년),연%,817Y002,Korean 3-year Treasury yield (annual percent),2015-06-05T16:00:00+09:00,2015-06-06,KOFIA 16:00 KST source publication; usable from next calendar day; ECOS load time unverified
2015-06-08,1.729,1.729,연%,1.729,연%,817Y002,010200000,국고채(3년),연%,817Y002,Korean 3-year Treasury yield (annual percent),2015-06-08T16:00:00+09:00,2015-06-09,KOFIA 16:00 KST source publication; usable from next calendar day; ECOS load time unverified
2015-06-09,1.733,1.733,연%,1.733,연%,817Y002,010200000,국고채(3년),연%,817Y002,Korean 3-year Treasury yield (annual percent),2015-06-09T16:00:00+09:00,2015-06-10,KOFIA 16:00 KST source publication; usable from next calendar day; ECOS load time unverified
2015-06-10,1.773,1.773,연%,1.773,연%,817Y002,010200000,국고채(3년),연%,817Y002,Korean 3-year Treasury yield (annual percent),2015-06-10T16:00:00+09:00,2015-06-11,KOFIA 16:00 KST source publication; usable from next calendar day; ECOS load time unverified
2015-06-11,1.797,1.797,연%,1.797,연%,817Y002,010200000,국고채(3년),연%,817Y002,Korean 3-year Treasury yield (annual percent),2015-06-11T16:00:00+09:00,2015-06-12,KOFIA 16:00 KST source publication; usable from next calendar day; ECOS load time unverified
2015-06-12,1.762,1.762,연%,1.762,연%,817Y002,010200000,국고채(3년),연%,817Y002,Korean 3-year Treasury yield (annual percent),2015-06-12T16:00:00+09:00,2015-06-13,KOFIA 16:00 KST source publication; usable from next calendar day; ECOS load time unverified
2015-06-15,1.764,1.764,연%,1.764,연%,817Y002,010200000,국고채(3년),연%,817Y002,Korean 3-year Treasury yield (annual percent),2015-06-15T16:00:00+09:00,2015-06-16,KOFIA 16:00 KST source publication; usable from next calendar day; ECOS load time unverified
2015-06-16,1.766,1.766,연%,1.766,연%,817Y002,010200000,국고채(3년),연%,817Y002,Korean 3-year Treasury yield (annual percent),2015-06-16T16:00:00+09:00,2015-06-17,KOFIA 16:00 KST source publication; usable from next calendar day; ECOS load time unverified
2015-06-17,1.8,1.8,연%,1.8,연%,817Y002,010200000,국고채(3년),연%,817Y002,Korean 3-year Treasury yield (annual percent),2015-06-17T16:00:00+09:00,2015-06-18,KOFIA 16:00 KST source publication; usable from next calendar day; ECOS load time unverified
2015-06-18,1.778,1.778,연%,1.778,연%,817Y002,010200000,국고채(3년),연%,817Y002,Korean 3-year Treasury yield (annual percent),2015-06-18T16:00:00+09:00,2015-06-19,KOFIA 16:00 KST source publication; usable from next calendar day; ECOS load time unverified
2015-06-19,1.77,1.77,연%,1.77,연%,817Y002,010200000,국고채(3년),연%,817Y002,Korean 3-year Treasury yield (annual percent),2015-06-19T16:00:00+09:00,2015-06-20,KOFIA 16:00 KST source publication; usable from next calendar day; ECOS load time unverified
2015-06-22,1.787,1.787,연%,1.787,연%,817Y002,010200000,국고채(3년),연%,817Y002,Korean 3-year Treasury yield (annual percent),2015-06-22T16:00:00+09:00,2015-06-23,KOFIA 16:00 KST source publication; usable from next calendar day; ECOS load time unverified
2015-06-23,1.795,1.795,연%,1.795,연%,817Y002,010200000,국고채(3년),연%,817Y002,Korean 3-year Treasury yield (annual percent),2015-06-23T16:00:00+09:00,2015-06-24,KOFIA 16:00 KST source publication; usable from next calendar day; ECOS load time unverified
2015-06-24,1.806,1.806,연%,1.806,연%,817Y002,010200000,국고채(3년),연%,817Y002,Korean 3-year Treasury yield (annual percent),2015-06-24T16:00:00+09:00,2015-06-25,KOFIA 16:00 KST source publication; usable from next calendar day; ECOS load time unverified
2015-06-25,1.814,1.814,연%,1.814,연%,817Y002,010200000,국고채(3년),연%,817Y002,Korean 3-year Treasury yield (annual percent),2015-06-25T16:00:00+09:00,2015-06-26,KOFIA 16:00 KST source publication; usable from next calendar day; ECOS load time unverified
2015-06-26,1.818,1.818,연%,1.818,연%,817Y002,010200000,국고채(3년),연%,817Y002,Korean 3-year Treasury yield (annual percent),2015-06-26T16:00:00+09:00,2015-06-27,KOFIA 16:00 KST source publication; usable from next calendar day; ECOS load time unverified
2015-06-29,1.793,1.793,연%,1.793,연%,817Y002,010200000,국고채(3년),연%,817Y002,Korean 3-year Treasury yield (annual percent),2015-06-29T16:00:00+09:00,2015-06-30,KOFIA 16:00 KST source publication; usable from next calendar day; ECOS load time unverified
2015-06-30,1.793,1.793,연%,1.793,연%,817Y002,010200000,국고채(3년),연%,817Y002,Korean 3-year Treasury yield (annual percent),2015-06-30T16:00:00+09:00,2015-07-01,KOFIA 16:00 KST source publication; usable from next calendar day; ECOS load time unverified
2015-07-01,1.805,1.805,연%,1.805,연%,817Y002,010200000,국고채(3년),연%,817Y002,Korean 3-year Treasury yield (annual percent),2015-07-01T16:00:00+09:00,2015-07-02,KOFIA 16:00 KST source publication; usable from next calendar day; ECOS load time unverified
2015-07-02,1.828,1.828,연%,1.828,연%,817Y002,010200000,국고채(3년),연%,817Y002,Korean 3-year Treasury yield (annual percent),2015-07-02T16:00:00+09:00,2015-07-03,KOFIA 16:00 KST source publication; usable from next calendar day; ECOS load time unverified
2015-07-03,1.826,1.826,연%,1.826,연%,817Y002,010200000,국고채(3년),연%,817Y002,Korean 3-year Treasury yield (annual percent),2015-07-03T16:00:00+09:00,2015-07-04,KOFIA 16:00 KST source publication; usable from next calendar day; ECOS load time unverified
2015-07-06,1.829,1.829,연%,1.829,연%,817Y002,010200000,국고채(3년),연%,817Y002,Korean 3-year Treasury yield (annual percent),2015-07-06T16:00:00+09:00,2015-07-07,KOFIA 16:00 KST source publication; usable from next calendar day; ECOS load time unverified
2015-07-07,1.825,1.825,연%,1.825,연%,817Y002,010200000,국고채(3년),연%,817Y002,Korean 3-year Treasury yield (annual percent),2015-07-07T16:00:00+09:00,2015-07-08,KOFIA 16:00 KST source publication; usable from next calendar day; ECOS load time unverified
2015-07-08,1.807,1.807,연%,1.807,연%,817Y002,010200000,국고채(3년),연%,817Y002,Korean 3-year Treasury yield (annual percent),2015-07-08T16:00:00+09:00,2015-07-09,KOFIA 16:00 KST source publication; usable from next calendar day; ECOS load time unverified
2015-07-09,1.802,1.802,연%,1.802,연%,817Y002,010200000,국고채(3년),연%,817Y002,Korean 3-year Treasury yield (annual percent),2015-07-09T16:00:00+09:00,2015-07-10,KOFIA 16:00 KST source publication; usable from next calendar day; ECOS load time unverified
2015-07-10,1.806,1.806,연%,1.806,연%,817Y002,010200000,국고채(3년),연%,817Y002,Korean 3-year Treasury yield (annual percent),2015-07-10T16:00:00+09:00,2015-07-11,KOFIA 16:00 KST source publication; usable from next calendar day; ECOS load time unverified
2015-07-13,1.804,1.804,연%,1.804,연%,817Y002,010200000,국고채(3년),연%,817Y002,Korean 3-year Treasury yield (annual percent),2015-07-13T16:00:00+09:00,2015-07-14,KOFIA 16:00 KST source publication; usable from next calendar day; ECOS load time unverified
2015-07-14,1.796,1.796,연%,1.796,연%,817Y002,010200000,국고채(3년),연%,817Y002,Korean 3-year Treasury yield (annual percent),2015-07-14T16:00:00+09:00,2015-07-15,KOFIA 16:00 KST source publication; usable from next calendar day; ECOS load time unverified
2015-07-15,1.795,1.795,연%,1.795,연%,817Y002,010200000,국고채(3년),연%,817Y002,Korean 3-year Treasury yield (annual percent),2015-07-15T16:00:00+09:00,2015-07-16,KOFIA 16:00 KST source publication; usable from next calendar day; ECOS load time unverified
2015-07-16,1.789,1.789,연%,1.789,연%,817Y002,010200000,국고채(3년),연%,817Y002,Korean 3-year Treasury yield (annual percent),2015-07-16T16:00:00+09:00,2015-07-17,KOFIA 16:00 KST source publication; usable from next calendar day; ECOS load time unverified
2015-07-17,1.784,1.784,연%,1.784,연%,817Y002,010200000,국고채(3년),연%,817Y002,Korean 3-year Treasury yield (annual percent),2015-07-17T16:00:00+09:00,2015-07-18,KOFIA 16:00 KST source publication; usable from next calendar day; ECOS load time unverified
2015-07-20,1.775,1.775,연%,1.775,연%,817Y002,010200000,국고채(3년),연%,817Y002,Korean 3-year Treasury yield (annual percent),2015-07-20T16:00:00+09:00,2015-07-21,KOFIA 16:00 KST source publication; usable from next calendar day; ECOS load time unverified
2015-07-21,1.771,1.771,연%,1.771,연%,817Y002,010200000,국고채(3년),연%,817Y002,Korean 3-year Treasury yield (annual percent),2015-07-21T16:00:00+09:00,2015-07-22,KOFIA 16:00 KST source publication; usable from next calendar day; ECOS load time unverified
2015-07-22,1.749,1.749,연%,1.749,연%,817Y002,010200000,국고채(3년),연%,817Y002,Korean 3-year Treasury yield (annual percent),2015-07-22T16:00:00+09:00,2015-07-23,KOFIA 16:00 KST source publication; usable from next calendar day; ECOS load time unverified
2015-07-23,1.716,1.716,연%,1.716,연%,817Y002,010200000,국고채(3년),연%,817Y002,Korean 3-year Treasury yield (annual percent),2015-07-23T16:00:00+09:00,2015-07-24,KOFIA 16:00 KST source publication; usable from next calendar day; ECOS load time unverified
2015-07-24,1.706,1.706,연%,1.706,연%,817Y002,010200000,국고채(3년),연%,817Y002,Korean 3-year Treasury yield (annual percent),2015-07-24T16:00:00+09:00,2015-07-25,KOFIA 16:00 KST source publication; usable from next calendar day; ECOS load time unverified
2015-07-27,1.703,1.703,연%,1.703,연%,817Y002,010200000,국고채(3년),연%,817Y002,Korean 3-year Treasury yield (annual percent),2015-07-27T16:00:00+09:00,2015-07-28,KOFIA 16:00 KST source publication; usable from next calendar day; ECOS load time unverified
2015-07-28,1.731,1.731,연%,1.731,연%,817Y002,010200000,국고채(3년),연%,817Y002,Korean 3-year Treasury yield (annual percent),2015-07-28T16:00:00+09:00,2015-07-29,KOFIA 16:00 KST source publication; usable from next calendar day; ECOS load time unverified
2015-07-29,1.716,1.716,연%,1.716,연%,817Y002,010200000,국고채(3년),연%,817Y002,Korean 3-year Treasury yield (annual percent),2015-07-29T16:00:00+09:00,2015-07-30,KOFIA 16:00 KST source publication; usable from next calendar day; ECOS load time unverified
2015-07-30,1.735,1.735,연%,1.735,연%,817Y002,010200000,국고채(3년),연%,817Y002,Korean 3-year Treasury yield (annual percent),2015-07-30T16:00:00+09:00,2015-07-31,KOFIA 16:00 KST source publication; usable from next calendar day; ECOS load time unverified
2015-07-31,1.768,1.768,연%,1.768,연%,817Y002,010200000,국고채(3년),연%,817Y002,Korean 3-year Treasury yield (annual percent),2015-07-31T16:00:00+09:00,2015-08-01,KOFIA 16:00 KST source publication; usable from next calendar day; ECOS load time unverified
2015-08-03,1.76,1.76,연%,1.76,연%,817Y002,010200000,국고채(3년),연%,817Y002,Korean 3-year Treasury yield (annual percent),2015-08-03T16:00:00+09:00,2015-08-04,KOFIA 16:00 KST source publication; usable from next calendar day; ECOS load time unverified
2015-08-04,1.774,1.774,연%,1.774,연%,817Y002,010200000,국고채(3년),연%,817Y002,Korean 3-year Treasury yield (annual percent),2015-08-04T16:00:00+09:00,2015-08-05,KOFIA 16:00 KST source publication; usable from next calendar day; ECOS load time unverified
2015-08-05,1.792,1.792,연%,1.792,연%,817Y002,010200000,국고채(3년),연%,817Y002,Korean 3-year Treasury yield (annual percent),2015-08-05T16:00:00+09:00,2015-08-06,KOFIA 16:00 KST source publication; usable from next calendar day; ECOS load time unverified
2015-08-06,1.786,1.786,연%,1.786,연%,817Y002,010200000,국고채(3년),연%,817Y002,Korean 3-year Treasury yield (annual percent),2015-08-06T16:00:00+09:00,2015-08-07,KOFIA 16:00 KST source publication; usable from next calendar day; ECOS load time unverified
2015-08-07,1.783,1.783,연%,1.783,연%,817Y002,010200000,국고채(3년),연%,817Y002,Korean 3-year Treasury yield (annual percent),2015-08-07T16:00:00+09:00,2015-08-08,KOFIA 16:00 KST source publication; usable from next calendar day; ECOS load time unverified
2015-08-10,1.763,1.763,연%,1.763,연%,817Y002,010200000,국고채(3년),연%,817Y002,Korean 3-year Treasury yield (annual percent),2015-08-10T16:00:00+09:00,2015-08-11,KOFIA 16:00 KST source publication; usable from next calendar day; ECOS load time unverified
2015-08-11,1.737,1.737,연%,1.737,연%,817Y002,010200000,국고채(3년),연%,817Y002,Korean 3-year Treasury yield (annual percent),2015-08-11T16:00:00+09:00,2015-08-12,KOFIA 16:00 KST source publication; usable from next calendar day; ECOS load time unverified
2015-08-12,1.705,1.705,연%,1.705,연%,817Y002,010200000,국고채(3년),연%,817Y002,Korean 3-year Treasury yield (annual percent),2015-08-12T16:00:00+09:00,2015-08-13,KOFIA 16:00 KST source publication; usable from next calendar day; ECOS load time unverified
2015-08-13,1.729,1.729,연%,1.729,연%,817Y002,010200000,국고채(3년),연%,817Y002,Korean 3-year Treasury yield (annual percent),2015-08-13T16:00:00+09:00,2015-08-14,KOFIA 16:00 KST source publication; usable from next calendar day; ECOS load time unverified
2015-08-17,1.723,1.723,연%,1.723,연%,817Y002,010200000,국고채(3년),연%,817Y002,Korean 3-year Treasury yield (annual percent),2015-08-17T16:00:00+09:00,2015-08-18,KOFIA 16:00 KST source publication; usable from next calendar day; ECOS load time unverified
2015-08-18,1.716,1.716,연%,1.716,연%,817Y002,010200000,국고채(3년),연%,817Y002,Korean 3-year Treasury yield (annual percent),2015-08-18T16:00:00+09:00,2015-08-19,KOFIA 16:00 KST source publication; usable from next calendar day; ECOS load time unverified
2015-08-19,1.73,1.73,연%,1.73,연%,817Y002,010200000,국고채(3년),연%,817Y002,Korean 3-year Treasury yield (annual percent),2015-08-19T16:00:00+09:00,2015-08-20,KOFIA 16:00 KST source publication; usable from next calendar day; ECOS load time unverified
2015-08-20,1.714,1.714,연%,1.714,연%,817Y002,010200000,국고채(3년),연%,817Y002,Korean 3-year Treasury yield (annual percent),2015-08-20T16:00:00+09:00,2015-08-21,KOFIA 16:00 KST source publication; usable from next calendar day; ECOS load time unverified
2015-08-21,1.709,1.709,연%,1.709,연%,817Y002,010200000,국고채(3년),연%,817Y002,Korean 3-year Treasury yield (annual percent),2015-08-21T16:00:00+09:00,2015-08-22,KOFIA 16:00 KST source publication; usable from next calendar day; ECOS load time unverified
2015-08-24,1.693,1.693,연%,1.693,연%,817Y002,010200000,국고채(3년),연%,817Y002,Korean 3-year Treasury yield (annual percent),2015-08-24T16:00:00+09:00,2015-08-25,KOFIA 16:00 KST source publication; usable from next calendar day; ECOS load time unverified
2015-08-25,1.708,1.708,연%,1.708,연%,817Y002,010200000,국고채(3년),연%,817Y002,Korean 3-year Treasury yield (annual percent),2015-08-25T16:00:00+09:00,2015-08-26,KOFIA 16:00 KST source publication; usable from next calendar day; ECOS load time unverified
2015-08-26,1.719,1.719,연%,1.719,연%,817Y002,010200000,국고채(3년),연%,817Y002,Korean 3-year Treasury yield (annual percent),2015-08-26T16:00:00+09:00,2015-08-27,KOFIA 16:00 KST source publication; usable from next calendar day; ECOS load time unverified
2015-08-27,1.705,1.705,연%,1.705,연%,817Y002,010200000,국고채(3년),연%,817Y002,Korean 3-year Treasury yield (annual percent),2015-08-27T16:00:00+09:00,2015-08-28,KOFIA 16:00 KST source publication; usable from next calendar day; ECOS load time unverified
2015-08-28,1.718,1.718,연%,1.718,연%,817Y002,010200000,국고채(3년),연%,817Y002,Korean 3-year Treasury yield (annual percent),2015-08-28T16:00:00+09:00,2015-08-29,KOFIA 16:00 KST source publication; usable from next calendar day; ECOS load time unverified
2015-08-31,1.735,1.735,연%,1.735,연%,817Y002,010200000,국고채(3년),연%,817Y002,Korean 3-year Treasury yield (annual percent),2015-08-31T16:00:00+09:00,2015-09-01,KOFIA 16:00 KST source publication; usable from next calendar day; ECOS load time unverified
2015-09-01,1.725,1.725,연%,1.725,연%,817Y002,010200000,국고채(3년),연%,817Y002,Korean 3-year Treasury yield (annual percent),2015-09-01T16:00:00+09:00,2015-09-02,KOFIA 16:00 KST source publication; usable from next calendar day; ECOS load time unverified
2015-09-02,1.696,1.696,연%,1.696,연%,817Y002,010200000,국고채(3년),연%,817Y002,Korean 3-year Treasury yield (annual percent),2015-09-02T16:00:00+09:00,2015-09-03,KOFIA 16:00 KST source publication; usable from next calendar day; ECOS load time unverified
2015-09-03,1.674,1.674,연%,1.674,연%,817Y002,010200000,국고채(3년),연%,817Y002,Korean 3-year Treasury yield (annual percent),2015-09-03T16:00:00+09:00,2015-09-04,KOFIA 16:00 KST source publication; usable from next calendar day; ECOS load time unverified
2015-09-04,1.645,1.645,연%,1.645,연%,817Y002,010200000,국고채(3년),연%,817Y002,Korean 3-year Treasury yield (annual percent),2015-09-04T16:00:00+09:00,2015-09-05,KOFIA 16:00 KST source publication; usable from next calendar day; ECOS load time unverified
2015-09-07,1.651,1.651,연%,1.651,연%,817Y002,010200000,국고채(3년),연%,817Y002,Korean 3-year Treasury yield (annual percent),2015-09-07T16:00:00+09:00,2015-09-08,KOFIA 16:00 KST source publication; usable from next calendar day; ECOS load time unverified
2015-09-08,1.668,1.668,연%,1.668,연%,817Y002,010200000,국고채(3년),연%,817Y002,Korean 3-year Treasury yield (annual percent),2015-09-08T16:00:00+09:00,2015-09-09,KOFIA 16:00 KST source publication; usable from next calendar day; ECOS load time unverified
2015-09-09,1.68,1.68,연%,1.68,연%,817Y002,010200000,국고채(3년),연%,817Y002,Korean 3-year Treasury yield (annual percent),2015-09-09T16:00:00+09:00,2015-09-10,KOFIA 16:00 KST source publication; usable from next calendar day; ECOS load time unverified
2015-09-10,1.65,1.65,연%,1.65,연%,817Y002,010200000,국고채(3년),연%,817Y002,Korean 3-year Treasury yield (annual percent),2015-09-10T16:00:00+09:00,2015-09-11,KOFIA 16:00 KST source publication; usable from next calendar day; ECOS load time unverified
2015-09-11,1.655,1.655,연%,1.655,연%,817Y002,010200000,국고채(3년),연%,817Y002,Korean 3-year Treasury yield (annual percent),2015-09-11T16:00:00+09:00,2015-09-12,KOFIA 16:00 KST source publication; usable from next calendar day; ECOS load time unverified
2015-09-14,1.667,1.667,연%,1.667,연%,817Y002,010200000,국고채(3년),연%,817Y002,Korean 3-year Treasury yield (annual percent),2015-09-14T16:00:00+09:00,2015-09-15,KOFIA 16:00 KST source publication; usable from next calendar day; ECOS load time unverified
2015-09-15,1.653,1.653,연%,1.653,연%,817Y002,010200000,국고채(3년),연%,817Y002,Korean 3-year Treasury yield (annual percent),2015-09-15T16:00:00+09:00,2015-09-16,KOFIA 16:00 KST source publication; usable from next calendar day; ECOS load time unverified
2015-09-16,1.67,1.67,연%,1.67,연%,817Y002,010200000,국고채(3년),연%,817Y002,Korean 3-year Treasury yield (annual percent),2015-09-16T16:00:00+09:00,2015-09-17,KOFIA 16:00 KST source publication; usable from next calendar day; ECOS load time unverified
2015-09-17,1.683,1.683,연%,1.683,연%,817Y002,010200000,국고채(3년),연%,817Y002,Korean 3-year Treasury yield (annual percent),2015-09-17T16:00:00+09:00,2015-09-18,KOFIA 16:00 KST source publication; usable from next calendar day; ECOS load time unverified
2015-09-18,1.635,1.635,연%,1.635,연%,817Y002,010200000,국고채(3년),연%,817Y002,Korean 3-year Treasury yield (annual percent),2015-09-18T16:00:00+09:00,2015-09-19,KOFIA 16:00 KST source publication; usable from next calendar day; ECOS load time unverified
2015-09-21,1.617,1.617,연%,1.617,연%,817Y002,010200000,국고채(3년),연%,817Y002,Korean 3-year Treasury yield (annual percent),2015-09-21T16:00:00+09:00,2015-09-22,KOFIA 16:00 KST source publication; usable from next calendar day; ECOS load time unverified
2015-09-22,1.624,1.624,연%,1.624,연%,817Y002,010200000,국고채(3년),연%,817Y002,Korean 3-year Treasury yield (annual percent),2015-09-22T16:00:00+09:00,2015-09-23,KOFIA 16:00 KST source publication; usable from next calendar day; ECOS load time unverified
2015-09-23,1.619,1.619,연%,1.619,연%,817Y002,010200000,국고채(3년),연%,817Y002,Korean 3-year Treasury yield (annual percent),2015-09-23T16:00:00+09:00,2015-09-24,KOFIA 16:00 KST source publication; usable from next calendar day; ECOS load time unverified
2015-09-24,1.63,1.63,연%,1.63,연%,817Y002,010200000,국고채(3년),연%,817Y002,Korean 3-year Treasury yield (annual percent),2015-09-24T16:00:00+09:00,2015-09-25,KOFIA 16:00 KST source publication; usable from next calendar day; ECOS load time unverified
2015-09-25,1.615,1.615,연%,1.615,연%,817Y002,010200000,국고채(3년),연%,817Y002,Korean 3-year Treasury yield (annual percent),2015-09-25T16:00:00+09:00,2015-09-26,KOFIA 16:00 KST source publication; usable from next calendar day; ECOS load time unverified
2015-09-30,1.568,1.568,연%,1.568,연%,817Y002,010200000,국고채(3년),연%,817Y002,Korean 3-year Treasury yield (annual percent),2015-09-30T16:00:00+09:00,2015-10-01,KOFIA 16:00 KST source publication; usable from next calendar day; ECOS load time unverified
2015-10-01,1.596,1.596,연%,1.596,연%,817Y002,010200000,국고채(3년),연%,817Y002,Korean 3-year Treasury yield (annual percent),2015-10-01T16:00:00+09:00,2015-10-02,KOFIA 16:00 KST source publication; usable from next calendar day; ECOS load time unverified
2015-10-02,1.584,1.584,연%,1.584,연%,817Y002,010200000,국고채(3년),연%,817Y002,Korean 3-year Treasury yield (annual percent),2015-10-02T16:00:00+09:00,2015-10-03,KOFIA 16:00 KST source publication; usable from next calendar day; ECOS load time unverified
2015-10-05,1.577,1.577,연%,1.577,연%,817Y002,010200000,국고채(3년),연%,817Y002,Korean 3-year Treasury yield (annual percent),2015-10-05T16:00:00+09:00,2015-10-06,KOFIA 16:00 KST source publication; usable from next calendar day; ECOS load time unverified
2015-10-06,1.591,1.591,연%,1.591,연%,817Y002,010200000,국고채(3년),연%,817Y002,Korean 3-year Treasury yield (annual percent),2015-10-06T16:00:00+09:00,2015-10-07,KOFIA 16:00 KST source publication; usable from next calendar day; ECOS load time unverified
2015-10-07,1.614,1.614,연%,1.614,연%,817Y002,010200000,국고채(3년),연%,817Y002,Korean 3-year Treasury yield (annual percent),2015-10-07T16:00:00+09:00,2015-10-08,KOFIA 16:00 KST source publication; usable from next calendar day; ECOS load time unverified
2015-10-08,1.615,1.615,연%,1.615,연%,817Y002,010200000,국고채(3년),연%,817Y002,Korean 3-year Treasury yield (annual percent),2015-10-08T16:00:00+09:00,2015-10-09,KOFIA 16:00 KST source publication; usable from next calendar day; ECOS load time unverified
2015-10-12,1.646,1.646,연%,1.646,연%,817Y002,010200000,국고채(3년),연%,817Y002,Korean 3-year Treasury yield (annual percent),2015-10-12T16:00:00+09:00,2015-10-13,KOFIA 16:00 KST source publication; usable from next calendar day; ECOS load time unverified
2015-10-13,1.638,1.638,연%,1.638,연%,817Y002,010200000,국고채(3년),연%,817Y002,Korean 3-year Treasury yield (annual percent),2015-10-13T16:00:00+09:00,2015-10-14,KOFIA 16:00 KST source publication; usable from next calendar day; ECOS load time unverified
2015-10-14,1.657,1.657,연%,1.657,연%,817Y002,010200000,국고채(3년),연%,817Y002,Korean 3-year Treasury yield (annual percent),2015-10-14T16:00:00+09:00,2015-10-15,KOFIA 16:00 KST source publication; usable from next calendar day; ECOS load time unverified
2015-10-15,1.623,1.623,연%,1.623,연%,817Y002,010200000,국고채(3년),연%,817Y002,Korean 3-year Treasury yield (annual percent),2015-10-15T16:00:00+09:00,2015-10-16,KOFIA 16:00 KST source publication; usable from next calendar day; ECOS load time unverified
2015-10-16,1.622,1.622,연%,1.622,연%,817Y002,010200000,국고채(3년),연%,817Y002,Korean 3-year Treasury yield (annual percent),2015-10-16T16:00:00+09:00,2015-10-17,KOFIA 16:00 KST source publication; usable from next calendar day; ECOS load time unverified
2015-10-19,1.622,1.622,연%,1.622,연%,817Y002,010200000,국고채(3년),연%,817Y002,Korean 3-year Treasury yield (annual percent),2015-10-19T16:00:00+09:00,2015-10-20,KOFIA 16:00 KST source publication; usable from next calendar day; ECOS load time unverified
2015-10-20,1.64,1.64,연%,1.64,연%,817Y002,010200000,국고채(3년),연%,817Y002,Korean 3-year Treasury yield (annual percent),2015-10-20T16:00:00+09:00,2015-10-21,KOFIA 16:00 KST source publication; usable from next calendar day; ECOS load time unverified
2015-10-21,1.649,1.649,연%,1.649,연%,817Y002,010200000,국고채(3년),연%,817Y002,Korean 3-year Treasury yield (annual percent),2015-10-21T16:00:00+09:00,2015-10-22,KOFIA 16:00 KST source publication; usable from next calendar day; ECOS load time unverified
2015-10-22,1.654,1.654,연%,1.654,연%,817Y002,010200000,국고채(3년),연%,817Y002,Korean 3-year Treasury yield (annual percent),2015-10-22T16:00:00+09:00,2015-10-23,KOFIA 16:00 KST source publication; usable from next calendar day; ECOS load time unverified
2015-10-23,1.65,1.65,연%,1.65,연%,817Y002,010200000,국고채(3년),연%,817Y002,Korean 3-year Treasury yield (annual percent),2015-10-23T16:00:00+09:00,2015-10-24,KOFIA 16:00 KST source publication; usable from next calendar day; ECOS load time unverified
2015-10-26,1.645,1.645,연%,1.645,연%,817Y002,010200000,국고채(3년),연%,817Y002,Korean 3-year Treasury yield (annual percent),2015-10-26T16:00:00+09:00,2015-10-27,KOFIA 16:00 KST source publication; usable from next calendar day; ECOS load time unverified
2015-10-27,1.63,1.63,연%,1.63,연%,817Y002,010200000,국고채(3년),연%,817Y002,Korean 3-year Treasury yield (annual percent),2015-10-27T16:00:00+09:00,2015-10-28,KOFIA 16:00 KST source publication; usable from next calendar day; ECOS load time unverified
2015-10-28,1.626,1.626,연%,1.626,연%,817Y002,010200000,국고채(3년),연%,817Y002,Korean 3-year Treasury yield (annual percent),2015-10-28T16:00:00+09:00,2015-10-29,KOFIA 16:00 KST source publication; usable from next calendar day; ECOS load time unverified
2015-10-29,1.641,1.641,연%,1.641,연%,817Y002,010200000,국고채(3년),연%,817Y002,Korean 3-year Treasury yield (annual percent),2015-10-29T16:00:00+09:00,2015-10-30,KOFIA 16:00 KST source publication; usable from next calendar day; ECOS load time unverified
2015-10-30,1.657,1.657,연%,1.657,연%,817Y002,010200000,국고채(3년),연%,817Y002,Korean 3-year Treasury yield (annual percent),2015-10-30T16:00:00+09:00,2015-10-31,KOFIA 16:00 KST source publication; usable from next calendar day; ECOS load time unverified
2015-11-02,1.658,1.658,연%,1.658,연%,817Y002,010200000,국고채(3년),연%,817Y002,Korean 3-year Treasury yield (annual percent),2015-11-02T16:00:00+09:00,2015-11-03,KOFIA 16:00 KST source publication; usable from next calendar day; ECOS load time unverified
2015-11-03,1.665,1.665,연%,1.665,연%,817Y002,010200000,국고채(3년),연%,817Y002,Korean 3-year Treasury yield (annual percent),2015-11-03T16:00:00+09:00,2015-11-04,KOFIA 16:00 KST source publication; usable from next calendar day; ECOS load time unverified
2015-11-04,1.677,1.677,연%,1.677,연%,817Y002,010200000,국고채(3년),연%,817Y002,Korean 3-year Treasury yield (annual percent),2015-11-04T16:00:00+09:00,2015-11-05,KOFIA 16:00 KST source publication; usable from next calendar day; ECOS load time unverified
2015-11-05,1.691,1.691,연%,1.691,연%,817Y002,010200000,국고채(3년),연%,817Y002,Korean 3-year Treasury yield (annual percent),2015-11-05T16:00:00+09:00,2015-11-06,KOFIA 16:00 KST source publication; usable from next calendar day; ECOS load time unverified
2015-11-06,1.729,1.729,연%,1.729,연%,817Y002,010200000,국고채(3년),연%,817Y002,Korean 3-year Treasury yield (annual percent),2015-11-06T16:00:00+09:00,2015-11-07,KOFIA 16:00 KST source publication; usable from next calendar day; ECOS load time unverified
2015-11-09,1.803,1.803,연%,1.803,연%,817Y002,010200000,국고채(3년),연%,817Y002,Korean 3-year Treasury yield (annual percent),2015-11-09T16:00:00+09:00,2015-11-10,KOFIA 16:00 KST source publication; usable from next calendar day; ECOS load time unverified
2015-11-10,1.781,1.781,연%,1.781,연%,817Y002,010200000,국고채(3년),연%,817Y002,Korean 3-year Treasury yield (annual percent),2015-11-10T16:00:00+09:00,2015-11-11,KOFIA 16:00 KST source publication; usable from next calendar day; ECOS load time unverified
2015-11-11,1.798,1.798,연%,1.798,연%,817Y002,010200000,국고채(3년),연%,817Y002,Korean 3-year Treasury yield (annual percent),2015-11-11T16:00:00+09:00,2015-11-12,KOFIA 16:00 KST source publication; usable from next calendar day; ECOS load time unverified
2015-11-12,1.787,1.787,연%,1.787,연%,817Y002,010200000,국고채(3년),연%,817Y002,Korean 3-year Treasury yield (annual percent),2015-11-12T16:00:00+09:00,2015-11-13,KOFIA 16:00 KST source publication; usable from next calendar day; ECOS load time unverified
2015-11-13,1.778,1.778,연%,1.778,연%,817Y002,010200000,국고채(3년),연%,817Y002,Korean 3-year Treasury yield (annual percent),2015-11-13T16:00:00+09:00,2015-11-14,KOFIA 16:00 KST source publication; usable from next calendar day; ECOS load time unverified
2015-11-16,1.749,1.749,연%,1.749,연%,817Y002,010200000,국고채(3년),연%,817Y002,Korean 3-year Treasury yield (annual percent),2015-11-16T16:00:00+09:00,2015-11-17,KOFIA 16:00 KST source publication; usable from next calendar day; ECOS load time unverified
2015-11-17,1.758,1.758,연%,1.758,연%,817Y002,010200000,국고채(3년),연%,817Y002,Korean 3-year Treasury yield (annual percent),2015-11-17T16:00:00+09:00,2015-11-18,KOFIA 16:00 KST source publication; usable from next calendar day; ECOS load time unverified
2015-11-18,1.752,1.752,연%,1.752,연%,817Y002,010200000,국고채(3년),연%,817Y002,Korean 3-year Treasury yield (annual percent),2015-11-18T16:00:00+09:00,2015-11-19,KOFIA 16:00 KST source publication; usable from next calendar day; ECOS load time unverified
2015-11-19,1.736,1.736,연%,1.736,연%,817Y002,010200000,국고채(3년),연%,817Y002,Korean 3-year Treasury yield (annual percent),2015-11-19T16:00:00+09:00,2015-11-20,KOFIA 16:00 KST source publication; usable from next calendar day; ECOS load time unverified
2015-11-20,1.762,1.762,연%,1.762,연%,817Y002,010200000,국고채(3년),연%,817Y002,Korean 3-year Treasury yield (annual percent),2015-11-20T16:00:00+09:00,2015-11-21,KOFIA 16:00 KST source publication; usable from next calendar day; ECOS load time unverified
2015-11-23,1.761,1.761,연%,1.761,연%,817Y002,010200000,국고채(3년),연%,817Y002,Korean 3-year Treasury yield (annual percent),2015-11-23T16:00:00+09:00,2015-11-24,KOFIA 16:00 KST source publication; usable from next calendar day; ECOS load time unverified
2015-11-24,1.767,1.767,연%,1.767,연%,817Y002,010200000,국고채(3년),연%,817Y002,Korean 3-year Treasury yield (annual percent),2015-11-24T16:00:00+09:00,2015-11-25,KOFIA 16:00 KST source publication; usable from next calendar day; ECOS load time unverified
2015-11-25,1.769,1.769,연%,1.769,연%,817Y002,010200000,국고채(3년),연%,817Y002,Korean 3-year Treasury yield (annual percent),2015-11-25T16:00:00+09:00,2015-11-26,KOFIA 16:00 KST source publication; usable from next calendar day; ECOS load time unverified
2015-11-26,1.778,1.778,연%,1.778,연%,817Y002,010200000,국고채(3년),연%,817Y002,Korean 3-year Treasury yield (annual percent),2015-11-26T16:00:00+09:00,2015-11-27,KOFIA 16:00 KST source publication; usable from next calendar day; ECOS load time unverified
2015-11-27,1.798,1.798,연%,1.798,연%,817Y002,010200000,국고채(3년),연%,817Y002,Korean 3-year Treasury yield (annual percent),2015-11-27T16:00:00+09:00,2015-11-28,KOFIA 16:00 KST source publication; usable from next calendar day; ECOS load time unverified
2015-11-30,1.785,1.785,연%,1.785,연%,817Y002,010200000,국고채(3년),연%,817Y002,Korean 3-year Treasury yield (annual percent),2015-11-30T16:00:00+09:00,2015-12-01,KOFIA 16:00 KST source publication; usable from next calendar day; ECOS load time unverified
2015-12-01,1.772,1.772,연%,1.772,연%,817Y002,010200000,국고채(3년),연%,817Y002,Korean 3-year Treasury yield (annual percent),2015-12-01T16:00:00+09:00,2015-12-02,KOFIA 16:00 KST source publication; usable from next calendar day; ECOS load time unverified
2015-12-02,1.762,1.762,연%,1.762,연%,817Y002,010200000,국고채(3년),연%,817Y002,Korean 3-year Treasury yield (annual percent),2015-12-02T16:00:00+09:00,2015-12-03,KOFIA 16:00 KST source publication; usable from next calendar day; ECOS load time unverified
2015-12-03,1.755,1.755,연%,1.755,연%,817Y002,010200000,국고채(3년),연%,817Y002,Korean 3-year Treasury yield (annual percent),2015-12-03T16:00:00+09:00,2015-12-04,KOFIA 16:00 KST source publication; usable from next calendar day; ECOS load time unverified
2015-12-04,1.781,1.781,연%,1.781,연%,817Y002,010200000,국고채(3년),연%,817Y002,Korean 3-year Treasury yield (annual percent),2015-12-04T16:00:00+09:00,2015-12-05,KOFIA 16:00 KST source publication; usable from next calendar day; ECOS load time unverified
2015-12-07,1.787,1.787,연%,1.787,연%,817Y002,010200000,국고채(3년),연%,817Y002,Korean 3-year Treasury yield (annual percent),2015-12-07T16:00:00+09:00,2015-12-08,KOFIA 16:00 KST source publication; usable from next calendar day; ECOS load time unverified
2015-12-08,1.763,1.763,연%,1.763,연%,817Y002,010200000,국고채(3년),연%,817Y002,Korean 3-year Treasury yield (annual percent),2015-12-08T16:00:00+09:00,2015-12-09,KOFIA 16:00 KST source publication; usable from next calendar day; ECOS load time unverified
2015-12-09,1.762,1.762,연%,1.762,연%,817Y002,010200000,국고채(3년),연%,817Y002,Korean 3-year Treasury yield (annual percent),2015-12-09T16:00:00+09:00,2015-12-10,KOFIA 16:00 KST source publication; usable from next calendar day; ECOS load time unverified
2015-12-10,1.745,1.745,연%,1.745,연%,817Y002,010200000,국고채(3년),연%,817Y002,Korean 3-year Treasury yield (annual percent),2015-12-10T16:00:00+09:00,2015-12-11,KOFIA 16:00 KST source publication; usable from next calendar day; ECOS load time unverified
2015-12-11,1.748,1.748,연%,1.748,연%,817Y002,010200000,국고채(3년),연%,817Y002,Korean 3-year Treasury yield (annual percent),2015-12-11T16:00:00+09:00,2015-12-12,KOFIA 16:00 KST source publication; usable from next calendar day; ECOS load time unverified
2015-12-14,1.732,1.732,연%,1.732,연%,817Y002,010200000,국고채(3년),연%,817Y002,Korean 3-year Treasury yield (annual percent),2015-12-14T16:00:00+09:00,2015-12-15,KOFIA 16:00 KST source publication; usable from next calendar day; ECOS load time unverified
2015-12-15,1.733,1.733,연%,1.733,연%,817Y002,010200000,국고채(3년),연%,817Y002,Korean 3-year Treasury yield (annual percent),2015-12-15T16:00:00+09:00,2015-12-16,KOFIA 16:00 KST source publication; usable from next calendar day; ECOS load time unverified
2015-12-16,1.748,1.748,연%,1.748,연%,817Y002,010200000,국고채(3년),연%,817Y002,Korean 3-year Treasury yield (annual percent),2015-12-16T16:00:00+09:00,2015-12-17,KOFIA 16:00 KST source publication; usable from next calendar day; ECOS load time unverified
2015-12-17,1.726,1.726,연%,1.726,연%,817Y002,010200000,국고채(3년),연%,817Y002,Korean 3-year Treasury yield (annual percent),2015-12-17T16:00:00+09:00,2015-12-18,KOFIA 16:00 KST source publication; usable from next calendar day; ECOS load time unverified
2015-12-18,1.693,1.693,연%,1.693,연%,817Y002,010200000,국고채(3년),연%,817Y002,Korean 3-year Treasury yield (annual percent),2015-12-18T16:00:00+09:00,2015-12-19,KOFIA 16:00 KST source publication; usable from next calendar day; ECOS load time unverified
2015-12-21,1.658,1.658,연%,1.658,연%,817Y002,010200000,국고채(3년),연%,817Y002,Korean 3-year Treasury yield (annual percent),2015-12-21T16:00:00+09:00,2015-12-22,KOFIA 16:00 KST source publication; usable from next calendar day; ECOS load time unverified
2015-12-22,1.672,1.672,연%,1.672,연%,817Y002,010200000,국고채(3년),연%,817Y002,Korean 3-year Treasury yield (annual percent),2015-12-22T16:00:00+09:00,2015-12-23,KOFIA 16:00 KST source publication; usable from next calendar day; ECOS load time unverified
2015-12-23,1.668,1.668,연%,1.668,연%,817Y002,010200000,국고채(3년),연%,817Y002,Korean 3-year Treasury yield (annual percent),2015-12-23T16:00:00+09:00,2015-12-24,KOFIA 16:00 KST source publication; usable from next calendar day; ECOS load time unverified
2015-12-24,1.662,1.662,연%,1.662,연%,817Y002,010200000,국고채(3년),연%,817Y002,Korean 3-year Treasury yield (annual percent),2015-12-24T16:00:00+09:00,2015-12-25,KOFIA 16:00 KST source publication; usable from next calendar day; ECOS load time unverified
2015-12-28,1.677,1.677,연%,1.677,연%,817Y002,010200000,국고채(3년),연%,817Y002,Korean 3-year Treasury yield (annual percent),2015-12-28T16:00:00+09:00,2015-12-29,KOFIA 16:00 KST source publication; usable from next calendar day; ECOS load time unverified
2015-12-29,1.655,1.655,연%,1.655,연%,817Y002,010200000,국고채(3년),연%,817Y002,Korean 3-year Treasury yield (annual percent),2015-12-29T16:00:00+09:00,2015-12-30,KOFIA 16:00 KST source publication; usable from next calendar day; ECOS load time unverified
2015-12-30,1.662,1.662,연%,1.662,연%,817Y002,010200000,국고채(3년),연%,817Y002,Korean 3-year Treasury yield (annual percent),2015-12-30T16:00:00+09:00,2015-12-31,KOFIA 16:00 KST source publication; usable from next calendar day; ECOS load time unverified
2015-12-31,1.662,1.662,연%,1.662,연%,817Y002,010200000,국고채(3년),연%,817Y002,Korean 3-year Treasury yield (annual percent),2015-12-31T16:00:00+09:00,2016-01-01,KOFIA 16:00 KST source publication; usable from next calendar day; ECOS load time unverified
2016-01-04,1.634,1.634,연%,1.634,연%,817Y002,010200000,국고채(3년),연%,817Y002,Korean 3-year Treasury yield (annual percent),2016-01-04T16:00:00+09:00,2016-01-05,KOFIA 16:00 KST source publication; usable from next calendar day; ECOS load time unverified
2016-01-05,1.643,1.643,연%,1.643,연%,817Y002,010200000,국고채(3년),연%,817Y002,Korean 3-year Treasury yield (annual percent),2016-01-05T16:00:00+09:00,2016-01-06,KOFIA 16:00 KST source publication; usable from next calendar day; ECOS load time unverified
2016-01-06,1.639,1.639,연%,1.639,연%,817Y002,010200000,국고채(3년),연%,817Y002,Korean 3-year Treasury yield (annual percent),2016-01-06T16:00:00+09:00,2016-01-07,KOFIA 16:00 KST source publication; usable from next calendar day; ECOS load time unverified
2016-01-07,1.639,1.639,연%,1.639,연%,817Y002,010200000,국고채(3년),연%,817Y002,Korean 3-year Treasury yield (annual percent),2016-01-07T16:00:00+09:00,2016-01-08,KOFIA 16:00 KST source publication; usable from next calendar day; ECOS load time unverified
2016-01-08,1.665,1.665,연%,1.665,연%,817Y002,010200000,국고채(3년),연%,817Y002,Korean 3-year Treasury yield (annual percent),2016-01-08T16:00:00+09:00,2016-01-09,KOFIA 16:00 KST source publication; usable from next calendar day; ECOS load time unverified
2016-01-11,1.635,1.635,연%,1.635,연%,817Y002,010200000,국고채(3년),연%,817Y002,Korean 3-year Treasury yield (annual percent),2016-01-11T16:00:00+09:00,2016-01-12,KOFIA 16:00 KST source publication; usable from next calendar day; ECOS load time unverified
2016-01-12,1.638,1.638,연%,1.638,연%,817Y002,010200000,국고채(3년),연%,817Y002,Korean 3-year Treasury yield (annual percent),2016-01-12T16:00:00+09:00,2016-01-13,KOFIA 16:00 KST source publication; usable from next calendar day; ECOS load time unverified
2016-01-13,1.633,1.633,연%,1.633,연%,817Y002,010200000,국고채(3년),연%,817Y002,Korean 3-year Treasury yield (annual percent),2016-01-13T16:00:00+09:00,2016-01-14,KOFIA 16:00 KST source publication; usable from next calendar day; ECOS load time unverified
2016-01-14,1.648,1.648,연%,1.648,연%,817Y002,010200000,국고채(3년),연%,817Y002,Korean 3-year Treasury yield (annual percent),2016-01-14T16:00:00+09:00,2016-01-15,KOFIA 16:00 KST source publication; usable from next calendar day; ECOS load time unverified
2016-01-15,1.648,1.648,연%,1.648,연%,817Y002,010200000,국고채(3년),연%,817Y002,Korean 3-year Treasury yield (annual percent),2016-01-15T16:00:00+09:00,2016-01-16,KOFIA 16:00 KST source publication; usable from next calendar day; ECOS load time unverified
2016-01-18,1.646,1.646,연%,1.646,연%,817Y002,010200000,국고채(3년),연%,817Y002,Korean 3-year Treasury yield (annual percent),2016-01-18T16:00:00+09:00,2016-01-19,KOFIA 16:00 KST source publication; usable from next calendar day; ECOS load time unverified
2016-01-19,1.644,1.644,연%,1.644,연%,817Y002,010200000,국고채(3년),연%,817Y002,Korean 3-year Treasury yield (annual percent),2016-01-19T16:00:00+09:00,2016-01-20,KOFIA 16:00 KST source publication; usable from next calendar day; ECOS load time unverified
2016-01-20,1.617,1.617,연%,1.617,연%,817Y002,010200000,국고채(3년),연%,817Y002,Korean 3-year Treasury yield (annual percent),2016-01-20T16:00:00+09:00,2016-01-21,KOFIA 16:00 KST source publication; usable from next calendar day; ECOS load time unverified
2016-01-21,1.611,1.611,연%,1.611,연%,817Y002,010200000,국고채(3년),연%,817Y002,Korean 3-year Treasury yield (annual percent),2016-01-21T16:00:00+09:00,2016-01-22,KOFIA 16:00 KST source publication; usable from next calendar day; ECOS load time unverified
2016-01-22,1.621,1.621,연%,1.621,연%,817Y002,010200000,국고채(3년),연%,817Y002,Korean 3-year Treasury yield (annual percent),2016-01-22T16:00:00+09:00,2016-01-23,KOFIA 16:00 KST source publication; usable from next calendar day; ECOS load time unverified
2016-01-25,1.621,1.621,연%,1.621,연%,817Y002,010200000,국고채(3년),연%,817Y002,Korean 3-year Treasury yield (annual percent),2016-01-25T16:00:00+09:00,2016-01-26,KOFIA 16:00 KST source publication; usable from next calendar day; ECOS load time unverified
2016-01-26,1.599,1.599,연%,1.599,연%,817Y002,010200000,국고채(3년),연%,817Y002,Korean 3-year Treasury yield (annual percent),2016-01-26T16:00:00+09:00,2016-01-27,KOFIA 16:00 KST source publication; usable from next calendar day; ECOS load time unverified
2016-01-27,1.604,1.604,연%,1.604,연%,817Y002,010200000,국고채(3년),연%,817Y002,Korean 3-year Treasury yield (annual percent),2016-01-27T16:00:00+09:00,2016-01-28,KOFIA 16:00 KST source publication; usable from next calendar day; ECOS load time unverified
2016-01-28,1.618,1.618,연%,1.618,연%,817Y002,010200000,국고채(3년),연%,817Y002,Korean 3-year Treasury yield (annual percent),2016-01-28T16:00:00+09:00,2016-01-29,KOFIA 16:00 KST source publication; usable from next calendar day; ECOS load time unverified
2016-01-29,1.564,1.564,연%,1.564,연%,817Y002,010200000,국고채(3년),연%,817Y002,Korean 3-year Treasury yield (annual percent),2016-01-29T16:00:00+09:00,2016-01-30,KOFIA 16:00 KST source publication; usable from next calendar day; ECOS load time unverified
2016-02-01,1.525,1.525,연%,1.525,연%,817Y002,010200000,국고채(3년),연%,817Y002,Korean 3-year Treasury yield (annual percent),2016-02-01T16:00:00+09:00,2016-02-02,KOFIA 16:00 KST source publication; usable from next calendar day; ECOS load time unverified
2016-02-02,1.516,1.516,연%,1.516,연%,817Y002,010200000,국고채(3년),연%,817Y002,Korean 3-year Treasury yield (annual percent),2016-02-02T16:00:00+09:00,2016-02-03,KOFIA 16:00 KST source publication; usable from next calendar day; ECOS load time unverified
2016-02-03,1.496,1.496,연%,1.496,연%,817Y002,010200000,국고채(3년),연%,817Y002,Korean 3-year Treasury yield (annual percent),2016-02-03T16:00:00+09:00,2016-02-04,KOFIA 16:00 KST source publication; usable from next calendar day; ECOS load time unverified
2016-02-04,1.494,1.494,연%,1.494,연%,817Y002,010200000,국고채(3년),연%,817Y002,Korean 3-year Treasury yield (annual percent),2016-02-04T16:00:00+09:00,2016-02-05,KOFIA 16:00 KST source publication; usable from next calendar day; ECOS load time unverified
2016-02-05,1.506,1.506,연%,1.506,연%,817Y002,010200000,국고채(3년),연%,817Y002,Korean 3-year Treasury yield (annual percent),2016-02-05T16:00:00+09:00,2016-02-06,KOFIA 16:00 KST source publication; usable from next calendar day; ECOS load time unverified
2016-02-11,1.45,1.45,연%,1.45,연%,817Y002,010200000,국고채(3년),연%,817Y002,Korean 3-year Treasury yield (annual percent),2016-02-11T16:00:00+09:00,2016-02-12,KOFIA 16:00 KST source publication; usable from next calendar day; ECOS load time unverified
2016-02-12,1.475,1.475,연%,1.475,연%,817Y002,010200000,국고채(3년),연%,817Y002,Korean 3-year Treasury yield (annual percent),2016-02-12T16:00:00+09:00,2016-02-13,KOFIA 16:00 KST source publication; usable from next calendar day; ECOS load time unverified
2016-02-15,1.484,1.484,연%,1.484,연%,817Y002,010200000,국고채(3년),연%,817Y002,Korean 3-year Treasury yield (annual percent),2016-02-15T16:00:00+09:00,2016-02-16,KOFIA 16:00 KST source publication; usable from next calendar day; ECOS load time unverified
2016-02-16,1.431,1.431,연%,1.431,연%,817Y002,010200000,국고채(3년),연%,817Y002,Korean 3-year Treasury yield (annual percent),2016-02-16T16:00:00+09:00,2016-02-17,KOFIA 16:00 KST source publication; usable from next calendar day; ECOS load time unverified
2016-02-17,1.435,1.435,연%,1.435,연%,817Y002,010200000,국고채(3년),연%,817Y002,Korean 3-year Treasury yield (annual percent),2016-02-17T16:00:00+09:00,2016-02-18,KOFIA 16:00 KST source publication; usable from next calendar day; ECOS load time unverified
2016-02-18,1.451,1.451,연%,1.451,연%,817Y002,010200000,국고채(3년),연%,817Y002,Korean 3-year Treasury yield (annual percent),2016-02-18T16:00:00+09:00,2016-02-19,KOFIA 16:00 KST source publication; usable from next calendar day; ECOS load time unverified
2016-02-19,1.468,1.468,연%,1.468,연%,817Y002,010200000,국고채(3년),연%,817Y002,Korean 3-year Treasury yield (annual percent),2016-02-19T16:00:00+09:00,2016-02-20,KOFIA 16:00 KST source publication; usable from next calendar day; ECOS load time unverified
2016-02-22,1.48,1.48,연%,1.48,연%,817Y002,010200000,국고채(3년),연%,817Y002,Korean 3-year Treasury yield (annual percent),2016-02-22T16:00:00+09:00,2016-02-23,KOFIA 16:00 KST source publication; usable from next calendar day; ECOS load time unverified
2016-02-23,1.481,1.481,연%,1.481,연%,817Y002,010200000,국고채(3년),연%,817Y002,Korean 3-year Treasury yield (annual percent),2016-02-23T16:00:00+09:00,2016-02-24,KOFIA 16:00 KST source publication; usable from next calendar day; ECOS load time unverified
2016-02-24,1.469,1.469,연%,1.469,연%,817Y002,010200000,국고채(3년),연%,817Y002,Korean 3-year Treasury yield (annual percent),2016-02-24T16:00:00+09:00,2016-02-25,KOFIA 16:00 KST source publication; usable from next calendar day; ECOS load time unverified
2016-02-25,1.464,1.464,연%,1.464,연%,817Y002,010200000,국고채(3년),연%,817Y002,Korean 3-year Treasury yield (annual percent),2016-02-25T16:00:00+09:00,2016-02-26,KOFIA 16:00 KST source publication; usable from next calendar day; ECOS load time unverified
2016-02-26,1.452,1.452,연%,1.452,연%,817Y002,010200000,국고채(3년),연%,817Y002,Korean 3-year Treasury yield (annual percent),2016-02-26T16:00:00+09:00,2016-02-27,KOFIA 16:00 KST source publication; usable from next calendar day; ECOS load time unverified
2016-02-29,1.454,1.454,연%,1.454,연%,817Y002,010200000,국고채(3년),연%,817Y002,Korean 3-year Treasury yield (annual percent),2016-02-29T16:00:00+09:00,2016-03-01,KOFIA 16:00 KST source publication; usable from next calendar day; ECOS load time unverified
2016-03-02,1.469,1.469,연%,1.469,연%,817Y002,010200000,국고채(3년),연%,817Y002,Korean 3-year Treasury yield (annual percent),2016-03-02T16:00:00+09:00,2016-03-03,KOFIA 16:00 KST source publication; usable from next calendar day; ECOS load time unverified
2016-03-03,1.504,1.504,연%,1.504,연%,817Y002,010200000,국고채(3년),연%,817Y002,Korean 3-year Treasury yield (annual percent),2016-03-03T16:00:00+09:00,2016-03-04,KOFIA 16:00 KST source publication; usable from next calendar day; ECOS load time unverified
2016-03-04,1.522,1.522,연%,1.522,연%,817Y002,010200000,국고채(3년),연%,817Y002,Korean 3-year Treasury yield (annual percent),2016-03-04T16:00:00+09:00,2016-03-05,KOFIA 16:00 KST source publication; usable from next calendar day; ECOS load time unverified
2016-03-07,1.502,1.502,연%,1.502,연%,817Y002,010200000,국고채(3년),연%,817Y002,Korean 3-year Treasury yield (annual percent),2016-03-07T16:00:00+09:00,2016-03-08,KOFIA 16:00 KST source publication; usable from next calendar day; ECOS load time unverified
2016-03-08,1.481,1.481,연%,1.481,연%,817Y002,010200000,국고채(3년),연%,817Y002,Korean 3-year Treasury yield (annual percent),2016-03-08T16:00:00+09:00,2016-03-09,KOFIA 16:00 KST source publication; usable from next calendar day; ECOS load time unverified
2016-03-09,1.47,1.47,연%,1.47,연%,817Y002,010200000,국고채(3년),연%,817Y002,Korean 3-year Treasury yield (annual percent),2016-03-09T16:00:00+09:00,2016-03-10,KOFIA 16:00 KST source publication; usable from next calendar day; ECOS load time unverified
2016-03-10,1.5,1.5,연%,1.5,연%,817Y002,010200000,국고채(3년),연%,817Y002,Korean 3-year Treasury yield (annual percent),2016-03-10T16:00:00+09:00,2016-03-11,KOFIA 16:00 KST source publication; usable from next calendar day; ECOS load time unverified
2016-03-11,1.55,1.55,연%,1.55,연%,817Y002,010200000,국고채(3년),연%,817Y002,Korean 3-year Treasury yield (annual percent),2016-03-11T16:00:00+09:00,2016-03-12,KOFIA 16:00 KST source publication; usable from next calendar day; ECOS load time unverified
2016-03-14,1.532,1.532,연%,1.532,연%,817Y002,010200000,국고채(3년),연%,817Y002,Korean 3-year Treasury yield (annual percent),2016-03-14T16:00:00+09:00,2016-03-15,KOFIA 16:00 KST source publication; usable from next calendar day; ECOS load time unverified
2016-03-15,1.533,1.533,연%,1.533,연%,817Y002,010200000,국고채(3년),연%,817Y002,Korean 3-year Treasury yield (annual percent),2016-03-15T16:00:00+09:00,2016-03-16,KOFIA 16:00 KST source publication; usable from next calendar day; ECOS load time unverified
2016-03-16,1.542,1.542,연%,1.542,연%,817Y002,010200000,국고채(3년),연%,817Y002,Korean 3-year Treasury yield (annual percent),2016-03-16T16:00:00+09:00,2016-03-17,KOFIA 16:00 KST source publication; usable from next calendar day; ECOS load time unverified
2016-03-17,1.515,1.515,연%,1.515,연%,817Y002,010200000,국고채(3년),연%,817Y002,Korean 3-year Treasury yield (annual percent),2016-03-17T16:00:00+09:00,2016-03-18,KOFIA 16:00 KST source publication; usable from next calendar day; ECOS load time unverified
2016-03-18,1.499,1.499,연%,1.499,연%,817Y002,010200000,국고채(3년),연%,817Y002,Korean 3-year Treasury yield (annual percent),2016-03-18T16:00:00+09:00,2016-03-19,KOFIA 16:00 KST source publication; usable from next calendar day; ECOS load time unverified
2016-03-21,1.496,1.496,연%,1.496,연%,817Y002,010200000,국고채(3년),연%,817Y002,Korean 3-year Treasury yield (annual percent),2016-03-21T16:00:00+09:00,2016-03-22,KOFIA 16:00 KST source publication; usable from next calendar day; ECOS load time unverified
2016-03-22,1.512,1.512,연%,1.512,연%,817Y002,010200000,국고채(3년),연%,817Y002,Korean 3-year Treasury yield (annual percent),2016-03-22T16:00:00+09:00,2016-03-23,KOFIA 16:00 KST source publication; usable from next calendar day; ECOS load time unverified
2016-03-23,1.512,1.512,연%,1.512,연%,817Y002,010200000,국고채(3년),연%,817Y002,Korean 3-year Treasury yield (annual percent),2016-03-23T16:00:00+09:00,2016-03-24,KOFIA 16:00 KST source publication; usable from next calendar day; ECOS load time unverified
2016-03-24,1.5,1.5,연%,1.5,연%,817Y002,010200000,국고채(3년),연%,817Y002,Korean 3-year Treasury yield (annual percent),2016-03-24T16:00:00+09:00,2016-03-25,KOFIA 16:00 KST source publication; usable from next calendar day; ECOS load time unverified
2016-03-25,1.495,1.495,연%,1.495,연%,817Y002,010200000,국고채(3년),연%,817Y002,Korean 3-year Treasury yield (annual percent),2016-03-25T16:00:00+09:00,2016-03-26,KOFIA 16:00 KST source publication; usable from next calendar day; ECOS load time unverified
2016-03-28,1.479,1.479,연%,1.479,연%,817Y002,010200000,국고채(3년),연%,817Y002,Korean 3-year Treasury yield (annual percent),2016-03-28T16:00:00+09:00,2016-03-29,KOFIA 16:00 KST source publication; usable from next calendar day; ECOS load time unverified
2016-03-29,1.449,1.449,연%,1.449,연%,817Y002,010200000,국고채(3년),연%,817Y002,Korean 3-year Treasury yield (annual percent),2016-03-29T16:00:00+09:00,2016-03-30,KOFIA 16:00 KST source publication; usable from next calendar day; ECOS load time unverified
2016-03-30,1.45,1.45,연%,1.45,연%,817Y002,010200000,국고채(3년),연%,817Y002,Korean 3-year Treasury yield (annual percent),2016-03-30T16:00:00+09:00,2016-03-31,KOFIA 16:00 KST source publication; usable from next calendar day; ECOS load time unverified
2016-03-31,1.444,1.444,연%,1.444,연%,817Y002,010200000,국고채(3년),연%,817Y002,Korean 3-year Treasury yield (annual percent),2016-03-31T16:00:00+09:00,2016-04-01,KOFIA 16:00 KST source publication; usable from next calendar day; ECOS load time unverified
2016-04-01,1.448,1.448,연%,1.448,연%,817Y002,010200000,국고채(3년),연%,817Y002,Korean 3-year Treasury yield (annual percent),2016-04-01T16:00:00+09:00,2016-04-02,KOFIA 16:00 KST source publication; usable from next calendar day; ECOS load time unverified
2016-04-04,1.44,1.44,연%,1.44,연%,817Y002,010200000,국고채(3년),연%,817Y002,Korean 3-year Treasury yield (annual percent),2016-04-04T16:00:00+09:00,2016-04-05,KOFIA 16:00 KST source publication; usable from next calendar day; ECOS load time unverified
2016-04-05,1.453,1.453,연%,1.453,연%,817Y002,010200000,국고채(3년),연%,817Y002,Korean 3-year Treasury yield (annual percent),2016-04-05T16:00:00+09:00,2016-04-06,KOFIA 16:00 KST source publication; usable from next calendar day; ECOS load time unverified
2016-04-06,1.458,1.458,연%,1.458,연%,817Y002,010200000,국고채(3년),연%,817Y002,Korean 3-year Treasury yield (annual percent),2016-04-06T16:00:00+09:00,2016-04-07,KOFIA 16:00 KST source publication; usable from next calendar day; ECOS load time unverified
2016-04-07,1.468,1.468,연%,1.468,연%,817Y002,010200000,국고채(3년),연%,817Y002,Korean 3-year Treasury yield (annual percent),2016-04-07T16:00:00+09:00,2016-04-08,KOFIA 16:00 KST source publication; usable from next calendar day; ECOS load time unverified
2016-04-08,1.463,1.463,연%,1.463,연%,817Y002,010200000,국고채(3년),연%,817Y002,Korean 3-year Treasury yield (annual percent),2016-04-08T16:00:00+09:00,2016-04-09,KOFIA 16:00 KST source publication; usable from next calendar day; ECOS load time unverified
2016-04-11,1.466,1.466,연%,1.466,연%,817Y002,010200000,국고채(3년),연%,817Y002,Korean 3-year Treasury yield (annual percent),2016-04-11T16:00:00+09:00,2016-04-12,KOFIA 16:00 KST source publication; usable from next calendar day; ECOS load time unverified
2016-04-12,1.465,1.465,연%,1.465,연%,817Y002,010200000,국고채(3년),연%,817Y002,Korean 3-year Treasury yield (annual percent),2016-04-12T16:00:00+09:00,2016-04-13,KOFIA 16:00 KST source publication; usable from next calendar day; ECOS load time unverified
2016-04-14,1.502,1.502,연%,1.502,연%,817Y002,010200000,국고채(3년),연%,817Y002,Korean 3-year Treasury yield (annual percent),2016-04-14T16:00:00+09:00,2016-04-15,KOFIA 16:00 KST source publication; usable from next calendar day; ECOS load time unverified
2016-04-15,1.494,1.494,연%,1.494,연%,817Y002,010200000,국고채(3년),연%,817Y002,Korean 3-year Treasury yield (annual percent),2016-04-15T16:00:00+09:00,2016-04-16,KOFIA 16:00 KST source publication; usable from next calendar day; ECOS load time unverified
2016-04-18,1.507,1.507,연%,1.507,연%,817Y002,010200000,국고채(3년),연%,817Y002,Korean 3-year Treasury yield (annual percent),2016-04-18T16:00:00+09:00,2016-04-19,KOFIA 16:00 KST source publication; usable from next calendar day; ECOS load time unverified
2016-04-19,1.501,1.501,연%,1.501,연%,817Y002,010200000,국고채(3년),연%,817Y002,Korean 3-year Treasury yield (annual percent),2016-04-19T16:00:00+09:00,2016-04-20,KOFIA 16:00 KST source publication; usable from next calendar day; ECOS load time unverified
2016-04-20,1.474,1.474,연%,1.474,연%,817Y002,010200000,국고채(3년),연%,817Y002,Korean 3-year Treasury yield (annual percent),2016-04-20T16:00:00+09:00,2016-04-21,KOFIA 16:00 KST source publication; usable from next calendar day; ECOS load time unverified
2016-04-21,1.483,1.483,연%,1.483,연%,817Y002,010200000,국고채(3년),연%,817Y002,Korean 3-year Treasury yield (annual percent),2016-04-21T16:00:00+09:00,2016-04-22,KOFIA 16:00 KST source publication; usable from next calendar day; ECOS load time unverified
2016-04-22,1.472,1.472,연%,1.472,연%,817Y002,010200000,국고채(3년),연%,817Y002,Korean 3-year Treasury yield (annual percent),2016-04-22T16:00:00+09:00,2016-04-23,KOFIA 16:00 KST source publication; usable from next calendar day; ECOS load time unverified
2016-04-25,1.455,1.455,연%,1.455,연%,817Y002,010200000,국고채(3년),연%,817Y002,Korean 3-year Treasury yield (annual percent),2016-04-25T16:00:00+09:00,2016-04-26,KOFIA 16:00 KST source publication; usable from next calendar day; ECOS load time unverified
2016-04-26,1.452,1.452,연%,1.452,연%,817Y002,010200000,국고채(3년),연%,817Y002,Korean 3-year Treasury yield (annual percent),2016-04-26T16:00:00+09:00,2016-04-27,KOFIA 16:00 KST source publication; usable from next calendar day; ECOS load time unverified
2016-04-27,1.456,1.456,연%,1.456,연%,817Y002,010200000,국고채(3년),연%,817Y002,Korean 3-year Treasury yield (annual percent),2016-04-27T16:00:00+09:00,2016-04-28,KOFIA 16:00 KST source publication; usable from next calendar day; ECOS load time unverified
2016-04-28,1.45,1.45,연%,1.45,연%,817Y002,010200000,국고채(3년),연%,817Y002,Korean 3-year Treasury yield (annual percent),2016-04-28T16:00:00+09:00,2016-04-29,KOFIA 16:00 KST source publication; usable from next calendar day; ECOS load time unverified
2016-04-29,1.453,1.453,연%,1.453,연%,817Y002,010200000,국고채(3년),연%,817Y002,Korean 3-year Treasury yield (annual percent),2016-04-29T16:00:00+09:00,2016-04-30,KOFIA 16:00 KST source publication; usable from next calendar day; ECOS load time unverified
2016-05-02,1.465,1.465,연%,1.465,연%,817Y002,010200000,국고채(3년),연%,817Y002,Korean 3-year Treasury yield (annual percent),2016-05-02T16:00:00+09:00,2016-05-03,KOFIA 16:00 KST source publication; usable from next calendar day; ECOS load time unverified
2016-05-03,1.445,1.445,연%,1.445,연%,817Y002,010200000,국고채(3년),연%,817Y002,Korean 3-year Treasury yield (annual percent),2016-05-03T16:00:00+09:00,2016-05-04,KOFIA 16:00 KST source publication; usable from next calendar day; ECOS load time unverified
2016-05-04,1.434,1.434,연%,1.434,연%,817Y002,010200000,국고채(3년),연%,817Y002,Korean 3-year Treasury yield (annual percent),2016-05-04T16:00:00+09:00,2016-05-05,KOFIA 16:00 KST source publication; usable from next calendar day; ECOS load time unverified
2016-05-09,1.413,1.413,연%,1.413,연%,817Y002,010200000,국고채(3년),연%,817Y002,Korean 3-year Treasury yield (annual percent),2016-05-09T16:00:00+09:00,2016-05-10,KOFIA 16:00 KST source publication; usable from next calendar day; ECOS load time unverified
2016-05-10,1.412,1.412,연%,1.412,연%,817Y002,010200000,국고채(3년),연%,817Y002,Korean 3-year Treasury yield (annual percent),2016-05-10T16:00:00+09:00,2016-05-11,KOFIA 16:00 KST source publication; usable from next calendar day; ECOS load time unverified
2016-05-11,1.417,1.417,연%,1.417,연%,817Y002,010200000,국고채(3년),연%,817Y002,Korean 3-year Treasury yield (annual percent),2016-05-11T16:00:00+09:00,2016-05-12,KOFIA 16:00 KST source publication; usable from next calendar day; ECOS load time unverified
2016-05-12,1.422,1.422,연%,1.422,연%,817Y002,010200000,국고채(3년),연%,817Y002,Korean 3-year Treasury yield (annual percent),2016-05-12T16:00:00+09:00,2016-05-13,KOFIA 16:00 KST source publication; usable from next calendar day; ECOS load time unverified
2016-05-13,1.442,1.442,연%,1.442,연%,817Y002,010200000,국고채(3년),연%,817Y002,Korean 3-year Treasury yield (annual percent),2016-05-13T16:00:00+09:00,2016-05-14,KOFIA 16:00 KST source publication; usable from next calendar day; ECOS load time unverified
2016-05-16,1.443,1.443,연%,1.443,연%,817Y002,010200000,국고채(3년),연%,817Y002,Korean 3-year Treasury yield (annual percent),2016-05-16T16:00:00+09:00,2016-05-17,KOFIA 16:00 KST source publication; usable from next calendar day; ECOS load time unverified
2016-05-17,1.455,1.455,연%,1.455,연%,817Y002,010200000,국고채(3년),연%,817Y002,Korean 3-year Treasury yield (annual percent),2016-05-17T16:00:00+09:00,2016-05-18,KOFIA 16:00 KST source publication; usable from next calendar day; ECOS load time unverified
2016-05-18,1.472,1.472,연%,1.472,연%,817Y002,010200000,국고채(3년),연%,817Y002,Korean 3-year Treasury yield (annual percent),2016-05-18T16:00:00+09:00,2016-05-19,KOFIA 16:00 KST source publication; usable from next calendar day; ECOS load time unverified
2016-05-19,1.492,1.492,연%,1.492,연%,817Y002,010200000,국고채(3년),연%,817Y002,Korean 3-year Treasury yield (annual percent),2016-05-19T16:00:00+09:00,2016-05-20,KOFIA 16:00 KST source publication; usable from next calendar day; ECOS load time unverified
2016-05-20,1.471,1.471,연%,1.471,연%,817Y002,010200000,국고채(3년),연%,817Y002,Korean 3-year Treasury yield (annual percent),2016-05-20T16:00:00+09:00,2016-05-21,KOFIA 16:00 KST source publication; usable from next calendar day; ECOS load time unverified
2016-05-23,1.467,1.467,연%,1.467,연%,817Y002,010200000,국고채(3년),연%,817Y002,Korean 3-year Treasury yield (annual percent),2016-05-23T16:00:00+09:00,2016-05-24,KOFIA 16:00 KST source publication; usable from next calendar day; ECOS load time unverified
2016-05-24,1.444,1.444,연%,1.444,연%,817Y002,010200000,국고채(3년),연%,817Y002,Korean 3-year Treasury yield (annual percent),2016-05-24T16:00:00+09:00,2016-05-25,KOFIA 16:00 KST source publication; usable from next calendar day; ECOS load time unverified
2016-05-25,1.461,1.461,연%,1.461,연%,817Y002,010200000,국고채(3년),연%,817Y002,Korean 3-year Treasury yield (annual percent),2016-05-25T16:00:00+09:00,2016-05-26,KOFIA 16:00 KST source publication; usable from next calendar day; ECOS load time unverified
2016-05-26,1.468,1.468,연%,1.468,연%,817Y002,010200000,국고채(3년),연%,817Y002,Korean 3-year Treasury yield (annual percent),2016-05-26T16:00:00+09:00,2016-05-27,KOFIA 16:00 KST source publication; usable from next calendar day; ECOS load time unverified
2016-05-27,1.468,1.468,연%,1.468,연%,817Y002,010200000,국고채(3년),연%,817Y002,Korean 3-year Treasury yield (annual percent),2016-05-27T16:00:00+09:00,2016-05-28,KOFIA 16:00 KST source publication; usable from next calendar day; ECOS load time unverified
2016-05-30,1.503,1.503,연%,1.503,연%,817Y002,010200000,국고채(3년),연%,817Y002,Korean 3-year Treasury yield (annual percent),2016-05-30T16:00:00+09:00,2016-05-31,KOFIA 16:00 KST source publication; usable from next calendar day; ECOS load time unverified
2016-05-31,1.496,1.496,연%,1.496,연%,817Y002,010200000,국고채(3년),연%,817Y002,Korean 3-year Treasury yield (annual percent),2016-05-31T16:00:00+09:00,2016-06-01,KOFIA 16:00 KST source publication; usable from next calendar day; ECOS load time unverified
2016-06-01,1.438,1.438,연%,1.438,연%,817Y002,010200000,국고채(3년),연%,817Y002,Korean 3-year Treasury yield (annual percent),2016-06-01T16:00:00+09:00,2016-06-02,KOFIA 16:00 KST source publication; usable from next calendar day; ECOS load time unverified
2016-06-02,1.443,1.443,연%,1.443,연%,817Y002,010200000,국고채(3년),연%,817Y002,Korean 3-year Treasury yield (annual percent),2016-06-02T16:00:00+09:00,2016-06-03,KOFIA 16:00 KST source publication; usable from next calendar day; ECOS load time unverified
2016-06-03,1.423,1.423,연%,1.423,연%,817Y002,010200000,국고채(3년),연%,817Y002,Korean 3-year Treasury yield (annual percent),2016-06-03T16:00:00+09:00,2016-06-04,KOFIA 16:00 KST source publication; usable from next calendar day; ECOS load time unverified
2016-06-07,1.405,1.405,연%,1.405,연%,817Y002,010200000,국고채(3년),연%,817Y002,Korean 3-year Treasury yield (annual percent),2016-06-07T16:00:00+09:00,2016-06-08,KOFIA 16:00 KST source publication; usable from next calendar day; ECOS load time unverified
2016-06-08,1.378,1.378,연%,1.378,연%,817Y002,010200000,국고채(3년),연%,817Y002,Korean 3-year Treasury yield (annual percent),2016-06-08T16:00:00+09:00,2016-06-09,KOFIA 16:00 KST source publication; usable from next calendar day; ECOS load time unverified
2016-06-09,1.345,1.345,연%,1.345,연%,817Y002,010200000,국고채(3년),연%,817Y002,Korean 3-year Treasury yield (annual percent),2016-06-09T16:00:00+09:00,2016-06-10,KOFIA 16:00 KST source publication; usable from next calendar day; ECOS load time unverified
2016-06-10,1.322,1.322,연%,1.322,연%,817Y002,010200000,국고채(3년),연%,817Y002,Korean 3-year Treasury yield (annual percent),2016-06-10T16:00:00+09:00,2016-06-11,KOFIA 16:00 KST source publication; usable from next calendar day; ECOS load time unverified
2016-06-13,1.311,1.311,연%,1.311,연%,817Y002,010200000,국고채(3년),연%,817Y002,Korean 3-year Treasury yield (annual percent),2016-06-13T16:00:00+09:00,2016-06-14,KOFIA 16:00 KST source publication; usable from next calendar day; ECOS load time unverified
2016-06-14,1.337,1.337,연%,1.337,연%,817Y002,010200000,국고채(3년),연%,817Y002,Korean 3-year Treasury yield (annual percent),2016-06-14T16:00:00+09:00,2016-06-15,KOFIA 16:00 KST source publication; usable from next calendar day; ECOS load time unverified
2016-06-15,1.339,1.339,연%,1.339,연%,817Y002,010200000,국고채(3년),연%,817Y002,Korean 3-year Treasury yield (annual percent),2016-06-15T16:00:00+09:00,2016-06-16,KOFIA 16:00 KST source publication; usable from next calendar day; ECOS load time unverified
2016-06-16,1.318,1.318,연%,1.318,연%,817Y002,010200000,국고채(3년),연%,817Y002,Korean 3-year Treasury yield (annual percent),2016-06-16T16:00:00+09:00,2016-06-17,KOFIA 16:00 KST source publication; usable from next calendar day; ECOS load time unverified
2016-06-17,1.334,1.334,연%,1.334,연%,817Y002,010200000,국고채(3년),연%,817Y002,Korean 3-year Treasury yield (annual percent),2016-06-17T16:00:00+09:00,2016-06-18,KOFIA 16:00 KST source publication; usable from next calendar day; ECOS load time unverified
2016-06-20,1.359,1.359,연%,1.359,연%,817Y002,010200000,국고채(3년),연%,817Y002,Korean 3-year Treasury yield (annual percent),2016-06-20T16:00:00+09:00,2016-06-21,KOFIA 16:00 KST source publication; usable from next calendar day; ECOS load time unverified
2016-06-21,1.343,1.343,연%,1.343,연%,817Y002,010200000,국고채(3년),연%,817Y002,Korean 3-year Treasury yield (annual percent),2016-06-21T16:00:00+09:00,2016-06-22,KOFIA 16:00 KST source publication; usable from next calendar day; ECOS load time unverified
2016-06-22,1.355,1.355,연%,1.355,연%,817Y002,010200000,국고채(3년),연%,817Y002,Korean 3-year Treasury yield (annual percent),2016-06-22T16:00:00+09:00,2016-06-23,KOFIA 16:00 KST source publication; usable from next calendar day; ECOS load time unverified
2016-06-23,1.337,1.337,연%,1.337,연%,817Y002,010200000,국고채(3년),연%,817Y002,Korean 3-year Treasury yield (annual percent),2016-06-23T16:00:00+09:00,2016-06-24,KOFIA 16:00 KST source publication; usable from next calendar day; ECOS load time unverified
2016-06-24,1.249,1.249,연%,1.249,연%,817Y002,010200000,국고채(3년),연%,817Y002,Korean 3-year Treasury yield (annual percent),2016-06-24T16:00:00+09:00,2016-06-25,KOFIA 16:00 KST source publication; usable from next calendar day; ECOS load time unverified
2016-06-27,1.236,1.236,연%,1.236,연%,817Y002,010200000,국고채(3년),연%,817Y002,Korean 3-year Treasury yield (annual percent),2016-06-27T16:00:00+09:00,2016-06-28,KOFIA 16:00 KST source publication; usable from next calendar day; ECOS load time unverified
2016-06-28,1.248,1.248,연%,1.248,연%,817Y002,010200000,국고채(3년),연%,817Y002,Korean 3-year Treasury yield (annual percent),2016-06-28T16:00:00+09:00,2016-06-29,KOFIA 16:00 KST source publication; usable from next calendar day; ECOS load time unverified
2016-06-29,1.238,1.238,연%,1.238,연%,817Y002,010200000,국고채(3년),연%,817Y002,Korean 3-year Treasury yield (annual percent),2016-06-29T16:00:00+09:00,2016-06-30,KOFIA 16:00 KST source publication; usable from next calendar day; ECOS load time unverified
2016-06-30,1.247,1.247,연%,1.247,연%,817Y002,010200000,국고채(3년),연%,817Y002,Korean 3-year Treasury yield (annual percent),2016-06-30T16:00:00+09:00,2016-07-01,KOFIA 16:00 KST source publication; usable from next calendar day; ECOS load time unverified
2016-07-01,1.21,1.21,연%,1.21,연%,817Y002,010200000,국고채(3년),연%,817Y002,Korean 3-year Treasury yield (annual percent),2016-07-01T16:00:00+09:00,2016-07-02,KOFIA 16:00 KST source publication; usable from next calendar day; ECOS load time unverified
2016-07-04,1.224,1.224,연%,1.224,연%,817Y002,010200000,국고채(3년),연%,817Y002,Korean 3-year Treasury yield (annual percent),2016-07-04T16:00:00+09:00,2016-07-05,KOFIA 16:00 KST source publication; usable from next calendar day; ECOS load time unverified
2016-07-05,1.217,1.217,연%,1.217,연%,817Y002,010200000,국고채(3년),연%,817Y002,Korean 3-year Treasury yield (annual percent),2016-07-05T16:00:00+09:00,2016-07-06,KOFIA 16:00 KST source publication; usable from next calendar day; ECOS load time unverified
2016-07-06,1.203,1.203,연%,1.203,연%,817Y002,010200000,국고채(3년),연%,817Y002,Korean 3-year Treasury yield (annual percent),2016-07-06T16:00:00+09:00,2016-07-07,KOFIA 16:00 KST source publication; usable from next calendar day; ECOS load time unverified
2016-07-07,1.208,1.208,연%,1.208,연%,817Y002,010200000,국고채(3년),연%,817Y002,Korean 3-year Treasury yield (annual percent),2016-07-07T16:00:00+09:00,2016-07-08,KOFIA 16:00 KST source publication; usable from next calendar day; ECOS load time unverified
2016-07-08,1.216,1.216,연%,1.216,연%,817Y002,010200000,국고채(3년),연%,817Y002,Korean 3-year Treasury yield (annual percent),2016-07-08T16:00:00+09:00,2016-07-09,KOFIA 16:00 KST source publication; usable from next calendar day; ECOS load time unverified
2016-07-11,1.213,1.213,연%,1.213,연%,817Y002,010200000,국고채(3년),연%,817Y002,Korean 3-year Treasury yield (annual percent),2016-07-11T16:00:00+09:00,2016-07-12,KOFIA 16:00 KST source publication; usable from next calendar day; ECOS load time unverified
2016-07-12,1.217,1.217,연%,1.217,연%,817Y002,010200000,국고채(3년),연%,817Y002,Korean 3-year Treasury yield (annual percent),2016-07-12T16:00:00+09:00,2016-07-13,KOFIA 16:00 KST source publication; usable from next calendar day; ECOS load time unverified
2016-07-13,1.211,1.211,연%,1.211,연%,817Y002,010200000,국고채(3년),연%,817Y002,Korean 3-year Treasury yield (annual percent),2016-07-13T16:00:00+09:00,2016-07-14,KOFIA 16:00 KST source publication; usable from next calendar day; ECOS load time unverified
2016-07-14,1.205,1.205,연%,1.205,연%,817Y002,010200000,국고채(3년),연%,817Y002,Korean 3-year Treasury yield (annual percent),2016-07-14T16:00:00+09:00,2016-07-15,KOFIA 16:00 KST source publication; usable from next calendar day; ECOS load time unverified
2016-07-15,1.221,1.221,연%,1.221,연%,817Y002,010200000,국고채(3년),연%,817Y002,Korean 3-year Treasury yield (annual percent),2016-07-15T16:00:00+09:00,2016-07-16,KOFIA 16:00 KST source publication; usable from next calendar day; ECOS load time unverified
2016-07-18,1.229,1.229,연%,1.229,연%,817Y002,010200000,국고채(3년),연%,817Y002,Korean 3-year Treasury yield (annual percent),2016-07-18T16:00:00+09:00,2016-07-19,KOFIA 16:00 KST source publication; usable from next calendar day; ECOS load time unverified
2016-07-19,1.227,1.227,연%,1.227,연%,817Y002,010200000,국고채(3년),연%,817Y002,Korean 3-year Treasury yield (annual percent),2016-07-19T16:00:00+09:00,2016-07-20,KOFIA 16:00 KST source publication; usable from next calendar day; ECOS load time unverified
2016-07-20,1.221,1.221,연%,1.221,연%,817Y002,010200000,국고채(3년),연%,817Y002,Korean 3-year Treasury yield (annual percent),2016-07-20T16:00:00+09:00,2016-07-21,KOFIA 16:00 KST source publication; usable from next calendar day; ECOS load time unverified
2016-07-21,1.233,1.233,연%,1.233,연%,817Y002,010200000,국고채(3년),연%,817Y002,Korean 3-year Treasury yield (annual percent),2016-07-21T16:00:00+09:00,2016-07-22,KOFIA 16:00 KST source publication; usable from next calendar day; ECOS load time unverified
2016-07-22,1.227,1.227,연%,1.227,연%,817Y002,010200000,국고채(3년),연%,817Y002,Korean 3-year Treasury yield (annual percent),2016-07-22T16:00:00+09:00,2016-07-23,KOFIA 16:00 KST source publication; usable from next calendar day; ECOS load time unverified
2016-07-25,1.225,1.225,연%,1.225,연%,817Y002,010200000,국고채(3년),연%,817Y002,Korean 3-year Treasury yield (annual percent),2016-07-25T16:00:00+09:00,2016-07-26,KOFIA 16:00 KST source publication; usable from next calendar day; ECOS load time unverified
2016-07-26,1.22,1.22,연%,1.22,연%,817Y002,010200000,국고채(3년),연%,817Y002,Korean 3-year Treasury yield (annual percent),2016-07-26T16:00:00+09:00,2016-07-27,KOFIA 16:00 KST source publication; usable from next calendar day; ECOS load time unverified
2016-07-27,1.222,1.222,연%,1.222,연%,817Y002,010200000,국고채(3년),연%,817Y002,Korean 3-year Treasury yield (annual percent),2016-07-27T16:00:00+09:00,2016-07-28,KOFIA 16:00 KST source publication; usable from next calendar day; ECOS load time unverified
2016-07-28,1.203,1.203,연%,1.203,연%,817Y002,010200000,국고채(3년),연%,817Y002,Korean 3-year Treasury yield (annual percent),2016-07-28T16:00:00+09:00,2016-07-29,KOFIA 16:00 KST source publication; usable from next calendar day; ECOS load time unverified
2016-07-29,1.216,1.216,연%,1.216,연%,817Y002,010200000,국고채(3년),연%,817Y002,Korean 3-year Treasury yield (annual percent),2016-07-29T16:00:00+09:00,2016-07-30,KOFIA 16:00 KST source publication; usable from next calendar day; ECOS load time unverified
2016-08-01,1.212,1.212,연%,1.212,연%,817Y002,010200000,국고채(3년),연%,817Y002,Korean 3-year Treasury yield (annual percent),2016-08-01T16:00:00+09:00,2016-08-02,KOFIA 16:00 KST source publication; usable from next calendar day; ECOS load time unverified
2016-08-02,1.212,1.212,연%,1.212,연%,817Y002,010200000,국고채(3년),연%,817Y002,Korean 3-year Treasury yield (annual percent),2016-08-02T16:00:00+09:00,2016-08-03,KOFIA 16:00 KST source publication; usable from next calendar day; ECOS load time unverified
2016-08-03,1.247,1.247,연%,1.247,연%,817Y002,010200000,국고채(3년),연%,817Y002,Korean 3-year Treasury yield (annual percent),2016-08-03T16:00:00+09:00,2016-08-04,KOFIA 16:00 KST source publication; usable from next calendar day; ECOS load time unverified
2016-08-04,1.238,1.238,연%,1.238,연%,817Y002,010200000,국고채(3년),연%,817Y002,Korean 3-year Treasury yield (annual percent),2016-08-04T16:00:00+09:00,2016-08-05,KOFIA 16:00 KST source publication; usable from next calendar day; ECOS load time unverified
2016-08-05,1.225,1.225,연%,1.225,연%,817Y002,010200000,국고채(3년),연%,817Y002,Korean 3-year Treasury yield (annual percent),2016-08-05T16:00:00+09:00,2016-08-06,KOFIA 16:00 KST source publication; usable from next calendar day; ECOS load time unverified
2016-08-08,1.246,1.246,연%,1.246,연%,817Y002,010200000,국고채(3년),연%,817Y002,Korean 3-year Treasury yield (annual percent),2016-08-08T16:00:00+09:00,2016-08-09,KOFIA 16:00 KST source publication; usable from next calendar day; ECOS load time unverified
2016-08-09,1.247,1.247,연%,1.247,연%,817Y002,010200000,국고채(3년),연%,817Y002,Korean 3-year Treasury yield (annual percent),2016-08-09T16:00:00+09:00,2016-08-10,KOFIA 16:00 KST source publication; usable from next calendar day; ECOS load time unverified
2016-08-10,1.215,1.215,연%,1.215,연%,817Y002,010200000,국고채(3년),연%,817Y002,Korean 3-year Treasury yield (annual percent),2016-08-10T16:00:00+09:00,2016-08-11,KOFIA 16:00 KST source publication; usable from next calendar day; ECOS load time unverified
2016-08-11,1.222,1.222,연%,1.222,연%,817Y002,010200000,국고채(3년),연%,817Y002,Korean 3-year Treasury yield (annual percent),2016-08-11T16:00:00+09:00,2016-08-12,KOFIA 16:00 KST source publication; usable from next calendar day; ECOS load time unverified
2016-08-12,1.23,1.23,연%,1.23,연%,817Y002,010200000,국고채(3년),연%,817Y002,Korean 3-year Treasury yield (annual percent),2016-08-12T16:00:00+09:00,2016-08-13,KOFIA 16:00 KST source publication; usable from next calendar day; ECOS load time unverified
2016-08-16,1.219,1.219,연%,1.219,연%,817Y002,010200000,국고채(3년),연%,817Y002,Korean 3-year Treasury yield (annual percent),2016-08-16T16:00:00+09:00,2016-08-17,KOFIA 16:00 KST source publication; usable from next calendar day; ECOS load time unverified
2016-08-17,1.233,1.233,연%,1.233,연%,817Y002,010200000,국고채(3년),연%,817Y002,Korean 3-year Treasury yield (annual percent),2016-08-17T16:00:00+09:00,2016-08-18,KOFIA 16:00 KST source publication; usable from next calendar day; ECOS load time unverified
2016-08-18,1.228,1.228,연%,1.228,연%,817Y002,010200000,국고채(3년),연%,817Y002,Korean 3-year Treasury yield (annual percent),2016-08-18T16:00:00+09:00,2016-08-19,KOFIA 16:00 KST source publication; usable from next calendar day; ECOS load time unverified
2016-08-19,1.231,1.231,연%,1.231,연%,817Y002,010200000,국고채(3년),연%,817Y002,Korean 3-year Treasury yield (annual percent),2016-08-19T16:00:00+09:00,2016-08-20,KOFIA 16:00 KST source publication; usable from next calendar day; ECOS load time unverified
2016-08-22,1.232,1.232,연%,1.232,연%,817Y002,010200000,국고채(3년),연%,817Y002,Korean 3-year Treasury yield (annual percent),2016-08-22T16:00:00+09:00,2016-08-23,KOFIA 16:00 KST source publication; usable from next calendar day; ECOS load time unverified
2016-08-23,1.228,1.228,연%,1.228,연%,817Y002,010200000,국고채(3년),연%,817Y002,Korean 3-year Treasury yield (annual percent),2016-08-23T16:00:00+09:00,2016-08-24,KOFIA 16:00 KST source publication; usable from next calendar day; ECOS load time unverified
2016-08-24,1.229,1.229,연%,1.229,연%,817Y002,010200000,국고채(3년),연%,817Y002,Korean 3-year Treasury yield (annual percent),2016-08-24T16:00:00+09:00,2016-08-25,KOFIA 16:00 KST source publication; usable from next calendar day; ECOS load time unverified
2016-08-25,1.236,1.236,연%,1.236,연%,817Y002,010200000,국고채(3년),연%,817Y002,Korean 3-year Treasury yield (annual percent),2016-08-25T16:00:00+09:00,2016-08-26,KOFIA 16:00 KST source publication; usable from next calendar day; ECOS load time unverified
2016-08-26,1.241,1.241,연%,1.241,연%,817Y002,010200000,국고채(3년),연%,817Y002,Korean 3-year Treasury yield (annual percent),2016-08-26T16:00:00+09:00,2016-08-27,KOFIA 16:00 KST source publication; usable from next calendar day; ECOS load time unverified
2016-08-29,1.272,1.272,연%,1.272,연%,817Y002,010200000,국고채(3년),연%,817Y002,Korean 3-year Treasury yield (annual percent),2016-08-29T16:00:00+09:00,2016-08-30,KOFIA 16:00 KST source publication; usable from next calendar day; ECOS load time unverified
2016-08-30,1.283,1.283,연%,1.283,연%,817Y002,010200000,국고채(3년),연%,817Y002,Korean 3-year Treasury yield (annual percent),2016-08-30T16:00:00+09:00,2016-08-31,KOFIA 16:00 KST source publication; usable from next calendar day; ECOS load time unverified
2016-08-31,1.308,1.308,연%,1.308,연%,817Y002,010200000,국고채(3년),연%,817Y002,Korean 3-year Treasury yield (annual percent),2016-08-31T16:00:00+09:00,2016-09-01,KOFIA 16:00 KST source publication; usable from next calendar day; ECOS load time unverified
2016-09-01,1.333,1.333,연%,1.333,연%,817Y002,010200000,국고채(3년),연%,817Y002,Korean 3-year Treasury yield (annual percent),2016-09-01T16:00:00+09:00,2016-09-02,KOFIA 16:00 KST source publication; usable from next calendar day; ECOS load time unverified
2016-09-02,1.326,1.326,연%,1.326,연%,817Y002,010200000,국고채(3년),연%,817Y002,Korean 3-year Treasury yield (annual percent),2016-09-02T16:00:00+09:00,2016-09-03,KOFIA 16:00 KST source publication; usable from next calendar day; ECOS load time unverified
2016-09-05,1.307,1.307,연%,1.307,연%,817Y002,010200000,국고채(3년),연%,817Y002,Korean 3-year Treasury yield (annual percent),2016-09-05T16:00:00+09:00,2016-09-06,KOFIA 16:00 KST source publication; usable from next calendar day; ECOS load time unverified
2016-09-06,1.3,1.3,연%,1.3,연%,817Y002,010200000,국고채(3년),연%,817Y002,Korean 3-year Treasury yield (annual percent),2016-09-06T16:00:00+09:00,2016-09-07,KOFIA 16:00 KST source publication; usable from next calendar day; ECOS load time unverified
2016-09-07,1.278,1.278,연%,1.278,연%,817Y002,010200000,국고채(3년),연%,817Y002,Korean 3-year Treasury yield (annual percent),2016-09-07T16:00:00+09:00,2016-09-08,KOFIA 16:00 KST source publication; usable from next calendar day; ECOS load time unverified
2016-09-08,1.288,1.288,연%,1.288,연%,817Y002,010200000,국고채(3년),연%,817Y002,Korean 3-year Treasury yield (annual percent),2016-09-08T16:00:00+09:00,2016-09-09,KOFIA 16:00 KST source publication; usable from next calendar day; ECOS load time unverified
2016-09-09,1.328,1.328,연%,1.328,연%,817Y002,010200000,국고채(3년),연%,817Y002,Korean 3-year Treasury yield (annual percent),2016-09-09T16:00:00+09:00,2016-09-10,KOFIA 16:00 KST source publication; usable from next calendar day; ECOS load time unverified
2016-09-12,1.356,1.356,연%,1.356,연%,817Y002,010200000,국고채(3년),연%,817Y002,Korean 3-year Treasury yield (annual percent),2016-09-12T16:00:00+09:00,2016-09-13,KOFIA 16:00 KST source publication; usable from next calendar day; ECOS load time unverified
2016-09-13,1.35,1.35,연%,1.35,연%,817Y002,010200000,국고채(3년),연%,817Y002,Korean 3-year Treasury yield (annual percent),2016-09-13T16:00:00+09:00,2016-09-14,KOFIA 16:00 KST source publication; usable from next calendar day; ECOS load time unverified
2016-09-19,1.345,1.345,연%,1.345,연%,817Y002,010200000,국고채(3년),연%,817Y002,Korean 3-year Treasury yield (annual percent),2016-09-19T16:00:00+09:00,2016-09-20,KOFIA 16:00 KST source publication; usable from next calendar day; ECOS load time unverified
2016-09-20,1.336,1.336,연%,1.336,연%,817Y002,010200000,국고채(3년),연%,817Y002,Korean 3-year Treasury yield (annual percent),2016-09-20T16:00:00+09:00,2016-09-21,KOFIA 16:00 KST source publication; usable from next calendar day; ECOS load time unverified
2016-09-21,1.327,1.327,연%,1.327,연%,817Y002,010200000,국고채(3년),연%,817Y002,Korean 3-year Treasury yield (annual percent),2016-09-21T16:00:00+09:00,2016-09-22,KOFIA 16:00 KST source publication; usable from next calendar day; ECOS load time unverified
2016-09-22,1.296,1.296,연%,1.296,연%,817Y002,010200000,국고채(3년),연%,817Y002,Korean 3-year Treasury yield (annual percent),2016-09-22T16:00:00+09:00,2016-09-23,KOFIA 16:00 KST source publication; usable from next calendar day; ECOS load time unverified
2016-09-23,1.303,1.303,연%,1.303,연%,817Y002,010200000,국고채(3년),연%,817Y002,Korean 3-year Treasury yield (annual percent),2016-09-23T16:00:00+09:00,2016-09-24,KOFIA 16:00 KST source publication; usable from next calendar day; ECOS load time unverified
2016-09-26,1.308,1.308,연%,1.308,연%,817Y002,010200000,국고채(3년),연%,817Y002,Korean 3-year Treasury yield (annual percent),2016-09-26T16:00:00+09:00,2016-09-27,KOFIA 16:00 KST source publication; usable from next calendar day; ECOS load time unverified
2016-09-27,1.305,1.305,연%,1.305,연%,817Y002,010200000,국고채(3년),연%,817Y002,Korean 3-year Treasury yield (annual percent),2016-09-27T16:00:00+09:00,2016-09-28,KOFIA 16:00 KST source publication; usable from next calendar day; ECOS load time unverified
2016-09-28,1.304,1.304,연%,1.304,연%,817Y002,010200000,국고채(3년),연%,817Y002,Korean 3-year Treasury yield (annual percent),2016-09-28T16:00:00+09:00,2016-09-29,KOFIA 16:00 KST source publication; usable from next calendar day; ECOS load time unverified
2016-09-29,1.297,1.297,연%,1.297,연%,817Y002,010200000,국고채(3년),연%,817Y002,Korean 3-year Treasury yield (annual percent),2016-09-29T16:00:00+09:00,2016-09-30,KOFIA 16:00 KST source publication; usable from next calendar day; ECOS load time unverified
2016-09-30,1.247,1.247,연%,1.247,연%,817Y002,010200000,국고채(3년),연%,817Y002,Korean 3-year Treasury yield (annual percent),2016-09-30T16:00:00+09:00,2016-10-01,KOFIA 16:00 KST source publication; usable from next calendar day; ECOS load time unverified
2016-10-04,1.276,1.276,연%,1.276,연%,817Y002,010200000,국고채(3년),연%,817Y002,Korean 3-year Treasury yield (annual percent),2016-10-04T16:00:00+09:00,2016-10-05,KOFIA 16:00 KST source publication; usable from next calendar day; ECOS load time unverified
2016-10-05,1.316,1.316,연%,1.316,연%,817Y002,010200000,국고채(3년),연%,817Y002,Korean 3-year Treasury yield (annual percent),2016-10-05T16:00:00+09:00,2016-10-06,KOFIA 16:00 KST source publication; usable from next calendar day; ECOS load time unverified
2016-10-06,1.321,1.321,연%,1.321,연%,817Y002,010200000,국고채(3년),연%,817Y002,Korean 3-year Treasury yield (annual percent),2016-10-06T16:00:00+09:00,2016-10-07,KOFIA 16:00 KST source publication; usable from next calendar day; ECOS load time unverified
2016-10-07,1.326,1.326,연%,1.326,연%,817Y002,010200000,국고채(3년),연%,817Y002,Korean 3-year Treasury yield (annual percent),2016-10-07T16:00:00+09:00,2016-10-08,KOFIA 16:00 KST source publication; usable from next calendar day; ECOS load time unverified
2016-10-10,1.335,1.335,연%,1.335,연%,817Y002,010200000,국고채(3년),연%,817Y002,Korean 3-year Treasury yield (annual percent),2016-10-10T16:00:00+09:00,2016-10-11,KOFIA 16:00 KST source publication; usable from next calendar day; ECOS load time unverified
2016-10-11,1.373,1.373,연%,1.373,연%,817Y002,010200000,국고채(3년),연%,817Y002,Korean 3-year Treasury yield (annual percent),2016-10-11T16:00:00+09:00,2016-10-12,KOFIA 16:00 KST source publication; usable from next calendar day; ECOS load time unverified
2016-10-12,1.353,1.353,연%,1.353,연%,817Y002,010200000,국고채(3년),연%,817Y002,Korean 3-year Treasury yield (annual percent),2016-10-12T16:00:00+09:00,2016-10-13,KOFIA 16:00 KST source publication; usable from next calendar day; ECOS load time unverified
2016-10-13,1.323,1.323,연%,1.323,연%,817Y002,010200000,국고채(3년),연%,817Y002,Korean 3-year Treasury yield (annual percent),2016-10-13T16:00:00+09:00,2016-10-14,KOFIA 16:00 KST source publication; usable from next calendar day; ECOS load time unverified
2016-10-14,1.319,1.319,연%,1.319,연%,817Y002,010200000,국고채(3년),연%,817Y002,Korean 3-year Treasury yield (annual percent),2016-10-14T16:00:00+09:00,2016-10-15,KOFIA 16:00 KST source publication; usable from next calendar day; ECOS load time unverified
2016-10-17,1.35,1.35,연%,1.35,연%,817Y002,010200000,국고채(3년),연%,817Y002,Korean 3-year Treasury yield (annual percent),2016-10-17T16:00:00+09:00,2016-10-18,KOFIA 16:00 KST source publication; usable from next calendar day; ECOS load time unverified
2016-10-18,1.353,1.353,연%,1.353,연%,817Y002,010200000,국고채(3년),연%,817Y002,Korean 3-year Treasury yield (annual percent),2016-10-18T16:00:00+09:00,2016-10-19,KOFIA 16:00 KST source publication; usable from next calendar day; ECOS load time unverified
2016-10-19,1.352,1.352,연%,1.352,연%,817Y002,010200000,국고채(3년),연%,817Y002,Korean 3-year Treasury yield (annual percent),2016-10-19T16:00:00+09:00,2016-10-20,KOFIA 16:00 KST source publication; usable from next calendar day; ECOS load time unverified
2016-10-20,1.354,1.354,연%,1.354,연%,817Y002,010200000,국고채(3년),연%,817Y002,Korean 3-year Treasury yield (annual percent),2016-10-20T16:00:00+09:00,2016-10-21,KOFIA 16:00 KST source publication; usable from next calendar day; ECOS load time unverified
2016-10-21,1.381,1.381,연%,1.381,연%,817Y002,010200000,국고채(3년),연%,817Y002,Korean 3-year Treasury yield (annual percent),2016-10-21T16:00:00+09:00,2016-10-22,KOFIA 16:00 KST source publication; usable from next calendar day; ECOS load time unverified
2016-10-24,1.385,1.385,연%,1.385,연%,817Y002,010200000,국고채(3년),연%,817Y002,Korean 3-year Treasury yield (annual percent),2016-10-24T16:00:00+09:00,2016-10-25,KOFIA 16:00 KST source publication; usable from next calendar day; ECOS load time unverified
2016-10-25,1.398,1.398,연%,1.398,연%,817Y002,010200000,국고채(3년),연%,817Y002,Korean 3-year Treasury yield (annual percent),2016-10-25T16:00:00+09:00,2016-10-26,KOFIA 16:00 KST source publication; usable from next calendar day; ECOS load time unverified
2016-10-26,1.405,1.405,연%,1.405,연%,817Y002,010200000,국고채(3년),연%,817Y002,Korean 3-year Treasury yield (annual percent),2016-10-26T16:00:00+09:00,2016-10-27,KOFIA 16:00 KST source publication; usable from next calendar day; ECOS load time unverified
2016-10-27,1.418,1.418,연%,1.418,연%,817Y002,010200000,국고채(3년),연%,817Y002,Korean 3-year Treasury yield (annual percent),2016-10-27T16:00:00+09:00,2016-10-28,KOFIA 16:00 KST source publication; usable from next calendar day; ECOS load time unverified
2016-10-28,1.438,1.438,연%,1.438,연%,817Y002,010200000,국고채(3년),연%,817Y002,Korean 3-year Treasury yield (annual percent),2016-10-28T16:00:00+09:00,2016-10-29,KOFIA 16:00 KST source publication; usable from next calendar day; ECOS load time unverified
2016-10-31,1.438,1.438,연%,1.438,연%,817Y002,010200000,국고채(3년),연%,817Y002,Korean 3-year Treasury yield (annual percent),2016-10-31T16:00:00+09:00,2016-11-01,KOFIA 16:00 KST source publication; usable from next calendar day; ECOS load time unverified
2016-11-01,1.451,1.451,연%,1.451,연%,817Y002,010200000,국고채(3년),연%,817Y002,Korean 3-year Treasury yield (annual percent),2016-11-01T16:00:00+09:00,2016-11-02,KOFIA 16:00 KST source publication; usable from next calendar day; ECOS load time unverified
2016-11-02,1.436,1.436,연%,1.436,연%,817Y002,010200000,국고채(3년),연%,817Y002,Korean 3-year Treasury yield (annual percent),2016-11-02T16:00:00+09:00,2016-11-03,KOFIA 16:00 KST source publication; usable from next calendar day; ECOS load time unverified
2016-11-03,1.428,1.428,연%,1.428,연%,817Y002,010200000,국고채(3년),연%,817Y002,Korean 3-year Treasury yield (annual percent),2016-11-03T16:00:00+09:00,2016-11-04,KOFIA 16:00 KST source publication; usable from next calendar day; ECOS load time unverified
2016-11-04,1.431,1.431,연%,1.431,연%,817Y002,010200000,국고채(3년),연%,817Y002,Korean 3-year Treasury yield (annual percent),2016-11-04T16:00:00+09:00,2016-11-05,KOFIA 16:00 KST source publication; usable from next calendar day; ECOS load time unverified
2016-11-07,1.426,1.426,연%,1.426,연%,817Y002,010200000,국고채(3년),연%,817Y002,Korean 3-year Treasury yield (annual percent),2016-11-07T16:00:00+09:00,2016-11-08,KOFIA 16:00 KST source publication; usable from next calendar day; ECOS load time unverified
2016-11-08,1.425,1.425,연%,1.425,연%,817Y002,010200000,국고채(3년),연%,817Y002,Korean 3-year Treasury yield (annual percent),2016-11-08T16:00:00+09:00,2016-11-09,KOFIA 16:00 KST source publication; usable from next calendar day; ECOS load time unverified
2016-11-09,1.402,1.402,연%,1.402,연%,817Y002,010200000,국고채(3년),연%,817Y002,Korean 3-year Treasury yield (annual percent),2016-11-09T16:00:00+09:00,2016-11-10,KOFIA 16:00 KST source publication; usable from next calendar day; ECOS load time unverified
2016-11-10,1.465,1.465,연%,1.465,연%,817Y002,010200000,국고채(3년),연%,817Y002,Korean 3-year Treasury yield (annual percent),2016-11-10T16:00:00+09:00,2016-11-11,KOFIA 16:00 KST source publication; usable from next calendar day; ECOS load time unverified
2016-11-11,1.508,1.508,연%,1.508,연%,817Y002,010200000,국고채(3년),연%,817Y002,Korean 3-year Treasury yield (annual percent),2016-11-11T16:00:00+09:00,2016-11-12,KOFIA 16:00 KST source publication; usable from next calendar day; ECOS load time unverified
2016-11-14,1.61,1.61,연%,1.61,연%,817Y002,010200000,국고채(3년),연%,817Y002,Korean 3-year Treasury yield (annual percent),2016-11-14T16:00:00+09:00,2016-11-15,KOFIA 16:00 KST source publication; usable from next calendar day; ECOS load time unverified
2016-11-15,1.635,1.635,연%,1.635,연%,817Y002,010200000,국고채(3년),연%,817Y002,Korean 3-year Treasury yield (annual percent),2016-11-15T16:00:00+09:00,2016-11-16,KOFIA 16:00 KST source publication; usable from next calendar day; ECOS load time unverified
2016-11-16,1.689,1.689,연%,1.689,연%,817Y002,010200000,국고채(3년),연%,817Y002,Korean 3-year Treasury yield (annual percent),2016-11-16T16:00:00+09:00,2016-11-17,KOFIA 16:00 KST source publication; usable from next calendar day; ECOS load time unverified
2016-11-17,1.713,1.713,연%,1.713,연%,817Y002,010200000,국고채(3년),연%,817Y002,Korean 3-year Treasury yield (annual percent),2016-11-17T16:00:00+09:00,2016-11-18,KOFIA 16:00 KST source publication; usable from next calendar day; ECOS load time unverified
2016-11-18,1.736,1.736,연%,1.736,연%,817Y002,010200000,국고채(3년),연%,817Y002,Korean 3-year Treasury yield (annual percent),2016-11-18T16:00:00+09:00,2016-11-19,KOFIA 16:00 KST source publication; usable from next calendar day; ECOS load time unverified
2016-11-21,1.725,1.725,연%,1.725,연%,817Y002,010200000,국고채(3년),연%,817Y002,Korean 3-year Treasury yield (annual percent),2016-11-21T16:00:00+09:00,2016-11-22,KOFIA 16:00 KST source publication; usable from next calendar day; ECOS load time unverified
2016-11-22,1.735,1.735,연%,1.735,연%,817Y002,010200000,국고채(3년),연%,817Y002,Korean 3-year Treasury yield (annual percent),2016-11-22T16:00:00+09:00,2016-11-23,KOFIA 16:00 KST source publication; usable from next calendar day; ECOS load time unverified
2016-11-23,1.775,1.775,연%,1.775,연%,817Y002,010200000,국고채(3년),연%,817Y002,Korean 3-year Treasury yield (annual percent),2016-11-23T16:00:00+09:00,2016-11-24,KOFIA 16:00 KST source publication; usable from next calendar day; ECOS load time unverified
2016-11-24,1.811,1.811,연%,1.811,연%,817Y002,010200000,국고채(3년),연%,817Y002,Korean 3-year Treasury yield (annual percent),2016-11-24T16:00:00+09:00,2016-11-25,KOFIA 16:00 KST source publication; usable from next calendar day; ECOS load time unverified
2016-11-25,1.811,1.811,연%,1.811,연%,817Y002,010200000,국고채(3년),연%,817Y002,Korean 3-year Treasury yield (annual percent),2016-11-25T16:00:00+09:00,2016-11-26,KOFIA 16:00 KST source publication; usable from next calendar day; ECOS load time unverified
2016-11-28,1.764,1.764,연%,1.764,연%,817Y002,010200000,국고채(3년),연%,817Y002,Korean 3-year Treasury yield (annual percent),2016-11-28T16:00:00+09:00,2016-11-29,KOFIA 16:00 KST source publication; usable from next calendar day; ECOS load time unverified
2016-11-29,1.709,1.709,연%,1.709,연%,817Y002,010200000,국고채(3년),연%,817Y002,Korean 3-year Treasury yield (annual percent),2016-11-29T16:00:00+09:00,2016-11-30,KOFIA 16:00 KST source publication; usable from next calendar day; ECOS load time unverified
2016-11-30,1.71,1.71,연%,1.71,연%,817Y002,010200000,국고채(3년),연%,817Y002,Korean 3-year Treasury yield (annual percent),2016-11-30T16:00:00+09:00,2016-12-01,KOFIA 16:00 KST source publication; usable from next calendar day; ECOS load time unverified
2016-12-01,1.726,1.726,연%,1.726,연%,817Y002,010200000,국고채(3년),연%,817Y002,Korean 3-year Treasury yield (annual percent),2016-12-01T16:00:00+09:00,2016-12-02,KOFIA 16:00 KST source publication; usable from next calendar day; ECOS load time unverified
2016-12-02,1.745,1.745,연%,1.745,연%,817Y002,010200000,국고채(3년),연%,817Y002,Korean 3-year Treasury yield (annual percent),2016-12-02T16:00:00+09:00,2016-12-03,KOFIA 16:00 KST source publication; usable from next calendar day; ECOS load time unverified
2016-12-05,1.727,1.727,연%,1.727,연%,817Y002,010200000,국고채(3년),연%,817Y002,Korean 3-year Treasury yield (annual percent),2016-12-05T16:00:00+09:00,2016-12-06,KOFIA 16:00 KST source publication; usable from next calendar day; ECOS load time unverified
2016-12-06,1.737,1.737,연%,1.737,연%,817Y002,010200000,국고채(3년),연%,817Y002,Korean 3-year Treasury yield (annual percent),2016-12-06T16:00:00+09:00,2016-12-07,KOFIA 16:00 KST source publication; usable from next calendar day; ECOS load time unverified
2016-12-07,1.736,1.736,연%,1.736,연%,817Y002,010200000,국고채(3년),연%,817Y002,Korean 3-year Treasury yield (annual percent),2016-12-07T16:00:00+09:00,2016-12-08,KOFIA 16:00 KST source publication; usable from next calendar day; ECOS load time unverified
2016-12-08,1.714,1.714,연%,1.714,연%,817Y002,010200000,국고채(3년),연%,817Y002,Korean 3-year Treasury yield (annual percent),2016-12-08T16:00:00+09:00,2016-12-09,KOFIA 16:00 KST source publication; usable from next calendar day; ECOS load time unverified
2016-12-09,1.735,1.735,연%,1.735,연%,817Y002,010200000,국고채(3년),연%,817Y002,Korean 3-year Treasury yield (annual percent),2016-12-09T16:00:00+09:00,2016-12-10,KOFIA 16:00 KST source publication; usable from next calendar day; ECOS load time unverified
2016-12-12,1.734,1.734,연%,1.734,연%,817Y002,010200000,국고채(3년),연%,817Y002,Korean 3-year Treasury yield (annual percent),2016-12-12T16:00:00+09:00,2016-12-13,KOFIA 16:00 KST source publication; usable from next calendar day; ECOS load time unverified
2016-12-13,1.676,1.676,연%,1.676,연%,817Y002,010200000,국고채(3년),연%,817Y002,Korean 3-year Treasury yield (annual percent),2016-12-13T16:00:00+09:00,2016-12-14,KOFIA 16:00 KST source publication; usable from next calendar day; ECOS load time unverified
2016-12-14,1.644,1.644,연%,1.644,연%,817Y002,010200000,국고채(3년),연%,817Y002,Korean 3-year Treasury yield (annual percent),2016-12-14T16:00:00+09:00,2016-12-15,KOFIA 16:00 KST source publication; usable from next calendar day; ECOS load time unverified
2016-12-15,1.697,1.697,연%,1.697,연%,817Y002,010200000,국고채(3년),연%,817Y002,Korean 3-year Treasury yield (annual percent),2016-12-15T16:00:00+09:00,2016-12-16,KOFIA 16:00 KST source publication; usable from next calendar day; ECOS load time unverified
2016-12-16,1.688,1.688,연%,1.688,연%,817Y002,010200000,국고채(3년),연%,817Y002,Korean 3-year Treasury yield (annual percent),2016-12-16T16:00:00+09:00,2016-12-17,KOFIA 16:00 KST source publication; usable from next calendar day; ECOS load time unverified
2016-12-19,1.694,1.694,연%,1.694,연%,817Y002,010200000,국고채(3년),연%,817Y002,Korean 3-year Treasury yield (annual percent),2016-12-19T16:00:00+09:00,2016-12-20,KOFIA 16:00 KST source publication; usable from next calendar day; ECOS load time unverified
2016-12-20,1.714,1.714,연%,1.714,연%,817Y002,010200000,국고채(3년),연%,817Y002,Korean 3-year Treasury yield (annual percent),2016-12-20T16:00:00+09:00,2016-12-21,KOFIA 16:00 KST source publication; usable from next calendar day; ECOS load time unverified
2016-12-21,1.687,1.687,연%,1.687,연%,817Y002,010200000,국고채(3년),연%,817Y002,Korean 3-year Treasury yield (annual percent),2016-12-21T16:00:00+09:00,2016-12-22,KOFIA 16:00 KST source publication; usable from next calendar day; ECOS load time unverified
2016-12-22,1.657,1.657,연%,1.657,연%,817Y002,010200000,국고채(3년),연%,817Y002,Korean 3-year Treasury yield (annual percent),2016-12-22T16:00:00+09:00,2016-12-23,KOFIA 16:00 KST source publication; usable from next calendar day; ECOS load time unverified
2016-12-23,1.665,1.665,연%,1.665,연%,817Y002,010200000,국고채(3년),연%,817Y002,Korean 3-year Treasury yield (annual percent),2016-12-23T16:00:00+09:00,2016-12-24,KOFIA 16:00 KST source publication; usable from next calendar day; ECOS load time unverified
2016-12-26,1.669,1.669,연%,1.669,연%,817Y002,010200000,국고채(3년),연%,817Y002,Korean 3-year Treasury yield (annual percent),2016-12-26T16:00:00+09:00,2016-12-27,KOFIA 16:00 KST source publication; usable from next calendar day; ECOS load time unverified
2016-12-27,1.654,1.654,연%,1.654,연%,817Y002,010200000,국고채(3년),연%,817Y002,Korean 3-year Treasury yield (annual percent),2016-12-27T16:00:00+09:00,2016-12-28,KOFIA 16:00 KST source publication; usable from next calendar day; ECOS load time unverified
2016-12-28,1.643,1.643,연%,1.643,연%,817Y002,010200000,국고채(3년),연%,817Y002,Korean 3-year Treasury yield (annual percent),2016-12-28T16:00:00+09:00,2016-12-29,KOFIA 16:00 KST source publication; usable from next calendar day; ECOS load time unverified
2016-12-29,1.638,1.638,연%,1.638,연%,817Y002,010200000,국고채(3년),연%,817Y002,Korean 3-year Treasury yield (annual percent),2016-12-29T16:00:00+09:00,2016-12-30,KOFIA 16:00 KST source publication; usable from next calendar day; ECOS load time unverified
2016-12-30,1.638,1.638,연%,1.638,연%,817Y002,010200000,국고채(3년),연%,817Y002,Korean 3-year Treasury yield (annual percent),2016-12-30T16:00:00+09:00,2016-12-31,KOFIA 16:00 KST source publication; usable from next calendar day; ECOS load time unverified
2017-01-02,1.638,1.638,연%,1.638,연%,817Y002,010200000,국고채(3년),연%,817Y002,Korean 3-year Treasury yield (annual percent),2017-01-02T16:00:00+09:00,2017-01-03,KOFIA 16:00 KST source publication; usable from next calendar day; ECOS load time unverified
2017-01-03,1.617,1.617,연%,1.617,연%,817Y002,010200000,국고채(3년),연%,817Y002,Korean 3-year Treasury yield (annual percent),2017-01-03T16:00:00+09:00,2017-01-04,KOFIA 16:00 KST source publication; usable from next calendar day; ECOS load time unverified
2017-01-04,1.63,1.63,연%,1.63,연%,817Y002,010200000,국고채(3년),연%,817Y002,Korean 3-year Treasury yield (annual percent),2017-01-04T16:00:00+09:00,2017-01-05,KOFIA 16:00 KST source publication; usable from next calendar day; ECOS load time unverified
2017-01-05,1.607,1.607,연%,1.607,연%,817Y002,010200000,국고채(3년),연%,817Y002,Korean 3-year Treasury yield (annual percent),2017-01-05T16:00:00+09:00,2017-01-06,KOFIA 16:00 KST source publication; usable from next calendar day; ECOS load time unverified
2017-01-06,1.626,1.626,연%,1.626,연%,817Y002,010200000,국고채(3년),연%,817Y002,Korean 3-year Treasury yield (annual percent),2017-01-06T16:00:00+09:00,2017-01-07,KOFIA 16:00 KST source publication; usable from next calendar day; ECOS load time unverified
2017-01-09,1.663,1.663,연%,1.663,연%,817Y002,010200000,국고채(3년),연%,817Y002,Korean 3-year Treasury yield (annual percent),2017-01-09T16:00:00+09:00,2017-01-10,KOFIA 16:00 KST source publication; usable from next calendar day; ECOS load time unverified
2017-01-10,1.647,1.647,연%,1.647,연%,817Y002,010200000,국고채(3년),연%,817Y002,Korean 3-year Treasury yield (annual percent),2017-01-10T16:00:00+09:00,2017-01-11,KOFIA 16:00 KST source publication; usable from next calendar day; ECOS load time unverified
2017-01-11,1.653,1.653,연%,1.653,연%,817Y002,010200000,국고채(3년),연%,817Y002,Korean 3-year Treasury yield (annual percent),2017-01-11T16:00:00+09:00,2017-01-12,KOFIA 16:00 KST source publication; usable from next calendar day; ECOS load time unverified
2017-01-12,1.624,1.624,연%,1.624,연%,817Y002,010200000,국고채(3년),연%,817Y002,Korean 3-year Treasury yield (annual percent),2017-01-12T16:00:00+09:00,2017-01-13,KOFIA 16:00 KST source publication; usable from next calendar day; ECOS load time unverified
2017-01-13,1.635,1.635,연%,1.635,연%,817Y002,010200000,국고채(3년),연%,817Y002,Korean 3-year Treasury yield (annual percent),2017-01-13T16:00:00+09:00,2017-01-14,KOFIA 16:00 KST source publication; usable from next calendar day; ECOS load time unverified
2017-01-16,1.633,1.633,연%,1.633,연%,817Y002,010200000,국고채(3년),연%,817Y002,Korean 3-year Treasury yield (annual percent),2017-01-16T16:00:00+09:00,2017-01-17,KOFIA 16:00 KST source publication; usable from next calendar day; ECOS load time unverified
2017-01-17,1.628,1.628,연%,1.628,연%,817Y002,010200000,국고채(3년),연%,817Y002,Korean 3-year Treasury yield (annual percent),2017-01-17T16:00:00+09:00,2017-01-18,KOFIA 16:00 KST source publication; usable from next calendar day; ECOS load time unverified
2017-01-18,1.649,1.649,연%,1.649,연%,817Y002,010200000,국고채(3년),연%,817Y002,Korean 3-year Treasury yield (annual percent),2017-01-18T16:00:00+09:00,2017-01-19,KOFIA 16:00 KST source publication; usable from next calendar day; ECOS load time unverified
2017-01-19,1.677,1.677,연%,1.677,연%,817Y002,010200000,국고채(3년),연%,817Y002,Korean 3-year Treasury yield (annual percent),2017-01-19T16:00:00+09:00,2017-01-20,KOFIA 16:00 KST source publication; usable from next calendar day; ECOS load time unverified
2017-01-20,1.655,1.655,연%,1.655,연%,817Y002,010200000,국고채(3년),연%,817Y002,Korean 3-year Treasury yield (annual percent),2017-01-20T16:00:00+09:00,2017-01-21,KOFIA 16:00 KST source publication; usable from next calendar day; ECOS load time unverified
2017-01-23,1.64,1.64,연%,1.64,연%,817Y002,010200000,국고채(3년),연%,817Y002,Korean 3-year Treasury yield (annual percent),2017-01-23T16:00:00+09:00,2017-01-24,KOFIA 16:00 KST source publication; usable from next calendar day; ECOS load time unverified
2017-01-24,1.628,1.628,연%,1.628,연%,817Y002,010200000,국고채(3년),연%,817Y002,Korean 3-year Treasury yield (annual percent),2017-01-24T16:00:00+09:00,2017-01-25,KOFIA 16:00 KST source publication; usable from next calendar day; ECOS load time unverified
2017-01-25,1.647,1.647,연%,1.647,연%,817Y002,010200000,국고채(3년),연%,817Y002,Korean 3-year Treasury yield (annual percent),2017-01-25T16:00:00+09:00,2017-01-26,KOFIA 16:00 KST source publication; usable from next calendar day; ECOS load time unverified
2017-01-26,1.687,1.687,연%,1.687,연%,817Y002,010200000,국고채(3년),연%,817Y002,Korean 3-year Treasury yield (annual percent),2017-01-26T16:00:00+09:00,2017-01-27,KOFIA 16:00 KST source publication; usable from next calendar day; ECOS load time unverified
2017-01-31,1.675,1.675,연%,1.675,연%,817Y002,010200000,국고채(3년),연%,817Y002,Korean 3-year Treasury yield (annual percent),2017-01-31T16:00:00+09:00,2017-02-01,KOFIA 16:00 KST source publication; usable from next calendar day; ECOS load time unverified
2017-02-01,1.685,1.685,연%,1.685,연%,817Y002,010200000,국고채(3년),연%,817Y002,Korean 3-year Treasury yield (annual percent),2017-02-01T16:00:00+09:00,2017-02-02,KOFIA 16:00 KST source publication; usable from next calendar day; ECOS load time unverified
2017-02-02,1.674,1.674,연%,1.674,연%,817Y002,010200000,국고채(3년),연%,817Y002,Korean 3-year Treasury yield (annual percent),2017-02-02T16:00:00+09:00,2017-02-03,KOFIA 16:00 KST source publication; usable from next calendar day; ECOS load time unverified
2017-02-03,1.685,1.685,연%,1.685,연%,817Y002,010200000,국고채(3년),연%,817Y002,Korean 3-year Treasury yield (annual percent),2017-02-03T16:00:00+09:00,2017-02-04,KOFIA 16:00 KST source publication; usable from next calendar day; ECOS load time unverified
2017-02-06,1.662,1.662,연%,1.662,연%,817Y002,010200000,국고채(3년),연%,817Y002,Korean 3-year Treasury yield (annual percent),2017-02-06T16:00:00+09:00,2017-02-07,KOFIA 16:00 KST source publication; usable from next calendar day; ECOS load time unverified
2017-02-07,1.641,1.641,연%,1.641,연%,817Y002,010200000,국고채(3년),연%,817Y002,Korean 3-year Treasury yield (annual percent),2017-02-07T16:00:00+09:00,2017-02-08,KOFIA 16:00 KST source publication; usable from next calendar day; ECOS load time unverified
2017-02-08,1.652,1.652,연%,1.652,연%,817Y002,010200000,국고채(3년),연%,817Y002,Korean 3-year Treasury yield (annual percent),2017-02-08T16:00:00+09:00,2017-02-09,KOFIA 16:00 KST source publication; usable from next calendar day; ECOS load time unverified
2017-02-09,1.648,1.648,연%,1.648,연%,817Y002,010200000,국고채(3년),연%,817Y002,Korean 3-year Treasury yield (annual percent),2017-02-09T16:00:00+09:00,2017-02-10,KOFIA 16:00 KST source publication; usable from next calendar day; ECOS load time unverified
2017-02-10,1.668,1.668,연%,1.668,연%,817Y002,010200000,국고채(3년),연%,817Y002,Korean 3-year Treasury yield (annual percent),2017-02-10T16:00:00+09:00,2017-02-11,KOFIA 16:00 KST source publication; usable from next calendar day; ECOS load time unverified
2017-02-13,1.663,1.663,연%,1.663,연%,817Y002,010200000,국고채(3년),연%,817Y002,Korean 3-year Treasury yield (annual percent),2017-02-13T16:00:00+09:00,2017-02-14,KOFIA 16:00 KST source publication; usable from next calendar day; ECOS load time unverified
2017-02-14,1.653,1.653,연%,1.653,연%,817Y002,010200000,국고채(3년),연%,817Y002,Korean 3-year Treasury yield (annual percent),2017-02-14T16:00:00+09:00,2017-02-15,KOFIA 16:00 KST source publication; usable from next calendar day; ECOS load time unverified
2017-02-15,1.661,1.661,연%,1.661,연%,817Y002,010200000,국고채(3년),연%,817Y002,Korean 3-year Treasury yield (annual percent),2017-02-15T16:00:00+09:00,2017-02-16,KOFIA 16:00 KST source publication; usable from next calendar day; ECOS load time unverified
2017-02-16,1.656,1.656,연%,1.656,연%,817Y002,010200000,국고채(3년),연%,817Y002,Korean 3-year Treasury yield (annual percent),2017-02-16T16:00:00+09:00,2017-02-17,KOFIA 16:00 KST source publication; usable from next calendar day; ECOS load time unverified
2017-02-17,1.655,1.655,연%,1.655,연%,817Y002,010200000,국고채(3년),연%,817Y002,Korean 3-year Treasury yield (annual percent),2017-02-17T16:00:00+09:00,2017-02-18,KOFIA 16:00 KST source publication; usable from next calendar day; ECOS load time unverified
2017-02-20,1.67,1.67,연%,1.67,연%,817Y002,010200000,국고채(3년),연%,817Y002,Korean 3-year Treasury yield (annual percent),2017-02-20T16:00:00+09:00,2017-02-21,KOFIA 16:00 KST source publication; usable from next calendar day; ECOS load time unverified
2017-02-21,1.671,1.671,연%,1.671,연%,817Y002,010200000,국고채(3년),연%,817Y002,Korean 3-year Treasury yield (annual percent),2017-02-21T16:00:00+09:00,2017-02-22,KOFIA 16:00 KST source publication; usable from next calendar day; ECOS load time unverified
2017-02-22,1.69,1.69,연%,1.69,연%,817Y002,010200000,국고채(3년),연%,817Y002,Korean 3-year Treasury yield (annual percent),2017-02-22T16:00:00+09:00,2017-02-23,KOFIA 16:00 KST source publication; usable from next calendar day; ECOS load time unverified
2017-02-23,1.676,1.676,연%,1.676,연%,817Y002,010200000,국고채(3년),연%,817Y002,Korean 3-year Treasury yield (annual percent),2017-02-23T16:00:00+09:00,2017-02-24,KOFIA 16:00 KST source publication; usable from next calendar day; ECOS load time unverified
2017-02-24,1.666,1.666,연%,1.666,연%,817Y002,010200000,국고채(3년),연%,817Y002,Korean 3-year Treasury yield (annual percent),2017-02-24T16:00:00+09:00,2017-02-25,KOFIA 16:00 KST source publication; usable from next calendar day; ECOS load time unverified
2017-02-27,1.663,1.663,연%,1.663,연%,817Y002,010200000,국고채(3년),연%,817Y002,Korean 3-year Treasury yield (annual percent),2017-02-27T16:00:00+09:00,2017-02-28,KOFIA 16:00 KST source publication; usable from next calendar day; ECOS load time unverified
2017-02-28,1.67,1.67,연%,1.67,연%,817Y002,010200000,국고채(3년),연%,817Y002,Korean 3-year Treasury yield (annual percent),2017-02-28T16:00:00+09:00,2017-03-01,KOFIA 16:00 KST source publication; usable from next calendar day; ECOS load time unverified
2017-03-02,1.713,1.713,연%,1.713,연%,817Y002,010200000,국고채(3년),연%,817Y002,Korean 3-year Treasury yield (annual percent),2017-03-02T16:00:00+09:00,2017-03-03,KOFIA 16:00 KST source publication; usable from next calendar day; ECOS load time unverified
2017-03-03,1.713,1.713,연%,1.713,연%,817Y002,010200000,국고채(3년),연%,817Y002,Korean 3-year Treasury yield (annual percent),2017-03-03T16:00:00+09:00,2017-03-04,KOFIA 16:00 KST source publication; usable from next calendar day; ECOS load time unverified
2017-03-06,1.746,1.746,연%,1.746,연%,817Y002,010200000,국고채(3년),연%,817Y002,Korean 3-year Treasury yield (annual percent),2017-03-06T16:00:00+09:00,2017-03-07,KOFIA 16:00 KST source publication; usable from next calendar day; ECOS load time unverified
2017-03-07,1.784,1.784,연%,1.784,연%,817Y002,010200000,국고채(3년),연%,817Y002,Korean 3-year Treasury yield (annual percent),2017-03-07T16:00:00+09:00,2017-03-08,KOFIA 16:00 KST source publication; usable from next calendar day; ECOS load time unverified
2017-03-08,1.784,1.784,연%,1.784,연%,817Y002,010200000,국고채(3년),연%,817Y002,Korean 3-year Treasury yield (annual percent),2017-03-08T16:00:00+09:00,2017-03-09,KOFIA 16:00 KST source publication; usable from next calendar day; ECOS load time unverified
2017-03-09,1.789,1.789,연%,1.789,연%,817Y002,010200000,국고채(3년),연%,817Y002,Korean 3-year Treasury yield (annual percent),2017-03-09T16:00:00+09:00,2017-03-10,KOFIA 16:00 KST source publication; usable from next calendar day; ECOS load time unverified
2017-03-10,1.78,1.78,연%,1.78,연%,817Y002,010200000,국고채(3년),연%,817Y002,Korean 3-year Treasury yield (annual percent),2017-03-10T16:00:00+09:00,2017-03-11,KOFIA 16:00 KST source publication; usable from next calendar day; ECOS load time unverified
2017-03-13,1.765,1.765,연%,1.765,연%,817Y002,010200000,국고채(3년),연%,817Y002,Korean 3-year Treasury yield (annual percent),2017-03-13T16:00:00+09:00,2017-03-14,KOFIA 16:00 KST source publication; usable from next calendar day; ECOS load time unverified
2017-03-14,1.758,1.758,연%,1.758,연%,817Y002,010200000,국고채(3년),연%,817Y002,Korean 3-year Treasury yield (annual percent),2017-03-14T16:00:00+09:00,2017-03-15,KOFIA 16:00 KST source publication; usable from next calendar day; ECOS load time unverified
2017-03-15,1.759,1.759,연%,1.759,연%,817Y002,010200000,국고채(3년),연%,817Y002,Korean 3-year Treasury yield (annual percent),2017-03-15T16:00:00+09:00,2017-03-16,KOFIA 16:00 KST source publication; usable from next calendar day; ECOS load time unverified
2017-03-16,1.695,1.695,연%,1.695,연%,817Y002,010200000,국고채(3년),연%,817Y002,Korean 3-year Treasury yield (annual percent),2017-03-16T16:00:00+09:00,2017-03-17,KOFIA 16:00 KST source publication; usable from next calendar day; ECOS load time unverified
2017-03-17,1.675,1.675,연%,1.675,연%,817Y002,010200000,국고채(3년),연%,817Y002,Korean 3-year Treasury yield (annual percent),2017-03-17T16:00:00+09:00,2017-03-18,KOFIA 16:00 KST source publication; usable from next calendar day; ECOS load time unverified
2017-03-20,1.67,1.67,연%,1.67,연%,817Y002,010200000,국고채(3년),연%,817Y002,Korean 3-year Treasury yield (annual percent),2017-03-20T16:00:00+09:00,2017-03-21,KOFIA 16:00 KST source publication; usable from next calendar day; ECOS load time unverified
2017-03-21,1.67,1.67,연%,1.67,연%,817Y002,010200000,국고채(3년),연%,817Y002,Korean 3-year Treasury yield (annual percent),2017-03-21T16:00:00+09:00,2017-03-22,KOFIA 16:00 KST source publication; usable from next calendar day; ECOS load time unverified
2017-03-22,1.663,1.663,연%,1.663,연%,817Y002,010200000,국고채(3년),연%,817Y002,Korean 3-year Treasury yield (annual percent),2017-03-22T16:00:00+09:00,2017-03-23,KOFIA 16:00 KST source publication; usable from next calendar day; ECOS load time unverified
2017-03-23,1.666,1.666,연%,1.666,연%,817Y002,010200000,국고채(3년),연%,817Y002,Korean 3-year Treasury yield (annual percent),2017-03-23T16:00:00+09:00,2017-03-24,KOFIA 16:00 KST source publication; usable from next calendar day; ECOS load time unverified
2017-03-24,1.678,1.678,연%,1.678,연%,817Y002,010200000,국고채(3년),연%,817Y002,Korean 3-year Treasury yield (annual percent),2017-03-24T16:00:00+09:00,2017-03-25,KOFIA 16:00 KST source publication; usable from next calendar day; ECOS load time unverified
2017-03-27,1.65,1.65,연%,1.65,연%,817Y002,010200000,국고채(3년),연%,817Y002,Korean 3-year Treasury yield (annual percent),2017-03-27T16:00:00+09:00,2017-03-28,KOFIA 16:00 KST source publication; usable from next calendar day; ECOS load time unverified
2017-03-28,1.657,1.657,연%,1.657,연%,817Y002,010200000,국고채(3년),연%,817Y002,Korean 3-year Treasury yield (annual percent),2017-03-28T16:00:00+09:00,2017-03-29,KOFIA 16:00 KST source publication; usable from next calendar day; ECOS load time unverified
2017-03-29,1.653,1.653,연%,1.653,연%,817Y002,010200000,국고채(3년),연%,817Y002,Korean 3-year Treasury yield (annual percent),2017-03-29T16:00:00+09:00,2017-03-30,KOFIA 16:00 KST source publication; usable from next calendar day; ECOS load time unverified
2017-03-30,1.665,1.665,연%,1.665,연%,817Y002,010200000,국고채(3년),연%,817Y002,Korean 3-year Treasury yield (annual percent),2017-03-30T16:00:00+09:00,2017-03-31,KOFIA 16:00 KST source publication; usable from next calendar day; ECOS load time unverified
2017-03-31,1.662,1.662,연%,1.662,연%,817Y002,010200000,국고채(3년),연%,817Y002,Korean 3-year Treasury yield (annual percent),2017-03-31T16:00:00+09:00,2017-04-01,KOFIA 16:00 KST source publication; usable from next calendar day; ECOS load time unverified
2017-04-03,1.668,1.668,연%,1.668,연%,817Y002,010200000,국고채(3년),연%,817Y002,Korean 3-year Treasury yield (annual percent),2017-04-03T16:00:00+09:00,2017-04-04,KOFIA 16:00 KST source publication; usable from next calendar day; ECOS load time unverified
2017-04-04,1.646,1.646,연%,1.646,연%,817Y002,010200000,국고채(3년),연%,817Y002,Korean 3-year Treasury yield (annual percent),2017-04-04T16:00:00+09:00,2017-04-05,KOFIA 16:00 KST source publication; usable from next calendar day; ECOS load time unverified
2017-04-05,1.654,1.654,연%,1.654,연%,817Y002,010200000,국고채(3년),연%,817Y002,Korean 3-year Treasury yield (annual percent),2017-04-05T16:00:00+09:00,2017-04-06,KOFIA 16:00 KST source publication; usable from next calendar day; ECOS load time unverified
2017-04-06,1.679,1.679,연%,1.679,연%,817Y002,010200000,국고채(3년),연%,817Y002,Korean 3-year Treasury yield (annual percent),2017-04-06T16:00:00+09:00,2017-04-07,KOFIA 16:00 KST source publication; usable from next calendar day; ECOS load time unverified
2017-04-07,1.681,1.681,연%,1.681,연%,817Y002,010200000,국고채(3년),연%,817Y002,Korean 3-year Treasury yield (annual percent),2017-04-07T16:00:00+09:00,2017-04-08,KOFIA 16:00 KST source publication; usable from next calendar day; ECOS load time unverified
2017-04-10,1.722,1.722,연%,1.722,연%,817Y002,010200000,국고채(3년),연%,817Y002,Korean 3-year Treasury yield (annual percent),2017-04-10T16:00:00+09:00,2017-04-11,KOFIA 16:00 KST source publication; usable from next calendar day; ECOS load time unverified
2017-04-11,1.693,1.693,연%,1.693,연%,817Y002,010200000,국고채(3년),연%,817Y002,Korean 3-year Treasury yield (annual percent),2017-04-11T16:00:00+09:00,2017-04-12,KOFIA 16:00 KST source publication; usable from next calendar day; ECOS load time unverified
2017-04-12,1.686,1.686,연%,1.686,연%,817Y002,010200000,국고채(3년),연%,817Y002,Korean 3-year Treasury yield (annual percent),2017-04-12T16:00:00+09:00,2017-04-13,KOFIA 16:00 KST source publication; usable from next calendar day; ECOS load time unverified
2017-04-13,1.674,1.674,연%,1.674,연%,817Y002,010200000,국고채(3년),연%,817Y002,Korean 3-year Treasury yield (annual percent),2017-04-13T16:00:00+09:00,2017-04-14,KOFIA 16:00 KST source publication; usable from next calendar day; ECOS load time unverified
2017-04-14,1.677,1.677,연%,1.677,연%,817Y002,010200000,국고채(3년),연%,817Y002,Korean 3-year Treasury yield (annual percent),2017-04-14T16:00:00+09:00,2017-04-15,KOFIA 16:00 KST source publication; usable from next calendar day; ECOS load time unverified
2017-04-17,1.673,1.673,연%,1.673,연%,817Y002,010200000,국고채(3년),연%,817Y002,Korean 3-year Treasury yield (annual percent),2017-04-17T16:00:00+09:00,2017-04-18,KOFIA 16:00 KST source publication; usable from next calendar day; ECOS load time unverified
2017-04-18,1.676,1.676,연%,1.676,연%,817Y002,010200000,국고채(3년),연%,817Y002,Korean 3-year Treasury yield (annual percent),2017-04-18T16:00:00+09:00,2017-04-19,KOFIA 16:00 KST source publication; usable from next calendar day; ECOS load time unverified
2017-04-19,1.67,1.67,연%,1.67,연%,817Y002,010200000,국고채(3년),연%,817Y002,Korean 3-year Treasury yield (annual percent),2017-04-19T16:00:00+09:00,2017-04-20,KOFIA 16:00 KST source publication; usable from next calendar day; ECOS load time unverified
2017-04-20,1.674,1.674,연%,1.674,연%,817Y002,010200000,국고채(3년),연%,817Y002,Korean 3-year Treasury yield (annual percent),2017-04-20T16:00:00+09:00,2017-04-21,KOFIA 16:00 KST source publication; usable from next calendar day; ECOS load time unverified
2017-04-21,1.684,1.684,연%,1.684,연%,817Y002,010200000,국고채(3년),연%,817Y002,Korean 3-year Treasury yield (annual percent),2017-04-21T16:00:00+09:00,2017-04-22,KOFIA 16:00 KST source publication; usable from next calendar day; ECOS load time unverified
2017-04-24,1.701,1.701,연%,1.701,연%,817Y002,010200000,국고채(3년),연%,817Y002,Korean 3-year Treasury yield (annual percent),2017-04-24T16:00:00+09:00,2017-04-25,KOFIA 16:00 KST source publication; usable from next calendar day; ECOS load time unverified
2017-04-25,1.677,1.677,연%,1.677,연%,817Y002,010200000,국고채(3년),연%,817Y002,Korean 3-year Treasury yield (annual percent),2017-04-25T16:00:00+09:00,2017-04-26,KOFIA 16:00 KST source publication; usable from next calendar day; ECOS load time unverified
2017-04-26,1.682,1.682,연%,1.682,연%,817Y002,010200000,국고채(3년),연%,817Y002,Korean 3-year Treasury yield (annual percent),2017-04-26T16:00:00+09:00,2017-04-27,KOFIA 16:00 KST source publication; usable from next calendar day; ECOS load time unverified
2017-04-27,1.673,1.673,연%,1.673,연%,817Y002,010200000,국고채(3년),연%,817Y002,Korean 3-year Treasury yield (annual percent),2017-04-27T16:00:00+09:00,2017-04-28,KOFIA 16:00 KST source publication; usable from next calendar day; ECOS load time unverified
2017-04-28,1.675,1.675,연%,1.675,연%,817Y002,010200000,국고채(3년),연%,817Y002,Korean 3-year Treasury yield (annual percent),2017-04-28T16:00:00+09:00,2017-04-29,KOFIA 16:00 KST source publication; usable from next calendar day; ECOS load time unverified
2017-05-02,1.69,1.69,연%,1.69,연%,817Y002,010200000,국고채(3년),연%,817Y002,Korean 3-year Treasury yield (annual percent),2017-05-02T16:00:00+09:00,2017-05-03,KOFIA 16:00 KST source publication; usable from next calendar day; ECOS load time unverified
2017-05-04,1.681,1.681,연%,1.681,연%,817Y002,010200000,국고채(3년),연%,817Y002,Korean 3-year Treasury yield (annual percent),2017-05-04T16:00:00+09:00,2017-05-05,KOFIA 16:00 KST source publication; usable from next calendar day; ECOS load time unverified
2017-05-08,1.707,1.707,연%,1.707,연%,817Y002,010200000,국고채(3년),연%,817Y002,Korean 3-year Treasury yield (annual percent),2017-05-08T16:00:00+09:00,2017-05-09,KOFIA 16:00 KST source publication; usable from next calendar day; ECOS load time unverified
2017-05-10,1.733,1.733,연%,1.733,연%,817Y002,010200000,국고채(3년),연%,817Y002,Korean 3-year Treasury yield (annual percent),2017-05-10T16:00:00+09:00,2017-05-11,KOFIA 16:00 KST source publication; usable from next calendar day; ECOS load time unverified
2017-05-11,1.727,1.727,연%,1.727,연%,817Y002,010200000,국고채(3년),연%,817Y002,Korean 3-year Treasury yield (annual percent),2017-05-11T16:00:00+09:00,2017-05-12,KOFIA 16:00 KST source publication; usable from next calendar day; ECOS load time unverified
2017-05-12,1.71,1.71,연%,1.71,연%,817Y002,010200000,국고채(3년),연%,817Y002,Korean 3-year Treasury yield (annual percent),2017-05-12T16:00:00+09:00,2017-05-13,KOFIA 16:00 KST source publication; usable from next calendar day; ECOS load time unverified
2017-05-15,1.71,1.71,연%,1.71,연%,817Y002,010200000,국고채(3년),연%,817Y002,Korean 3-year Treasury yield (annual percent),2017-05-15T16:00:00+09:00,2017-05-16,KOFIA 16:00 KST source publication; usable from next calendar day; ECOS load time unverified
2017-05-16,1.717,1.717,연%,1.717,연%,817Y002,010200000,국고채(3년),연%,817Y002,Korean 3-year Treasury yield (annual percent),2017-05-16T16:00:00+09:00,2017-05-17,KOFIA 16:00 KST source publication; usable from next calendar day; ECOS load time unverified
2017-05-17,1.684,1.684,연%,1.684,연%,817Y002,010200000,국고채(3년),연%,817Y002,Korean 3-year Treasury yield (annual percent),2017-05-17T16:00:00+09:00,2017-05-18,KOFIA 16:00 KST source publication; usable from next calendar day; ECOS load time unverified
2017-05-18,1.683,1.683,연%,1.683,연%,817Y002,010200000,국고채(3년),연%,817Y002,Korean 3-year Treasury yield (annual percent),2017-05-18T16:00:00+09:00,2017-05-19,KOFIA 16:00 KST source publication; usable from next calendar day; ECOS load time unverified
2017-05-19,1.671,1.671,연%,1.671,연%,817Y002,010200000,국고채(3년),연%,817Y002,Korean 3-year Treasury yield (annual percent),2017-05-19T16:00:00+09:00,2017-05-20,KOFIA 16:00 KST source publication; usable from next calendar day; ECOS load time unverified
2017-05-22,1.685,1.685,연%,1.685,연%,817Y002,010200000,국고채(3년),연%,817Y002,Korean 3-year Treasury yield (annual percent),2017-05-22T16:00:00+09:00,2017-05-23,KOFIA 16:00 KST source publication; usable from next calendar day; ECOS load time unverified
2017-05-23,1.676,1.676,연%,1.676,연%,817Y002,010200000,국고채(3년),연%,817Y002,Korean 3-year Treasury yield (annual percent),2017-05-23T16:00:00+09:00,2017-05-24,KOFIA 16:00 KST source publication; usable from next calendar day; ECOS load time unverified
2017-05-24,1.691,1.691,연%,1.691,연%,817Y002,010200000,국고채(3년),연%,817Y002,Korean 3-year Treasury yield (annual percent),2017-05-24T16:00:00+09:00,2017-05-25,KOFIA 16:00 KST source publication; usable from next calendar day; ECOS load time unverified
2017-05-25,1.681,1.681,연%,1.681,연%,817Y002,010200000,국고채(3년),연%,817Y002,Korean 3-year Treasury yield (annual percent),2017-05-25T16:00:00+09:00,2017-05-26,KOFIA 16:00 KST source publication; usable from next calendar day; ECOS load time unverified
2017-05-26,1.677,1.677,연%,1.677,연%,817Y002,010200000,국고채(3년),연%,817Y002,Korean 3-year Treasury yield (annual percent),2017-05-26T16:00:00+09:00,2017-05-27,KOFIA 16:00 KST source publication; usable from next calendar day; ECOS load time unverified
2017-05-29,1.672,1.672,연%,1.672,연%,817Y002,010200000,국고채(3년),연%,817Y002,Korean 3-year Treasury yield (annual percent),2017-05-29T16:00:00+09:00,2017-05-30,KOFIA 16:00 KST source publication; usable from next calendar day; ECOS load time unverified
2017-05-30,1.658,1.658,연%,1.658,연%,817Y002,010200000,국고채(3년),연%,817Y002,Korean 3-year Treasury yield (annual percent),2017-05-30T16:00:00+09:00,2017-05-31,KOFIA 16:00 KST source publication; usable from next calendar day; ECOS load time unverified
2017-05-31,1.661,1.661,연%,1.661,연%,817Y002,010200000,국고채(3년),연%,817Y002,Korean 3-year Treasury yield (annual percent),2017-05-31T16:00:00+09:00,2017-06-01,KOFIA 16:00 KST source publication; usable from next calendar day; ECOS load time unverified
2017-06-01,1.645,1.645,연%,1.645,연%,817Y002,010200000,국고채(3년),연%,817Y002,Korean 3-year Treasury yield (annual percent),2017-06-01T16:00:00+09:00,2017-06-02,KOFIA 16:00 KST source publication; usable from next calendar day; ECOS load time unverified
2017-06-02,1.63,1.63,연%,1.63,연%,817Y002,010200000,국고채(3년),연%,817Y002,Korean 3-year Treasury yield (annual percent),2017-06-02T16:00:00+09:00,2017-06-03,KOFIA 16:00 KST source publication; usable from next calendar day; ECOS load time unverified
2017-06-05,1.623,1.623,연%,1.623,연%,817Y002,010200000,국고채(3년),연%,817Y002,Korean 3-year Treasury yield (annual percent),2017-06-05T16:00:00+09:00,2017-06-06,KOFIA 16:00 KST source publication; usable from next calendar day; ECOS load time unverified
2017-06-07,1.621,1.621,연%,1.621,연%,817Y002,010200000,국고채(3년),연%,817Y002,Korean 3-year Treasury yield (annual percent),2017-06-07T16:00:00+09:00,2017-06-08,KOFIA 16:00 KST source publication; usable from next calendar day; ECOS load time unverified
2017-06-08,1.637,1.637,연%,1.637,연%,817Y002,010200000,국고채(3년),연%,817Y002,Korean 3-year Treasury yield (annual percent),2017-06-08T16:00:00+09:00,2017-06-09,KOFIA 16:00 KST source publication; usable from next calendar day; ECOS load time unverified
2017-06-09,1.632,1.632,연%,1.632,연%,817Y002,010200000,국고채(3년),연%,817Y002,Korean 3-year Treasury yield (annual percent),2017-06-09T16:00:00+09:00,2017-06-10,KOFIA 16:00 KST source publication; usable from next calendar day; ECOS load time unverified
2017-06-12,1.697,1.697,연%,1.697,연%,817Y002,010200000,국고채(3년),연%,817Y002,Korean 3-year Treasury yield (annual percent),2017-06-12T16:00:00+09:00,2017-06-13,KOFIA 16:00 KST source publication; usable from next calendar day; ECOS load time unverified
2017-06-13,1.661,1.661,연%,1.661,연%,817Y002,010200000,국고채(3년),연%,817Y002,Korean 3-year Treasury yield (annual percent),2017-06-13T16:00:00+09:00,2017-06-14,KOFIA 16:00 KST source publication; usable from next calendar day; ECOS load time unverified
2017-06-14,1.681,1.681,연%,1.681,연%,817Y002,010200000,국고채(3년),연%,817Y002,Korean 3-year Treasury yield (annual percent),2017-06-14T16:00:00+09:00,2017-06-15,KOFIA 16:00 KST source publication; usable from next calendar day; ECOS load time unverified
2017-06-15,1.682,1.682,연%,1.682,연%,817Y002,010200000,국고채(3년),연%,817Y002,Korean 3-year Treasury yield (annual percent),2017-06-15T16:00:00+09:00,2017-06-16,KOFIA 16:00 KST source publication; usable from next calendar day; ECOS load time unverified
2017-06-16,1.695,1.695,연%,1.695,연%,817Y002,010200000,국고채(3년),연%,817Y002,Korean 3-year Treasury yield (annual percent),2017-06-16T16:00:00+09:00,2017-06-17,KOFIA 16:00 KST source publication; usable from next calendar day; ECOS load time unverified
2017-06-19,1.683,1.683,연%,1.683,연%,817Y002,010200000,국고채(3년),연%,817Y002,Korean 3-year Treasury yield (annual percent),2017-06-19T16:00:00+09:00,2017-06-20,KOFIA 16:00 KST source publication; usable from next calendar day; ECOS load time unverified
2017-06-20,1.685,1.685,연%,1.685,연%,817Y002,010200000,국고채(3년),연%,817Y002,Korean 3-year Treasury yield (annual percent),2017-06-20T16:00:00+09:00,2017-06-21,KOFIA 16:00 KST source publication; usable from next calendar day; ECOS load time unverified
2017-06-21,1.692,1.692,연%,1.692,연%,817Y002,010200000,국고채(3년),연%,817Y002,Korean 3-year Treasury yield (annual percent),2017-06-21T16:00:00+09:00,2017-06-22,KOFIA 16:00 KST source publication; usable from next calendar day; ECOS load time unverified
2017-06-22,1.701,1.701,연%,1.701,연%,817Y002,010200000,국고채(3년),연%,817Y002,Korean 3-year Treasury yield (annual percent),2017-06-22T16:00:00+09:00,2017-06-23,KOFIA 16:00 KST source publication; usable from next calendar day; ECOS load time unverified
2017-06-23,1.688,1.688,연%,1.688,연%,817Y002,010200000,국고채(3년),연%,817Y002,Korean 3-year Treasury yield (annual percent),2017-06-23T16:00:00+09:00,2017-06-24,KOFIA 16:00 KST source publication; usable from next calendar day; ECOS load time unverified
2017-06-26,1.686,1.686,연%,1.686,연%,817Y002,010200000,국고채(3년),연%,817Y002,Korean 3-year Treasury yield (annual percent),2017-06-26T16:00:00+09:00,2017-06-27,KOFIA 16:00 KST source publication; usable from next calendar day; ECOS load time unverified
2017-06-27,1.681,1.681,연%,1.681,연%,817Y002,010200000,국고채(3년),연%,817Y002,Korean 3-year Treasury yield (annual percent),2017-06-27T16:00:00+09:00,2017-06-28,KOFIA 16:00 KST source publication; usable from next calendar day; ECOS load time unverified
2017-06-28,1.711,1.711,연%,1.711,연%,817Y002,010200000,국고채(3년),연%,817Y002,Korean 3-year Treasury yield (annual percent),2017-06-28T16:00:00+09:00,2017-06-29,KOFIA 16:00 KST source publication; usable from next calendar day; ECOS load time unverified
2017-06-29,1.7,1.7,연%,1.7,연%,817Y002,010200000,국고채(3년),연%,817Y002,Korean 3-year Treasury yield (annual percent),2017-06-29T16:00:00+09:00,2017-06-30,KOFIA 16:00 KST source publication; usable from next calendar day; ECOS load time unverified
2017-06-30,1.698,1.698,연%,1.698,연%,817Y002,010200000,국고채(3년),연%,817Y002,Korean 3-year Treasury yield (annual percent),2017-06-30T16:00:00+09:00,2017-07-01,KOFIA 16:00 KST source publication; usable from next calendar day; ECOS load time unverified
2017-07-03,1.716,1.716,연%,1.716,연%,817Y002,010200000,국고채(3년),연%,817Y002,Korean 3-year Treasury yield (annual percent),2017-07-03T16:00:00+09:00,2017-07-04,KOFIA 16:00 KST source publication; usable from next calendar day; ECOS load time unverified
2017-07-04,1.74,1.74,연%,1.74,연%,817Y002,010200000,국고채(3년),연%,817Y002,Korean 3-year Treasury yield (annual percent),2017-07-04T16:00:00+09:00,2017-07-05,KOFIA 16:00 KST source publication; usable from next calendar day; ECOS load time unverified
2017-07-05,1.745,1.745,연%,1.745,연%,817Y002,010200000,국고채(3년),연%,817Y002,Korean 3-year Treasury yield (annual percent),2017-07-05T16:00:00+09:00,2017-07-06,KOFIA 16:00 KST source publication; usable from next calendar day; ECOS load time unverified
2017-07-06,1.75,1.75,연%,1.75,연%,817Y002,010200000,국고채(3년),연%,817Y002,Korean 3-year Treasury yield (annual percent),2017-07-06T16:00:00+09:00,2017-07-07,KOFIA 16:00 KST source publication; usable from next calendar day; ECOS load time unverified
2017-07-07,1.781,1.781,연%,1.781,연%,817Y002,010200000,국고채(3년),연%,817Y002,Korean 3-year Treasury yield (annual percent),2017-07-07T16:00:00+09:00,2017-07-08,KOFIA 16:00 KST source publication; usable from next calendar day; ECOS load time unverified
2017-07-10,1.756,1.756,연%,1.756,연%,817Y002,010200000,국고채(3년),연%,817Y002,Korean 3-year Treasury yield (annual percent),2017-07-10T16:00:00+09:00,2017-07-11,KOFIA 16:00 KST source publication; usable from next calendar day; ECOS load time unverified
2017-07-11,1.762,1.762,연%,1.762,연%,817Y002,010200000,국고채(3년),연%,817Y002,Korean 3-year Treasury yield (annual percent),2017-07-11T16:00:00+09:00,2017-07-12,KOFIA 16:00 KST source publication; usable from next calendar day; ECOS load time unverified
2017-07-12,1.762,1.762,연%,1.762,연%,817Y002,010200000,국고채(3년),연%,817Y002,Korean 3-year Treasury yield (annual percent),2017-07-12T16:00:00+09:00,2017-07-13,KOFIA 16:00 KST source publication; usable from next calendar day; ECOS load time unverified
2017-07-13,1.745,1.745,연%,1.745,연%,817Y002,010200000,국고채(3년),연%,817Y002,Korean 3-year Treasury yield (annual percent),2017-07-13T16:00:00+09:00,2017-07-14,KOFIA 16:00 KST source publication; usable from next calendar day; ECOS load time unverified
2017-07-14,1.75,1.75,연%,1.75,연%,817Y002,010200000,국고채(3년),연%,817Y002,Korean 3-year Treasury yield (annual percent),2017-07-14T16:00:00+09:00,2017-07-15,KOFIA 16:00 KST source publication; usable from next calendar day; ECOS load time unverified
2017-07-17,1.754,1.754,연%,1.754,연%,817Y002,010200000,국고채(3년),연%,817Y002,Korean 3-year Treasury yield (annual percent),2017-07-17T16:00:00+09:00,2017-07-18,KOFIA 16:00 KST source publication; usable from next calendar day; ECOS load time unverified
2017-07-18,1.746,1.746,연%,1.746,연%,817Y002,010200000,국고채(3년),연%,817Y002,Korean 3-year Treasury yield (annual percent),2017-07-18T16:00:00+09:00,2017-07-19,KOFIA 16:00 KST source publication; usable from next calendar day; ECOS load time unverified
2017-07-19,1.747,1.747,연%,1.747,연%,817Y002,010200000,국고채(3년),연%,817Y002,Korean 3-year Treasury yield (annual percent),2017-07-19T16:00:00+09:00,2017-07-20,KOFIA 16:00 KST source publication; usable from next calendar day; ECOS load time unverified
2017-07-20,1.74,1.74,연%,1.74,연%,817Y002,010200000,국고채(3년),연%,817Y002,Korean 3-year Treasury yield (annual percent),2017-07-20T16:00:00+09:00,2017-07-21,KOFIA 16:00 KST source publication; usable from next calendar day; ECOS load time unverified
2017-07-21,1.721,1.721,연%,1.721,연%,817Y002,010200000,국고채(3년),연%,817Y002,Korean 3-year Treasury yield (annual percent),2017-07-21T16:00:00+09:00,2017-07-22,KOFIA 16:00 KST source publication; usable from next calendar day; ECOS load time unverified
2017-07-24,1.72,1.72,연%,1.72,연%,817Y002,010200000,국고채(3년),연%,817Y002,Korean 3-year Treasury yield (annual percent),2017-07-24T16:00:00+09:00,2017-07-25,KOFIA 16:00 KST source publication; usable from next calendar day; ECOS load time unverified
2017-07-25,1.709,1.709,연%,1.709,연%,817Y002,010200000,국고채(3년),연%,817Y002,Korean 3-year Treasury yield (annual percent),2017-07-25T16:00:00+09:00,2017-07-26,KOFIA 16:00 KST source publication; usable from next calendar day; ECOS load time unverified
2017-07-26,1.729,1.729,연%,1.729,연%,817Y002,010200000,국고채(3년),연%,817Y002,Korean 3-year Treasury yield (annual percent),2017-07-26T16:00:00+09:00,2017-07-27,KOFIA 16:00 KST source publication; usable from next calendar day; ECOS load time unverified
2017-07-27,1.712,1.712,연%,1.712,연%,817Y002,010200000,국고채(3년),연%,817Y002,Korean 3-year Treasury yield (annual percent),2017-07-27T16:00:00+09:00,2017-07-28,KOFIA 16:00 KST source publication; usable from next calendar day; ECOS load time unverified
2017-07-28,1.723,1.723,연%,1.723,연%,817Y002,010200000,국고채(3년),연%,817Y002,Korean 3-year Treasury yield (annual percent),2017-07-28T16:00:00+09:00,2017-07-29,KOFIA 16:00 KST source publication; usable from next calendar day; ECOS load time unverified
2017-07-31,1.724,1.724,연%,1.724,연%,817Y002,010200000,국고채(3년),연%,817Y002,Korean 3-year Treasury yield (annual percent),2017-07-31T16:00:00+09:00,2017-08-01,KOFIA 16:00 KST source publication; usable from next calendar day; ECOS load time unverified
2017-08-01,1.733,1.733,연%,1.733,연%,817Y002,010200000,국고채(3년),연%,817Y002,Korean 3-year Treasury yield (annual percent),2017-08-01T16:00:00+09:00,2017-08-02,KOFIA 16:00 KST source publication; usable from next calendar day; ECOS load time unverified
2017-08-02,1.73,1.73,연%,1.73,연%,817Y002,010200000,국고채(3년),연%,817Y002,Korean 3-year Treasury yield (annual percent),2017-08-02T16:00:00+09:00,2017-08-03,KOFIA 16:00 KST source publication; usable from next calendar day; ECOS load time unverified
2017-08-03,1.737,1.737,연%,1.737,연%,817Y002,010200000,국고채(3년),연%,817Y002,Korean 3-year Treasury yield (annual percent),2017-08-03T16:00:00+09:00,2017-08-04,KOFIA 16:00 KST source publication; usable from next calendar day; ECOS load time unverified
2017-08-04,1.742,1.742,연%,1.742,연%,817Y002,010200000,국고채(3년),연%,817Y002,Korean 3-year Treasury yield (annual percent),2017-08-04T16:00:00+09:00,2017-08-05,KOFIA 16:00 KST source publication; usable from next calendar day; ECOS load time unverified
2017-08-07,1.772,1.772,연%,1.772,연%,817Y002,010200000,국고채(3년),연%,817Y002,Korean 3-year Treasury yield (annual percent),2017-08-07T16:00:00+09:00,2017-08-08,KOFIA 16:00 KST source publication; usable from next calendar day; ECOS load time unverified
2017-08-08,1.805,1.805,연%,1.805,연%,817Y002,010200000,국고채(3년),연%,817Y002,Korean 3-year Treasury yield (annual percent),2017-08-08T16:00:00+09:00,2017-08-09,KOFIA 16:00 KST source publication; usable from next calendar day; ECOS load time unverified
2017-08-09,1.833,1.833,연%,1.833,연%,817Y002,010200000,국고채(3년),연%,817Y002,Korean 3-year Treasury yield (annual percent),2017-08-09T16:00:00+09:00,2017-08-10,KOFIA 16:00 KST source publication; usable from next calendar day; ECOS load time unverified
2017-08-10,1.824,1.824,연%,1.824,연%,817Y002,010200000,국고채(3년),연%,817Y002,Korean 3-year Treasury yield (annual percent),2017-08-10T16:00:00+09:00,2017-08-11,KOFIA 16:00 KST source publication; usable from next calendar day; ECOS load time unverified
2017-08-11,1.804,1.804,연%,1.804,연%,817Y002,010200000,국고채(3년),연%,817Y002,Korean 3-year Treasury yield (annual percent),2017-08-11T16:00:00+09:00,2017-08-12,KOFIA 16:00 KST source publication; usable from next calendar day; ECOS load time unverified
2017-08-14,1.802,1.802,연%,1.802,연%,817Y002,010200000,국고채(3년),연%,817Y002,Korean 3-year Treasury yield (annual percent),2017-08-14T16:00:00+09:00,2017-08-15,KOFIA 16:00 KST source publication; usable from next calendar day; ECOS load time unverified
2017-08-16,1.821,1.821,연%,1.821,연%,817Y002,010200000,국고채(3년),연%,817Y002,Korean 3-year Treasury yield (annual percent),2017-08-16T16:00:00+09:00,2017-08-17,KOFIA 16:00 KST source publication; usable from next calendar day; ECOS load time unverified
2017-08-17,1.801,1.801,연%,1.801,연%,817Y002,010200000,국고채(3년),연%,817Y002,Korean 3-year Treasury yield (annual percent),2017-08-17T16:00:00+09:00,2017-08-18,KOFIA 16:00 KST source publication; usable from next calendar day; ECOS load time unverified
2017-08-18,1.777,1.777,연%,1.777,연%,817Y002,010200000,국고채(3년),연%,817Y002,Korean 3-year Treasury yield (annual percent),2017-08-18T16:00:00+09:00,2017-08-19,KOFIA 16:00 KST source publication; usable from next calendar day; ECOS load time unverified
2017-08-21,1.784,1.784,연%,1.784,연%,817Y002,010200000,국고채(3년),연%,817Y002,Korean 3-year Treasury yield (annual percent),2017-08-21T16:00:00+09:00,2017-08-22,KOFIA 16:00 KST source publication; usable from next calendar day; ECOS load time unverified
2017-08-22,1.803,1.803,연%,1.803,연%,817Y002,010200000,국고채(3년),연%,817Y002,Korean 3-year Treasury yield (annual percent),2017-08-22T16:00:00+09:00,2017-08-23,KOFIA 16:00 KST source publication; usable from next calendar day; ECOS load time unverified
2017-08-23,1.797,1.797,연%,1.797,연%,817Y002,010200000,국고채(3년),연%,817Y002,Korean 3-year Treasury yield (annual percent),2017-08-23T16:00:00+09:00,2017-08-24,KOFIA 16:00 KST source publication; usable from next calendar day; ECOS load time unverified
2017-08-24,1.801,1.801,연%,1.801,연%,817Y002,010200000,국고채(3년),연%,817Y002,Korean 3-year Treasury yield (annual percent),2017-08-24T16:00:00+09:00,2017-08-25,KOFIA 16:00 KST source publication; usable from next calendar day; ECOS load time unverified
2017-08-25,1.755,1.755,연%,1.755,연%,817Y002,010200000,국고채(3년),연%,817Y002,Korean 3-year Treasury yield (annual percent),2017-08-25T16:00:00+09:00,2017-08-26,KOFIA 16:00 KST source publication; usable from next calendar day; ECOS load time unverified
2017-08-28,1.758,1.758,연%,1.758,연%,817Y002,010200000,국고채(3년),연%,817Y002,Korean 3-year Treasury yield (annual percent),2017-08-28T16:00:00+09:00,2017-08-29,KOFIA 16:00 KST source publication; usable from next calendar day; ECOS load time unverified
2017-08-29,1.772,1.772,연%,1.772,연%,817Y002,010200000,국고채(3년),연%,817Y002,Korean 3-year Treasury yield (annual percent),2017-08-29T16:00:00+09:00,2017-08-30,KOFIA 16:00 KST source publication; usable from next calendar day; ECOS load time unverified
2017-08-30,1.752,1.752,연%,1.752,연%,817Y002,010200000,국고채(3년),연%,817Y002,Korean 3-year Treasury yield (annual percent),2017-08-30T16:00:00+09:00,2017-08-31,KOFIA 16:00 KST source publication; usable from next calendar day; ECOS load time unverified
2017-08-31,1.747,1.747,연%,1.747,연%,817Y002,010200000,국고채(3년),연%,817Y002,Korean 3-year Treasury yield (annual percent),2017-08-31T16:00:00+09:00,2017-09-01,KOFIA 16:00 KST source publication; usable from next calendar day; ECOS load time unverified
2017-09-01,1.747,1.747,연%,1.747,연%,817Y002,010200000,국고채(3년),연%,817Y002,Korean 3-year Treasury yield (annual percent),2017-09-01T16:00:00+09:00,2017-09-02,KOFIA 16:00 KST source publication; usable from next calendar day; ECOS load time unverified
2017-09-04,1.782,1.782,연%,1.782,연%,817Y002,010200000,국고채(3년),연%,817Y002,Korean 3-year Treasury yield (annual percent),2017-09-04T16:00:00+09:00,2017-09-05,KOFIA 16:00 KST source publication; usable from next calendar day; ECOS load time unverified
2017-09-05,1.78,1.78,연%,1.78,연%,817Y002,010200000,국고채(3년),연%,817Y002,Korean 3-year Treasury yield (annual percent),2017-09-05T16:00:00+09:00,2017-09-06,KOFIA 16:00 KST source publication; usable from next calendar day; ECOS load time unverified
2017-09-06,1.775,1.775,연%,1.775,연%,817Y002,010200000,국고채(3년),연%,817Y002,Korean 3-year Treasury yield (annual percent),2017-09-06T16:00:00+09:00,2017-09-07,KOFIA 16:00 KST source publication; usable from next calendar day; ECOS load time unverified
2017-09-07,1.782,1.782,연%,1.782,연%,817Y002,010200000,국고채(3년),연%,817Y002,Korean 3-year Treasury yield (annual percent),2017-09-07T16:00:00+09:00,2017-09-08,KOFIA 16:00 KST source publication; usable from next calendar day; ECOS load time unverified
2017-09-08,1.758,1.758,연%,1.758,연%,817Y002,010200000,국고채(3년),연%,817Y002,Korean 3-year Treasury yield (annual percent),2017-09-08T16:00:00+09:00,2017-09-09,KOFIA 16:00 KST source publication; usable from next calendar day; ECOS load time unverified
2017-09-11,1.757,1.757,연%,1.757,연%,817Y002,010200000,국고채(3년),연%,817Y002,Korean 3-year Treasury yield (annual percent),2017-09-11T16:00:00+09:00,2017-09-12,KOFIA 16:00 KST source publication; usable from next calendar day; ECOS load time unverified
2017-09-12,1.753,1.753,연%,1.753,연%,817Y002,010200000,국고채(3년),연%,817Y002,Korean 3-year Treasury yield (annual percent),2017-09-12T16:00:00+09:00,2017-09-13,KOFIA 16:00 KST source publication; usable from next calendar day; ECOS load time unverified
2017-09-13,1.742,1.742,연%,1.742,연%,817Y002,010200000,국고채(3년),연%,817Y002,Korean 3-year Treasury yield (annual percent),2017-09-13T16:00:00+09:00,2017-09-14,KOFIA 16:00 KST source publication; usable from next calendar day; ECOS load time unverified
2017-09-14,1.742,1.742,연%,1.742,연%,817Y002,010200000,국고채(3년),연%,817Y002,Korean 3-year Treasury yield (annual percent),2017-09-14T16:00:00+09:00,2017-09-15,KOFIA 16:00 KST source publication; usable from next calendar day; ECOS load time unverified
2017-09-15,1.739,1.739,연%,1.739,연%,817Y002,010200000,국고채(3년),연%,817Y002,Korean 3-year Treasury yield (annual percent),2017-09-15T16:00:00+09:00,2017-09-16,KOFIA 16:00 KST source publication; usable from next calendar day; ECOS load time unverified
2017-09-18,1.742,1.742,연%,1.742,연%,817Y002,010200000,국고채(3년),연%,817Y002,Korean 3-year Treasury yield (annual percent),2017-09-18T16:00:00+09:00,2017-09-19,KOFIA 16:00 KST source publication; usable from next calendar day; ECOS load time unverified
2017-09-19,1.779,1.779,연%,1.779,연%,817Y002,010200000,국고채(3년),연%,817Y002,Korean 3-year Treasury yield (annual percent),2017-09-19T16:00:00+09:00,2017-09-20,KOFIA 16:00 KST source publication; usable from next calendar day; ECOS load time unverified
2017-09-20,1.775,1.775,연%,1.775,연%,817Y002,010200000,국고채(3년),연%,817Y002,Korean 3-year Treasury yield (annual percent),2017-09-20T16:00:00+09:00,2017-09-21,KOFIA 16:00 KST source publication; usable from next calendar day; ECOS load time unverified
2017-09-21,1.781,1.781,연%,1.781,연%,817Y002,010200000,국고채(3년),연%,817Y002,Korean 3-year Treasury yield (annual percent),2017-09-21T16:00:00+09:00,2017-09-22,KOFIA 16:00 KST source publication; usable from next calendar day; ECOS load time unverified
2017-09-22,1.775,1.775,연%,1.775,연%,817Y002,010200000,국고채(3년),연%,817Y002,Korean 3-year Treasury yield (annual percent),2017-09-22T16:00:00+09:00,2017-09-23,KOFIA 16:00 KST source publication; usable from next calendar day; ECOS load time unverified
2017-09-25,1.786,1.786,연%,1.786,연%,817Y002,010200000,국고채(3년),연%,817Y002,Korean 3-year Treasury yield (annual percent),2017-09-25T16:00:00+09:00,2017-09-26,KOFIA 16:00 KST source publication; usable from next calendar day; ECOS load time unverified
2017-09-26,1.832,1.832,연%,1.832,연%,817Y002,010200000,국고채(3년),연%,817Y002,Korean 3-year Treasury yield (annual percent),2017-09-26T16:00:00+09:00,2017-09-27,KOFIA 16:00 KST source publication; usable from next calendar day; ECOS load time unverified
2017-09-27,1.887,1.887,연%,1.887,연%,817Y002,010200000,국고채(3년),연%,817Y002,Korean 3-year Treasury yield (annual percent),2017-09-27T16:00:00+09:00,2017-09-28,KOFIA 16:00 KST source publication; usable from next calendar day; ECOS load time unverified
2017-09-28,1.888,1.888,연%,1.888,연%,817Y002,010200000,국고채(3년),연%,817Y002,Korean 3-year Treasury yield (annual percent),2017-09-28T16:00:00+09:00,2017-09-29,KOFIA 16:00 KST source publication; usable from next calendar day; ECOS load time unverified
2017-09-29,1.888,1.888,연%,1.888,연%,817Y002,010200000,국고채(3년),연%,817Y002,Korean 3-year Treasury yield (annual percent),2017-09-29T16:00:00+09:00,2017-09-30,KOFIA 16:00 KST source publication; usable from next calendar day; ECOS load time unverified
2017-10-10,1.938,1.938,연%,1.938,연%,817Y002,010200000,국고채(3년),연%,817Y002,Korean 3-year Treasury yield (annual percent),2017-10-10T16:00:00+09:00,2017-10-11,KOFIA 16:00 KST source publication; usable from next calendar day; ECOS load time unverified
2017-10-11,1.929,1.929,연%,1.929,연%,817Y002,010200000,국고채(3년),연%,817Y002,Korean 3-year Treasury yield (annual percent),2017-10-11T16:00:00+09:00,2017-10-12,KOFIA 16:00 KST source publication; usable from next calendar day; ECOS load time unverified
2017-10-12,1.9,1.9,연%,1.9,연%,817Y002,010200000,국고채(3년),연%,817Y002,Korean 3-year Treasury yield (annual percent),2017-10-12T16:00:00+09:00,2017-10-13,KOFIA 16:00 KST source publication; usable from next calendar day; ECOS load time unverified
2017-10-13,1.916,1.916,연%,1.916,연%,817Y002,010200000,국고채(3년),연%,817Y002,Korean 3-year Treasury yield (annual percent),2017-10-13T16:00:00+09:00,2017-10-14,KOFIA 16:00 KST source publication; usable from next calendar day; ECOS load time unverified
2017-10-16,1.927,1.927,연%,1.927,연%,817Y002,010200000,국고채(3년),연%,817Y002,Korean 3-year Treasury yield (annual percent),2017-10-16T16:00:00+09:00,2017-10-17,KOFIA 16:00 KST source publication; usable from next calendar day; ECOS load time unverified
2017-10-17,1.947,1.947,연%,1.947,연%,817Y002,010200000,국고채(3년),연%,817Y002,Korean 3-year Treasury yield (annual percent),2017-10-17T16:00:00+09:00,2017-10-18,KOFIA 16:00 KST source publication; usable from next calendar day; ECOS load time unverified
2017-10-18,1.935,1.935,연%,1.935,연%,817Y002,010200000,국고채(3년),연%,817Y002,Korean 3-year Treasury yield (annual percent),2017-10-18T16:00:00+09:00,2017-10-19,KOFIA 16:00 KST source publication; usable from next calendar day; ECOS load time unverified
2017-10-19,2.006,2.006,연%,2.006,연%,817Y002,010200000,국고채(3년),연%,817Y002,Korean 3-year Treasury yield (annual percent),2017-10-19T16:00:00+09:00,2017-10-20,KOFIA 16:00 KST source publication; usable from next calendar day; ECOS load time unverified
2017-10-20,2.088,2.088,연%,2.088,연%,817Y002,010200000,국고채(3년),연%,817Y002,Korean 3-year Treasury yield (annual percent),2017-10-20T16:00:00+09:00,2017-10-21,KOFIA 16:00 KST source publication; usable from next calendar day; ECOS load time unverified
2017-10-23,2.032,2.032,연%,2.032,연%,817Y002,010200000,국고채(3년),연%,817Y002,Korean 3-year Treasury yield (annual percent),2017-10-23T16:00:00+09:00,2017-10-24,KOFIA 16:00 KST source publication; usable from next calendar day; ECOS load time unverified
2017-10-24,2.057,2.057,연%,2.057,연%,817Y002,010200000,국고채(3년),연%,817Y002,Korean 3-year Treasury yield (annual percent),2017-10-24T16:00:00+09:00,2017-10-25,KOFIA 16:00 KST source publication; usable from next calendar day; ECOS load time unverified
2017-10-25,2.094,2.094,연%,2.094,연%,817Y002,010200000,국고채(3년),연%,817Y002,Korean 3-year Treasury yield (annual percent),2017-10-25T16:00:00+09:00,2017-10-26,KOFIA 16:00 KST source publication; usable from next calendar day; ECOS load time unverified
2017-10-26,2.182,2.182,연%,2.182,연%,817Y002,010200000,국고채(3년),연%,817Y002,Korean 3-year Treasury yield (annual percent),2017-10-26T16:00:00+09:00,2017-10-27,KOFIA 16:00 KST source publication; usable from next calendar day; ECOS load time unverified
2017-10-27,2.164,2.164,연%,2.164,연%,817Y002,010200000,국고채(3년),연%,817Y002,Korean 3-year Treasury yield (annual percent),2017-10-27T16:00:00+09:00,2017-10-28,KOFIA 16:00 KST source publication; usable from next calendar day; ECOS load time unverified
2017-10-30,2.137,2.137,연%,2.137,연%,817Y002,010200000,국고채(3년),연%,817Y002,Korean 3-year Treasury yield (annual percent),2017-10-30T16:00:00+09:00,2017-10-31,KOFIA 16:00 KST source publication; usable from next calendar day; ECOS load time unverified
2017-10-31,2.164,2.164,연%,2.164,연%,817Y002,010200000,국고채(3년),연%,817Y002,Korean 3-year Treasury yield (annual percent),2017-10-31T16:00:00+09:00,2017-11-01,KOFIA 16:00 KST source publication; usable from next calendar day; ECOS load time unverified
2017-11-01,2.14,2.14,연%,2.14,연%,817Y002,010200000,국고채(3년),연%,817Y002,Korean 3-year Treasury yield (annual percent),2017-11-01T16:00:00+09:00,2017-11-02,KOFIA 16:00 KST source publication; usable from next calendar day; ECOS load time unverified
2017-11-02,2.126,2.126,연%,2.126,연%,817Y002,010200000,국고채(3년),연%,817Y002,Korean 3-year Treasury yield (annual percent),2017-11-02T16:00:00+09:00,2017-11-03,KOFIA 16:00 KST source publication; usable from next calendar day; ECOS load time unverified
2017-11-03,2.133,2.133,연%,2.133,연%,817Y002,010200000,국고채(3년),연%,817Y002,Korean 3-year Treasury yield (annual percent),2017-11-03T16:00:00+09:00,2017-11-04,KOFIA 16:00 KST source publication; usable from next calendar day; ECOS load time unverified
2017-11-06,2.152,2.152,연%,2.152,연%,817Y002,010200000,국고채(3년),연%,817Y002,Korean 3-year Treasury yield (annual percent),2017-11-06T16:00:00+09:00,2017-11-07,KOFIA 16:00 KST source publication; usable from next calendar day; ECOS load time unverified
2017-11-07,2.133,2.133,연%,2.133,연%,817Y002,010200000,국고채(3년),연%,817Y002,Korean 3-year Treasury yield (annual percent),2017-11-07T16:00:00+09:00,2017-11-08,KOFIA 16:00 KST source publication; usable from next calendar day; ECOS load time unverified
2017-11-08,2.151,2.151,연%,2.151,연%,817Y002,010200000,국고채(3년),연%,817Y002,Korean 3-year Treasury yield (annual percent),2017-11-08T16:00:00+09:00,2017-11-09,KOFIA 16:00 KST source publication; usable from next calendar day; ECOS load time unverified
2017-11-09,2.147,2.147,연%,2.147,연%,817Y002,010200000,국고채(3년),연%,817Y002,Korean 3-year Treasury yield (annual percent),2017-11-09T16:00:00+09:00,2017-11-10,KOFIA 16:00 KST source publication; usable from next calendar day; ECOS load time unverified
2017-11-10,2.157,2.157,연%,2.157,연%,817Y002,010200000,국고채(3년),연%,817Y002,Korean 3-year Treasury yield (annual percent),2017-11-10T16:00:00+09:00,2017-11-11,KOFIA 16:00 KST source publication; usable from next calendar day; ECOS load time unverified
2017-11-13,2.18,2.18,연%,2.18,연%,817Y002,010200000,국고채(3년),연%,817Y002,Korean 3-year Treasury yield (annual percent),2017-11-13T16:00:00+09:00,2017-11-14,KOFIA 16:00 KST source publication; usable from next calendar day; ECOS load time unverified
2017-11-14,2.211,2.211,연%,2.211,연%,817Y002,010200000,국고채(3년),연%,817Y002,Korean 3-year Treasury yield (annual percent),2017-11-14T16:00:00+09:00,2017-11-15,KOFIA 16:00 KST source publication; usable from next calendar day; ECOS load time unverified
2017-11-15,2.177,2.177,연%,2.177,연%,817Y002,010200000,국고채(3년),연%,817Y002,Korean 3-year Treasury yield (annual percent),2017-11-15T16:00:00+09:00,2017-11-16,KOFIA 16:00 KST source publication; usable from next calendar day; ECOS load time unverified
2017-11-16,2.171,2.171,연%,2.171,연%,817Y002,010200000,국고채(3년),연%,817Y002,Korean 3-year Treasury yield (annual percent),2017-11-16T16:00:00+09:00,2017-11-17,KOFIA 16:00 KST source publication; usable from next calendar day; ECOS load time unverified
2017-11-17,2.174,2.174,연%,2.174,연%,817Y002,010200000,국고채(3년),연%,817Y002,Korean 3-year Treasury yield (annual percent),2017-11-17T16:00:00+09:00,2017-11-18,KOFIA 16:00 KST source publication; usable from next calendar day; ECOS load time unverified
2017-11-20,2.156,2.156,연%,2.156,연%,817Y002,010200000,국고채(3년),연%,817Y002,Korean 3-year Treasury yield (annual percent),2017-11-20T16:00:00+09:00,2017-11-21,KOFIA 16:00 KST source publication; usable from next calendar day; ECOS load time unverified
2017-11-21,2.156,2.156,연%,2.156,연%,817Y002,010200000,국고채(3년),연%,817Y002,Korean 3-year Treasury yield (annual percent),2017-11-21T16:00:00+09:00,2017-11-22,KOFIA 16:00 KST source publication; usable from next calendar day; ECOS load time unverified
2017-11-22,2.17,2.17,연%,2.17,연%,817Y002,010200000,국고채(3년),연%,817Y002,Korean 3-year Treasury yield (annual percent),2017-11-22T16:00:00+09:00,2017-11-23,KOFIA 16:00 KST source publication; usable from next calendar day; ECOS load time unverified
2017-11-23,2.134,2.134,연%,2.134,연%,817Y002,010200000,국고채(3년),연%,817Y002,Korean 3-year Treasury yield (annual percent),2017-11-23T16:00:00+09:00,2017-11-24,KOFIA 16:00 KST source publication; usable from next calendar day; ECOS load time unverified
2017-11-24,2.169,2.169,연%,2.169,연%,817Y002,010200000,국고채(3년),연%,817Y002,Korean 3-year Treasury yield (annual percent),2017-11-24T16:00:00+09:00,2017-11-25,KOFIA 16:00 KST source publication; usable from next calendar day; ECOS load time unverified
2017-11-27,2.153,2.153,연%,2.153,연%,817Y002,010200000,국고채(3년),연%,817Y002,Korean 3-year Treasury yield (annual percent),2017-11-27T16:00:00+09:00,2017-11-28,KOFIA 16:00 KST source publication; usable from next calendar day; ECOS load time unverified
2017-11-28,2.119,2.119,연%,2.119,연%,817Y002,010200000,국고채(3년),연%,817Y002,Korean 3-year Treasury yield (annual percent),2017-11-28T16:00:00+09:00,2017-11-29,KOFIA 16:00 KST source publication; usable from next calendar day; ECOS load time unverified
2017-11-29,2.112,2.112,연%,2.112,연%,817Y002,010200000,국고채(3년),연%,817Y002,Korean 3-year Treasury yield (annual percent),2017-11-29T16:00:00+09:00,2017-11-30,KOFIA 16:00 KST source publication; usable from next calendar day; ECOS load time unverified
2017-11-30,2.075,2.075,연%,2.075,연%,817Y002,010200000,국고채(3년),연%,817Y002,Korean 3-year Treasury yield (annual percent),2017-11-30T16:00:00+09:00,2017-12-01,KOFIA 16:00 KST source publication; usable from next calendar day; ECOS load time unverified
2017-12-01,2.081,2.081,연%,2.081,연%,817Y002,010200000,국고채(3년),연%,817Y002,Korean 3-year Treasury yield (annual percent),2017-12-01T16:00:00+09:00,2017-12-02,KOFIA 16:00 KST source publication; usable from next calendar day; ECOS load time unverified
2017-12-04,2.083,2.083,연%,2.083,연%,817Y002,010200000,국고채(3년),연%,817Y002,Korean 3-year Treasury yield (annual percent),2017-12-04T16:00:00+09:00,2017-12-05,KOFIA 16:00 KST source publication; usable from next calendar day; ECOS load time unverified
2017-12-05,2.112,2.112,연%,2.112,연%,817Y002,010200000,국고채(3년),연%,817Y002,Korean 3-year Treasury yield (annual percent),2017-12-05T16:00:00+09:00,2017-12-06,KOFIA 16:00 KST source publication; usable from next calendar day; ECOS load time unverified
2017-12-06,2.084,2.084,연%,2.084,연%,817Y002,010200000,국고채(3년),연%,817Y002,Korean 3-year Treasury yield (annual percent),2017-12-06T16:00:00+09:00,2017-12-07,KOFIA 16:00 KST source publication; usable from next calendar day; ECOS load time unverified
2017-12-07,2.094,2.094,연%,2.094,연%,817Y002,010200000,국고채(3년),연%,817Y002,Korean 3-year Treasury yield (annual percent),2017-12-07T16:00:00+09:00,2017-12-08,KOFIA 16:00 KST source publication; usable from next calendar day; ECOS load time unverified
2017-12-08,2.094,2.094,연%,2.094,연%,817Y002,010200000,국고채(3년),연%,817Y002,Korean 3-year Treasury yield (annual percent),2017-12-08T16:00:00+09:00,2017-12-09,KOFIA 16:00 KST source publication; usable from next calendar day; ECOS load time unverified
2017-12-11,2.087,2.087,연%,2.087,연%,817Y002,010200000,국고채(3년),연%,817Y002,Korean 3-year Treasury yield (annual percent),2017-12-11T16:00:00+09:00,2017-12-12,KOFIA 16:00 KST source publication; usable from next calendar day; ECOS load time unverified
2017-12-12,2.077,2.077,연%,2.077,연%,817Y002,010200000,국고채(3년),연%,817Y002,Korean 3-year Treasury yield (annual percent),2017-12-12T16:00:00+09:00,2017-12-13,KOFIA 16:00 KST source publication; usable from next calendar day; ECOS load time unverified
2017-12-13,2.078,2.078,연%,2.078,연%,817Y002,010200000,국고채(3년),연%,817Y002,Korean 3-year Treasury yield (annual percent),2017-12-13T16:00:00+09:00,2017-12-14,KOFIA 16:00 KST source publication; usable from next calendar day; ECOS load time unverified
2017-12-14,2.08,2.08,연%,2.08,연%,817Y002,010200000,국고채(3년),연%,817Y002,Korean 3-year Treasury yield (annual percent),2017-12-14T16:00:00+09:00,2017-12-15,KOFIA 16:00 KST source publication; usable from next calendar day; ECOS load time unverified
2017-12-15,2.078,2.078,연%,2.078,연%,817Y002,010200000,국고채(3년),연%,817Y002,Korean 3-year Treasury yield (annual percent),2017-12-15T16:00:00+09:00,2017-12-16,KOFIA 16:00 KST source publication; usable from next calendar day; ECOS load time unverified
2017-12-18,2.09,2.09,연%,2.09,연%,817Y002,010200000,국고채(3년),연%,817Y002,Korean 3-year Treasury yield (annual percent),2017-12-18T16:00:00+09:00,2017-12-19,KOFIA 16:00 KST source publication; usable from next calendar day; ECOS load time unverified
2017-12-19,2.097,2.097,연%,2.097,연%,817Y002,010200000,국고채(3년),연%,817Y002,Korean 3-year Treasury yield (annual percent),2017-12-19T16:00:00+09:00,2017-12-20,KOFIA 16:00 KST source publication; usable from next calendar day; ECOS load time unverified
2017-12-20,2.087,2.087,연%,2.087,연%,817Y002,010200000,국고채(3년),연%,817Y002,Korean 3-year Treasury yield (annual percent),2017-12-20T16:00:00+09:00,2017-12-21,KOFIA 16:00 KST source publication; usable from next calendar day; ECOS load time unverified
2017-12-21,2.094,2.094,연%,2.094,연%,817Y002,010200000,국고채(3년),연%,817Y002,Korean 3-year Treasury yield (annual percent),2017-12-21T16:00:00+09:00,2017-12-22,KOFIA 16:00 KST source publication; usable from next calendar day; ECOS load time unverified
2017-12-22,2.131,2.131,연%,2.131,연%,817Y002,010200000,국고채(3년),연%,817Y002,Korean 3-year Treasury yield (annual percent),2017-12-22T16:00:00+09:00,2017-12-23,KOFIA 16:00 KST source publication; usable from next calendar day; ECOS load time unverified
2017-12-26,2.129,2.129,연%,2.129,연%,817Y002,010200000,국고채(3년),연%,817Y002,Korean 3-year Treasury yield (annual percent),2017-12-26T16:00:00+09:00,2017-12-27,KOFIA 16:00 KST source publication; usable from next calendar day; ECOS load time unverified
2017-12-27,2.15,2.15,연%,2.15,연%,817Y002,010200000,국고채(3년),연%,817Y002,Korean 3-year Treasury yield (annual percent),2017-12-27T16:00:00+09:00,2017-12-28,KOFIA 16:00 KST source publication; usable from next calendar day; ECOS load time unverified
2017-12-28,2.134,2.134,연%,2.134,연%,817Y002,010200000,국고채(3년),연%,817Y002,Korean 3-year Treasury yield (annual percent),2017-12-28T16:00:00+09:00,2017-12-29,KOFIA 16:00 KST source publication; usable from next calendar day; ECOS load time unverified
2017-12-29,2.135,2.135,연%,2.135,연%,817Y002,010200000,국고채(3년),연%,817Y002,Korean 3-year Treasury yield (annual percent),2017-12-29T16:00:00+09:00,2017-12-30,KOFIA 16:00 KST source publication; usable from next calendar day; ECOS load time unverified
2018-01-02,2.119,2.119,연%,2.119,연%,817Y002,010200000,국고채(3년),연%,817Y002,Korean 3-year Treasury yield (annual percent),2018-01-02T16:00:00+09:00,2018-01-03,KOFIA 16:00 KST source publication; usable from next calendar day; ECOS load time unverified
2018-01-03,2.127,2.127,연%,2.127,연%,817Y002,010200000,국고채(3년),연%,817Y002,Korean 3-year Treasury yield (annual percent),2018-01-03T16:00:00+09:00,2018-01-04,KOFIA 16:00 KST source publication; usable from next calendar day; ECOS load time unverified
2018-01-04,2.142,2.142,연%,2.142,연%,817Y002,010200000,국고채(3년),연%,817Y002,Korean 3-year Treasury yield (annual percent),2018-01-04T16:00:00+09:00,2018-01-05,KOFIA 16:00 KST source publication; usable from next calendar day; ECOS load time unverified
2018-01-05,2.099,2.099,연%,2.099,연%,817Y002,010200000,국고채(3년),연%,817Y002,Korean 3-year Treasury yield (annual percent),2018-01-05T16:00:00+09:00,2018-01-06,KOFIA 16:00 KST source publication; usable from next calendar day; ECOS load time unverified
2018-01-08,2.135,2.135,연%,2.135,연%,817Y002,010200000,국고채(3년),연%,817Y002,Korean 3-year Treasury yield (annual percent),2018-01-08T16:00:00+09:00,2018-01-09,KOFIA 16:00 KST source publication; usable from next calendar day; ECOS load time unverified
2018-01-09,2.149,2.149,연%,2.149,연%,817Y002,010200000,국고채(3년),연%,817Y002,Korean 3-year Treasury yield (annual percent),2018-01-09T16:00:00+09:00,2018-01-10,KOFIA 16:00 KST source publication; usable from next calendar day; ECOS load time unverified
2018-01-10,2.172,2.172,연%,2.172,연%,817Y002,010200000,국고채(3년),연%,817Y002,Korean 3-year Treasury yield (annual percent),2018-01-10T16:00:00+09:00,2018-01-11,KOFIA 16:00 KST source publication; usable from next calendar day; ECOS load time unverified
2018-01-11,2.152,2.152,연%,2.152,연%,817Y002,010200000,국고채(3년),연%,817Y002,Korean 3-year Treasury yield (annual percent),2018-01-11T16:00:00+09:00,2018-01-12,KOFIA 16:00 KST source publication; usable from next calendar day; ECOS load time unverified
2018-01-12,2.174,2.174,연%,2.174,연%,817Y002,010200000,국고채(3년),연%,817Y002,Korean 3-year Treasury yield (annual percent),2018-01-12T16:00:00+09:00,2018-01-13,KOFIA 16:00 KST source publication; usable from next calendar day; ECOS load time unverified
2018-01-15,2.223,2.223,연%,2.223,연%,817Y002,010200000,국고채(3년),연%,817Y002,Korean 3-year Treasury yield (annual percent),2018-01-15T16:00:00+09:00,2018-01-16,KOFIA 16:00 KST source publication; usable from next calendar day; ECOS load time unverified
2018-01-16,2.225,2.225,연%,2.225,연%,817Y002,010200000,국고채(3년),연%,817Y002,Korean 3-year Treasury yield (annual percent),2018-01-16T16:00:00+09:00,2018-01-17,KOFIA 16:00 KST source publication; usable from next calendar day; ECOS load time unverified
2018-01-17,2.227,2.227,연%,2.227,연%,817Y002,010200000,국고채(3년),연%,817Y002,Korean 3-year Treasury yield (annual percent),2018-01-17T16:00:00+09:00,2018-01-18,KOFIA 16:00 KST source publication; usable from next calendar day; ECOS load time unverified
2018-01-18,2.172,2.172,연%,2.172,연%,817Y002,010200000,국고채(3년),연%,817Y002,Korean 3-year Treasury yield (annual percent),2018-01-18T16:00:00+09:00,2018-01-19,KOFIA 16:00 KST source publication; usable from next calendar day; ECOS load time unverified
2018-01-19,2.17,2.17,연%,2.17,연%,817Y002,010200000,국고채(3년),연%,817Y002,Korean 3-year Treasury yield (annual percent),2018-01-19T16:00:00+09:00,2018-01-20,KOFIA 16:00 KST source publication; usable from next calendar day; ECOS load time unverified
2018-01-22,2.203,2.203,연%,2.203,연%,817Y002,010200000,국고채(3년),연%,817Y002,Korean 3-year Treasury yield (annual percent),2018-01-22T16:00:00+09:00,2018-01-23,KOFIA 16:00 KST source publication; usable from next calendar day; ECOS load time unverified
2018-01-23,2.192,2.192,연%,2.192,연%,817Y002,010200000,국고채(3년),연%,817Y002,Korean 3-year Treasury yield (annual percent),2018-01-23T16:00:00+09:00,2018-01-24,KOFIA 16:00 KST source publication; usable from next calendar day; ECOS load time unverified
2018-01-24,2.197,2.197,연%,2.197,연%,817Y002,010200000,국고채(3년),연%,817Y002,Korean 3-year Treasury yield (annual percent),2018-01-24T16:00:00+09:00,2018-01-25,KOFIA 16:00 KST source publication; usable from next calendar day; ECOS load time unverified
2018-01-25,2.215,2.215,연%,2.215,연%,817Y002,010200000,국고채(3년),연%,817Y002,Korean 3-year Treasury yield (annual percent),2018-01-25T16:00:00+09:00,2018-01-26,KOFIA 16:00 KST source publication; usable from next calendar day; ECOS load time unverified
2018-01-26,2.222,2.222,연%,2.222,연%,817Y002,010200000,국고채(3년),연%,817Y002,Korean 3-year Treasury yield (annual percent),2018-01-26T16:00:00+09:00,2018-01-27,KOFIA 16:00 KST source publication; usable from next calendar day; ECOS load time unverified
2018-01-29,2.281,2.281,연%,2.281,연%,817Y002,010200000,국고채(3년),연%,817Y002,Korean 3-year Treasury yield (annual percent),2018-01-29T16:00:00+09:00,2018-01-30,KOFIA 16:00 KST source publication; usable from next calendar day; ECOS load time unverified
2018-01-30,2.304,2.304,연%,2.304,연%,817Y002,010200000,국고채(3년),연%,817Y002,Korean 3-year Treasury yield (annual percent),2018-01-30T16:00:00+09:00,2018-01-31,KOFIA 16:00 KST source publication; usable from next calendar day; ECOS load time unverified
2018-01-31,2.274,2.274,연%,2.274,연%,817Y002,010200000,국고채(3년),연%,817Y002,Korean 3-year Treasury yield (annual percent),2018-01-31T16:00:00+09:00,2018-02-01,KOFIA 16:00 KST source publication; usable from next calendar day; ECOS load time unverified
2018-02-01,2.249,2.249,연%,2.249,연%,817Y002,010200000,국고채(3년),연%,817Y002,Korean 3-year Treasury yield (annual percent),2018-02-01T16:00:00+09:00,2018-02-02,KOFIA 16:00 KST source publication; usable from next calendar day; ECOS load time unverified
2018-02-02,2.25,2.25,연%,2.25,연%,817Y002,010200000,국고채(3년),연%,817Y002,Korean 3-year Treasury yield (annual percent),2018-02-02T16:00:00+09:00,2018-02-03,KOFIA 16:00 KST source publication; usable from next calendar day; ECOS load time unverified
2018-02-05,2.287,2.287,연%,2.287,연%,817Y002,010200000,국고채(3년),연%,817Y002,Korean 3-year Treasury yield (annual percent),2018-02-05T16:00:00+09:00,2018-02-06,KOFIA 16:00 KST source publication; usable from next calendar day; ECOS load time unverified
2018-02-06,2.253,2.253,연%,2.253,연%,817Y002,010200000,국고채(3년),연%,817Y002,Korean 3-year Treasury yield (annual percent),2018-02-06T16:00:00+09:00,2018-02-07,KOFIA 16:00 KST source publication; usable from next calendar day; ECOS load time unverified
2018-02-07,2.248,2.248,연%,2.248,연%,817Y002,010200000,국고채(3년),연%,817Y002,Korean 3-year Treasury yield (annual percent),2018-02-07T16:00:00+09:00,2018-02-08,KOFIA 16:00 KST source publication; usable from next calendar day; ECOS load time unverified
2018-02-08,2.272,2.272,연%,2.272,연%,817Y002,010200000,국고채(3년),연%,817Y002,Korean 3-year Treasury yield (annual percent),2018-02-08T16:00:00+09:00,2018-02-09,KOFIA 16:00 KST source publication; usable from next calendar day; ECOS load time unverified
2018-02-09,2.278,2.278,연%,2.278,연%,817Y002,010200000,국고채(3년),연%,817Y002,Korean 3-year Treasury yield (annual percent),2018-02-09T16:00:00+09:00,2018-02-10,KOFIA 16:00 KST source publication; usable from next calendar day; ECOS load time unverified
2018-02-12,2.302,2.302,연%,2.302,연%,817Y002,010200000,국고채(3년),연%,817Y002,Korean 3-year Treasury yield (annual percent),2018-02-12T16:00:00+09:00,2018-02-13,KOFIA 16:00 KST source publication; usable from next calendar day; ECOS load time unverified
2018-02-13,2.278,2.278,연%,2.278,연%,817Y002,010200000,국고채(3년),연%,817Y002,Korean 3-year Treasury yield (annual percent),2018-02-13T16:00:00+09:00,2018-02-14,KOFIA 16:00 KST source publication; usable from next calendar day; ECOS load time unverified
2018-02-14,2.265,2.265,연%,2.265,연%,817Y002,010200000,국고채(3년),연%,817Y002,Korean 3-year Treasury yield (annual percent),2018-02-14T16:00:00+09:00,2018-02-15,KOFIA 16:00 KST source publication; usable from next calendar day; ECOS load time unverified
2018-02-19,2.302,2.302,연%,2.302,연%,817Y002,010200000,국고채(3년),연%,817Y002,Korean 3-year Treasury yield (annual percent),2018-02-19T16:00:00+09:00,2018-02-20,KOFIA 16:00 KST source publication; usable from next calendar day; ECOS load time unverified
2018-02-20,2.316,2.316,연%,2.316,연%,817Y002,010200000,국고채(3년),연%,817Y002,Korean 3-year Treasury yield (annual percent),2018-02-20T16:00:00+09:00,2018-02-21,KOFIA 16:00 KST source publication; usable from next calendar day; ECOS load time unverified
2018-02-21,2.306,2.306,연%,2.306,연%,817Y002,010200000,국고채(3년),연%,817Y002,Korean 3-year Treasury yield (annual percent),2018-02-21T16:00:00+09:00,2018-02-22,KOFIA 16:00 KST source publication; usable from next calendar day; ECOS load time unverified
2018-02-22,2.303,2.303,연%,2.303,연%,817Y002,010200000,국고채(3년),연%,817Y002,Korean 3-year Treasury yield (annual percent),2018-02-22T16:00:00+09:00,2018-02-23,KOFIA 16:00 KST source publication; usable from next calendar day; ECOS load time unverified
2018-02-23,2.285,2.285,연%,2.285,연%,817Y002,010200000,국고채(3년),연%,817Y002,Korean 3-year Treasury yield (annual percent),2018-02-23T16:00:00+09:00,2018-02-24,KOFIA 16:00 KST source publication; usable from next calendar day; ECOS load time unverified
2018-02-26,2.263,2.263,연%,2.263,연%,817Y002,010200000,국고채(3년),연%,817Y002,Korean 3-year Treasury yield (annual percent),2018-02-26T16:00:00+09:00,2018-02-27,KOFIA 16:00 KST source publication; usable from next calendar day; ECOS load time unverified
2018-02-27,2.258,2.258,연%,2.258,연%,817Y002,010200000,국고채(3년),연%,817Y002,Korean 3-year Treasury yield (annual percent),2018-02-27T16:00:00+09:00,2018-02-28,KOFIA 16:00 KST source publication; usable from next calendar day; ECOS load time unverified
2018-02-28,2.266,2.266,연%,2.266,연%,817Y002,010200000,국고채(3년),연%,817Y002,Korean 3-year Treasury yield (annual percent),2018-02-28T16:00:00+09:00,2018-03-01,KOFIA 16:00 KST source publication; usable from next calendar day; ECOS load time unverified
2018-03-02,2.29,2.29,연%,2.29,연%,817Y002,010200000,국고채(3년),연%,817Y002,Korean 3-year Treasury yield (annual percent),2018-03-02T16:00:00+09:00,2018-03-03,KOFIA 16:00 KST source publication; usable from next calendar day; ECOS load time unverified
2018-03-05,2.311,2.311,연%,2.311,연%,817Y002,010200000,국고채(3년),연%,817Y002,Korean 3-year Treasury yield (annual percent),2018-03-05T16:00:00+09:00,2018-03-06,KOFIA 16:00 KST source publication; usable from next calendar day; ECOS load time unverified
2018-03-06,2.312,2.312,연%,2.312,연%,817Y002,010200000,국고채(3년),연%,817Y002,Korean 3-year Treasury yield (annual percent),2018-03-06T16:00:00+09:00,2018-03-07,KOFIA 16:00 KST source publication; usable from next calendar day; ECOS load time unverified
2018-03-07,2.297,2.297,연%,2.297,연%,817Y002,010200000,국고채(3년),연%,817Y002,Korean 3-year Treasury yield (annual percent),2018-03-07T16:00:00+09:00,2018-03-08,KOFIA 16:00 KST source publication; usable from next calendar day; ECOS load time unverified
2018-03-08,2.286,2.286,연%,2.286,연%,817Y002,010200000,국고채(3년),연%,817Y002,Korean 3-year Treasury yield (annual percent),2018-03-08T16:00:00+09:00,2018-03-09,KOFIA 16:00 KST source publication; usable from next calendar day; ECOS load time unverified
2018-03-09,2.293,2.293,연%,2.293,연%,817Y002,010200000,국고채(3년),연%,817Y002,Korean 3-year Treasury yield (annual percent),2018-03-09T16:00:00+09:00,2018-03-10,KOFIA 16:00 KST source publication; usable from next calendar day; ECOS load time unverified
2018-03-12,2.305,2.305,연%,2.305,연%,817Y002,010200000,국고채(3년),연%,817Y002,Korean 3-year Treasury yield (annual percent),2018-03-12T16:00:00+09:00,2018-03-13,KOFIA 16:00 KST source publication; usable from next calendar day; ECOS load time unverified
2018-03-13,2.301,2.301,연%,2.301,연%,817Y002,010200000,국고채(3년),연%,817Y002,Korean 3-year Treasury yield (annual percent),2018-03-13T16:00:00+09:00,2018-03-14,KOFIA 16:00 KST source publication; usable from next calendar day; ECOS load time unverified
2018-03-14,2.274,2.274,연%,2.274,연%,817Y002,010200000,국고채(3년),연%,817Y002,Korean 3-year Treasury yield (annual percent),2018-03-14T16:00:00+09:00,2018-03-15,KOFIA 16:00 KST source publication; usable from next calendar day; ECOS load time unverified
2018-03-15,2.268,2.268,연%,2.268,연%,817Y002,010200000,국고채(3년),연%,817Y002,Korean 3-year Treasury yield (annual percent),2018-03-15T16:00:00+09:00,2018-03-16,KOFIA 16:00 KST source publication; usable from next calendar day; ECOS load time unverified
2018-03-16,2.276,2.276,연%,2.276,연%,817Y002,010200000,국고채(3년),연%,817Y002,Korean 3-year Treasury yield (annual percent),2018-03-16T16:00:00+09:00,2018-03-17,KOFIA 16:00 KST source publication; usable from next calendar day; ECOS load time unverified
2018-03-19,2.275,2.275,연%,2.275,연%,817Y002,010200000,국고채(3년),연%,817Y002,Korean 3-year Treasury yield (annual percent),2018-03-19T16:00:00+09:00,2018-03-20,KOFIA 16:00 KST source publication; usable from next calendar day; ECOS load time unverified
2018-03-20,2.286,2.286,연%,2.286,연%,817Y002,010200000,국고채(3년),연%,817Y002,Korean 3-year Treasury yield (annual percent),2018-03-20T16:00:00+09:00,2018-03-21,KOFIA 16:00 KST source publication; usable from next calendar day; ECOS load time unverified
2018-03-21,2.291,2.291,연%,2.291,연%,817Y002,010200000,국고채(3년),연%,817Y002,Korean 3-year Treasury yield (annual percent),2018-03-21T16:00:00+09:00,2018-03-22,KOFIA 16:00 KST source publication; usable from next calendar day; ECOS load time unverified
2018-03-22,2.256,2.256,연%,2.256,연%,817Y002,010200000,국고채(3년),연%,817Y002,Korean 3-year Treasury yield (annual percent),2018-03-22T16:00:00+09:00,2018-03-23,KOFIA 16:00 KST source publication; usable from next calendar day; ECOS load time unverified
2018-03-23,2.223,2.223,연%,2.223,연%,817Y002,010200000,국고채(3년),연%,817Y002,Korean 3-year Treasury yield (annual percent),2018-03-23T16:00:00+09:00,2018-03-24,KOFIA 16:00 KST source publication; usable from next calendar day; ECOS load time unverified
2018-03-26,2.244,2.244,연%,2.244,연%,817Y002,010200000,국고채(3년),연%,817Y002,Korean 3-year Treasury yield (annual percent),2018-03-26T16:00:00+09:00,2018-03-27,KOFIA 16:00 KST source publication; usable from next calendar day; ECOS load time unverified
2018-03-27,2.232,2.232,연%,2.232,연%,817Y002,010200000,국고채(3년),연%,817Y002,Korean 3-year Treasury yield (annual percent),2018-03-27T16:00:00+09:00,2018-03-28,KOFIA 16:00 KST source publication; usable from next calendar day; ECOS load time unverified
2018-03-28,2.222,2.222,연%,2.222,연%,817Y002,010200000,국고채(3년),연%,817Y002,Korean 3-year Treasury yield (annual percent),2018-03-28T16:00:00+09:00,2018-03-29,KOFIA 16:00 KST source publication; usable from next calendar day; ECOS load time unverified
2018-03-29,2.227,2.227,연%,2.227,연%,817Y002,010200000,국고채(3년),연%,817Y002,Korean 3-year Treasury yield (annual percent),2018-03-29T16:00:00+09:00,2018-03-30,KOFIA 16:00 KST source publication; usable from next calendar day; ECOS load time unverified
2018-03-30,2.216,2.216,연%,2.216,연%,817Y002,010200000,국고채(3년),연%,817Y002,Korean 3-year Treasury yield (annual percent),2018-03-30T16:00:00+09:00,2018-03-31,KOFIA 16:00 KST source publication; usable from next calendar day; ECOS load time unverified
2018-04-02,2.225,2.225,연%,2.225,연%,817Y002,010200000,국고채(3년),연%,817Y002,Korean 3-year Treasury yield (annual percent),2018-04-02T16:00:00+09:00,2018-04-03,KOFIA 16:00 KST source publication; usable from next calendar day; ECOS load time unverified
2018-04-03,2.193,2.193,연%,2.193,연%,817Y002,010200000,국고채(3년),연%,817Y002,Korean 3-year Treasury yield (annual percent),2018-04-03T16:00:00+09:00,2018-04-04,KOFIA 16:00 KST source publication; usable from next calendar day; ECOS load time unverified
2018-04-04,2.168,2.168,연%,2.168,연%,817Y002,010200000,국고채(3년),연%,817Y002,Korean 3-year Treasury yield (annual percent),2018-04-04T16:00:00+09:00,2018-04-05,KOFIA 16:00 KST source publication; usable from next calendar day; ECOS load time unverified
2018-04-05,2.175,2.175,연%,2.175,연%,817Y002,010200000,국고채(3년),연%,817Y002,Korean 3-year Treasury yield (annual percent),2018-04-05T16:00:00+09:00,2018-04-06,KOFIA 16:00 KST source publication; usable from next calendar day; ECOS load time unverified
2018-04-06,2.156,2.156,연%,2.156,연%,817Y002,010200000,국고채(3년),연%,817Y002,Korean 3-year Treasury yield (annual percent),2018-04-06T16:00:00+09:00,2018-04-07,KOFIA 16:00 KST source publication; usable from next calendar day; ECOS load time unverified
2018-04-09,2.167,2.167,연%,2.167,연%,817Y002,010200000,국고채(3년),연%,817Y002,Korean 3-year Treasury yield (annual percent),2018-04-09T16:00:00+09:00,2018-04-10,KOFIA 16:00 KST source publication; usable from next calendar day; ECOS load time unverified
2018-04-10,2.185,2.185,연%,2.185,연%,817Y002,010200000,국고채(3년),연%,817Y002,Korean 3-year Treasury yield (annual percent),2018-04-10T16:00:00+09:00,2018-04-11,KOFIA 16:00 KST source publication; usable from next calendar day; ECOS load time unverified
2018-04-11,2.165,2.165,연%,2.165,연%,817Y002,010200000,국고채(3년),연%,817Y002,Korean 3-year Treasury yield (annual percent),2018-04-11T16:00:00+09:00,2018-04-12,KOFIA 16:00 KST source publication; usable from next calendar day; ECOS load time unverified
2018-04-12,2.156,2.156,연%,2.156,연%,817Y002,010200000,국고채(3년),연%,817Y002,Korean 3-year Treasury yield (annual percent),2018-04-12T16:00:00+09:00,2018-04-13,KOFIA 16:00 KST source publication; usable from next calendar day; ECOS load time unverified
2018-04-13,2.155,2.155,연%,2.155,연%,817Y002,010200000,국고채(3년),연%,817Y002,Korean 3-year Treasury yield (annual percent),2018-04-13T16:00:00+09:00,2018-04-14,KOFIA 16:00 KST source publication; usable from next calendar day; ECOS load time unverified
2018-04-16,2.169,2.169,연%,2.169,연%,817Y002,010200000,국고채(3년),연%,817Y002,Korean 3-year Treasury yield (annual percent),2018-04-16T16:00:00+09:00,2018-04-17,KOFIA 16:00 KST source publication; usable from next calendar day; ECOS load time unverified
2018-04-17,2.178,2.178,연%,2.178,연%,817Y002,010200000,국고채(3년),연%,817Y002,Korean 3-year Treasury yield (annual percent),2018-04-17T16:00:00+09:00,2018-04-18,KOFIA 16:00 KST source publication; usable from next calendar day; ECOS load time unverified
2018-04-18,2.196,2.196,연%,2.196,연%,817Y002,010200000,국고채(3년),연%,817Y002,Korean 3-year Treasury yield (annual percent),2018-04-18T16:00:00+09:00,2018-04-19,KOFIA 16:00 KST source publication; usable from next calendar day; ECOS load time unverified
2018-04-19,2.195,2.195,연%,2.195,연%,817Y002,010200000,국고채(3년),연%,817Y002,Korean 3-year Treasury yield (annual percent),2018-04-19T16:00:00+09:00,2018-04-20,KOFIA 16:00 KST source publication; usable from next calendar day; ECOS load time unverified
2018-04-20,2.2,2.2,연%,2.2,연%,817Y002,010200000,국고채(3년),연%,817Y002,Korean 3-year Treasury yield (annual percent),2018-04-20T16:00:00+09:00,2018-04-21,KOFIA 16:00 KST source publication; usable from next calendar day; ECOS load time unverified
2018-04-23,2.235,2.235,연%,2.235,연%,817Y002,010200000,국고채(3년),연%,817Y002,Korean 3-year Treasury yield (annual percent),2018-04-23T16:00:00+09:00,2018-04-24,KOFIA 16:00 KST source publication; usable from next calendar day; ECOS load time unverified
2018-04-24,2.227,2.227,연%,2.227,연%,817Y002,010200000,국고채(3년),연%,817Y002,Korean 3-year Treasury yield (annual percent),2018-04-24T16:00:00+09:00,2018-04-25,KOFIA 16:00 KST source publication; usable from next calendar day; ECOS load time unverified
2018-04-25,2.246,2.246,연%,2.246,연%,817Y002,010200000,국고채(3년),연%,817Y002,Korean 3-year Treasury yield (annual percent),2018-04-25T16:00:00+09:00,2018-04-26,KOFIA 16:00 KST source publication; usable from next calendar day; ECOS load time unverified
2018-04-26,2.234,2.234,연%,2.234,연%,817Y002,010200000,국고채(3년),연%,817Y002,Korean 3-year Treasury yield (annual percent),2018-04-26T16:00:00+09:00,2018-04-27,KOFIA 16:00 KST source publication; usable from next calendar day; ECOS load time unverified
2018-04-27,2.201,2.201,연%,2.201,연%,817Y002,010200000,국고채(3년),연%,817Y002,Korean 3-year Treasury yield (annual percent),2018-04-27T16:00:00+09:00,2018-04-28,KOFIA 16:00 KST source publication; usable from next calendar day; ECOS load time unverified
2018-04-30,2.216,2.216,연%,2.216,연%,817Y002,010200000,국고채(3년),연%,817Y002,Korean 3-year Treasury yield (annual percent),2018-04-30T16:00:00+09:00,2018-05-01,KOFIA 16:00 KST source publication; usable from next calendar day; ECOS load time unverified
2018-05-02,2.237,2.237,연%,2.237,연%,817Y002,010200000,국고채(3년),연%,817Y002,Korean 3-year Treasury yield (annual percent),2018-05-02T16:00:00+09:00,2018-05-03,KOFIA 16:00 KST source publication; usable from next calendar day; ECOS load time unverified
2018-05-03,2.246,2.246,연%,2.246,연%,817Y002,010200000,국고채(3년),연%,817Y002,Korean 3-year Treasury yield (annual percent),2018-05-03T16:00:00+09:00,2018-05-04,KOFIA 16:00 KST source publication; usable from next calendar day; ECOS load time unverified
2018-05-04,2.28,2.28,연%,2.28,연%,817Y002,010200000,국고채(3년),연%,817Y002,Korean 3-year Treasury yield (annual percent),2018-05-04T16:00:00+09:00,2018-05-05,KOFIA 16:00 KST source publication; usable from next calendar day; ECOS load time unverified
2018-05-08,2.311,2.311,연%,2.311,연%,817Y002,010200000,국고채(3년),연%,817Y002,Korean 3-year Treasury yield (annual percent),2018-05-08T16:00:00+09:00,2018-05-09,KOFIA 16:00 KST source publication; usable from next calendar day; ECOS load time unverified
2018-05-09,2.309,2.309,연%,2.309,연%,817Y002,010200000,국고채(3년),연%,817Y002,Korean 3-year Treasury yield (annual percent),2018-05-09T16:00:00+09:00,2018-05-10,KOFIA 16:00 KST source publication; usable from next calendar day; ECOS load time unverified
2018-05-10,2.276,2.276,연%,2.276,연%,817Y002,010200000,국고채(3년),연%,817Y002,Korean 3-year Treasury yield (annual percent),2018-05-10T16:00:00+09:00,2018-05-11,KOFIA 16:00 KST source publication; usable from next calendar day; ECOS load time unverified
2018-05-11,2.286,2.286,연%,2.286,연%,817Y002,010200000,국고채(3년),연%,817Y002,Korean 3-year Treasury yield (annual percent),2018-05-11T16:00:00+09:00,2018-05-12,KOFIA 16:00 KST source publication; usable from next calendar day; ECOS load time unverified
2018-05-14,2.309,2.309,연%,2.309,연%,817Y002,010200000,국고채(3년),연%,817Y002,Korean 3-year Treasury yield (annual percent),2018-05-14T16:00:00+09:00,2018-05-15,KOFIA 16:00 KST source publication; usable from next calendar day; ECOS load time unverified
2018-05-15,2.312,2.312,연%,2.312,연%,817Y002,010200000,국고채(3년),연%,817Y002,Korean 3-year Treasury yield (annual percent),2018-05-15T16:00:00+09:00,2018-05-16,KOFIA 16:00 KST source publication; usable from next calendar day; ECOS load time unverified
2018-05-16,2.285,2.285,연%,2.285,연%,817Y002,010200000,국고채(3년),연%,817Y002,Korean 3-year Treasury yield (annual percent),2018-05-16T16:00:00+09:00,2018-05-17,KOFIA 16:00 KST source publication; usable from next calendar day; ECOS load time unverified
2018-05-17,2.262,2.262,연%,2.262,연%,817Y002,010200000,국고채(3년),연%,817Y002,Korean 3-year Treasury yield (annual percent),2018-05-17T16:00:00+09:00,2018-05-18,KOFIA 16:00 KST source publication; usable from next calendar day; ECOS load time unverified
2018-05-18,2.231,2.231,연%,2.231,연%,817Y002,010200000,국고채(3년),연%,817Y002,Korean 3-year Treasury yield (annual percent),2018-05-18T16:00:00+09:00,2018-05-19,KOFIA 16:00 KST source publication; usable from next calendar day; ECOS load time unverified
2018-05-21,2.251,2.251,연%,2.251,연%,817Y002,010200000,국고채(3년),연%,817Y002,Korean 3-year Treasury yield (annual percent),2018-05-21T16:00:00+09:00,2018-05-22,KOFIA 16:00 KST source publication; usable from next calendar day; ECOS load time unverified
2018-05-23,2.235,2.235,연%,2.235,연%,817Y002,010200000,국고채(3년),연%,817Y002,Korean 3-year Treasury yield (annual percent),2018-05-23T16:00:00+09:00,2018-05-24,KOFIA 16:00 KST source publication; usable from next calendar day; ECOS load time unverified
2018-05-24,2.191,2.191,연%,2.191,연%,817Y002,010200000,국고채(3년),연%,817Y002,Korean 3-year Treasury yield (annual percent),2018-05-24T16:00:00+09:00,2018-05-25,KOFIA 16:00 KST source publication; usable from next calendar day; ECOS load time unverified
2018-05-25,2.198,2.198,연%,2.198,연%,817Y002,010200000,국고채(3년),연%,817Y002,Korean 3-year Treasury yield (annual percent),2018-05-25T16:00:00+09:00,2018-05-26,KOFIA 16:00 KST source publication; usable from next calendar day; ECOS load time unverified
2018-05-28,2.208,2.208,연%,2.208,연%,817Y002,010200000,국고채(3년),연%,817Y002,Korean 3-year Treasury yield (annual percent),2018-05-28T16:00:00+09:00,2018-05-29,KOFIA 16:00 KST source publication; usable from next calendar day; ECOS load time unverified
2018-05-29,2.189,2.189,연%,2.189,연%,817Y002,010200000,국고채(3년),연%,817Y002,Korean 3-year Treasury yield (annual percent),2018-05-29T16:00:00+09:00,2018-05-30,KOFIA 16:00 KST source publication; usable from next calendar day; ECOS load time unverified
2018-05-30,2.192,2.192,연%,2.192,연%,817Y002,010200000,국고채(3년),연%,817Y002,Korean 3-year Treasury yield (annual percent),2018-05-30T16:00:00+09:00,2018-05-31,KOFIA 16:00 KST source publication; usable from next calendar day; ECOS load time unverified
2018-05-31,2.195,2.195,연%,2.195,연%,817Y002,010200000,국고채(3년),연%,817Y002,Korean 3-year Treasury yield (annual percent),2018-05-31T16:00:00+09:00,2018-06-01,KOFIA 16:00 KST source publication; usable from next calendar day; ECOS load time unverified
2018-06-01,2.193,2.193,연%,2.193,연%,817Y002,010200000,국고채(3년),연%,817Y002,Korean 3-year Treasury yield (annual percent),2018-06-01T16:00:00+09:00,2018-06-02,KOFIA 16:00 KST source publication; usable from next calendar day; ECOS load time unverified
2018-06-04,2.213,2.213,연%,2.213,연%,817Y002,010200000,국고채(3년),연%,817Y002,Korean 3-year Treasury yield (annual percent),2018-06-04T16:00:00+09:00,2018-06-05,KOFIA 16:00 KST source publication; usable from next calendar day; ECOS load time unverified
2018-06-05,2.201,2.201,연%,2.201,연%,817Y002,010200000,국고채(3년),연%,817Y002,Korean 3-year Treasury yield (annual percent),2018-06-05T16:00:00+09:00,2018-06-06,KOFIA 16:00 KST source publication; usable from next calendar day; ECOS load time unverified
2018-06-07,2.217,2.217,연%,2.217,연%,817Y002,010200000,국고채(3년),연%,817Y002,Korean 3-year Treasury yield (annual percent),2018-06-07T16:00:00+09:00,2018-06-08,KOFIA 16:00 KST source publication; usable from next calendar day; ECOS load time unverified
2018-06-08,2.189,2.189,연%,2.189,연%,817Y002,010200000,국고채(3년),연%,817Y002,Korean 3-year Treasury yield (annual percent),2018-06-08T16:00:00+09:00,2018-06-09,KOFIA 16:00 KST source publication; usable from next calendar day; ECOS load time unverified
2018-06-11,2.223,2.223,연%,2.223,연%,817Y002,010200000,국고채(3년),연%,817Y002,Korean 3-year Treasury yield (annual percent),2018-06-11T16:00:00+09:00,2018-06-12,KOFIA 16:00 KST source publication; usable from next calendar day; ECOS load time unverified
2018-06-12,2.223,2.223,연%,2.223,연%,817Y002,010200000,국고채(3년),연%,817Y002,Korean 3-year Treasury yield (annual percent),2018-06-12T16:00:00+09:00,2018-06-13,KOFIA 16:00 KST source publication; usable from next calendar day; ECOS load time unverified
2018-06-14,2.227,2.227,연%,2.227,연%,817Y002,010200000,국고채(3년),연%,817Y002,Korean 3-year Treasury yield (annual percent),2018-06-14T16:00:00+09:00,2018-06-15,KOFIA 16:00 KST source publication; usable from next calendar day; ECOS load time unverified
2018-06-15,2.186,2.186,연%,2.186,연%,817Y002,010200000,국고채(3년),연%,817Y002,Korean 3-year Treasury yield (annual percent),2018-06-15T16:00:00+09:00,2018-06-16,KOFIA 16:00 KST source publication; usable from next calendar day; ECOS load time unverified
2018-06-18,2.178,2.178,연%,2.178,연%,817Y002,010200000,국고채(3년),연%,817Y002,Korean 3-year Treasury yield (annual percent),2018-06-18T16:00:00+09:00,2018-06-19,KOFIA 16:00 KST source publication; usable from next calendar day; ECOS load time unverified
2018-06-19,2.164,2.164,연%,2.164,연%,817Y002,010200000,국고채(3년),연%,817Y002,Korean 3-year Treasury yield (annual percent),2018-06-19T16:00:00+09:00,2018-06-20,KOFIA 16:00 KST source publication; usable from next calendar day; ECOS load time unverified
2018-06-20,2.163,2.163,연%,2.163,연%,817Y002,010200000,국고채(3년),연%,817Y002,Korean 3-year Treasury yield (annual percent),2018-06-20T16:00:00+09:00,2018-06-21,KOFIA 16:00 KST source publication; usable from next calendar day; ECOS load time unverified
2018-06-21,2.149,2.149,연%,2.149,연%,817Y002,010200000,국고채(3년),연%,817Y002,Korean 3-year Treasury yield (annual percent),2018-06-21T16:00:00+09:00,2018-06-22,KOFIA 16:00 KST source publication; usable from next calendar day; ECOS load time unverified
2018-06-22,2.147,2.147,연%,2.147,연%,817Y002,010200000,국고채(3년),연%,817Y002,Korean 3-year Treasury yield (annual percent),2018-06-22T16:00:00+09:00,2018-06-23,KOFIA 16:00 KST source publication; usable from next calendar day; ECOS load time unverified
2018-06-25,2.143,2.143,연%,2.143,연%,817Y002,010200000,국고채(3년),연%,817Y002,Korean 3-year Treasury yield (annual percent),2018-06-25T16:00:00+09:00,2018-06-26,KOFIA 16:00 KST source publication; usable from next calendar day; ECOS load time unverified
2018-06-26,2.148,2.148,연%,2.148,연%,817Y002,010200000,국고채(3년),연%,817Y002,Korean 3-year Treasury yield (annual percent),2018-06-26T16:00:00+09:00,2018-06-27,KOFIA 16:00 KST source publication; usable from next calendar day; ECOS load time unverified
2018-06-27,2.122,2.122,연%,2.122,연%,817Y002,010200000,국고채(3년),연%,817Y002,Korean 3-year Treasury yield (annual percent),2018-06-27T16:00:00+09:00,2018-06-28,KOFIA 16:00 KST source publication; usable from next calendar day; ECOS load time unverified
2018-06-28,2.115,2.115,연%,2.115,연%,817Y002,010200000,국고채(3년),연%,817Y002,Korean 3-year Treasury yield (annual percent),2018-06-28T16:00:00+09:00,2018-06-29,KOFIA 16:00 KST source publication; usable from next calendar day; ECOS load time unverified
2018-06-29,2.122,2.122,연%,2.122,연%,817Y002,010200000,국고채(3년),연%,817Y002,Korean 3-year Treasury yield (annual percent),2018-06-29T16:00:00+09:00,2018-06-30,KOFIA 16:00 KST source publication; usable from next calendar day; ECOS load time unverified
2018-07-02,2.123,2.123,연%,2.123,연%,817Y002,010200000,국고채(3년),연%,817Y002,Korean 3-year Treasury yield (annual percent),2018-07-02T16:00:00+09:00,2018-07-03,KOFIA 16:00 KST source publication; usable from next calendar day; ECOS load time unverified
2018-07-03,2.138,2.138,연%,2.138,연%,817Y002,010200000,국고채(3년),연%,817Y002,Korean 3-year Treasury yield (annual percent),2018-07-03T16:00:00+09:00,2018-07-04,KOFIA 16:00 KST source publication; usable from next calendar day; ECOS load time unverified
2018-07-04,2.116,2.116,연%,2.116,연%,817Y002,010200000,국고채(3년),연%,817Y002,Korean 3-year Treasury yield (annual percent),2018-07-04T16:00:00+09:00,2018-07-05,KOFIA 16:00 KST source publication; usable from next calendar day; ECOS load time unverified
2018-07-05,2.093,2.093,연%,2.093,연%,817Y002,010200000,국고채(3년),연%,817Y002,Korean 3-year Treasury yield (annual percent),2018-07-05T16:00:00+09:00,2018-07-06,KOFIA 16:00 KST source publication; usable from next calendar day; ECOS load time unverified
2018-07-06,2.101,2.101,연%,2.101,연%,817Y002,010200000,국고채(3년),연%,817Y002,Korean 3-year Treasury yield (annual percent),2018-07-06T16:00:00+09:00,2018-07-07,KOFIA 16:00 KST source publication; usable from next calendar day; ECOS load time unverified
2018-07-09,2.107,2.107,연%,2.107,연%,817Y002,010200000,국고채(3년),연%,817Y002,Korean 3-year Treasury yield (annual percent),2018-07-09T16:00:00+09:00,2018-07-10,KOFIA 16:00 KST source publication; usable from next calendar day; ECOS load time unverified
2018-07-10,2.095,2.095,연%,2.095,연%,817Y002,010200000,국고채(3년),연%,817Y002,Korean 3-year Treasury yield (annual percent),2018-07-10T16:00:00+09:00,2018-07-11,KOFIA 16:00 KST source publication; usable from next calendar day; ECOS load time unverified
2018-07-11,2.054,2.054,연%,2.054,연%,817Y002,010200000,국고채(3년),연%,817Y002,Korean 3-year Treasury yield (annual percent),2018-07-11T16:00:00+09:00,2018-07-12,KOFIA 16:00 KST source publication; usable from next calendar day; ECOS load time unverified
2018-07-12,2.09,2.09,연%,2.09,연%,817Y002,010200000,국고채(3년),연%,817Y002,Korean 3-year Treasury yield (annual percent),2018-07-12T16:00:00+09:00,2018-07-13,KOFIA 16:00 KST source publication; usable from next calendar day; ECOS load time unverified
2018-07-13,2.105,2.105,연%,2.105,연%,817Y002,010200000,국고채(3년),연%,817Y002,Korean 3-year Treasury yield (annual percent),2018-07-13T16:00:00+09:00,2018-07-14,KOFIA 16:00 KST source publication; usable from next calendar day; ECOS load time unverified
2018-07-16,2.088,2.088,연%,2.088,연%,817Y002,010200000,국고채(3년),연%,817Y002,Korean 3-year Treasury yield (annual percent),2018-07-16T16:00:00+09:00,2018-07-17,KOFIA 16:00 KST source publication; usable from next calendar day; ECOS load time unverified
2018-07-17,2.094,2.094,연%,2.094,연%,817Y002,010200000,국고채(3년),연%,817Y002,Korean 3-year Treasury yield (annual percent),2018-07-17T16:00:00+09:00,2018-07-18,KOFIA 16:00 KST source publication; usable from next calendar day; ECOS load time unverified
2018-07-18,2.087,2.087,연%,2.087,연%,817Y002,010200000,국고채(3년),연%,817Y002,Korean 3-year Treasury yield (annual percent),2018-07-18T16:00:00+09:00,2018-07-19,KOFIA 16:00 KST source publication; usable from next calendar day; ECOS load time unverified
2018-07-19,2.089,2.089,연%,2.089,연%,817Y002,010200000,국고채(3년),연%,817Y002,Korean 3-year Treasury yield (annual percent),2018-07-19T16:00:00+09:00,2018-07-20,KOFIA 16:00 KST source publication; usable from next calendar day; ECOS load time unverified
2018-07-20,2.077,2.077,연%,2.077,연%,817Y002,010200000,국고채(3년),연%,817Y002,Korean 3-year Treasury yield (annual percent),2018-07-20T16:00:00+09:00,2018-07-21,KOFIA 16:00 KST source publication; usable from next calendar day; ECOS load time unverified
2018-07-23,2.077,2.077,연%,2.077,연%,817Y002,010200000,국고채(3년),연%,817Y002,Korean 3-year Treasury yield (annual percent),2018-07-23T16:00:00+09:00,2018-07-24,KOFIA 16:00 KST source publication; usable from next calendar day; ECOS load time unverified
2018-07-24,2.092,2.092,연%,2.092,연%,817Y002,010200000,국고채(3년),연%,817Y002,Korean 3-year Treasury yield (annual percent),2018-07-24T16:00:00+09:00,2018-07-25,KOFIA 16:00 KST source publication; usable from next calendar day; ECOS load time unverified
2018-07-25,2.079,2.079,연%,2.079,연%,817Y002,010200000,국고채(3년),연%,817Y002,Korean 3-year Treasury yield (annual percent),2018-07-25T16:00:00+09:00,2018-07-26,KOFIA 16:00 KST source publication; usable from next calendar day; ECOS load time unverified
2018-07-26,2.071,2.071,연%,2.071,연%,817Y002,010200000,국고채(3년),연%,817Y002,Korean 3-year Treasury yield (annual percent),2018-07-26T16:00:00+09:00,2018-07-27,KOFIA 16:00 KST source publication; usable from next calendar day; ECOS load time unverified
2018-07-27,2.112,2.112,연%,2.112,연%,817Y002,010200000,국고채(3년),연%,817Y002,Korean 3-year Treasury yield (annual percent),2018-07-27T16:00:00+09:00,2018-07-28,KOFIA 16:00 KST source publication; usable from next calendar day; ECOS load time unverified
2018-07-30,2.128,2.128,연%,2.128,연%,817Y002,010200000,국고채(3년),연%,817Y002,Korean 3-year Treasury yield (annual percent),2018-07-30T16:00:00+09:00,2018-07-31,KOFIA 16:00 KST source publication; usable from next calendar day; ECOS load time unverified
2018-07-31,2.123,2.123,연%,2.123,연%,817Y002,010200000,국고채(3년),연%,817Y002,Korean 3-year Treasury yield (annual percent),2018-07-31T16:00:00+09:00,2018-08-01,KOFIA 16:00 KST source publication; usable from next calendar day; ECOS load time unverified
2018-08-01,2.124,2.124,연%,2.124,연%,817Y002,010200000,국고채(3년),연%,817Y002,Korean 3-year Treasury yield (annual percent),2018-08-01T16:00:00+09:00,2018-08-02,KOFIA 16:00 KST source publication; usable from next calendar day; ECOS load time unverified
2018-08-02,2.113,2.113,연%,2.113,연%,817Y002,010200000,국고채(3년),연%,817Y002,Korean 3-year Treasury yield (annual percent),2018-08-02T16:00:00+09:00,2018-08-03,KOFIA 16:00 KST source publication; usable from next calendar day; ECOS load time unverified
2018-08-03,2.108,2.108,연%,2.108,연%,817Y002,010200000,국고채(3년),연%,817Y002,Korean 3-year Treasury yield (annual percent),2018-08-03T16:00:00+09:00,2018-08-04,KOFIA 16:00 KST source publication; usable from next calendar day; ECOS load time unverified
2018-08-06,2.097,2.097,연%,2.097,연%,817Y002,010200000,국고채(3년),연%,817Y002,Korean 3-year Treasury yield (annual percent),2018-08-06T16:00:00+09:00,2018-08-07,KOFIA 16:00 KST source publication; usable from next calendar day; ECOS load time unverified
2018-08-07,2.082,2.082,연%,2.082,연%,817Y002,010200000,국고채(3년),연%,817Y002,Korean 3-year Treasury yield (annual percent),2018-08-07T16:00:00+09:00,2018-08-08,KOFIA 16:00 KST source publication; usable from next calendar day; ECOS load time unverified
2018-08-08,2.07,2.07,연%,2.07,연%,817Y002,010200000,국고채(3년),연%,817Y002,Korean 3-year Treasury yield (annual percent),2018-08-08T16:00:00+09:00,2018-08-09,KOFIA 16:00 KST source publication; usable from next calendar day; ECOS load time unverified
2018-08-09,2.05,2.05,연%,2.05,연%,817Y002,010200000,국고채(3년),연%,817Y002,Korean 3-year Treasury yield (annual percent),2018-08-09T16:00:00+09:00,2018-08-10,KOFIA 16:00 KST source publication; usable from next calendar day; ECOS load time unverified
2018-08-10,2.04,2.04,연%,2.04,연%,817Y002,010200000,국고채(3년),연%,817Y002,Korean 3-year Treasury yield (annual percent),2018-08-10T16:00:00+09:00,2018-08-11,KOFIA 16:00 KST source publication; usable from next calendar day; ECOS load time unverified
2018-08-13,2.051,2.051,연%,2.051,연%,817Y002,010200000,국고채(3년),연%,817Y002,Korean 3-year Treasury yield (annual percent),2018-08-13T16:00:00+09:00,2018-08-14,KOFIA 16:00 KST source publication; usable from next calendar day; ECOS load time unverified
2018-08-14,2.063,2.063,연%,2.063,연%,817Y002,010200000,국고채(3년),연%,817Y002,Korean 3-year Treasury yield (annual percent),2018-08-14T16:00:00+09:00,2018-08-15,KOFIA 16:00 KST source publication; usable from next calendar day; ECOS load time unverified
2018-08-16,2.05,2.05,연%,2.05,연%,817Y002,010200000,국고채(3년),연%,817Y002,Korean 3-year Treasury yield (annual percent),2018-08-16T16:00:00+09:00,2018-08-17,KOFIA 16:00 KST source publication; usable from next calendar day; ECOS load time unverified
2018-08-17,1.997,1.997,연%,1.997,연%,817Y002,010200000,국고채(3년),연%,817Y002,Korean 3-year Treasury yield (annual percent),2018-08-17T16:00:00+09:00,2018-08-18,KOFIA 16:00 KST source publication; usable from next calendar day; ECOS load time unverified
2018-08-20,1.985,1.985,연%,1.985,연%,817Y002,010200000,국고채(3년),연%,817Y002,Korean 3-year Treasury yield (annual percent),2018-08-20T16:00:00+09:00,2018-08-21,KOFIA 16:00 KST source publication; usable from next calendar day; ECOS load time unverified
2018-08-21,1.919,1.919,연%,1.919,연%,817Y002,010200000,국고채(3년),연%,817Y002,Korean 3-year Treasury yield (annual percent),2018-08-21T16:00:00+09:00,2018-08-22,KOFIA 16:00 KST source publication; usable from next calendar day; ECOS load time unverified
2018-08-22,1.962,1.962,연%,1.962,연%,817Y002,010200000,국고채(3년),연%,817Y002,Korean 3-year Treasury yield (annual percent),2018-08-22T16:00:00+09:00,2018-08-23,KOFIA 16:00 KST source publication; usable from next calendar day; ECOS load time unverified
2018-08-23,1.963,1.963,연%,1.963,연%,817Y002,010200000,국고채(3년),연%,817Y002,Korean 3-year Treasury yield (annual percent),2018-08-23T16:00:00+09:00,2018-08-24,KOFIA 16:00 KST source publication; usable from next calendar day; ECOS load time unverified
2018-08-24,1.963,1.963,연%,1.963,연%,817Y002,010200000,국고채(3년),연%,817Y002,Korean 3-year Treasury yield (annual percent),2018-08-24T16:00:00+09:00,2018-08-25,KOFIA 16:00 KST source publication; usable from next calendar day; ECOS load time unverified
2018-08-27,1.963,1.963,연%,1.963,연%,817Y002,010200000,국고채(3년),연%,817Y002,Korean 3-year Treasury yield (annual percent),2018-08-27T16:00:00+09:00,2018-08-28,KOFIA 16:00 KST source publication; usable from next calendar day; ECOS load time unverified
2018-08-28,1.965,1.965,연%,1.965,연%,817Y002,010200000,국고채(3년),연%,817Y002,Korean 3-year Treasury yield (annual percent),2018-08-28T16:00:00+09:00,2018-08-29,KOFIA 16:00 KST source publication; usable from next calendar day; ECOS load time unverified
2018-08-29,1.955,1.955,연%,1.955,연%,817Y002,010200000,국고채(3년),연%,817Y002,Korean 3-year Treasury yield (annual percent),2018-08-29T16:00:00+09:00,2018-08-30,KOFIA 16:00 KST source publication; usable from next calendar day; ECOS load time unverified
2018-08-30,1.98,1.98,연%,1.98,연%,817Y002,010200000,국고채(3년),연%,817Y002,Korean 3-year Treasury yield (annual percent),2018-08-30T16:00:00+09:00,2018-08-31,KOFIA 16:00 KST source publication; usable from next calendar day; ECOS load time unverified
2018-08-31,1.916,1.916,연%,1.916,연%,817Y002,010200000,국고채(3년),연%,817Y002,Korean 3-year Treasury yield (annual percent),2018-08-31T16:00:00+09:00,2018-09-01,KOFIA 16:00 KST source publication; usable from next calendar day; ECOS load time unverified
2018-09-03,1.922,1.922,연%,1.922,연%,817Y002,010200000,국고채(3년),연%,817Y002,Korean 3-year Treasury yield (annual percent),2018-09-03T16:00:00+09:00,2018-09-04,KOFIA 16:00 KST source publication; usable from next calendar day; ECOS load time unverified
2018-09-04,1.917,1.917,연%,1.917,연%,817Y002,010200000,국고채(3년),연%,817Y002,Korean 3-year Treasury yield (annual percent),2018-09-04T16:00:00+09:00,2018-09-05,KOFIA 16:00 KST source publication; usable from next calendar day; ECOS load time unverified
2018-09-05,1.9,1.9,연%,1.9,연%,817Y002,010200000,국고채(3년),연%,817Y002,Korean 3-year Treasury yield (annual percent),2018-09-05T16:00:00+09:00,2018-09-06,KOFIA 16:00 KST source publication; usable from next calendar day; ECOS load time unverified
2018-09-06,1.912,1.912,연%,1.912,연%,817Y002,010200000,국고채(3년),연%,817Y002,Korean 3-year Treasury yield (annual percent),2018-09-06T16:00:00+09:00,2018-09-07,KOFIA 16:00 KST source publication; usable from next calendar day; ECOS load time unverified
2018-09-07,1.919,1.919,연%,1.919,연%,817Y002,010200000,국고채(3년),연%,817Y002,Korean 3-year Treasury yield (annual percent),2018-09-07T16:00:00+09:00,2018-09-08,KOFIA 16:00 KST source publication; usable from next calendar day; ECOS load time unverified
2018-09-10,1.918,1.918,연%,1.918,연%,817Y002,010200000,국고채(3년),연%,817Y002,Korean 3-year Treasury yield (annual percent),2018-09-10T16:00:00+09:00,2018-09-11,KOFIA 16:00 KST source publication; usable from next calendar day; ECOS load time unverified
2018-09-11,1.923,1.923,연%,1.923,연%,817Y002,010200000,국고채(3년),연%,817Y002,Korean 3-year Treasury yield (annual percent),2018-09-11T16:00:00+09:00,2018-09-12,KOFIA 16:00 KST source publication; usable from next calendar day; ECOS load time unverified
2018-09-12,1.893,1.893,연%,1.893,연%,817Y002,010200000,국고채(3년),연%,817Y002,Korean 3-year Treasury yield (annual percent),2018-09-12T16:00:00+09:00,2018-09-13,KOFIA 16:00 KST source publication; usable from next calendar day; ECOS load time unverified
2018-09-13,1.921,1.921,연%,1.921,연%,817Y002,010200000,국고채(3년),연%,817Y002,Korean 3-year Treasury yield (annual percent),2018-09-13T16:00:00+09:00,2018-09-14,KOFIA 16:00 KST source publication; usable from next calendar day; ECOS load time unverified
2018-09-14,1.96,1.96,연%,1.96,연%,817Y002,010200000,국고채(3년),연%,817Y002,Korean 3-year Treasury yield (annual percent),2018-09-14T16:00:00+09:00,2018-09-15,KOFIA 16:00 KST source publication; usable from next calendar day; ECOS load time unverified
2018-09-17,1.967,1.967,연%,1.967,연%,817Y002,010200000,국고채(3년),연%,817Y002,Korean 3-year Treasury yield (annual percent),2018-09-17T16:00:00+09:00,2018-09-18,KOFIA 16:00 KST source publication; usable from next calendar day; ECOS load time unverified
2018-09-18,1.98,1.98,연%,1.98,연%,817Y002,010200000,국고채(3년),연%,817Y002,Korean 3-year Treasury yield (annual percent),2018-09-18T16:00:00+09:00,2018-09-19,KOFIA 16:00 KST source publication; usable from next calendar day; ECOS load time unverified
2018-09-19,1.996,1.996,연%,1.996,연%,817Y002,010200000,국고채(3년),연%,817Y002,Korean 3-year Treasury yield (annual percent),2018-09-19T16:00:00+09:00,2018-09-20,KOFIA 16:00 KST source publication; usable from next calendar day; ECOS load time unverified
2018-09-20,2.035,2.035,연%,2.035,연%,817Y002,010200000,국고채(3년),연%,817Y002,Korean 3-year Treasury yield (annual percent),2018-09-20T16:00:00+09:00,2018-09-21,KOFIA 16:00 KST source publication; usable from next calendar day; ECOS load time unverified
2018-09-21,2.022,2.022,연%,2.022,연%,817Y002,010200000,국고채(3년),연%,817Y002,Korean 3-year Treasury yield (annual percent),2018-09-21T16:00:00+09:00,2018-09-22,KOFIA 16:00 KST source publication; usable from next calendar day; ECOS load time unverified
2018-09-27,2.006,2.006,연%,2.006,연%,817Y002,010200000,국고채(3년),연%,817Y002,Korean 3-year Treasury yield (annual percent),2018-09-27T16:00:00+09:00,2018-09-28,KOFIA 16:00 KST source publication; usable from next calendar day; ECOS load time unverified
2018-09-28,2.005,2.005,연%,2.005,연%,817Y002,010200000,국고채(3년),연%,817Y002,Korean 3-year Treasury yield (annual percent),2018-09-28T16:00:00+09:00,2018-09-29,KOFIA 16:00 KST source publication; usable from next calendar day; ECOS load time unverified
2018-10-01,2.022,2.022,연%,2.022,연%,817Y002,010200000,국고채(3년),연%,817Y002,Korean 3-year Treasury yield (annual percent),2018-10-01T16:00:00+09:00,2018-10-02,KOFIA 16:00 KST source publication; usable from next calendar day; ECOS load time unverified
2018-10-02,2.015,2.015,연%,2.015,연%,817Y002,010200000,국고채(3년),연%,817Y002,Korean 3-year Treasury yield (annual percent),2018-10-02T16:00:00+09:00,2018-10-03,KOFIA 16:00 KST source publication; usable from next calendar day; ECOS load time unverified
2018-10-04,2.066,2.066,연%,2.066,연%,817Y002,010200000,국고채(3년),연%,817Y002,Korean 3-year Treasury yield (annual percent),2018-10-04T16:00:00+09:00,2018-10-05,KOFIA 16:00 KST source publication; usable from next calendar day; ECOS load time unverified
2018-10-05,2.084,2.084,연%,2.084,연%,817Y002,010200000,국고채(3년),연%,817Y002,Korean 3-year Treasury yield (annual percent),2018-10-05T16:00:00+09:00,2018-10-06,KOFIA 16:00 KST source publication; usable from next calendar day; ECOS load time unverified
2018-10-08,2.091,2.091,연%,2.091,연%,817Y002,010200000,국고채(3년),연%,817Y002,Korean 3-year Treasury yield (annual percent),2018-10-08T16:00:00+09:00,2018-10-09,KOFIA 16:00 KST source publication; usable from next calendar day; ECOS load time unverified
2018-10-10,2.059,2.059,연%,2.059,연%,817Y002,010200000,국고채(3년),연%,817Y002,Korean 3-year Treasury yield (annual percent),2018-10-10T16:00:00+09:00,2018-10-11,KOFIA 16:00 KST source publication; usable from next calendar day; ECOS load time unverified
2018-10-11,2.012,2.012,연%,2.012,연%,817Y002,010200000,국고채(3년),연%,817Y002,Korean 3-year Treasury yield (annual percent),2018-10-11T16:00:00+09:00,2018-10-12,KOFIA 16:00 KST source publication; usable from next calendar day; ECOS load time unverified
2018-10-12,2.05,2.05,연%,2.05,연%,817Y002,010200000,국고채(3년),연%,817Y002,Korean 3-year Treasury yield (annual percent),2018-10-12T16:00:00+09:00,2018-10-13,KOFIA 16:00 KST source publication; usable from next calendar day; ECOS load time unverified
2018-10-15,2.051,2.051,연%,2.051,연%,817Y002,010200000,국고채(3년),연%,817Y002,Korean 3-year Treasury yield (annual percent),2018-10-15T16:00:00+09:00,2018-10-16,KOFIA 16:00 KST source publication; usable from next calendar day; ECOS load time unverified
2018-10-16,2.048,2.048,연%,2.048,연%,817Y002,010200000,국고채(3년),연%,817Y002,Korean 3-year Treasury yield (annual percent),2018-10-16T16:00:00+09:00,2018-10-17,KOFIA 16:00 KST source publication; usable from next calendar day; ECOS load time unverified
2018-10-17,2.023,2.023,연%,2.023,연%,817Y002,010200000,국고채(3년),연%,817Y002,Korean 3-year Treasury yield (annual percent),2018-10-17T16:00:00+09:00,2018-10-18,KOFIA 16:00 KST source publication; usable from next calendar day; ECOS load time unverified
2018-10-18,1.981,1.981,연%,1.981,연%,817Y002,010200000,국고채(3년),연%,817Y002,Korean 3-year Treasury yield (annual percent),2018-10-18T16:00:00+09:00,2018-10-19,KOFIA 16:00 KST source publication; usable from next calendar day; ECOS load time unverified
2018-10-19,1.989,1.989,연%,1.989,연%,817Y002,010200000,국고채(3년),연%,817Y002,Korean 3-year Treasury yield (annual percent),2018-10-19T16:00:00+09:00,2018-10-20,KOFIA 16:00 KST source publication; usable from next calendar day; ECOS load time unverified
2018-10-22,2.009,2.009,연%,2.009,연%,817Y002,010200000,국고채(3년),연%,817Y002,Korean 3-year Treasury yield (annual percent),2018-10-22T16:00:00+09:00,2018-10-23,KOFIA 16:00 KST source publication; usable from next calendar day; ECOS load time unverified
2018-10-23,1.989,1.989,연%,1.989,연%,817Y002,010200000,국고채(3년),연%,817Y002,Korean 3-year Treasury yield (annual percent),2018-10-23T16:00:00+09:00,2018-10-24,KOFIA 16:00 KST source publication; usable from next calendar day; ECOS load time unverified
2018-10-24,2.007,2.007,연%,2.007,연%,817Y002,010200000,국고채(3년),연%,817Y002,Korean 3-year Treasury yield (annual percent),2018-10-24T16:00:00+09:00,2018-10-25,KOFIA 16:00 KST source publication; usable from next calendar day; ECOS load time unverified
2018-10-25,1.982,1.982,연%,1.982,연%,817Y002,010200000,국고채(3년),연%,817Y002,Korean 3-year Treasury yield (annual percent),2018-10-25T16:00:00+09:00,2018-10-26,KOFIA 16:00 KST source publication; usable from next calendar day; ECOS load time unverified
2018-10-26,1.968,1.968,연%,1.968,연%,817Y002,010200000,국고채(3년),연%,817Y002,Korean 3-year Treasury yield (annual percent),2018-10-26T16:00:00+09:00,2018-10-27,KOFIA 16:00 KST source publication; usable from next calendar day; ECOS load time unverified
2018-10-29,1.894,1.894,연%,1.894,연%,817Y002,010200000,국고채(3년),연%,817Y002,Korean 3-year Treasury yield (annual percent),2018-10-29T16:00:00+09:00,2018-10-30,KOFIA 16:00 KST source publication; usable from next calendar day; ECOS load time unverified
2018-10-30,1.931,1.931,연%,1.931,연%,817Y002,010200000,국고채(3년),연%,817Y002,Korean 3-year Treasury yield (annual percent),2018-10-30T16:00:00+09:00,2018-10-31,KOFIA 16:00 KST source publication; usable from next calendar day; ECOS load time unverified
2018-10-31,1.939,1.939,연%,1.939,연%,817Y002,010200000,국고채(3년),연%,817Y002,Korean 3-year Treasury yield (annual percent),2018-10-31T16:00:00+09:00,2018-11-01,KOFIA 16:00 KST source publication; usable from next calendar day; ECOS load time unverified
2018-11-01,1.942,1.942,연%,1.942,연%,817Y002,010200000,국고채(3년),연%,817Y002,Korean 3-year Treasury yield (annual percent),2018-11-01T16:00:00+09:00,2018-11-02,KOFIA 16:00 KST source publication; usable from next calendar day; ECOS load time unverified
2018-11-02,1.982,1.982,연%,1.982,연%,817Y002,010200000,국고채(3년),연%,817Y002,Korean 3-year Treasury yield (annual percent),2018-11-02T16:00:00+09:00,2018-11-03,KOFIA 16:00 KST source publication; usable from next calendar day; ECOS load time unverified
2018-11-05,1.982,1.982,연%,1.982,연%,817Y002,010200000,국고채(3년),연%,817Y002,Korean 3-year Treasury yield (annual percent),2018-11-05T16:00:00+09:00,2018-11-06,KOFIA 16:00 KST source publication; usable from next calendar day; ECOS load time unverified
2018-11-06,1.984,1.984,연%,1.984,연%,817Y002,010200000,국고채(3년),연%,817Y002,Korean 3-year Treasury yield (annual percent),2018-11-06T16:00:00+09:00,2018-11-07,KOFIA 16:00 KST source publication; usable from next calendar day; ECOS load time unverified
2018-11-07,1.964,1.964,연%,1.964,연%,817Y002,010200000,국고채(3년),연%,817Y002,Korean 3-year Treasury yield (annual percent),2018-11-07T16:00:00+09:00,2018-11-08,KOFIA 16:00 KST source publication; usable from next calendar day; ECOS load time unverified
2018-11-08,1.966,1.966,연%,1.966,연%,817Y002,010200000,국고채(3년),연%,817Y002,Korean 3-year Treasury yield (annual percent),2018-11-08T16:00:00+09:00,2018-11-09,KOFIA 16:00 KST source publication; usable from next calendar day; ECOS load time unverified
2018-11-09,1.96,1.96,연%,1.96,연%,817Y002,010200000,국고채(3년),연%,817Y002,Korean 3-year Treasury yield (annual percent),2018-11-09T16:00:00+09:00,2018-11-10,KOFIA 16:00 KST source publication; usable from next calendar day; ECOS load time unverified
2018-11-12,1.945,1.945,연%,1.945,연%,817Y002,010200000,국고채(3년),연%,817Y002,Korean 3-year Treasury yield (annual percent),2018-11-12T16:00:00+09:00,2018-11-13,KOFIA 16:00 KST source publication; usable from next calendar day; ECOS load time unverified
2018-11-13,1.94,1.94,연%,1.94,연%,817Y002,010200000,국고채(3년),연%,817Y002,Korean 3-year Treasury yield (annual percent),2018-11-13T16:00:00+09:00,2018-11-14,KOFIA 16:00 KST source publication; usable from next calendar day; ECOS load time unverified
2018-11-14,1.922,1.922,연%,1.922,연%,817Y002,010200000,국고채(3년),연%,817Y002,Korean 3-year Treasury yield (annual percent),2018-11-14T16:00:00+09:00,2018-11-15,KOFIA 16:00 KST source publication; usable from next calendar day; ECOS load time unverified
2018-11-15,1.943,1.943,연%,1.943,연%,817Y002,010200000,국고채(3년),연%,817Y002,Korean 3-year Treasury yield (annual percent),2018-11-15T16:00:00+09:00,2018-11-16,KOFIA 16:00 KST source publication; usable from next calendar day; ECOS load time unverified
2018-11-16,1.947,1.947,연%,1.947,연%,817Y002,010200000,국고채(3년),연%,817Y002,Korean 3-year Treasury yield (annual percent),2018-11-16T16:00:00+09:00,2018-11-17,KOFIA 16:00 KST source publication; usable from next calendar day; ECOS load time unverified
2018-11-19,1.942,1.942,연%,1.942,연%,817Y002,010200000,국고채(3년),연%,817Y002,Korean 3-year Treasury yield (annual percent),2018-11-19T16:00:00+09:00,2018-11-20,KOFIA 16:00 KST source publication; usable from next calendar day; ECOS load time unverified
2018-11-20,1.94,1.94,연%,1.94,연%,817Y002,010200000,국고채(3년),연%,817Y002,Korean 3-year Treasury yield (annual percent),2018-11-20T16:00:00+09:00,2018-11-21,KOFIA 16:00 KST source publication; usable from next calendar day; ECOS load time unverified
2018-11-21,1.946,1.946,연%,1.946,연%,817Y002,010200000,국고채(3년),연%,817Y002,Korean 3-year Treasury yield (annual percent),2018-11-21T16:00:00+09:00,2018-11-22,KOFIA 16:00 KST source publication; usable from next calendar day; ECOS load time unverified
2018-11-22,1.942,1.942,연%,1.942,연%,817Y002,010200000,국고채(3년),연%,817Y002,Korean 3-year Treasury yield (annual percent),2018-11-22T16:00:00+09:00,2018-11-23,KOFIA 16:00 KST source publication; usable from next calendar day; ECOS load time unverified
2018-11-23,1.914,1.914,연%,1.914,연%,817Y002,010200000,국고채(3년),연%,817Y002,Korean 3-year Treasury yield (annual percent),2018-11-23T16:00:00+09:00,2018-11-24,KOFIA 16:00 KST source publication; usable from next calendar day; ECOS load time unverified
2018-11-26,1.914,1.914,연%,1.914,연%,817Y002,010200000,국고채(3년),연%,817Y002,Korean 3-year Treasury yield (annual percent),2018-11-26T16:00:00+09:00,2018-11-27,KOFIA 16:00 KST source publication; usable from next calendar day; ECOS load time unverified
2018-11-27,1.908,1.908,연%,1.908,연%,817Y002,010200000,국고채(3년),연%,817Y002,Korean 3-year Treasury yield (annual percent),2018-11-27T16:00:00+09:00,2018-11-28,KOFIA 16:00 KST source publication; usable from next calendar day; ECOS load time unverified
2018-11-28,1.92,1.92,연%,1.92,연%,817Y002,010200000,국고채(3년),연%,817Y002,Korean 3-year Treasury yield (annual percent),2018-11-28T16:00:00+09:00,2018-11-29,KOFIA 16:00 KST source publication; usable from next calendar day; ECOS load time unverified
2018-11-29,1.889,1.889,연%,1.889,연%,817Y002,010200000,국고채(3년),연%,817Y002,Korean 3-year Treasury yield (annual percent),2018-11-29T16:00:00+09:00,2018-11-30,KOFIA 16:00 KST source publication; usable from next calendar day; ECOS load time unverified
2018-11-30,1.897,1.897,연%,1.897,연%,817Y002,010200000,국고채(3년),연%,817Y002,Korean 3-year Treasury yield (annual percent),2018-11-30T16:00:00+09:00,2018-12-01,KOFIA 16:00 KST source publication; usable from next calendar day; ECOS load time unverified
2018-12-03,1.924,1.924,연%,1.924,연%,817Y002,010200000,국고채(3년),연%,817Y002,Korean 3-year Treasury yield (annual percent),2018-12-03T16:00:00+09:00,2018-12-04,KOFIA 16:00 KST source publication; usable from next calendar day; ECOS load time unverified
2018-12-04,1.914,1.914,연%,1.914,연%,817Y002,010200000,국고채(3년),연%,817Y002,Korean 3-year Treasury yield (annual percent),2018-12-04T16:00:00+09:00,2018-12-05,KOFIA 16:00 KST source publication; usable from next calendar day; ECOS load time unverified
2018-12-05,1.901,1.901,연%,1.901,연%,817Y002,010200000,국고채(3년),연%,817Y002,Korean 3-year Treasury yield (annual percent),2018-12-05T16:00:00+09:00,2018-12-06,KOFIA 16:00 KST source publication; usable from next calendar day; ECOS load time unverified
2018-12-06,1.839,1.839,연%,1.839,연%,817Y002,010200000,국고채(3년),연%,817Y002,Korean 3-year Treasury yield (annual percent),2018-12-06T16:00:00+09:00,2018-12-07,KOFIA 16:00 KST source publication; usable from next calendar day; ECOS load time unverified
2018-12-07,1.834,1.834,연%,1.834,연%,817Y002,010200000,국고채(3년),연%,817Y002,Korean 3-year Treasury yield (annual percent),2018-12-07T16:00:00+09:00,2018-12-08,KOFIA 16:00 KST source publication; usable from next calendar day; ECOS load time unverified
2018-12-10,1.803,1.803,연%,1.803,연%,817Y002,010200000,국고채(3년),연%,817Y002,Korean 3-year Treasury yield (annual percent),2018-12-10T16:00:00+09:00,2018-12-11,KOFIA 16:00 KST source publication; usable from next calendar day; ECOS load time unverified
2018-12-11,1.792,1.792,연%,1.792,연%,817Y002,010200000,국고채(3년),연%,817Y002,Korean 3-year Treasury yield (annual percent),2018-12-11T16:00:00+09:00,2018-12-12,KOFIA 16:00 KST source publication; usable from next calendar day; ECOS load time unverified
2018-12-12,1.803,1.803,연%,1.803,연%,817Y002,010200000,국고채(3년),연%,817Y002,Korean 3-year Treasury yield (annual percent),2018-12-12T16:00:00+09:00,2018-12-13,KOFIA 16:00 KST source publication; usable from next calendar day; ECOS load time unverified
2018-12-13,1.795,1.795,연%,1.795,연%,817Y002,010200000,국고채(3년),연%,817Y002,Korean 3-year Treasury yield (annual percent),2018-12-13T16:00:00+09:00,2018-12-14,KOFIA 16:00 KST source publication; usable from next calendar day; ECOS load time unverified
2018-12-14,1.781,1.781,연%,1.781,연%,817Y002,010200000,국고채(3년),연%,817Y002,Korean 3-year Treasury yield (annual percent),2018-12-14T16:00:00+09:00,2018-12-15,KOFIA 16:00 KST source publication; usable from next calendar day; ECOS load time unverified
2018-12-17,1.795,1.795,연%,1.795,연%,817Y002,010200000,국고채(3년),연%,817Y002,Korean 3-year Treasury yield (annual percent),2018-12-17T16:00:00+09:00,2018-12-18,KOFIA 16:00 KST source publication; usable from next calendar day; ECOS load time unverified
2018-12-18,1.795,1.795,연%,1.795,연%,817Y002,010200000,국고채(3년),연%,817Y002,Korean 3-year Treasury yield (annual percent),2018-12-18T16:00:00+09:00,2018-12-19,KOFIA 16:00 KST source publication; usable from next calendar day; ECOS load time unverified
2018-12-19,1.783,1.783,연%,1.783,연%,817Y002,010200000,국고채(3년),연%,817Y002,Korean 3-year Treasury yield (annual percent),2018-12-19T16:00:00+09:00,2018-12-20,KOFIA 16:00 KST source publication; usable from next calendar day; ECOS load time unverified
2018-12-20,1.8,1.8,연%,1.8,연%,817Y002,010200000,국고채(3년),연%,817Y002,Korean 3-year Treasury yield (annual percent),2018-12-20T16:00:00+09:00,2018-12-21,KOFIA 16:00 KST source publication; usable from next calendar day; ECOS load time unverified
2018-12-21,1.838,1.838,연%,1.838,연%,817Y002,010200000,국고채(3년),연%,817Y002,Korean 3-year Treasury yield (annual percent),2018-12-21T16:00:00+09:00,2018-12-22,KOFIA 16:00 KST source publication; usable from next calendar day; ECOS load time unverified
2018-12-24,1.846,1.846,연%,1.846,연%,817Y002,010200000,국고채(3년),연%,817Y002,Korean 3-year Treasury yield (annual percent),2018-12-24T16:00:00+09:00,2018-12-25,KOFIA 16:00 KST source publication; usable from next calendar day; ECOS load time unverified
2018-12-26,1.807,1.807,연%,1.807,연%,817Y002,010200000,국고채(3년),연%,817Y002,Korean 3-year Treasury yield (annual percent),2018-12-26T16:00:00+09:00,2018-12-27,KOFIA 16:00 KST source publication; usable from next calendar day; ECOS load time unverified
2018-12-27,1.81,1.81,연%,1.81,연%,817Y002,010200000,국고채(3년),연%,817Y002,Korean 3-year Treasury yield (annual percent),2018-12-27T16:00:00+09:00,2018-12-28,KOFIA 16:00 KST source publication; usable from next calendar day; ECOS load time unverified
2018-12-28,1.817,1.817,연%,1.817,연%,817Y002,010200000,국고채(3년),연%,817Y002,Korean 3-year Treasury yield (annual percent),2018-12-28T16:00:00+09:00,2018-12-29,KOFIA 16:00 KST source publication; usable from next calendar day; ECOS load time unverified
2018-12-31,1.817,1.817,연%,1.817,연%,817Y002,010200000,국고채(3년),연%,817Y002,Korean 3-year Treasury yield (annual percent),2018-12-31T16:00:00+09:00,2019-01-01,KOFIA 16:00 KST source publication; usable from next calendar day; ECOS load time unverified
2019-01-02,1.802,1.802,연%,1.802,연%,817Y002,010200000,국고채(3년),연%,817Y002,Korean 3-year Treasury yield (annual percent),2019-01-02T16:00:00+09:00,2019-01-03,KOFIA 16:00 KST source publication; usable from next calendar day; ECOS load time unverified
2019-01-03,1.796,1.796,연%,1.796,연%,817Y002,010200000,국고채(3년),연%,817Y002,Korean 3-year Treasury yield (annual percent),2019-01-03T16:00:00+09:00,2019-01-04,KOFIA 16:00 KST source publication; usable from next calendar day; ECOS load time unverified
2019-01-04,1.797,1.797,연%,1.797,연%,817Y002,010200000,국고채(3년),연%,817Y002,Korean 3-year Treasury yield (annual percent),2019-01-04T16:00:00+09:00,2019-01-05,KOFIA 16:00 KST source publication; usable from next calendar day; ECOS load time unverified
2019-01-07,1.807,1.807,연%,1.807,연%,817Y002,010200000,국고채(3년),연%,817Y002,Korean 3-year Treasury yield (annual percent),2019-01-07T16:00:00+09:00,2019-01-08,KOFIA 16:00 KST source publication; usable from next calendar day; ECOS load time unverified
2019-01-08,1.81,1.81,연%,1.81,연%,817Y002,010200000,국고채(3년),연%,817Y002,Korean 3-year Treasury yield (annual percent),2019-01-08T16:00:00+09:00,2019-01-09,KOFIA 16:00 KST source publication; usable from next calendar day; ECOS load time unverified
2019-01-09,1.809,1.809,연%,1.809,연%,817Y002,010200000,국고채(3년),연%,817Y002,Korean 3-year Treasury yield (annual percent),2019-01-09T16:00:00+09:00,2019-01-10,KOFIA 16:00 KST source publication; usable from next calendar day; ECOS load time unverified
2019-01-10,1.796,1.796,연%,1.796,연%,817Y002,010200000,국고채(3년),연%,817Y002,Korean 3-year Treasury yield (annual percent),2019-01-10T16:00:00+09:00,2019-01-11,KOFIA 16:00 KST source publication; usable from next calendar day; ECOS load time unverified
2019-01-11,1.804,1.804,연%,1.804,연%,817Y002,010200000,국고채(3년),연%,817Y002,Korean 3-year Treasury yield (annual percent),2019-01-11T16:00:00+09:00,2019-01-12,KOFIA 16:00 KST source publication; usable from next calendar day; ECOS load time unverified
2019-01-14,1.797,1.797,연%,1.797,연%,817Y002,010200000,국고채(3년),연%,817Y002,Korean 3-year Treasury yield (annual percent),2019-01-14T16:00:00+09:00,2019-01-15,KOFIA 16:00 KST source publication; usable from next calendar day; ECOS load time unverified
2019-01-15,1.797,1.797,연%,1.797,연%,817Y002,010200000,국고채(3년),연%,817Y002,Korean 3-year Treasury yield (annual percent),2019-01-15T16:00:00+09:00,2019-01-16,KOFIA 16:00 KST source publication; usable from next calendar day; ECOS load time unverified
2019-01-16,1.803,1.803,연%,1.803,연%,817Y002,010200000,국고채(3년),연%,817Y002,Korean 3-year Treasury yield (annual percent),2019-01-16T16:00:00+09:00,2019-01-17,KOFIA 16:00 KST source publication; usable from next calendar day; ECOS load time unverified
2019-01-17,1.795,1.795,연%,1.795,연%,817Y002,010200000,국고채(3년),연%,817Y002,Korean 3-year Treasury yield (annual percent),2019-01-17T16:00:00+09:00,2019-01-18,KOFIA 16:00 KST source publication; usable from next calendar day; ECOS load time unverified
2019-01-18,1.814,1.814,연%,1.814,연%,817Y002,010200000,국고채(3년),연%,817Y002,Korean 3-year Treasury yield (annual percent),2019-01-18T16:00:00+09:00,2019-01-19,KOFIA 16:00 KST source publication; usable from next calendar day; ECOS load time unverified
2019-01-21,1.821,1.821,연%,1.821,연%,817Y002,010200000,국고채(3년),연%,817Y002,Korean 3-year Treasury yield (annual percent),2019-01-21T16:00:00+09:00,2019-01-22,KOFIA 16:00 KST source publication; usable from next calendar day; ECOS load time unverified
2019-01-22,1.803,1.803,연%,1.803,연%,817Y002,010200000,국고채(3년),연%,817Y002,Korean 3-year Treasury yield (annual percent),2019-01-22T16:00:00+09:00,2019-01-23,KOFIA 16:00 KST source publication; usable from next calendar day; ECOS load time unverified
2019-01-23,1.803,1.803,연%,1.803,연%,817Y002,010200000,국고채(3년),연%,817Y002,Korean 3-year Treasury yield (annual percent),2019-01-23T16:00:00+09:00,2019-01-24,KOFIA 16:00 KST source publication; usable from next calendar day; ECOS load time unverified
2019-01-24,1.81,1.81,연%,1.81,연%,817Y002,010200000,국고채(3년),연%,817Y002,Korean 3-year Treasury yield (annual percent),2019-01-24T16:00:00+09:00,2019-01-25,KOFIA 16:00 KST source publication; usable from next calendar day; ECOS load time unverified
2019-01-25,1.812,1.812,연%,1.812,연%,817Y002,010200000,국고채(3년),연%,817Y002,Korean 3-year Treasury yield (annual percent),2019-01-25T16:00:00+09:00,2019-01-26,KOFIA 16:00 KST source publication; usable from next calendar day; ECOS load time unverified
2019-01-28,1.82,1.82,연%,1.82,연%,817Y002,010200000,국고채(3년),연%,817Y002,Korean 3-year Treasury yield (annual percent),2019-01-28T16:00:00+09:00,2019-01-29,KOFIA 16:00 KST source publication; usable from next calendar day; ECOS load time unverified
2019-01-29,1.823,1.823,연%,1.823,연%,817Y002,010200000,국고채(3년),연%,817Y002,Korean 3-year Treasury yield (annual percent),2019-01-29T16:00:00+09:00,2019-01-30,KOFIA 16:00 KST source publication; usable from next calendar day; ECOS load time unverified
2019-01-30,1.827,1.827,연%,1.827,연%,817Y002,010200000,국고채(3년),연%,817Y002,Korean 3-year Treasury yield (annual percent),2019-01-30T16:00:00+09:00,2019-01-31,KOFIA 16:00 KST source publication; usable from next calendar day; ECOS load time unverified
2019-01-31,1.809,1.809,연%,1.809,연%,817Y002,010200000,국고채(3년),연%,817Y002,Korean 3-year Treasury yield (annual percent),2019-01-31T16:00:00+09:00,2019-02-01,KOFIA 16:00 KST source publication; usable from next calendar day; ECOS load time unverified
2019-02-01,1.803,1.803,연%,1.803,연%,817Y002,010200000,국고채(3년),연%,817Y002,Korean 3-year Treasury yield (annual percent),2019-02-01T16:00:00+09:00,2019-02-02,KOFIA 16:00 KST source publication; usable from next calendar day; ECOS load time unverified
2019-02-07,1.801,1.801,연%,1.801,연%,817Y002,010200000,국고채(3년),연%,817Y002,Korean 3-year Treasury yield (annual percent),2019-02-07T16:00:00+09:00,2019-02-08,KOFIA 16:00 KST source publication; usable from next calendar day; ECOS load time unverified
2019-02-08,1.786,1.786,연%,1.786,연%,817Y002,010200000,국고채(3년),연%,817Y002,Korean 3-year Treasury yield (annual percent),2019-02-08T16:00:00+09:00,2019-02-09,KOFIA 16:00 KST source publication; usable from next calendar day; ECOS load time unverified
2019-02-11,1.781,1.781,연%,1.781,연%,817Y002,010200000,국고채(3년),연%,817Y002,Korean 3-year Treasury yield (annual percent),2019-02-11T16:00:00+09:00,2019-02-12,KOFIA 16:00 KST source publication; usable from next calendar day; ECOS load time unverified
2019-02-12,1.796,1.796,연%,1.796,연%,817Y002,010200000,국고채(3년),연%,817Y002,Korean 3-year Treasury yield (annual percent),2019-02-12T16:00:00+09:00,2019-02-13,KOFIA 16:00 KST source publication; usable from next calendar day; ECOS load time unverified
2019-02-13,1.801,1.801,연%,1.801,연%,817Y002,010200000,국고채(3년),연%,817Y002,Korean 3-year Treasury yield (annual percent),2019-02-13T16:00:00+09:00,2019-02-14,KOFIA 16:00 KST source publication; usable from next calendar day; ECOS load time unverified
2019-02-14,1.794,1.794,연%,1.794,연%,817Y002,010200000,국고채(3년),연%,817Y002,Korean 3-year Treasury yield (annual percent),2019-02-14T16:00:00+09:00,2019-02-15,KOFIA 16:00 KST source publication; usable from next calendar day; ECOS load time unverified
2019-02-15,1.779,1.779,연%,1.779,연%,817Y002,010200000,국고채(3년),연%,817Y002,Korean 3-year Treasury yield (annual percent),2019-02-15T16:00:00+09:00,2019-02-16,KOFIA 16:00 KST source publication; usable from next calendar day; ECOS load time unverified
2019-02-18,1.804,1.804,연%,1.804,연%,817Y002,010200000,국고채(3년),연%,817Y002,Korean 3-year Treasury yield (annual percent),2019-02-18T16:00:00+09:00,2019-02-19,KOFIA 16:00 KST source publication; usable from next calendar day; ECOS load time unverified
2019-02-19,1.8,1.8,연%,1.8,연%,817Y002,010200000,국고채(3년),연%,817Y002,Korean 3-year Treasury yield (annual percent),2019-02-19T16:00:00+09:00,2019-02-20,KOFIA 16:00 KST source publication; usable from next calendar day; ECOS load time unverified
2019-02-20,1.802,1.802,연%,1.802,연%,817Y002,010200000,국고채(3년),연%,817Y002,Korean 3-year Treasury yield (annual percent),2019-02-20T16:00:00+09:00,2019-02-21,KOFIA 16:00 KST source publication; usable from next calendar day; ECOS load time unverified
2019-02-21,1.811,1.811,연%,1.811,연%,817Y002,010200000,국고채(3년),연%,817Y002,Korean 3-year Treasury yield (annual percent),2019-02-21T16:00:00+09:00,2019-02-22,KOFIA 16:00 KST source publication; usable from next calendar day; ECOS load time unverified
2019-02-22,1.814,1.814,연%,1.814,연%,817Y002,010200000,국고채(3년),연%,817Y002,Korean 3-year Treasury yield (annual percent),2019-02-22T16:00:00+09:00,2019-02-23,KOFIA 16:00 KST source publication; usable from next calendar day; ECOS load time unverified
2019-02-25,1.819,1.819,연%,1.819,연%,817Y002,010200000,국고채(3년),연%,817Y002,Korean 3-year Treasury yield (annual percent),2019-02-25T16:00:00+09:00,2019-02-26,KOFIA 16:00 KST source publication; usable from next calendar day; ECOS load time unverified
2019-02-26,1.816,1.816,연%,1.816,연%,817Y002,010200000,국고채(3년),연%,817Y002,Korean 3-year Treasury yield (annual percent),2019-02-26T16:00:00+09:00,2019-02-27,KOFIA 16:00 KST source publication; usable from next calendar day; ECOS load time unverified
2019-02-27,1.808,1.808,연%,1.808,연%,817Y002,010200000,국고채(3년),연%,817Y002,Korean 3-year Treasury yield (annual percent),2019-02-27T16:00:00+09:00,2019-02-28,KOFIA 16:00 KST source publication; usable from next calendar day; ECOS load time unverified
2019-02-28,1.813,1.813,연%,1.813,연%,817Y002,010200000,국고채(3년),연%,817Y002,Korean 3-year Treasury yield (annual percent),2019-02-28T16:00:00+09:00,2019-03-01,KOFIA 16:00 KST source publication; usable from next calendar day; ECOS load time unverified
2019-03-04,1.834,1.834,연%,1.834,연%,817Y002,010200000,국고채(3년),연%,817Y002,Korean 3-year Treasury yield (annual percent),2019-03-04T16:00:00+09:00,2019-03-05,KOFIA 16:00 KST source publication; usable from next calendar day; ECOS load time unverified
2019-03-05,1.836,1.836,연%,1.836,연%,817Y002,010200000,국고채(3년),연%,817Y002,Korean 3-year Treasury yield (annual percent),2019-03-05T16:00:00+09:00,2019-03-06,KOFIA 16:00 KST source publication; usable from next calendar day; ECOS load time unverified
2019-03-06,1.828,1.828,연%,1.828,연%,817Y002,010200000,국고채(3년),연%,817Y002,Korean 3-year Treasury yield (annual percent),2019-03-06T16:00:00+09:00,2019-03-07,KOFIA 16:00 KST source publication; usable from next calendar day; ECOS load time unverified
2019-03-07,1.817,1.817,연%,1.817,연%,817Y002,010200000,국고채(3년),연%,817Y002,Korean 3-year Treasury yield (annual percent),2019-03-07T16:00:00+09:00,2019-03-08,KOFIA 16:00 KST source publication; usable from next calendar day; ECOS load time unverified
2019-03-08,1.802,1.802,연%,1.802,연%,817Y002,010200000,국고채(3년),연%,817Y002,Korean 3-year Treasury yield (annual percent),2019-03-08T16:00:00+09:00,2019-03-09,KOFIA 16:00 KST source publication; usable from next calendar day; ECOS load time unverified
2019-03-11,1.81,1.81,연%,1.81,연%,817Y002,010200000,국고채(3년),연%,817Y002,Korean 3-year Treasury yield (annual percent),2019-03-11T16:00:00+09:00,2019-03-12,KOFIA 16:00 KST source publication; usable from next calendar day; ECOS load time unverified
2019-03-12,1.81,1.81,연%,1.81,연%,817Y002,010200000,국고채(3년),연%,817Y002,Korean 3-year Treasury yield (annual percent),2019-03-12T16:00:00+09:00,2019-03-13,KOFIA 16:00 KST source publication; usable from next calendar day; ECOS load time unverified
2019-03-13,1.795,1.795,연%,1.795,연%,817Y002,010200000,국고채(3년),연%,817Y002,Korean 3-year Treasury yield (annual percent),2019-03-13T16:00:00+09:00,2019-03-14,KOFIA 16:00 KST source publication; usable from next calendar day; ECOS load time unverified
2019-03-14,1.793,1.793,연%,1.793,연%,817Y002,010200000,국고채(3년),연%,817Y002,Korean 3-year Treasury yield (annual percent),2019-03-14T16:00:00+09:00,2019-03-15,KOFIA 16:00 KST source publication; usable from next calendar day; ECOS load time unverified
2019-03-15,1.803,1.803,연%,1.803,연%,817Y002,010200000,국고채(3년),연%,817Y002,Korean 3-year Treasury yield (annual percent),2019-03-15T16:00:00+09:00,2019-03-16,KOFIA 16:00 KST source publication; usable from next calendar day; ECOS load time unverified
2019-03-18,1.812,1.812,연%,1.812,연%,817Y002,010200000,국고채(3년),연%,817Y002,Korean 3-year Treasury yield (annual percent),2019-03-18T16:00:00+09:00,2019-03-19,KOFIA 16:00 KST source publication; usable from next calendar day; ECOS load time unverified
2019-03-19,1.81,1.81,연%,1.81,연%,817Y002,010200000,국고채(3년),연%,817Y002,Korean 3-year Treasury yield (annual percent),2019-03-19T16:00:00+09:00,2019-03-20,KOFIA 16:00 KST source publication; usable from next calendar day; ECOS load time unverified
2019-03-20,1.813,1.813,연%,1.813,연%,817Y002,010200000,국고채(3년),연%,817Y002,Korean 3-year Treasury yield (annual percent),2019-03-20T16:00:00+09:00,2019-03-21,KOFIA 16:00 KST source publication; usable from next calendar day; ECOS load time unverified
2019-03-21,1.793,1.793,연%,1.793,연%,817Y002,010200000,국고채(3년),연%,817Y002,Korean 3-year Treasury yield (annual percent),2019-03-21T16:00:00+09:00,2019-03-22,KOFIA 16:00 KST source publication; usable from next calendar day; ECOS load time unverified
2019-03-22,1.8,1.8,연%,1.8,연%,817Y002,010200000,국고채(3년),연%,817Y002,Korean 3-year Treasury yield (annual percent),2019-03-22T16:00:00+09:00,2019-03-23,KOFIA 16:00 KST source publication; usable from next calendar day; ECOS load time unverified
2019-03-25,1.77,1.77,연%,1.77,연%,817Y002,010200000,국고채(3년),연%,817Y002,Korean 3-year Treasury yield (annual percent),2019-03-25T16:00:00+09:00,2019-03-26,KOFIA 16:00 KST source publication; usable from next calendar day; ECOS load time unverified
2019-03-26,1.763,1.763,연%,1.763,연%,817Y002,010200000,국고채(3년),연%,817Y002,Korean 3-year Treasury yield (annual percent),2019-03-26T16:00:00+09:00,2019-03-27,KOFIA 16:00 KST source publication; usable from next calendar day; ECOS load time unverified
2019-03-27,1.722,1.722,연%,1.722,연%,817Y002,010200000,국고채(3년),연%,817Y002,Korean 3-year Treasury yield (annual percent),2019-03-27T16:00:00+09:00,2019-03-28,KOFIA 16:00 KST source publication; usable from next calendar day; ECOS load time unverified
2019-03-28,1.679,1.679,연%,1.679,연%,817Y002,010200000,국고채(3년),연%,817Y002,Korean 3-year Treasury yield (annual percent),2019-03-28T16:00:00+09:00,2019-03-29,KOFIA 16:00 KST source publication; usable from next calendar day; ECOS load time unverified
2019-03-29,1.69,1.69,연%,1.69,연%,817Y002,010200000,국고채(3년),연%,817Y002,Korean 3-year Treasury yield (annual percent),2019-03-29T16:00:00+09:00,2019-03-30,KOFIA 16:00 KST source publication; usable from next calendar day; ECOS load time unverified
2019-04-01,1.726,1.726,연%,1.726,연%,817Y002,010200000,국고채(3년),연%,817Y002,Korean 3-year Treasury yield (annual percent),2019-04-01T16:00:00+09:00,2019-04-02,KOFIA 16:00 KST source publication; usable from next calendar day; ECOS load time unverified
2019-04-02,1.706,1.706,연%,1.706,연%,817Y002,010200000,국고채(3년),연%,817Y002,Korean 3-year Treasury yield (annual percent),2019-04-02T16:00:00+09:00,2019-04-03,KOFIA 16:00 KST source publication; usable from next calendar day; ECOS load time unverified
2019-04-03,1.72,1.72,연%,1.72,연%,817Y002,010200000,국고채(3년),연%,817Y002,Korean 3-year Treasury yield (annual percent),2019-04-03T16:00:00+09:00,2019-04-04,KOFIA 16:00 KST source publication; usable from next calendar day; ECOS load time unverified
2019-04-04,1.72,1.72,연%,1.72,연%,817Y002,010200000,국고채(3년),연%,817Y002,Korean 3-year Treasury yield (annual percent),2019-04-04T16:00:00+09:00,2019-04-05,KOFIA 16:00 KST source publication; usable from next calendar day; ECOS load time unverified
2019-04-05,1.735,1.735,연%,1.735,연%,817Y002,010200000,국고채(3년),연%,817Y002,Korean 3-year Treasury yield (annual percent),2019-04-05T16:00:00+09:00,2019-04-06,KOFIA 16:00 KST source publication; usable from next calendar day; ECOS load time unverified
2019-04-08,1.723,1.723,연%,1.723,연%,817Y002,010200000,국고채(3년),연%,817Y002,Korean 3-year Treasury yield (annual percent),2019-04-08T16:00:00+09:00,2019-04-09,KOFIA 16:00 KST source publication; usable from next calendar day; ECOS load time unverified
2019-04-09,1.725,1.725,연%,1.725,연%,817Y002,010200000,국고채(3년),연%,817Y002,Korean 3-year Treasury yield (annual percent),2019-04-09T16:00:00+09:00,2019-04-10,KOFIA 16:00 KST source publication; usable from next calendar day; ECOS load time unverified
2019-04-10,1.731,1.731,연%,1.731,연%,817Y002,010200000,국고채(3년),연%,817Y002,Korean 3-year Treasury yield (annual percent),2019-04-10T16:00:00+09:00,2019-04-11,KOFIA 16:00 KST source publication; usable from next calendar day; ECOS load time unverified
2019-04-11,1.732,1.732,연%,1.732,연%,817Y002,010200000,국고채(3년),연%,817Y002,Korean 3-year Treasury yield (annual percent),2019-04-11T16:00:00+09:00,2019-04-12,KOFIA 16:00 KST source publication; usable from next calendar day; ECOS load time unverified
2019-04-12,1.733,1.733,연%,1.733,연%,817Y002,010200000,국고채(3년),연%,817Y002,Korean 3-year Treasury yield (annual percent),2019-04-12T16:00:00+09:00,2019-04-13,KOFIA 16:00 KST source publication; usable from next calendar day; ECOS load time unverified
2019-04-15,1.761,1.761,연%,1.761,연%,817Y002,010200000,국고채(3년),연%,817Y002,Korean 3-year Treasury yield (annual percent),2019-04-15T16:00:00+09:00,2019-04-16,KOFIA 16:00 KST source publication; usable from next calendar day; ECOS load time unverified
2019-04-16,1.765,1.765,연%,1.765,연%,817Y002,010200000,국고채(3년),연%,817Y002,Korean 3-year Treasury yield (annual percent),2019-04-16T16:00:00+09:00,2019-04-17,KOFIA 16:00 KST source publication; usable from next calendar day; ECOS load time unverified
2019-04-17,1.778,1.778,연%,1.778,연%,817Y002,010200000,국고채(3년),연%,817Y002,Korean 3-year Treasury yield (annual percent),2019-04-17T16:00:00+09:00,2019-04-18,KOFIA 16:00 KST source publication; usable from next calendar day; ECOS load time unverified
2019-04-18,1.741,1.741,연%,1.741,연%,817Y002,010200000,국고채(3년),연%,817Y002,Korean 3-year Treasury yield (annual percent),2019-04-18T16:00:00+09:00,2019-04-19,KOFIA 16:00 KST source publication; usable from next calendar day; ECOS load time unverified
2019-04-19,1.756,1.756,연%,1.756,연%,817Y002,010200000,국고채(3년),연%,817Y002,Korean 3-year Treasury yield (annual percent),2019-04-19T16:00:00+09:00,2019-04-20,KOFIA 16:00 KST source publication; usable from next calendar day; ECOS load time unverified
2019-04-22,1.769,1.769,연%,1.769,연%,817Y002,010200000,국고채(3년),연%,817Y002,Korean 3-year Treasury yield (annual percent),2019-04-22T16:00:00+09:00,2019-04-23,KOFIA 16:00 KST source publication; usable from next calendar day; ECOS load time unverified
2019-04-23,1.768,1.768,연%,1.768,연%,817Y002,010200000,국고채(3년),연%,817Y002,Korean 3-year Treasury yield (annual percent),2019-04-23T16:00:00+09:00,2019-04-24,KOFIA 16:00 KST source publication; usable from next calendar day; ECOS load time unverified
2019-04-24,1.749,1.749,연%,1.749,연%,817Y002,010200000,국고채(3년),연%,817Y002,Korean 3-year Treasury yield (annual percent),2019-04-24T16:00:00+09:00,2019-04-25,KOFIA 16:00 KST source publication; usable from next calendar day; ECOS load time unverified
2019-04-25,1.724,1.724,연%,1.724,연%,817Y002,010200000,국고채(3년),연%,817Y002,Korean 3-year Treasury yield (annual percent),2019-04-25T16:00:00+09:00,2019-04-26,KOFIA 16:00 KST source publication; usable from next calendar day; ECOS load time unverified
2019-04-26,1.72,1.72,연%,1.72,연%,817Y002,010200000,국고채(3년),연%,817Y002,Korean 3-year Treasury yield (annual percent),2019-04-26T16:00:00+09:00,2019-04-27,KOFIA 16:00 KST source publication; usable from next calendar day; ECOS load time unverified
2019-04-29,1.712,1.712,연%,1.712,연%,817Y002,010200000,국고채(3년),연%,817Y002,Korean 3-year Treasury yield (annual percent),2019-04-29T16:00:00+09:00,2019-04-30,KOFIA 16:00 KST source publication; usable from next calendar day; ECOS load time unverified
2019-04-30,1.699,1.699,연%,1.699,연%,817Y002,010200000,국고채(3년),연%,817Y002,Korean 3-year Treasury yield (annual percent),2019-04-30T16:00:00+09:00,2019-05-01,KOFIA 16:00 KST source publication; usable from next calendar day; ECOS load time unverified
2019-05-02,1.732,1.732,연%,1.732,연%,817Y002,010200000,국고채(3년),연%,817Y002,Korean 3-year Treasury yield (annual percent),2019-05-02T16:00:00+09:00,2019-05-03,KOFIA 16:00 KST source publication; usable from next calendar day; ECOS load time unverified
2019-05-03,1.739,1.739,연%,1.739,연%,817Y002,010200000,국고채(3년),연%,817Y002,Korean 3-year Treasury yield (annual percent),2019-05-03T16:00:00+09:00,2019-05-04,KOFIA 16:00 KST source publication; usable from next calendar day; ECOS load time unverified
2019-05-07,1.723,1.723,연%,1.723,연%,817Y002,010200000,국고채(3년),연%,817Y002,Korean 3-year Treasury yield (annual percent),2019-05-07T16:00:00+09:00,2019-05-08,KOFIA 16:00 KST source publication; usable from next calendar day; ECOS load time unverified
2019-05-08,1.717,1.717,연%,1.717,연%,817Y002,010200000,국고채(3년),연%,817Y002,Korean 3-year Treasury yield (annual percent),2019-05-08T16:00:00+09:00,2019-05-09,KOFIA 16:00 KST source publication; usable from next calendar day; ECOS load time unverified
2019-05-09,1.708,1.708,연%,1.708,연%,817Y002,010200000,국고채(3년),연%,817Y002,Korean 3-year Treasury yield (annual percent),2019-05-09T16:00:00+09:00,2019-05-10,KOFIA 16:00 KST source publication; usable from next calendar day; ECOS load time unverified
2019-05-10,1.719,1.719,연%,1.719,연%,817Y002,010200000,국고채(3년),연%,817Y002,Korean 3-year Treasury yield (annual percent),2019-05-10T16:00:00+09:00,2019-05-11,KOFIA 16:00 KST source publication; usable from next calendar day; ECOS load time unverified
2019-05-13,1.721,1.721,연%,1.721,연%,817Y002,010200000,국고채(3년),연%,817Y002,Korean 3-year Treasury yield (annual percent),2019-05-13T16:00:00+09:00,2019-05-14,KOFIA 16:00 KST source publication; usable from next calendar day; ECOS load time unverified
2019-05-14,1.711,1.711,연%,1.711,연%,817Y002,010200000,국고채(3년),연%,817Y002,Korean 3-year Treasury yield (annual percent),2019-05-14T16:00:00+09:00,2019-05-15,KOFIA 16:00 KST source publication; usable from next calendar day; ECOS load time unverified
2019-05-15,1.71,1.71,연%,1.71,연%,817Y002,010200000,국고채(3년),연%,817Y002,Korean 3-year Treasury yield (annual percent),2019-05-15T16:00:00+09:00,2019-05-16,KOFIA 16:00 KST source publication; usable from next calendar day; ECOS load time unverified
2019-05-16,1.675,1.675,연%,1.675,연%,817Y002,010200000,국고채(3년),연%,817Y002,Korean 3-year Treasury yield (annual percent),2019-05-16T16:00:00+09:00,2019-05-17,KOFIA 16:00 KST source publication; usable from next calendar day; ECOS load time unverified
2019-05-17,1.67,1.67,연%,1.67,연%,817Y002,010200000,국고채(3년),연%,817Y002,Korean 3-year Treasury yield (annual percent),2019-05-17T16:00:00+09:00,2019-05-18,KOFIA 16:00 KST source publication; usable from next calendar day; ECOS load time unverified
2019-05-20,1.681,1.681,연%,1.681,연%,817Y002,010200000,국고채(3년),연%,817Y002,Korean 3-year Treasury yield (annual percent),2019-05-20T16:00:00+09:00,2019-05-21,KOFIA 16:00 KST source publication; usable from next calendar day; ECOS load time unverified
2019-05-21,1.663,1.663,연%,1.663,연%,817Y002,010200000,국고채(3년),연%,817Y002,Korean 3-year Treasury yield (annual percent),2019-05-21T16:00:00+09:00,2019-05-22,KOFIA 16:00 KST source publication; usable from next calendar day; ECOS load time unverified
2019-05-22,1.667,1.667,연%,1.667,연%,817Y002,010200000,국고채(3년),연%,817Y002,Korean 3-year Treasury yield (annual percent),2019-05-22T16:00:00+09:00,2019-05-23,KOFIA 16:00 KST source publication; usable from next calendar day; ECOS load time unverified
2019-05-23,1.648,1.648,연%,1.648,연%,817Y002,010200000,국고채(3년),연%,817Y002,Korean 3-year Treasury yield (annual percent),2019-05-23T16:00:00+09:00,2019-05-24,KOFIA 16:00 KST source publication; usable from next calendar day; ECOS load time unverified
2019-05-24,1.643,1.643,연%,1.643,연%,817Y002,010200000,국고채(3년),연%,817Y002,Korean 3-year Treasury yield (annual percent),2019-05-24T16:00:00+09:00,2019-05-25,KOFIA 16:00 KST source publication; usable from next calendar day; ECOS load time unverified
2019-05-27,1.652,1.652,연%,1.652,연%,817Y002,010200000,국고채(3년),연%,817Y002,Korean 3-year Treasury yield (annual percent),2019-05-27T16:00:00+09:00,2019-05-28,KOFIA 16:00 KST source publication; usable from next calendar day; ECOS load time unverified
2019-05-28,1.654,1.654,연%,1.654,연%,817Y002,010200000,국고채(3년),연%,817Y002,Korean 3-year Treasury yield (annual percent),2019-05-28T16:00:00+09:00,2019-05-29,KOFIA 16:00 KST source publication; usable from next calendar day; ECOS load time unverified
2019-05-29,1.619,1.619,연%,1.619,연%,817Y002,010200000,국고채(3년),연%,817Y002,Korean 3-year Treasury yield (annual percent),2019-05-29T16:00:00+09:00,2019-05-30,KOFIA 16:00 KST source publication; usable from next calendar day; ECOS load time unverified
2019-05-30,1.626,1.626,연%,1.626,연%,817Y002,010200000,국고채(3년),연%,817Y002,Korean 3-year Treasury yield (annual percent),2019-05-30T16:00:00+09:00,2019-05-31,KOFIA 16:00 KST source publication; usable from next calendar day; ECOS load time unverified
2019-05-31,1.587,1.587,연%,1.587,연%,817Y002,010200000,국고채(3년),연%,817Y002,Korean 3-year Treasury yield (annual percent),2019-05-31T16:00:00+09:00,2019-06-01,KOFIA 16:00 KST source publication; usable from next calendar day; ECOS load time unverified
2019-06-03,1.575,1.575,연%,1.575,연%,817Y002,010200000,국고채(3년),연%,817Y002,Korean 3-year Treasury yield (annual percent),2019-06-03T16:00:00+09:00,2019-06-04,KOFIA 16:00 KST source publication; usable from next calendar day; ECOS load time unverified
2019-06-04,1.57,1.57,연%,1.57,연%,817Y002,010200000,국고채(3년),연%,817Y002,Korean 3-year Treasury yield (annual percent),2019-06-04T16:00:00+09:00,2019-06-05,KOFIA 16:00 KST source publication; usable from next calendar day; ECOS load time unverified
2019-06-05,1.542,1.542,연%,1.542,연%,817Y002,010200000,국고채(3년),연%,817Y002,Korean 3-year Treasury yield (annual percent),2019-06-05T16:00:00+09:00,2019-06-06,KOFIA 16:00 KST source publication; usable from next calendar day; ECOS load time unverified
2019-06-07,1.537,1.537,연%,1.537,연%,817Y002,010200000,국고채(3년),연%,817Y002,Korean 3-year Treasury yield (annual percent),2019-06-07T16:00:00+09:00,2019-06-08,KOFIA 16:00 KST source publication; usable from next calendar day; ECOS load time unverified
2019-06-10,1.533,1.533,연%,1.533,연%,817Y002,010200000,국고채(3년),연%,817Y002,Korean 3-year Treasury yield (annual percent),2019-06-10T16:00:00+09:00,2019-06-11,KOFIA 16:00 KST source publication; usable from next calendar day; ECOS load time unverified
2019-06-11,1.542,1.542,연%,1.542,연%,817Y002,010200000,국고채(3년),연%,817Y002,Korean 3-year Treasury yield (annual percent),2019-06-11T16:00:00+09:00,2019-06-12,KOFIA 16:00 KST source publication; usable from next calendar day; ECOS load time unverified
2019-06-12,1.469,1.469,연%,1.469,연%,817Y002,010200000,국고채(3년),연%,817Y002,Korean 3-year Treasury yield (annual percent),2019-06-12T16:00:00+09:00,2019-06-13,KOFIA 16:00 KST source publication; usable from next calendar day; ECOS load time unverified
2019-06-13,1.48,1.48,연%,1.48,연%,817Y002,010200000,국고채(3년),연%,817Y002,Korean 3-year Treasury yield (annual percent),2019-06-13T16:00:00+09:00,2019-06-14,KOFIA 16:00 KST source publication; usable from next calendar day; ECOS load time unverified
2019-06-14,1.47,1.47,연%,1.47,연%,817Y002,010200000,국고채(3년),연%,817Y002,Korean 3-year Treasury yield (annual percent),2019-06-14T16:00:00+09:00,2019-06-15,KOFIA 16:00 KST source publication; usable from next calendar day; ECOS load time unverified
2019-06-17,1.491,1.491,연%,1.491,연%,817Y002,010200000,국고채(3년),연%,817Y002,Korean 3-year Treasury yield (annual percent),2019-06-17T16:00:00+09:00,2019-06-18,KOFIA 16:00 KST source publication; usable from next calendar day; ECOS load time unverified
2019-06-18,1.493,1.493,연%,1.493,연%,817Y002,010200000,국고채(3년),연%,817Y002,Korean 3-year Treasury yield (annual percent),2019-06-18T16:00:00+09:00,2019-06-19,KOFIA 16:00 KST source publication; usable from next calendar day; ECOS load time unverified
2019-06-19,1.484,1.484,연%,1.484,연%,817Y002,010200000,국고채(3년),연%,817Y002,Korean 3-year Treasury yield (annual percent),2019-06-19T16:00:00+09:00,2019-06-20,KOFIA 16:00 KST source publication; usable from next calendar day; ECOS load time unverified
2019-06-20,1.42,1.42,연%,1.42,연%,817Y002,010200000,국고채(3년),연%,817Y002,Korean 3-year Treasury yield (annual percent),2019-06-20T16:00:00+09:00,2019-06-21,KOFIA 16:00 KST source publication; usable from next calendar day; ECOS load time unverified
2019-06-21,1.44,1.44,연%,1.44,연%,817Y002,010200000,국고채(3년),연%,817Y002,Korean 3-year Treasury yield (annual percent),2019-06-21T16:00:00+09:00,2019-06-22,KOFIA 16:00 KST source publication; usable from next calendar day; ECOS load time unverified
2019-06-24,1.44,1.44,연%,1.44,연%,817Y002,010200000,국고채(3년),연%,817Y002,Korean 3-year Treasury yield (annual percent),2019-06-24T16:00:00+09:00,2019-06-25,KOFIA 16:00 KST source publication; usable from next calendar day; ECOS load time unverified
2019-06-25,1.478,1.478,연%,1.478,연%,817Y002,010200000,국고채(3년),연%,817Y002,Korean 3-year Treasury yield (annual percent),2019-06-25T16:00:00+09:00,2019-06-26,KOFIA 16:00 KST source publication; usable from next calendar day; ECOS load time unverified
2019-06-26,1.496,1.496,연%,1.496,연%,817Y002,010200000,국고채(3년),연%,817Y002,Korean 3-year Treasury yield (annual percent),2019-06-26T16:00:00+09:00,2019-06-27,KOFIA 16:00 KST source publication; usable from next calendar day; ECOS load time unverified
2019-06-27,1.494,1.494,연%,1.494,연%,817Y002,010200000,국고채(3년),연%,817Y002,Korean 3-year Treasury yield (annual percent),2019-06-27T16:00:00+09:00,2019-06-28,KOFIA 16:00 KST source publication; usable from next calendar day; ECOS load time unverified
2019-06-28,1.472,1.472,연%,1.472,연%,817Y002,010200000,국고채(3년),연%,817Y002,Korean 3-year Treasury yield (annual percent),2019-06-28T16:00:00+09:00,2019-06-29,KOFIA 16:00 KST source publication; usable from next calendar day; ECOS load time unverified
2019-07-01,1.479,1.479,연%,1.479,연%,817Y002,010200000,국고채(3년),연%,817Y002,Korean 3-year Treasury yield (annual percent),2019-07-01T16:00:00+09:00,2019-07-02,KOFIA 16:00 KST source publication; usable from next calendar day; ECOS load time unverified
2019-07-02,1.463,1.463,연%,1.463,연%,817Y002,010200000,국고채(3년),연%,817Y002,Korean 3-year Treasury yield (annual percent),2019-07-02T16:00:00+09:00,2019-07-03,KOFIA 16:00 KST source publication; usable from next calendar day; ECOS load time unverified
2019-07-03,1.429,1.429,연%,1.429,연%,817Y002,010200000,국고채(3년),연%,817Y002,Korean 3-year Treasury yield (annual percent),2019-07-03T16:00:00+09:00,2019-07-04,KOFIA 16:00 KST source publication; usable from next calendar day; ECOS load time unverified
2019-07-04,1.416,1.416,연%,1.416,연%,817Y002,010200000,국고채(3년),연%,817Y002,Korean 3-year Treasury yield (annual percent),2019-07-04T16:00:00+09:00,2019-07-05,KOFIA 16:00 KST source publication; usable from next calendar day; ECOS load time unverified
2019-07-05,1.423,1.423,연%,1.423,연%,817Y002,010200000,국고채(3년),연%,817Y002,Korean 3-year Treasury yield (annual percent),2019-07-05T16:00:00+09:00,2019-07-06,KOFIA 16:00 KST source publication; usable from next calendar day; ECOS load time unverified
2019-07-08,1.422,1.422,연%,1.422,연%,817Y002,010200000,국고채(3년),연%,817Y002,Korean 3-year Treasury yield (annual percent),2019-07-08T16:00:00+09:00,2019-07-09,KOFIA 16:00 KST source publication; usable from next calendar day; ECOS load time unverified
2019-07-09,1.424,1.424,연%,1.424,연%,817Y002,010200000,국고채(3년),연%,817Y002,Korean 3-year Treasury yield (annual percent),2019-07-09T16:00:00+09:00,2019-07-10,KOFIA 16:00 KST source publication; usable from next calendar day; ECOS load time unverified
2019-07-10,1.438,1.438,연%,1.438,연%,817Y002,010200000,국고채(3년),연%,817Y002,Korean 3-year Treasury yield (annual percent),2019-07-10T16:00:00+09:00,2019-07-11,KOFIA 16:00 KST source publication; usable from next calendar day; ECOS load time unverified
2019-07-11,1.419,1.419,연%,1.419,연%,817Y002,010200000,국고채(3년),연%,817Y002,Korean 3-year Treasury yield (annual percent),2019-07-11T16:00:00+09:00,2019-07-12,KOFIA 16:00 KST source publication; usable from next calendar day; ECOS load time unverified
2019-07-12,1.424,1.424,연%,1.424,연%,817Y002,010200000,국고채(3년),연%,817Y002,Korean 3-year Treasury yield (annual percent),2019-07-12T16:00:00+09:00,2019-07-13,KOFIA 16:00 KST source publication; usable from next calendar day; ECOS load time unverified
2019-07-15,1.434,1.434,연%,1.434,연%,817Y002,010200000,국고채(3년),연%,817Y002,Korean 3-year Treasury yield (annual percent),2019-07-15T16:00:00+09:00,2019-07-16,KOFIA 16:00 KST source publication; usable from next calendar day; ECOS load time unverified
2019-07-16,1.431,1.431,연%,1.431,연%,817Y002,010200000,국고채(3년),연%,817Y002,Korean 3-year Treasury yield (annual percent),2019-07-16T16:00:00+09:00,2019-07-17,KOFIA 16:00 KST source publication; usable from next calendar day; ECOS load time unverified
2019-07-17,1.399,1.399,연%,1.399,연%,817Y002,010200000,국고채(3년),연%,817Y002,Korean 3-year Treasury yield (annual percent),2019-07-17T16:00:00+09:00,2019-07-18,KOFIA 16:00 KST source publication; usable from next calendar day; ECOS load time unverified
2019-07-18,1.345,1.345,연%,1.345,연%,817Y002,010200000,국고채(3년),연%,817Y002,Korean 3-year Treasury yield (annual percent),2019-07-18T16:00:00+09:00,2019-07-19,KOFIA 16:00 KST source publication; usable from next calendar day; ECOS load time unverified
2019-07-19,1.327,1.327,연%,1.327,연%,817Y002,010200000,국고채(3년),연%,817Y002,Korean 3-year Treasury yield (annual percent),2019-07-19T16:00:00+09:00,2019-07-20,KOFIA 16:00 KST source publication; usable from next calendar day; ECOS load time unverified
2019-07-22,1.333,1.333,연%,1.333,연%,817Y002,010200000,국고채(3년),연%,817Y002,Korean 3-year Treasury yield (annual percent),2019-07-22T16:00:00+09:00,2019-07-23,KOFIA 16:00 KST source publication; usable from next calendar day; ECOS load time unverified
2019-07-23,1.339,1.339,연%,1.339,연%,817Y002,010200000,국고채(3년),연%,817Y002,Korean 3-year Treasury yield (annual percent),2019-07-23T16:00:00+09:00,2019-07-24,KOFIA 16:00 KST source publication; usable from next calendar day; ECOS load time unverified
2019-07-24,1.321,1.321,연%,1.321,연%,817Y002,010200000,국고채(3년),연%,817Y002,Korean 3-year Treasury yield (annual percent),2019-07-24T16:00:00+09:00,2019-07-25,KOFIA 16:00 KST source publication; usable from next calendar day; ECOS load time unverified
2019-07-25,1.302,1.302,연%,1.302,연%,817Y002,010200000,국고채(3년),연%,817Y002,Korean 3-year Treasury yield (annual percent),2019-07-25T16:00:00+09:00,2019-07-26,KOFIA 16:00 KST source publication; usable from next calendar day; ECOS load time unverified
2019-07-26,1.308,1.308,연%,1.308,연%,817Y002,010200000,국고채(3년),연%,817Y002,Korean 3-year Treasury yield (annual percent),2019-07-26T16:00:00+09:00,2019-07-27,KOFIA 16:00 KST source publication; usable from next calendar day; ECOS load time unverified
2019-07-29,1.306,1.306,연%,1.306,연%,817Y002,010200000,국고채(3년),연%,817Y002,Korean 3-year Treasury yield (annual percent),2019-07-29T16:00:00+09:00,2019-07-30,KOFIA 16:00 KST source publication; usable from next calendar day; ECOS load time unverified
2019-07-30,1.301,1.301,연%,1.301,연%,817Y002,010200000,국고채(3년),연%,817Y002,Korean 3-year Treasury yield (annual percent),2019-07-30T16:00:00+09:00,2019-07-31,KOFIA 16:00 KST source publication; usable from next calendar day; ECOS load time unverified
2019-07-31,1.292,1.292,연%,1.292,연%,817Y002,010200000,국고채(3년),연%,817Y002,Korean 3-year Treasury yield (annual percent),2019-07-31T16:00:00+09:00,2019-08-01,KOFIA 16:00 KST source publication; usable from next calendar day; ECOS load time unverified
2019-08-01,1.309,1.309,연%,1.309,연%,817Y002,010200000,국고채(3년),연%,817Y002,Korean 3-year Treasury yield (annual percent),2019-08-01T16:00:00+09:00,2019-08-02,KOFIA 16:00 KST source publication; usable from next calendar day; ECOS load time unverified
2019-08-02,1.26,1.26,연%,1.26,연%,817Y002,010200000,국고채(3년),연%,817Y002,Korean 3-year Treasury yield (annual percent),2019-08-02T16:00:00+09:00,2019-08-03,KOFIA 16:00 KST source publication; usable from next calendar day; ECOS load time unverified
2019-08-05,1.172,1.172,연%,1.172,연%,817Y002,010200000,국고채(3년),연%,817Y002,Korean 3-year Treasury yield (annual percent),2019-08-05T16:00:00+09:00,2019-08-06,KOFIA 16:00 KST source publication; usable from next calendar day; ECOS load time unverified
2019-08-06,1.163,1.163,연%,1.163,연%,817Y002,010200000,국고채(3년),연%,817Y002,Korean 3-year Treasury yield (annual percent),2019-08-06T16:00:00+09:00,2019-08-07,KOFIA 16:00 KST source publication; usable from next calendar day; ECOS load time unverified
2019-08-07,1.153,1.153,연%,1.153,연%,817Y002,010200000,국고채(3년),연%,817Y002,Korean 3-year Treasury yield (annual percent),2019-08-07T16:00:00+09:00,2019-08-08,KOFIA 16:00 KST source publication; usable from next calendar day; ECOS load time unverified
2019-08-08,1.165,1.165,연%,1.165,연%,817Y002,010200000,국고채(3년),연%,817Y002,Korean 3-year Treasury yield (annual percent),2019-08-08T16:00:00+09:00,2019-08-09,KOFIA 16:00 KST source publication; usable from next calendar day; ECOS load time unverified
2019-08-09,1.186,1.186,연%,1.186,연%,817Y002,010200000,국고채(3년),연%,817Y002,Korean 3-year Treasury yield (annual percent),2019-08-09T16:00:00+09:00,2019-08-10,KOFIA 16:00 KST source publication; usable from next calendar day; ECOS load time unverified
2019-08-12,1.182,1.182,연%,1.182,연%,817Y002,010200000,국고채(3년),연%,817Y002,Korean 3-year Treasury yield (annual percent),2019-08-12T16:00:00+09:00,2019-08-13,KOFIA 16:00 KST source publication; usable from next calendar day; ECOS load time unverified
2019-08-13,1.15,1.15,연%,1.15,연%,817Y002,010200000,국고채(3년),연%,817Y002,Korean 3-year Treasury yield (annual percent),2019-08-13T16:00:00+09:00,2019-08-14,KOFIA 16:00 KST source publication; usable from next calendar day; ECOS load time unverified
2019-08-14,1.149,1.149,연%,1.149,연%,817Y002,010200000,국고채(3년),연%,817Y002,Korean 3-year Treasury yield (annual percent),2019-08-14T16:00:00+09:00,2019-08-15,KOFIA 16:00 KST source publication; usable from next calendar day; ECOS load time unverified
2019-08-16,1.095,1.095,연%,1.095,연%,817Y002,010200000,국고채(3년),연%,817Y002,Korean 3-year Treasury yield (annual percent),2019-08-16T16:00:00+09:00,2019-08-17,KOFIA 16:00 KST source publication; usable from next calendar day; ECOS load time unverified
2019-08-19,1.093,1.093,연%,1.093,연%,817Y002,010200000,국고채(3년),연%,817Y002,Korean 3-year Treasury yield (annual percent),2019-08-19T16:00:00+09:00,2019-08-20,KOFIA 16:00 KST source publication; usable from next calendar day; ECOS load time unverified
2019-08-20,1.101,1.101,연%,1.101,연%,817Y002,010200000,국고채(3년),연%,817Y002,Korean 3-year Treasury yield (annual percent),2019-08-20T16:00:00+09:00,2019-08-21,KOFIA 16:00 KST source publication; usable from next calendar day; ECOS load time unverified
2019-08-21,1.156,1.156,연%,1.156,연%,817Y002,010200000,국고채(3년),연%,817Y002,Korean 3-year Treasury yield (annual percent),2019-08-21T16:00:00+09:00,2019-08-22,KOFIA 16:00 KST source publication; usable from next calendar day; ECOS load time unverified
2019-08-22,1.13,1.13,연%,1.13,연%,817Y002,010200000,국고채(3년),연%,817Y002,Korean 3-year Treasury yield (annual percent),2019-08-22T16:00:00+09:00,2019-08-23,KOFIA 16:00 KST source publication; usable from next calendar day; ECOS load time unverified
2019-08-23,1.169,1.169,연%,1.169,연%,817Y002,010200000,국고채(3년),연%,817Y002,Korean 3-year Treasury yield (annual percent),2019-08-23T16:00:00+09:00,2019-08-24,KOFIA 16:00 KST source publication; usable from next calendar day; ECOS load time unverified
2019-08-26,1.121,1.121,연%,1.121,연%,817Y002,010200000,국고채(3년),연%,817Y002,Korean 3-year Treasury yield (annual percent),2019-08-26T16:00:00+09:00,2019-08-27,KOFIA 16:00 KST source publication; usable from next calendar day; ECOS load time unverified
2019-08-27,1.171,1.171,연%,1.171,연%,817Y002,010200000,국고채(3년),연%,817Y002,Korean 3-year Treasury yield (annual percent),2019-08-27T16:00:00+09:00,2019-08-28,KOFIA 16:00 KST source publication; usable from next calendar day; ECOS load time unverified
2019-08-28,1.18,1.18,연%,1.18,연%,817Y002,010200000,국고채(3년),연%,817Y002,Korean 3-year Treasury yield (annual percent),2019-08-28T16:00:00+09:00,2019-08-29,KOFIA 16:00 KST source publication; usable from next calendar day; ECOS load time unverified
2019-08-29,1.167,1.167,연%,1.167,연%,817Y002,010200000,국고채(3년),연%,817Y002,Korean 3-year Treasury yield (annual percent),2019-08-29T16:00:00+09:00,2019-08-30,KOFIA 16:00 KST source publication; usable from next calendar day; ECOS load time unverified
2019-08-30,1.168,1.168,연%,1.168,연%,817Y002,010200000,국고채(3년),연%,817Y002,Korean 3-year Treasury yield (annual percent),2019-08-30T16:00:00+09:00,2019-08-31,KOFIA 16:00 KST source publication; usable from next calendar day; ECOS load time unverified
2019-09-02,1.233,1.233,연%,1.233,연%,817Y002,010200000,국고채(3년),연%,817Y002,Korean 3-year Treasury yield (annual percent),2019-09-02T16:00:00+09:00,2019-09-03,KOFIA 16:00 KST source publication; usable from next calendar day; ECOS load time unverified
2019-09-03,1.228,1.228,연%,1.228,연%,817Y002,010200000,국고채(3년),연%,817Y002,Korean 3-year Treasury yield (annual percent),2019-09-03T16:00:00+09:00,2019-09-04,KOFIA 16:00 KST source publication; usable from next calendar day; ECOS load time unverified
2019-09-04,1.241,1.241,연%,1.241,연%,817Y002,010200000,국고채(3년),연%,817Y002,Korean 3-year Treasury yield (annual percent),2019-09-04T16:00:00+09:00,2019-09-05,KOFIA 16:00 KST source publication; usable from next calendar day; ECOS load time unverified
2019-09-05,1.259,1.259,연%,1.259,연%,817Y002,010200000,국고채(3년),연%,817Y002,Korean 3-year Treasury yield (annual percent),2019-09-05T16:00:00+09:00,2019-09-06,KOFIA 16:00 KST source publication; usable from next calendar day; ECOS load time unverified
2019-09-06,1.265,1.265,연%,1.265,연%,817Y002,010200000,국고채(3년),연%,817Y002,Korean 3-year Treasury yield (annual percent),2019-09-06T16:00:00+09:00,2019-09-07,KOFIA 16:00 KST source publication; usable from next calendar day; ECOS load time unverified
2019-09-09,1.235,1.235,연%,1.235,연%,817Y002,010200000,국고채(3년),연%,817Y002,Korean 3-year Treasury yield (annual percent),2019-09-09T16:00:00+09:00,2019-09-10,KOFIA 16:00 KST source publication; usable from next calendar day; ECOS load time unverified
2019-09-10,1.242,1.242,연%,1.242,연%,817Y002,010200000,국고채(3년),연%,817Y002,Korean 3-year Treasury yield (annual percent),2019-09-10T16:00:00+09:00,2019-09-11,KOFIA 16:00 KST source publication; usable from next calendar day; ECOS load time unverified
2019-09-11,1.258,1.258,연%,1.258,연%,817Y002,010200000,국고채(3년),연%,817Y002,Korean 3-year Treasury yield (annual percent),2019-09-11T16:00:00+09:00,2019-09-12,KOFIA 16:00 KST source publication; usable from next calendar day; ECOS load time unverified
2019-09-16,1.348,1.348,연%,1.348,연%,817Y002,010200000,국고채(3년),연%,817Y002,Korean 3-year Treasury yield (annual percent),2019-09-16T16:00:00+09:00,2019-09-17,KOFIA 16:00 KST source publication; usable from next calendar day; ECOS load time unverified
2019-09-17,1.315,1.315,연%,1.315,연%,817Y002,010200000,국고채(3년),연%,817Y002,Korean 3-year Treasury yield (annual percent),2019-09-17T16:00:00+09:00,2019-09-18,KOFIA 16:00 KST source publication; usable from next calendar day; ECOS load time unverified
2019-09-18,1.309,1.309,연%,1.309,연%,817Y002,010200000,국고채(3년),연%,817Y002,Korean 3-year Treasury yield (annual percent),2019-09-18T16:00:00+09:00,2019-09-19,KOFIA 16:00 KST source publication; usable from next calendar day; ECOS load time unverified
2019-09-19,1.329,1.329,연%,1.329,연%,817Y002,010200000,국고채(3년),연%,817Y002,Korean 3-year Treasury yield (annual percent),2019-09-19T16:00:00+09:00,2019-09-20,KOFIA 16:00 KST source publication; usable from next calendar day; ECOS load time unverified
2019-09-20,1.332,1.332,연%,1.332,연%,817Y002,010200000,국고채(3년),연%,817Y002,Korean 3-year Treasury yield (annual percent),2019-09-20T16:00:00+09:00,2019-09-21,KOFIA 16:00 KST source publication; usable from next calendar day; ECOS load time unverified
2019-09-23,1.331,1.331,연%,1.331,연%,817Y002,010200000,국고채(3년),연%,817Y002,Korean 3-year Treasury yield (annual percent),2019-09-23T16:00:00+09:00,2019-09-24,KOFIA 16:00 KST source publication; usable from next calendar day; ECOS load time unverified
2019-09-24,1.325,1.325,연%,1.325,연%,817Y002,010200000,국고채(3년),연%,817Y002,Korean 3-year Treasury yield (annual percent),2019-09-24T16:00:00+09:00,2019-09-25,KOFIA 16:00 KST source publication; usable from next calendar day; ECOS load time unverified
2019-09-25,1.304,1.304,연%,1.304,연%,817Y002,010200000,국고채(3년),연%,817Y002,Korean 3-year Treasury yield (annual percent),2019-09-25T16:00:00+09:00,2019-09-26,KOFIA 16:00 KST source publication; usable from next calendar day; ECOS load time unverified
2019-09-26,1.301,1.301,연%,1.301,연%,817Y002,010200000,국고채(3년),연%,817Y002,Korean 3-year Treasury yield (annual percent),2019-09-26T16:00:00+09:00,2019-09-27,KOFIA 16:00 KST source publication; usable from next calendar day; ECOS load time unverified
2019-09-27,1.301,1.301,연%,1.301,연%,817Y002,010200000,국고채(3년),연%,817Y002,Korean 3-year Treasury yield (annual percent),2019-09-27T16:00:00+09:00,2019-09-28,KOFIA 16:00 KST source publication; usable from next calendar day; ECOS load time unverified
2019-09-30,1.297,1.297,연%,1.297,연%,817Y002,010200000,국고채(3년),연%,817Y002,Korean 3-year Treasury yield (annual percent),2019-09-30T16:00:00+09:00,2019-10-01,KOFIA 16:00 KST source publication; usable from next calendar day; ECOS load time unverified
2019-10-01,1.323,1.323,연%,1.323,연%,817Y002,010200000,국고채(3년),연%,817Y002,Korean 3-year Treasury yield (annual percent),2019-10-01T16:00:00+09:00,2019-10-02,KOFIA 16:00 KST source publication; usable from next calendar day; ECOS load time unverified
2019-10-02,1.303,1.303,연%,1.303,연%,817Y002,010200000,국고채(3년),연%,817Y002,Korean 3-year Treasury yield (annual percent),2019-10-02T16:00:00+09:00,2019-10-03,KOFIA 16:00 KST source publication; usable from next calendar day; ECOS load time unverified
2019-10-04,1.21,1.21,연%,1.21,연%,817Y002,010200000,국고채(3년),연%,817Y002,Korean 3-year Treasury yield (annual percent),2019-10-04T16:00:00+09:00,2019-10-05,KOFIA 16:00 KST source publication; usable from next calendar day; ECOS load time unverified
2019-10-07,1.232,1.232,연%,1.232,연%,817Y002,010200000,국고채(3년),연%,817Y002,Korean 3-year Treasury yield (annual percent),2019-10-07T16:00:00+09:00,2019-10-08,KOFIA 16:00 KST source publication; usable from next calendar day; ECOS load time unverified
2019-10-08,1.264,1.264,연%,1.264,연%,817Y002,010200000,국고채(3년),연%,817Y002,Korean 3-year Treasury yield (annual percent),2019-10-08T16:00:00+09:00,2019-10-09,KOFIA 16:00 KST source publication; usable from next calendar day; ECOS load time unverified
2019-10-10,1.276,1.276,연%,1.276,연%,817Y002,010200000,국고채(3년),연%,817Y002,Korean 3-year Treasury yield (annual percent),2019-10-10T16:00:00+09:00,2019-10-11,KOFIA 16:00 KST source publication; usable from next calendar day; ECOS load time unverified
2019-10-11,1.281,1.281,연%,1.281,연%,817Y002,010200000,국고채(3년),연%,817Y002,Korean 3-year Treasury yield (annual percent),2019-10-11T16:00:00+09:00,2019-10-12,KOFIA 16:00 KST source publication; usable from next calendar day; ECOS load time unverified
2019-10-14,1.281,1.281,연%,1.281,연%,817Y002,010200000,국고채(3년),연%,817Y002,Korean 3-year Treasury yield (annual percent),2019-10-14T16:00:00+09:00,2019-10-15,KOFIA 16:00 KST source publication; usable from next calendar day; ECOS load time unverified
2019-10-15,1.281,1.281,연%,1.281,연%,817Y002,010200000,국고채(3년),연%,817Y002,Korean 3-year Treasury yield (annual percent),2019-10-15T16:00:00+09:00,2019-10-16,KOFIA 16:00 KST source publication; usable from next calendar day; ECOS load time unverified
2019-10-16,1.32,1.32,연%,1.32,연%,817Y002,010200000,국고채(3년),연%,817Y002,Korean 3-year Treasury yield (annual percent),2019-10-16T16:00:00+09:00,2019-10-17,KOFIA 16:00 KST source publication; usable from next calendar day; ECOS load time unverified
2019-10-17,1.375,1.375,연%,1.375,연%,817Y002,010200000,국고채(3년),연%,817Y002,Korean 3-year Treasury yield (annual percent),2019-10-17T16:00:00+09:00,2019-10-18,KOFIA 16:00 KST source publication; usable from next calendar day; ECOS load time unverified
2019-10-18,1.375,1.375,연%,1.375,연%,817Y002,010200000,국고채(3년),연%,817Y002,Korean 3-year Treasury yield (annual percent),2019-10-18T16:00:00+09:00,2019-10-19,KOFIA 16:00 KST source publication; usable from next calendar day; ECOS load time unverified
2019-10-21,1.408,1.408,연%,1.408,연%,817Y002,010200000,국고채(3년),연%,817Y002,Korean 3-year Treasury yield (annual percent),2019-10-21T16:00:00+09:00,2019-10-22,KOFIA 16:00 KST source publication; usable from next calendar day; ECOS load time unverified
2019-10-22,1.379,1.379,연%,1.379,연%,817Y002,010200000,국고채(3년),연%,817Y002,Korean 3-year Treasury yield (annual percent),2019-10-22T16:00:00+09:00,2019-10-23,KOFIA 16:00 KST source publication; usable from next calendar day; ECOS load time unverified
2019-10-23,1.388,1.388,연%,1.388,연%,817Y002,010200000,국고채(3년),연%,817Y002,Korean 3-year Treasury yield (annual percent),2019-10-23T16:00:00+09:00,2019-10-24,KOFIA 16:00 KST source publication; usable from next calendar day; ECOS load time unverified
2019-10-24,1.396,1.396,연%,1.396,연%,817Y002,010200000,국고채(3년),연%,817Y002,Korean 3-year Treasury yield (annual percent),2019-10-24T16:00:00+09:00,2019-10-25,KOFIA 16:00 KST source publication; usable from next calendar day; ECOS load time unverified
2019-10-25,1.435,1.435,연%,1.435,연%,817Y002,010200000,국고채(3년),연%,817Y002,Korean 3-year Treasury yield (annual percent),2019-10-25T16:00:00+09:00,2019-10-26,KOFIA 16:00 KST source publication; usable from next calendar day; ECOS load time unverified
2019-10-28,1.523,1.523,연%,1.523,연%,817Y002,010200000,국고채(3년),연%,817Y002,Korean 3-year Treasury yield (annual percent),2019-10-28T16:00:00+09:00,2019-10-29,KOFIA 16:00 KST source publication; usable from next calendar day; ECOS load time unverified
2019-10-29,1.499,1.499,연%,1.499,연%,817Y002,010200000,국고채(3년),연%,817Y002,Korean 3-year Treasury yield (annual percent),2019-10-29T16:00:00+09:00,2019-10-30,KOFIA 16:00 KST source publication; usable from next calendar day; ECOS load time unverified
2019-10-30,1.481,1.481,연%,1.481,연%,817Y002,010200000,국고채(3년),연%,817Y002,Korean 3-year Treasury yield (annual percent),2019-10-30T16:00:00+09:00,2019-10-31,KOFIA 16:00 KST source publication; usable from next calendar day; ECOS load time unverified
2019-10-31,1.466,1.466,연%,1.466,연%,817Y002,010200000,국고채(3년),연%,817Y002,Korean 3-year Treasury yield (annual percent),2019-10-31T16:00:00+09:00,2019-11-01,KOFIA 16:00 KST source publication; usable from next calendar day; ECOS load time unverified
2019-11-01,1.467,1.467,연%,1.467,연%,817Y002,010200000,국고채(3년),연%,817Y002,Korean 3-year Treasury yield (annual percent),2019-11-01T16:00:00+09:00,2019-11-02,KOFIA 16:00 KST source publication; usable from next calendar day; ECOS load time unverified
2019-11-04,1.55,1.55,연%,1.55,연%,817Y002,010200000,국고채(3년),연%,817Y002,Korean 3-year Treasury yield (annual percent),2019-11-04T16:00:00+09:00,2019-11-05,KOFIA 16:00 KST source publication; usable from next calendar day; ECOS load time unverified
2019-11-05,1.522,1.522,연%,1.522,연%,817Y002,010200000,국고채(3년),연%,817Y002,Korean 3-year Treasury yield (annual percent),2019-11-05T16:00:00+09:00,2019-11-06,KOFIA 16:00 KST source publication; usable from next calendar day; ECOS load time unverified
2019-11-06,1.53,1.53,연%,1.53,연%,817Y002,010200000,국고채(3년),연%,817Y002,Korean 3-year Treasury yield (annual percent),2019-11-06T16:00:00+09:00,2019-11-07,KOFIA 16:00 KST source publication; usable from next calendar day; ECOS load time unverified
2019-11-07,1.541,1.541,연%,1.541,연%,817Y002,010200000,국고채(3년),연%,817Y002,Korean 3-year Treasury yield (annual percent),2019-11-07T16:00:00+09:00,2019-11-08,KOFIA 16:00 KST source publication; usable from next calendar day; ECOS load time unverified
2019-11-08,1.518,1.518,연%,1.518,연%,817Y002,010200000,국고채(3년),연%,817Y002,Korean 3-year Treasury yield (annual percent),2019-11-08T16:00:00+09:00,2019-11-09,KOFIA 16:00 KST source publication; usable from next calendar day; ECOS load time unverified
2019-11-11,1.5,1.5,연%,1.5,연%,817Y002,010200000,국고채(3년),연%,817Y002,Korean 3-year Treasury yield (annual percent),2019-11-11T16:00:00+09:00,2019-11-12,KOFIA 16:00 KST source publication; usable from next calendar day; ECOS load time unverified
2019-11-12,1.564,1.564,연%,1.564,연%,817Y002,010200000,국고채(3년),연%,817Y002,Korean 3-year Treasury yield (annual percent),2019-11-12T16:00:00+09:00,2019-11-13,KOFIA 16:00 KST source publication; usable from next calendar day; ECOS load time unverified
2019-11-13,1.51,1.51,연%,1.51,연%,817Y002,010200000,국고채(3년),연%,817Y002,Korean 3-year Treasury yield (annual percent),2019-11-13T16:00:00+09:00,2019-11-14,KOFIA 16:00 KST source publication; usable from next calendar day; ECOS load time unverified
2019-11-14,1.515,1.515,연%,1.515,연%,817Y002,010200000,국고채(3년),연%,817Y002,Korean 3-year Treasury yield (annual percent),2019-11-14T16:00:00+09:00,2019-11-15,KOFIA 16:00 KST source publication; usable from next calendar day; ECOS load time unverified
2019-11-15,1.513,1.513,연%,1.513,연%,817Y002,010200000,국고채(3년),연%,817Y002,Korean 3-year Treasury yield (annual percent),2019-11-15T16:00:00+09:00,2019-11-16,KOFIA 16:00 KST source publication; usable from next calendar day; ECOS load time unverified
2019-11-18,1.518,1.518,연%,1.518,연%,817Y002,010200000,국고채(3년),연%,817Y002,Korean 3-year Treasury yield (annual percent),2019-11-18T16:00:00+09:00,2019-11-19,KOFIA 16:00 KST source publication; usable from next calendar day; ECOS load time unverified
2019-11-19,1.485,1.485,연%,1.485,연%,817Y002,010200000,국고채(3년),연%,817Y002,Korean 3-year Treasury yield (annual percent),2019-11-19T16:00:00+09:00,2019-11-20,KOFIA 16:00 KST source publication; usable from next calendar day; ECOS load time unverified
2019-11-20,1.45,1.45,연%,1.45,연%,817Y002,010200000,국고채(3년),연%,817Y002,Korean 3-year Treasury yield (annual percent),2019-11-20T16:00:00+09:00,2019-11-21,KOFIA 16:00 KST source publication; usable from next calendar day; ECOS load time unverified
2019-11-21,1.462,1.462,연%,1.462,연%,817Y002,010200000,국고채(3년),연%,817Y002,Korean 3-year Treasury yield (annual percent),2019-11-21T16:00:00+09:00,2019-11-22,KOFIA 16:00 KST source publication; usable from next calendar day; ECOS load time unverified
2019-11-22,1.456,1.456,연%,1.456,연%,817Y002,010200000,국고채(3년),연%,817Y002,Korean 3-year Treasury yield (annual percent),2019-11-22T16:00:00+09:00,2019-11-23,KOFIA 16:00 KST source publication; usable from next calendar day; ECOS load time unverified
2019-11-25,1.475,1.475,연%,1.475,연%,817Y002,010200000,국고채(3년),연%,817Y002,Korean 3-year Treasury yield (annual percent),2019-11-25T16:00:00+09:00,2019-11-26,KOFIA 16:00 KST source publication; usable from next calendar day; ECOS load time unverified
2019-11-26,1.475,1.475,연%,1.475,연%,817Y002,010200000,국고채(3년),연%,817Y002,Korean 3-year Treasury yield (annual percent),2019-11-26T16:00:00+09:00,2019-11-27,KOFIA 16:00 KST source publication; usable from next calendar day; ECOS load time unverified
2019-11-27,1.456,1.456,연%,1.456,연%,817Y002,010200000,국고채(3년),연%,817Y002,Korean 3-year Treasury yield (annual percent),2019-11-27T16:00:00+09:00,2019-11-28,KOFIA 16:00 KST source publication; usable from next calendar day; ECOS load time unverified
2019-11-28,1.43,1.43,연%,1.43,연%,817Y002,010200000,국고채(3년),연%,817Y002,Korean 3-year Treasury yield (annual percent),2019-11-28T16:00:00+09:00,2019-11-29,KOFIA 16:00 KST source publication; usable from next calendar day; ECOS load time unverified
2019-11-29,1.385,1.385,연%,1.385,연%,817Y002,010200000,국고채(3년),연%,817Y002,Korean 3-year Treasury yield (annual percent),2019-11-29T16:00:00+09:00,2019-11-30,KOFIA 16:00 KST source publication; usable from next calendar day; ECOS load time unverified
2019-12-02,1.425,1.425,연%,1.425,연%,817Y002,010200000,국고채(3년),연%,817Y002,Korean 3-year Treasury yield (annual percent),2019-12-02T16:00:00+09:00,2019-12-03,KOFIA 16:00 KST source publication; usable from next calendar day; ECOS load time unverified
2019-12-03,1.46,1.46,연%,1.46,연%,817Y002,010200000,국고채(3년),연%,817Y002,Korean 3-year Treasury yield (annual percent),2019-12-03T16:00:00+09:00,2019-12-04,KOFIA 16:00 KST source publication; usable from next calendar day; ECOS load time unverified
2019-12-04,1.406,1.406,연%,1.406,연%,817Y002,010200000,국고채(3년),연%,817Y002,Korean 3-year Treasury yield (annual percent),2019-12-04T16:00:00+09:00,2019-12-05,KOFIA 16:00 KST source publication; usable from next calendar day; ECOS load time unverified
2019-12-05,1.423,1.423,연%,1.423,연%,817Y002,010200000,국고채(3년),연%,817Y002,Korean 3-year Treasury yield (annual percent),2019-12-05T16:00:00+09:00,2019-12-06,KOFIA 16:00 KST source publication; usable from next calendar day; ECOS load time unverified
2019-12-06,1.43,1.43,연%,1.43,연%,817Y002,010200000,국고채(3년),연%,817Y002,Korean 3-year Treasury yield (annual percent),2019-12-06T16:00:00+09:00,2019-12-07,KOFIA 16:00 KST source publication; usable from next calendar day; ECOS load time unverified
2019-12-09,1.412,1.412,연%,1.412,연%,817Y002,010200000,국고채(3년),연%,817Y002,Korean 3-year Treasury yield (annual percent),2019-12-09T16:00:00+09:00,2019-12-10,KOFIA 16:00 KST source publication; usable from next calendar day; ECOS load time unverified
2019-12-10,1.39,1.39,연%,1.39,연%,817Y002,010200000,국고채(3년),연%,817Y002,Korean 3-year Treasury yield (annual percent),2019-12-10T16:00:00+09:00,2019-12-11,KOFIA 16:00 KST source publication; usable from next calendar day; ECOS load time unverified
2019-12-11,1.381,1.381,연%,1.381,연%,817Y002,010200000,국고채(3년),연%,817Y002,Korean 3-year Treasury yield (annual percent),2019-12-11T16:00:00+09:00,2019-12-12,KOFIA 16:00 KST source publication; usable from next calendar day; ECOS load time unverified
2019-12-12,1.382,1.382,연%,1.382,연%,817Y002,010200000,국고채(3년),연%,817Y002,Korean 3-year Treasury yield (annual percent),2019-12-12T16:00:00+09:00,2019-12-13,KOFIA 16:00 KST source publication; usable from next calendar day; ECOS load time unverified
2019-12-13,1.402,1.402,연%,1.402,연%,817Y002,010200000,국고채(3년),연%,817Y002,Korean 3-year Treasury yield (annual percent),2019-12-13T16:00:00+09:00,2019-12-14,KOFIA 16:00 KST source publication; usable from next calendar day; ECOS load time unverified
2019-12-16,1.369,1.369,연%,1.369,연%,817Y002,010200000,국고채(3년),연%,817Y002,Korean 3-year Treasury yield (annual percent),2019-12-16T16:00:00+09:00,2019-12-17,KOFIA 16:00 KST source publication; usable from next calendar day; ECOS load time unverified
2019-12-17,1.363,1.363,연%,1.363,연%,817Y002,010200000,국고채(3년),연%,817Y002,Korean 3-year Treasury yield (annual percent),2019-12-17T16:00:00+09:00,2019-12-18,KOFIA 16:00 KST source publication; usable from next calendar day; ECOS load time unverified
2019-12-18,1.357,1.357,연%,1.357,연%,817Y002,010200000,국고채(3년),연%,817Y002,Korean 3-year Treasury yield (annual percent),2019-12-18T16:00:00+09:00,2019-12-19,KOFIA 16:00 KST source publication; usable from next calendar day; ECOS load time unverified
2019-12-19,1.383,1.383,연%,1.383,연%,817Y002,010200000,국고채(3년),연%,817Y002,Korean 3-year Treasury yield (annual percent),2019-12-19T16:00:00+09:00,2019-12-20,KOFIA 16:00 KST source publication; usable from next calendar day; ECOS load time unverified
2019-12-20,1.392,1.392,연%,1.392,연%,817Y002,010200000,국고채(3년),연%,817Y002,Korean 3-year Treasury yield (annual percent),2019-12-20T16:00:00+09:00,2019-12-21,KOFIA 16:00 KST source publication; usable from next calendar day; ECOS load time unverified
2019-12-23,1.38,1.38,연%,1.38,연%,817Y002,010200000,국고채(3년),연%,817Y002,Korean 3-year Treasury yield (annual percent),2019-12-23T16:00:00+09:00,2019-12-24,KOFIA 16:00 KST source publication; usable from next calendar day; ECOS load time unverified
2019-12-24,1.37,1.37,연%,1.37,연%,817Y002,010200000,국고채(3년),연%,817Y002,Korean 3-year Treasury yield (annual percent),2019-12-24T16:00:00+09:00,2019-12-25,KOFIA 16:00 KST source publication; usable from next calendar day; ECOS load time unverified
2019-12-26,1.367,1.367,연%,1.367,연%,817Y002,010200000,국고채(3년),연%,817Y002,Korean 3-year Treasury yield (annual percent),2019-12-26T16:00:00+09:00,2019-12-27,KOFIA 16:00 KST source publication; usable from next calendar day; ECOS load time unverified
2019-12-27,1.37,1.37,연%,1.37,연%,817Y002,010200000,국고채(3년),연%,817Y002,Korean 3-year Treasury yield (annual percent),2019-12-27T16:00:00+09:00,2019-12-28,KOFIA 16:00 KST source publication; usable from next calendar day; ECOS load time unverified
2019-12-30,1.36,1.36,연%,1.36,연%,817Y002,010200000,국고채(3년),연%,817Y002,Korean 3-year Treasury yield (annual percent),2019-12-30T16:00:00+09:00,2019-12-31,KOFIA 16:00 KST source publication; usable from next calendar day; ECOS load time unverified
2019-12-31,1.36,1.36,연%,1.36,연%,817Y002,010200000,국고채(3년),연%,817Y002,Korean 3-year Treasury yield (annual percent),2019-12-31T16:00:00+09:00,2020-01-01,KOFIA 16:00 KST source publication; usable from next calendar day; ECOS load time unverified
2020-01-02,1.327,1.327,연%,1.327,연%,817Y002,010200000,국고채(3년),연%,817Y002,Korean 3-year Treasury yield (annual percent),2020-01-02T16:00:00+09:00,2020-01-03,KOFIA 16:00 KST source publication; usable from next calendar day; ECOS load time unverified
2020-01-03,1.27,1.27,연%,1.27,연%,817Y002,010200000,국고채(3년),연%,817Y002,Korean 3-year Treasury yield (annual percent),2020-01-03T16:00:00+09:00,2020-01-04,KOFIA 16:00 KST source publication; usable from next calendar day; ECOS load time unverified
2020-01-06,1.277,1.277,연%,1.277,연%,817Y002,010200000,국고채(3년),연%,817Y002,Korean 3-year Treasury yield (annual percent),2020-01-06T16:00:00+09:00,2020-01-07,KOFIA 16:00 KST source publication; usable from next calendar day; ECOS load time unverified
2020-01-07,1.331,1.331,연%,1.331,연%,817Y002,010200000,국고채(3년),연%,817Y002,Korean 3-year Treasury yield (annual percent),2020-01-07T16:00:00+09:00,2020-01-08,KOFIA 16:00 KST source publication; usable from next calendar day; ECOS load time unverified
2020-01-08,1.363,1.363,연%,1.363,연%,817Y002,010200000,국고채(3년),연%,817Y002,Korean 3-year Treasury yield (annual percent),2020-01-08T16:00:00+09:00,2020-01-09,KOFIA 16:00 KST source publication; usable from next calendar day; ECOS load time unverified
2020-01-09,1.416,1.416,연%,1.416,연%,817Y002,010200000,국고채(3년),연%,817Y002,Korean 3-year Treasury yield (annual percent),2020-01-09T16:00:00+09:00,2020-01-10,KOFIA 16:00 KST source publication; usable from next calendar day; ECOS load time unverified
2020-01-10,1.425,1.425,연%,1.425,연%,817Y002,010200000,국고채(3년),연%,817Y002,Korean 3-year Treasury yield (annual percent),2020-01-10T16:00:00+09:00,2020-01-11,KOFIA 16:00 KST source publication; usable from next calendar day; ECOS load time unverified
2020-01-13,1.418,1.418,연%,1.418,연%,817Y002,010200000,국고채(3년),연%,817Y002,Korean 3-year Treasury yield (annual percent),2020-01-13T16:00:00+09:00,2020-01-14,KOFIA 16:00 KST source publication; usable from next calendar day; ECOS load time unverified
2020-01-14,1.386,1.386,연%,1.386,연%,817Y002,010200000,국고채(3년),연%,817Y002,Korean 3-year Treasury yield (annual percent),2020-01-14T16:00:00+09:00,2020-01-15,KOFIA 16:00 KST source publication; usable from next calendar day; ECOS load time unverified
2020-01-15,1.391,1.391,연%,1.391,연%,817Y002,010200000,국고채(3년),연%,817Y002,Korean 3-year Treasury yield (annual percent),2020-01-15T16:00:00+09:00,2020-01-16,KOFIA 16:00 KST source publication; usable from next calendar day; ECOS load time unverified
2020-01-16,1.426,1.426,연%,1.426,연%,817Y002,010200000,국고채(3년),연%,817Y002,Korean 3-year Treasury yield (annual percent),2020-01-16T16:00:00+09:00,2020-01-17,KOFIA 16:00 KST source publication; usable from next calendar day; ECOS load time unverified
2020-01-17,1.433,1.433,연%,1.433,연%,817Y002,010200000,국고채(3년),연%,817Y002,Korean 3-year Treasury yield (annual percent),2020-01-17T16:00:00+09:00,2020-01-18,KOFIA 16:00 KST source publication; usable from next calendar day; ECOS load time unverified
2020-01-20,1.455,1.455,연%,1.455,연%,817Y002,010200000,국고채(3년),연%,817Y002,Korean 3-year Treasury yield (annual percent),2020-01-20T16:00:00+09:00,2020-01-21,KOFIA 16:00 KST source publication; usable from next calendar day; ECOS load time unverified
2020-01-21,1.395,1.395,연%,1.395,연%,817Y002,010200000,국고채(3년),연%,817Y002,Korean 3-year Treasury yield (annual percent),2020-01-21T16:00:00+09:00,2020-01-22,KOFIA 16:00 KST source publication; usable from next calendar day; ECOS load time unverified
2020-01-22,1.437,1.437,연%,1.437,연%,817Y002,010200000,국고채(3년),연%,817Y002,Korean 3-year Treasury yield (annual percent),2020-01-22T16:00:00+09:00,2020-01-23,KOFIA 16:00 KST source publication; usable from next calendar day; ECOS load time unverified
2020-01-23,1.424,1.424,연%,1.424,연%,817Y002,010200000,국고채(3년),연%,817Y002,Korean 3-year Treasury yield (annual percent),2020-01-23T16:00:00+09:00,2020-01-24,KOFIA 16:00 KST source publication; usable from next calendar day; ECOS load time unverified
2020-01-28,1.352,1.352,연%,1.352,연%,817Y002,010200000,국고채(3년),연%,817Y002,Korean 3-year Treasury yield (annual percent),2020-01-28T16:00:00+09:00,2020-01-29,KOFIA 16:00 KST source publication; usable from next calendar day; ECOS load time unverified
2020-01-29,1.33,1.33,연%,1.33,연%,817Y002,010200000,국고채(3년),연%,817Y002,Korean 3-year Treasury yield (annual percent),2020-01-29T16:00:00+09:00,2020-01-30,KOFIA 16:00 KST source publication; usable from next calendar day; ECOS load time unverified
2020-01-30,1.301,1.301,연%,1.301,연%,817Y002,010200000,국고채(3년),연%,817Y002,Korean 3-year Treasury yield (annual percent),2020-01-30T16:00:00+09:00,2020-01-31,KOFIA 16:00 KST source publication; usable from next calendar day; ECOS load time unverified
2020-01-31,1.303,1.303,연%,1.303,연%,817Y002,010200000,국고채(3년),연%,817Y002,Korean 3-year Treasury yield (annual percent),2020-01-31T16:00:00+09:00,2020-02-01,KOFIA 16:00 KST source publication; usable from next calendar day; ECOS load time unverified
2020-02-03,1.291,1.291,연%,1.291,연%,817Y002,010200000,국고채(3년),연%,817Y002,Korean 3-year Treasury yield (annual percent),2020-02-03T16:00:00+09:00,2020-02-04,KOFIA 16:00 KST source publication; usable from next calendar day; ECOS load time unverified
2020-02-04,1.331,1.331,연%,1.331,연%,817Y002,010200000,국고채(3년),연%,817Y002,Korean 3-year Treasury yield (annual percent),2020-02-04T16:00:00+09:00,2020-02-05,KOFIA 16:00 KST source publication; usable from next calendar day; ECOS load time unverified
2020-02-05,1.307,1.307,연%,1.307,연%,817Y002,010200000,국고채(3년),연%,817Y002,Korean 3-year Treasury yield (annual percent),2020-02-05T16:00:00+09:00,2020-02-06,KOFIA 16:00 KST source publication; usable from next calendar day; ECOS load time unverified
2020-02-06,1.311,1.311,연%,1.311,연%,817Y002,010200000,국고채(3년),연%,817Y002,Korean 3-year Treasury yield (annual percent),2020-02-06T16:00:00+09:00,2020-02-07,KOFIA 16:00 KST source publication; usable from next calendar day; ECOS load time unverified
2020-02-07,1.28,1.28,연%,1.28,연%,817Y002,010200000,국고채(3년),연%,817Y002,Korean 3-year Treasury yield (annual percent),2020-02-07T16:00:00+09:00,2020-02-08,KOFIA 16:00 KST source publication; usable from next calendar day; ECOS load time unverified
2020-02-10,1.296,1.296,연%,1.296,연%,817Y002,010200000,국고채(3년),연%,817Y002,Korean 3-year Treasury yield (annual percent),2020-02-10T16:00:00+09:00,2020-02-11,KOFIA 16:00 KST source publication; usable from next calendar day; ECOS load time unverified
2020-02-11,1.299,1.299,연%,1.299,연%,817Y002,010200000,국고채(3년),연%,817Y002,Korean 3-year Treasury yield (annual percent),2020-02-11T16:00:00+09:00,2020-02-12,KOFIA 16:00 KST source publication; usable from next calendar day; ECOS load time unverified
2020-02-12,1.297,1.297,연%,1.297,연%,817Y002,010200000,국고채(3년),연%,817Y002,Korean 3-year Treasury yield (annual percent),2020-02-12T16:00:00+09:00,2020-02-13,KOFIA 16:00 KST source publication; usable from next calendar day; ECOS load time unverified
2020-02-13,1.275,1.275,연%,1.275,연%,817Y002,010200000,국고채(3년),연%,817Y002,Korean 3-year Treasury yield (annual percent),2020-02-13T16:00:00+09:00,2020-02-14,KOFIA 16:00 KST source publication; usable from next calendar day; ECOS load time unverified
2020-02-14,1.33,1.33,연%,1.33,연%,817Y002,010200000,국고채(3년),연%,817Y002,Korean 3-year Treasury yield (annual percent),2020-02-14T16:00:00+09:00,2020-02-15,KOFIA 16:00 KST source publication; usable from next calendar day; ECOS load time unverified
2020-02-17,1.32,1.32,연%,1.32,연%,817Y002,010200000,국고채(3년),연%,817Y002,Korean 3-year Treasury yield (annual percent),2020-02-17T16:00:00+09:00,2020-02-18,KOFIA 16:00 KST source publication; usable from next calendar day; ECOS load time unverified
2020-02-18,1.271,1.271,연%,1.271,연%,817Y002,010200000,국고채(3년),연%,817Y002,Korean 3-year Treasury yield (annual percent),2020-02-18T16:00:00+09:00,2020-02-19,KOFIA 16:00 KST source publication; usable from next calendar day; ECOS load time unverified
2020-02-19,1.284,1.284,연%,1.284,연%,817Y002,010200000,국고채(3년),연%,817Y002,Korean 3-year Treasury yield (annual percent),2020-02-19T16:00:00+09:00,2020-02-20,KOFIA 16:00 KST source publication; usable from next calendar day; ECOS load time unverified
2020-02-20,1.234,1.234,연%,1.234,연%,817Y002,010200000,국고채(3년),연%,817Y002,Korean 3-year Treasury yield (annual percent),2020-02-20T16:00:00+09:00,2020-02-21,KOFIA 16:00 KST source publication; usable from next calendar day; ECOS load time unverified
2020-02-21,1.182,1.182,연%,1.182,연%,817Y002,010200000,국고채(3년),연%,817Y002,Korean 3-year Treasury yield (annual percent),2020-02-21T16:00:00+09:00,2020-02-22,KOFIA 16:00 KST source publication; usable from next calendar day; ECOS load time unverified
2020-02-24,1.139,1.139,연%,1.139,연%,817Y002,010200000,국고채(3년),연%,817Y002,Korean 3-year Treasury yield (annual percent),2020-02-24T16:00:00+09:00,2020-02-25,KOFIA 16:00 KST source publication; usable from next calendar day; ECOS load time unverified
2020-02-25,1.171,1.171,연%,1.171,연%,817Y002,010200000,국고채(3년),연%,817Y002,Korean 3-year Treasury yield (annual percent),2020-02-25T16:00:00+09:00,2020-02-26,KOFIA 16:00 KST source publication; usable from next calendar day; ECOS load time unverified
2020-02-26,1.135,1.135,연%,1.135,연%,817Y002,010200000,국고채(3년),연%,817Y002,Korean 3-year Treasury yield (annual percent),2020-02-26T16:00:00+09:00,2020-02-27,KOFIA 16:00 KST source publication; usable from next calendar day; ECOS load time unverified
2020-02-27,1.194,1.194,연%,1.194,연%,817Y002,010200000,국고채(3년),연%,817Y002,Korean 3-year Treasury yield (annual percent),2020-02-27T16:00:00+09:00,2020-02-28,KOFIA 16:00 KST source publication; usable from next calendar day; ECOS load time unverified
2020-02-28,1.104,1.104,연%,1.104,연%,817Y002,010200000,국고채(3년),연%,817Y002,Korean 3-year Treasury yield (annual percent),2020-02-28T16:00:00+09:00,2020-02-29,KOFIA 16:00 KST source publication; usable from next calendar day; ECOS load time unverified
2020-03-02,1.128,1.128,연%,1.128,연%,817Y002,010200000,국고채(3년),연%,817Y002,Korean 3-year Treasury yield (annual percent),2020-03-02T16:00:00+09:00,2020-03-03,KOFIA 16:00 KST source publication; usable from next calendar day; ECOS load time unverified
2020-03-03,1.11,1.11,연%,1.11,연%,817Y002,010200000,국고채(3년),연%,817Y002,Korean 3-year Treasury yield (annual percent),2020-03-03T16:00:00+09:00,2020-03-04,KOFIA 16:00 KST source publication; usable from next calendar day; ECOS load time unverified
2020-03-04,1.029,1.029,연%,1.029,연%,817Y002,010200000,국고채(3년),연%,817Y002,Korean 3-year Treasury yield (annual percent),2020-03-04T16:00:00+09:00,2020-03-05,KOFIA 16:00 KST source publication; usable from next calendar day; ECOS load time unverified
2020-03-05,1.051,1.051,연%,1.051,연%,817Y002,010200000,국고채(3년),연%,817Y002,Korean 3-year Treasury yield (annual percent),2020-03-05T16:00:00+09:00,2020-03-06,KOFIA 16:00 KST source publication; usable from next calendar day; ECOS load time unverified
2020-03-06,1.078,1.078,연%,1.078,연%,817Y002,010200000,국고채(3년),연%,817Y002,Korean 3-year Treasury yield (annual percent),2020-03-06T16:00:00+09:00,2020-03-07,KOFIA 16:00 KST source publication; usable from next calendar day; ECOS load time unverified
2020-03-09,1.038,1.038,연%,1.038,연%,817Y002,010200000,국고채(3년),연%,817Y002,Korean 3-year Treasury yield (annual percent),2020-03-09T16:00:00+09:00,2020-03-10,KOFIA 16:00 KST source publication; usable from next calendar day; ECOS load time unverified
2020-03-10,1.082,1.082,연%,1.082,연%,817Y002,010200000,국고채(3년),연%,817Y002,Korean 3-year Treasury yield (annual percent),2020-03-10T16:00:00+09:00,2020-03-11,KOFIA 16:00 KST source publication; usable from next calendar day; ECOS load time unverified
2020-03-11,1.086,1.086,연%,1.086,연%,817Y002,010200000,국고채(3년),연%,817Y002,Korean 3-year Treasury yield (annual percent),2020-03-11T16:00:00+09:00,2020-03-12,KOFIA 16:00 KST source publication; usable from next calendar day; ECOS load time unverified
2020-03-12,1.062,1.062,연%,1.062,연%,817Y002,010200000,국고채(3년),연%,817Y002,Korean 3-year Treasury yield (annual percent),2020-03-12T16:00:00+09:00,2020-03-13,KOFIA 16:00 KST source publication; usable from next calendar day; ECOS load time unverified
2020-03-13,1.149,1.149,연%,1.149,연%,817Y002,010200000,국고채(3년),연%,817Y002,Korean 3-year Treasury yield (annual percent),2020-03-13T16:00:00+09:00,2020-03-14,KOFIA 16:00 KST source publication; usable from next calendar day; ECOS load time unverified
2020-03-16,1.099,1.099,연%,1.099,연%,817Y002,010200000,국고채(3년),연%,817Y002,Korean 3-year Treasury yield (annual percent),2020-03-16T16:00:00+09:00,2020-03-17,KOFIA 16:00 KST source publication; usable from next calendar day; ECOS load time unverified
2020-03-17,1.03,1.03,연%,1.03,연%,817Y002,010200000,국고채(3년),연%,817Y002,Korean 3-year Treasury yield (annual percent),2020-03-17T16:00:00+09:00,2020-03-18,KOFIA 16:00 KST source publication; usable from next calendar day; ECOS load time unverified
2020-03-18,1.05,1.05,연%,1.05,연%,817Y002,010200000,국고채(3년),연%,817Y002,Korean 3-year Treasury yield (annual percent),2020-03-18T16:00:00+09:00,2020-03-19,KOFIA 16:00 KST source publication; usable from next calendar day; ECOS load time unverified
2020-03-19,1.193,1.193,연%,1.193,연%,817Y002,010200000,국고채(3년),연%,817Y002,Korean 3-year Treasury yield (annual percent),2020-03-19T16:00:00+09:00,2020-03-20,KOFIA 16:00 KST source publication; usable from next calendar day; ECOS load time unverified
2020-03-20,1.107,1.107,연%,1.107,연%,817Y002,010200000,국고채(3년),연%,817Y002,Korean 3-year Treasury yield (annual percent),2020-03-20T16:00:00+09:00,2020-03-21,KOFIA 16:00 KST source publication; usable from next calendar day; ECOS load time unverified
2020-03-23,1.153,1.153,연%,1.153,연%,817Y002,010200000,국고채(3년),연%,817Y002,Korean 3-year Treasury yield (annual percent),2020-03-23T16:00:00+09:00,2020-03-24,KOFIA 16:00 KST source publication; usable from next calendar day; ECOS load time unverified
2020-03-24,1.127,1.127,연%,1.127,연%,817Y002,010200000,국고채(3년),연%,817Y002,Korean 3-year Treasury yield (annual percent),2020-03-24T16:00:00+09:00,2020-03-25,KOFIA 16:00 KST source publication; usable from next calendar day; ECOS load time unverified
2020-03-25,1.131,1.131,연%,1.131,연%,817Y002,010200000,국고채(3년),연%,817Y002,Korean 3-year Treasury yield (annual percent),2020-03-25T16:00:00+09:00,2020-03-26,KOFIA 16:00 KST source publication; usable from next calendar day; ECOS load time unverified
2020-03-26,1.067,1.067,연%,1.067,연%,817Y002,010200000,국고채(3년),연%,817Y002,Korean 3-year Treasury yield (annual percent),2020-03-26T16:00:00+09:00,2020-03-27,KOFIA 16:00 KST source publication; usable from next calendar day; ECOS load time unverified
2020-03-27,1.06,1.06,연%,1.06,연%,817Y002,010200000,국고채(3년),연%,817Y002,Korean 3-year Treasury yield (annual percent),2020-03-27T16:00:00+09:00,2020-03-28,KOFIA 16:00 KST source publication; usable from next calendar day; ECOS load time unverified
2020-03-30,1.098,1.098,연%,1.098,연%,817Y002,010200000,국고채(3년),연%,817Y002,Korean 3-year Treasury yield (annual percent),2020-03-30T16:00:00+09:00,2020-03-31,KOFIA 16:00 KST source publication; usable from next calendar day; ECOS load time unverified
2020-03-31,1.07,1.07,연%,1.07,연%,817Y002,010200000,국고채(3년),연%,817Y002,Korean 3-year Treasury yield (annual percent),2020-03-31T16:00:00+09:00,2020-04-01,KOFIA 16:00 KST source publication; usable from next calendar day; ECOS load time unverified
2020-04-01,1.092,1.092,연%,1.092,연%,817Y002,010200000,국고채(3년),연%,817Y002,Korean 3-year Treasury yield (annual percent),2020-04-01T16:00:00+09:00,2020-04-02,KOFIA 16:00 KST source publication; usable from next calendar day; ECOS load time unverified
2020-04-02,1.059,1.059,연%,1.059,연%,817Y002,010200000,국고채(3년),연%,817Y002,Korean 3-year Treasury yield (annual percent),2020-04-02T16:00:00+09:00,2020-04-03,KOFIA 16:00 KST source publication; usable from next calendar day; ECOS load time unverified
2020-04-03,1.066,1.066,연%,1.066,연%,817Y002,010200000,국고채(3년),연%,817Y002,Korean 3-year Treasury yield (annual percent),2020-04-03T16:00:00+09:00,2020-04-04,KOFIA 16:00 KST source publication; usable from next calendar day; ECOS load time unverified
2020-04-06,1.052,1.052,연%,1.052,연%,817Y002,010200000,국고채(3년),연%,817Y002,Korean 3-year Treasury yield (annual percent),2020-04-06T16:00:00+09:00,2020-04-07,KOFIA 16:00 KST source publication; usable from next calendar day; ECOS load time unverified
2020-04-07,1.047,1.047,연%,1.047,연%,817Y002,010200000,국고채(3년),연%,817Y002,Korean 3-year Treasury yield (annual percent),2020-04-07T16:00:00+09:00,2020-04-08,KOFIA 16:00 KST source publication; usable from next calendar day; ECOS load time unverified
2020-04-08,1.024,1.024,연%,1.024,연%,817Y002,010200000,국고채(3년),연%,817Y002,Korean 3-year Treasury yield (annual percent),2020-04-08T16:00:00+09:00,2020-04-09,KOFIA 16:00 KST source publication; usable from next calendar day; ECOS load time unverified
2020-04-09,0.986,0.986,연%,0.986,연%,817Y002,010200000,국고채(3년),연%,817Y002,Korean 3-year Treasury yield (annual percent),2020-04-09T16:00:00+09:00,2020-04-10,KOFIA 16:00 KST source publication; usable from next calendar day; ECOS load time unverified
2020-04-10,0.97,0.97,연%,0.97,연%,817Y002,010200000,국고채(3년),연%,817Y002,Korean 3-year Treasury yield (annual percent),2020-04-10T16:00:00+09:00,2020-04-11,KOFIA 16:00 KST source publication; usable from next calendar day; ECOS load time unverified
2020-04-13,0.996,0.996,연%,0.996,연%,817Y002,010200000,국고채(3년),연%,817Y002,Korean 3-year Treasury yield (annual percent),2020-04-13T16:00:00+09:00,2020-04-14,KOFIA 16:00 KST source publication; usable from next calendar day; ECOS load time unverified
2020-04-14,0.996,0.996,연%,0.996,연%,817Y002,010200000,국고채(3년),연%,817Y002,Korean 3-year Treasury yield (annual percent),2020-04-14T16:00:00+09:00,2020-04-15,KOFIA 16:00 KST source publication; usable from next calendar day; ECOS load time unverified
2020-04-16,0.982,0.982,연%,0.982,연%,817Y002,010200000,국고채(3년),연%,817Y002,Korean 3-year Treasury yield (annual percent),2020-04-16T16:00:00+09:00,2020-04-17,KOFIA 16:00 KST source publication; usable from next calendar day; ECOS load time unverified
2020-04-17,1.006,1.006,연%,1.006,연%,817Y002,010200000,국고채(3년),연%,817Y002,Korean 3-year Treasury yield (annual percent),2020-04-17T16:00:00+09:00,2020-04-18,KOFIA 16:00 KST source publication; usable from next calendar day; ECOS load time unverified
2020-04-20,1.013,1.013,연%,1.013,연%,817Y002,010200000,국고채(3년),연%,817Y002,Korean 3-year Treasury yield (annual percent),2020-04-20T16:00:00+09:00,2020-04-21,KOFIA 16:00 KST source publication; usable from next calendar day; ECOS load time unverified
2020-04-21,1.035,1.035,연%,1.035,연%,817Y002,010200000,국고채(3년),연%,817Y002,Korean 3-year Treasury yield (annual percent),2020-04-21T16:00:00+09:00,2020-04-22,KOFIA 16:00 KST source publication; usable from next calendar day; ECOS load time unverified
2020-04-22,1.046,1.046,연%,1.046,연%,817Y002,010200000,국고채(3년),연%,817Y002,Korean 3-year Treasury yield (annual percent),2020-04-22T16:00:00+09:00,2020-04-23,KOFIA 16:00 KST source publication; usable from next calendar day; ECOS load time unverified
2020-04-23,1.036,1.036,연%,1.036,연%,817Y002,010200000,국고채(3년),연%,817Y002,Korean 3-year Treasury yield (annual percent),2020-04-23T16:00:00+09:00,2020-04-24,KOFIA 16:00 KST source publication; usable from next calendar day; ECOS load time unverified
2020-04-24,1.018,1.018,연%,1.018,연%,817Y002,010200000,국고채(3년),연%,817Y002,Korean 3-year Treasury yield (annual percent),2020-04-24T16:00:00+09:00,2020-04-25,KOFIA 16:00 KST source publication; usable from next calendar day; ECOS load time unverified
2020-04-27,1.026,1.026,연%,1.026,연%,817Y002,010200000,국고채(3년),연%,817Y002,Korean 3-year Treasury yield (annual percent),2020-04-27T16:00:00+09:00,2020-04-28,KOFIA 16:00 KST source publication; usable from next calendar day; ECOS load time unverified
2020-04-28,1.033,1.033,연%,1.033,연%,817Y002,010200000,국고채(3년),연%,817Y002,Korean 3-year Treasury yield (annual percent),2020-04-28T16:00:00+09:00,2020-04-29,KOFIA 16:00 KST source publication; usable from next calendar day; ECOS load time unverified
2020-04-29,1.006,1.006,연%,1.006,연%,817Y002,010200000,국고채(3년),연%,817Y002,Korean 3-year Treasury yield (annual percent),2020-04-29T16:00:00+09:00,2020-04-30,KOFIA 16:00 KST source publication; usable from next calendar day; ECOS load time unverified
2020-05-04,0.975,0.975,연%,0.975,연%,817Y002,010200000,국고채(3년),연%,817Y002,Korean 3-year Treasury yield (annual percent),2020-05-04T16:00:00+09:00,2020-05-05,KOFIA 16:00 KST source publication; usable from next calendar day; ECOS load time unverified
2020-05-06,0.96,0.96,연%,0.96,연%,817Y002,010200000,국고채(3년),연%,817Y002,Korean 3-year Treasury yield (annual percent),2020-05-06T16:00:00+09:00,2020-05-07,KOFIA 16:00 KST source publication; usable from next calendar day; ECOS load time unverified
2020-05-07,0.946,0.946,연%,0.946,연%,817Y002,010200000,국고채(3년),연%,817Y002,Korean 3-year Treasury yield (annual percent),2020-05-07T16:00:00+09:00,2020-05-08,KOFIA 16:00 KST source publication; usable from next calendar day; ECOS load time unverified
2020-05-08,0.914,0.914,연%,0.914,연%,817Y002,010200000,국고채(3년),연%,817Y002,Korean 3-year Treasury yield (annual percent),2020-05-08T16:00:00+09:00,2020-05-09,KOFIA 16:00 KST source publication; usable from next calendar day; ECOS load time unverified
2020-05-11,0.926,0.926,연%,0.926,연%,817Y002,010200000,국고채(3년),연%,817Y002,Korean 3-year Treasury yield (annual percent),2020-05-11T16:00:00+09:00,2020-05-12,KOFIA 16:00 KST source publication; usable from next calendar day; ECOS load time unverified
2020-05-12,0.886,0.886,연%,0.886,연%,817Y002,010200000,국고채(3년),연%,817Y002,Korean 3-year Treasury yield (annual percent),2020-05-12T16:00:00+09:00,2020-05-13,KOFIA 16:00 KST source publication; usable from next calendar day; ECOS load time unverified
2020-05-13,0.856,0.856,연%,0.856,연%,817Y002,010200000,국고채(3년),연%,817Y002,Korean 3-year Treasury yield (annual percent),2020-05-13T16:00:00+09:00,2020-05-14,KOFIA 16:00 KST source publication; usable from next calendar day; ECOS load time unverified
2020-05-14,0.869,0.869,연%,0.869,연%,817Y002,010200000,국고채(3년),연%,817Y002,Korean 3-year Treasury yield (annual percent),2020-05-14T16:00:00+09:00,2020-05-15,KOFIA 16:00 KST source publication; usable from next calendar day; ECOS load time unverified
2020-05-15,0.874,0.874,연%,0.874,연%,817Y002,010200000,국고채(3년),연%,817Y002,Korean 3-year Treasury yield (annual percent),2020-05-15T16:00:00+09:00,2020-05-16,KOFIA 16:00 KST source publication; usable from next calendar day; ECOS load time unverified
2020-05-18,0.887,0.887,연%,0.887,연%,817Y002,010200000,국고채(3년),연%,817Y002,Korean 3-year Treasury yield (annual percent),2020-05-18T16:00:00+09:00,2020-05-19,KOFIA 16:00 KST source publication; usable from next calendar day; ECOS load time unverified
2020-05-19,0.876,0.876,연%,0.876,연%,817Y002,010200000,국고채(3년),연%,817Y002,Korean 3-year Treasury yield (annual percent),2020-05-19T16:00:00+09:00,2020-05-20,KOFIA 16:00 KST source publication; usable from next calendar day; ECOS load time unverified
2020-05-20,0.868,0.868,연%,0.868,연%,817Y002,010200000,국고채(3년),연%,817Y002,Korean 3-year Treasury yield (annual percent),2020-05-20T16:00:00+09:00,2020-05-21,KOFIA 16:00 KST source publication; usable from next calendar day; ECOS load time unverified
2020-05-21,0.856,0.856,연%,0.856,연%,817Y002,010200000,국고채(3년),연%,817Y002,Korean 3-year Treasury yield (annual percent),2020-05-21T16:00:00+09:00,2020-05-22,KOFIA 16:00 KST source publication; usable from next calendar day; ECOS load time unverified
2020-05-22,0.837,0.837,연%,0.837,연%,817Y002,010200000,국고채(3년),연%,817Y002,Korean 3-year Treasury yield (annual percent),2020-05-22T16:00:00+09:00,2020-05-23,KOFIA 16:00 KST source publication; usable from next calendar day; ECOS load time unverified
2020-05-25,0.815,0.815,연%,0.815,연%,817Y002,010200000,국고채(3년),연%,817Y002,Korean 3-year Treasury yield (annual percent),2020-05-25T16:00:00+09:00,2020-05-26,KOFIA 16:00 KST source publication; usable from next calendar day; ECOS load time unverified
2020-05-26,0.839,0.839,연%,0.839,연%,817Y002,010200000,국고채(3년),연%,817Y002,Korean 3-year Treasury yield (annual percent),2020-05-26T16:00:00+09:00,2020-05-27,KOFIA 16:00 KST source publication; usable from next calendar day; ECOS load time unverified
2020-05-27,0.863,0.863,연%,0.863,연%,817Y002,010200000,국고채(3년),연%,817Y002,Korean 3-year Treasury yield (annual percent),2020-05-27T16:00:00+09:00,2020-05-28,KOFIA 16:00 KST source publication; usable from next calendar day; ECOS load time unverified
2020-05-28,0.818,0.818,연%,0.818,연%,817Y002,010200000,국고채(3년),연%,817Y002,Korean 3-year Treasury yield (annual percent),2020-05-28T16:00:00+09:00,2020-05-29,KOFIA 16:00 KST source publication; usable from next calendar day; ECOS load time unverified
2020-05-29,0.826,0.826,연%,0.826,연%,817Y002,010200000,국고채(3년),연%,817Y002,Korean 3-year Treasury yield (annual percent),2020-05-29T16:00:00+09:00,2020-05-30,KOFIA 16:00 KST source publication; usable from next calendar day; ECOS load time unverified
2020-06-01,0.831,0.831,연%,0.831,연%,817Y002,010200000,국고채(3년),연%,817Y002,Korean 3-year Treasury yield (annual percent),2020-06-01T16:00:00+09:00,2020-06-02,KOFIA 16:00 KST source publication; usable from next calendar day; ECOS load time unverified
2020-06-02,0.851,0.851,연%,0.851,연%,817Y002,010200000,국고채(3년),연%,817Y002,Korean 3-year Treasury yield (annual percent),2020-06-02T16:00:00+09:00,2020-06-03,KOFIA 16:00 KST source publication; usable from next calendar day; ECOS load time unverified
2020-06-03,0.866,0.866,연%,0.866,연%,817Y002,010200000,국고채(3년),연%,817Y002,Korean 3-year Treasury yield (annual percent),2020-06-03T16:00:00+09:00,2020-06-04,KOFIA 16:00 KST source publication; usable from next calendar day; ECOS load time unverified
2020-06-04,0.886,0.886,연%,0.886,연%,817Y002,010200000,국고채(3년),연%,817Y002,Korean 3-year Treasury yield (annual percent),2020-06-04T16:00:00+09:00,2020-06-05,KOFIA 16:00 KST source publication; usable from next calendar day; ECOS load time unverified
2020-06-05,0.894,0.894,연%,0.894,연%,817Y002,010200000,국고채(3년),연%,817Y002,Korean 3-year Treasury yield (annual percent),2020-06-05T16:00:00+09:00,2020-06-06,KOFIA 16:00 KST source publication; usable from next calendar day; ECOS load time unverified
2020-06-08,0.902,0.902,연%,0.902,연%,817Y002,010200000,국고채(3년),연%,817Y002,Korean 3-year Treasury yield (annual percent),2020-06-08T16:00:00+09:00,2020-06-09,KOFIA 16:00 KST source publication; usable from next calendar day; ECOS load time unverified
2020-06-09,0.861,0.861,연%,0.861,연%,817Y002,010200000,국고채(3년),연%,817Y002,Korean 3-year Treasury yield (annual percent),2020-06-09T16:00:00+09:00,2020-06-10,KOFIA 16:00 KST source publication; usable from next calendar day; ECOS load time unverified
2020-06-10,0.84,0.84,연%,0.84,연%,817Y002,010200000,국고채(3년),연%,817Y002,Korean 3-year Treasury yield (annual percent),2020-06-10T16:00:00+09:00,2020-06-11,KOFIA 16:00 KST source publication; usable from next calendar day; ECOS load time unverified
2020-06-11,0.837,0.837,연%,0.837,연%,817Y002,010200000,국고채(3년),연%,817Y002,Korean 3-year Treasury yield (annual percent),2020-06-11T16:00:00+09:00,2020-06-12,KOFIA 16:00 KST source publication; usable from next calendar day; ECOS load time unverified
2020-06-12,0.841,0.841,연%,0.841,연%,817Y002,010200000,국고채(3년),연%,817Y002,Korean 3-year Treasury yield (annual percent),2020-06-12T16:00:00+09:00,2020-06-13,KOFIA 16:00 KST source publication; usable from next calendar day; ECOS load time unverified
2020-06-15,0.861,0.861,연%,0.861,연%,817Y002,010200000,국고채(3년),연%,817Y002,Korean 3-year Treasury yield (annual percent),2020-06-15T16:00:00+09:00,2020-06-16,KOFIA 16:00 KST source publication; usable from next calendar day; ECOS load time unverified
2020-06-16,0.86,0.86,연%,0.86,연%,817Y002,010200000,국고채(3년),연%,817Y002,Korean 3-year Treasury yield (annual percent),2020-06-16T16:00:00+09:00,2020-06-17,KOFIA 16:00 KST source publication; usable from next calendar day; ECOS load time unverified
2020-06-17,0.874,0.874,연%,0.874,연%,817Y002,010200000,국고채(3년),연%,817Y002,Korean 3-year Treasury yield (annual percent),2020-06-17T16:00:00+09:00,2020-06-18,KOFIA 16:00 KST source publication; usable from next calendar day; ECOS load time unverified
2020-06-18,0.842,0.842,연%,0.842,연%,817Y002,010200000,국고채(3년),연%,817Y002,Korean 3-year Treasury yield (annual percent),2020-06-18T16:00:00+09:00,2020-06-19,KOFIA 16:00 KST source publication; usable from next calendar day; ECOS load time unverified
2020-06-19,0.844,0.844,연%,0.844,연%,817Y002,010200000,국고채(3년),연%,817Y002,Korean 3-year Treasury yield (annual percent),2020-06-19T16:00:00+09:00,2020-06-20,KOFIA 16:00 KST source publication; usable from next calendar day; ECOS load time unverified
2020-06-22,0.846,0.846,연%,0.846,연%,817Y002,010200000,국고채(3년),연%,817Y002,Korean 3-year Treasury yield (annual percent),2020-06-22T16:00:00+09:00,2020-06-23,KOFIA 16:00 KST source publication; usable from next calendar day; ECOS load time unverified
2020-06-23,0.827,0.827,연%,0.827,연%,817Y002,010200000,국고채(3년),연%,817Y002,Korean 3-year Treasury yield (annual percent),2020-06-23T16:00:00+09:00,2020-06-24,KOFIA 16:00 KST source publication; usable from next calendar day; ECOS load time unverified
2020-06-24,0.819,0.819,연%,0.819,연%,817Y002,010200000,국고채(3년),연%,817Y002,Korean 3-year Treasury yield (annual percent),2020-06-24T16:00:00+09:00,2020-06-25,KOFIA 16:00 KST source publication; usable from next calendar day; ECOS load time unverified
2020-06-25,0.817,0.817,연%,0.817,연%,817Y002,010200000,국고채(3년),연%,817Y002,Korean 3-year Treasury yield (annual percent),2020-06-25T16:00:00+09:00,2020-06-26,KOFIA 16:00 KST source publication; usable from next calendar day; ECOS load time unverified
2020-06-26,0.811,0.811,연%,0.811,연%,817Y002,010200000,국고채(3년),연%,817Y002,Korean 3-year Treasury yield (annual percent),2020-06-26T16:00:00+09:00,2020-06-27,KOFIA 16:00 KST source publication; usable from next calendar day; ECOS load time unverified
2020-06-29,0.842,0.842,연%,0.842,연%,817Y002,010200000,국고채(3년),연%,817Y002,Korean 3-year Treasury yield (annual percent),2020-06-29T16:00:00+09:00,2020-06-30,KOFIA 16:00 KST source publication; usable from next calendar day; ECOS load time unverified
2020-06-30,0.842,0.842,연%,0.842,연%,817Y002,010200000,국고채(3년),연%,817Y002,Korean 3-year Treasury yield (annual percent),2020-06-30T16:00:00+09:00,2020-07-01,KOFIA 16:00 KST source publication; usable from next calendar day; ECOS load time unverified
2020-07-01,0.847,0.847,연%,0.847,연%,817Y002,010200000,국고채(3년),연%,817Y002,Korean 3-year Treasury yield (annual percent),2020-07-01T16:00:00+09:00,2020-07-02,KOFIA 16:00 KST source publication; usable from next calendar day; ECOS load time unverified
2020-07-02,0.831,0.831,연%,0.831,연%,817Y002,010200000,국고채(3년),연%,817Y002,Korean 3-year Treasury yield (annual percent),2020-07-02T16:00:00+09:00,2020-07-03,KOFIA 16:00 KST source publication; usable from next calendar day; ECOS load time unverified
2020-07-03,0.838,0.838,연%,0.838,연%,817Y002,010200000,국고채(3년),연%,817Y002,Korean 3-year Treasury yield (annual percent),2020-07-03T16:00:00+09:00,2020-07-04,KOFIA 16:00 KST source publication; usable from next calendar day; ECOS load time unverified
2020-07-06,0.854,0.854,연%,0.854,연%,817Y002,010200000,국고채(3년),연%,817Y002,Korean 3-year Treasury yield (annual percent),2020-07-06T16:00:00+09:00,2020-07-07,KOFIA 16:00 KST source publication; usable from next calendar day; ECOS load time unverified
2020-07-07,0.843,0.843,연%,0.843,연%,817Y002,010200000,국고채(3년),연%,817Y002,Korean 3-year Treasury yield (annual percent),2020-07-07T16:00:00+09:00,2020-07-08,KOFIA 16:00 KST source publication; usable from next calendar day; ECOS load time unverified
2020-07-08,0.839,0.839,연%,0.839,연%,817Y002,010200000,국고채(3년),연%,817Y002,Korean 3-year Treasury yield (annual percent),2020-07-08T16:00:00+09:00,2020-07-09,KOFIA 16:00 KST source publication; usable from next calendar day; ECOS load time unverified
2020-07-09,0.84,0.84,연%,0.84,연%,817Y002,010200000,국고채(3년),연%,817Y002,Korean 3-year Treasury yield (annual percent),2020-07-09T16:00:00+09:00,2020-07-10,KOFIA 16:00 KST source publication; usable from next calendar day; ECOS load time unverified
2020-07-10,0.849,0.849,연%,0.849,연%,817Y002,010200000,국고채(3년),연%,817Y002,Korean 3-year Treasury yield (annual percent),2020-07-10T16:00:00+09:00,2020-07-11,KOFIA 16:00 KST source publication; usable from next calendar day; ECOS load time unverified
2020-07-13,0.86,0.86,연%,0.86,연%,817Y002,010200000,국고채(3년),연%,817Y002,Korean 3-year Treasury yield (annual percent),2020-07-13T16:00:00+09:00,2020-07-14,KOFIA 16:00 KST source publication; usable from next calendar day; ECOS load time unverified
2020-07-14,0.854,0.854,연%,0.854,연%,817Y002,010200000,국고채(3년),연%,817Y002,Korean 3-year Treasury yield (annual percent),2020-07-14T16:00:00+09:00,2020-07-15,KOFIA 16:00 KST source publication; usable from next calendar day; ECOS load time unverified
2020-07-15,0.847,0.847,연%,0.847,연%,817Y002,010200000,국고채(3년),연%,817Y002,Korean 3-year Treasury yield (annual percent),2020-07-15T16:00:00+09:00,2020-07-16,KOFIA 16:00 KST source publication; usable from next calendar day; ECOS load time unverified
2020-07-16,0.829,0.829,연%,0.829,연%,817Y002,010200000,국고채(3년),연%,817Y002,Korean 3-year Treasury yield (annual percent),2020-07-16T16:00:00+09:00,2020-07-17,KOFIA 16:00 KST source publication; usable from next calendar day; ECOS load time unverified
2020-07-17,0.812,0.812,연%,0.812,연%,817Y002,010200000,국고채(3년),연%,817Y002,Korean 3-year Treasury yield (annual percent),2020-07-17T16:00:00+09:00,2020-07-18,KOFIA 16:00 KST source publication; usable from next calendar day; ECOS load time unverified
2020-07-20,0.801,0.801,연%,0.801,연%,817Y002,010200000,국고채(3년),연%,817Y002,Korean 3-year Treasury yield (annual percent),2020-07-20T16:00:00+09:00,2020-07-21,KOFIA 16:00 KST source publication; usable from next calendar day; ECOS load time unverified
2020-07-21,0.818,0.818,연%,0.818,연%,817Y002,010200000,국고채(3년),연%,817Y002,Korean 3-year Treasury yield (annual percent),2020-07-21T16:00:00+09:00,2020-07-22,KOFIA 16:00 KST source publication; usable from next calendar day; ECOS load time unverified
2020-07-22,0.81,0.81,연%,0.81,연%,817Y002,010200000,국고채(3년),연%,817Y002,Korean 3-year Treasury yield (annual percent),2020-07-22T16:00:00+09:00,2020-07-23,KOFIA 16:00 KST source publication; usable from next calendar day; ECOS load time unverified
2020-07-23,0.798,0.798,연%,0.798,연%,817Y002,010200000,국고채(3년),연%,817Y002,Korean 3-year Treasury yield (annual percent),2020-07-23T16:00:00+09:00,2020-07-24,KOFIA 16:00 KST source publication; usable from next calendar day; ECOS load time unverified
2020-07-24,0.799,0.799,연%,0.799,연%,817Y002,010200000,국고채(3년),연%,817Y002,Korean 3-year Treasury yield (annual percent),2020-07-24T16:00:00+09:00,2020-07-25,KOFIA 16:00 KST source publication; usable from next calendar day; ECOS load time unverified
2020-07-27,0.803,0.803,연%,0.803,연%,817Y002,010200000,국고채(3년),연%,817Y002,Korean 3-year Treasury yield (annual percent),2020-07-27T16:00:00+09:00,2020-07-28,KOFIA 16:00 KST source publication; usable from next calendar day; ECOS load time unverified
2020-07-28,0.813,0.813,연%,0.813,연%,817Y002,010200000,국고채(3년),연%,817Y002,Korean 3-year Treasury yield (annual percent),2020-07-28T16:00:00+09:00,2020-07-29,KOFIA 16:00 KST source publication; usable from next calendar day; ECOS load time unverified
2020-07-29,0.811,0.811,연%,0.811,연%,817Y002,010200000,국고채(3년),연%,817Y002,Korean 3-year Treasury yield (annual percent),2020-07-29T16:00:00+09:00,2020-07-30,KOFIA 16:00 KST source publication; usable from next calendar day; ECOS load time unverified
2020-07-30,0.799,0.799,연%,0.799,연%,817Y002,010200000,국고채(3년),연%,817Y002,Korean 3-year Treasury yield (annual percent),2020-07-30T16:00:00+09:00,2020-07-31,KOFIA 16:00 KST source publication; usable from next calendar day; ECOS load time unverified
2020-07-31,0.796,0.796,연%,0.796,연%,817Y002,010200000,국고채(3년),연%,817Y002,Korean 3-year Treasury yield (annual percent),2020-07-31T16:00:00+09:00,2020-08-01,KOFIA 16:00 KST source publication; usable from next calendar day; ECOS load time unverified
2020-08-03,0.799,0.799,연%,0.799,연%,817Y002,010200000,국고채(3년),연%,817Y002,Korean 3-year Treasury yield (annual percent),2020-08-03T16:00:00+09:00,2020-08-04,KOFIA 16:00 KST source publication; usable from next calendar day; ECOS load time unverified
2020-08-04,0.802,0.802,연%,0.802,연%,817Y002,010200000,국고채(3년),연%,817Y002,Korean 3-year Treasury yield (annual percent),2020-08-04T16:00:00+09:00,2020-08-05,KOFIA 16:00 KST source publication; usable from next calendar day; ECOS load time unverified
2020-08-05,0.795,0.795,연%,0.795,연%,817Y002,010200000,국고채(3년),연%,817Y002,Korean 3-year Treasury yield (annual percent),2020-08-05T16:00:00+09:00,2020-08-06,KOFIA 16:00 KST source publication; usable from next calendar day; ECOS load time unverified
2020-08-06,0.807,0.807,연%,0.807,연%,817Y002,010200000,국고채(3년),연%,817Y002,Korean 3-year Treasury yield (annual percent),2020-08-06T16:00:00+09:00,2020-08-07,KOFIA 16:00 KST source publication; usable from next calendar day; ECOS load time unverified
2020-08-07,0.81,0.81,연%,0.81,연%,817Y002,010200000,국고채(3년),연%,817Y002,Korean 3-year Treasury yield (annual percent),2020-08-07T16:00:00+09:00,2020-08-08,KOFIA 16:00 KST source publication; usable from next calendar day; ECOS load time unverified
2020-08-10,0.83,0.83,연%,0.83,연%,817Y002,010200000,국고채(3년),연%,817Y002,Korean 3-year Treasury yield (annual percent),2020-08-10T16:00:00+09:00,2020-08-11,KOFIA 16:00 KST source publication; usable from next calendar day; ECOS load time unverified
2020-08-11,0.818,0.818,연%,0.818,연%,817Y002,010200000,국고채(3년),연%,817Y002,Korean 3-year Treasury yield (annual percent),2020-08-11T16:00:00+09:00,2020-08-12,KOFIA 16:00 KST source publication; usable from next calendar day; ECOS load time unverified
2020-08-12,0.827,0.827,연%,0.827,연%,817Y002,010200000,국고채(3년),연%,817Y002,Korean 3-year Treasury yield (annual percent),2020-08-12T16:00:00+09:00,2020-08-13,KOFIA 16:00 KST source publication; usable from next calendar day; ECOS load time unverified
2020-08-13,0.815,0.815,연%,0.815,연%,817Y002,010200000,국고채(3년),연%,817Y002,Korean 3-year Treasury yield (annual percent),2020-08-13T16:00:00+09:00,2020-08-14,KOFIA 16:00 KST source publication; usable from next calendar day; ECOS load time unverified
2020-08-14,0.828,0.828,연%,0.828,연%,817Y002,010200000,국고채(3년),연%,817Y002,Korean 3-year Treasury yield (annual percent),2020-08-14T16:00:00+09:00,2020-08-15,KOFIA 16:00 KST source publication; usable from next calendar day; ECOS load time unverified
2020-08-18,0.81,0.81,연%,0.81,연%,817Y002,010200000,국고채(3년),연%,817Y002,Korean 3-year Treasury yield (annual percent),2020-08-18T16:00:00+09:00,2020-08-19,KOFIA 16:00 KST source publication; usable from next calendar day; ECOS load time unverified
2020-08-19,0.805,0.805,연%,0.805,연%,817Y002,010200000,국고채(3년),연%,817Y002,Korean 3-year Treasury yield (annual percent),2020-08-19T16:00:00+09:00,2020-08-20,KOFIA 16:00 KST source publication; usable from next calendar day; ECOS load time unverified
2020-08-20,0.813,0.813,연%,0.813,연%,817Y002,010200000,국고채(3년),연%,817Y002,Korean 3-year Treasury yield (annual percent),2020-08-20T16:00:00+09:00,2020-08-21,KOFIA 16:00 KST source publication; usable from next calendar day; ECOS load time unverified
2020-08-21,0.854,0.854,연%,0.854,연%,817Y002,010200000,국고채(3년),연%,817Y002,Korean 3-year Treasury yield (annual percent),2020-08-21T16:00:00+09:00,2020-08-22,KOFIA 16:00 KST source publication; usable from next calendar day; ECOS load time unverified
2020-08-24,0.824,0.824,연%,0.824,연%,817Y002,010200000,국고채(3년),연%,817Y002,Korean 3-year Treasury yield (annual percent),2020-08-24T16:00:00+09:00,2020-08-25,KOFIA 16:00 KST source publication; usable from next calendar day; ECOS load time unverified
2020-08-25,0.825,0.825,연%,0.825,연%,817Y002,010200000,국고채(3년),연%,817Y002,Korean 3-year Treasury yield (annual percent),2020-08-25T16:00:00+09:00,2020-08-26,KOFIA 16:00 KST source publication; usable from next calendar day; ECOS load time unverified
2020-08-26,0.835,0.835,연%,0.835,연%,817Y002,010200000,국고채(3년),연%,817Y002,Korean 3-year Treasury yield (annual percent),2020-08-26T16:00:00+09:00,2020-08-27,KOFIA 16:00 KST source publication; usable from next calendar day; ECOS load time unverified
2020-08-27,0.852,0.852,연%,0.852,연%,817Y002,010200000,국고채(3년),연%,817Y002,Korean 3-year Treasury yield (annual percent),2020-08-27T16:00:00+09:00,2020-08-28,KOFIA 16:00 KST source publication; usable from next calendar day; ECOS load time unverified
2020-08-28,0.893,0.893,연%,0.893,연%,817Y002,010200000,국고채(3년),연%,817Y002,Korean 3-year Treasury yield (annual percent),2020-08-28T16:00:00+09:00,2020-08-29,KOFIA 16:00 KST source publication; usable from next calendar day; ECOS load time unverified
2020-08-31,0.94,0.94,연%,0.94,연%,817Y002,010200000,국고채(3년),연%,817Y002,Korean 3-year Treasury yield (annual percent),2020-08-31T16:00:00+09:00,2020-09-01,KOFIA 16:00 KST source publication; usable from next calendar day; ECOS load time unverified
2020-09-01,0.977,0.977,연%,0.977,연%,817Y002,010200000,국고채(3년),연%,817Y002,Korean 3-year Treasury yield (annual percent),2020-09-01T16:00:00+09:00,2020-09-02,KOFIA 16:00 KST source publication; usable from next calendar day; ECOS load time unverified
2020-09-02,0.923,0.923,연%,0.923,연%,817Y002,010200000,국고채(3년),연%,817Y002,Korean 3-year Treasury yield (annual percent),2020-09-02T16:00:00+09:00,2020-09-03,KOFIA 16:00 KST source publication; usable from next calendar day; ECOS load time unverified
2020-09-03,0.919,0.919,연%,0.919,연%,817Y002,010200000,국고채(3년),연%,817Y002,Korean 3-year Treasury yield (annual percent),2020-09-03T16:00:00+09:00,2020-09-04,KOFIA 16:00 KST source publication; usable from next calendar day; ECOS load time unverified
2020-09-04,0.929,0.929,연%,0.929,연%,817Y002,010200000,국고채(3년),연%,817Y002,Korean 3-year Treasury yield (annual percent),2020-09-04T16:00:00+09:00,2020-09-05,KOFIA 16:00 KST source publication; usable from next calendar day; ECOS load time unverified
2020-09-07,0.973,0.973,연%,0.973,연%,817Y002,010200000,국고채(3년),연%,817Y002,Korean 3-year Treasury yield (annual percent),2020-09-07T16:00:00+09:00,2020-09-08,KOFIA 16:00 KST source publication; usable from next calendar day; ECOS load time unverified
2020-09-08,0.949,0.949,연%,0.949,연%,817Y002,010200000,국고채(3년),연%,817Y002,Korean 3-year Treasury yield (annual percent),2020-09-08T16:00:00+09:00,2020-09-09,KOFIA 16:00 KST source publication; usable from next calendar day; ECOS load time unverified
2020-09-09,0.915,0.915,연%,0.915,연%,817Y002,010200000,국고채(3년),연%,817Y002,Korean 3-year Treasury yield (annual percent),2020-09-09T16:00:00+09:00,2020-09-10,KOFIA 16:00 KST source publication; usable from next calendar day; ECOS load time unverified
2020-09-10,0.915,0.915,연%,0.915,연%,817Y002,010200000,국고채(3년),연%,817Y002,Korean 3-year Treasury yield (annual percent),2020-09-10T16:00:00+09:00,2020-09-11,KOFIA 16:00 KST source publication; usable from next calendar day; ECOS load time unverified
2020-09-11,0.926,0.926,연%,0.926,연%,817Y002,010200000,국고채(3년),연%,817Y002,Korean 3-year Treasury yield (annual percent),2020-09-11T16:00:00+09:00,2020-09-12,KOFIA 16:00 KST source publication; usable from next calendar day; ECOS load time unverified
2020-09-14,0.919,0.919,연%,0.919,연%,817Y002,010200000,국고채(3년),연%,817Y002,Korean 3-year Treasury yield (annual percent),2020-09-14T16:00:00+09:00,2020-09-15,KOFIA 16:00 KST source publication; usable from next calendar day; ECOS load time unverified
2020-09-15,0.907,0.907,연%,0.907,연%,817Y002,010200000,국고채(3년),연%,817Y002,Korean 3-year Treasury yield (annual percent),2020-09-15T16:00:00+09:00,2020-09-16,KOFIA 16:00 KST source publication; usable from next calendar day; ECOS load time unverified
2020-09-16,0.91,0.91,연%,0.91,연%,817Y002,010200000,국고채(3년),연%,817Y002,Korean 3-year Treasury yield (annual percent),2020-09-16T16:00:00+09:00,2020-09-17,KOFIA 16:00 KST source publication; usable from next calendar day; ECOS load time unverified
2020-09-17,0.914,0.914,연%,0.914,연%,817Y002,010200000,국고채(3년),연%,817Y002,Korean 3-year Treasury yield (annual percent),2020-09-17T16:00:00+09:00,2020-09-18,KOFIA 16:00 KST source publication; usable from next calendar day; ECOS load time unverified
2020-09-18,0.907,0.907,연%,0.907,연%,817Y002,010200000,국고채(3년),연%,817Y002,Korean 3-year Treasury yield (annual percent),2020-09-18T16:00:00+09:00,2020-09-19,KOFIA 16:00 KST source publication; usable from next calendar day; ECOS load time unverified
2020-09-21,0.904,0.904,연%,0.904,연%,817Y002,010200000,국고채(3년),연%,817Y002,Korean 3-year Treasury yield (annual percent),2020-09-21T16:00:00+09:00,2020-09-22,KOFIA 16:00 KST source publication; usable from next calendar day; ECOS load time unverified
2020-09-22,0.897,0.897,연%,0.897,연%,817Y002,010200000,국고채(3년),연%,817Y002,Korean 3-year Treasury yield (annual percent),2020-09-22T16:00:00+09:00,2020-09-23,KOFIA 16:00 KST source publication; usable from next calendar day; ECOS load time unverified
2020-09-23,0.883,0.883,연%,0.883,연%,817Y002,010200000,국고채(3년),연%,817Y002,Korean 3-year Treasury yield (annual percent),2020-09-23T16:00:00+09:00,2020-09-24,KOFIA 16:00 KST source publication; usable from next calendar day; ECOS load time unverified
2020-09-24,0.857,0.857,연%,0.857,연%,817Y002,010200000,국고채(3년),연%,817Y002,Korean 3-year Treasury yield (annual percent),2020-09-24T16:00:00+09:00,2020-09-25,KOFIA 16:00 KST source publication; usable from next calendar day; ECOS load time unverified
2020-09-25,0.855,0.855,연%,0.855,연%,817Y002,010200000,국고채(3년),연%,817Y002,Korean 3-year Treasury yield (annual percent),2020-09-25T16:00:00+09:00,2020-09-26,KOFIA 16:00 KST source publication; usable from next calendar day; ECOS load time unverified
2020-09-28,0.843,0.843,연%,0.843,연%,817Y002,010200000,국고채(3년),연%,817Y002,Korean 3-year Treasury yield (annual percent),2020-09-28T16:00:00+09:00,2020-09-29,KOFIA 16:00 KST source publication; usable from next calendar day; ECOS load time unverified
2020-09-29,0.846,0.846,연%,0.846,연%,817Y002,010200000,국고채(3년),연%,817Y002,Korean 3-year Treasury yield (annual percent),2020-09-29T16:00:00+09:00,2020-09-30,KOFIA 16:00 KST source publication; usable from next calendar day; ECOS load time unverified
2020-10-05,0.881,0.881,연%,0.881,연%,817Y002,010200000,국고채(3년),연%,817Y002,Korean 3-year Treasury yield (annual percent),2020-10-05T16:00:00+09:00,2020-10-06,KOFIA 16:00 KST source publication; usable from next calendar day; ECOS load time unverified
2020-10-06,0.905,0.905,연%,0.905,연%,817Y002,010200000,국고채(3년),연%,817Y002,Korean 3-year Treasury yield (annual percent),2020-10-06T16:00:00+09:00,2020-10-07,KOFIA 16:00 KST source publication; usable from next calendar day; ECOS load time unverified
2020-10-07,0.91,0.91,연%,0.91,연%,817Y002,010200000,국고채(3년),연%,817Y002,Korean 3-year Treasury yield (annual percent),2020-10-07T16:00:00+09:00,2020-10-08,KOFIA 16:00 KST source publication; usable from next calendar day; ECOS load time unverified
2020-10-08,0.907,0.907,연%,0.907,연%,817Y002,010200000,국고채(3년),연%,817Y002,Korean 3-year Treasury yield (annual percent),2020-10-08T16:00:00+09:00,2020-10-09,KOFIA 16:00 KST source publication; usable from next calendar day; ECOS load time unverified
2020-10-12,0.925,0.925,연%,0.925,연%,817Y002,010200000,국고채(3년),연%,817Y002,Korean 3-year Treasury yield (annual percent),2020-10-12T16:00:00+09:00,2020-10-13,KOFIA 16:00 KST source publication; usable from next calendar day; ECOS load time unverified
2020-10-13,0.923,0.923,연%,0.923,연%,817Y002,010200000,국고채(3년),연%,817Y002,Korean 3-year Treasury yield (annual percent),2020-10-13T16:00:00+09:00,2020-10-14,KOFIA 16:00 KST source publication; usable from next calendar day; ECOS load time unverified
2020-10-14,0.901,0.901,연%,0.901,연%,817Y002,010200000,국고채(3년),연%,817Y002,Korean 3-year Treasury yield (annual percent),2020-10-14T16:00:00+09:00,2020-10-15,KOFIA 16:00 KST source publication; usable from next calendar day; ECOS load time unverified
2020-10-15,0.877,0.877,연%,0.877,연%,817Y002,010200000,국고채(3년),연%,817Y002,Korean 3-year Treasury yield (annual percent),2020-10-15T16:00:00+09:00,2020-10-16,KOFIA 16:00 KST source publication; usable from next calendar day; ECOS load time unverified
2020-10-16,0.888,0.888,연%,0.888,연%,817Y002,010200000,국고채(3년),연%,817Y002,Korean 3-year Treasury yield (annual percent),2020-10-16T16:00:00+09:00,2020-10-17,KOFIA 16:00 KST source publication; usable from next calendar day; ECOS load time unverified
2020-10-19,0.891,0.891,연%,0.891,연%,817Y002,010200000,국고채(3년),연%,817Y002,Korean 3-year Treasury yield (annual percent),2020-10-19T16:00:00+09:00,2020-10-20,KOFIA 16:00 KST source publication; usable from next calendar day; ECOS load time unverified
2020-10-20,0.911,0.911,연%,0.911,연%,817Y002,010200000,국고채(3년),연%,817Y002,Korean 3-year Treasury yield (annual percent),2020-10-20T16:00:00+09:00,2020-10-21,KOFIA 16:00 KST source publication; usable from next calendar day; ECOS load time unverified
2020-10-21,0.934,0.934,연%,0.934,연%,817Y002,010200000,국고채(3년),연%,817Y002,Korean 3-year Treasury yield (annual percent),2020-10-21T16:00:00+09:00,2020-10-22,KOFIA 16:00 KST source publication; usable from next calendar day; ECOS load time unverified
2020-10-22,0.925,0.925,연%,0.925,연%,817Y002,010200000,국고채(3년),연%,817Y002,Korean 3-year Treasury yield (annual percent),2020-10-22T16:00:00+09:00,2020-10-23,KOFIA 16:00 KST source publication; usable from next calendar day; ECOS load time unverified
2020-10-23,0.91,0.91,연%,0.91,연%,817Y002,010200000,국고채(3년),연%,817Y002,Korean 3-year Treasury yield (annual percent),2020-10-23T16:00:00+09:00,2020-10-24,KOFIA 16:00 KST source publication; usable from next calendar day; ECOS load time unverified
2020-10-26,0.908,0.908,연%,0.908,연%,817Y002,010200000,국고채(3년),연%,817Y002,Korean 3-year Treasury yield (annual percent),2020-10-26T16:00:00+09:00,2020-10-27,KOFIA 16:00 KST source publication; usable from next calendar day; ECOS load time unverified
2020-10-27,0.917,0.917,연%,0.917,연%,817Y002,010200000,국고채(3년),연%,817Y002,Korean 3-year Treasury yield (annual percent),2020-10-27T16:00:00+09:00,2020-10-28,KOFIA 16:00 KST source publication; usable from next calendar day; ECOS load time unverified
2020-10-28,0.914,0.914,연%,0.914,연%,817Y002,010200000,국고채(3년),연%,817Y002,Korean 3-year Treasury yield (annual percent),2020-10-28T16:00:00+09:00,2020-10-29,KOFIA 16:00 KST source publication; usable from next calendar day; ECOS load time unverified
2020-10-29,0.927,0.927,연%,0.927,연%,817Y002,010200000,국고채(3년),연%,817Y002,Korean 3-year Treasury yield (annual percent),2020-10-29T16:00:00+09:00,2020-10-30,KOFIA 16:00 KST source publication; usable from next calendar day; ECOS load time unverified
2020-10-30,0.935,0.935,연%,0.935,연%,817Y002,010200000,국고채(3년),연%,817Y002,Korean 3-year Treasury yield (annual percent),2020-10-30T16:00:00+09:00,2020-10-31,KOFIA 16:00 KST source publication; usable from next calendar day; ECOS load time unverified
2020-11-02,0.971,0.971,연%,0.971,연%,817Y002,010200000,국고채(3년),연%,817Y002,Korean 3-year Treasury yield (annual percent),2020-11-02T16:00:00+09:00,2020-11-03,KOFIA 16:00 KST source publication; usable from next calendar day; ECOS load time unverified
2020-11-03,0.98,0.98,연%,0.98,연%,817Y002,010200000,국고채(3년),연%,817Y002,Korean 3-year Treasury yield (annual percent),2020-11-03T16:00:00+09:00,2020-11-04,KOFIA 16:00 KST source publication; usable from next calendar day; ECOS load time unverified
2020-11-04,0.955,0.955,연%,0.955,연%,817Y002,010200000,국고채(3년),연%,817Y002,Korean 3-year Treasury yield (annual percent),2020-11-04T16:00:00+09:00,2020-11-05,KOFIA 16:00 KST source publication; usable from next calendar day; ECOS load time unverified
2020-11-05,0.927,0.927,연%,0.927,연%,817Y002,010200000,국고채(3년),연%,817Y002,Korean 3-year Treasury yield (annual percent),2020-11-05T16:00:00+09:00,2020-11-06,KOFIA 16:00 KST source publication; usable from next calendar day; ECOS load time unverified
2020-11-06,0.943,0.943,연%,0.943,연%,817Y002,010200000,국고채(3년),연%,817Y002,Korean 3-year Treasury yield (annual percent),2020-11-06T16:00:00+09:00,2020-11-07,KOFIA 16:00 KST source publication; usable from next calendar day; ECOS load time unverified
2020-11-09,0.959,0.959,연%,0.959,연%,817Y002,010200000,국고채(3년),연%,817Y002,Korean 3-year Treasury yield (annual percent),2020-11-09T16:00:00+09:00,2020-11-10,KOFIA 16:00 KST source publication; usable from next calendar day; ECOS load time unverified
2020-11-10,0.976,0.976,연%,0.976,연%,817Y002,010200000,국고채(3년),연%,817Y002,Korean 3-year Treasury yield (annual percent),2020-11-10T16:00:00+09:00,2020-11-11,KOFIA 16:00 KST source publication; usable from next calendar day; ECOS load time unverified
2020-11-11,0.989,0.989,연%,0.989,연%,817Y002,010200000,국고채(3년),연%,817Y002,Korean 3-year Treasury yield (annual percent),2020-11-11T16:00:00+09:00,2020-11-12,KOFIA 16:00 KST source publication; usable from next calendar day; ECOS load time unverified
2020-11-12,0.969,0.969,연%,0.969,연%,817Y002,010200000,국고채(3년),연%,817Y002,Korean 3-year Treasury yield (annual percent),2020-11-12T16:00:00+09:00,2020-11-13,KOFIA 16:00 KST source publication; usable from next calendar day; ECOS load time unverified
2020-11-13,0.965,0.965,연%,0.965,연%,817Y002,010200000,국고채(3년),연%,817Y002,Korean 3-year Treasury yield (annual percent),2020-11-13T16:00:00+09:00,2020-11-14,KOFIA 16:00 KST source publication; usable from next calendar day; ECOS load time unverified
2020-11-16,0.97,0.97,연%,0.97,연%,817Y002,010200000,국고채(3년),연%,817Y002,Korean 3-year Treasury yield (annual percent),2020-11-16T16:00:00+09:00,2020-11-17,KOFIA 16:00 KST source publication; usable from next calendar day; ECOS load time unverified
2020-11-17,0.96,0.96,연%,0.96,연%,817Y002,010200000,국고채(3년),연%,817Y002,Korean 3-year Treasury yield (annual percent),2020-11-17T16:00:00+09:00,2020-11-18,KOFIA 16:00 KST source publication; usable from next calendar day; ECOS load time unverified
2020-11-18,0.949,0.949,연%,0.949,연%,817Y002,010200000,국고채(3년),연%,817Y002,Korean 3-year Treasury yield (annual percent),2020-11-18T16:00:00+09:00,2020-11-19,KOFIA 16:00 KST source publication; usable from next calendar day; ECOS load time unverified
2020-11-19,0.955,0.955,연%,0.955,연%,817Y002,010200000,국고채(3년),연%,817Y002,Korean 3-year Treasury yield (annual percent),2020-11-19T16:00:00+09:00,2020-11-20,KOFIA 16:00 KST source publication; usable from next calendar day; ECOS load time unverified
2020-11-20,0.963,0.963,연%,0.963,연%,817Y002,010200000,국고채(3년),연%,817Y002,Korean 3-year Treasury yield (annual percent),2020-11-20T16:00:00+09:00,2020-11-21,KOFIA 16:00 KST source publication; usable from next calendar day; ECOS load time unverified
2020-11-23,0.955,0.955,연%,0.955,연%,817Y002,010200000,국고채(3년),연%,817Y002,Korean 3-year Treasury yield (annual percent),2020-11-23T16:00:00+09:00,2020-11-24,KOFIA 16:00 KST source publication; usable from next calendar day; ECOS load time unverified
2020-11-24,0.963,0.963,연%,0.963,연%,817Y002,010200000,국고채(3년),연%,817Y002,Korean 3-year Treasury yield (annual percent),2020-11-24T16:00:00+09:00,2020-11-25,KOFIA 16:00 KST source publication; usable from next calendar day; ECOS load time unverified
2020-11-25,0.971,0.971,연%,0.971,연%,817Y002,010200000,국고채(3년),연%,817Y002,Korean 3-year Treasury yield (annual percent),2020-11-25T16:00:00+09:00,2020-11-26,KOFIA 16:00 KST source publication; usable from next calendar day; ECOS load time unverified
2020-11-26,0.981,0.981,연%,0.981,연%,817Y002,010200000,국고채(3년),연%,817Y002,Korean 3-year Treasury yield (annual percent),2020-11-26T16:00:00+09:00,2020-11-27,KOFIA 16:00 KST source publication; usable from next calendar day; ECOS load time unverified
2020-11-27,0.979,0.979,연%,0.979,연%,817Y002,010200000,국고채(3년),연%,817Y002,Korean 3-year Treasury yield (annual percent),2020-11-27T16:00:00+09:00,2020-11-28,KOFIA 16:00 KST source publication; usable from next calendar day; ECOS load time unverified
2020-11-30,0.983,0.983,연%,0.983,연%,817Y002,010200000,국고채(3년),연%,817Y002,Korean 3-year Treasury yield (annual percent),2020-11-30T16:00:00+09:00,2020-12-01,KOFIA 16:00 KST source publication; usable from next calendar day; ECOS load time unverified
2020-12-01,0.982,0.982,연%,0.982,연%,817Y002,010200000,국고채(3년),연%,817Y002,Korean 3-year Treasury yield (annual percent),2020-12-01T16:00:00+09:00,2020-12-02,KOFIA 16:00 KST source publication; usable from next calendar day; ECOS load time unverified
2020-12-02,0.982,0.982,연%,0.982,연%,817Y002,010200000,국고채(3년),연%,817Y002,Korean 3-year Treasury yield (annual percent),2020-12-02T16:00:00+09:00,2020-12-03,KOFIA 16:00 KST source publication; usable from next calendar day; ECOS load time unverified
2020-12-03,0.975,0.975,연%,0.975,연%,817Y002,010200000,국고채(3년),연%,817Y002,Korean 3-year Treasury yield (annual percent),2020-12-03T16:00:00+09:00,2020-12-04,KOFIA 16:00 KST source publication; usable from next calendar day; ECOS load time unverified
2020-12-04,0.966,0.966,연%,0.966,연%,817Y002,010200000,국고채(3년),연%,817Y002,Korean 3-year Treasury yield (annual percent),2020-12-04T16:00:00+09:00,2020-12-05,KOFIA 16:00 KST source publication; usable from next calendar day; ECOS load time unverified
2020-12-07,0.961,0.961,연%,0.961,연%,817Y002,010200000,국고채(3년),연%,817Y002,Korean 3-year Treasury yield (annual percent),2020-12-07T16:00:00+09:00,2020-12-08,KOFIA 16:00 KST source publication; usable from next calendar day; ECOS load time unverified
2020-12-08,0.959,0.959,연%,0.959,연%,817Y002,010200000,국고채(3년),연%,817Y002,Korean 3-year Treasury yield (annual percent),2020-12-08T16:00:00+09:00,2020-12-09,KOFIA 16:00 KST source publication; usable from next calendar day; ECOS load time unverified
2020-12-09,0.966,0.966,연%,0.966,연%,817Y002,010200000,국고채(3년),연%,817Y002,Korean 3-year Treasury yield (annual percent),2020-12-09T16:00:00+09:00,2020-12-10,KOFIA 16:00 KST source publication; usable from next calendar day; ECOS load time unverified
2020-12-10,0.973,0.973,연%,0.973,연%,817Y002,010200000,국고채(3년),연%,817Y002,Korean 3-year Treasury yield (annual percent),2020-12-10T16:00:00+09:00,2020-12-11,KOFIA 16:00 KST source publication; usable from next calendar day; ECOS load time unverified
2020-12-11,0.98,0.98,연%,0.98,연%,817Y002,010200000,국고채(3년),연%,817Y002,Korean 3-year Treasury yield (annual percent),2020-12-11T16:00:00+09:00,2020-12-12,KOFIA 16:00 KST source publication; usable from next calendar day; ECOS load time unverified
2020-12-14,0.986,0.986,연%,0.986,연%,817Y002,010200000,국고채(3년),연%,817Y002,Korean 3-year Treasury yield (annual percent),2020-12-14T16:00:00+09:00,2020-12-15,KOFIA 16:00 KST source publication; usable from next calendar day; ECOS load time unverified
2020-12-15,0.984,0.984,연%,0.984,연%,817Y002,010200000,국고채(3년),연%,817Y002,Korean 3-year Treasury yield (annual percent),2020-12-15T16:00:00+09:00,2020-12-16,KOFIA 16:00 KST source publication; usable from next calendar day; ECOS load time unverified
2020-12-16,0.989,0.989,연%,0.989,연%,817Y002,010200000,국고채(3년),연%,817Y002,Korean 3-year Treasury yield (annual percent),2020-12-16T16:00:00+09:00,2020-12-17,KOFIA 16:00 KST source publication; usable from next calendar day; ECOS load time unverified
2020-12-17,0.999,0.999,연%,0.999,연%,817Y002,010200000,국고채(3년),연%,817Y002,Korean 3-year Treasury yield (annual percent),2020-12-17T16:00:00+09:00,2020-12-18,KOFIA 16:00 KST source publication; usable from next calendar day; ECOS load time unverified
2020-12-18,0.963,0.963,연%,0.963,연%,817Y002,010200000,국고채(3년),연%,817Y002,Korean 3-year Treasury yield (annual percent),2020-12-18T16:00:00+09:00,2020-12-19,KOFIA 16:00 KST source publication; usable from next calendar day; ECOS load time unverified
2020-12-21,0.959,0.959,연%,0.959,연%,817Y002,010200000,국고채(3년),연%,817Y002,Korean 3-year Treasury yield (annual percent),2020-12-21T16:00:00+09:00,2020-12-22,KOFIA 16:00 KST source publication; usable from next calendar day; ECOS load time unverified
2020-12-22,0.945,0.945,연%,0.945,연%,817Y002,010200000,국고채(3년),연%,817Y002,Korean 3-year Treasury yield (annual percent),2020-12-22T16:00:00+09:00,2020-12-23,KOFIA 16:00 KST source publication; usable from next calendar day; ECOS load time unverified
2020-12-23,0.932,0.932,연%,0.932,연%,817Y002,010200000,국고채(3년),연%,817Y002,Korean 3-year Treasury yield (annual percent),2020-12-23T16:00:00+09:00,2020-12-24,KOFIA 16:00 KST source publication; usable from next calendar day; ECOS load time unverified
2020-12-24,0.95,0.95,연%,0.95,연%,817Y002,010200000,국고채(3년),연%,817Y002,Korean 3-year Treasury yield (annual percent),2020-12-24T16:00:00+09:00,2020-12-25,KOFIA 16:00 KST source publication; usable from next calendar day; ECOS load time unverified
2020-12-28,0.958,0.958,연%,0.958,연%,817Y002,010200000,국고채(3년),연%,817Y002,Korean 3-year Treasury yield (annual percent),2020-12-28T16:00:00+09:00,2020-12-29,KOFIA 16:00 KST source publication; usable from next calendar day; ECOS load time unverified
2020-12-29,0.973,0.973,연%,0.973,연%,817Y002,010200000,국고채(3년),연%,817Y002,Korean 3-year Treasury yield (annual percent),2020-12-29T16:00:00+09:00,2020-12-30,KOFIA 16:00 KST source publication; usable from next calendar day; ECOS load time unverified
2020-12-30,0.978,0.978,연%,0.978,연%,817Y002,010200000,국고채(3년),연%,817Y002,Korean 3-year Treasury yield (annual percent),2020-12-30T16:00:00+09:00,2020-12-31,KOFIA 16:00 KST source publication; usable from next calendar day; ECOS load time unverified
2020-12-31,0.976,0.976,연%,0.976,연%,817Y002,010200000,국고채(3년),연%,817Y002,Korean 3-year Treasury yield (annual percent),2020-12-31T16:00:00+09:00,2021-01-01,KOFIA 16:00 KST source publication; usable from next calendar day; ECOS load time unverified
2021-01-04,0.954,0.954,연%,0.954,연%,817Y002,010200000,국고채(3년),연%,817Y002,Korean 3-year Treasury yield (annual percent),2021-01-04T16:00:00+09:00,2021-01-05,KOFIA 16:00 KST source publication; usable from next calendar day; ECOS load time unverified
2021-01-05,0.936,0.936,연%,0.936,연%,817Y002,010200000,국고채(3년),연%,817Y002,Korean 3-year Treasury yield (annual percent),2021-01-05T16:00:00+09:00,2021-01-06,KOFIA 16:00 KST source publication; usable from next calendar day; ECOS load time unverified
2021-01-06,0.953,0.953,연%,0.953,연%,817Y002,010200000,국고채(3년),연%,817Y002,Korean 3-year Treasury yield (annual percent),2021-01-06T16:00:00+09:00,2021-01-07,KOFIA 16:00 KST source publication; usable from next calendar day; ECOS load time unverified
2021-01-07,0.964,0.964,연%,0.964,연%,817Y002,010200000,국고채(3년),연%,817Y002,Korean 3-year Treasury yield (annual percent),2021-01-07T16:00:00+09:00,2021-01-08,KOFIA 16:00 KST source publication; usable from next calendar day; ECOS load time unverified
2021-01-08,0.978,0.978,연%,0.978,연%,817Y002,010200000,국고채(3년),연%,817Y002,Korean 3-year Treasury yield (annual percent),2021-01-08T16:00:00+09:00,2021-01-09,KOFIA 16:00 KST source publication; usable from next calendar day; ECOS load time unverified
2021-01-11,0.969,0.969,연%,0.969,연%,817Y002,010200000,국고채(3년),연%,817Y002,Korean 3-year Treasury yield (annual percent),2021-01-11T16:00:00+09:00,2021-01-12,KOFIA 16:00 KST source publication; usable from next calendar day; ECOS load time unverified
2021-01-12,0.976,0.976,연%,0.976,연%,817Y002,010200000,국고채(3년),연%,817Y002,Korean 3-year Treasury yield (annual percent),2021-01-12T16:00:00+09:00,2021-01-13,KOFIA 16:00 KST source publication; usable from next calendar day; ECOS load time unverified
2021-01-13,0.979,0.979,연%,0.979,연%,817Y002,010200000,국고채(3년),연%,817Y002,Korean 3-year Treasury yield (annual percent),2021-01-13T16:00:00+09:00,2021-01-14,KOFIA 16:00 KST source publication; usable from next calendar day; ECOS load time unverified
2021-01-14,0.988,0.988,연%,0.988,연%,817Y002,010200000,국고채(3년),연%,817Y002,Korean 3-year Treasury yield (annual percent),2021-01-14T16:00:00+09:00,2021-01-15,KOFIA 16:00 KST source publication; usable from next calendar day; ECOS load time unverified
2021-01-15,0.973,0.973,연%,0.973,연%,817Y002,010200000,국고채(3년),연%,817Y002,Korean 3-year Treasury yield (annual percent),2021-01-15T16:00:00+09:00,2021-01-16,KOFIA 16:00 KST source publication; usable from next calendar day; ECOS load time unverified
2021-01-18,0.968,0.968,연%,0.968,연%,817Y002,010200000,국고채(3년),연%,817Y002,Korean 3-year Treasury yield (annual percent),2021-01-18T16:00:00+09:00,2021-01-19,KOFIA 16:00 KST source publication; usable from next calendar day; ECOS load time unverified
2021-01-19,0.974,0.974,연%,0.974,연%,817Y002,010200000,국고채(3년),연%,817Y002,Korean 3-year Treasury yield (annual percent),2021-01-19T16:00:00+09:00,2021-01-20,KOFIA 16:00 KST source publication; usable from next calendar day; ECOS load time unverified
2021-01-20,0.976,0.976,연%,0.976,연%,817Y002,010200000,국고채(3년),연%,817Y002,Korean 3-year Treasury yield (annual percent),2021-01-20T16:00:00+09:00,2021-01-21,KOFIA 16:00 KST source publication; usable from next calendar day; ECOS load time unverified
2021-01-21,0.971,0.971,연%,0.971,연%,817Y002,010200000,국고채(3년),연%,817Y002,Korean 3-year Treasury yield (annual percent),2021-01-21T16:00:00+09:00,2021-01-22,KOFIA 16:00 KST source publication; usable from next calendar day; ECOS load time unverified
2021-01-22,0.993,0.993,연%,0.993,연%,817Y002,010200000,국고채(3년),연%,817Y002,Korean 3-year Treasury yield (annual percent),2021-01-22T16:00:00+09:00,2021-01-23,KOFIA 16:00 KST source publication; usable from next calendar day; ECOS load time unverified
2021-01-25,1.006,1.006,연%,1.006,연%,817Y002,010200000,국고채(3년),연%,817Y002,Korean 3-year Treasury yield (annual percent),2021-01-25T16:00:00+09:00,2021-01-26,KOFIA 16:00 KST source publication; usable from next calendar day; ECOS load time unverified
2021-01-26,1.007,1.007,연%,1.007,연%,817Y002,010200000,국고채(3년),연%,817Y002,Korean 3-year Treasury yield (annual percent),2021-01-26T16:00:00+09:00,2021-01-27,KOFIA 16:00 KST source publication; usable from next calendar day; ECOS load time unverified
2021-01-27,0.982,0.982,연%,0.982,연%,817Y002,010200000,국고채(3년),연%,817Y002,Korean 3-year Treasury yield (annual percent),2021-01-27T16:00:00+09:00,2021-01-28,KOFIA 16:00 KST source publication; usable from next calendar day; ECOS load time unverified
2021-01-28,0.977,0.977,연%,0.977,연%,817Y002,010200000,국고채(3년),연%,817Y002,Korean 3-year Treasury yield (annual percent),2021-01-28T16:00:00+09:00,2021-01-29,KOFIA 16:00 KST source publication; usable from next calendar day; ECOS load time unverified
2021-01-29,0.971,0.971,연%,0.971,연%,817Y002,010200000,국고채(3년),연%,817Y002,Korean 3-year Treasury yield (annual percent),2021-01-29T16:00:00+09:00,2021-01-30,KOFIA 16:00 KST source publication; usable from next calendar day; ECOS load time unverified
2021-02-01,0.994,0.994,연%,0.994,연%,817Y002,010200000,국고채(3년),연%,817Y002,Korean 3-year Treasury yield (annual percent),2021-02-01T16:00:00+09:00,2021-02-02,KOFIA 16:00 KST source publication; usable from next calendar day; ECOS load time unverified
2021-02-02,0.98,0.98,연%,0.98,연%,817Y002,010200000,국고채(3년),연%,817Y002,Korean 3-year Treasury yield (annual percent),2021-02-02T16:00:00+09:00,2021-02-03,KOFIA 16:00 KST source publication; usable from next calendar day; ECOS load time unverified
2021-02-03,0.978,0.978,연%,0.978,연%,817Y002,010200000,국고채(3년),연%,817Y002,Korean 3-year Treasury yield (annual percent),2021-02-03T16:00:00+09:00,2021-02-04,KOFIA 16:00 KST source publication; usable from next calendar day; ECOS load time unverified
2021-02-04,0.984,0.984,연%,0.984,연%,817Y002,010200000,국고채(3년),연%,817Y002,Korean 3-year Treasury yield (annual percent),2021-02-04T16:00:00+09:00,2021-02-05,KOFIA 16:00 KST source publication; usable from next calendar day; ECOS load time unverified
2021-02-05,0.982,0.982,연%,0.982,연%,817Y002,010200000,국고채(3년),연%,817Y002,Korean 3-year Treasury yield (annual percent),2021-02-05T16:00:00+09:00,2021-02-06,KOFIA 16:00 KST source publication; usable from next calendar day; ECOS load time unverified
2021-02-08,1.001,1.001,연%,1.001,연%,817Y002,010200000,국고채(3년),연%,817Y002,Korean 3-year Treasury yield (annual percent),2021-02-08T16:00:00+09:00,2021-02-09,KOFIA 16:00 KST source publication; usable from next calendar day; ECOS load time unverified
2021-02-09,0.99,0.99,연%,0.99,연%,817Y002,010200000,국고채(3년),연%,817Y002,Korean 3-year Treasury yield (annual percent),2021-02-09T16:00:00+09:00,2021-02-10,KOFIA 16:00 KST source publication; usable from next calendar day; ECOS load time unverified
2021-02-10,0.995,0.995,연%,0.995,연%,817Y002,010200000,국고채(3년),연%,817Y002,Korean 3-year Treasury yield (annual percent),2021-02-10T16:00:00+09:00,2021-02-11,KOFIA 16:00 KST source publication; usable from next calendar day; ECOS load time unverified
2021-02-15,0.998,0.998,연%,0.998,연%,817Y002,010200000,국고채(3년),연%,817Y002,Korean 3-year Treasury yield (annual percent),2021-02-15T16:00:00+09:00,2021-02-16,KOFIA 16:00 KST source publication; usable from next calendar day; ECOS load time unverified
2021-02-16,0.984,0.984,연%,0.984,연%,817Y002,010200000,국고채(3년),연%,817Y002,Korean 3-year Treasury yield (annual percent),2021-02-16T16:00:00+09:00,2021-02-17,KOFIA 16:00 KST source publication; usable from next calendar day; ECOS load time unverified
2021-02-17,0.986,0.986,연%,0.986,연%,817Y002,010200000,국고채(3년),연%,817Y002,Korean 3-year Treasury yield (annual percent),2021-02-17T16:00:00+09:00,2021-02-18,KOFIA 16:00 KST source publication; usable from next calendar day; ECOS load time unverified
2021-02-18,0.985,0.985,연%,0.985,연%,817Y002,010200000,국고채(3년),연%,817Y002,Korean 3-year Treasury yield (annual percent),2021-02-18T16:00:00+09:00,2021-02-19,KOFIA 16:00 KST source publication; usable from next calendar day; ECOS load time unverified
2021-02-19,0.996,0.996,연%,0.996,연%,817Y002,010200000,국고채(3년),연%,817Y002,Korean 3-year Treasury yield (annual percent),2021-02-19T16:00:00+09:00,2021-02-20,KOFIA 16:00 KST source publication; usable from next calendar day; ECOS load time unverified
2021-02-22,1.02,1.02,연%,1.02,연%,817Y002,010200000,국고채(3년),연%,817Y002,Korean 3-year Treasury yield (annual percent),2021-02-22T16:00:00+09:00,2021-02-23,KOFIA 16:00 KST source publication; usable from next calendar day; ECOS load time unverified
2021-02-23,1.02,1.02,연%,1.02,연%,817Y002,010200000,국고채(3년),연%,817Y002,Korean 3-year Treasury yield (annual percent),2021-02-23T16:00:00+09:00,2021-02-24,KOFIA 16:00 KST source publication; usable from next calendar day; ECOS load time unverified
2021-02-24,1.006,1.006,연%,1.006,연%,817Y002,010200000,국고채(3년),연%,817Y002,Korean 3-year Treasury yield (annual percent),2021-02-24T16:00:00+09:00,2021-02-25,KOFIA 16:00 KST source publication; usable from next calendar day; ECOS load time unverified
2021-02-25,0.995,0.995,연%,0.995,연%,817Y002,010200000,국고채(3년),연%,817Y002,Korean 3-year Treasury yield (annual percent),2021-02-25T16:00:00+09:00,2021-02-26,KOFIA 16:00 KST source publication; usable from next calendar day; ECOS load time unverified
2021-02-26,1.02,1.02,연%,1.02,연%,817Y002,010200000,국고채(3년),연%,817Y002,Korean 3-year Treasury yield (annual percent),2021-02-26T16:00:00+09:00,2021-02-27,KOFIA 16:00 KST source publication; usable from next calendar day; ECOS load time unverified
2021-03-02,1.021,1.021,연%,1.021,연%,817Y002,010200000,국고채(3년),연%,817Y002,Korean 3-year Treasury yield (annual percent),2021-03-02T16:00:00+09:00,2021-03-03,KOFIA 16:00 KST source publication; usable from next calendar day; ECOS load time unverified
2021-03-03,1.019,1.019,연%,1.019,연%,817Y002,010200000,국고채(3년),연%,817Y002,Korean 3-year Treasury yield (annual percent),2021-03-03T16:00:00+09:00,2021-03-04,KOFIA 16:00 KST source publication; usable from next calendar day; ECOS load time unverified
2021-03-04,1.03,1.03,연%,1.03,연%,817Y002,010200000,국고채(3년),연%,817Y002,Korean 3-year Treasury yield (annual percent),2021-03-04T16:00:00+09:00,2021-03-05,KOFIA 16:00 KST source publication; usable from next calendar day; ECOS load time unverified
2021-03-05,1.066,1.066,연%,1.066,연%,817Y002,010200000,국고채(3년),연%,817Y002,Korean 3-year Treasury yield (annual percent),2021-03-05T16:00:00+09:00,2021-03-06,KOFIA 16:00 KST source publication; usable from next calendar day; ECOS load time unverified
2021-03-08,1.139,1.139,연%,1.139,연%,817Y002,010200000,국고채(3년),연%,817Y002,Korean 3-year Treasury yield (annual percent),2021-03-08T16:00:00+09:00,2021-03-09,KOFIA 16:00 KST source publication; usable from next calendar day; ECOS load time unverified
2021-03-09,1.206,1.206,연%,1.206,연%,817Y002,010200000,국고채(3년),연%,817Y002,Korean 3-year Treasury yield (annual percent),2021-03-09T16:00:00+09:00,2021-03-10,KOFIA 16:00 KST source publication; usable from next calendar day; ECOS load time unverified
2021-03-10,1.182,1.182,연%,1.182,연%,817Y002,010200000,국고채(3년),연%,817Y002,Korean 3-year Treasury yield (annual percent),2021-03-10T16:00:00+09:00,2021-03-11,KOFIA 16:00 KST source publication; usable from next calendar day; ECOS load time unverified
2021-03-11,1.179,1.179,연%,1.179,연%,817Y002,010200000,국고채(3년),연%,817Y002,Korean 3-year Treasury yield (annual percent),2021-03-11T16:00:00+09:00,2021-03-12,KOFIA 16:00 KST source publication; usable from next calendar day; ECOS load time unverified
2021-03-12,1.223,1.223,연%,1.223,연%,817Y002,010200000,국고채(3년),연%,817Y002,Korean 3-year Treasury yield (annual percent),2021-03-12T16:00:00+09:00,2021-03-13,KOFIA 16:00 KST source publication; usable from next calendar day; ECOS load time unverified
2021-03-15,1.238,1.238,연%,1.238,연%,817Y002,010200000,국고채(3년),연%,817Y002,Korean 3-year Treasury yield (annual percent),2021-03-15T16:00:00+09:00,2021-03-16,KOFIA 16:00 KST source publication; usable from next calendar day; ECOS load time unverified
2021-03-16,1.177,1.177,연%,1.177,연%,817Y002,010200000,국고채(3년),연%,817Y002,Korean 3-year Treasury yield (annual percent),2021-03-16T16:00:00+09:00,2021-03-17,KOFIA 16:00 KST source publication; usable from next calendar day; ECOS load time unverified
2021-03-17,1.177,1.177,연%,1.177,연%,817Y002,010200000,국고채(3년),연%,817Y002,Korean 3-year Treasury yield (annual percent),2021-03-17T16:00:00+09:00,2021-03-18,KOFIA 16:00 KST source publication; usable from next calendar day; ECOS load time unverified
2021-03-18,1.133,1.133,연%,1.133,연%,817Y002,010200000,국고채(3년),연%,817Y002,Korean 3-year Treasury yield (annual percent),2021-03-18T16:00:00+09:00,2021-03-19,KOFIA 16:00 KST source publication; usable from next calendar day; ECOS load time unverified
2021-03-19,1.146,1.146,연%,1.146,연%,817Y002,010200000,국고채(3년),연%,817Y002,Korean 3-year Treasury yield (annual percent),2021-03-19T16:00:00+09:00,2021-03-20,KOFIA 16:00 KST source publication; usable from next calendar day; ECOS load time unverified
2021-03-22,1.13,1.13,연%,1.13,연%,817Y002,010200000,국고채(3년),연%,817Y002,Korean 3-year Treasury yield (annual percent),2021-03-22T16:00:00+09:00,2021-03-23,KOFIA 16:00 KST source publication; usable from next calendar day; ECOS load time unverified
2021-03-23,1.132,1.132,연%,1.132,연%,817Y002,010200000,국고채(3년),연%,817Y002,Korean 3-year Treasury yield (annual percent),2021-03-23T16:00:00+09:00,2021-03-24,KOFIA 16:00 KST source publication; usable from next calendar day; ECOS load time unverified
2021-03-24,1.115,1.115,연%,1.115,연%,817Y002,010200000,국고채(3년),연%,817Y002,Korean 3-year Treasury yield (annual percent),2021-03-24T16:00:00+09:00,2021-03-25,KOFIA 16:00 KST source publication; usable from next calendar day; ECOS load time unverified
2021-03-25,1.089,1.089,연%,1.089,연%,817Y002,010200000,국고채(3년),연%,817Y002,Korean 3-year Treasury yield (annual percent),2021-03-25T16:00:00+09:00,2021-03-26,KOFIA 16:00 KST source publication; usable from next calendar day; ECOS load time unverified
2021-03-26,1.117,1.117,연%,1.117,연%,817Y002,010200000,국고채(3년),연%,817Y002,Korean 3-year Treasury yield (annual percent),2021-03-26T16:00:00+09:00,2021-03-27,KOFIA 16:00 KST source publication; usable from next calendar day; ECOS load time unverified
2021-03-29,1.119,1.119,연%,1.119,연%,817Y002,010200000,국고채(3년),연%,817Y002,Korean 3-year Treasury yield (annual percent),2021-03-29T16:00:00+09:00,2021-03-30,KOFIA 16:00 KST source publication; usable from next calendar day; ECOS load time unverified
2021-03-30,1.155,1.155,연%,1.155,연%,817Y002,010200000,국고채(3년),연%,817Y002,Korean 3-year Treasury yield (annual percent),2021-03-30T16:00:00+09:00,2021-03-31,KOFIA 16:00 KST source publication; usable from next calendar day; ECOS load time unverified
2021-03-31,1.133,1.133,연%,1.133,연%,817Y002,010200000,국고채(3년),연%,817Y002,Korean 3-year Treasury yield (annual percent),2021-03-31T16:00:00+09:00,2021-04-01,KOFIA 16:00 KST source publication; usable from next calendar day; ECOS load time unverified
2021-04-01,1.138,1.138,연%,1.138,연%,817Y002,010200000,국고채(3년),연%,817Y002,Korean 3-year Treasury yield (annual percent),2021-04-01T16:00:00+09:00,2021-04-02,KOFIA 16:00 KST source publication; usable from next calendar day; ECOS load time unverified
2021-04-02,1.151,1.151,연%,1.151,연%,817Y002,010200000,국고채(3년),연%,817Y002,Korean 3-year Treasury yield (annual percent),2021-04-02T16:00:00+09:00,2021-04-03,KOFIA 16:00 KST source publication; usable from next calendar day; ECOS load time unverified
2021-04-05,1.202,1.202,연%,1.202,연%,817Y002,010200000,국고채(3년),연%,817Y002,Korean 3-year Treasury yield (annual percent),2021-04-05T16:00:00+09:00,2021-04-06,KOFIA 16:00 KST source publication; usable from next calendar day; ECOS load time unverified
2021-04-06,1.181,1.181,연%,1.181,연%,817Y002,010200000,국고채(3년),연%,817Y002,Korean 3-year Treasury yield (annual percent),2021-04-06T16:00:00+09:00,2021-04-07,KOFIA 16:00 KST source publication; usable from next calendar day; ECOS load time unverified
2021-04-07,1.181,1.181,연%,1.181,연%,817Y002,010200000,국고채(3년),연%,817Y002,Korean 3-year Treasury yield (annual percent),2021-04-07T16:00:00+09:00,2021-04-08,KOFIA 16:00 KST source publication; usable from next calendar day; ECOS load time unverified
2021-04-08,1.152,1.152,연%,1.152,연%,817Y002,010200000,국고채(3년),연%,817Y002,Korean 3-year Treasury yield (annual percent),2021-04-08T16:00:00+09:00,2021-04-09,KOFIA 16:00 KST source publication; usable from next calendar day; ECOS load time unverified
2021-04-09,1.168,1.168,연%,1.168,연%,817Y002,010200000,국고채(3년),연%,817Y002,Korean 3-year Treasury yield (annual percent),2021-04-09T16:00:00+09:00,2021-04-10,KOFIA 16:00 KST source publication; usable from next calendar day; ECOS load time unverified
2021-04-12,1.14,1.14,연%,1.14,연%,817Y002,010200000,국고채(3년),연%,817Y002,Korean 3-year Treasury yield (annual percent),2021-04-12T16:00:00+09:00,2021-04-13,KOFIA 16:00 KST source publication; usable from next calendar day; ECOS load time unverified
2021-04-13,1.138,1.138,연%,1.138,연%,817Y002,010200000,국고채(3년),연%,817Y002,Korean 3-year Treasury yield (annual percent),2021-04-13T16:00:00+09:00,2021-04-14,KOFIA 16:00 KST source publication; usable from next calendar day; ECOS load time unverified
2021-04-14,1.102,1.102,연%,1.102,연%,817Y002,010200000,국고채(3년),연%,817Y002,Korean 3-year Treasury yield (annual percent),2021-04-14T16:00:00+09:00,2021-04-15,KOFIA 16:00 KST source publication; usable from next calendar day; ECOS load time unverified
2021-04-15,1.147,1.147,연%,1.147,연%,817Y002,010200000,국고채(3년),연%,817Y002,Korean 3-year Treasury yield (annual percent),2021-04-15T16:00:00+09:00,2021-04-16,KOFIA 16:00 KST source publication; usable from next calendar day; ECOS load time unverified
2021-04-16,1.154,1.154,연%,1.154,연%,817Y002,010200000,국고채(3년),연%,817Y002,Korean 3-year Treasury yield (annual percent),2021-04-16T16:00:00+09:00,2021-04-17,KOFIA 16:00 KST source publication; usable from next calendar day; ECOS load time unverified
2021-04-19,1.129,1.129,연%,1.129,연%,817Y002,010200000,국고채(3년),연%,817Y002,Korean 3-year Treasury yield (annual percent),2021-04-19T16:00:00+09:00,2021-04-20,KOFIA 16:00 KST source publication; usable from next calendar day; ECOS load time unverified
2021-04-20,1.134,1.134,연%,1.134,연%,817Y002,010200000,국고채(3년),연%,817Y002,Korean 3-year Treasury yield (annual percent),2021-04-20T16:00:00+09:00,2021-04-21,KOFIA 16:00 KST source publication; usable from next calendar day; ECOS load time unverified
2021-04-21,1.11,1.11,연%,1.11,연%,817Y002,010200000,국고채(3년),연%,817Y002,Korean 3-year Treasury yield (annual percent),2021-04-21T16:00:00+09:00,2021-04-22,KOFIA 16:00 KST source publication; usable from next calendar day; ECOS load time unverified
2021-04-22,1.105,1.105,연%,1.105,연%,817Y002,010200000,국고채(3년),연%,817Y002,Korean 3-year Treasury yield (annual percent),2021-04-22T16:00:00+09:00,2021-04-23,KOFIA 16:00 KST source publication; usable from next calendar day; ECOS load time unverified
2021-04-23,1.12,1.12,연%,1.12,연%,817Y002,010200000,국고채(3년),연%,817Y002,Korean 3-year Treasury yield (annual percent),2021-04-23T16:00:00+09:00,2021-04-24,KOFIA 16:00 KST source publication; usable from next calendar day; ECOS load time unverified
2021-04-26,1.119,1.119,연%,1.119,연%,817Y002,010200000,국고채(3년),연%,817Y002,Korean 3-year Treasury yield (annual percent),2021-04-26T16:00:00+09:00,2021-04-27,KOFIA 16:00 KST source publication; usable from next calendar day; ECOS load time unverified
2021-04-27,1.097,1.097,연%,1.097,연%,817Y002,010200000,국고채(3년),연%,817Y002,Korean 3-year Treasury yield (annual percent),2021-04-27T16:00:00+09:00,2021-04-28,KOFIA 16:00 KST source publication; usable from next calendar day; ECOS load time unverified
2021-04-28,1.105,1.105,연%,1.105,연%,817Y002,010200000,국고채(3년),연%,817Y002,Korean 3-year Treasury yield (annual percent),2021-04-28T16:00:00+09:00,2021-04-29,KOFIA 16:00 KST source publication; usable from next calendar day; ECOS load time unverified
2021-04-29,1.121,1.121,연%,1.121,연%,817Y002,010200000,국고채(3년),연%,817Y002,Korean 3-year Treasury yield (annual percent),2021-04-29T16:00:00+09:00,2021-04-30,KOFIA 16:00 KST source publication; usable from next calendar day; ECOS load time unverified
2021-04-30,1.141,1.141,연%,1.141,연%,817Y002,010200000,국고채(3년),연%,817Y002,Korean 3-year Treasury yield (annual percent),2021-04-30T16:00:00+09:00,2021-05-01,KOFIA 16:00 KST source publication; usable from next calendar day; ECOS load time unverified
2021-05-03,1.149,1.149,연%,1.149,연%,817Y002,010200000,국고채(3년),연%,817Y002,Korean 3-year Treasury yield (annual percent),2021-05-03T16:00:00+09:00,2021-05-04,KOFIA 16:00 KST source publication; usable from next calendar day; ECOS load time unverified
2021-05-04,1.158,1.158,연%,1.158,연%,817Y002,010200000,국고채(3년),연%,817Y002,Korean 3-year Treasury yield (annual percent),2021-05-04T16:00:00+09:00,2021-05-05,KOFIA 16:00 KST source publication; usable from next calendar day; ECOS load time unverified
2021-05-06,1.14,1.14,연%,1.14,연%,817Y002,010200000,국고채(3년),연%,817Y002,Korean 3-year Treasury yield (annual percent),2021-05-06T16:00:00+09:00,2021-05-07,KOFIA 16:00 KST source publication; usable from next calendar day; ECOS load time unverified
2021-05-07,1.137,1.137,연%,1.137,연%,817Y002,010200000,국고채(3년),연%,817Y002,Korean 3-year Treasury yield (annual percent),2021-05-07T16:00:00+09:00,2021-05-08,KOFIA 16:00 KST source publication; usable from next calendar day; ECOS load time unverified
2021-05-10,1.136,1.136,연%,1.136,연%,817Y002,010200000,국고채(3년),연%,817Y002,Korean 3-year Treasury yield (annual percent),2021-05-10T16:00:00+09:00,2021-05-11,KOFIA 16:00 KST source publication; usable from next calendar day; ECOS load time unverified
2021-05-11,1.128,1.128,연%,1.128,연%,817Y002,010200000,국고채(3년),연%,817Y002,Korean 3-year Treasury yield (annual percent),2021-05-11T16:00:00+09:00,2021-05-12,KOFIA 16:00 KST source publication; usable from next calendar day; ECOS load time unverified
2021-05-12,1.121,1.121,연%,1.121,연%,817Y002,010200000,국고채(3년),연%,817Y002,Korean 3-year Treasury yield (annual percent),2021-05-12T16:00:00+09:00,2021-05-13,KOFIA 16:00 KST source publication; usable from next calendar day; ECOS load time unverified
2021-05-13,1.123,1.123,연%,1.123,연%,817Y002,010200000,국고채(3년),연%,817Y002,Korean 3-year Treasury yield (annual percent),2021-05-13T16:00:00+09:00,2021-05-14,KOFIA 16:00 KST source publication; usable from next calendar day; ECOS load time unverified
2021-05-14,1.116,1.116,연%,1.116,연%,817Y002,010200000,국고채(3년),연%,817Y002,Korean 3-year Treasury yield (annual percent),2021-05-14T16:00:00+09:00,2021-05-15,KOFIA 16:00 KST source publication; usable from next calendar day; ECOS load time unverified
2021-05-17,1.107,1.107,연%,1.107,연%,817Y002,010200000,국고채(3년),연%,817Y002,Korean 3-year Treasury yield (annual percent),2021-05-17T16:00:00+09:00,2021-05-18,KOFIA 16:00 KST source publication; usable from next calendar day; ECOS load time unverified
2021-05-18,1.099,1.099,연%,1.099,연%,817Y002,010200000,국고채(3년),연%,817Y002,Korean 3-year Treasury yield (annual percent),2021-05-18T16:00:00+09:00,2021-05-19,KOFIA 16:00 KST source publication; usable from next calendar day; ECOS load time unverified
2021-05-20,1.103,1.103,연%,1.103,연%,817Y002,010200000,국고채(3년),연%,817Y002,Korean 3-year Treasury yield (annual percent),2021-05-20T16:00:00+09:00,2021-05-21,KOFIA 16:00 KST source publication; usable from next calendar day; ECOS load time unverified
2021-05-21,1.095,1.095,연%,1.095,연%,817Y002,010200000,국고채(3년),연%,817Y002,Korean 3-year Treasury yield (annual percent),2021-05-21T16:00:00+09:00,2021-05-22,KOFIA 16:00 KST source publication; usable from next calendar day; ECOS load time unverified
2021-05-24,1.116,1.116,연%,1.116,연%,817Y002,010200000,국고채(3년),연%,817Y002,Korean 3-year Treasury yield (annual percent),2021-05-24T16:00:00+09:00,2021-05-25,KOFIA 16:00 KST source publication; usable from next calendar day; ECOS load time unverified
2021-05-25,1.142,1.142,연%,1.142,연%,817Y002,010200000,국고채(3년),연%,817Y002,Korean 3-year Treasury yield (annual percent),2021-05-25T16:00:00+09:00,2021-05-26,KOFIA 16:00 KST source publication; usable from next calendar day; ECOS load time unverified
2021-05-26,1.161,1.161,연%,1.161,연%,817Y002,010200000,국고채(3년),연%,817Y002,Korean 3-year Treasury yield (annual percent),2021-05-26T16:00:00+09:00,2021-05-27,KOFIA 16:00 KST source publication; usable from next calendar day; ECOS load time unverified
2021-05-27,1.124,1.124,연%,1.124,연%,817Y002,010200000,국고채(3년),연%,817Y002,Korean 3-year Treasury yield (annual percent),2021-05-27T16:00:00+09:00,2021-05-28,KOFIA 16:00 KST source publication; usable from next calendar day; ECOS load time unverified
2021-05-28,1.162,1.162,연%,1.162,연%,817Y002,010200000,국고채(3년),연%,817Y002,Korean 3-year Treasury yield (annual percent),2021-05-28T16:00:00+09:00,2021-05-29,KOFIA 16:00 KST source publication; usable from next calendar day; ECOS load time unverified
2021-05-31,1.227,1.227,연%,1.227,연%,817Y002,010200000,국고채(3년),연%,817Y002,Korean 3-year Treasury yield (annual percent),2021-05-31T16:00:00+09:00,2021-06-01,KOFIA 16:00 KST source publication; usable from next calendar day; ECOS load time unverified
2021-06-01,1.213,1.213,연%,1.213,연%,817Y002,010200000,국고채(3년),연%,817Y002,Korean 3-year Treasury yield (annual percent),2021-06-01T16:00:00+09:00,2021-06-02,KOFIA 16:00 KST source publication; usable from next calendar day; ECOS load time unverified
2021-06-02,1.206,1.206,연%,1.206,연%,817Y002,010200000,국고채(3년),연%,817Y002,Korean 3-year Treasury yield (annual percent),2021-06-02T16:00:00+09:00,2021-06-03,KOFIA 16:00 KST source publication; usable from next calendar day; ECOS load time unverified
2021-06-03,1.191,1.191,연%,1.191,연%,817Y002,010200000,국고채(3년),연%,817Y002,Korean 3-year Treasury yield (annual percent),2021-06-03T16:00:00+09:00,2021-06-04,KOFIA 16:00 KST source publication; usable from next calendar day; ECOS load time unverified
2021-06-04,1.22,1.22,연%,1.22,연%,817Y002,010200000,국고채(3년),연%,817Y002,Korean 3-year Treasury yield (annual percent),2021-06-04T16:00:00+09:00,2021-06-05,KOFIA 16:00 KST source publication; usable from next calendar day; ECOS load time unverified
2021-06-07,1.201,1.201,연%,1.201,연%,817Y002,010200000,국고채(3년),연%,817Y002,Korean 3-year Treasury yield (annual percent),2021-06-07T16:00:00+09:00,2021-06-08,KOFIA 16:00 KST source publication; usable from next calendar day; ECOS load time unverified
2021-06-08,1.174,1.174,연%,1.174,연%,817Y002,010200000,국고채(3년),연%,817Y002,Korean 3-year Treasury yield (annual percent),2021-06-08T16:00:00+09:00,2021-06-09,KOFIA 16:00 KST source publication; usable from next calendar day; ECOS load time unverified
2021-06-09,1.137,1.137,연%,1.137,연%,817Y002,010200000,국고채(3년),연%,817Y002,Korean 3-year Treasury yield (annual percent),2021-06-09T16:00:00+09:00,2021-06-10,KOFIA 16:00 KST source publication; usable from next calendar day; ECOS load time unverified
2021-06-10,1.282,1.282,연%,1.282,연%,817Y002,010200000,국고채(3년),연%,817Y002,Korean 3-year Treasury yield (annual percent),2021-06-10T16:00:00+09:00,2021-06-11,KOFIA 16:00 KST source publication; usable from next calendar day; ECOS load time unverified
2021-06-11,1.276,1.276,연%,1.276,연%,817Y002,010200000,국고채(3년),연%,817Y002,Korean 3-year Treasury yield (annual percent),2021-06-11T16:00:00+09:00,2021-06-12,KOFIA 16:00 KST source publication; usable from next calendar day; ECOS load time unverified
2021-06-14,1.287,1.287,연%,1.287,연%,817Y002,010200000,국고채(3년),연%,817Y002,Korean 3-year Treasury yield (annual percent),2021-06-14T16:00:00+09:00,2021-06-15,KOFIA 16:00 KST source publication; usable from next calendar day; ECOS load time unverified
2021-06-15,1.307,1.307,연%,1.307,연%,817Y002,010200000,국고채(3년),연%,817Y002,Korean 3-year Treasury yield (annual percent),2021-06-15T16:00:00+09:00,2021-06-16,KOFIA 16:00 KST source publication; usable from next calendar day; ECOS load time unverified
2021-06-16,1.286,1.286,연%,1.286,연%,817Y002,010200000,국고채(3년),연%,817Y002,Korean 3-year Treasury yield (annual percent),2021-06-16T16:00:00+09:00,2021-06-17,KOFIA 16:00 KST source publication; usable from next calendar day; ECOS load time unverified
2021-06-17,1.327,1.327,연%,1.327,연%,817Y002,010200000,국고채(3년),연%,817Y002,Korean 3-year Treasury yield (annual percent),2021-06-17T16:00:00+09:00,2021-06-18,KOFIA 16:00 KST source publication; usable from next calendar day; ECOS load time unverified
2021-06-18,1.313,1.313,연%,1.313,연%,817Y002,010200000,국고채(3년),연%,817Y002,Korean 3-year Treasury yield (annual percent),2021-06-18T16:00:00+09:00,2021-06-19,KOFIA 16:00 KST source publication; usable from next calendar day; ECOS load time unverified
2021-06-21,1.351,1.351,연%,1.351,연%,817Y002,010200000,국고채(3년),연%,817Y002,Korean 3-year Treasury yield (annual percent),2021-06-21T16:00:00+09:00,2021-06-22,KOFIA 16:00 KST source publication; usable from next calendar day; ECOS load time unverified
2021-06-22,1.331,1.331,연%,1.331,연%,817Y002,010200000,국고채(3년),연%,817Y002,Korean 3-year Treasury yield (annual percent),2021-06-22T16:00:00+09:00,2021-06-23,KOFIA 16:00 KST source publication; usable from next calendar day; ECOS load time unverified
2021-06-23,1.338,1.338,연%,1.338,연%,817Y002,010200000,국고채(3년),연%,817Y002,Korean 3-year Treasury yield (annual percent),2021-06-23T16:00:00+09:00,2021-06-24,KOFIA 16:00 KST source publication; usable from next calendar day; ECOS load time unverified
2021-06-24,1.384,1.384,연%,1.384,연%,817Y002,010200000,국고채(3년),연%,817Y002,Korean 3-year Treasury yield (annual percent),2021-06-24T16:00:00+09:00,2021-06-25,KOFIA 16:00 KST source publication; usable from next calendar day; ECOS load time unverified
2021-06-25,1.441,1.441,연%,1.441,연%,817Y002,010200000,국고채(3년),연%,817Y002,Korean 3-year Treasury yield (annual percent),2021-06-25T16:00:00+09:00,2021-06-26,KOFIA 16:00 KST source publication; usable from next calendar day; ECOS load time unverified
2021-06-28,1.47,1.47,연%,1.47,연%,817Y002,010200000,국고채(3년),연%,817Y002,Korean 3-year Treasury yield (annual percent),2021-06-28T16:00:00+09:00,2021-06-29,KOFIA 16:00 KST source publication; usable from next calendar day; ECOS load time unverified
2021-06-29,1.459,1.459,연%,1.459,연%,817Y002,010200000,국고채(3년),연%,817Y002,Korean 3-year Treasury yield (annual percent),2021-06-29T16:00:00+09:00,2021-06-30,KOFIA 16:00 KST source publication; usable from next calendar day; ECOS load time unverified
2021-06-30,1.448,1.448,연%,1.448,연%,817Y002,010200000,국고채(3년),연%,817Y002,Korean 3-year Treasury yield (annual percent),2021-06-30T16:00:00+09:00,2021-07-01,KOFIA 16:00 KST source publication; usable from next calendar day; ECOS load time unverified
2021-07-01,1.469,1.469,연%,1.469,연%,817Y002,010200000,국고채(3년),연%,817Y002,Korean 3-year Treasury yield (annual percent),2021-07-01T16:00:00+09:00,2021-07-02,KOFIA 16:00 KST source publication; usable from next calendar day; ECOS load time unverified
2021-07-02,1.484,1.484,연%,1.484,연%,817Y002,010200000,국고채(3년),연%,817Y002,Korean 3-year Treasury yield (annual percent),2021-07-02T16:00:00+09:00,2021-07-03,KOFIA 16:00 KST source publication; usable from next calendar day; ECOS load time unverified
2021-07-05,1.462,1.462,연%,1.462,연%,817Y002,010200000,국고채(3년),연%,817Y002,Korean 3-year Treasury yield (annual percent),2021-07-05T16:00:00+09:00,2021-07-06,KOFIA 16:00 KST source publication; usable from next calendar day; ECOS load time unverified
2021-07-06,1.465,1.465,연%,1.465,연%,817Y002,010200000,국고채(3년),연%,817Y002,Korean 3-year Treasury yield (annual percent),2021-07-06T16:00:00+09:00,2021-07-07,KOFIA 16:00 KST source publication; usable from next calendar day; ECOS load time unverified
2021-07-07,1.41,1.41,연%,1.41,연%,817Y002,010200000,국고채(3년),연%,817Y002,Korean 3-year Treasury yield (annual percent),2021-07-07T16:00:00+09:00,2021-07-08,KOFIA 16:00 KST source publication; usable from next calendar day; ECOS load time unverified
2021-07-08,1.358,1.358,연%,1.358,연%,817Y002,010200000,국고채(3년),연%,817Y002,Korean 3-year Treasury yield (annual percent),2021-07-08T16:00:00+09:00,2021-07-09,KOFIA 16:00 KST source publication; usable from next calendar day; ECOS load time unverified
2021-07-09,1.375,1.375,연%,1.375,연%,817Y002,010200000,국고채(3년),연%,817Y002,Korean 3-year Treasury yield (annual percent),2021-07-09T16:00:00+09:00,2021-07-10,KOFIA 16:00 KST source publication; usable from next calendar day; ECOS load time unverified
2021-07-12,1.384,1.384,연%,1.384,연%,817Y002,010200000,국고채(3년),연%,817Y002,Korean 3-year Treasury yield (annual percent),2021-07-12T16:00:00+09:00,2021-07-13,KOFIA 16:00 KST source publication; usable from next calendar day; ECOS load time unverified
2021-07-13,1.424,1.424,연%,1.424,연%,817Y002,010200000,국고채(3년),연%,817Y002,Korean 3-year Treasury yield (annual percent),2021-07-13T16:00:00+09:00,2021-07-14,KOFIA 16:00 KST source publication; usable from next calendar day; ECOS load time unverified
2021-07-14,1.39,1.39,연%,1.39,연%,817Y002,010200000,국고채(3년),연%,817Y002,Korean 3-year Treasury yield (annual percent),2021-07-14T16:00:00+09:00,2021-07-15,KOFIA 16:00 KST source publication; usable from next calendar day; ECOS load time unverified
2021-07-15,1.497,1.497,연%,1.497,연%,817Y002,010200000,국고채(3년),연%,817Y002,Korean 3-year Treasury yield (annual percent),2021-07-15T16:00:00+09:00,2021-07-16,KOFIA 16:00 KST source publication; usable from next calendar day; ECOS load time unverified
2021-07-16,1.451,1.451,연%,1.451,연%,817Y002,010200000,국고채(3년),연%,817Y002,Korean 3-year Treasury yield (annual percent),2021-07-16T16:00:00+09:00,2021-07-17,KOFIA 16:00 KST source publication; usable from next calendar day; ECOS load time unverified
2021-07-19,1.459,1.459,연%,1.459,연%,817Y002,010200000,국고채(3년),연%,817Y002,Korean 3-year Treasury yield (annual percent),2021-07-19T16:00:00+09:00,2021-07-20,KOFIA 16:00 KST source publication; usable from next calendar day; ECOS load time unverified
2021-07-20,1.41,1.41,연%,1.41,연%,817Y002,010200000,국고채(3년),연%,817Y002,Korean 3-year Treasury yield (annual percent),2021-07-20T16:00:00+09:00,2021-07-21,KOFIA 16:00 KST source publication; usable from next calendar day; ECOS load time unverified
2021-07-21,1.383,1.383,연%,1.383,연%,817Y002,010200000,국고채(3년),연%,817Y002,Korean 3-year Treasury yield (annual percent),2021-07-21T16:00:00+09:00,2021-07-22,KOFIA 16:00 KST source publication; usable from next calendar day; ECOS load time unverified
2021-07-22,1.397,1.397,연%,1.397,연%,817Y002,010200000,국고채(3년),연%,817Y002,Korean 3-year Treasury yield (annual percent),2021-07-22T16:00:00+09:00,2021-07-23,KOFIA 16:00 KST source publication; usable from next calendar day; ECOS load time unverified
2021-07-23,1.393,1.393,연%,1.393,연%,817Y002,010200000,국고채(3년),연%,817Y002,Korean 3-year Treasury yield (annual percent),2021-07-23T16:00:00+09:00,2021-07-24,KOFIA 16:00 KST source publication; usable from next calendar day; ECOS load time unverified
2021-07-26,1.369,1.369,연%,1.369,연%,817Y002,010200000,국고채(3년),연%,817Y002,Korean 3-year Treasury yield (annual percent),2021-07-26T16:00:00+09:00,2021-07-27,KOFIA 16:00 KST source publication; usable from next calendar day; ECOS load time unverified
2021-07-27,1.38,1.38,연%,1.38,연%,817Y002,010200000,국고채(3년),연%,817Y002,Korean 3-year Treasury yield (annual percent),2021-07-27T16:00:00+09:00,2021-07-28,KOFIA 16:00 KST source publication; usable from next calendar day; ECOS load time unverified
2021-07-28,1.419,1.419,연%,1.419,연%,817Y002,010200000,국고채(3년),연%,817Y002,Korean 3-year Treasury yield (annual percent),2021-07-28T16:00:00+09:00,2021-07-29,KOFIA 16:00 KST source publication; usable from next calendar day; ECOS load time unverified
2021-07-29,1.431,1.431,연%,1.431,연%,817Y002,010200000,국고채(3년),연%,817Y002,Korean 3-year Treasury yield (annual percent),2021-07-29T16:00:00+09:00,2021-07-30,KOFIA 16:00 KST source publication; usable from next calendar day; ECOS load time unverified
2021-07-30,1.417,1.417,연%,1.417,연%,817Y002,010200000,국고채(3년),연%,817Y002,Korean 3-year Treasury yield (annual percent),2021-07-30T16:00:00+09:00,2021-07-31,KOFIA 16:00 KST source publication; usable from next calendar day; ECOS load time unverified
2021-08-02,1.435,1.435,연%,1.435,연%,817Y002,010200000,국고채(3년),연%,817Y002,Korean 3-year Treasury yield (annual percent),2021-08-02T16:00:00+09:00,2021-08-03,KOFIA 16:00 KST source publication; usable from next calendar day; ECOS load time unverified
2021-08-03,1.442,1.442,연%,1.442,연%,817Y002,010200000,국고채(3년),연%,817Y002,Korean 3-year Treasury yield (annual percent),2021-08-03T16:00:00+09:00,2021-08-04,KOFIA 16:00 KST source publication; usable from next calendar day; ECOS load time unverified
2021-08-04,1.418,1.418,연%,1.418,연%,817Y002,010200000,국고채(3년),연%,817Y002,Korean 3-year Treasury yield (annual percent),2021-08-04T16:00:00+09:00,2021-08-05,KOFIA 16:00 KST source publication; usable from next calendar day; ECOS load time unverified
2021-08-05,1.414,1.414,연%,1.414,연%,817Y002,010200000,국고채(3년),연%,817Y002,Korean 3-year Treasury yield (annual percent),2021-08-05T16:00:00+09:00,2021-08-06,KOFIA 16:00 KST source publication; usable from next calendar day; ECOS load time unverified
2021-08-06,1.433,1.433,연%,1.433,연%,817Y002,010200000,국고채(3년),연%,817Y002,Korean 3-year Treasury yield (annual percent),2021-08-06T16:00:00+09:00,2021-08-07,KOFIA 16:00 KST source publication; usable from next calendar day; ECOS load time unverified
2021-08-09,1.436,1.436,연%,1.436,연%,817Y002,010200000,국고채(3년),연%,817Y002,Korean 3-year Treasury yield (annual percent),2021-08-09T16:00:00+09:00,2021-08-10,KOFIA 16:00 KST source publication; usable from next calendar day; ECOS load time unverified
2021-08-10,1.432,1.432,연%,1.432,연%,817Y002,010200000,국고채(3년),연%,817Y002,Korean 3-year Treasury yield (annual percent),2021-08-10T16:00:00+09:00,2021-08-11,KOFIA 16:00 KST source publication; usable from next calendar day; ECOS load time unverified
2021-08-11,1.419,1.419,연%,1.419,연%,817Y002,010200000,국고채(3년),연%,817Y002,Korean 3-year Treasury yield (annual percent),2021-08-11T16:00:00+09:00,2021-08-12,KOFIA 16:00 KST source publication; usable from next calendar day; ECOS load time unverified
2021-08-12,1.413,1.413,연%,1.413,연%,817Y002,010200000,국고채(3년),연%,817Y002,Korean 3-year Treasury yield (annual percent),2021-08-12T16:00:00+09:00,2021-08-13,KOFIA 16:00 KST source publication; usable from next calendar day; ECOS load time unverified
2021-08-13,1.407,1.407,연%,1.407,연%,817Y002,010200000,국고채(3년),연%,817Y002,Korean 3-year Treasury yield (annual percent),2021-08-13T16:00:00+09:00,2021-08-14,KOFIA 16:00 KST source publication; usable from next calendar day; ECOS load time unverified
2021-08-17,1.402,1.402,연%,1.402,연%,817Y002,010200000,국고채(3년),연%,817Y002,Korean 3-year Treasury yield (annual percent),2021-08-17T16:00:00+09:00,2021-08-18,KOFIA 16:00 KST source publication; usable from next calendar day; ECOS load time unverified
2021-08-18,1.389,1.389,연%,1.389,연%,817Y002,010200000,국고채(3년),연%,817Y002,Korean 3-year Treasury yield (annual percent),2021-08-18T16:00:00+09:00,2021-08-19,KOFIA 16:00 KST source publication; usable from next calendar day; ECOS load time unverified
2021-08-19,1.36,1.36,연%,1.36,연%,817Y002,010200000,국고채(3년),연%,817Y002,Korean 3-year Treasury yield (annual percent),2021-08-19T16:00:00+09:00,2021-08-20,KOFIA 16:00 KST source publication; usable from next calendar day; ECOS load time unverified
2021-08-20,1.364,1.364,연%,1.364,연%,817Y002,010200000,국고채(3년),연%,817Y002,Korean 3-year Treasury yield (annual percent),2021-08-20T16:00:00+09:00,2021-08-21,KOFIA 16:00 KST source publication; usable from next calendar day; ECOS load time unverified
2021-08-23,1.389,1.389,연%,1.389,연%,817Y002,010200000,국고채(3년),연%,817Y002,Korean 3-year Treasury yield (annual percent),2021-08-23T16:00:00+09:00,2021-08-24,KOFIA 16:00 KST source publication; usable from next calendar day; ECOS load time unverified
2021-08-24,1.438,1.438,연%,1.438,연%,817Y002,010200000,국고채(3년),연%,817Y002,Korean 3-year Treasury yield (annual percent),2021-08-24T16:00:00+09:00,2021-08-25,KOFIA 16:00 KST source publication; usable from next calendar day; ECOS load time unverified
2021-08-25,1.435,1.435,연%,1.435,연%,817Y002,010200000,국고채(3년),연%,817Y002,Korean 3-year Treasury yield (annual percent),2021-08-25T16:00:00+09:00,2021-08-26,KOFIA 16:00 KST source publication; usable from next calendar day; ECOS load time unverified
2021-08-26,1.398,1.398,연%,1.398,연%,817Y002,010200000,국고채(3년),연%,817Y002,Korean 3-year Treasury yield (annual percent),2021-08-26T16:00:00+09:00,2021-08-27,KOFIA 16:00 KST source publication; usable from next calendar day; ECOS load time unverified
2021-08-27,1.408,1.408,연%,1.408,연%,817Y002,010200000,국고채(3년),연%,817Y002,Korean 3-year Treasury yield (annual percent),2021-08-27T16:00:00+09:00,2021-08-28,KOFIA 16:00 KST source publication; usable from next calendar day; ECOS load time unverified
2021-08-30,1.398,1.398,연%,1.398,연%,817Y002,010200000,국고채(3년),연%,817Y002,Korean 3-year Treasury yield (annual percent),2021-08-30T16:00:00+09:00,2021-08-31,KOFIA 16:00 KST source publication; usable from next calendar day; ECOS load time unverified
2021-08-31,1.395,1.395,연%,1.395,연%,817Y002,010200000,국고채(3년),연%,817Y002,Korean 3-year Treasury yield (annual percent),2021-08-31T16:00:00+09:00,2021-09-01,KOFIA 16:00 KST source publication; usable from next calendar day; ECOS load time unverified
2021-09-01,1.417,1.417,연%,1.417,연%,817Y002,010200000,국고채(3년),연%,817Y002,Korean 3-year Treasury yield (annual percent),2021-09-01T16:00:00+09:00,2021-09-02,KOFIA 16:00 KST source publication; usable from next calendar day; ECOS load time unverified
2021-09-02,1.422,1.422,연%,1.422,연%,817Y002,010200000,국고채(3년),연%,817Y002,Korean 3-year Treasury yield (annual percent),2021-09-02T16:00:00+09:00,2021-09-03,KOFIA 16:00 KST source publication; usable from next calendar day; ECOS load time unverified
2021-09-03,1.437,1.437,연%,1.437,연%,817Y002,010200000,국고채(3년),연%,817Y002,Korean 3-year Treasury yield (annual percent),2021-09-03T16:00:00+09:00,2021-09-04,KOFIA 16:00 KST source publication; usable from next calendar day; ECOS load time unverified
2021-09-06,1.459,1.459,연%,1.459,연%,817Y002,010200000,국고채(3년),연%,817Y002,Korean 3-year Treasury yield (annual percent),2021-09-06T16:00:00+09:00,2021-09-07,KOFIA 16:00 KST source publication; usable from next calendar day; ECOS load time unverified
2021-09-07,1.464,1.464,연%,1.464,연%,817Y002,010200000,국고채(3년),연%,817Y002,Korean 3-year Treasury yield (annual percent),2021-09-07T16:00:00+09:00,2021-09-08,KOFIA 16:00 KST source publication; usable from next calendar day; ECOS load time unverified
2021-09-08,1.489,1.489,연%,1.489,연%,817Y002,010200000,국고채(3년),연%,817Y002,Korean 3-year Treasury yield (annual percent),2021-09-08T16:00:00+09:00,2021-09-09,KOFIA 16:00 KST source publication; usable from next calendar day; ECOS load time unverified
2021-09-09,1.499,1.499,연%,1.499,연%,817Y002,010200000,국고채(3년),연%,817Y002,Korean 3-year Treasury yield (annual percent),2021-09-09T16:00:00+09:00,2021-09-10,KOFIA 16:00 KST source publication; usable from next calendar day; ECOS load time unverified
2021-09-10,1.501,1.501,연%,1.501,연%,817Y002,010200000,국고채(3년),연%,817Y002,Korean 3-year Treasury yield (annual percent),2021-09-10T16:00:00+09:00,2021-09-11,KOFIA 16:00 KST source publication; usable from next calendar day; ECOS load time unverified
2021-09-13,1.525,1.525,연%,1.525,연%,817Y002,010200000,국고채(3년),연%,817Y002,Korean 3-year Treasury yield (annual percent),2021-09-13T16:00:00+09:00,2021-09-14,KOFIA 16:00 KST source publication; usable from next calendar day; ECOS load time unverified
2021-09-14,1.535,1.535,연%,1.535,연%,817Y002,010200000,국고채(3년),연%,817Y002,Korean 3-year Treasury yield (annual percent),2021-09-14T16:00:00+09:00,2021-09-15,KOFIA 16:00 KST source publication; usable from next calendar day; ECOS load time unverified
2021-09-15,1.492,1.492,연%,1.492,연%,817Y002,010200000,국고채(3년),연%,817Y002,Korean 3-year Treasury yield (annual percent),2021-09-15T16:00:00+09:00,2021-09-16,KOFIA 16:00 KST source publication; usable from next calendar day; ECOS load time unverified
2021-09-16,1.51,1.51,연%,1.51,연%,817Y002,010200000,국고채(3년),연%,817Y002,Korean 3-year Treasury yield (annual percent),2021-09-16T16:00:00+09:00,2021-09-17,KOFIA 16:00 KST source publication; usable from next calendar day; ECOS load time unverified
2021-09-17,1.535,1.535,연%,1.535,연%,817Y002,010200000,국고채(3년),연%,817Y002,Korean 3-year Treasury yield (annual percent),2021-09-17T16:00:00+09:00,2021-09-18,KOFIA 16:00 KST source publication; usable from next calendar day; ECOS load time unverified
2021-09-23,1.558,1.558,연%,1.558,연%,817Y002,010200000,국고채(3년),연%,817Y002,Korean 3-year Treasury yield (annual percent),2021-09-23T16:00:00+09:00,2021-09-24,KOFIA 16:00 KST source publication; usable from next calendar day; ECOS load time unverified
2021-09-24,1.575,1.575,연%,1.575,연%,817Y002,010200000,국고채(3년),연%,817Y002,Korean 3-year Treasury yield (annual percent),2021-09-24T16:00:00+09:00,2021-09-25,KOFIA 16:00 KST source publication; usable from next calendar day; ECOS load time unverified
2021-09-27,1.566,1.566,연%,1.566,연%,817Y002,010200000,국고채(3년),연%,817Y002,Korean 3-year Treasury yield (annual percent),2021-09-27T16:00:00+09:00,2021-09-28,KOFIA 16:00 KST source publication; usable from next calendar day; ECOS load time unverified
2021-09-28,1.609,1.609,연%,1.609,연%,817Y002,010200000,국고채(3년),연%,817Y002,Korean 3-year Treasury yield (annual percent),2021-09-28T16:00:00+09:00,2021-09-29,KOFIA 16:00 KST source publication; usable from next calendar day; ECOS load time unverified
2021-09-29,1.603,1.603,연%,1.603,연%,817Y002,010200000,국고채(3년),연%,817Y002,Korean 3-year Treasury yield (annual percent),2021-09-29T16:00:00+09:00,2021-09-30,KOFIA 16:00 KST source publication; usable from next calendar day; ECOS load time unverified
2021-09-30,1.593,1.593,연%,1.593,연%,817Y002,010200000,국고채(3년),연%,817Y002,Korean 3-year Treasury yield (annual percent),2021-09-30T16:00:00+09:00,2021-10-01,KOFIA 16:00 KST source publication; usable from next calendar day; ECOS load time unverified
2021-10-01,1.633,1.633,연%,1.633,연%,817Y002,010200000,국고채(3년),연%,817Y002,Korean 3-year Treasury yield (annual percent),2021-10-01T16:00:00+09:00,2021-10-02,KOFIA 16:00 KST source publication; usable from next calendar day; ECOS load time unverified
2021-10-05,1.65,1.65,연%,1.65,연%,817Y002,010200000,국고채(3년),연%,817Y002,Korean 3-year Treasury yield (annual percent),2021-10-05T16:00:00+09:00,2021-10-06,KOFIA 16:00 KST source publication; usable from next calendar day; ECOS load time unverified
2021-10-06,1.719,1.719,연%,1.719,연%,817Y002,010200000,국고채(3년),연%,817Y002,Korean 3-year Treasury yield (annual percent),2021-10-06T16:00:00+09:00,2021-10-07,KOFIA 16:00 KST source publication; usable from next calendar day; ECOS load time unverified
2021-10-07,1.704,1.704,연%,1.704,연%,817Y002,010200000,국고채(3년),연%,817Y002,Korean 3-year Treasury yield (annual percent),2021-10-07T16:00:00+09:00,2021-10-08,KOFIA 16:00 KST source publication; usable from next calendar day; ECOS load time unverified
2021-10-08,1.701,1.701,연%,1.701,연%,817Y002,010200000,국고채(3년),연%,817Y002,Korean 3-year Treasury yield (annual percent),2021-10-08T16:00:00+09:00,2021-10-09,KOFIA 16:00 KST source publication; usable from next calendar day; ECOS load time unverified
2021-10-12,1.815,1.815,연%,1.815,연%,817Y002,010200000,국고채(3년),연%,817Y002,Korean 3-year Treasury yield (annual percent),2021-10-12T16:00:00+09:00,2021-10-13,KOFIA 16:00 KST source publication; usable from next calendar day; ECOS load time unverified
2021-10-13,1.824,1.824,연%,1.824,연%,817Y002,010200000,국고채(3년),연%,817Y002,Korean 3-year Treasury yield (annual percent),2021-10-13T16:00:00+09:00,2021-10-14,KOFIA 16:00 KST source publication; usable from next calendar day; ECOS load time unverified
2021-10-14,1.813,1.813,연%,1.813,연%,817Y002,010200000,국고채(3년),연%,817Y002,Korean 3-year Treasury yield (annual percent),2021-10-14T16:00:00+09:00,2021-10-15,KOFIA 16:00 KST source publication; usable from next calendar day; ECOS load time unverified
2021-10-15,1.795,1.795,연%,1.795,연%,817Y002,010200000,국고채(3년),연%,817Y002,Korean 3-year Treasury yield (annual percent),2021-10-15T16:00:00+09:00,2021-10-16,KOFIA 16:00 KST source publication; usable from next calendar day; ECOS load time unverified
2021-10-18,1.875,1.875,연%,1.875,연%,817Y002,010200000,국고채(3년),연%,817Y002,Korean 3-year Treasury yield (annual percent),2021-10-18T16:00:00+09:00,2021-10-19,KOFIA 16:00 KST source publication; usable from next calendar day; ECOS load time unverified
2021-10-19,1.866,1.866,연%,1.866,연%,817Y002,010200000,국고채(3년),연%,817Y002,Korean 3-year Treasury yield (annual percent),2021-10-19T16:00:00+09:00,2021-10-20,KOFIA 16:00 KST source publication; usable from next calendar day; ECOS load time unverified
2021-10-20,1.847,1.847,연%,1.847,연%,817Y002,010200000,국고채(3년),연%,817Y002,Korean 3-year Treasury yield (annual percent),2021-10-20T16:00:00+09:00,2021-10-21,KOFIA 16:00 KST source publication; usable from next calendar day; ECOS load time unverified
2021-10-21,1.836,1.836,연%,1.836,연%,817Y002,010200000,국고채(3년),연%,817Y002,Korean 3-year Treasury yield (annual percent),2021-10-21T16:00:00+09:00,2021-10-22,KOFIA 16:00 KST source publication; usable from next calendar day; ECOS load time unverified
2021-10-22,1.889,1.889,연%,1.889,연%,817Y002,010200000,국고채(3년),연%,817Y002,Korean 3-year Treasury yield (annual percent),2021-10-22T16:00:00+09:00,2021-10-23,KOFIA 16:00 KST source publication; usable from next calendar day; ECOS load time unverified
2021-10-25,1.919,1.919,연%,1.919,연%,817Y002,010200000,국고채(3년),연%,817Y002,Korean 3-year Treasury yield (annual percent),2021-10-25T16:00:00+09:00,2021-10-26,KOFIA 16:00 KST source publication; usable from next calendar day; ECOS load time unverified
2021-10-26,1.947,1.947,연%,1.947,연%,817Y002,010200000,국고채(3년),연%,817Y002,Korean 3-year Treasury yield (annual percent),2021-10-26T16:00:00+09:00,2021-10-27,KOFIA 16:00 KST source publication; usable from next calendar day; ECOS load time unverified
2021-10-27,2.044,2.044,연%,2.044,연%,817Y002,010200000,국고채(3년),연%,817Y002,Korean 3-year Treasury yield (annual percent),2021-10-27T16:00:00+09:00,2021-10-28,KOFIA 16:00 KST source publication; usable from next calendar day; ECOS load time unverified
2021-10-28,2.017,2.017,연%,2.017,연%,817Y002,010200000,국고채(3년),연%,817Y002,Korean 3-year Treasury yield (annual percent),2021-10-28T16:00:00+09:00,2021-10-29,KOFIA 16:00 KST source publication; usable from next calendar day; ECOS load time unverified
2021-10-29,2.103,2.103,연%,2.103,연%,817Y002,010200000,국고채(3년),연%,817Y002,Korean 3-year Treasury yield (annual percent),2021-10-29T16:00:00+09:00,2021-10-30,KOFIA 16:00 KST source publication; usable from next calendar day; ECOS load time unverified
2021-11-01,2.108,2.108,연%,2.108,연%,817Y002,010200000,국고채(3년),연%,817Y002,Korean 3-year Treasury yield (annual percent),2021-11-01T16:00:00+09:00,2021-11-02,KOFIA 16:00 KST source publication; usable from next calendar day; ECOS load time unverified
2021-11-02,2.038,2.038,연%,2.038,연%,817Y002,010200000,국고채(3년),연%,817Y002,Korean 3-year Treasury yield (annual percent),2021-11-02T16:00:00+09:00,2021-11-03,KOFIA 16:00 KST source publication; usable from next calendar day; ECOS load time unverified
2021-11-03,2.036,2.036,연%,2.036,연%,817Y002,010200000,국고채(3년),연%,817Y002,Korean 3-year Treasury yield (annual percent),2021-11-03T16:00:00+09:00,2021-11-04,KOFIA 16:00 KST source publication; usable from next calendar day; ECOS load time unverified
2021-11-04,2.04,2.04,연%,2.04,연%,817Y002,010200000,국고채(3년),연%,817Y002,Korean 3-year Treasury yield (annual percent),2021-11-04T16:00:00+09:00,2021-11-05,KOFIA 16:00 KST source publication; usable from next calendar day; ECOS load time unverified
2021-11-05,1.944,1.944,연%,1.944,연%,817Y002,010200000,국고채(3년),연%,817Y002,Korean 3-year Treasury yield (annual percent),2021-11-05T16:00:00+09:00,2021-11-06,KOFIA 16:00 KST source publication; usable from next calendar day; ECOS load time unverified
2021-11-08,1.906,1.906,연%,1.906,연%,817Y002,010200000,국고채(3년),연%,817Y002,Korean 3-year Treasury yield (annual percent),2021-11-08T16:00:00+09:00,2021-11-09,KOFIA 16:00 KST source publication; usable from next calendar day; ECOS load time unverified
2021-11-09,1.865,1.865,연%,1.865,연%,817Y002,010200000,국고채(3년),연%,817Y002,Korean 3-year Treasury yield (annual percent),2021-11-09T16:00:00+09:00,2021-11-10,KOFIA 16:00 KST source publication; usable from next calendar day; ECOS load time unverified
2021-11-10,1.877,1.877,연%,1.877,연%,817Y002,010200000,국고채(3년),연%,817Y002,Korean 3-year Treasury yield (annual percent),2021-11-10T16:00:00+09:00,2021-11-11,KOFIA 16:00 KST source publication; usable from next calendar day; ECOS load time unverified
2021-11-11,1.913,1.913,연%,1.913,연%,817Y002,010200000,국고채(3년),연%,817Y002,Korean 3-year Treasury yield (annual percent),2021-11-11T16:00:00+09:00,2021-11-12,KOFIA 16:00 KST source publication; usable from next calendar day; ECOS load time unverified
2021-11-12,1.968,1.968,연%,1.968,연%,817Y002,010200000,국고채(3년),연%,817Y002,Korean 3-year Treasury yield (annual percent),2021-11-12T16:00:00+09:00,2021-11-13,KOFIA 16:00 KST source publication; usable from next calendar day; ECOS load time unverified
2021-11-15,1.912,1.912,연%,1.912,연%,817Y002,010200000,국고채(3년),연%,817Y002,Korean 3-year Treasury yield (annual percent),2021-11-15T16:00:00+09:00,2021-11-16,KOFIA 16:00 KST source publication; usable from next calendar day; ECOS load time unverified
2021-11-16,1.963,1.963,연%,1.963,연%,817Y002,010200000,국고채(3년),연%,817Y002,Korean 3-year Treasury yield (annual percent),2021-11-16T16:00:00+09:00,2021-11-17,KOFIA 16:00 KST source publication; usable from next calendar day; ECOS load time unverified
2021-11-17,1.974,1.974,연%,1.974,연%,817Y002,010200000,국고채(3년),연%,817Y002,Korean 3-year Treasury yield (annual percent),2021-11-17T16:00:00+09:00,2021-11-18,KOFIA 16:00 KST source publication; usable from next calendar day; ECOS load time unverified
2021-11-18,1.953,1.953,연%,1.953,연%,817Y002,010200000,국고채(3년),연%,817Y002,Korean 3-year Treasury yield (annual percent),2021-11-18T16:00:00+09:00,2021-11-19,KOFIA 16:00 KST source publication; usable from next calendar day; ECOS load time unverified
2021-11-19,1.966,1.966,연%,1.966,연%,817Y002,010200000,국고채(3년),연%,817Y002,Korean 3-year Treasury yield (annual percent),2021-11-19T16:00:00+09:00,2021-11-20,KOFIA 16:00 KST source publication; usable from next calendar day; ECOS load time unverified
2021-11-22,2.018,2.018,연%,2.018,연%,817Y002,010200000,국고채(3년),연%,817Y002,Korean 3-year Treasury yield (annual percent),2021-11-22T16:00:00+09:00,2021-11-23,KOFIA 16:00 KST source publication; usable from next calendar day; ECOS load time unverified
2021-11-23,2.031,2.031,연%,2.031,연%,817Y002,010200000,국고채(3년),연%,817Y002,Korean 3-year Treasury yield (annual percent),2021-11-23T16:00:00+09:00,2021-11-24,KOFIA 16:00 KST source publication; usable from next calendar day; ECOS load time unverified
2021-11-24,2.013,2.013,연%,2.013,연%,817Y002,010200000,국고채(3년),연%,817Y002,Korean 3-year Treasury yield (annual percent),2021-11-24T16:00:00+09:00,2021-11-25,KOFIA 16:00 KST source publication; usable from next calendar day; ECOS load time unverified
2021-11-25,1.933,1.933,연%,1.933,연%,817Y002,010200000,국고채(3년),연%,817Y002,Korean 3-year Treasury yield (annual percent),2021-11-25T16:00:00+09:00,2021-11-26,KOFIA 16:00 KST source publication; usable from next calendar day; ECOS load time unverified
2021-11-26,1.863,1.863,연%,1.863,연%,817Y002,010200000,국고채(3년),연%,817Y002,Korean 3-year Treasury yield (annual percent),2021-11-26T16:00:00+09:00,2021-11-27,KOFIA 16:00 KST source publication; usable from next calendar day; ECOS load time unverified
2021-11-29,1.844,1.844,연%,1.844,연%,817Y002,010200000,국고채(3년),연%,817Y002,Korean 3-year Treasury yield (annual percent),2021-11-29T16:00:00+09:00,2021-11-30,KOFIA 16:00 KST source publication; usable from next calendar day; ECOS load time unverified
2021-11-30,1.799,1.799,연%,1.799,연%,817Y002,010200000,국고채(3년),연%,817Y002,Korean 3-year Treasury yield (annual percent),2021-11-30T16:00:00+09:00,2021-12-01,KOFIA 16:00 KST source publication; usable from next calendar day; ECOS load time unverified
2021-12-01,1.813,1.813,연%,1.813,연%,817Y002,010200000,국고채(3년),연%,817Y002,Korean 3-year Treasury yield (annual percent),2021-12-01T16:00:00+09:00,2021-12-02,KOFIA 16:00 KST source publication; usable from next calendar day; ECOS load time unverified
2021-12-02,1.845,1.845,연%,1.845,연%,817Y002,010200000,국고채(3년),연%,817Y002,Korean 3-year Treasury yield (annual percent),2021-12-02T16:00:00+09:00,2021-12-03,KOFIA 16:00 KST source publication; usable from next calendar day; ECOS load time unverified
2021-12-03,1.9,1.9,연%,1.9,연%,817Y002,010200000,국고채(3년),연%,817Y002,Korean 3-year Treasury yield (annual percent),2021-12-03T16:00:00+09:00,2021-12-04,KOFIA 16:00 KST source publication; usable from next calendar day; ECOS load time unverified
2021-12-06,1.865,1.865,연%,1.865,연%,817Y002,010200000,국고채(3년),연%,817Y002,Korean 3-year Treasury yield (annual percent),2021-12-06T16:00:00+09:00,2021-12-07,KOFIA 16:00 KST source publication; usable from next calendar day; ECOS load time unverified
2021-12-07,1.872,1.872,연%,1.872,연%,817Y002,010200000,국고채(3년),연%,817Y002,Korean 3-year Treasury yield (annual percent),2021-12-07T16:00:00+09:00,2021-12-08,KOFIA 16:00 KST source publication; usable from next calendar day; ECOS load time unverified
2021-12-08,1.831,1.831,연%,1.831,연%,817Y002,010200000,국고채(3년),연%,817Y002,Korean 3-year Treasury yield (annual percent),2021-12-08T16:00:00+09:00,2021-12-09,KOFIA 16:00 KST source publication; usable from next calendar day; ECOS load time unverified
2021-12-09,1.794,1.794,연%,1.794,연%,817Y002,010200000,국고채(3년),연%,817Y002,Korean 3-year Treasury yield (annual percent),2021-12-09T16:00:00+09:00,2021-12-10,KOFIA 16:00 KST source publication; usable from next calendar day; ECOS load time unverified
2021-12-10,1.805,1.805,연%,1.805,연%,817Y002,010200000,국고채(3년),연%,817Y002,Korean 3-year Treasury yield (annual percent),2021-12-10T16:00:00+09:00,2021-12-11,KOFIA 16:00 KST source publication; usable from next calendar day; ECOS load time unverified
2021-12-13,1.79,1.79,연%,1.79,연%,817Y002,010200000,국고채(3년),연%,817Y002,Korean 3-year Treasury yield (annual percent),2021-12-13T16:00:00+09:00,2021-12-14,KOFIA 16:00 KST source publication; usable from next calendar day; ECOS load time unverified
2021-12-14,1.784,1.784,연%,1.784,연%,817Y002,010200000,국고채(3년),연%,817Y002,Korean 3-year Treasury yield (annual percent),2021-12-14T16:00:00+09:00,2021-12-15,KOFIA 16:00 KST source publication; usable from next calendar day; ECOS load time unverified
2021-12-15,1.808,1.808,연%,1.808,연%,817Y002,010200000,국고채(3년),연%,817Y002,Korean 3-year Treasury yield (annual percent),2021-12-15T16:00:00+09:00,2021-12-16,KOFIA 16:00 KST source publication; usable from next calendar day; ECOS load time unverified
2021-12-16,1.766,1.766,연%,1.766,연%,817Y002,010200000,국고채(3년),연%,817Y002,Korean 3-year Treasury yield (annual percent),2021-12-16T16:00:00+09:00,2021-12-17,KOFIA 16:00 KST source publication; usable from next calendar day; ECOS load time unverified
2021-12-17,1.767,1.767,연%,1.767,연%,817Y002,010200000,국고채(3년),연%,817Y002,Korean 3-year Treasury yield (annual percent),2021-12-17T16:00:00+09:00,2021-12-18,KOFIA 16:00 KST source publication; usable from next calendar day; ECOS load time unverified
2021-12-20,1.74,1.74,연%,1.74,연%,817Y002,010200000,국고채(3년),연%,817Y002,Korean 3-year Treasury yield (annual percent),2021-12-20T16:00:00+09:00,2021-12-21,KOFIA 16:00 KST source publication; usable from next calendar day; ECOS load time unverified
2021-12-21,1.72,1.72,연%,1.72,연%,817Y002,010200000,국고채(3년),연%,817Y002,Korean 3-year Treasury yield (annual percent),2021-12-21T16:00:00+09:00,2021-12-22,KOFIA 16:00 KST source publication; usable from next calendar day; ECOS load time unverified
2021-12-22,1.757,1.757,연%,1.757,연%,817Y002,010200000,국고채(3년),연%,817Y002,Korean 3-year Treasury yield (annual percent),2021-12-22T16:00:00+09:00,2021-12-23,KOFIA 16:00 KST source publication; usable from next calendar day; ECOS load time unverified
2021-12-23,1.805,1.805,연%,1.805,연%,817Y002,010200000,국고채(3년),연%,817Y002,Korean 3-year Treasury yield (annual percent),2021-12-23T16:00:00+09:00,2021-12-24,KOFIA 16:00 KST source publication; usable from next calendar day; ECOS load time unverified
2021-12-24,1.798,1.798,연%,1.798,연%,817Y002,010200000,국고채(3년),연%,817Y002,Korean 3-year Treasury yield (annual percent),2021-12-24T16:00:00+09:00,2021-12-25,KOFIA 16:00 KST source publication; usable from next calendar day; ECOS load time unverified
2021-12-27,1.776,1.776,연%,1.776,연%,817Y002,010200000,국고채(3년),연%,817Y002,Korean 3-year Treasury yield (annual percent),2021-12-27T16:00:00+09:00,2021-12-28,KOFIA 16:00 KST source publication; usable from next calendar day; ECOS load time unverified
2021-12-28,1.786,1.786,연%,1.786,연%,817Y002,010200000,국고채(3년),연%,817Y002,Korean 3-year Treasury yield (annual percent),2021-12-28T16:00:00+09:00,2021-12-29,KOFIA 16:00 KST source publication; usable from next calendar day; ECOS load time unverified
2021-12-29,1.783,1.783,연%,1.783,연%,817Y002,010200000,국고채(3년),연%,817Y002,Korean 3-year Treasury yield (annual percent),2021-12-29T16:00:00+09:00,2021-12-30,KOFIA 16:00 KST source publication; usable from next calendar day; ECOS load time unverified
2021-12-30,1.799,1.799,연%,1.799,연%,817Y002,010200000,국고채(3년),연%,817Y002,Korean 3-year Treasury yield (annual percent),2021-12-30T16:00:00+09:00,2021-12-31,KOFIA 16:00 KST source publication; usable from next calendar day; ECOS load time unverified
2021-12-31,1.798,1.798,연%,1.798,연%,817Y002,010200000,국고채(3년),연%,817Y002,Korean 3-year Treasury yield (annual percent),2021-12-31T16:00:00+09:00,2022-01-01,KOFIA 16:00 KST source publication; usable from next calendar day; ECOS load time unverified
